cycle_id,subject_id,pathology_label,equipment,age_years,crackle,wheeze,fold,p_crackle,p_wheeze,pred_4class,true_4class,age_group
ICB_03174_000,ICB_106,copd,3M Littmann Classic II SE,73.0,1,0,0,0.23280105,0.59803504,0,1,adulto
ICB_03174_001,ICB_106,copd,3M Littmann Classic II SE,73.0,1,0,0,0.10827859,0.08607783,0,1,adulto
ICB_03174_002,ICB_106,copd,3M Littmann Classic II SE,73.0,0,0,0,0.12566715,0.649424,0,0,adulto
ICB_03174_003,ICB_106,copd,3M Littmann Classic II SE,73.0,1,0,0,0.09110134,0.67162216,0,1,adulto
ICB_03174_004,ICB_106,copd,3M Littmann Classic II SE,73.0,1,0,0,0.42170343,0.46141455,0,1,adulto
ICB_03174_005,ICB_106,copd,3M Littmann Classic II SE,73.0,1,0,0,0.24391434,0.890491,2,1,adulto
ICB_03174_006,ICB_106,copd,3M Littmann Classic II SE,73.0,1,0,0,0.17881301,0.1591197,0,1,adulto
ICB_03174_007,ICB_106,copd,3M Littmann Classic II SE,73.0,1,0,0,0.33857504,0.11957766,0,1,adulto
ICB_03174_008,ICB_106,copd,3M Littmann Classic II SE,73.0,1,0,0,0.4058497,0.86424977,2,1,adulto
ICB_03175_000,ICB_106,copd,3M Littmann Classic II SE,73.0,0,1,0,0.47884184,0.67494816,0,2,adulto
ICB_03175_001,ICB_106,copd,3M Littmann Classic II SE,73.0,0,1,0,0.5758658,0.3791188,0,2,adulto
ICB_03175_002,ICB_106,copd,3M Littmann Classic II SE,73.0,0,0,0,0.14032738,0.3775278,0,0,adulto
ICB_03175_003,ICB_106,copd,3M Littmann Classic II SE,73.0,0,1,0,0.38055345,0.8454563,2,2,adulto
ICB_03175_004,ICB_106,copd,3M Littmann Classic II SE,73.0,0,1,0,0.22391413,0.756445,2,2,adulto
ICB_03175_005,ICB_106,copd,3M Littmann Classic II SE,73.0,0,1,0,0.41230446,0.95700836,2,2,adulto
ICB_03175_006,ICB_106,copd,3M Littmann Classic II SE,73.0,0,1,0,0.45585108,0.64890504,0,2,adulto
ICB_03175_007,ICB_106,copd,3M Littmann Classic II SE,73.0,0,1,0,0.20734312,0.65212893,0,2,adulto
ICB_03175_008,ICB_106,copd,3M Littmann Classic II SE,73.0,0,0,0,0.32501626,0.59639305,0,0,adulto
ICB_03234_000,ICB_115,respiratory_infection,3M Littmann Classic II SE,0.58,0,0,0,0.07685127,0.021436125,0,0,pediátrico (<18)
ICB_03234_001,ICB_115,respiratory_infection,3M Littmann Classic II SE,0.58,0,0,0,0.1335324,0.29184952,0,0,pediátrico (<18)
ICB_03234_002,ICB_115,respiratory_infection,3M Littmann Classic II SE,0.58,0,0,0,0.146743,0.21022461,0,0,pediátrico (<18)
ICB_03234_003,ICB_115,respiratory_infection,3M Littmann Classic II SE,0.58,0,0,0,0.05748391,0.14321075,0,0,pediátrico (<18)
ICB_03234_004,ICB_115,respiratory_infection,3M Littmann Classic II SE,0.58,0,0,0,0.47962177,0.2930179,0,0,pediátrico (<18)
ICB_03234_005,ICB_115,respiratory_infection,3M Littmann Classic II SE,0.58,0,0,0,0.2130622,0.5121364,0,0,pediátrico (<18)
ICB_03234_006,ICB_115,respiratory_infection,3M Littmann Classic II SE,0.58,0,0,0,0.15651463,0.47216564,0,0,pediátrico (<18)
ICB_03234_007,ICB_115,respiratory_infection,3M Littmann Classic II SE,0.58,0,0,0,0.1244777,0.11681177,0,0,pediátrico (<18)
ICB_03234_008,ICB_115,respiratory_infection,3M Littmann Classic II SE,0.58,0,0,0,0.15257043,0.22099142,0,0,pediátrico (<18)
ICB_03234_009,ICB_115,respiratory_infection,3M Littmann Classic II SE,0.58,0,0,0,0.029446097,0.11050152,0,0,pediátrico (<18)
ICB_03234_010,ICB_115,respiratory_infection,3M Littmann Classic II SE,0.58,0,0,0,0.10349356,0.27811083,0,0,pediátrico (<18)
ICB_03234_011,ICB_115,respiratory_infection,3M Littmann Classic II SE,0.58,0,0,0,0.12968038,0.10854213,0,0,pediátrico (<18)
ICB_03234_012,ICB_115,respiratory_infection,3M Littmann Classic II SE,0.58,0,1,0,0.36821854,0.5082274,0,2,pediátrico (<18)
ICB_03234_013,ICB_115,respiratory_infection,3M Littmann Classic II SE,0.58,0,0,0,0.29254302,0.34517673,0,0,pediátrico (<18)
ICB_03234_014,ICB_115,respiratory_infection,3M Littmann Classic II SE,0.58,0,0,0,0.17065224,0.19284903,0,0,pediátrico (<18)
ICB_03234_015,ICB_115,respiratory_infection,3M Littmann Classic II SE,0.58,0,0,0,0.20269968,0.13044293,0,0,pediátrico (<18)
ICB_03234_016,ICB_115,respiratory_infection,3M Littmann Classic II SE,0.58,0,0,0,0.16890399,0.29246742,0,0,pediátrico (<18)
ICB_03234_017,ICB_115,respiratory_infection,3M Littmann Classic II SE,0.58,0,0,0,0.31284395,0.15019508,0,0,pediátrico (<18)
ICB_03234_018,ICB_115,respiratory_infection,3M Littmann Classic II SE,0.58,0,0,0,0.10366703,0.27605623,0,0,pediátrico (<18)
ICB_03234_019,ICB_115,respiratory_infection,3M Littmann Classic II SE,0.58,0,0,0,0.06815132,0.27044085,0,0,pediátrico (<18)
ICB_03234_020,ICB_115,respiratory_infection,3M Littmann Classic II SE,0.58,0,0,0,0.0474445,0.02817908,0,0,pediátrico (<18)
ICB_03234_021,ICB_115,respiratory_infection,3M Littmann Classic II SE,0.58,0,0,0,0.025349837,0.3236591,0,0,pediátrico (<18)
ICB_03234_022,ICB_115,respiratory_infection,3M Littmann Classic II SE,0.58,0,0,0,0.05942349,0.22519344,0,0,pediátrico (<18)
ICB_03234_023,ICB_115,respiratory_infection,3M Littmann Classic II SE,0.58,0,0,0,0.030044265,0.21564734,0,0,pediátrico (<18)
ICB_03235_000,ICB_116,bronchiectasis,3M Littmann Classic II SE,56.0,0,0,0,0.6973361,0.2423595,1,0,adulto
ICB_03235_001,ICB_116,bronchiectasis,3M Littmann Classic II SE,56.0,0,1,0,0.45498323,0.75464004,2,2,adulto
ICB_03235_002,ICB_116,bronchiectasis,3M Littmann Classic II SE,56.0,0,1,0,0.36831522,0.7812294,2,2,adulto
ICB_03235_003,ICB_116,bronchiectasis,3M Littmann Classic II SE,56.0,0,0,0,0.71025145,0.7888022,3,0,adulto
ICB_03236_000,ICB_116,bronchiectasis,3M Littmann Classic II SE,56.0,0,0,0,0.635353,0.36597592,0,0,adulto
ICB_03236_001,ICB_116,bronchiectasis,3M Littmann Classic II SE,56.0,0,0,0,0.33212385,0.35681117,0,0,adulto
ICB_03236_002,ICB_116,bronchiectasis,3M Littmann Classic II SE,56.0,0,0,0,0.3964022,0.17147405,0,0,adulto
ICB_03236_003,ICB_116,bronchiectasis,3M Littmann Classic II SE,56.0,0,0,0,0.1434868,0.0946311,0,0,adulto
ICB_03237_000,ICB_117,copd,3M Littmann Classic II SE,68.0,0,0,0,0.51469064,0.12674989,0,0,adulto
ICB_03237_001,ICB_117,copd,3M Littmann Classic II SE,68.0,0,0,0,0.38750657,0.16132687,0,0,adulto
ICB_03237_002,ICB_117,copd,3M Littmann Classic II SE,68.0,0,0,0,0.28491873,0.22719881,0,0,adulto
ICB_03237_003,ICB_117,copd,3M Littmann Classic II SE,68.0,0,0,0,0.28635794,0.22764307,0,0,adulto
ICB_03237_004,ICB_117,copd,3M Littmann Classic II SE,68.0,0,0,0,0.51264954,0.21490331,0,0,adulto
ICB_03237_005,ICB_117,copd,3M Littmann Classic II SE,68.0,0,0,0,0.13802835,0.11878407,0,0,adulto
ICB_03237_006,ICB_117,copd,3M Littmann Classic II SE,68.0,0,0,0,0.012355415,0.0006789649,0,0,adulto
ICB_03238_000,ICB_117,copd,3M Littmann Classic II SE,68.0,0,1,0,0.3403509,0.3621235,0,2,adulto
ICB_03238_001,ICB_117,copd,3M Littmann Classic II SE,68.0,0,1,0,0.51703566,0.17830408,0,2,adulto
ICB_03238_002,ICB_117,copd,3M Littmann Classic II SE,68.0,0,1,0,0.3568051,0.080410235,0,2,adulto
ICB_03238_003,ICB_117,copd,3M Littmann Classic II SE,68.0,0,1,0,0.33408633,0.19799952,0,2,adulto
ICB_03238_004,ICB_117,copd,3M Littmann Classic II SE,68.0,0,1,0,0.31350842,0.12192041,0,2,adulto
ICB_03273_000,ICB_129,respiratory_infection,3M Littmann Classic II SE,6.0,0,0,0,0.6456987,0.5051444,0,0,pediátrico (<18)
ICB_03273_001,ICB_129,respiratory_infection,3M Littmann Classic II SE,6.0,1,0,0,0.512123,0.1519754,0,1,pediátrico (<18)
ICB_03273_002,ICB_129,respiratory_infection,3M Littmann Classic II SE,6.0,0,0,0,0.57453084,0.14364909,0,0,pediátrico (<18)
ICB_03273_003,ICB_129,respiratory_infection,3M Littmann Classic II SE,6.0,1,0,0,0.80636907,0.18009624,1,1,pediátrico (<18)
ICB_03273_004,ICB_129,respiratory_infection,3M Littmann Classic II SE,6.0,1,0,0,0.39938965,0.22731808,0,1,pediátrico (<18)
ICB_03273_005,ICB_129,respiratory_infection,3M Littmann Classic II SE,6.0,1,0,0,0.5098233,0.10138936,0,1,pediátrico (<18)
ICB_03273_006,ICB_129,respiratory_infection,3M Littmann Classic II SE,6.0,1,0,0,0.616749,0.062115178,0,1,pediátrico (<18)
ICB_03273_007,ICB_129,respiratory_infection,3M Littmann Classic II SE,6.0,0,0,0,0.57560086,0.24420308,0,0,pediátrico (<18)
ICB_03273_008,ICB_129,respiratory_infection,3M Littmann Classic II SE,6.0,0,0,0,0.80356133,0.51491773,1,0,pediátrico (<18)
ICB_03380_000,ICB_136,normal_lung,AKG C417L Microphone,5.0,0,0,0,0.26785484,0.3121913,0,0,pediátrico (<18)
ICB_03380_001,ICB_136,normal_lung,AKG C417L Microphone,5.0,0,0,0,0.2903875,0.30279762,0,0,pediátrico (<18)
ICB_03380_002,ICB_136,normal_lung,AKG C417L Microphone,5.0,0,0,0,0.397389,0.23163255,0,0,pediátrico (<18)
ICB_03380_003,ICB_136,normal_lung,AKG C417L Microphone,5.0,0,0,0,0.18461432,0.0425477,0,0,pediátrico (<18)
ICB_03380_004,ICB_136,normal_lung,AKG C417L Microphone,5.0,0,0,0,0.51340634,0.13229185,0,0,pediátrico (<18)
ICB_03380_005,ICB_136,normal_lung,AKG C417L Microphone,5.0,0,0,0,0.72256994,0.13507906,1,0,pediátrico (<18)
ICB_03380_006,ICB_136,normal_lung,AKG C417L Microphone,5.0,0,0,0,0.23160625,0.17009671,0,0,pediátrico (<18)
ICB_03380_007,ICB_136,normal_lung,AKG C417L Microphone,5.0,0,0,0,0.46936902,0.12665364,0,0,pediátrico (<18)
ICB_03380_008,ICB_136,normal_lung,AKG C417L Microphone,5.0,0,0,0,0.47143462,0.07617706,0,0,pediátrico (<18)
ICB_03381_000,ICB_137,respiratory_infection,3M Littmann Classic II SE,4.0,0,0,0,0.67271274,0.23186116,1,0,pediátrico (<18)
ICB_03381_001,ICB_137,respiratory_infection,3M Littmann Classic II SE,4.0,0,0,0,0.47780824,0.018654067,0,0,pediátrico (<18)
ICB_03381_002,ICB_137,respiratory_infection,3M Littmann Classic II SE,4.0,0,0,0,0.27839118,0.0014538032,0,0,pediátrico (<18)
ICB_03381_003,ICB_137,respiratory_infection,3M Littmann Classic II SE,4.0,0,0,0,0.77715033,0.016804859,1,0,pediátrico (<18)
ICB_03381_004,ICB_137,respiratory_infection,3M Littmann Classic II SE,4.0,0,0,0,0.74891454,0.09720102,1,0,pediátrico (<18)
ICB_03381_005,ICB_137,respiratory_infection,3M Littmann Classic II SE,4.0,0,0,0,0.6999846,0.7446263,1,0,pediátrico (<18)
ICB_03381_006,ICB_137,respiratory_infection,3M Littmann Classic II SE,4.0,0,0,0,0.68705755,0.16487455,1,0,pediátrico (<18)
ICB_03381_007,ICB_137,respiratory_infection,3M Littmann Classic II SE,4.0,0,0,0,0.52055043,0.025843596,0,0,pediátrico (<18)
ICB_03382_000,ICB_137,respiratory_infection,3M Littmann Classic II SE,4.0,0,0,0,0.4833241,0.33574525,0,0,pediátrico (<18)
ICB_03382_001,ICB_137,respiratory_infection,3M Littmann Classic II SE,4.0,0,0,0,0.69142854,0.60942113,1,0,pediátrico (<18)
ICB_03382_002,ICB_137,respiratory_infection,3M Littmann Classic II SE,4.0,0,0,0,0.66025156,0.51397973,1,0,pediátrico (<18)
ICB_03382_003,ICB_137,respiratory_infection,3M Littmann Classic II SE,4.0,0,0,0,0.48735014,0.41011617,0,0,pediátrico (<18)
ICB_03382_004,ICB_137,respiratory_infection,3M Littmann Classic II SE,4.0,0,0,0,0.58477086,0.07377757,0,0,pediátrico (<18)
ICB_03382_005,ICB_137,respiratory_infection,3M Littmann Classic II SE,4.0,0,0,0,0.37014362,0.078972,0,0,pediátrico (<18)
ICB_03382_006,ICB_137,respiratory_infection,3M Littmann Classic II SE,4.0,0,0,0,0.39021242,0.31960723,0,0,pediátrico (<18)
ICB_03382_007,ICB_137,respiratory_infection,3M Littmann Classic II SE,4.0,0,0,0,0.6093452,0.11803332,0,0,pediátrico (<18)
ICB_03382_008,ICB_137,respiratory_infection,3M Littmann Classic II SE,4.0,0,0,0,0.5124745,0.047920715,0,0,pediátrico (<18)
ICB_03410_000,ICB_139,copd,3M Littmann 3200 Electronic,61.0,0,0,0,0.120221555,0.5455081,0,0,adulto
ICB_03410_001,ICB_139,copd,3M Littmann 3200 Electronic,61.0,0,0,0,0.012197982,0.67565006,0,0,adulto
ICB_03410_002,ICB_139,copd,3M Littmann 3200 Electronic,61.0,0,0,0,0.036889087,0.66580033,0,0,adulto
ICB_03410_003,ICB_139,copd,3M Littmann 3200 Electronic,61.0,0,0,0,0.021145994,0.7501201,2,0,adulto
ICB_03410_004,ICB_139,copd,3M Littmann 3200 Electronic,61.0,0,0,0,0.019144423,0.7199752,0,0,adulto
ICB_03410_005,ICB_139,copd,3M Littmann 3200 Electronic,61.0,0,0,0,0.012198476,0.5007694,0,0,adulto
ICB_03410_006,ICB_139,copd,3M Littmann 3200 Electronic,61.0,0,0,0,0.13758406,0.62479573,0,0,adulto
ICB_03410_007,ICB_139,copd,3M Littmann 3200 Electronic,61.0,0,0,0,0.02354773,0.3879917,0,0,adulto
ICB_03410_008,ICB_139,copd,3M Littmann 3200 Electronic,61.0,0,0,0,0.03869639,0.13374561,0,0,adulto
ICB_03410_009,ICB_139,copd,3M Littmann 3200 Electronic,61.0,0,0,0,0.03967326,0.757852,2,0,adulto
ICB_03411_000,ICB_139,copd,3M Littmann 3200 Electronic,61.0,0,0,0,0.38770354,0.5415683,0,0,adulto
ICB_03411_001,ICB_139,copd,3M Littmann 3200 Electronic,61.0,0,0,0,0.15934142,0.82054627,2,0,adulto
ICB_03411_002,ICB_139,copd,3M Littmann 3200 Electronic,61.0,0,0,0,0.077440426,0.29681784,0,0,adulto
ICB_03411_003,ICB_139,copd,3M Littmann 3200 Electronic,61.0,0,0,0,0.01935141,0.69470185,0,0,adulto
ICB_03411_004,ICB_139,copd,3M Littmann 3200 Electronic,61.0,0,0,0,0.039643142,0.33316022,0,0,adulto
ICB_03411_005,ICB_139,copd,3M Littmann 3200 Electronic,61.0,0,0,0,0.048605982,0.33546123,0,0,adulto
ICB_03411_006,ICB_139,copd,3M Littmann 3200 Electronic,61.0,0,0,0,0.0732024,0.49827328,0,0,adulto
ICB_03411_007,ICB_139,copd,3M Littmann 3200 Electronic,61.0,0,0,0,0.19640781,0.1941293,0,0,adulto
ICB_03411_008,ICB_139,copd,3M Littmann 3200 Electronic,61.0,0,0,0,0.1998677,0.6899004,0,0,adulto
ICB_03412_000,ICB_139,copd,3M Littmann 3200 Electronic,61.0,1,1,0,0.2670604,0.85012186,2,3,adulto
ICB_03412_001,ICB_139,copd,3M Littmann 3200 Electronic,61.0,0,0,0,0.18981673,0.3030112,0,0,adulto
ICB_03412_002,ICB_139,copd,3M Littmann 3200 Electronic,61.0,0,0,0,0.1113323,0.2896266,0,0,adulto
ICB_03412_003,ICB_139,copd,3M Littmann 3200 Electronic,61.0,0,0,0,0.01417749,0.5269456,0,0,adulto
ICB_03412_004,ICB_139,copd,3M Littmann 3200 Electronic,61.0,0,0,0,0.19803385,0.5993673,0,0,adulto
ICB_03412_005,ICB_139,copd,3M Littmann 3200 Electronic,61.0,0,0,0,0.110912174,0.5978381,0,0,adulto
ICB_03412_006,ICB_139,copd,3M Littmann 3200 Electronic,61.0,0,0,0,0.060968798,0.1895155,0,0,adulto
ICB_03412_007,ICB_139,copd,3M Littmann 3200 Electronic,61.0,0,0,0,0.051743876,0.29020825,0,0,adulto
ICB_03413_000,ICB_139,copd,3M Littmann 3200 Electronic,61.0,0,0,0,0.068038546,0.720751,0,0,adulto
ICB_03413_001,ICB_139,copd,3M Littmann 3200 Electronic,61.0,1,0,0,0.053821143,0.43031275,0,1,adulto
ICB_03413_002,ICB_139,copd,3M Littmann 3200 Electronic,61.0,1,0,0,0.08853179,0.41418374,0,1,adulto
ICB_03413_003,ICB_139,copd,3M Littmann 3200 Electronic,61.0,1,0,0,0.23395024,0.5615269,0,1,adulto
ICB_03413_004,ICB_139,copd,3M Littmann 3200 Electronic,61.0,0,0,0,0.052739993,0.33698294,0,0,adulto
ICB_03413_005,ICB_139,copd,3M Littmann 3200 Electronic,61.0,0,0,0,0.015591028,0.36238873,0,0,adulto
ICB_03414_000,ICB_139,copd,3M Littmann 3200 Electronic,61.0,0,1,0,0.04896632,0.9034097,2,2,adulto
ICB_03414_001,ICB_139,copd,3M Littmann 3200 Electronic,61.0,0,1,0,0.06267866,0.22141078,0,2,adulto
ICB_03414_002,ICB_139,copd,3M Littmann 3200 Electronic,61.0,0,1,0,0.09642371,0.5582908,0,2,adulto
ICB_03414_003,ICB_139,copd,3M Littmann 3200 Electronic,61.0,0,0,0,0.120935254,0.69295084,0,0,adulto
ICB_03414_004,ICB_139,copd,3M Littmann 3200 Electronic,61.0,0,0,0,0.11441568,0.59787816,0,0,adulto
ICB_03414_005,ICB_139,copd,3M Littmann 3200 Electronic,61.0,0,0,0,0.22194307,0.2791711,0,0,adulto
ICB_03415_000,ICB_139,copd,3M Littmann 3200 Electronic,61.0,0,0,0,0.09390869,0.9776419,2,0,adulto
ICB_03415_001,ICB_139,copd,3M Littmann 3200 Electronic,61.0,0,0,0,0.07354752,0.86979586,2,0,adulto
ICB_03415_002,ICB_139,copd,3M Littmann 3200 Electronic,61.0,0,1,0,0.06250944,0.88365626,2,2,adulto
ICB_03415_003,ICB_139,copd,3M Littmann 3200 Electronic,61.0,0,1,0,0.06710921,0.95526826,2,2,adulto
ICB_03415_004,ICB_139,copd,3M Littmann 3200 Electronic,61.0,0,1,0,0.03271427,0.91843635,2,2,adulto
ICB_03415_005,ICB_139,copd,3M Littmann 3200 Electronic,61.0,0,1,0,0.070092894,0.59303355,0,2,adulto
ICB_03415_006,ICB_139,copd,3M Littmann 3200 Electronic,61.0,0,0,0,0.061386343,0.33614826,0,0,adulto
ICB_03430_000,ICB_144,normal_lung,AKG C417L Microphone,3.0,0,0,0,0.05606742,0.006458096,0,0,pediátrico (<18)
ICB_03430_001,ICB_144,normal_lung,AKG C417L Microphone,3.0,0,0,0,0.06743919,0.019094408,0,0,pediátrico (<18)
ICB_03430_002,ICB_144,normal_lung,AKG C417L Microphone,3.0,0,0,0,0.044242766,0.020615842,0,0,pediátrico (<18)
ICB_03430_003,ICB_144,normal_lung,AKG C417L Microphone,3.0,0,0,0,0.25078037,0.070863046,0,0,pediátrico (<18)
ICB_03430_004,ICB_144,normal_lung,AKG C417L Microphone,3.0,0,0,0,0.22771782,0.104733676,0,0,pediátrico (<18)
ICB_03430_005,ICB_144,normal_lung,AKG C417L Microphone,3.0,0,0,0,0.1938377,0.07987393,0,0,pediátrico (<18)
ICB_03430_006,ICB_144,normal_lung,AKG C417L Microphone,3.0,0,0,0,0.11649451,0.06953775,0,0,pediátrico (<18)
ICB_03430_007,ICB_144,normal_lung,AKG C417L Microphone,3.0,0,0,0,0.20833133,0.012111136,0,0,pediátrico (<18)
ICB_03430_008,ICB_144,normal_lung,AKG C417L Microphone,3.0,0,0,0,0.074167386,0.02201193,0,0,pediátrico (<18)
ICB_03430_009,ICB_144,normal_lung,AKG C417L Microphone,3.0,0,0,0,0.36682722,0.26741934,0,0,pediátrico (<18)
ICB_03431_000,ICB_144,normal_lung,AKG C417L Microphone,3.0,0,0,0,3.3981642e-09,2.0138197e-07,0,0,pediátrico (<18)
ICB_03431_001,ICB_144,normal_lung,AKG C417L Microphone,3.0,0,0,0,0.059974127,0.6278884,0,0,pediátrico (<18)
ICB_03431_002,ICB_144,normal_lung,AKG C417L Microphone,3.0,0,0,0,0.18004228,0.07796316,0,0,pediátrico (<18)
ICB_03431_003,ICB_144,normal_lung,AKG C417L Microphone,3.0,0,0,0,0.16378985,0.049187202,0,0,pediátrico (<18)
ICB_03431_004,ICB_144,normal_lung,AKG C417L Microphone,3.0,0,0,0,0.48220727,0.23799236,0,0,pediátrico (<18)
ICB_03431_005,ICB_144,normal_lung,AKG C417L Microphone,3.0,0,0,0,0.23594488,0.30555096,0,0,pediátrico (<18)
ICB_03431_006,ICB_144,normal_lung,AKG C417L Microphone,3.0,0,0,0,0.24591208,0.32496208,0,0,pediátrico (<18)
ICB_03431_007,ICB_144,normal_lung,AKG C417L Microphone,3.0,0,0,0,0.37256137,0.17648946,0,0,pediátrico (<18)
ICB_03431_008,ICB_144,normal_lung,AKG C417L Microphone,3.0,0,0,0,0.17694677,0.20396887,0,0,pediátrico (<18)
ICB_03431_009,ICB_144,normal_lung,AKG C417L Microphone,3.0,0,0,0,0.27039796,0.08642698,0,0,pediátrico (<18)
ICB_03432_000,ICB_145,copd,AKG C417L Microphone,69.0,0,0,0,0.67957443,0.30225888,1,0,adulto
ICB_03432_001,ICB_145,copd,AKG C417L Microphone,69.0,0,0,0,0.55701494,0.5992042,0,0,adulto
ICB_03432_002,ICB_145,copd,AKG C417L Microphone,69.0,0,0,0,0.6309726,0.25737512,0,0,adulto
ICB_03432_003,ICB_145,copd,AKG C417L Microphone,69.0,0,0,0,0.8900295,0.3883347,1,0,adulto
ICB_03432_004,ICB_145,copd,AKG C417L Microphone,69.0,0,0,0,0.4947384,0.46764705,0,0,adulto
ICB_03433_000,ICB_145,copd,AKG C417L Microphone,69.0,1,0,0,0.62106395,0.5655041,0,1,adulto
ICB_03433_001,ICB_145,copd,AKG C417L Microphone,69.0,0,0,0,0.6580702,0.38388193,1,0,adulto
ICB_03433_002,ICB_145,copd,AKG C417L Microphone,69.0,1,0,0,0.8052052,0.527393,1,1,adulto
ICB_03433_003,ICB_145,copd,AKG C417L Microphone,69.0,1,0,0,0.7045727,0.1599377,1,1,adulto
ICB_03433_004,ICB_145,copd,AKG C417L Microphone,69.0,0,0,0,0.63969815,0.3533039,0,0,adulto
ICB_03434_000,ICB_145,copd,AKG C417L Microphone,69.0,0,0,0,0.7746039,0.36366865,1,0,adulto
ICB_03434_001,ICB_145,copd,AKG C417L Microphone,69.0,0,0,0,0.64743876,0.41356474,0,0,adulto
ICB_03434_002,ICB_145,copd,AKG C417L Microphone,69.0,0,0,0,0.5240613,0.3835345,0,0,adulto
ICB_03434_003,ICB_145,copd,AKG C417L Microphone,69.0,0,0,0,0.67987394,0.3165641,1,0,adulto
ICB_03434_004,ICB_145,copd,AKG C417L Microphone,69.0,0,0,0,0.5312356,0.40283364,0,0,adulto
ICB_03435_000,ICB_145,copd,AKG C417L Microphone,69.0,0,0,0,0.82182485,0.17597541,1,0,adulto
ICB_03435_001,ICB_145,copd,AKG C417L Microphone,69.0,0,0,0,0.849351,0.2755993,1,0,adulto
ICB_03435_002,ICB_145,copd,AKG C417L Microphone,69.0,0,0,0,0.7479556,0.1609661,1,0,adulto
ICB_03435_003,ICB_145,copd,AKG C417L Microphone,69.0,0,0,0,0.77785754,0.47554252,1,0,adulto
ICB_03435_004,ICB_145,copd,AKG C417L Microphone,69.0,0,0,0,0.7906376,0.15734789,1,0,adulto
ICB_03436_000,ICB_145,copd,AKG C417L Microphone,69.0,0,0,0,0.7949098,0.23784272,1,0,adulto
ICB_03436_001,ICB_145,copd,AKG C417L Microphone,69.0,0,0,0,0.86302394,0.39445055,1,0,adulto
ICB_03436_002,ICB_145,copd,AKG C417L Microphone,69.0,0,0,0,0.76142716,0.12561055,1,0,adulto
ICB_03436_003,ICB_145,copd,AKG C417L Microphone,69.0,0,0,0,0.76345026,0.30673212,1,0,adulto
ICB_03436_004,ICB_145,copd,AKG C417L Microphone,69.0,0,0,0,0.7347048,0.27689612,1,0,adulto
ICB_03436_005,ICB_145,copd,AKG C417L Microphone,69.0,0,0,0,0.81940085,0.54818046,1,0,adulto
ICB_03437_000,ICB_145,copd,AKG C417L Microphone,69.0,1,0,0,0.5121043,0.45514587,0,1,adulto
ICB_03437_001,ICB_145,copd,AKG C417L Microphone,69.0,1,0,0,0.5322206,0.20042038,0,1,adulto
ICB_03437_002,ICB_145,copd,AKG C417L Microphone,69.0,1,0,0,0.7229587,0.29096925,1,1,adulto
ICB_03437_003,ICB_145,copd,AKG C417L Microphone,69.0,1,0,0,0.6711919,0.24473362,1,1,adulto
ICB_03437_004,ICB_145,copd,AKG C417L Microphone,69.0,1,0,0,0.3973772,0.27801695,0,1,adulto
ICB_03437_005,ICB_145,copd,AKG C417L Microphone,69.0,1,0,0,0.31533554,0.17958765,0,1,adulto
ICB_03438_000,ICB_145,copd,AKG C417L Microphone,69.0,0,0,0,0.8426564,0.28183138,1,0,adulto
ICB_03438_001,ICB_145,copd,AKG C417L Microphone,69.0,0,0,0,0.78065413,0.4709708,1,0,adulto
ICB_03438_002,ICB_145,copd,AKG C417L Microphone,69.0,0,0,0,0.85732186,0.23405981,1,0,adulto
ICB_03438_003,ICB_145,copd,AKG C417L Microphone,69.0,0,0,0,0.88561785,0.31696457,1,0,adulto
ICB_03438_004,ICB_145,copd,AKG C417L Microphone,69.0,0,0,0,0.72070235,0.32537588,1,0,adulto
ICB_03439_000,ICB_146,copd,AKG C417L Microphone,67.0,0,0,0,0.5918091,0.42379686,0,0,adulto
ICB_03439_001,ICB_146,copd,AKG C417L Microphone,67.0,0,0,0,0.81983745,0.08509082,1,0,adulto
ICB_03439_002,ICB_146,copd,AKG C417L Microphone,67.0,1,1,0,0.60739213,0.12773019,0,3,adulto
ICB_03439_003,ICB_146,copd,AKG C417L Microphone,67.0,1,1,0,0.7638495,0.17612009,1,3,adulto
ICB_03439_004,ICB_146,copd,AKG C417L Microphone,67.0,1,1,0,0.721922,0.6853223,1,3,adulto
ICB_03440_000,ICB_146,copd,AKG C417L Microphone,67.0,0,0,0,0.6038773,0.14527445,0,0,adulto
ICB_03440_001,ICB_146,copd,AKG C417L Microphone,67.0,0,0,0,0.6205082,0.12625435,0,0,adulto
ICB_03440_002,ICB_146,copd,AKG C417L Microphone,67.0,0,0,0,0.7051832,0.3218615,1,0,adulto
ICB_03440_003,ICB_146,copd,AKG C417L Microphone,67.0,0,0,0,0.6064011,0.15544403,0,0,adulto
ICB_03440_004,ICB_146,copd,AKG C417L Microphone,67.0,0,0,0,0.72994524,0.5036306,1,0,adulto
ICB_03440_005,ICB_146,copd,AKG C417L Microphone,67.0,0,0,0,0.69486094,0.27157524,1,0,adulto
ICB_03441_000,ICB_146,copd,AKG C417L Microphone,67.0,0,0,0,0.5409598,0.077270396,0,0,adulto
ICB_03441_001,ICB_146,copd,AKG C417L Microphone,67.0,0,0,0,0.69113624,0.20020437,1,0,adulto
ICB_03441_002,ICB_146,copd,AKG C417L Microphone,67.0,0,0,0,0.7079658,0.056006897,1,0,adulto
ICB_03441_003,ICB_146,copd,AKG C417L Microphone,67.0,0,0,0,0.68385017,0.01965544,1,0,adulto
ICB_03441_004,ICB_146,copd,AKG C417L Microphone,67.0,0,0,0,0.77387893,0.37608743,1,0,adulto
ICB_03441_005,ICB_146,copd,AKG C417L Microphone,67.0,0,0,0,0.51411384,0.54477805,0,0,adulto
ICB_03442_000,ICB_146,copd,AKG C417L Microphone,67.0,0,0,0,0.74995756,0.22423562,1,0,adulto
ICB_03442_001,ICB_146,copd,AKG C417L Microphone,67.0,0,0,0,0.28192046,0.19906144,0,0,adulto
ICB_03442_002,ICB_146,copd,AKG C417L Microphone,67.0,0,0,0,0.8094717,0.63460326,1,0,adulto
ICB_03442_003,ICB_146,copd,AKG C417L Microphone,67.0,0,0,0,0.6069949,0.4842994,0,0,adulto
ICB_03442_004,ICB_146,copd,AKG C417L Microphone,67.0,0,0,0,0.8674312,0.75850725,3,0,adulto
ICB_03442_005,ICB_146,copd,AKG C417L Microphone,67.0,0,0,0,0.6988565,0.48459294,1,0,adulto
ICB_03443_000,ICB_146,copd,AKG C417L Microphone,67.0,0,0,0,0.66197246,0.23845541,1,0,adulto
ICB_03443_001,ICB_146,copd,AKG C417L Microphone,67.0,0,0,0,0.6667009,0.18695162,1,0,adulto
ICB_03443_002,ICB_146,copd,AKG C417L Microphone,67.0,0,0,0,0.56136245,0.20824753,0,0,adulto
ICB_03443_003,ICB_146,copd,AKG C417L Microphone,67.0,0,0,0,0.7848784,0.2682284,1,0,adulto
ICB_03443_004,ICB_146,copd,AKG C417L Microphone,67.0,0,0,0,0.50774896,0.21243352,0,0,adulto
ICB_03443_005,ICB_146,copd,AKG C417L Microphone,67.0,0,0,0,0.5047668,0.32056043,0,0,adulto
ICB_03444_000,ICB_146,copd,AKG C417L Microphone,67.0,0,0,0,0.8322365,0.07241121,1,0,adulto
ICB_03444_001,ICB_146,copd,AKG C417L Microphone,67.0,0,0,0,0.7121952,0.21927747,1,0,adulto
ICB_03444_002,ICB_146,copd,AKG C417L Microphone,67.0,0,0,0,0.8797184,0.045958407,1,0,adulto
ICB_03444_003,ICB_146,copd,AKG C417L Microphone,67.0,0,0,0,0.66775405,0.18580091,1,0,adulto
ICB_03444_004,ICB_146,copd,AKG C417L Microphone,67.0,0,0,0,0.8256773,0.079827495,1,0,adulto
ICB_03444_005,ICB_146,copd,AKG C417L Microphone,67.0,0,0,0,0.65345985,0.11164168,1,0,adulto
ICB_03445_000,ICB_146,copd,AKG C417L Microphone,67.0,0,0,0,0.3486843,0.17789562,0,0,adulto
ICB_03445_001,ICB_146,copd,AKG C417L Microphone,67.0,0,0,0,0.39977285,0.7720468,2,0,adulto
ICB_03445_002,ICB_146,copd,AKG C417L Microphone,67.0,0,0,0,0.50749904,0.83554375,2,0,adulto
ICB_03445_003,ICB_146,copd,AKG C417L Microphone,67.0,0,0,0,0.17487997,0.73543894,0,0,adulto
ICB_03445_004,ICB_146,copd,AKG C417L Microphone,67.0,0,0,0,0.6114043,0.72327226,0,0,adulto
ICB_03445_005,ICB_146,copd,AKG C417L Microphone,67.0,0,0,0,0.7162972,0.5343138,1,0,adulto
ICB_03445_006,ICB_146,copd,AKG C417L Microphone,67.0,0,0,0,0.7017121,0.79577833,3,0,adulto
ICB_03445_007,ICB_146,copd,AKG C417L Microphone,67.0,0,0,0,0.34666392,0.8016062,2,0,adulto
ICB_03445_008,ICB_146,copd,AKG C417L Microphone,67.0,0,0,0,0.29608428,0.45647827,0,0,adulto
ICB_03446_000,ICB_146,copd,AKG C417L Microphone,67.0,0,0,0,0.7142507,0.2159421,1,0,adulto
ICB_03446_001,ICB_146,copd,AKG C417L Microphone,67.0,1,0,0,0.63739735,0.38257653,0,1,adulto
ICB_03446_002,ICB_146,copd,AKG C417L Microphone,67.0,1,0,0,0.60475534,0.4708955,0,1,adulto
ICB_03446_003,ICB_146,copd,AKG C417L Microphone,67.0,1,0,0,0.5462597,0.6898206,0,1,adulto
ICB_03446_004,ICB_146,copd,AKG C417L Microphone,67.0,1,0,0,0.60262233,0.08199067,0,1,adulto
ICB_03446_005,ICB_146,copd,AKG C417L Microphone,67.0,1,0,0,0.49661922,0.5130178,0,1,adulto
ICB_03446_006,ICB_146,copd,AKG C417L Microphone,67.0,1,0,0,0.44825035,0.1555324,0,1,adulto
ICB_03446_007,ICB_146,copd,AKG C417L Microphone,67.0,0,0,0,0.61058396,0.6718774,0,0,adulto
ICB_03446_008,ICB_146,copd,AKG C417L Microphone,67.0,0,0,0,0.5845805,0.16184561,0,0,adulto
ICB_03447_000,ICB_146,copd,AKG C417L Microphone,67.0,0,0,0,0.25510082,0.20949017,0,0,adulto
ICB_03447_001,ICB_146,copd,AKG C417L Microphone,67.0,0,1,0,0.67994785,0.24564345,1,2,adulto
ICB_03447_002,ICB_146,copd,AKG C417L Microphone,67.0,0,1,0,0.7789771,0.7665971,3,2,adulto
ICB_03447_003,ICB_146,copd,AKG C417L Microphone,67.0,0,1,0,0.36545733,0.27876332,0,2,adulto
ICB_03447_004,ICB_146,copd,AKG C417L Microphone,67.0,0,1,0,0.72949505,0.38080835,1,2,adulto
ICB_03447_005,ICB_146,copd,AKG C417L Microphone,67.0,0,1,0,0.68342775,0.4048934,1,2,adulto
ICB_03447_006,ICB_146,copd,AKG C417L Microphone,67.0,0,1,0,0.2154574,0.3585692,0,2,adulto
ICB_03447_007,ICB_146,copd,AKG C417L Microphone,67.0,0,1,0,0.49863,0.3025823,0,2,adulto
ICB_03447_008,ICB_146,copd,AKG C417L Microphone,67.0,0,1,0,0.24943854,0.32054937,0,2,adulto
ICB_03448_000,ICB_146,copd,AKG C417L Microphone,67.0,0,0,0,0.10580754,0.48372924,0,0,adulto
ICB_03448_001,ICB_146,copd,AKG C417L Microphone,67.0,0,0,0,0.7980769,0.30397487,1,0,adulto
ICB_03448_002,ICB_146,copd,AKG C417L Microphone,67.0,0,0,0,0.26604447,0.9862807,2,0,adulto
ICB_03448_003,ICB_146,copd,AKG C417L Microphone,67.0,0,0,0,0.60519856,0.4382862,0,0,adulto
ICB_03448_004,ICB_146,copd,AKG C417L Microphone,67.0,0,0,0,0.5753169,0.66185176,0,0,adulto
ICB_03448_005,ICB_146,copd,AKG C417L Microphone,67.0,0,0,0,0.6500228,0.8622935,3,0,adulto
ICB_03448_006,ICB_146,copd,AKG C417L Microphone,67.0,0,0,0,0.557929,0.6591788,0,0,adulto
ICB_03448_007,ICB_146,copd,AKG C417L Microphone,67.0,0,0,0,0.5573605,0.27892452,0,0,adulto
ICB_03448_008,ICB_146,copd,AKG C417L Microphone,67.0,0,0,0,0.17597269,0.26904318,0,0,adulto
ICB_03449_000,ICB_146,copd,AKG C417L Microphone,67.0,0,0,0,0.7350515,0.55860114,1,0,adulto
ICB_03449_001,ICB_146,copd,AKG C417L Microphone,67.0,0,0,0,0.80032027,0.09105315,1,0,adulto
ICB_03449_002,ICB_146,copd,AKG C417L Microphone,67.0,0,0,0,0.5895596,0.027083673,0,0,adulto
ICB_03449_003,ICB_146,copd,AKG C417L Microphone,67.0,0,0,0,0.48996782,0.08449969,0,0,adulto
ICB_03449_004,ICB_146,copd,AKG C417L Microphone,67.0,0,0,0,0.6855318,0.22242053,1,0,adulto
ICB_03449_005,ICB_146,copd,AKG C417L Microphone,67.0,0,0,0,0.6483273,0.23289852,0,0,adulto
ICB_03449_006,ICB_146,copd,AKG C417L Microphone,67.0,0,0,0,0.6067991,0.064570926,0,0,adulto
ICB_03449_007,ICB_146,copd,AKG C417L Microphone,67.0,0,0,0,0.59806603,0.08695191,0,0,adulto
ICB_03449_008,ICB_146,copd,AKG C417L Microphone,67.0,0,0,0,0.50359744,0.31226042,0,0,adulto
ICB_03648_000,ICB_168,bronchiectasis,3M Littmann Classic II SE,19.0,0,0,0,0.7165668,0.41509357,1,0,adulto
ICB_03648_001,ICB_168,bronchiectasis,3M Littmann Classic II SE,19.0,0,0,0,0.80024064,0.24311669,1,0,adulto
ICB_03648_002,ICB_168,bronchiectasis,3M Littmann Classic II SE,19.0,0,0,0,0.6742823,0.30989903,1,0,adulto
ICB_03648_003,ICB_168,bronchiectasis,3M Littmann Classic II SE,19.0,0,0,0,0.8367329,0.28627643,1,0,adulto
ICB_03648_004,ICB_168,bronchiectasis,3M Littmann Classic II SE,19.0,0,0,0,0.6468912,0.3716262,0,0,adulto
ICB_03648_005,ICB_168,bronchiectasis,3M Littmann Classic II SE,19.0,0,0,0,0.6896383,0.113465026,1,0,adulto
ICB_03648_006,ICB_168,bronchiectasis,3M Littmann Classic II SE,19.0,0,0,0,0.75408626,0.16261867,1,0,adulto
ICB_03651_000,ICB_170,copd,AKG C417L Microphone,79.0,0,0,0,0.7705313,0.17392266,1,0,adulto
ICB_03651_001,ICB_170,copd,AKG C417L Microphone,79.0,0,0,0,0.6173989,0.1711558,0,0,adulto
ICB_03651_002,ICB_170,copd,AKG C417L Microphone,79.0,0,0,0,0.73054063,0.19465601,1,0,adulto
ICB_03651_003,ICB_170,copd,AKG C417L Microphone,79.0,0,0,0,0.62434405,0.16409868,0,0,adulto
ICB_03651_004,ICB_170,copd,AKG C417L Microphone,79.0,0,0,0,0.5889668,0.13315687,0,0,adulto
ICB_03652_000,ICB_170,copd,AKG C417L Microphone,79.0,0,0,0,0.4791497,0.36107758,0,0,adulto
ICB_03652_001,ICB_170,copd,AKG C417L Microphone,79.0,0,0,0,0.55821383,0.40151167,0,0,adulto
ICB_03652_002,ICB_170,copd,AKG C417L Microphone,79.0,0,0,0,0.48766077,0.12085362,0,0,adulto
ICB_03652_003,ICB_170,copd,AKG C417L Microphone,79.0,0,0,0,0.53280324,0.533572,0,0,adulto
ICB_03652_004,ICB_170,copd,AKG C417L Microphone,79.0,0,0,0,0.55649906,0.11072247,0,0,adulto
ICB_03653_000,ICB_170,copd,AKG C417L Microphone,79.0,0,0,0,0.35529774,0.08104064,0,0,adulto
ICB_03653_001,ICB_170,copd,AKG C417L Microphone,79.0,0,0,0,0.597982,0.117814735,0,0,adulto
ICB_03653_002,ICB_170,copd,AKG C417L Microphone,79.0,0,0,0,0.4714763,0.11981965,0,0,adulto
ICB_03653_003,ICB_170,copd,AKG C417L Microphone,79.0,0,0,0,0.5518121,0.17822005,0,0,adulto
ICB_03653_004,ICB_170,copd,AKG C417L Microphone,79.0,0,0,0,0.37235725,0.11279142,0,0,adulto
ICB_03654_000,ICB_170,copd,AKG C417L Microphone,79.0,1,0,0,0.55556035,0.3341007,0,1,adulto
ICB_03654_001,ICB_170,copd,AKG C417L Microphone,79.0,1,0,0,0.6156402,0.17186967,0,1,adulto
ICB_03654_002,ICB_170,copd,AKG C417L Microphone,79.0,1,0,0,0.4088477,0.5873705,0,1,adulto
ICB_03654_003,ICB_170,copd,AKG C417L Microphone,79.0,1,0,0,0.56988114,0.360658,0,1,adulto
ICB_03654_004,ICB_170,copd,AKG C417L Microphone,79.0,0,0,0,0.34176916,0.087406375,0,0,adulto
ICB_03655_000,ICB_170,copd,AKG C417L Microphone,79.0,0,0,0,0.23337078,0.15207934,0,0,adulto
ICB_03655_001,ICB_170,copd,AKG C417L Microphone,79.0,0,0,0,0.24690935,0.12773351,0,0,adulto
ICB_03655_002,ICB_170,copd,AKG C417L Microphone,79.0,0,0,0,0.37092623,0.09053642,0,0,adulto
ICB_03655_003,ICB_170,copd,AKG C417L Microphone,79.0,0,0,0,0.33899513,0.20046195,0,0,adulto
ICB_03655_004,ICB_170,copd,AKG C417L Microphone,79.0,0,0,0,0.04924463,0.05159915,0,0,adulto
ICB_03656_000,ICB_170,copd,AKG C417L Microphone,79.0,0,0,0,0.38287237,0.1076868,0,0,adulto
ICB_03656_001,ICB_170,copd,AKG C417L Microphone,79.0,0,0,0,0.36456534,0.07725929,0,0,adulto
ICB_03656_002,ICB_170,copd,AKG C417L Microphone,79.0,0,0,0,0.34450525,0.2139441,0,0,adulto
ICB_03656_003,ICB_170,copd,AKG C417L Microphone,79.0,0,0,0,0.1428381,0.085911065,0,0,adulto
ICB_03656_004,ICB_170,copd,AKG C417L Microphone,79.0,0,0,0,0.6053267,0.048616085,0,0,adulto
ICB_03657_000,ICB_170,copd,AKG C417L Microphone,79.0,0,0,0,0.49497357,0.22753432,0,0,adulto
ICB_03657_001,ICB_170,copd,AKG C417L Microphone,79.0,0,0,0,0.5544711,0.2812878,0,0,adulto
ICB_03657_002,ICB_170,copd,AKG C417L Microphone,79.0,0,0,0,0.4257805,0.23755796,0,0,adulto
ICB_03657_003,ICB_170,copd,AKG C417L Microphone,79.0,0,0,0,0.67954636,0.20319551,1,0,adulto
ICB_03657_004,ICB_170,copd,AKG C417L Microphone,79.0,0,0,0,0.656196,0.103096515,1,0,adulto
ICB_03657_005,ICB_170,copd,AKG C417L Microphone,79.0,0,0,0,0.64534307,0.21111307,0,0,adulto
ICB_03658_000,ICB_170,copd,AKG C417L Microphone,79.0,0,0,0,0.7773651,0.81311464,3,0,adulto
ICB_03658_001,ICB_170,copd,AKG C417L Microphone,79.0,0,0,0,0.4518306,0.15304264,0,0,adulto
ICB_03658_002,ICB_170,copd,AKG C417L Microphone,79.0,0,0,0,0.56481326,0.25445694,0,0,adulto
ICB_03658_003,ICB_170,copd,AKG C417L Microphone,79.0,0,0,0,0.62592775,0.27074978,0,0,adulto
ICB_03658_004,ICB_170,copd,AKG C417L Microphone,79.0,0,0,0,0.3532719,0.11493835,0,0,adulto
ICB_03658_005,ICB_170,copd,AKG C417L Microphone,79.0,0,0,0,0.5441878,0.30358726,0,0,adulto
ICB_03659_000,ICB_170,copd,AKG C417L Microphone,79.0,0,0,0,0.78335524,0.2538578,1,0,adulto
ICB_03659_001,ICB_170,copd,AKG C417L Microphone,79.0,0,0,0,0.8788531,0.28360075,1,0,adulto
ICB_03659_002,ICB_170,copd,AKG C417L Microphone,79.0,0,0,0,0.6795799,0.21639198,1,0,adulto
ICB_03659_003,ICB_170,copd,AKG C417L Microphone,79.0,0,0,0,0.7162555,0.20441532,1,0,adulto
ICB_03659_004,ICB_170,copd,AKG C417L Microphone,79.0,0,0,0,0.66656107,0.29053155,1,0,adulto
ICB_03659_005,ICB_170,copd,AKG C417L Microphone,79.0,0,0,0,0.80871904,0.19408101,1,0,adulto
ICB_03660_000,ICB_170,copd,AKG C417L Microphone,79.0,0,0,0,0.5157507,0.1629386,0,0,adulto
ICB_03660_001,ICB_170,copd,AKG C417L Microphone,79.0,0,0,0,0.3549441,0.1832388,0,0,adulto
ICB_03660_002,ICB_170,copd,AKG C417L Microphone,79.0,0,0,0,0.46831584,0.3141007,0,0,adulto
ICB_03660_003,ICB_170,copd,AKG C417L Microphone,79.0,1,0,0,0.64702386,0.28258827,0,1,adulto
ICB_03660_004,ICB_170,copd,AKG C417L Microphone,79.0,0,0,0,0.35395372,0.11050082,0,0,adulto
ICB_03660_005,ICB_170,copd,AKG C417L Microphone,79.0,0,0,0,0.443463,0.12609386,0,0,adulto
ICB_03661_000,ICB_170,copd,AKG C417L Microphone,79.0,1,0,0,0.17854331,0.22116967,0,1,adulto
ICB_03661_001,ICB_170,copd,AKG C417L Microphone,79.0,1,0,0,0.37051755,0.07084919,0,1,adulto
ICB_03661_002,ICB_170,copd,AKG C417L Microphone,79.0,1,0,0,0.5214469,0.29094225,0,1,adulto
ICB_03661_003,ICB_170,copd,AKG C417L Microphone,79.0,1,0,0,0.3895183,0.19336751,0,1,adulto
ICB_03661_004,ICB_170,copd,AKG C417L Microphone,79.0,1,0,0,0.45742893,0.3599294,0,1,adulto
ICB_03661_005,ICB_170,copd,AKG C417L Microphone,79.0,1,0,0,0.47618422,0.15005367,0,1,adulto
ICB_03662_000,ICB_170,copd,AKG C417L Microphone,79.0,1,0,0,0.21937898,0.25892398,0,1,adulto
ICB_03662_001,ICB_170,copd,AKG C417L Microphone,79.0,0,0,0,0.4852465,0.11010659,0,0,adulto
ICB_03662_002,ICB_170,copd,AKG C417L Microphone,79.0,0,0,0,0.24893619,0.20068245,0,0,adulto
ICB_03662_003,ICB_170,copd,AKG C417L Microphone,79.0,0,0,0,0.3788177,0.13609032,0,0,adulto
ICB_03662_004,ICB_170,copd,AKG C417L Microphone,79.0,0,0,0,0.26863047,0.13222618,0,0,adulto
ICB_03662_005,ICB_170,copd,AKG C417L Microphone,79.0,0,0,0,0.55203223,0.566433,0,0,adulto
ICB_03663_000,ICB_170,copd,AKG C417L Microphone,79.0,0,0,0,0.1182146,0.18942572,0,0,adulto
ICB_03663_001,ICB_170,copd,AKG C417L Microphone,79.0,0,0,0,0.10584835,0.12949641,0,0,adulto
ICB_03663_002,ICB_170,copd,AKG C417L Microphone,79.0,0,0,0,0.23547181,0.43847924,0,0,adulto
ICB_03663_003,ICB_170,copd,AKG C417L Microphone,79.0,0,0,0,0.22530602,0.14649676,0,0,adulto
ICB_03663_004,ICB_170,copd,AKG C417L Microphone,79.0,0,0,0,0.3003039,0.06183167,0,0,adulto
ICB_03663_005,ICB_170,copd,AKG C417L Microphone,79.0,0,0,0,0.50348026,0.17639613,0,0,adulto
ICB_03664_000,ICB_170,copd,AKG C417L Microphone,79.0,0,0,0,0.52573735,0.4615156,0,0,adulto
ICB_03664_001,ICB_170,copd,AKG C417L Microphone,79.0,0,0,0,0.54803395,0.21420717,0,0,adulto
ICB_03664_002,ICB_170,copd,AKG C417L Microphone,79.0,0,0,0,0.39372623,0.4025303,0,0,adulto
ICB_03664_003,ICB_170,copd,AKG C417L Microphone,79.0,0,0,0,0.6091047,0.17247628,0,0,adulto
ICB_03664_004,ICB_170,copd,AKG C417L Microphone,79.0,0,0,0,0.65052444,0.41186368,1,0,adulto
ICB_03664_005,ICB_170,copd,AKG C417L Microphone,79.0,0,0,0,0.53841305,0.16540901,0,0,adulto
ICB_03665_000,ICB_170,copd,AKG C417L Microphone,79.0,1,0,0,0.51208955,0.35240474,0,1,adulto
ICB_03665_001,ICB_170,copd,AKG C417L Microphone,79.0,1,1,0,0.5249207,0.20780386,0,3,adulto
ICB_03665_002,ICB_170,copd,AKG C417L Microphone,79.0,1,1,0,0.5285465,0.27731746,0,3,adulto
ICB_03665_003,ICB_170,copd,AKG C417L Microphone,79.0,1,1,0,0.5851126,0.50817686,0,3,adulto
ICB_03665_004,ICB_170,copd,AKG C417L Microphone,79.0,0,1,0,0.6618295,0.21802874,1,2,adulto
ICB_03665_005,ICB_170,copd,AKG C417L Microphone,79.0,1,1,0,0.4631909,0.40618676,0,3,adulto
ICB_03666_000,ICB_170,copd,AKG C417L Microphone,79.0,0,0,0,0.23168798,0.1435558,0,0,adulto
ICB_03666_001,ICB_170,copd,AKG C417L Microphone,79.0,0,0,0,0.6525762,0.19940218,1,0,adulto
ICB_03666_002,ICB_170,copd,AKG C417L Microphone,79.0,0,0,0,0.4030306,0.13796869,0,0,adulto
ICB_03666_003,ICB_170,copd,AKG C417L Microphone,79.0,0,0,0,0.5688746,0.27106565,0,0,adulto
ICB_03666_004,ICB_170,copd,AKG C417L Microphone,79.0,0,0,0,0.81052244,0.13708481,1,0,adulto
ICB_03666_005,ICB_170,copd,AKG C417L Microphone,79.0,0,0,0,0.65733254,0.17840506,1,0,adulto
ICB_03667_000,ICB_170,copd,AKG C417L Microphone,79.0,1,0,0,0.5176218,0.29313755,0,1,adulto
ICB_03667_001,ICB_170,copd,AKG C417L Microphone,79.0,1,0,0,0.3415783,0.13299361,0,1,adulto
ICB_03667_002,ICB_170,copd,AKG C417L Microphone,79.0,1,0,0,0.4738629,0.20099194,0,1,adulto
ICB_03667_003,ICB_170,copd,AKG C417L Microphone,79.0,1,0,0,0.502613,0.2063724,0,1,adulto
ICB_03667_004,ICB_170,copd,AKG C417L Microphone,79.0,1,0,0,0.6077122,0.1340905,0,1,adulto
ICB_03667_005,ICB_170,copd,AKG C417L Microphone,79.0,1,0,0,0.41964027,0.09462274,0,1,adulto
ICB_03668_000,ICB_170,copd,AKG C417L Microphone,79.0,0,0,0,0.45210165,0.19723488,0,0,adulto
ICB_03668_001,ICB_170,copd,AKG C417L Microphone,79.0,1,0,0,0.54070663,0.12494313,0,1,adulto
ICB_03668_002,ICB_170,copd,AKG C417L Microphone,79.0,0,0,0,0.25340706,0.19899745,0,0,adulto
ICB_03668_003,ICB_170,copd,AKG C417L Microphone,79.0,0,0,0,0.69234353,0.13202572,1,0,adulto
ICB_03668_004,ICB_170,copd,AKG C417L Microphone,79.0,1,0,0,0.41850182,0.31398404,0,1,adulto
ICB_03668_005,ICB_170,copd,AKG C417L Microphone,79.0,0,0,0,0.19793773,0.31856233,0,0,adulto
ICB_03669_000,ICB_170,copd,AKG C417L Microphone,79.0,0,0,0,0.28855142,0.28791058,0,0,adulto
ICB_03669_001,ICB_170,copd,AKG C417L Microphone,79.0,0,0,0,0.560669,0.06909712,0,0,adulto
ICB_03669_002,ICB_170,copd,AKG C417L Microphone,79.0,0,0,0,0.45888114,0.07546447,0,0,adulto
ICB_03669_003,ICB_170,copd,AKG C417L Microphone,79.0,0,0,0,0.47446728,0.14512141,0,0,adulto
ICB_03669_004,ICB_170,copd,AKG C417L Microphone,79.0,0,0,0,0.25818396,0.12562256,0,0,adulto
ICB_03669_005,ICB_170,copd,AKG C417L Microphone,79.0,0,0,0,0.1929981,0.10881879,0,0,adulto
ICB_03670_000,ICB_170,copd,AKG C417L Microphone,79.0,0,0,0,0.40339673,0.14580414,0,0,adulto
ICB_03670_001,ICB_170,copd,AKG C417L Microphone,79.0,0,0,0,0.6139111,0.43028063,0,0,adulto
ICB_03670_002,ICB_170,copd,AKG C417L Microphone,79.0,0,0,0,0.6193362,0.6826862,0,0,adulto
ICB_03670_003,ICB_170,copd,AKG C417L Microphone,79.0,0,0,0,0.5278776,0.6061771,0,0,adulto
ICB_03670_004,ICB_170,copd,AKG C417L Microphone,79.0,0,0,0,0.44317725,0.11374326,0,0,adulto
ICB_03670_005,ICB_170,copd,AKG C417L Microphone,79.0,0,0,0,0.5150857,0.17188114,0,0,adulto
ICB_03670_006,ICB_170,copd,AKG C417L Microphone,79.0,0,0,0,0.062606364,0.01418777,0,0,adulto
ICB_03671_000,ICB_170,copd,AKG C417L Microphone,79.0,0,0,0,0.5030055,0.10324904,0,0,adulto
ICB_03671_001,ICB_170,copd,AKG C417L Microphone,79.0,1,0,0,0.5879748,0.5939531,0,1,adulto
ICB_03671_002,ICB_170,copd,AKG C417L Microphone,79.0,1,0,0,0.5761369,0.24836884,0,1,adulto
ICB_03671_003,ICB_170,copd,AKG C417L Microphone,79.0,1,0,0,0.6097479,0.20012356,0,1,adulto
ICB_03671_004,ICB_170,copd,AKG C417L Microphone,79.0,0,0,0,0.5668819,0.23191807,0,0,adulto
ICB_03671_005,ICB_170,copd,AKG C417L Microphone,79.0,0,0,0,0.36477256,0.2852457,0,0,adulto
ICB_03671_006,ICB_170,copd,AKG C417L Microphone,79.0,0,0,0,0.30857942,0.25769362,0,0,adulto
ICB_03672_000,ICB_170,copd,AKG C417L Microphone,79.0,0,0,0,0.5139001,0.10087084,0,0,adulto
ICB_03672_001,ICB_170,copd,AKG C417L Microphone,79.0,0,0,0,0.6837412,0.29530016,1,0,adulto
ICB_03672_002,ICB_170,copd,AKG C417L Microphone,79.0,0,0,0,0.6383848,0.30902442,0,0,adulto
ICB_03672_003,ICB_170,copd,AKG C417L Microphone,79.0,0,0,0,0.55209947,0.16681615,0,0,adulto
ICB_03672_004,ICB_170,copd,AKG C417L Microphone,79.0,0,0,0,0.6884154,0.07938488,1,0,adulto
ICB_03672_005,ICB_170,copd,AKG C417L Microphone,79.0,0,0,0,0.6895945,0.25940344,1,0,adulto
ICB_03672_006,ICB_170,copd,AKG C417L Microphone,79.0,0,0,0,0.49702376,0.22991975,0,0,adulto
ICB_03673_000,ICB_170,copd,AKG C417L Microphone,79.0,0,0,0,0.60401803,0.5552526,0,0,adulto
ICB_03673_001,ICB_170,copd,AKG C417L Microphone,79.0,0,0,0,0.6926382,0.1183485,1,0,adulto
ICB_03673_002,ICB_170,copd,AKG C417L Microphone,79.0,0,0,0,0.5444677,0.6269276,0,0,adulto
ICB_03673_003,ICB_170,copd,AKG C417L Microphone,79.0,0,0,0,0.5649895,0.14068067,0,0,adulto
ICB_03673_004,ICB_170,copd,AKG C417L Microphone,79.0,0,0,0,0.56337684,0.23549572,0,0,adulto
ICB_03673_005,ICB_170,copd,AKG C417L Microphone,79.0,0,0,0,0.6772696,0.18124487,1,0,adulto
ICB_03673_006,ICB_170,copd,AKG C417L Microphone,79.0,0,0,0,0.4157168,0.3021491,0,0,adulto
ICB_03674_000,ICB_170,copd,AKG C417L Microphone,79.0,0,0,0,0.383538,0.5489558,0,0,adulto
ICB_03674_001,ICB_170,copd,AKG C417L Microphone,79.0,0,0,0,0.23275046,0.06741634,0,0,adulto
ICB_03674_002,ICB_170,copd,AKG C417L Microphone,79.0,0,0,0,0.6445781,0.060540486,0,0,adulto
ICB_03674_003,ICB_170,copd,AKG C417L Microphone,79.0,0,0,0,0.5210153,0.32680854,0,0,adulto
ICB_03674_004,ICB_170,copd,AKG C417L Microphone,79.0,0,0,0,0.4846796,0.083487354,0,0,adulto
ICB_03674_005,ICB_170,copd,AKG C417L Microphone,79.0,0,0,0,0.30316997,0.119801275,0,0,adulto
ICB_03674_006,ICB_170,copd,AKG C417L Microphone,79.0,0,0,0,0.15118863,0.26968965,0,0,adulto
ICB_03675_000,ICB_170,copd,AKG C417L Microphone,79.0,0,0,0,0.5645043,0.52346444,0,0,adulto
ICB_03675_001,ICB_170,copd,AKG C417L Microphone,79.0,0,0,0,0.31648913,0.1098826,0,0,adulto
ICB_03675_002,ICB_170,copd,AKG C417L Microphone,79.0,0,0,0,0.21158305,0.3842561,0,0,adulto
ICB_03675_003,ICB_170,copd,AKG C417L Microphone,79.0,0,0,0,0.18126525,0.15792027,0,0,adulto
ICB_03675_004,ICB_170,copd,AKG C417L Microphone,79.0,0,0,0,0.19222413,0.1843922,0,0,adulto
ICB_03675_005,ICB_170,copd,AKG C417L Microphone,79.0,0,1,0,0.43369415,0.15885073,0,2,adulto
ICB_03675_006,ICB_170,copd,AKG C417L Microphone,79.0,0,0,0,0.038724214,0.2530389,0,0,adulto
ICB_03676_000,ICB_171,normal_lung,AKG C417L Microphone,9.0,0,0,0,0.2753902,0.25534064,0,0,pediátrico (<18)
ICB_03676_001,ICB_171,normal_lung,AKG C417L Microphone,9.0,0,0,0,0.5287454,0.6276836,0,0,pediátrico (<18)
ICB_03676_002,ICB_171,normal_lung,AKG C417L Microphone,9.0,0,0,0,0.823542,0.4314475,1,0,pediátrico (<18)
ICB_03676_003,ICB_171,normal_lung,AKG C417L Microphone,9.0,0,0,0,0.49022004,0.08030494,0,0,pediátrico (<18)
ICB_03676_004,ICB_171,normal_lung,AKG C417L Microphone,9.0,0,0,0,0.79002273,0.54019266,1,0,pediátrico (<18)
ICB_03676_005,ICB_171,normal_lung,AKG C417L Microphone,9.0,0,0,0,0.7689096,0.49527714,1,0,pediátrico (<18)
ICB_03676_006,ICB_171,normal_lung,AKG C417L Microphone,9.0,0,0,0,0.7117576,0.39884576,1,0,pediátrico (<18)
ICB_03676_007,ICB_171,normal_lung,AKG C417L Microphone,9.0,0,0,0,0.69895804,0.39606598,1,0,pediátrico (<18)
ICB_03676_008,ICB_171,normal_lung,AKG C417L Microphone,9.0,0,0,0,0.5037676,0.21433038,0,0,pediátrico (<18)
ICB_03677_000,ICB_172,copd,AKG C417L Microphone,73.0,0,0,0,0.63450074,0.15125771,0,0,adulto
ICB_03677_001,ICB_172,copd,AKG C417L Microphone,73.0,0,0,0,0.7359957,0.21246785,1,0,adulto
ICB_03677_002,ICB_172,copd,AKG C417L Microphone,73.0,0,0,0,0.38950685,0.14038049,0,0,adulto
ICB_03677_003,ICB_172,copd,AKG C417L Microphone,73.0,0,0,0,0.6695562,0.1407551,1,0,adulto
ICB_03677_004,ICB_172,copd,AKG C417L Microphone,73.0,0,0,0,0.63692296,0.1826123,0,0,adulto
ICB_03677_005,ICB_172,copd,AKG C417L Microphone,73.0,0,0,0,0.46343505,0.16552076,0,0,adulto
ICB_03677_006,ICB_172,copd,AKG C417L Microphone,73.0,1,0,0,0.7935482,0.2999391,1,1,adulto
ICB_03678_000,ICB_172,copd,AKG C417L Microphone,73.0,0,0,0,0.76747096,0.2820625,1,0,adulto
ICB_03678_001,ICB_172,copd,AKG C417L Microphone,73.0,0,0,0,0.6728444,0.38186538,1,0,adulto
ICB_03678_002,ICB_172,copd,AKG C417L Microphone,73.0,0,0,0,0.5474839,0.30038354,0,0,adulto
ICB_03678_003,ICB_172,copd,AKG C417L Microphone,73.0,0,0,0,0.6090335,0.30184454,0,0,adulto
ICB_03678_004,ICB_172,copd,AKG C417L Microphone,73.0,0,0,0,0.6751319,0.50806755,1,0,adulto
ICB_03678_005,ICB_172,copd,AKG C417L Microphone,73.0,0,0,0,0.43628967,0.31591564,0,0,adulto
ICB_03678_006,ICB_172,copd,AKG C417L Microphone,73.0,0,0,0,0.42505515,0.5587257,0,0,adulto
ICB_03679_000,ICB_172,copd,AKG C417L Microphone,73.0,1,0,0,0.23467809,0.014635137,0,1,adulto
ICB_03679_001,ICB_172,copd,AKG C417L Microphone,73.0,0,0,0,0.37464187,0.008012203,0,0,adulto
ICB_03679_002,ICB_172,copd,AKG C417L Microphone,73.0,1,0,0,0.22160499,0.009673226,0,1,adulto
ICB_03679_003,ICB_172,copd,AKG C417L Microphone,73.0,1,0,0,0.25826865,0.017182812,0,1,adulto
ICB_03679_004,ICB_172,copd,AKG C417L Microphone,73.0,1,0,0,0.5977182,0.029013617,0,1,adulto
ICB_03679_005,ICB_172,copd,AKG C417L Microphone,73.0,1,0,0,0.3696594,0.04613001,0,1,adulto
ICB_03679_006,ICB_172,copd,AKG C417L Microphone,73.0,1,0,0,0.18893749,0.0627756,0,1,adulto
ICB_03680_000,ICB_172,copd,AKG C417L Microphone,73.0,0,0,0,0.3725456,0.08598401,0,0,adulto
ICB_03680_001,ICB_172,copd,AKG C417L Microphone,73.0,0,0,0,0.21935318,0.1434185,0,0,adulto
ICB_03680_002,ICB_172,copd,AKG C417L Microphone,73.0,0,0,0,0.8550628,0.69959885,1,0,adulto
ICB_03680_003,ICB_172,copd,AKG C417L Microphone,73.0,0,0,0,0.42156884,0.3103094,0,0,adulto
ICB_03680_004,ICB_172,copd,AKG C417L Microphone,73.0,0,0,0,0.5900792,0.22941889,0,0,adulto
ICB_03680_005,ICB_172,copd,AKG C417L Microphone,73.0,0,0,0,0.84877545,0.19002682,1,0,adulto
ICB_03680_006,ICB_172,copd,AKG C417L Microphone,73.0,0,0,0,0.31520468,0.549366,0,0,adulto
ICB_03681_000,ICB_172,copd,AKG C417L Microphone,73.0,1,0,0,0.72856534,0.04708207,1,1,adulto
ICB_03681_001,ICB_172,copd,AKG C417L Microphone,73.0,0,0,0,0.6470869,0.09054389,0,0,adulto
ICB_03681_002,ICB_172,copd,AKG C417L Microphone,73.0,0,0,0,0.5637414,0.055310506,0,0,adulto
ICB_03681_003,ICB_172,copd,AKG C417L Microphone,73.0,1,0,0,0.32608584,0.02978844,0,1,adulto
ICB_03681_004,ICB_172,copd,AKG C417L Microphone,73.0,0,0,0,0.33479258,0.032553922,0,0,adulto
ICB_03681_005,ICB_172,copd,AKG C417L Microphone,73.0,1,0,0,0.66984934,0.036262874,1,1,adulto
ICB_03681_006,ICB_172,copd,AKG C417L Microphone,73.0,0,0,0,0.52583086,0.019130837,0,0,adulto
ICB_03682_000,ICB_172,copd,AKG C417L Microphone,73.0,1,0,0,0.67677885,0.16061196,1,1,adulto
ICB_03682_001,ICB_172,copd,AKG C417L Microphone,73.0,1,0,0,0.46328378,0.15855154,0,1,adulto
ICB_03682_002,ICB_172,copd,AKG C417L Microphone,73.0,1,0,0,0.73894566,0.1360276,1,1,adulto
ICB_03682_003,ICB_172,copd,AKG C417L Microphone,73.0,1,0,0,0.6320194,0.24832937,0,1,adulto
ICB_03682_004,ICB_172,copd,AKG C417L Microphone,73.0,1,0,0,0.49255872,0.20752744,0,1,adulto
ICB_03682_005,ICB_172,copd,AKG C417L Microphone,73.0,1,0,0,0.7203216,0.32145423,1,1,adulto
ICB_03682_006,ICB_172,copd,AKG C417L Microphone,73.0,1,0,0,0.68066436,0.15169704,1,1,adulto
ICB_03683_000,ICB_172,copd,AKG C417L Microphone,73.0,0,0,0,0.28931797,0.15389328,0,0,adulto
ICB_03683_001,ICB_172,copd,AKG C417L Microphone,73.0,0,0,0,0.35598782,0.15156287,0,0,adulto
ICB_03683_002,ICB_172,copd,AKG C417L Microphone,73.0,0,0,0,0.34221348,0.47767434,0,0,adulto
ICB_03683_003,ICB_172,copd,AKG C417L Microphone,73.0,0,0,0,0.22839253,0.2706311,0,0,adulto
ICB_03683_004,ICB_172,copd,AKG C417L Microphone,73.0,0,0,0,0.32426423,0.29589725,0,0,adulto
ICB_03683_005,ICB_172,copd,AKG C417L Microphone,73.0,0,0,0,0.3155702,0.28116357,0,0,adulto
ICB_03683_006,ICB_172,copd,AKG C417L Microphone,73.0,1,0,0,0.4612232,0.08073678,0,1,adulto
ICB_03684_000,ICB_172,copd,AKG C417L Microphone,73.0,1,0,0,0.057456523,0.53453076,0,1,adulto
ICB_03684_001,ICB_172,copd,AKG C417L Microphone,73.0,0,1,0,0.072033465,0.8224356,2,2,adulto
ICB_03684_002,ICB_172,copd,AKG C417L Microphone,73.0,0,1,0,0.08021056,0.9739246,2,2,adulto
ICB_03684_003,ICB_172,copd,AKG C417L Microphone,73.0,0,1,0,0.25696868,0.81181216,2,2,adulto
ICB_03684_004,ICB_172,copd,AKG C417L Microphone,73.0,0,0,0,0.060435284,0.28275442,0,0,adulto
ICB_03684_005,ICB_172,copd,AKG C417L Microphone,73.0,1,0,0,0.057924516,0.35949352,0,1,adulto
ICB_03685_000,ICB_172,copd,AKG C417L Microphone,73.0,0,0,0,0.12632723,0.14884123,0,0,adulto
ICB_03685_001,ICB_172,copd,AKG C417L Microphone,73.0,1,1,0,0.22192281,0.93435806,2,3,adulto
ICB_03685_002,ICB_172,copd,AKG C417L Microphone,73.0,0,1,0,0.38561937,0.99630284,2,2,adulto
ICB_03685_003,ICB_172,copd,AKG C417L Microphone,73.0,0,1,0,0.17411731,0.9973356,2,2,adulto
ICB_03685_004,ICB_172,copd,AKG C417L Microphone,73.0,0,1,0,0.22201966,0.71263075,0,2,adulto
ICB_03685_005,ICB_172,copd,AKG C417L Microphone,73.0,0,0,0,0.2244043,0.7975631,2,0,adulto
ICB_03686_000,ICB_172,copd,AKG C417L Microphone,73.0,0,0,0,0.28454876,0.22351001,0,0,adulto
ICB_03686_001,ICB_172,copd,AKG C417L Microphone,73.0,1,1,0,0.63479483,0.9891634,2,3,adulto
ICB_03686_002,ICB_172,copd,AKG C417L Microphone,73.0,1,1,0,0.5962883,0.93689436,2,3,adulto
ICB_03686_003,ICB_172,copd,AKG C417L Microphone,73.0,0,1,0,0.6693895,0.23483782,1,2,adulto
ICB_03686_004,ICB_172,copd,AKG C417L Microphone,73.0,1,0,0,0.6620846,0.11433207,1,1,adulto
ICB_03686_005,ICB_172,copd,AKG C417L Microphone,73.0,0,0,0,0.7486472,0.08738067,1,0,adulto
ICB_03687_000,ICB_172,copd,AKG C417L Microphone,73.0,0,0,0,0.48176855,0.9811422,2,0,adulto
ICB_03687_001,ICB_172,copd,AKG C417L Microphone,73.0,0,1,0,0.001289065,0.9999999,2,2,adulto
ICB_03687_002,ICB_172,copd,AKG C417L Microphone,73.0,0,1,0,0.47868767,0.91106063,2,2,adulto
ICB_03687_003,ICB_172,copd,AKG C417L Microphone,73.0,0,1,0,0.5554023,0.78411645,2,2,adulto
ICB_03687_004,ICB_172,copd,AKG C417L Microphone,73.0,0,1,0,0.70578253,0.39602098,1,2,adulto
ICB_03687_005,ICB_172,copd,AKG C417L Microphone,73.0,0,0,0,0.32161233,0.6644908,0,0,adulto
ICB_03688_000,ICB_172,copd,AKG C417L Microphone,73.0,1,0,0,0.39020187,0.7249147,0,1,adulto
ICB_03688_001,ICB_172,copd,AKG C417L Microphone,73.0,0,1,0,0.34570438,0.99751234,2,2,adulto
ICB_03688_002,ICB_172,copd,AKG C417L Microphone,73.0,0,1,0,0.34761015,0.9912874,2,2,adulto
ICB_03688_003,ICB_172,copd,AKG C417L Microphone,73.0,0,1,0,0.31510013,0.98441887,2,2,adulto
ICB_03688_004,ICB_172,copd,AKG C417L Microphone,73.0,0,0,0,0.37415624,0.6294651,0,0,adulto
ICB_03688_005,ICB_172,copd,AKG C417L Microphone,73.0,1,1,0,0.7153377,0.8511545,3,3,adulto
ICB_03689_000,ICB_172,copd,AKG C417L Microphone,73.0,0,0,0,0.16686146,0.35021392,0,0,adulto
ICB_03689_001,ICB_172,copd,AKG C417L Microphone,73.0,0,1,0,0.31266654,0.9709457,2,2,adulto
ICB_03689_002,ICB_172,copd,AKG C417L Microphone,73.0,0,1,0,0.10430977,0.98987794,2,2,adulto
ICB_03689_003,ICB_172,copd,AKG C417L Microphone,73.0,0,1,0,0.058274962,0.99294335,2,2,adulto
ICB_03689_004,ICB_172,copd,AKG C417L Microphone,73.0,0,0,0,0.20917839,0.37929782,0,0,adulto
ICB_03689_005,ICB_172,copd,AKG C417L Microphone,73.0,0,0,0,0.053672593,0.63303214,0,0,adulto
ICB_03690_000,ICB_172,copd,AKG C417L Microphone,73.0,0,0,0,0.38029075,0.2482156,0,0,adulto
ICB_03690_001,ICB_172,copd,AKG C417L Microphone,73.0,1,1,0,0.3820093,0.71141154,0,3,adulto
ICB_03690_002,ICB_172,copd,AKG C417L Microphone,73.0,0,1,0,0.32763997,0.9263175,2,2,adulto
ICB_03690_003,ICB_172,copd,AKG C417L Microphone,73.0,1,1,0,0.32856,0.96346253,2,3,adulto
ICB_03690_004,ICB_172,copd,AKG C417L Microphone,73.0,0,0,0,0.54181844,0.2776078,0,0,adulto
ICB_03690_005,ICB_172,copd,AKG C417L Microphone,73.0,0,0,0,0.3923603,0.72560686,0,0,adulto
ICB_03691_000,ICB_172,copd,AKG C417L Microphone,73.0,0,0,0,0.48759672,0.28562078,0,0,adulto
ICB_03691_001,ICB_172,copd,AKG C417L Microphone,73.0,0,1,0,0.5337282,0.278683,0,2,adulto
ICB_03691_002,ICB_172,copd,AKG C417L Microphone,73.0,1,0,0,0.65691954,0.056177735,1,1,adulto
ICB_03691_003,ICB_172,copd,AKG C417L Microphone,73.0,0,0,0,0.3912395,0.14886042,0,0,adulto
ICB_03691_004,ICB_172,copd,AKG C417L Microphone,73.0,0,0,0,0.6415972,0.3758127,0,0,adulto
ICB_03691_005,ICB_172,copd,AKG C417L Microphone,73.0,0,0,0,0.49216548,0.25171402,0,0,adulto
ICB_03691_006,ICB_172,copd,AKG C417L Microphone,73.0,0,0,0,0.39269665,0.04946599,0,0,adulto
ICB_03692_000,ICB_172,copd,AKG C417L Microphone,73.0,0,0,0,0.27979183,0.48712993,0,0,adulto
ICB_03692_001,ICB_172,copd,AKG C417L Microphone,73.0,0,1,0,0.5965974,0.30405983,0,2,adulto
ICB_03692_002,ICB_172,copd,AKG C417L Microphone,73.0,0,0,0,0.49854133,0.22855845,0,0,adulto
ICB_03692_003,ICB_172,copd,AKG C417L Microphone,73.0,0,0,0,0.3113841,0.14385335,0,0,adulto
ICB_03692_004,ICB_172,copd,AKG C417L Microphone,73.0,0,0,0,0.5879488,0.79353434,2,0,adulto
ICB_03692_005,ICB_172,copd,AKG C417L Microphone,73.0,0,0,0,0.28285187,0.2381351,0,0,adulto
ICB_03692_006,ICB_172,copd,AKG C417L Microphone,73.0,0,0,0,0.40076795,0.085262075,0,0,adulto
ICB_03693_000,ICB_172,copd,AKG C417L Microphone,73.0,1,0,0,0.45751783,0.042407073,0,1,adulto
ICB_03693_001,ICB_172,copd,AKG C417L Microphone,73.0,0,1,0,0.31410292,0.2622371,0,2,adulto
ICB_03693_002,ICB_172,copd,AKG C417L Microphone,73.0,1,0,0,0.4357866,0.032728285,0,1,adulto
ICB_03693_003,ICB_172,copd,AKG C417L Microphone,73.0,0,0,0,0.47096923,0.08098635,0,0,adulto
ICB_03693_004,ICB_172,copd,AKG C417L Microphone,73.0,1,0,0,0.55882984,0.030064207,0,1,adulto
ICB_03693_005,ICB_172,copd,AKG C417L Microphone,73.0,0,0,0,0.5062286,0.060916383,0,0,adulto
ICB_03693_006,ICB_172,copd,AKG C417L Microphone,73.0,0,0,0,0.35548407,0.021258086,0,0,adulto
ICB_03694_000,ICB_172,copd,AKG C417L Microphone,73.0,0,0,0,0.7812789,0.5460236,1,0,adulto
ICB_03694_001,ICB_172,copd,AKG C417L Microphone,73.0,0,1,0,0.50787127,0.3334922,0,2,adulto
ICB_03694_002,ICB_172,copd,AKG C417L Microphone,73.0,0,0,0,0.18245985,0.38812006,0,0,adulto
ICB_03694_003,ICB_172,copd,AKG C417L Microphone,73.0,1,0,0,0.82389766,0.037285753,1,1,adulto
ICB_03694_004,ICB_172,copd,AKG C417L Microphone,73.0,1,0,0,0.6622422,0.39312753,1,1,adulto
ICB_03694_005,ICB_172,copd,AKG C417L Microphone,73.0,0,0,0,0.7470689,0.3251615,1,0,adulto
ICB_03694_006,ICB_172,copd,AKG C417L Microphone,73.0,0,0,0,0.55434424,0.23233107,0,0,adulto
ICB_03695_000,ICB_172,copd,AKG C417L Microphone,73.0,1,0,0,0.88370484,0.052172467,1,1,adulto
ICB_03695_001,ICB_172,copd,AKG C417L Microphone,73.0,0,1,0,0.58276576,0.6091632,0,2,adulto
ICB_03695_002,ICB_172,copd,AKG C417L Microphone,73.0,1,0,0,0.60392356,0.1177827,0,1,adulto
ICB_03695_003,ICB_172,copd,AKG C417L Microphone,73.0,0,0,0,0.7263483,0.012051065,1,0,adulto
ICB_03695_004,ICB_172,copd,AKG C417L Microphone,73.0,1,1,0,0.41646716,0.18949924,0,3,adulto
ICB_03695_005,ICB_172,copd,AKG C417L Microphone,73.0,1,0,0,0.6877747,0.029490877,1,1,adulto
ICB_03695_006,ICB_172,copd,AKG C417L Microphone,73.0,0,0,0,0.37904567,0.10796058,0,0,adulto
ICB_03696_000,ICB_172,copd,AKG C417L Microphone,73.0,0,0,0,0.51751864,0.31111577,0,0,adulto
ICB_03696_001,ICB_172,copd,AKG C417L Microphone,73.0,0,1,0,0.3376075,0.83501816,2,2,adulto
ICB_03696_002,ICB_172,copd,AKG C417L Microphone,73.0,1,0,0,0.5322794,0.58113754,0,1,adulto
ICB_03696_003,ICB_172,copd,AKG C417L Microphone,73.0,0,0,0,0.46102566,0.68954283,0,0,adulto
ICB_03696_004,ICB_172,copd,AKG C417L Microphone,73.0,0,1,0,0.66253805,0.46669233,1,2,adulto
ICB_03696_005,ICB_172,copd,AKG C417L Microphone,73.0,0,0,0,0.42945635,0.13484843,0,0,adulto
ICB_03696_006,ICB_172,copd,AKG C417L Microphone,73.0,0,0,0,0.08773516,0.417842,0,0,adulto
ICB_03697_000,ICB_172,copd,AKG C417L Microphone,73.0,0,0,0,0.5115183,0.1973349,0,0,adulto
ICB_03697_001,ICB_172,copd,AKG C417L Microphone,73.0,1,1,0,0.39358148,0.43950993,0,3,adulto
ICB_03697_002,ICB_172,copd,AKG C417L Microphone,73.0,0,0,0,0.31396878,0.244681,0,0,adulto
ICB_03697_003,ICB_172,copd,AKG C417L Microphone,73.0,0,0,0,0.42499408,0.25721297,0,0,adulto
ICB_03697_004,ICB_172,copd,AKG C417L Microphone,73.0,0,0,0,0.45056513,0.16288109,0,0,adulto
ICB_03697_005,ICB_172,copd,AKG C417L Microphone,73.0,0,0,0,0.60455775,0.11722638,0,0,adulto
ICB_03697_006,ICB_172,copd,AKG C417L Microphone,73.0,0,0,0,0.18201473,0.31951144,0,0,adulto
ICB_03698_000,ICB_172,copd,AKG C417L Microphone,73.0,1,0,0,0.7355086,0.030652503,1,1,adulto
ICB_03698_001,ICB_172,copd,AKG C417L Microphone,73.0,1,0,0,0.73372984,0.25169578,1,1,adulto
ICB_03698_002,ICB_172,copd,AKG C417L Microphone,73.0,1,0,0,0.6928442,0.21526304,1,1,adulto
ICB_03698_003,ICB_172,copd,AKG C417L Microphone,73.0,1,0,0,0.7285785,0.09530579,1,1,adulto
ICB_03698_004,ICB_172,copd,AKG C417L Microphone,73.0,1,0,0,0.6324523,0.8237027,2,1,adulto
ICB_03698_005,ICB_172,copd,AKG C417L Microphone,73.0,1,1,0,0.727524,0.6272207,1,3,adulto
ICB_03699_000,ICB_172,copd,AKG C417L Microphone,73.0,0,0,0,0.36653987,0.16650084,0,0,adulto
ICB_03699_001,ICB_172,copd,AKG C417L Microphone,73.0,0,0,0,0.4156144,0.13576566,0,0,adulto
ICB_03699_002,ICB_172,copd,AKG C417L Microphone,73.0,0,0,0,0.3824184,0.16761741,0,0,adulto
ICB_03699_003,ICB_172,copd,AKG C417L Microphone,73.0,0,0,0,0.4779266,0.41670763,0,0,adulto
ICB_03699_004,ICB_172,copd,AKG C417L Microphone,73.0,0,1,0,0.43974504,0.1947392,0,2,adulto
ICB_03699_005,ICB_172,copd,AKG C417L Microphone,73.0,0,1,0,0.61383337,0.42127275,0,2,adulto
ICB_03700_000,ICB_172,copd,AKG C417L Microphone,73.0,0,0,0,0.77603465,0.21543053,1,0,adulto
ICB_03700_001,ICB_172,copd,AKG C417L Microphone,73.0,1,0,0,0.8699782,0.47238967,1,1,adulto
ICB_03700_002,ICB_172,copd,AKG C417L Microphone,73.0,0,0,0,0.8380655,0.17899781,1,0,adulto
ICB_03700_003,ICB_172,copd,AKG C417L Microphone,73.0,0,0,0,0.7283531,0.36698252,1,0,adulto
ICB_03700_004,ICB_172,copd,AKG C417L Microphone,73.0,0,1,0,0.682828,0.64901364,1,2,adulto
ICB_03700_005,ICB_172,copd,AKG C417L Microphone,73.0,0,0,0,0.8515605,0.076939434,1,0,adulto
ICB_03701_000,ICB_172,copd,AKG C417L Microphone,73.0,1,0,0,0.7969068,0.06867549,1,1,adulto
ICB_03701_001,ICB_172,copd,AKG C417L Microphone,73.0,1,0,0,0.8269862,0.32593507,1,1,adulto
ICB_03701_002,ICB_172,copd,AKG C417L Microphone,73.0,1,0,0,0.21903373,0.061023068,0,1,adulto
ICB_03701_003,ICB_172,copd,AKG C417L Microphone,73.0,0,0,0,0.7559997,0.17746432,1,0,adulto
ICB_03701_004,ICB_172,copd,AKG C417L Microphone,73.0,0,0,0,0.6008015,0.15885592,0,0,adulto
ICB_03701_005,ICB_172,copd,AKG C417L Microphone,73.0,0,1,0,0.66374546,0.92507786,3,2,adulto
ICB_03702_000,ICB_172,copd,AKG C417L Microphone,73.0,1,0,0,0.7779385,0.2578524,1,1,adulto
ICB_03702_001,ICB_172,copd,AKG C417L Microphone,73.0,0,0,0,0.73042923,0.13252038,1,0,adulto
ICB_03702_002,ICB_172,copd,AKG C417L Microphone,73.0,0,0,0,0.82623947,0.10757812,1,0,adulto
ICB_03702_003,ICB_172,copd,AKG C417L Microphone,73.0,0,0,0,0.74722016,0.20826323,1,0,adulto
ICB_03702_004,ICB_172,copd,AKG C417L Microphone,73.0,1,1,0,0.42970106,0.39777625,0,3,adulto
ICB_03702_005,ICB_172,copd,AKG C417L Microphone,73.0,0,0,0,0.5806558,0.7819953,2,0,adulto
ICB_03703_000,ICB_172,copd,AKG C417L Microphone,73.0,0,0,0,0.19240105,0.013282171,0,0,adulto
ICB_03703_001,ICB_172,copd,AKG C417L Microphone,73.0,0,0,0,0.508973,0.13085629,0,0,adulto
ICB_03703_002,ICB_172,copd,AKG C417L Microphone,73.0,0,0,0,0.5073149,0.088404775,0,0,adulto
ICB_03703_003,ICB_172,copd,AKG C417L Microphone,73.0,0,0,0,0.26789194,0.10351506,0,0,adulto
ICB_03703_004,ICB_172,copd,AKG C417L Microphone,73.0,0,0,0,0.34745687,0.35757616,0,0,adulto
ICB_03703_005,ICB_172,copd,AKG C417L Microphone,73.0,0,1,0,0.18947418,0.584891,0,2,adulto
ICB_03704_000,ICB_173,bronchiolitis_asthma,AKG C417L Microphone,3.0,0,0,0,0.24690507,0.09033472,0,0,pediátrico (<18)
ICB_03704_001,ICB_173,bronchiolitis_asthma,AKG C417L Microphone,3.0,0,0,0,0.08378981,0.10525844,0,0,pediátrico (<18)
ICB_03704_002,ICB_173,bronchiolitis_asthma,AKG C417L Microphone,3.0,1,0,0,0.08807575,0.101671204,0,1,pediátrico (<18)
ICB_03704_003,ICB_173,bronchiolitis_asthma,AKG C417L Microphone,3.0,0,0,0,0.3770986,0.08942372,0,0,pediátrico (<18)
ICB_03704_004,ICB_173,bronchiolitis_asthma,AKG C417L Microphone,3.0,1,0,0,0.12159546,0.16223675,0,1,pediátrico (<18)
ICB_03704_005,ICB_173,bronchiolitis_asthma,AKG C417L Microphone,3.0,0,0,0,0.40825891,0.23242532,0,0,pediátrico (<18)
ICB_03704_006,ICB_173,bronchiolitis_asthma,AKG C417L Microphone,3.0,0,0,0,0.2148346,0.26557496,0,0,pediátrico (<18)
ICB_03704_007,ICB_173,bronchiolitis_asthma,AKG C417L Microphone,3.0,1,0,0,0.099836335,0.26449084,0,1,pediátrico (<18)
ICB_03704_008,ICB_173,bronchiolitis_asthma,AKG C417L Microphone,3.0,1,0,0,0.35124376,0.55805117,0,1,pediátrico (<18)
ICB_03704_009,ICB_173,bronchiolitis_asthma,AKG C417L Microphone,3.0,1,0,0,0.1124148,0.08555852,0,1,pediátrico (<18)
ICB_03704_010,ICB_173,bronchiolitis_asthma,AKG C417L Microphone,3.0,0,0,0,0.14081448,0.109533496,0,0,pediátrico (<18)
ICB_03704_011,ICB_173,bronchiolitis_asthma,AKG C417L Microphone,3.0,0,0,0,0.35605234,0.56777126,0,0,pediátrico (<18)
ICB_03704_012,ICB_173,bronchiolitis_asthma,AKG C417L Microphone,3.0,0,0,0,0.10406736,0.3730076,0,0,pediátrico (<18)
ICB_03734_000,ICB_176,copd,AKG C417L Microphone,65.0,0,0,0,0.30983272,0.49273607,0,0,adulto
ICB_03734_001,ICB_176,copd,AKG C417L Microphone,65.0,1,0,0,0.85214627,0.2557137,1,1,adulto
ICB_03734_002,ICB_176,copd,AKG C417L Microphone,65.0,1,0,0,0.7858949,0.21437798,1,1,adulto
ICB_03734_003,ICB_176,copd,AKG C417L Microphone,65.0,1,0,0,0.8279527,0.27335697,1,1,adulto
ICB_03734_004,ICB_176,copd,AKG C417L Microphone,65.0,1,0,0,0.5805906,0.17842154,0,1,adulto
ICB_03734_005,ICB_176,copd,AKG C417L Microphone,65.0,1,0,0,0.73800826,0.21469264,1,1,adulto
ICB_03735_000,ICB_176,copd,AKG C417L Microphone,65.0,1,0,0,0.4151101,0.09372734,0,1,adulto
ICB_03735_001,ICB_176,copd,AKG C417L Microphone,65.0,1,0,0,0.80388784,0.24979153,1,1,adulto
ICB_03735_002,ICB_176,copd,AKG C417L Microphone,65.0,1,0,0,0.76563126,0.7757339,3,1,adulto
ICB_03735_003,ICB_176,copd,AKG C417L Microphone,65.0,1,0,0,0.8655554,0.1542661,1,1,adulto
ICB_03735_004,ICB_176,copd,AKG C417L Microphone,65.0,1,0,0,0.7417722,0.17186919,1,1,adulto
ICB_03735_005,ICB_176,copd,AKG C417L Microphone,65.0,1,0,0,0.8599205,0.4543647,1,1,adulto
ICB_03736_000,ICB_176,copd,AKG C417L Microphone,65.0,0,0,0,0.13397755,0.10997133,0,0,adulto
ICB_03736_001,ICB_176,copd,AKG C417L Microphone,65.0,1,0,0,0.6999162,0.15970798,1,1,adulto
ICB_03736_002,ICB_176,copd,AKG C417L Microphone,65.0,1,0,0,0.7459979,0.14648828,1,1,adulto
ICB_03736_003,ICB_176,copd,AKG C417L Microphone,65.0,1,0,0,0.80495876,0.17045607,1,1,adulto
ICB_03736_004,ICB_176,copd,AKG C417L Microphone,65.0,1,0,0,0.7245977,0.32149118,1,1,adulto
ICB_03736_005,ICB_176,copd,AKG C417L Microphone,65.0,1,0,0,0.68413925,0.33582798,1,1,adulto
ICB_03737_000,ICB_176,copd,AKG C417L Microphone,65.0,0,0,0,0.44951856,0.28445745,0,0,adulto
ICB_03737_001,ICB_176,copd,AKG C417L Microphone,65.0,1,0,0,0.92259294,0.3618334,1,1,adulto
ICB_03737_002,ICB_176,copd,AKG C417L Microphone,65.0,1,0,0,0.74249905,0.230316,1,1,adulto
ICB_03737_003,ICB_176,copd,AKG C417L Microphone,65.0,1,0,0,0.85423535,0.18706895,1,1,adulto
ICB_03737_004,ICB_176,copd,AKG C417L Microphone,65.0,1,0,0,0.71418756,0.46271074,1,1,adulto
ICB_03737_005,ICB_176,copd,AKG C417L Microphone,65.0,1,0,0,0.8687315,0.3685466,1,1,adulto
ICB_03738_000,ICB_176,copd,AKG C417L Microphone,65.0,0,0,0,0.22990777,0.51103663,0,0,adulto
ICB_03738_001,ICB_176,copd,AKG C417L Microphone,65.0,1,0,0,0.8280747,0.2441012,1,1,adulto
ICB_03738_002,ICB_176,copd,AKG C417L Microphone,65.0,1,0,0,0.914146,0.105543144,1,1,adulto
ICB_03738_003,ICB_176,copd,AKG C417L Microphone,65.0,1,0,0,0.7425399,0.09068039,1,1,adulto
ICB_03738_004,ICB_176,copd,AKG C417L Microphone,65.0,1,0,0,0.84718883,0.18878108,1,1,adulto
ICB_03738_005,ICB_176,copd,AKG C417L Microphone,65.0,1,0,0,0.8644109,0.42449763,1,1,adulto
ICB_03739_000,ICB_176,copd,AKG C417L Microphone,65.0,0,0,0,0.3369541,0.33929104,0,0,adulto
ICB_03739_001,ICB_176,copd,AKG C417L Microphone,65.0,1,0,0,0.92142016,0.42331558,1,1,adulto
ICB_03739_002,ICB_176,copd,AKG C417L Microphone,65.0,1,0,0,0.8455081,0.13646221,1,1,adulto
ICB_03739_003,ICB_176,copd,AKG C417L Microphone,65.0,1,0,0,0.86039704,0.16073358,1,1,adulto
ICB_03739_004,ICB_176,copd,AKG C417L Microphone,65.0,1,0,0,0.77263325,0.34270093,1,1,adulto
ICB_03739_005,ICB_176,copd,AKG C417L Microphone,65.0,1,0,0,0.79145396,0.19629613,1,1,adulto
ICB_03740_000,ICB_176,copd,AKG C417L Microphone,65.0,1,0,0,0.47829515,0.20858116,0,1,adulto
ICB_03740_001,ICB_176,copd,AKG C417L Microphone,65.0,1,0,0,0.5633709,0.1451621,0,1,adulto
ICB_03740_002,ICB_176,copd,AKG C417L Microphone,65.0,1,0,0,0.37600842,0.2145092,0,1,adulto
ICB_03740_003,ICB_176,copd,AKG C417L Microphone,65.0,1,0,0,0.25789657,0.07402326,0,1,adulto
ICB_03740_004,ICB_176,copd,AKG C417L Microphone,65.0,1,0,0,0.5346365,0.1347033,0,1,adulto
ICB_03740_005,ICB_176,copd,AKG C417L Microphone,65.0,1,0,0,0.54329926,0.16616479,0,1,adulto
ICB_03741_000,ICB_176,copd,AKG C417L Microphone,65.0,0,0,0,0.32648823,0.50338984,0,0,adulto
ICB_03741_001,ICB_176,copd,AKG C417L Microphone,65.0,1,0,0,0.72891694,0.15338755,1,1,adulto
ICB_03741_002,ICB_176,copd,AKG C417L Microphone,65.0,1,0,0,0.70538163,0.23072438,1,1,adulto
ICB_03741_003,ICB_176,copd,AKG C417L Microphone,65.0,1,0,0,0.7633525,0.26028556,1,1,adulto
ICB_03741_004,ICB_176,copd,AKG C417L Microphone,65.0,1,0,0,0.7183984,0.16289261,1,1,adulto
ICB_03741_005,ICB_176,copd,AKG C417L Microphone,65.0,1,0,0,0.8162013,0.20072316,1,1,adulto
ICB_03742_000,ICB_176,copd,AKG C417L Microphone,65.0,1,0,0,0.36021408,0.2836793,0,1,adulto
ICB_03742_001,ICB_176,copd,AKG C417L Microphone,65.0,1,0,0,0.68665963,0.33861002,1,1,adulto
ICB_03742_002,ICB_176,copd,AKG C417L Microphone,65.0,1,0,0,0.81044096,0.5553996,1,1,adulto
ICB_03742_003,ICB_176,copd,AKG C417L Microphone,65.0,1,0,0,0.8284418,0.50411737,1,1,adulto
ICB_03742_004,ICB_176,copd,AKG C417L Microphone,65.0,1,0,0,0.7161534,0.2614472,1,1,adulto
ICB_03742_005,ICB_176,copd,AKG C417L Microphone,65.0,1,0,0,0.84827447,0.3154684,1,1,adulto
ICB_03743_000,ICB_176,copd,AKG C417L Microphone,65.0,1,0,0,0.035270263,0.08948688,0,1,adulto
ICB_03743_001,ICB_176,copd,AKG C417L Microphone,65.0,1,0,0,0.8822402,0.20822424,1,1,adulto
ICB_03743_002,ICB_176,copd,AKG C417L Microphone,65.0,1,0,0,0.8126359,0.14928684,1,1,adulto
ICB_03743_003,ICB_176,copd,AKG C417L Microphone,65.0,1,0,0,0.8568124,0.285802,1,1,adulto
ICB_03743_004,ICB_176,copd,AKG C417L Microphone,65.0,1,0,0,0.8417927,0.11348078,1,1,adulto
ICB_03743_005,ICB_176,copd,AKG C417L Microphone,65.0,1,0,0,0.8993731,0.2182321,1,1,adulto
ICB_03744_000,ICB_176,copd,AKG C417L Microphone,65.0,1,0,0,0.29639807,0.22568588,0,1,adulto
ICB_03744_001,ICB_176,copd,AKG C417L Microphone,65.0,1,0,0,0.88605267,0.34422496,1,1,adulto
ICB_03744_002,ICB_176,copd,AKG C417L Microphone,65.0,1,0,0,0.75319004,0.20372224,1,1,adulto
ICB_03744_003,ICB_176,copd,AKG C417L Microphone,65.0,1,0,0,0.85660213,0.29098246,1,1,adulto
ICB_03744_004,ICB_176,copd,AKG C417L Microphone,65.0,1,0,0,0.8931987,0.2329592,1,1,adulto
ICB_03744_005,ICB_176,copd,AKG C417L Microphone,65.0,1,0,0,0.9208799,0.32595918,1,1,adulto
ICB_03745_000,ICB_176,copd,AKG C417L Microphone,65.0,1,0,0,0.2458029,0.6223372,0,1,adulto
ICB_03745_001,ICB_176,copd,AKG C417L Microphone,65.0,1,0,0,0.85313904,0.2119665,1,1,adulto
ICB_03745_002,ICB_176,copd,AKG C417L Microphone,65.0,1,0,0,0.53729856,0.14637189,0,1,adulto
ICB_03745_003,ICB_176,copd,AKG C417L Microphone,65.0,1,0,0,0.7924414,0.17243537,1,1,adulto
ICB_03745_004,ICB_176,copd,AKG C417L Microphone,65.0,1,0,0,0.7784215,0.52701247,1,1,adulto
ICB_03745_005,ICB_176,copd,AKG C417L Microphone,65.0,1,0,0,0.7314133,0.152391,1,1,adulto
ICB_03746_000,ICB_176,copd,AKG C417L Microphone,65.0,1,0,0,0.61388683,0.4325583,0,1,adulto
ICB_03746_001,ICB_176,copd,AKG C417L Microphone,65.0,1,0,0,0.86661106,0.11416643,1,1,adulto
ICB_03746_002,ICB_176,copd,AKG C417L Microphone,65.0,1,0,0,0.74086475,0.09889219,1,1,adulto
ICB_03746_003,ICB_176,copd,AKG C417L Microphone,65.0,1,0,0,0.93195117,0.1407656,1,1,adulto
ICB_03746_004,ICB_176,copd,AKG C417L Microphone,65.0,1,0,0,0.7471774,0.22615121,1,1,adulto
ICB_03746_005,ICB_176,copd,AKG C417L Microphone,65.0,1,0,0,0.9231465,0.12623632,1,1,adulto
ICB_03747_000,ICB_176,copd,AKG C417L Microphone,65.0,1,0,0,0.48894736,0.060277883,0,1,adulto
ICB_03747_001,ICB_176,copd,AKG C417L Microphone,65.0,1,0,0,0.56883854,0.12494278,0,1,adulto
ICB_03747_002,ICB_176,copd,AKG C417L Microphone,65.0,1,0,0,0.44785666,0.20476513,0,1,adulto
ICB_03747_003,ICB_176,copd,AKG C417L Microphone,65.0,0,0,0,0.540783,0.06585696,0,0,adulto
ICB_03747_004,ICB_176,copd,AKG C417L Microphone,65.0,1,0,0,0.5284019,0.108084284,0,1,adulto
ICB_03747_005,ICB_176,copd,AKG C417L Microphone,65.0,1,0,0,0.5508537,0.14164613,0,1,adulto
ICB_03748_000,ICB_176,copd,AKG C417L Microphone,65.0,0,0,0,0.5404818,0.24769285,0,0,adulto
ICB_03748_001,ICB_176,copd,AKG C417L Microphone,65.0,1,0,0,0.6425771,0.1369929,0,1,adulto
ICB_03748_002,ICB_176,copd,AKG C417L Microphone,65.0,1,0,0,0.6878603,0.20465414,1,1,adulto
ICB_03748_003,ICB_176,copd,AKG C417L Microphone,65.0,1,0,0,0.70401394,0.12660599,1,1,adulto
ICB_03748_004,ICB_176,copd,AKG C417L Microphone,65.0,1,0,0,0.70897025,0.2130293,1,1,adulto
ICB_03748_005,ICB_176,copd,AKG C417L Microphone,65.0,1,0,0,0.6835086,0.093278214,1,1,adulto
ICB_03748_006,ICB_176,copd,AKG C417L Microphone,65.0,1,0,0,0.7533603,0.48219424,1,1,adulto
ICB_03749_000,ICB_176,copd,AKG C417L Microphone,65.0,0,0,0,0.40853465,0.52933705,0,0,adulto
ICB_03749_001,ICB_176,copd,AKG C417L Microphone,65.0,1,0,0,0.7706541,0.10879897,1,1,adulto
ICB_03749_002,ICB_176,copd,AKG C417L Microphone,65.0,1,0,0,0.8184591,0.48251554,1,1,adulto
ICB_03749_003,ICB_176,copd,AKG C417L Microphone,65.0,1,0,0,0.66205746,0.052304175,1,1,adulto
ICB_03749_004,ICB_176,copd,AKG C417L Microphone,65.0,1,0,0,0.95775944,0.3279337,1,1,adulto
ICB_03749_005,ICB_176,copd,AKG C417L Microphone,65.0,1,0,0,0.87283885,0.15423901,1,1,adulto
ICB_03749_006,ICB_176,copd,AKG C417L Microphone,65.0,1,0,0,0.7565482,0.19073242,1,1,adulto
ICB_03750_000,ICB_176,copd,AKG C417L Microphone,65.0,1,0,0,0.494178,0.32814622,0,1,adulto
ICB_03750_001,ICB_176,copd,AKG C417L Microphone,65.0,1,0,0,0.64989185,0.14099595,0,1,adulto
ICB_03750_002,ICB_176,copd,AKG C417L Microphone,65.0,1,0,0,0.7675654,0.12189525,1,1,adulto
ICB_03750_003,ICB_176,copd,AKG C417L Microphone,65.0,1,0,0,0.7090966,0.07767969,1,1,adulto
ICB_03750_004,ICB_176,copd,AKG C417L Microphone,65.0,1,0,0,0.649239,0.15798272,0,1,adulto
ICB_03750_005,ICB_176,copd,AKG C417L Microphone,65.0,1,0,0,0.66089,0.08093371,1,1,adulto
ICB_03750_006,ICB_176,copd,AKG C417L Microphone,65.0,1,0,0,0.61782336,0.11117578,0,1,adulto
ICB_03751_000,ICB_176,copd,AKG C417L Microphone,65.0,0,0,0,0.5322826,0.35303426,0,0,adulto
ICB_03751_001,ICB_176,copd,AKG C417L Microphone,65.0,1,0,0,0.5739624,0.26442719,0,1,adulto
ICB_03751_002,ICB_176,copd,AKG C417L Microphone,65.0,1,0,0,0.6619285,0.55934477,1,1,adulto
ICB_03751_003,ICB_176,copd,AKG C417L Microphone,65.0,1,0,0,0.62955445,0.21247031,0,1,adulto
ICB_03751_004,ICB_176,copd,AKG C417L Microphone,65.0,1,0,0,0.6893112,0.3928889,1,1,adulto
ICB_03751_005,ICB_176,copd,AKG C417L Microphone,65.0,1,0,0,0.5834432,0.2857078,0,1,adulto
ICB_03751_006,ICB_176,copd,AKG C417L Microphone,65.0,1,0,0,0.7239743,0.46494675,1,1,adulto
ICB_03752_000,ICB_176,copd,AKG C417L Microphone,65.0,1,0,0,0.480652,0.53268856,0,1,adulto
ICB_03752_001,ICB_176,copd,AKG C417L Microphone,65.0,1,0,0,0.81547517,0.05861507,1,1,adulto
ICB_03752_002,ICB_176,copd,AKG C417L Microphone,65.0,1,0,0,0.84184515,0.09017946,1,1,adulto
ICB_03752_003,ICB_176,copd,AKG C417L Microphone,65.0,1,0,0,0.82437676,0.15997179,1,1,adulto
ICB_03752_004,ICB_176,copd,AKG C417L Microphone,65.0,1,0,0,0.8384526,0.08732332,1,1,adulto
ICB_03752_005,ICB_176,copd,AKG C417L Microphone,65.0,1,0,0,0.6742032,0.19854368,1,1,adulto
ICB_03752_006,ICB_176,copd,AKG C417L Microphone,65.0,1,0,0,0.8775717,0.30192363,1,1,adulto
ICB_03753_000,ICB_176,copd,AKG C417L Microphone,65.0,0,0,0,0.17716783,0.37710118,0,0,adulto
ICB_03753_001,ICB_176,copd,AKG C417L Microphone,65.0,1,0,0,0.8639953,0.19883724,1,1,adulto
ICB_03753_002,ICB_176,copd,AKG C417L Microphone,65.0,1,0,0,0.8257843,0.090801485,1,1,adulto
ICB_03753_003,ICB_176,copd,AKG C417L Microphone,65.0,1,0,0,0.85544264,0.091243744,1,1,adulto
ICB_03753_004,ICB_176,copd,AKG C417L Microphone,65.0,1,0,0,0.71430516,0.105056345,1,1,adulto
ICB_03753_005,ICB_176,copd,AKG C417L Microphone,65.0,1,0,0,0.8907406,0.0865879,1,1,adulto
ICB_03753_006,ICB_176,copd,AKG C417L Microphone,65.0,1,0,0,0.8871633,0.06228095,1,1,adulto
ICB_03754_000,ICB_176,copd,AKG C417L Microphone,65.0,1,0,0,0.29134232,0.11271753,0,1,adulto
ICB_03754_001,ICB_176,copd,AKG C417L Microphone,65.0,1,0,0,0.57537556,0.30754986,0,1,adulto
ICB_03754_002,ICB_176,copd,AKG C417L Microphone,65.0,1,0,0,0.41894868,0.14547965,0,1,adulto
ICB_03754_003,ICB_176,copd,AKG C417L Microphone,65.0,1,0,0,0.26780283,0.07828957,0,1,adulto
ICB_03754_004,ICB_176,copd,AKG C417L Microphone,65.0,1,0,0,0.46557343,0.3290396,0,1,adulto
ICB_03754_005,ICB_176,copd,AKG C417L Microphone,65.0,1,0,0,0.36645877,0.15837803,0,1,adulto
ICB_03754_006,ICB_176,copd,AKG C417L Microphone,65.0,1,0,0,0.19710058,0.14659268,0,1,adulto
ICB_03755_000,ICB_177,copd,AKG C417L Microphone,56.0,1,0,0,0.67371655,0.46780443,1,1,adulto
ICB_03755_001,ICB_177,copd,AKG C417L Microphone,56.0,1,0,0,0.78572875,0.10746168,1,1,adulto
ICB_03755_002,ICB_177,copd,AKG C417L Microphone,56.0,1,0,0,0.5889521,0.07648527,0,1,adulto
ICB_03755_003,ICB_177,copd,AKG C417L Microphone,56.0,1,0,0,0.7432523,0.08540128,1,1,adulto
ICB_03756_000,ICB_177,copd,AKG C417L Microphone,56.0,1,0,0,0.62030256,0.6734814,0,1,adulto
ICB_03756_001,ICB_177,copd,AKG C417L Microphone,56.0,0,0,0,0.41139618,0.04730317,0,0,adulto
ICB_03756_002,ICB_177,copd,AKG C417L Microphone,56.0,0,0,0,0.63271,0.14928126,0,0,adulto
ICB_03756_003,ICB_177,copd,AKG C417L Microphone,56.0,1,0,0,0.65080965,0.5019186,1,1,adulto
ICB_03757_000,ICB_177,copd,AKG C417L Microphone,56.0,1,0,0,0.7129834,0.21147957,1,1,adulto
ICB_03757_001,ICB_177,copd,AKG C417L Microphone,56.0,1,0,0,0.624054,0.04465702,0,1,adulto
ICB_03757_002,ICB_177,copd,AKG C417L Microphone,56.0,0,0,0,0.79466003,0.37825134,1,0,adulto
ICB_03757_003,ICB_177,copd,AKG C417L Microphone,56.0,0,0,0,0.66266346,0.20606233,1,0,adulto
ICB_03758_000,ICB_177,copd,AKG C417L Microphone,56.0,1,0,0,0.6197951,0.26757067,0,1,adulto
ICB_03758_001,ICB_177,copd,AKG C417L Microphone,56.0,1,0,0,0.8839352,0.05925401,1,1,adulto
ICB_03758_002,ICB_177,copd,AKG C417L Microphone,56.0,1,0,0,0.7883342,0.22069946,1,1,adulto
ICB_03758_003,ICB_177,copd,AKG C417L Microphone,56.0,1,0,0,0.6129602,0.04995575,0,1,adulto
ICB_03759_000,ICB_177,copd,AKG C417L Microphone,56.0,1,0,0,0.62385696,0.44995552,0,1,adulto
ICB_03759_001,ICB_177,copd,AKG C417L Microphone,56.0,0,1,0,0.6810385,0.26302865,1,2,adulto
ICB_03759_002,ICB_177,copd,AKG C417L Microphone,56.0,0,1,0,0.30669057,0.24430674,0,2,adulto
ICB_03759_003,ICB_177,copd,AKG C417L Microphone,56.0,0,1,0,0.51426804,0.08636158,0,2,adulto
ICB_03760_000,ICB_177,copd,AKG C417L Microphone,56.0,0,0,0,0.6192834,0.33819658,0,0,adulto
ICB_03760_001,ICB_177,copd,AKG C417L Microphone,56.0,0,0,0,0.5899772,0.05706002,0,0,adulto
ICB_03760_002,ICB_177,copd,AKG C417L Microphone,56.0,0,0,0,0.26217055,0.1876057,0,0,adulto
ICB_03760_003,ICB_177,copd,AKG C417L Microphone,56.0,0,0,0,0.36782807,0.06637161,0,0,adulto
ICB_03761_000,ICB_177,copd,AKG C417L Microphone,56.0,1,0,0,0.73440033,0.19525601,1,1,adulto
ICB_03761_001,ICB_177,copd,AKG C417L Microphone,56.0,1,0,0,0.7154219,0.3411865,1,1,adulto
ICB_03761_002,ICB_177,copd,AKG C417L Microphone,56.0,1,0,0,0.8406249,0.11526161,1,1,adulto
ICB_03761_003,ICB_177,copd,AKG C417L Microphone,56.0,1,0,0,0.77542025,0.06925117,1,1,adulto
ICB_03761_004,ICB_177,copd,AKG C417L Microphone,56.0,1,0,0,0.71521413,0.09385145,1,1,adulto
ICB_03762_000,ICB_177,copd,AKG C417L Microphone,56.0,0,0,0,0.69922024,0.27544516,1,0,adulto
ICB_03762_001,ICB_177,copd,AKG C417L Microphone,56.0,0,0,0,0.7831163,0.335322,1,0,adulto
ICB_03762_002,ICB_177,copd,AKG C417L Microphone,56.0,0,0,0,0.6407724,0.6373458,0,0,adulto
ICB_03762_003,ICB_177,copd,AKG C417L Microphone,56.0,0,0,0,0.7643686,0.5112124,1,0,adulto
ICB_03762_004,ICB_177,copd,AKG C417L Microphone,56.0,0,0,0,0.47632968,0.11514075,0,0,adulto
ICB_03763_000,ICB_177,copd,AKG C417L Microphone,56.0,0,0,0,0.73476565,0.18652451,1,0,adulto
ICB_03763_001,ICB_177,copd,AKG C417L Microphone,56.0,0,0,0,0.6571973,0.2919072,1,0,adulto
ICB_03763_002,ICB_177,copd,AKG C417L Microphone,56.0,0,0,0,0.50793546,0.4035806,0,0,adulto
ICB_03763_003,ICB_177,copd,AKG C417L Microphone,56.0,0,0,0,0.6573959,0.17477646,1,0,adulto
ICB_03763_004,ICB_177,copd,AKG C417L Microphone,56.0,0,0,0,0.6775941,0.5953604,1,0,adulto
ICB_03764_000,ICB_177,copd,AKG C417L Microphone,56.0,1,0,0,0.8391631,0.121055365,1,1,adulto
ICB_03764_001,ICB_177,copd,AKG C417L Microphone,56.0,1,0,0,0.63756263,0.12368149,0,1,adulto
ICB_03764_002,ICB_177,copd,AKG C417L Microphone,56.0,1,0,0,0.8407131,0.023170609,1,1,adulto
ICB_03764_003,ICB_177,copd,AKG C417L Microphone,56.0,1,0,0,0.75466484,0.20274048,1,1,adulto
ICB_03764_004,ICB_177,copd,AKG C417L Microphone,56.0,1,0,0,0.49125975,0.16028415,0,1,adulto
ICB_03765_000,ICB_177,copd,AKG C417L Microphone,56.0,0,1,0,0.58061373,0.088392034,0,2,adulto
ICB_03765_001,ICB_177,copd,AKG C417L Microphone,56.0,0,1,0,0.8272528,0.038275074,1,2,adulto
ICB_03765_002,ICB_177,copd,AKG C417L Microphone,56.0,1,1,0,0.8400016,0.03699978,1,3,adulto
ICB_03765_003,ICB_177,copd,AKG C417L Microphone,56.0,0,1,0,0.35817686,0.28389674,0,2,adulto
ICB_03765_004,ICB_177,copd,AKG C417L Microphone,56.0,1,1,0,0.27460554,0.022887776,0,3,adulto
ICB_03766_000,ICB_177,copd,AKG C417L Microphone,56.0,0,0,0,0.50713605,0.14424752,0,0,adulto
ICB_03766_001,ICB_177,copd,AKG C417L Microphone,56.0,0,0,0,0.46405375,0.11547754,0,0,adulto
ICB_03766_002,ICB_177,copd,AKG C417L Microphone,56.0,0,0,0,0.5350617,0.08761387,0,0,adulto
ICB_03766_003,ICB_177,copd,AKG C417L Microphone,56.0,0,0,0,0.45252421,0.07673357,0,0,adulto
ICB_03766_004,ICB_177,copd,AKG C417L Microphone,56.0,0,0,0,0.42856032,0.10604603,0,0,adulto
ICB_03767_000,ICB_177,copd,AKG C417L Microphone,56.0,0,0,0,0.5624945,0.29049343,0,0,adulto
ICB_03767_001,ICB_177,copd,AKG C417L Microphone,56.0,1,0,0,0.7504828,0.47435117,1,1,adulto
ICB_03767_002,ICB_177,copd,AKG C417L Microphone,56.0,1,0,0,0.6503878,0.1814385,1,1,adulto
ICB_03767_003,ICB_177,copd,AKG C417L Microphone,56.0,1,0,0,0.78874207,0.10397373,1,1,adulto
ICB_03767_004,ICB_177,copd,AKG C417L Microphone,56.0,0,0,0,0.81404346,0.2803049,1,0,adulto
ICB_03768_000,ICB_177,copd,AKG C417L Microphone,56.0,1,0,0,0.68226737,0.09863382,1,1,adulto
ICB_03768_001,ICB_177,copd,AKG C417L Microphone,56.0,0,0,0,0.5223861,0.067753084,0,0,adulto
ICB_03768_002,ICB_177,copd,AKG C417L Microphone,56.0,1,0,0,0.55804414,0.20390743,0,1,adulto
ICB_03768_003,ICB_177,copd,AKG C417L Microphone,56.0,1,0,0,0.5691454,0.10553126,0,1,adulto
ICB_03768_004,ICB_177,copd,AKG C417L Microphone,56.0,1,0,0,0.39565125,0.23957011,0,1,adulto
ICB_03769_000,ICB_177,copd,AKG C417L Microphone,56.0,1,0,0,0.79952186,0.12577595,1,1,adulto
ICB_03769_001,ICB_177,copd,AKG C417L Microphone,56.0,1,0,0,0.85356724,0.41571763,1,1,adulto
ICB_03769_002,ICB_177,copd,AKG C417L Microphone,56.0,1,0,0,0.8462531,0.07403616,1,1,adulto
ICB_03769_003,ICB_177,copd,AKG C417L Microphone,56.0,1,0,0,0.91124725,0.20078866,1,1,adulto
ICB_03769_004,ICB_177,copd,AKG C417L Microphone,56.0,1,0,0,0.9334365,0.13945898,1,1,adulto
ICB_03770_000,ICB_177,copd,AKG C417L Microphone,56.0,1,0,0,0.7468293,0.11401507,1,1,adulto
ICB_03770_001,ICB_177,copd,AKG C417L Microphone,56.0,1,0,0,0.6403667,0.10826011,0,1,adulto
ICB_03770_002,ICB_177,copd,AKG C417L Microphone,56.0,1,0,0,0.8385764,0.068007864,1,1,adulto
ICB_03770_003,ICB_177,copd,AKG C417L Microphone,56.0,1,0,0,0.8959364,0.05982812,1,1,adulto
ICB_03770_004,ICB_177,copd,AKG C417L Microphone,56.0,1,0,0,0.88433313,0.41996595,1,1,adulto
ICB_03771_000,ICB_177,copd,AKG C417L Microphone,56.0,0,0,0,0.6697176,0.3803285,1,0,adulto
ICB_03771_001,ICB_177,copd,AKG C417L Microphone,56.0,0,0,0,0.66355145,0.12158702,1,0,adulto
ICB_03771_002,ICB_177,copd,AKG C417L Microphone,56.0,0,0,0,0.53147495,0.08242669,0,0,adulto
ICB_03771_003,ICB_177,copd,AKG C417L Microphone,56.0,0,0,0,0.63908935,0.22718692,0,0,adulto
ICB_03771_004,ICB_177,copd,AKG C417L Microphone,56.0,0,0,0,0.37935156,0.2384249,0,0,adulto
ICB_03798_000,ICB_180,copd,AKG C417L Microphone,93.0,1,1,0,0.58758676,0.79458356,2,3,adulto
ICB_03798_001,ICB_180,copd,AKG C417L Microphone,93.0,1,1,0,0.44643778,0.78701097,2,3,adulto
ICB_03798_002,ICB_180,copd,AKG C417L Microphone,93.0,1,1,0,0.44948274,0.71187335,0,3,adulto
ICB_03798_003,ICB_180,copd,AKG C417L Microphone,93.0,1,1,0,0.46579865,0.886031,2,3,adulto
ICB_03798_004,ICB_180,copd,AKG C417L Microphone,93.0,1,1,0,0.44783437,0.3724945,0,3,adulto
ICB_03798_005,ICB_180,copd,AKG C417L Microphone,93.0,0,1,0,0.060401272,0.7981767,2,2,adulto
ICB_03799_000,ICB_180,copd,AKG C417L Microphone,93.0,1,1,0,0.23956199,0.8604705,2,3,adulto
ICB_03799_001,ICB_180,copd,AKG C417L Microphone,93.0,1,1,0,0.31893215,0.3921852,0,3,adulto
ICB_03799_002,ICB_180,copd,AKG C417L Microphone,93.0,1,1,0,0.3766011,0.87025344,2,3,adulto
ICB_03799_003,ICB_180,copd,AKG C417L Microphone,93.0,1,1,0,0.28528637,0.8163617,2,3,adulto
ICB_03799_004,ICB_180,copd,AKG C417L Microphone,93.0,1,1,0,0.34121063,0.9474142,2,3,adulto
ICB_03799_005,ICB_180,copd,AKG C417L Microphone,93.0,1,0,0,0.095263004,0.21338065,0,1,adulto
ICB_03800_000,ICB_180,copd,AKG C417L Microphone,93.0,1,1,0,0.6908232,0.6017602,1,3,adulto
ICB_03800_001,ICB_180,copd,AKG C417L Microphone,93.0,1,1,0,0.6604424,0.2404327,1,3,adulto
ICB_03800_002,ICB_180,copd,AKG C417L Microphone,93.0,1,1,0,0.61530334,0.63556933,0,3,adulto
ICB_03800_003,ICB_180,copd,AKG C417L Microphone,93.0,1,1,0,0.65144694,0.5666815,1,3,adulto
ICB_03800_004,ICB_180,copd,AKG C417L Microphone,93.0,1,1,0,0.77940065,0.73803115,1,3,adulto
ICB_03800_005,ICB_180,copd,AKG C417L Microphone,93.0,1,0,0,0.20084646,0.27316993,0,1,adulto
ICB_03801_000,ICB_180,copd,AKG C417L Microphone,93.0,1,1,0,0.28974438,0.19843325,0,3,adulto
ICB_03801_001,ICB_180,copd,AKG C417L Microphone,93.0,1,1,0,0.452685,0.09770945,0,3,adulto
ICB_03801_002,ICB_180,copd,AKG C417L Microphone,93.0,1,1,0,0.27502918,0.7444676,0,3,adulto
ICB_03801_003,ICB_180,copd,AKG C417L Microphone,93.0,1,1,0,0.5714145,0.35535747,0,3,adulto
ICB_03801_004,ICB_180,copd,AKG C417L Microphone,93.0,1,1,0,0.3214522,0.89105403,2,3,adulto
ICB_03801_005,ICB_180,copd,AKG C417L Microphone,93.0,1,0,0,0.30117288,0.5208834,0,1,adulto
ICB_03802_000,ICB_180,copd,AKG C417L Microphone,93.0,1,1,0,0.46179706,0.9456137,2,3,adulto
ICB_03802_001,ICB_180,copd,AKG C417L Microphone,93.0,1,1,0,0.57328606,0.4297049,0,3,adulto
ICB_03802_002,ICB_180,copd,AKG C417L Microphone,93.0,1,1,0,0.5816469,0.839104,2,3,adulto
ICB_03802_003,ICB_180,copd,AKG C417L Microphone,93.0,1,1,0,0.7628973,0.9077588,3,3,adulto
ICB_03802_004,ICB_180,copd,AKG C417L Microphone,93.0,1,1,0,0.4337079,0.97220796,2,3,adulto
ICB_03802_005,ICB_180,copd,AKG C417L Microphone,93.0,1,0,0,0.3345332,0.6951115,0,1,adulto
ICB_03808_000,ICB_183,normal_lung,AKG C417L Microphone,14.0,1,0,0,0.6792269,0.57899725,1,1,pediátrico (<18)
ICB_03808_001,ICB_183,normal_lung,AKG C417L Microphone,14.0,0,0,0,0.53325,0.3464171,0,0,pediátrico (<18)
ICB_03808_002,ICB_183,normal_lung,AKG C417L Microphone,14.0,1,0,0,0.57337284,0.19232836,0,1,pediátrico (<18)
ICB_03808_003,ICB_183,normal_lung,AKG C417L Microphone,14.0,0,0,0,0.72653234,0.09122105,1,0,pediátrico (<18)
ICB_03809_000,ICB_183,normal_lung,AKG C417L Microphone,14.0,0,0,0,0.3797448,0.5527605,0,0,pediátrico (<18)
ICB_03809_001,ICB_183,normal_lung,AKG C417L Microphone,14.0,0,0,0,0.473099,0.3793637,0,0,pediátrico (<18)
ICB_03809_002,ICB_183,normal_lung,AKG C417L Microphone,14.0,0,0,0,0.44464272,0.05025875,0,0,pediátrico (<18)
ICB_03809_003,ICB_183,normal_lung,AKG C417L Microphone,14.0,0,0,0,0.0007690628,0.5563144,0,0,pediátrico (<18)
ICB_03981_000,ICB_207,copd,AKG C417L Microphone,63.0,0,0,0,0.45236433,0.35601175,0,0,adulto
ICB_03981_001,ICB_207,copd,AKG C417L Microphone,63.0,0,0,0,0.44523543,0.18382993,0,0,adulto
ICB_03981_002,ICB_207,copd,AKG C417L Microphone,63.0,0,0,0,0.31535164,0.13245347,0,0,adulto
ICB_03981_003,ICB_207,copd,AKG C417L Microphone,63.0,0,0,0,0.44574642,0.18127042,0,0,adulto
ICB_03981_004,ICB_207,copd,AKG C417L Microphone,63.0,0,0,0,0.42738932,0.42917675,0,0,adulto
ICB_03981_005,ICB_207,copd,AKG C417L Microphone,63.0,0,0,0,0.30019203,0.111140884,0,0,adulto
ICB_03982_000,ICB_207,copd,AKG C417L Microphone,63.0,0,0,0,0.74830455,0.48600233,1,0,adulto
ICB_03982_001,ICB_207,copd,AKG C417L Microphone,63.0,0,0,0,0.21587609,0.1694168,0,0,adulto
ICB_03982_002,ICB_207,copd,AKG C417L Microphone,63.0,0,0,0,0.25976035,0.32028657,0,0,adulto
ICB_03982_003,ICB_207,copd,AKG C417L Microphone,63.0,0,0,0,0.28954047,0.124079764,0,0,adulto
ICB_03982_004,ICB_207,copd,AKG C417L Microphone,63.0,0,0,0,0.58594054,0.099580474,0,0,adulto
ICB_03982_005,ICB_207,copd,AKG C417L Microphone,63.0,0,0,0,0.40907314,0.13673902,0,0,adulto
ICB_03983_000,ICB_207,copd,AKG C417L Microphone,63.0,0,0,0,0.61301726,0.3996707,0,0,adulto
ICB_03983_001,ICB_207,copd,AKG C417L Microphone,63.0,1,0,0,0.12147268,0.35320553,0,1,adulto
ICB_03983_002,ICB_207,copd,AKG C417L Microphone,63.0,0,0,0,0.23338696,0.2576136,0,0,adulto
ICB_03983_003,ICB_207,copd,AKG C417L Microphone,63.0,1,0,0,0.32954386,0.27259713,0,1,adulto
ICB_03983_004,ICB_207,copd,AKG C417L Microphone,63.0,0,0,0,0.18354243,0.6291772,0,0,adulto
ICB_03983_005,ICB_207,copd,AKG C417L Microphone,63.0,0,0,0,0.1811592,0.19554278,0,0,adulto
ICB_03984_000,ICB_207,copd,AKG C417L Microphone,63.0,0,0,0,0.41254827,0.39767602,0,0,adulto
ICB_03984_001,ICB_207,copd,AKG C417L Microphone,63.0,0,0,0,0.38063613,0.20489565,0,0,adulto
ICB_03984_002,ICB_207,copd,AKG C417L Microphone,63.0,0,0,0,0.43516997,0.08165775,0,0,adulto
ICB_03984_003,ICB_207,copd,AKG C417L Microphone,63.0,0,0,0,0.5855516,0.28629783,0,0,adulto
ICB_03984_004,ICB_207,copd,AKG C417L Microphone,63.0,0,0,0,0.49500728,0.10653944,0,0,adulto
ICB_03984_005,ICB_207,copd,AKG C417L Microphone,63.0,0,0,0,0.550231,0.21850027,0,0,adulto
ICB_03985_000,ICB_207,copd,AKG C417L Microphone,63.0,0,0,0,0.34641802,0.38154456,0,0,adulto
ICB_03985_001,ICB_207,copd,AKG C417L Microphone,63.0,0,0,0,0.29730085,0.084570356,0,0,adulto
ICB_03985_002,ICB_207,copd,AKG C417L Microphone,63.0,0,0,0,0.25891313,0.061562654,0,0,adulto
ICB_03985_003,ICB_207,copd,AKG C417L Microphone,63.0,0,0,0,0.28257424,0.14711009,0,0,adulto
ICB_03985_004,ICB_207,copd,AKG C417L Microphone,63.0,0,0,0,0.62503433,0.19504528,0,0,adulto
ICB_03985_005,ICB_207,copd,AKG C417L Microphone,63.0,0,0,0,0.35478383,0.15853573,0,0,adulto
ICB_03986_000,ICB_207,copd,AKG C417L Microphone,63.0,0,0,0,0.2631066,0.082545474,0,0,adulto
ICB_03986_001,ICB_207,copd,AKG C417L Microphone,63.0,1,0,0,0.30478758,0.22605227,0,1,adulto
ICB_03986_002,ICB_207,copd,AKG C417L Microphone,63.0,1,0,0,0.49242103,0.26973817,0,1,adulto
ICB_03986_003,ICB_207,copd,AKG C417L Microphone,63.0,0,0,0,0.21423323,0.3691424,0,0,adulto
ICB_03986_004,ICB_207,copd,AKG C417L Microphone,63.0,0,0,0,0.50898224,0.19874679,0,0,adulto
ICB_03986_005,ICB_207,copd,AKG C417L Microphone,63.0,0,0,0,0.4812892,0.67574763,0,0,adulto
ICB_03987_000,ICB_207,copd,AKG C417L Microphone,63.0,0,0,0,0.28941745,0.18750246,0,0,adulto
ICB_03987_001,ICB_207,copd,AKG C417L Microphone,63.0,0,0,0,0.29238707,0.32875162,0,0,adulto
ICB_03987_002,ICB_207,copd,AKG C417L Microphone,63.0,1,0,0,0.28618354,0.6104188,0,1,adulto
ICB_03987_003,ICB_207,copd,AKG C417L Microphone,63.0,0,0,0,0.27844036,0.24254721,0,0,adulto
ICB_03987_004,ICB_207,copd,AKG C417L Microphone,63.0,0,0,0,0.4777159,0.26228756,0,0,adulto
ICB_03987_005,ICB_207,copd,AKG C417L Microphone,63.0,0,0,0,0.8034163,0.70121276,1,0,adulto
ICB_03988_000,ICB_207,copd,AKG C417L Microphone,63.0,0,0,0,0.28330594,0.22587618,0,0,adulto
ICB_03988_001,ICB_207,copd,AKG C417L Microphone,63.0,0,0,0,0.20969293,0.17414567,0,0,adulto
ICB_03988_002,ICB_207,copd,AKG C417L Microphone,63.0,0,0,0,0.64213955,0.1943025,0,0,adulto
ICB_03988_003,ICB_207,copd,AKG C417L Microphone,63.0,1,0,0,0.50045705,0.37542206,0,1,adulto
ICB_03988_004,ICB_207,copd,AKG C417L Microphone,63.0,0,0,0,0.38797536,0.19001949,0,0,adulto
ICB_03988_005,ICB_207,copd,AKG C417L Microphone,63.0,1,0,0,0.6774087,0.78999144,3,1,adulto
ICB_03989_000,ICB_207,copd,AKG C417L Microphone,63.0,0,0,0,0.29729635,0.2800831,0,0,adulto
ICB_03989_001,ICB_207,copd,AKG C417L Microphone,63.0,0,0,0,0.45530012,0.39869317,0,0,adulto
ICB_03989_002,ICB_207,copd,AKG C417L Microphone,63.0,0,0,0,0.4687266,0.3058395,0,0,adulto
ICB_03989_003,ICB_207,copd,AKG C417L Microphone,63.0,0,0,0,0.28998098,0.4590077,0,0,adulto
ICB_03989_004,ICB_207,copd,AKG C417L Microphone,63.0,0,0,0,0.4805988,0.058403216,0,0,adulto
ICB_03989_005,ICB_207,copd,AKG C417L Microphone,63.0,0,0,0,0.8133271,0.812727,3,0,adulto
ICB_03990_000,ICB_207,copd,AKG C417L Microphone,63.0,0,0,0,0.12787451,0.054974053,0,0,adulto
ICB_03990_001,ICB_207,copd,AKG C417L Microphone,63.0,0,0,0,0.15625499,0.30383065,0,0,adulto
ICB_03990_002,ICB_207,copd,AKG C417L Microphone,63.0,0,0,0,0.2561281,0.33001605,0,0,adulto
ICB_03990_003,ICB_207,copd,AKG C417L Microphone,63.0,0,0,0,0.2746506,0.09806211,0,0,adulto
ICB_03990_004,ICB_207,copd,AKG C417L Microphone,63.0,0,0,0,0.34846044,0.18295681,0,0,adulto
ICB_03990_005,ICB_207,copd,AKG C417L Microphone,63.0,0,0,0,0.49756324,0.12871662,0,0,adulto
ICB_03991_000,ICB_207,copd,AKG C417L Microphone,63.0,1,0,0,0.40715232,0.08587975,0,1,adulto
ICB_03991_001,ICB_207,copd,AKG C417L Microphone,63.0,1,0,0,0.44826466,0.016740832,0,1,adulto
ICB_03991_002,ICB_207,copd,AKG C417L Microphone,63.0,0,0,0,0.18423295,0.19271722,0,0,adulto
ICB_03991_003,ICB_207,copd,AKG C417L Microphone,63.0,1,0,0,0.27275282,0.06436917,0,1,adulto
ICB_03991_004,ICB_207,copd,AKG C417L Microphone,63.0,1,0,0,0.45086023,0.0813413,0,1,adulto
ICB_03992_000,ICB_207,copd,AKG C417L Microphone,63.0,1,0,0,0.17281033,0.61248446,0,1,adulto
ICB_03992_001,ICB_207,copd,AKG C417L Microphone,63.0,1,0,0,0.2453834,0.41905996,0,1,adulto
ICB_03992_002,ICB_207,copd,AKG C417L Microphone,63.0,1,0,0,0.38196233,0.18691802,0,1,adulto
ICB_03992_003,ICB_207,copd,AKG C417L Microphone,63.0,1,0,0,0.40265065,0.24151513,0,1,adulto
ICB_03992_004,ICB_207,copd,AKG C417L Microphone,63.0,1,0,0,0.4238503,0.20744768,0,1,adulto
ICB_03993_000,ICB_207,copd,AKG C417L Microphone,63.0,0,0,0,0.71835274,0.5199876,1,0,adulto
ICB_03993_001,ICB_207,copd,AKG C417L Microphone,63.0,1,0,0,0.6219517,0.34596637,0,1,adulto
ICB_03993_002,ICB_207,copd,AKG C417L Microphone,63.0,1,0,0,0.36600313,0.14005505,0,1,adulto
ICB_03993_003,ICB_207,copd,AKG C417L Microphone,63.0,1,0,0,0.36855352,0.6469613,0,1,adulto
ICB_03993_004,ICB_207,copd,AKG C417L Microphone,63.0,0,0,0,0.3648007,0.67560357,0,0,adulto
ICB_03994_000,ICB_207,copd,AKG C417L Microphone,63.0,1,0,0,0.43918765,0.18857835,0,1,adulto
ICB_03994_001,ICB_207,copd,AKG C417L Microphone,63.0,1,0,0,0.70647866,0.11119521,1,1,adulto
ICB_03994_002,ICB_207,copd,AKG C417L Microphone,63.0,1,0,0,0.6428407,0.15346895,0,1,adulto
ICB_03994_003,ICB_207,copd,AKG C417L Microphone,63.0,0,0,0,0.6831503,0.26566213,1,0,adulto
ICB_03994_004,ICB_207,copd,AKG C417L Microphone,63.0,0,0,0,0.47814846,0.3516844,0,0,adulto
ICB_03995_000,ICB_207,copd,AKG C417L Microphone,63.0,0,0,0,0.45986438,0.13194442,0,0,adulto
ICB_03995_001,ICB_207,copd,AKG C417L Microphone,63.0,0,0,0,0.47482145,0.26387507,0,0,adulto
ICB_03995_002,ICB_207,copd,AKG C417L Microphone,63.0,0,1,0,0.42618415,0.24891314,0,2,adulto
ICB_03995_003,ICB_207,copd,AKG C417L Microphone,63.0,0,0,0,0.41190425,0.23294508,0,0,adulto
ICB_03995_004,ICB_207,copd,AKG C417L Microphone,63.0,0,0,0,0.47164235,0.18721579,0,0,adulto
ICB_03996_000,ICB_207,copd,AKG C417L Microphone,63.0,0,0,0,0.69225276,0.019497536,1,0,adulto
ICB_03996_001,ICB_207,copd,AKG C417L Microphone,63.0,0,0,0,0.45316353,0.0629769,0,0,adulto
ICB_03996_002,ICB_207,copd,AKG C417L Microphone,63.0,0,0,0,0.40290093,0.13300915,0,0,adulto
ICB_03996_003,ICB_207,copd,AKG C417L Microphone,63.0,0,0,0,0.39380088,0.37243384,0,0,adulto
ICB_03996_004,ICB_207,copd,AKG C417L Microphone,63.0,0,0,0,0.6635147,0.113312185,1,0,adulto
ICB_03996_005,ICB_207,copd,AKG C417L Microphone,63.0,0,0,0,0.46066588,0.2539706,0,0,adulto
ICB_03996_006,ICB_207,copd,AKG C417L Microphone,63.0,0,0,0,0.65650064,0.057472344,1,0,adulto
ICB_03996_007,ICB_207,copd,AKG C417L Microphone,63.0,0,0,0,0.6622784,0.4900189,1,0,adulto
ICB_03996_008,ICB_207,copd,AKG C417L Microphone,63.0,0,0,0,0.7856193,0.12182013,1,0,adulto
ICB_03997_000,ICB_207,copd,AKG C417L Microphone,63.0,0,0,0,0.3494884,0.0067766705,0,0,adulto
ICB_03997_001,ICB_207,copd,AKG C417L Microphone,63.0,0,0,0,0.44953072,0.15309058,0,0,adulto
ICB_03997_002,ICB_207,copd,AKG C417L Microphone,63.0,0,0,0,0.113227956,0.2267082,0,0,adulto
ICB_03997_003,ICB_207,copd,AKG C417L Microphone,63.0,0,0,0,0.34821916,0.22831765,0,0,adulto
ICB_03997_004,ICB_207,copd,AKG C417L Microphone,63.0,0,0,0,0.4482556,0.0638831,0,0,adulto
ICB_03997_005,ICB_207,copd,AKG C417L Microphone,63.0,0,0,0,0.14709246,0.22669642,0,0,adulto
ICB_03997_006,ICB_207,copd,AKG C417L Microphone,63.0,0,0,0,0.29831892,0.07165103,0,0,adulto
ICB_03997_007,ICB_207,copd,AKG C417L Microphone,63.0,0,0,0,0.32616484,0.13458847,0,0,adulto
ICB_03997_008,ICB_207,copd,AKG C417L Microphone,63.0,0,0,0,0.21492279,0.04964052,0,0,adulto
ICB_03998_000,ICB_207,copd,AKG C417L Microphone,63.0,0,0,0,0.25518584,0.24936314,0,0,adulto
ICB_03998_001,ICB_207,copd,AKG C417L Microphone,63.0,0,0,0,0.5230188,0.14702967,0,0,adulto
ICB_03998_002,ICB_207,copd,AKG C417L Microphone,63.0,0,0,0,0.2529556,0.30068395,0,0,adulto
ICB_03998_003,ICB_207,copd,AKG C417L Microphone,63.0,0,0,0,0.27597907,0.18570593,0,0,adulto
ICB_03998_004,ICB_207,copd,AKG C417L Microphone,63.0,0,0,0,0.37987465,0.12243359,0,0,adulto
ICB_03998_005,ICB_207,copd,AKG C417L Microphone,63.0,0,0,0,0.6224355,0.24706419,0,0,adulto
ICB_03998_006,ICB_207,copd,AKG C417L Microphone,63.0,0,0,0,0.34773317,0.12932539,0,0,adulto
ICB_03998_007,ICB_207,copd,AKG C417L Microphone,63.0,0,0,0,0.4786295,0.1262409,0,0,adulto
ICB_03998_008,ICB_207,copd,AKG C417L Microphone,63.0,0,0,0,0.31914255,0.32217184,0,0,adulto
ICB_03999_000,ICB_207,copd,AKG C417L Microphone,63.0,0,0,0,0.28862336,0.084136754,0,0,adulto
ICB_03999_001,ICB_207,copd,AKG C417L Microphone,63.0,0,0,0,0.14953527,0.050748926,0,0,adulto
ICB_03999_002,ICB_207,copd,AKG C417L Microphone,63.0,0,0,0,0.20704076,0.04632738,0,0,adulto
ICB_03999_003,ICB_207,copd,AKG C417L Microphone,63.0,0,0,0,0.22738414,0.0077777975,0,0,adulto
ICB_03999_004,ICB_207,copd,AKG C417L Microphone,63.0,0,0,0,0.30902222,0.016579855,0,0,adulto
ICB_03999_005,ICB_207,copd,AKG C417L Microphone,63.0,0,0,0,0.07123326,0.13856074,0,0,adulto
ICB_03999_006,ICB_207,copd,AKG C417L Microphone,63.0,0,0,0,0.17890058,0.063431635,0,0,adulto
ICB_03999_007,ICB_207,copd,AKG C417L Microphone,63.0,0,0,0,0.21317135,0.27433157,0,0,adulto
ICB_03999_008,ICB_207,copd,AKG C417L Microphone,63.0,0,0,0,0.4010456,0.040388957,0,0,adulto
ICB_04000_000,ICB_207,copd,AKG C417L Microphone,63.0,0,0,0,0.29239383,0.25166294,0,0,adulto
ICB_04000_001,ICB_207,copd,AKG C417L Microphone,63.0,0,0,0,0.41658682,0.3450064,0,0,adulto
ICB_04000_002,ICB_207,copd,AKG C417L Microphone,63.0,0,0,0,0.2884465,0.19290666,0,0,adulto
ICB_04000_003,ICB_207,copd,AKG C417L Microphone,63.0,0,0,0,0.74465626,0.09182293,1,0,adulto
ICB_04000_004,ICB_207,copd,AKG C417L Microphone,63.0,0,0,0,0.2757958,0.19760315,0,0,adulto
ICB_04000_005,ICB_207,copd,AKG C417L Microphone,63.0,0,0,0,0.13704848,0.31719795,0,0,adulto
ICB_04000_006,ICB_207,copd,AKG C417L Microphone,63.0,0,0,0,0.34974357,0.0850646,0,0,adulto
ICB_04000_007,ICB_207,copd,AKG C417L Microphone,63.0,0,0,0,0.40851715,0.08574514,0,0,adulto
ICB_04000_008,ICB_207,copd,AKG C417L Microphone,63.0,0,0,0,0.23490167,0.12936628,0,0,adulto
ICB_04001_000,ICB_207,copd,AKG C417L Microphone,63.0,0,0,0,0.19989827,0.04294823,0,0,adulto
ICB_04001_001,ICB_207,copd,AKG C417L Microphone,63.0,0,0,0,0.18204859,0.15511341,0,0,adulto
ICB_04001_002,ICB_207,copd,AKG C417L Microphone,63.0,0,0,0,0.26465845,0.5551475,0,0,adulto
ICB_04001_003,ICB_207,copd,AKG C417L Microphone,63.0,0,0,0,0.13146159,0.076897144,0,0,adulto
ICB_04001_004,ICB_207,copd,AKG C417L Microphone,63.0,0,0,0,0.3220148,0.05261811,0,0,adulto
ICB_04001_005,ICB_207,copd,AKG C417L Microphone,63.0,0,0,0,0.28556943,0.24153307,0,0,adulto
ICB_04001_006,ICB_207,copd,AKG C417L Microphone,63.0,0,0,0,0.3634676,0.14453004,0,0,adulto
ICB_04001_007,ICB_207,copd,AKG C417L Microphone,63.0,0,0,0,0.059537884,0.11385113,0,0,adulto
ICB_04001_008,ICB_207,copd,AKG C417L Microphone,63.0,0,0,0,0.31610197,0.26354107,0,0,adulto
ICB_04035_000,ICB_214,normal_lung,AKG C417L Microphone,5.0,0,0,0,0.58412683,0.22528869,0,0,pediátrico (<18)
ICB_04035_001,ICB_214,normal_lung,AKG C417L Microphone,5.0,0,0,0,0.4092929,0.36986136,0,0,pediátrico (<18)
ICB_04035_002,ICB_214,normal_lung,AKG C417L Microphone,5.0,0,0,0,0.3105113,0.050232697,0,0,pediátrico (<18)
ICB_04035_003,ICB_214,normal_lung,AKG C417L Microphone,5.0,0,0,0,0.37381276,0.22343603,0,0,pediátrico (<18)
ICB_04035_004,ICB_214,normal_lung,AKG C417L Microphone,5.0,0,0,0,0.2923415,0.16836509,0,0,pediátrico (<18)
ICB_04035_005,ICB_214,normal_lung,AKG C417L Microphone,5.0,0,0,0,0.36136374,0.44424838,0,0,pediátrico (<18)
ICB_04035_006,ICB_214,normal_lung,AKG C417L Microphone,5.0,0,0,0,0.63147944,0.4348776,0,0,pediátrico (<18)
ICB_04038_000,ICB_216,bronchiolitis_asthma,AKG C417L Microphone,1.0,1,0,0,0.023779895,0.033101764,0,1,pediátrico (<18)
ICB_04038_001,ICB_216,bronchiolitis_asthma,AKG C417L Microphone,1.0,0,0,0,0.5045197,0.07273922,0,0,pediátrico (<18)
ICB_04038_002,ICB_216,bronchiolitis_asthma,AKG C417L Microphone,1.0,1,0,0,0.21989788,0.12840818,0,1,pediátrico (<18)
ICB_04038_003,ICB_216,bronchiolitis_asthma,AKG C417L Microphone,1.0,1,0,0,0.13297139,0.16592106,0,1,pediátrico (<18)
ICB_04038_004,ICB_216,bronchiolitis_asthma,AKG C417L Microphone,1.0,1,0,0,0.23389949,0.150917,0,1,pediátrico (<18)
ICB_04038_005,ICB_216,bronchiolitis_asthma,AKG C417L Microphone,1.0,0,0,0,0.30471766,0.11882465,0,0,pediátrico (<18)
ICB_04038_006,ICB_216,bronchiolitis_asthma,AKG C417L Microphone,1.0,0,0,0,0.13979952,0.03604155,0,0,pediátrico (<18)
ICB_04038_007,ICB_216,bronchiolitis_asthma,AKG C417L Microphone,1.0,0,0,0,0.51042634,0.12952244,0,0,pediátrico (<18)
ICB_04038_008,ICB_216,bronchiolitis_asthma,AKG C417L Microphone,1.0,0,0,0,0.45762917,0.1112637,0,0,pediátrico (<18)
ICB_04038_009,ICB_216,bronchiolitis_asthma,AKG C417L Microphone,1.0,0,0,0,0.18746066,0.28250948,0,0,pediátrico (<18)
ICB_04038_010,ICB_216,bronchiolitis_asthma,AKG C417L Microphone,1.0,0,0,0,0.1447533,0.17365146,0,0,pediátrico (<18)
ICB_04038_011,ICB_216,bronchiolitis_asthma,AKG C417L Microphone,1.0,0,0,0,0.18114074,0.4977464,0,0,pediátrico (<18)
ICB_04039_000,ICB_216,bronchiolitis_asthma,AKG C417L Microphone,1.0,0,1,0,0.74521136,0.21532577,1,2,pediátrico (<18)
ICB_04039_001,ICB_216,bronchiolitis_asthma,AKG C417L Microphone,1.0,0,1,0,0.3274128,0.6546229,0,2,pediátrico (<18)
ICB_04039_002,ICB_216,bronchiolitis_asthma,AKG C417L Microphone,1.0,0,1,0,0.49696088,0.90598387,2,2,pediátrico (<18)
ICB_04039_003,ICB_216,bronchiolitis_asthma,AKG C417L Microphone,1.0,0,1,0,0.18144253,0.6210468,0,2,pediátrico (<18)
ICB_04039_004,ICB_216,bronchiolitis_asthma,AKG C417L Microphone,1.0,0,1,0,0.110992044,0.48623067,0,2,pediátrico (<18)
ICB_04039_005,ICB_216,bronchiolitis_asthma,AKG C417L Microphone,1.0,0,1,0,0.5261159,0.63118225,0,2,pediátrico (<18)
ICB_04039_006,ICB_216,bronchiolitis_asthma,AKG C417L Microphone,1.0,0,1,0,0.3013291,0.32822752,0,2,pediátrico (<18)
ICB_04039_007,ICB_216,bronchiolitis_asthma,AKG C417L Microphone,1.0,0,1,0,0.26370963,0.4035248,0,2,pediátrico (<18)
ICB_04039_008,ICB_216,bronchiolitis_asthma,AKG C417L Microphone,1.0,0,0,0,0.1499586,0.42088467,0,0,pediátrico (<18)
ICB_04039_009,ICB_216,bronchiolitis_asthma,AKG C417L Microphone,1.0,0,0,0,0.6650622,0.5572268,1,0,pediátrico (<18)
ICB_04049_000,ICB_219,pneumonia,3M Littmann Classic II SE,81.0,0,0,0,0.46700254,0.355958,0,0,adulto
ICB_04049_001,ICB_219,pneumonia,3M Littmann Classic II SE,81.0,0,0,0,0.57664216,0.49261054,0,0,adulto
ICB_04049_002,ICB_219,pneumonia,3M Littmann Classic II SE,81.0,0,0,0,0.76856536,0.816676,3,0,adulto
ICB_04049_003,ICB_219,pneumonia,3M Littmann Classic II SE,81.0,0,0,0,0.67355996,0.6255384,1,0,adulto
ICB_04049_004,ICB_219,pneumonia,3M Littmann Classic II SE,81.0,0,0,0,0.44450668,0.2604203,0,0,adulto
ICB_04050_000,ICB_219,pneumonia,3M Littmann Classic II SE,81.0,0,0,0,0.71866506,0.5761971,1,0,adulto
ICB_04050_001,ICB_219,pneumonia,3M Littmann Classic II SE,81.0,0,0,0,0.71686083,0.7365472,1,0,adulto
ICB_04050_002,ICB_219,pneumonia,3M Littmann Classic II SE,81.0,0,0,0,0.61632204,0.46154186,0,0,adulto
ICB_04050_003,ICB_219,pneumonia,3M Littmann Classic II SE,81.0,0,0,0,0.524383,0.21540348,0,0,adulto
ICB_04050_004,ICB_219,pneumonia,3M Littmann Classic II SE,81.0,0,0,0,0.2859426,0.27947354,0,0,adulto
ICB_04051_000,ICB_219,pneumonia,3M Littmann Classic II SE,81.0,0,0,0,0.8029953,0.5055788,1,0,adulto
ICB_04051_001,ICB_219,pneumonia,3M Littmann Classic II SE,81.0,0,0,0,0.7939424,0.5791645,1,0,adulto
ICB_04051_002,ICB_219,pneumonia,3M Littmann Classic II SE,81.0,1,0,0,0.8494927,0.77244735,3,1,adulto
ICB_04051_003,ICB_219,pneumonia,3M Littmann Classic II SE,81.0,0,0,0,0.44150797,0.20861007,0,0,adulto
ICB_04051_004,ICB_219,pneumonia,3M Littmann Classic II SE,81.0,0,0,0,0.64147323,0.47270223,0,0,adulto
ICB_04052_000,ICB_219,pneumonia,3M Littmann Classic II SE,81.0,0,0,0,0.2867178,0.12145698,0,0,adulto
ICB_04052_001,ICB_219,pneumonia,3M Littmann Classic II SE,81.0,0,0,0,0.57383007,0.35214564,0,0,adulto
ICB_04052_002,ICB_219,pneumonia,3M Littmann Classic II SE,81.0,0,0,0,0.68649954,0.2653165,1,0,adulto
ICB_04052_003,ICB_219,pneumonia,3M Littmann Classic II SE,81.0,0,0,0,0.40633172,0.13802585,0,0,adulto
ICB_04052_004,ICB_219,pneumonia,3M Littmann Classic II SE,81.0,0,0,0,0.4078434,0.3893483,0,0,adulto
ICB_04052_005,ICB_219,pneumonia,3M Littmann Classic II SE,81.0,0,0,0,0.15615556,0.14818609,0,0,adulto
ICB_04053_000,ICB_219,pneumonia,3M Littmann Classic II SE,81.0,0,0,0,0.72031295,0.559255,1,0,adulto
ICB_04053_001,ICB_219,pneumonia,3M Littmann Classic II SE,81.0,0,0,0,0.6205392,0.08997972,0,0,adulto
ICB_04053_002,ICB_219,pneumonia,3M Littmann Classic II SE,81.0,0,0,0,0.4603219,0.72755325,0,0,adulto
ICB_04053_003,ICB_219,pneumonia,3M Littmann Classic II SE,81.0,0,0,0,0.5427285,0.1390703,0,0,adulto
ICB_04053_004,ICB_219,pneumonia,3M Littmann Classic II SE,81.0,0,0,0,0.515898,0.45876017,0,0,adulto
ICB_04071_000,ICB_223,copd,WelchAllyn Meditron Master Elite,,0,0,0,0.6115441,0.16176572,0,0,desconocida
ICB_04071_001,ICB_223,copd,WelchAllyn Meditron Master Elite,,0,0,0,0.16992642,0.47014883,0,0,desconocida
ICB_04071_002,ICB_223,copd,WelchAllyn Meditron Master Elite,,0,0,0,0.60722,0.08533231,0,0,desconocida
ICB_04071_003,ICB_223,copd,WelchAllyn Meditron Master Elite,,0,0,0,0.60576594,0.12612124,0,0,desconocida
ICB_04071_004,ICB_223,copd,WelchAllyn Meditron Master Elite,,0,0,0,0.8058178,0.17054501,1,0,desconocida
ICB_04071_005,ICB_223,copd,WelchAllyn Meditron Master Elite,,0,0,0,0.3932465,0.38538644,0,0,desconocida
ICB_04071_006,ICB_223,copd,WelchAllyn Meditron Master Elite,,0,0,0,0.6368855,0.16609165,0,0,desconocida
ICB_04071_007,ICB_223,copd,WelchAllyn Meditron Master Elite,,0,0,0,0.5510325,0.17171392,0,0,desconocida
ICB_04071_008,ICB_223,copd,WelchAllyn Meditron Master Elite,,0,0,0,0.32752815,0.5736098,0,0,desconocida
ICB_04071_009,ICB_223,copd,WelchAllyn Meditron Master Elite,,0,0,0,0.770173,0.16805597,1,0,desconocida
ICB_04072_000,ICB_223,copd,WelchAllyn Meditron Master Elite,,0,1,0,0.31431457,0.15110248,0,2,desconocida
ICB_04072_001,ICB_223,copd,WelchAllyn Meditron Master Elite,,0,1,0,0.47748178,0.18080416,0,2,desconocida
ICB_04072_002,ICB_223,copd,WelchAllyn Meditron Master Elite,,0,1,0,0.27765098,0.05491891,0,2,desconocida
ICB_04072_003,ICB_223,copd,WelchAllyn Meditron Master Elite,,0,1,0,0.4661957,0.064675,0,2,desconocida
ICB_04072_004,ICB_223,copd,WelchAllyn Meditron Master Elite,,0,1,0,0.38942692,0.3520252,0,2,desconocida
ICB_04072_005,ICB_223,copd,WelchAllyn Meditron Master Elite,,0,1,0,0.32918406,0.13330847,0,2,desconocida
ICB_04072_006,ICB_223,copd,WelchAllyn Meditron Master Elite,,0,1,0,0.4240109,0.1094076,0,2,desconocida
ICB_04072_007,ICB_223,copd,WelchAllyn Meditron Master Elite,,0,1,0,0.35155943,0.16893625,0,2,desconocida
ICB_04072_008,ICB_223,copd,WelchAllyn Meditron Master Elite,,0,1,0,0.2525255,0.19928823,0,2,desconocida
ICB_04072_009,ICB_223,copd,WelchAllyn Meditron Master Elite,,0,1,0,0.46113133,0.45134,0,2,desconocida
ICB_04073_000,ICB_223,copd,WelchAllyn Meditron Master Elite,,1,0,0,0.45564872,0.27750728,0,1,desconocida
ICB_04073_001,ICB_223,copd,WelchAllyn Meditron Master Elite,,0,0,0,0.31672856,0.038851593,0,0,desconocida
ICB_04073_002,ICB_223,copd,WelchAllyn Meditron Master Elite,,1,0,0,0.44925413,0.26689652,0,1,desconocida
ICB_04073_003,ICB_223,copd,WelchAllyn Meditron Master Elite,,1,0,0,0.37785128,0.27515468,0,1,desconocida
ICB_04073_004,ICB_223,copd,WelchAllyn Meditron Master Elite,,1,0,0,0.48860723,0.36224166,0,1,desconocida
ICB_04073_005,ICB_223,copd,WelchAllyn Meditron Master Elite,,1,0,0,0.1681238,0.07873146,0,1,desconocida
ICB_04073_006,ICB_223,copd,WelchAllyn Meditron Master Elite,,1,0,0,0.46438983,0.2567471,0,1,desconocida
ICB_04073_007,ICB_223,copd,WelchAllyn Meditron Master Elite,,1,0,0,0.5329144,0.14608198,0,1,desconocida
ICB_04073_008,ICB_223,copd,WelchAllyn Meditron Master Elite,,1,0,0,0.34025735,0.44249967,0,1,desconocida
ICB_04073_009,ICB_223,copd,WelchAllyn Meditron Master Elite,,1,0,0,0.41460565,0.11218131,0,1,desconocida
ICB_04074_000,ICB_223,copd,WelchAllyn Meditron Master Elite,,1,0,0,0.6306831,0.88331056,2,1,desconocida
ICB_04074_001,ICB_223,copd,WelchAllyn Meditron Master Elite,,1,0,0,0.3197953,0.09912671,0,1,desconocida
ICB_04074_002,ICB_223,copd,WelchAllyn Meditron Master Elite,,1,0,0,0.2989042,0.1324608,0,1,desconocida
ICB_04074_003,ICB_223,copd,WelchAllyn Meditron Master Elite,,1,0,0,0.3240269,0.22020479,0,1,desconocida
ICB_04074_004,ICB_223,copd,WelchAllyn Meditron Master Elite,,1,0,0,0.6157199,0.36386,0,1,desconocida
ICB_04074_005,ICB_223,copd,WelchAllyn Meditron Master Elite,,1,0,0,0.283893,0.051254123,0,1,desconocida
ICB_04074_006,ICB_223,copd,WelchAllyn Meditron Master Elite,,1,0,0,0.58724785,0.5170037,0,1,desconocida
ICB_04074_007,ICB_223,copd,WelchAllyn Meditron Master Elite,,1,0,0,0.42502785,0.09752355,0,1,desconocida
ICB_04074_008,ICB_223,copd,WelchAllyn Meditron Master Elite,,1,0,0,0.5905849,0.4438456,0,1,desconocida
ICB_04074_009,ICB_223,copd,WelchAllyn Meditron Master Elite,,1,0,0,0.65051174,0.7533025,3,1,desconocida
ICB_04075_000,ICB_223,copd,WelchAllyn Meditron Master Elite,,0,0,0,0.40820977,0.5032525,0,0,desconocida
ICB_04075_001,ICB_223,copd,WelchAllyn Meditron Master Elite,,0,0,0,0.3911581,0.17763668,0,0,desconocida
ICB_04075_002,ICB_223,copd,WelchAllyn Meditron Master Elite,,0,0,0,0.568514,0.8803679,2,0,desconocida
ICB_04075_003,ICB_223,copd,WelchAllyn Meditron Master Elite,,0,0,0,0.4977274,0.7499338,0,0,desconocida
ICB_04075_004,ICB_223,copd,WelchAllyn Meditron Master Elite,,0,0,0,0.33050865,0.1613737,0,0,desconocida
ICB_04075_005,ICB_223,copd,WelchAllyn Meditron Master Elite,,0,0,0,0.2449553,0.59394985,0,0,desconocida
ICB_04075_006,ICB_223,copd,WelchAllyn Meditron Master Elite,,0,0,0,0.33901533,0.61471653,0,0,desconocida
ICB_04075_007,ICB_223,copd,WelchAllyn Meditron Master Elite,,0,0,0,0.47556138,0.20301926,0,0,desconocida
ICB_04075_008,ICB_223,copd,WelchAllyn Meditron Master Elite,,0,0,0,0.43518868,0.8633913,2,0,desconocida
ICB_04075_009,ICB_223,copd,WelchAllyn Meditron Master Elite,,0,0,0,0.46661004,0.3828832,0,0,desconocida
ICB_04075_010,ICB_223,copd,WelchAllyn Meditron Master Elite,,0,0,0,0.6348557,0.3676201,0,0,desconocida
ICB_04076_000,ICB_223,copd,WelchAllyn Meditron Master Elite,,0,0,0,0.5298688,0.24334295,0,0,desconocida
ICB_04076_001,ICB_223,copd,WelchAllyn Meditron Master Elite,,0,0,0,0.7526876,0.438268,1,0,desconocida
ICB_04076_002,ICB_223,copd,WelchAllyn Meditron Master Elite,,0,0,0,0.36363983,0.8868586,2,0,desconocida
ICB_04076_003,ICB_223,copd,WelchAllyn Meditron Master Elite,,0,0,0,0.38682684,0.5949854,0,0,desconocida
ICB_04076_004,ICB_223,copd,WelchAllyn Meditron Master Elite,,0,0,0,0.5495962,0.29535645,0,0,desconocida
ICB_04076_005,ICB_223,copd,WelchAllyn Meditron Master Elite,,0,0,0,0.50908667,0.6518065,0,0,desconocida
ICB_04076_006,ICB_223,copd,WelchAllyn Meditron Master Elite,,0,0,0,0.3910583,0.59208834,0,0,desconocida
ICB_04076_007,ICB_223,copd,WelchAllyn Meditron Master Elite,,0,1,0,0.43076247,0.8968624,2,2,desconocida
ICB_04076_008,ICB_223,copd,WelchAllyn Meditron Master Elite,,0,1,0,0.5782784,0.58512974,0,2,desconocida
ICB_04076_009,ICB_223,copd,WelchAllyn Meditron Master Elite,,0,1,0,0.30447686,0.896364,2,2,desconocida
ICB_03165_000,ICB_102,normal_lung,AKG C417L Microphone,0.75,0,0,1,0.69497514,0.28195623,0,0,pediátrico (<18)
ICB_03165_001,ICB_102,normal_lung,AKG C417L Microphone,0.75,0,0,1,0.54686964,0.18264717,0,0,pediátrico (<18)
ICB_03165_002,ICB_102,normal_lung,AKG C417L Microphone,0.75,0,0,1,0.87061113,0.16314389,1,0,pediátrico (<18)
ICB_03165_003,ICB_102,normal_lung,AKG C417L Microphone,0.75,0,0,1,0.51675445,0.24152973,0,0,pediátrico (<18)
ICB_03165_004,ICB_102,normal_lung,AKG C417L Microphone,0.75,0,0,1,0.48969468,0.36183152,0,0,pediátrico (<18)
ICB_03165_005,ICB_102,normal_lung,AKG C417L Microphone,0.75,0,0,1,0.54250485,0.30874133,0,0,pediátrico (<18)
ICB_03165_006,ICB_102,normal_lung,AKG C417L Microphone,0.75,0,0,1,0.7105835,0.17715083,1,0,pediátrico (<18)
ICB_03165_007,ICB_102,normal_lung,AKG C417L Microphone,0.75,0,0,1,0.54258806,0.43016058,0,0,pediátrico (<18)
ICB_03165_008,ICB_102,normal_lung,AKG C417L Microphone,0.75,0,0,1,0.5309379,0.36420375,0,0,pediátrico (<18)
ICB_03165_009,ICB_102,normal_lung,AKG C417L Microphone,0.75,0,0,1,0.50842744,0.23846659,0,0,pediátrico (<18)
ICB_03165_010,ICB_102,normal_lung,AKG C417L Microphone,0.75,0,0,1,0.49712184,0.47135448,0,0,pediátrico (<18)
ICB_03165_011,ICB_102,normal_lung,AKG C417L Microphone,0.75,0,0,1,0.43633148,0.5786684,0,0,pediátrico (<18)
ICB_03165_012,ICB_102,normal_lung,AKG C417L Microphone,0.75,0,0,1,0.061141185,0.13392992,0,0,pediátrico (<18)
ICB_03166_000,ICB_103,bronchiolitis_asthma,3M Littmann Classic II SE,70.0,0,1,1,0.7621138,0.54447967,1,2,adulto
ICB_03166_001,ICB_103,bronchiolitis_asthma,3M Littmann Classic II SE,70.0,0,0,1,0.6855094,0.53028417,0,0,adulto
ICB_03166_002,ICB_103,bronchiolitis_asthma,3M Littmann Classic II SE,70.0,0,1,1,0.6477889,0.50698996,0,2,adulto
ICB_03166_003,ICB_103,bronchiolitis_asthma,3M Littmann Classic II SE,70.0,0,1,1,0.732818,0.39727497,1,2,adulto
ICB_03166_004,ICB_103,bronchiolitis_asthma,3M Littmann Classic II SE,70.0,0,1,1,0.65232307,0.4789788,0,2,adulto
ICB_03166_005,ICB_103,bronchiolitis_asthma,3M Littmann Classic II SE,70.0,0,0,1,0.746323,0.14954272,1,0,adulto
ICB_03167_000,ICB_104,copd,3M Littmann 3200 Electronic,70.0,0,0,1,0.06112991,0.59473383,0,0,adulto
ICB_03167_001,ICB_104,copd,3M Littmann 3200 Electronic,70.0,0,0,1,0.062161427,0.5356631,0,0,adulto
ICB_03167_002,ICB_104,copd,3M Littmann 3200 Electronic,70.0,0,0,1,0.09810525,0.50144464,0,0,adulto
ICB_03167_003,ICB_104,copd,3M Littmann 3200 Electronic,70.0,0,0,1,0.06633312,0.6376533,0,0,adulto
ICB_03167_004,ICB_104,copd,3M Littmann 3200 Electronic,70.0,0,0,1,0.16186175,0.9411528,2,0,adulto
ICB_03167_005,ICB_104,copd,3M Littmann 3200 Electronic,70.0,0,0,1,0.26627678,0.5766158,0,0,adulto
ICB_03168_000,ICB_104,copd,3M Littmann 3200 Electronic,70.0,0,1,1,0.49804926,0.13293736,0,2,adulto
ICB_03168_001,ICB_104,copd,3M Littmann 3200 Electronic,70.0,0,1,1,0.11782873,0.7859813,0,2,adulto
ICB_03168_002,ICB_104,copd,3M Littmann 3200 Electronic,70.0,0,1,1,0.102316245,0.722364,0,2,adulto
ICB_03168_003,ICB_104,copd,3M Littmann 3200 Electronic,70.0,0,1,1,0.30200827,0.66887546,0,2,adulto
ICB_03168_004,ICB_104,copd,3M Littmann 3200 Electronic,70.0,0,1,1,0.08908415,0.75434977,0,2,adulto
ICB_03168_005,ICB_104,copd,3M Littmann 3200 Electronic,70.0,0,1,1,0.103325486,0.38580734,0,2,adulto
ICB_03168_006,ICB_104,copd,3M Littmann 3200 Electronic,70.0,0,1,1,0.07187653,0.6604698,0,2,adulto
ICB_03168_007,ICB_104,copd,3M Littmann 3200 Electronic,70.0,0,1,1,0.07282893,0.5365673,0,2,adulto
ICB_03168_008,ICB_104,copd,3M Littmann 3200 Electronic,70.0,0,1,1,0.10208435,0.5150136,0,2,adulto
ICB_03168_009,ICB_104,copd,3M Littmann 3200 Electronic,70.0,0,1,1,0.11048453,0.61962646,0,2,adulto
ICB_03168_010,ICB_104,copd,3M Littmann 3200 Electronic,70.0,0,0,1,0.19124328,0.54448456,0,0,adulto
ICB_03168_011,ICB_104,copd,3M Littmann 3200 Electronic,70.0,0,0,1,0.26519206,0.3003691,0,0,adulto
ICB_03168_012,ICB_104,copd,3M Littmann 3200 Electronic,70.0,0,0,1,0.09570372,0.3771633,0,0,adulto
ICB_03168_013,ICB_104,copd,3M Littmann 3200 Electronic,70.0,0,0,1,0.14053522,0.23395656,0,0,adulto
ICB_03169_000,ICB_104,copd,3M Littmann 3200 Electronic,70.0,0,0,1,0.11103204,0.2895448,0,0,adulto
ICB_03169_001,ICB_104,copd,3M Littmann 3200 Electronic,70.0,0,0,1,0.16906591,0.6014551,0,0,adulto
ICB_03169_002,ICB_104,copd,3M Littmann 3200 Electronic,70.0,0,0,1,0.1792166,0.47784775,0,0,adulto
ICB_03169_003,ICB_104,copd,3M Littmann 3200 Electronic,70.0,0,0,1,0.2372458,0.51337504,0,0,adulto
ICB_03169_004,ICB_104,copd,3M Littmann 3200 Electronic,70.0,1,0,1,0.14399397,0.41243476,0,1,adulto
ICB_03169_005,ICB_104,copd,3M Littmann 3200 Electronic,70.0,0,0,1,0.113617115,0.7940843,0,0,adulto
ICB_03169_006,ICB_104,copd,3M Littmann 3200 Electronic,70.0,0,0,1,0.20586132,0.916151,2,0,adulto
ICB_03170_000,ICB_104,copd,3M Littmann 3200 Electronic,70.0,0,0,1,0.36888945,0.82784146,2,0,adulto
ICB_03170_001,ICB_104,copd,3M Littmann 3200 Electronic,70.0,0,0,1,0.37167874,0.80347997,2,0,adulto
ICB_03170_002,ICB_104,copd,3M Littmann 3200 Electronic,70.0,0,0,1,0.3610528,0.6646482,0,0,adulto
ICB_03170_003,ICB_104,copd,3M Littmann 3200 Electronic,70.0,0,0,1,0.114717804,0.5961757,0,0,adulto
ICB_03170_004,ICB_104,copd,3M Littmann 3200 Electronic,70.0,0,0,1,0.23031226,0.86803186,2,0,adulto
ICB_03171_000,ICB_104,copd,3M Littmann 3200 Electronic,70.0,0,0,1,0.15864831,0.1796648,0,0,adulto
ICB_03171_001,ICB_104,copd,3M Littmann 3200 Electronic,70.0,0,0,1,0.115301795,0.6205371,0,0,adulto
ICB_03171_002,ICB_104,copd,3M Littmann 3200 Electronic,70.0,0,0,1,0.18972199,0.6663556,0,0,adulto
ICB_03171_003,ICB_104,copd,3M Littmann 3200 Electronic,70.0,0,0,1,0.150022,0.46557546,0,0,adulto
ICB_03171_004,ICB_104,copd,3M Littmann 3200 Electronic,70.0,0,0,1,0.33078974,0.40469903,0,0,adulto
ICB_03171_005,ICB_104,copd,3M Littmann 3200 Electronic,70.0,0,0,1,0.15598698,0.68899626,0,0,adulto
ICB_03171_006,ICB_104,copd,3M Littmann 3200 Electronic,70.0,0,0,1,0.09920152,0.32673725,0,0,adulto
ICB_03171_007,ICB_104,copd,3M Littmann 3200 Electronic,70.0,0,0,1,0.09174254,0.59220064,0,0,adulto
ICB_03171_008,ICB_104,copd,3M Littmann 3200 Electronic,70.0,0,0,1,0.16062625,0.52524525,0,0,adulto
ICB_03171_009,ICB_104,copd,3M Littmann 3200 Electronic,70.0,0,0,1,0.08640369,0.36425596,0,0,adulto
ICB_03171_010,ICB_104,copd,3M Littmann 3200 Electronic,70.0,0,0,1,0.0957068,0.7751398,0,0,adulto
ICB_03171_011,ICB_104,copd,3M Littmann 3200 Electronic,70.0,0,0,1,0.114046,0.46386155,0,0,adulto
ICB_03171_012,ICB_104,copd,3M Littmann 3200 Electronic,70.0,0,0,1,0.04173261,0.250374,0,0,adulto
ICB_03172_000,ICB_104,copd,3M Littmann 3200 Electronic,70.0,0,0,1,0.11645419,0.36524335,0,0,adulto
ICB_03172_001,ICB_104,copd,3M Littmann 3200 Electronic,70.0,0,0,1,0.12605716,0.61488193,0,0,adulto
ICB_03172_002,ICB_104,copd,3M Littmann 3200 Electronic,70.0,0,0,1,0.06278621,0.46355167,0,0,adulto
ICB_03172_003,ICB_104,copd,3M Littmann 3200 Electronic,70.0,0,0,1,0.1436277,0.25870138,0,0,adulto
ICB_03172_004,ICB_104,copd,3M Littmann 3200 Electronic,70.0,0,0,1,0.07540145,0.4447529,0,0,adulto
ICB_03172_005,ICB_104,copd,3M Littmann 3200 Electronic,70.0,0,0,1,0.07180309,0.6620818,0,0,adulto
ICB_03172_006,ICB_104,copd,3M Littmann 3200 Electronic,70.0,0,0,1,0.16462262,0.49256608,0,0,adulto
ICB_03172_007,ICB_104,copd,3M Littmann 3200 Electronic,70.0,0,0,1,0.13250041,0.326587,0,0,adulto
ICB_03172_008,ICB_104,copd,3M Littmann 3200 Electronic,70.0,0,0,1,0.072189935,0.50533557,0,0,adulto
ICB_03172_009,ICB_104,copd,3M Littmann 3200 Electronic,70.0,0,0,1,0.05476157,0.9097911,2,0,adulto
ICB_03176_000,ICB_107,copd,AKG C417L Microphone,75.0,1,0,1,0.57089424,0.29258496,0,1,adulto
ICB_03176_001,ICB_107,copd,AKG C417L Microphone,75.0,1,0,1,0.4142439,0.4902539,0,1,adulto
ICB_03176_002,ICB_107,copd,AKG C417L Microphone,75.0,1,0,1,0.37847456,0.4790048,0,1,adulto
ICB_03176_003,ICB_107,copd,AKG C417L Microphone,75.0,1,0,1,0.4155676,0.74644035,0,1,adulto
ICB_03176_004,ICB_107,copd,AKG C417L Microphone,75.0,1,0,1,0.5402338,0.63475275,0,1,adulto
ICB_03176_005,ICB_107,copd,AKG C417L Microphone,75.0,1,0,1,0.40180343,0.40790278,0,1,adulto
ICB_03176_006,ICB_107,copd,AKG C417L Microphone,75.0,1,0,1,0.5480996,0.6074385,0,1,adulto
ICB_03176_007,ICB_107,copd,AKG C417L Microphone,75.0,0,0,1,0.43473795,0.6078612,0,0,adulto
ICB_03177_000,ICB_107,copd,AKG C417L Microphone,75.0,1,0,1,0.8264515,0.29980978,1,1,adulto
ICB_03177_001,ICB_107,copd,AKG C417L Microphone,75.0,1,1,1,0.7652048,0.28679368,1,3,adulto
ICB_03177_002,ICB_107,copd,AKG C417L Microphone,75.0,1,1,1,0.63096607,0.6721794,0,3,adulto
ICB_03177_003,ICB_107,copd,AKG C417L Microphone,75.0,1,1,1,0.6130421,0.74929416,0,3,adulto
ICB_03177_004,ICB_107,copd,AKG C417L Microphone,75.0,1,1,1,0.5940348,0.73692167,0,3,adulto
ICB_03177_005,ICB_107,copd,AKG C417L Microphone,75.0,1,1,1,0.6062769,0.4576407,0,3,adulto
ICB_03177_006,ICB_107,copd,AKG C417L Microphone,75.0,1,1,1,0.513278,0.6571546,0,3,adulto
ICB_03177_007,ICB_107,copd,AKG C417L Microphone,75.0,1,1,1,0.44097197,0.42789802,0,3,adulto
ICB_03178_000,ICB_107,copd,AKG C417L Microphone,75.0,1,0,1,0.64878434,0.1243878,0,1,adulto
ICB_03178_001,ICB_107,copd,AKG C417L Microphone,75.0,1,0,1,0.69744503,0.4506601,0,1,adulto
ICB_03178_002,ICB_107,copd,AKG C417L Microphone,75.0,1,0,1,0.6499856,0.5064828,0,1,adulto
ICB_03178_003,ICB_107,copd,AKG C417L Microphone,75.0,1,0,1,0.77020735,0.45720324,1,1,adulto
ICB_03178_004,ICB_107,copd,AKG C417L Microphone,75.0,1,0,1,0.47861212,0.7645395,0,1,adulto
ICB_03178_005,ICB_107,copd,AKG C417L Microphone,75.0,1,0,1,0.6986377,0.38103634,0,1,adulto
ICB_03178_006,ICB_107,copd,AKG C417L Microphone,75.0,1,0,1,0.72923034,0.5584374,1,1,adulto
ICB_03178_007,ICB_107,copd,AKG C417L Microphone,75.0,1,0,1,0.510274,0.116572894,0,1,adulto
ICB_03179_000,ICB_107,copd,AKG C417L Microphone,75.0,0,0,1,0.34923872,0.27551976,0,0,adulto
ICB_03179_001,ICB_107,copd,AKG C417L Microphone,75.0,1,0,1,0.40364158,0.4745842,0,1,adulto
ICB_03179_002,ICB_107,copd,AKG C417L Microphone,75.0,1,0,1,0.6888553,0.32637227,0,1,adulto
ICB_03179_003,ICB_107,copd,AKG C417L Microphone,75.0,1,0,1,0.5416369,0.4639182,0,1,adulto
ICB_03179_004,ICB_107,copd,AKG C417L Microphone,75.0,1,0,1,0.48254958,0.37088224,0,1,adulto
ICB_03179_005,ICB_107,copd,AKG C417L Microphone,75.0,1,0,1,0.4675811,0.38786307,0,1,adulto
ICB_03179_006,ICB_107,copd,AKG C417L Microphone,75.0,1,0,1,0.70424116,0.5860406,1,1,adulto
ICB_03179_007,ICB_107,copd,AKG C417L Microphone,75.0,1,0,1,0.4911669,0.1763383,0,1,adulto
ICB_03180_000,ICB_107,copd,AKG C417L Microphone,75.0,0,0,1,0.56218076,0.5279391,0,0,adulto
ICB_03180_001,ICB_107,copd,AKG C417L Microphone,75.0,0,0,1,0.31222615,0.49808517,0,0,adulto
ICB_03180_002,ICB_107,copd,AKG C417L Microphone,75.0,0,0,1,0.41216677,0.7610468,0,0,adulto
ICB_03180_003,ICB_107,copd,AKG C417L Microphone,75.0,0,0,1,0.5479252,0.70491827,0,0,adulto
ICB_03180_004,ICB_107,copd,AKG C417L Microphone,75.0,0,0,1,0.4040851,0.7569291,0,0,adulto
ICB_03180_005,ICB_107,copd,AKG C417L Microphone,75.0,0,0,1,0.29211444,0.8135966,2,0,adulto
ICB_03180_006,ICB_107,copd,AKG C417L Microphone,75.0,0,0,1,0.38974646,0.36973402,0,0,adulto
ICB_03180_007,ICB_107,copd,AKG C417L Microphone,75.0,0,0,1,0.2728641,0.32127675,0,0,adulto
ICB_03181_000,ICB_107,copd,AKG C417L Microphone,75.0,0,0,1,0.46711004,0.60410804,0,0,adulto
ICB_03181_001,ICB_107,copd,AKG C417L Microphone,75.0,1,0,1,0.5869976,0.53727454,0,1,adulto
ICB_03181_002,ICB_107,copd,AKG C417L Microphone,75.0,1,1,1,0.44860056,0.3780946,0,3,adulto
ICB_03181_003,ICB_107,copd,AKG C417L Microphone,75.0,0,0,1,0.53630257,0.3983393,0,0,adulto
ICB_03181_004,ICB_107,copd,AKG C417L Microphone,75.0,1,0,1,0.5206996,0.42340553,0,1,adulto
ICB_03181_005,ICB_107,copd,AKG C417L Microphone,75.0,1,1,1,0.5413029,0.68589777,0,3,adulto
ICB_03181_006,ICB_107,copd,AKG C417L Microphone,75.0,1,0,1,0.580416,0.40390083,0,1,adulto
ICB_03181_007,ICB_107,copd,AKG C417L Microphone,75.0,1,1,1,0.23102224,0.36508095,0,3,adulto
ICB_03182_000,ICB_107,copd,AKG C417L Microphone,75.0,0,0,1,0.1546063,0.107457645,0,0,adulto
ICB_03182_001,ICB_107,copd,AKG C417L Microphone,75.0,0,0,1,0.35800597,0.2700914,0,0,adulto
ICB_03182_002,ICB_107,copd,AKG C417L Microphone,75.0,0,0,1,0.24679786,0.22624412,0,0,adulto
ICB_03182_003,ICB_107,copd,AKG C417L Microphone,75.0,1,0,1,0.080203384,0.31970266,0,1,adulto
ICB_03182_004,ICB_107,copd,AKG C417L Microphone,75.0,0,0,1,0.14203027,0.17586488,0,0,adulto
ICB_03182_005,ICB_107,copd,AKG C417L Microphone,75.0,0,0,1,0.19574061,0.19896883,0,0,adulto
ICB_03182_006,ICB_107,copd,AKG C417L Microphone,75.0,0,0,1,0.4994042,0.12150421,0,0,adulto
ICB_03182_007,ICB_107,copd,AKG C417L Microphone,75.0,1,0,1,0.21214713,0.16566263,0,1,adulto
ICB_03183_000,ICB_107,copd,AKG C417L Microphone,75.0,1,0,1,0.31954613,0.57209,0,1,adulto
ICB_03183_001,ICB_107,copd,AKG C417L Microphone,75.0,1,0,1,0.52893853,0.40263072,0,1,adulto
ICB_03183_002,ICB_107,copd,AKG C417L Microphone,75.0,1,1,1,0.4561767,0.4966119,0,3,adulto
ICB_03183_003,ICB_107,copd,AKG C417L Microphone,75.0,1,0,1,0.51392025,0.70075196,0,1,adulto
ICB_03183_004,ICB_107,copd,AKG C417L Microphone,75.0,0,1,1,0.59384036,0.56258476,0,2,adulto
ICB_03183_005,ICB_107,copd,AKG C417L Microphone,75.0,1,0,1,0.37578872,0.34869677,0,1,adulto
ICB_03183_006,ICB_107,copd,AKG C417L Microphone,75.0,1,0,1,0.44499275,0.49769738,0,1,adulto
ICB_03183_007,ICB_107,copd,AKG C417L Microphone,75.0,1,0,1,0.332612,0.29931983,0,1,adulto
ICB_03184_000,ICB_107,copd,AKG C417L Microphone,75.0,1,0,1,0.60366565,0.6574607,0,1,adulto
ICB_03184_001,ICB_107,copd,AKG C417L Microphone,75.0,1,0,1,0.6407171,0.5631586,0,1,adulto
ICB_03184_002,ICB_107,copd,AKG C417L Microphone,75.0,1,0,1,0.6481756,0.5789772,0,1,adulto
ICB_03184_003,ICB_107,copd,AKG C417L Microphone,75.0,1,0,1,0.75345504,0.6086492,1,1,adulto
ICB_03184_004,ICB_107,copd,AKG C417L Microphone,75.0,1,0,1,0.6153342,0.7523661,0,1,adulto
ICB_03184_005,ICB_107,copd,AKG C417L Microphone,75.0,1,0,1,0.61398476,0.60081774,0,1,adulto
ICB_03184_006,ICB_107,copd,AKG C417L Microphone,75.0,1,0,1,0.62033576,0.6493444,0,1,adulto
ICB_03184_007,ICB_107,copd,AKG C417L Microphone,75.0,1,0,1,0.9754312,0.8372893,3,1,adulto
ICB_03185_000,ICB_107,copd,AKG C417L Microphone,75.0,1,0,1,0.69993407,0.38344803,0,1,adulto
ICB_03185_001,ICB_107,copd,AKG C417L Microphone,75.0,1,0,1,0.5242181,0.33825698,0,1,adulto
ICB_03185_002,ICB_107,copd,AKG C417L Microphone,75.0,1,0,1,0.72147715,0.20962813,1,1,adulto
ICB_03185_003,ICB_107,copd,AKG C417L Microphone,75.0,1,0,1,0.6253379,0.7167365,0,1,adulto
ICB_03185_004,ICB_107,copd,AKG C417L Microphone,75.0,1,0,1,0.80852884,0.24767818,1,1,adulto
ICB_03185_005,ICB_107,copd,AKG C417L Microphone,75.0,1,0,1,0.6519135,0.6490655,0,1,adulto
ICB_03185_006,ICB_107,copd,AKG C417L Microphone,75.0,1,0,1,0.66946024,0.23901112,0,1,adulto
ICB_03185_007,ICB_107,copd,AKG C417L Microphone,75.0,1,0,1,0.8407638,0.07862998,1,1,adulto
ICB_03186_000,ICB_107,copd,AKG C417L Microphone,75.0,1,0,1,0.50654495,0.4482712,0,1,adulto
ICB_03186_001,ICB_107,copd,AKG C417L Microphone,75.0,1,0,1,0.56043416,0.3549857,0,1,adulto
ICB_03186_002,ICB_107,copd,AKG C417L Microphone,75.0,1,0,1,0.4192812,0.37037912,0,1,adulto
ICB_03186_003,ICB_107,copd,AKG C417L Microphone,75.0,1,0,1,0.5349177,0.8768852,2,1,adulto
ICB_03186_004,ICB_107,copd,AKG C417L Microphone,75.0,1,0,1,0.56111884,0.3744552,0,1,adulto
ICB_03186_005,ICB_107,copd,AKG C417L Microphone,75.0,1,0,1,0.5363109,0.40858054,0,1,adulto
ICB_03186_006,ICB_107,copd,AKG C417L Microphone,75.0,1,0,1,0.3861618,0.36572263,0,1,adulto
ICB_03186_007,ICB_107,copd,AKG C417L Microphone,75.0,1,0,1,0.368569,0.27426073,0,1,adulto
ICB_03187_000,ICB_107,copd,AKG C417L Microphone,75.0,1,0,1,0.57183135,0.53003836,0,1,adulto
ICB_03187_001,ICB_107,copd,AKG C417L Microphone,75.0,0,0,1,0.425711,0.3631784,0,0,adulto
ICB_03187_002,ICB_107,copd,AKG C417L Microphone,75.0,1,0,1,0.4097722,0.43736672,0,1,adulto
ICB_03187_003,ICB_107,copd,AKG C417L Microphone,75.0,0,0,1,0.3847037,0.3909438,0,0,adulto
ICB_03187_004,ICB_107,copd,AKG C417L Microphone,75.0,0,0,1,0.595308,0.52731085,0,0,adulto
ICB_03187_005,ICB_107,copd,AKG C417L Microphone,75.0,1,0,1,0.4783444,0.7228256,0,1,adulto
ICB_03187_006,ICB_107,copd,AKG C417L Microphone,75.0,0,0,1,0.47034255,0.4233742,0,0,adulto
ICB_03187_007,ICB_107,copd,AKG C417L Microphone,75.0,0,0,1,0.4979251,0.31606805,0,0,adulto
ICB_03188_000,ICB_107,copd,AKG C417L Microphone,75.0,1,0,1,0.66353273,0.4045602,0,1,adulto
ICB_03188_001,ICB_107,copd,AKG C417L Microphone,75.0,1,0,1,0.51503193,0.43518496,0,1,adulto
ICB_03188_002,ICB_107,copd,AKG C417L Microphone,75.0,1,0,1,0.51984257,0.23779751,0,1,adulto
ICB_03188_003,ICB_107,copd,AKG C417L Microphone,75.0,1,0,1,0.4442951,0.4703172,0,1,adulto
ICB_03188_004,ICB_107,copd,AKG C417L Microphone,75.0,1,0,1,0.43706876,0.3834738,0,1,adulto
ICB_03188_005,ICB_107,copd,AKG C417L Microphone,75.0,1,0,1,0.5185583,0.59805065,0,1,adulto
ICB_03188_006,ICB_107,copd,AKG C417L Microphone,75.0,1,0,1,0.6084929,0.48517904,0,1,adulto
ICB_03188_007,ICB_107,copd,AKG C417L Microphone,75.0,1,0,1,0.42715752,0.23597619,0,1,adulto
ICB_03189_000,ICB_107,copd,AKG C417L Microphone,75.0,0,0,1,0.20740135,0.21740372,0,0,adulto
ICB_03189_001,ICB_107,copd,AKG C417L Microphone,75.0,0,0,1,0.23501214,0.31680867,0,0,adulto
ICB_03189_002,ICB_107,copd,AKG C417L Microphone,75.0,0,0,1,0.19600965,0.15619826,0,0,adulto
ICB_03189_003,ICB_107,copd,AKG C417L Microphone,75.0,0,0,1,0.22214624,0.3046324,0,0,adulto
ICB_03189_004,ICB_107,copd,AKG C417L Microphone,75.0,0,0,1,0.17889819,0.17236406,0,0,adulto
ICB_03189_005,ICB_107,copd,AKG C417L Microphone,75.0,0,0,1,0.2461617,0.23968542,0,0,adulto
ICB_03189_006,ICB_107,copd,AKG C417L Microphone,75.0,0,0,1,0.21696949,0.17221285,0,0,adulto
ICB_03189_007,ICB_107,copd,AKG C417L Microphone,75.0,0,0,1,0.21414347,0.23109607,0,0,adulto
ICB_03190_000,ICB_107,copd,AKG C417L Microphone,75.0,0,0,1,0.36337817,0.4006683,0,0,adulto
ICB_03190_001,ICB_107,copd,AKG C417L Microphone,75.0,1,0,1,0.42002895,0.7358832,0,1,adulto
ICB_03190_002,ICB_107,copd,AKG C417L Microphone,75.0,1,0,1,0.34946924,0.48979688,0,1,adulto
ICB_03190_003,ICB_107,copd,AKG C417L Microphone,75.0,1,0,1,0.4476367,0.5813944,0,1,adulto
ICB_03190_004,ICB_107,copd,AKG C417L Microphone,75.0,1,0,1,0.4024393,0.6577142,0,1,adulto
ICB_03190_005,ICB_107,copd,AKG C417L Microphone,75.0,1,0,1,0.3234868,0.48614568,0,1,adulto
ICB_03190_006,ICB_107,copd,AKG C417L Microphone,75.0,1,0,1,0.41517234,0.40293175,0,1,adulto
ICB_03190_007,ICB_107,copd,AKG C417L Microphone,75.0,1,0,1,0.4833373,0.801893,2,1,adulto
ICB_03191_000,ICB_107,copd,AKG C417L Microphone,75.0,0,0,1,0.54590905,0.5888304,0,0,adulto
ICB_03191_001,ICB_107,copd,AKG C417L Microphone,75.0,0,0,1,0.5315893,0.4256693,0,0,adulto
ICB_03191_002,ICB_107,copd,AKG C417L Microphone,75.0,1,0,1,0.4764063,0.49233508,0,1,adulto
ICB_03191_003,ICB_107,copd,AKG C417L Microphone,75.0,0,0,1,0.558021,0.39106447,0,0,adulto
ICB_03191_004,ICB_107,copd,AKG C417L Microphone,75.0,1,1,1,0.49414888,0.7456526,0,3,adulto
ICB_03191_005,ICB_107,copd,AKG C417L Microphone,75.0,1,0,1,0.5271137,0.52582455,0,1,adulto
ICB_03191_006,ICB_107,copd,AKG C417L Microphone,75.0,0,0,1,0.58286,0.41559693,0,0,adulto
ICB_03191_007,ICB_107,copd,AKG C417L Microphone,75.0,0,1,1,0.36910138,0.6607401,0,2,adulto
ICB_03192_000,ICB_107,copd,AKG C417L Microphone,75.0,0,0,1,0.64063686,0.42849714,0,0,adulto
ICB_03192_001,ICB_107,copd,AKG C417L Microphone,75.0,1,0,1,0.7347705,0.2765887,1,1,adulto
ICB_03192_002,ICB_107,copd,AKG C417L Microphone,75.0,1,0,1,0.75728583,0.40384486,1,1,adulto
ICB_03192_003,ICB_107,copd,AKG C417L Microphone,75.0,1,0,1,0.81770104,0.31675902,1,1,adulto
ICB_03192_004,ICB_107,copd,AKG C417L Microphone,75.0,1,0,1,0.68915856,0.5105175,0,1,adulto
ICB_03192_005,ICB_107,copd,AKG C417L Microphone,75.0,1,0,1,0.74307805,0.31723914,1,1,adulto
ICB_03192_006,ICB_107,copd,AKG C417L Microphone,75.0,0,0,1,0.74687934,0.2253188,1,0,adulto
ICB_03192_007,ICB_107,copd,AKG C417L Microphone,75.0,1,0,1,0.7091195,0.22034125,1,1,adulto
ICB_03193_000,ICB_107,copd,AKG C417L Microphone,75.0,0,0,1,0.33653346,0.26128364,0,0,adulto
ICB_03193_001,ICB_107,copd,AKG C417L Microphone,75.0,1,0,1,0.4911378,0.34676388,0,1,adulto
ICB_03193_002,ICB_107,copd,AKG C417L Microphone,75.0,1,0,1,0.5680282,0.4081433,0,1,adulto
ICB_03193_003,ICB_107,copd,AKG C417L Microphone,75.0,1,0,1,0.61699915,0.21506822,0,1,adulto
ICB_03193_004,ICB_107,copd,AKG C417L Microphone,75.0,1,0,1,0.6691978,0.45030096,0,1,adulto
ICB_03193_005,ICB_107,copd,AKG C417L Microphone,75.0,1,0,1,0.7385174,0.5692267,1,1,adulto
ICB_03193_006,ICB_107,copd,AKG C417L Microphone,75.0,1,0,1,0.6449942,0.3268162,0,1,adulto
ICB_03193_007,ICB_107,copd,AKG C417L Microphone,75.0,1,0,1,0.66818106,0.56008756,0,1,adulto
ICB_03194_000,ICB_107,copd,AKG C417L Microphone,75.0,0,0,1,0.4415914,0.48724926,0,0,adulto
ICB_03194_001,ICB_107,copd,AKG C417L Microphone,75.0,0,0,1,0.2235985,0.48761827,0,0,adulto
ICB_03194_002,ICB_107,copd,AKG C417L Microphone,75.0,0,0,1,0.3185159,0.81594926,2,0,adulto
ICB_03194_003,ICB_107,copd,AKG C417L Microphone,75.0,0,0,1,0.53055626,0.5972351,0,0,adulto
ICB_03194_004,ICB_107,copd,AKG C417L Microphone,75.0,0,0,1,0.27663752,0.6098801,0,0,adulto
ICB_03194_005,ICB_107,copd,AKG C417L Microphone,75.0,0,0,1,0.3851357,0.51397955,0,0,adulto
ICB_03194_006,ICB_107,copd,AKG C417L Microphone,75.0,0,0,1,0.67887944,0.4923953,0,0,adulto
ICB_03194_007,ICB_107,copd,AKG C417L Microphone,75.0,0,0,1,0.35245323,0.48849738,0,0,adulto
ICB_03195_000,ICB_107,copd,AKG C417L Microphone,75.0,0,0,1,0.42413124,0.37788314,0,0,adulto
ICB_03195_001,ICB_107,copd,AKG C417L Microphone,75.0,1,0,1,0.38863137,0.4925946,0,1,adulto
ICB_03195_002,ICB_107,copd,AKG C417L Microphone,75.0,0,0,1,0.45843145,0.5214503,0,0,adulto
ICB_03195_003,ICB_107,copd,AKG C417L Microphone,75.0,1,0,1,0.41120076,0.38864663,0,1,adulto
ICB_03195_004,ICB_107,copd,AKG C417L Microphone,75.0,1,0,1,0.56812453,0.48296374,0,1,adulto
ICB_03195_005,ICB_107,copd,AKG C417L Microphone,75.0,0,0,1,0.5963899,0.545306,0,0,adulto
ICB_03195_006,ICB_107,copd,AKG C417L Microphone,75.0,1,0,1,0.5827156,0.30418912,0,1,adulto
ICB_03195_007,ICB_107,copd,AKG C417L Microphone,75.0,1,1,1,0.46089986,0.7277392,0,3,adulto
ICB_03196_000,ICB_107,copd,AKG C417L Microphone,75.0,0,0,1,0.15936986,0.305512,0,0,adulto
ICB_03196_001,ICB_107,copd,AKG C417L Microphone,75.0,0,0,1,0.29467455,0.36468387,0,0,adulto
ICB_03196_002,ICB_107,copd,AKG C417L Microphone,75.0,1,0,1,0.20560238,0.14167237,0,1,adulto
ICB_03196_003,ICB_107,copd,AKG C417L Microphone,75.0,1,0,1,0.29941595,0.1801901,0,1,adulto
ICB_03196_004,ICB_107,copd,AKG C417L Microphone,75.0,0,0,1,0.22741894,0.13414244,0,0,adulto
ICB_03196_005,ICB_107,copd,AKG C417L Microphone,75.0,0,0,1,0.1923032,0.19824116,0,0,adulto
ICB_03196_006,ICB_107,copd,AKG C417L Microphone,75.0,0,0,1,0.17984925,0.36557066,0,0,adulto
ICB_03196_007,ICB_107,copd,AKG C417L Microphone,75.0,0,0,1,0.29118675,0.3182945,0,0,adulto
ICB_03197_000,ICB_107,copd,AKG C417L Microphone,75.0,1,1,1,0.61763316,0.3253204,0,3,adulto
ICB_03197_001,ICB_107,copd,AKG C417L Microphone,75.0,1,1,1,0.3451998,0.9238805,2,3,adulto
ICB_03197_002,ICB_107,copd,AKG C417L Microphone,75.0,1,1,1,0.51325685,0.4182061,0,3,adulto
ICB_03197_003,ICB_107,copd,AKG C417L Microphone,75.0,1,0,1,0.515968,0.5296281,0,1,adulto
ICB_03197_004,ICB_107,copd,AKG C417L Microphone,75.0,1,0,1,0.3035108,0.41073048,0,1,adulto
ICB_03197_005,ICB_107,copd,AKG C417L Microphone,75.0,1,0,1,0.6024528,0.3372611,0,1,adulto
ICB_03197_006,ICB_107,copd,AKG C417L Microphone,75.0,1,0,1,0.5628292,0.29202858,0,1,adulto
ICB_03197_007,ICB_107,copd,AKG C417L Microphone,75.0,1,0,1,0.67093045,0.25933087,0,1,adulto
ICB_03197_008,ICB_107,copd,AKG C417L Microphone,75.0,1,0,1,0.4799178,0.42161945,0,1,adulto
ICB_03198_000,ICB_107,copd,AKG C417L Microphone,75.0,0,1,1,0.21069561,0.89769924,2,2,adulto
ICB_03198_001,ICB_107,copd,AKG C417L Microphone,75.0,0,1,1,0.12358425,0.81220174,2,2,adulto
ICB_03198_002,ICB_107,copd,AKG C417L Microphone,75.0,0,1,1,0.19311279,0.57278293,0,2,adulto
ICB_03198_003,ICB_107,copd,AKG C417L Microphone,75.0,1,1,1,0.4354628,0.86305064,2,3,adulto
ICB_03198_004,ICB_107,copd,AKG C417L Microphone,75.0,0,1,1,0.30393928,0.9055886,2,2,adulto
ICB_03198_005,ICB_107,copd,AKG C417L Microphone,75.0,1,1,1,0.30827466,0.6769503,0,3,adulto
ICB_03198_006,ICB_107,copd,AKG C417L Microphone,75.0,1,1,1,0.51163286,0.72378325,0,3,adulto
ICB_03198_007,ICB_107,copd,AKG C417L Microphone,75.0,1,1,1,0.6113146,0.45228237,0,3,adulto
ICB_03198_008,ICB_107,copd,AKG C417L Microphone,75.0,0,1,1,0.22508313,0.3668744,0,2,adulto
ICB_03199_000,ICB_107,copd,AKG C417L Microphone,75.0,1,0,1,0.7098735,0.19996355,1,1,adulto
ICB_03199_001,ICB_107,copd,AKG C417L Microphone,75.0,1,0,1,0.7520928,0.10794479,1,1,adulto
ICB_03199_002,ICB_107,copd,AKG C417L Microphone,75.0,1,0,1,0.78037685,0.11680846,1,1,adulto
ICB_03199_003,ICB_107,copd,AKG C417L Microphone,75.0,1,0,1,0.6566149,0.22734237,0,1,adulto
ICB_03199_004,ICB_107,copd,AKG C417L Microphone,75.0,1,0,1,0.7801972,0.10438941,1,1,adulto
ICB_03199_005,ICB_107,copd,AKG C417L Microphone,75.0,1,0,1,0.7233474,0.34117872,1,1,adulto
ICB_03199_006,ICB_107,copd,AKG C417L Microphone,75.0,1,0,1,0.68822795,0.15603018,0,1,adulto
ICB_03199_007,ICB_107,copd,AKG C417L Microphone,75.0,1,0,1,0.79537296,0.17898886,1,1,adulto
ICB_03199_008,ICB_107,copd,AKG C417L Microphone,75.0,1,0,1,0.61192095,0.14643402,0,1,adulto
ICB_03200_000,ICB_107,copd,AKG C417L Microphone,75.0,0,1,1,0.45017308,0.32455438,0,2,adulto
ICB_03200_001,ICB_107,copd,AKG C417L Microphone,75.0,0,1,1,0.5034974,0.3597255,0,2,adulto
ICB_03200_002,ICB_107,copd,AKG C417L Microphone,75.0,0,1,1,0.7016365,0.2681545,1,2,adulto
ICB_03200_003,ICB_107,copd,AKG C417L Microphone,75.0,0,1,1,0.5848666,0.21788855,0,2,adulto
ICB_03200_004,ICB_107,copd,AKG C417L Microphone,75.0,0,1,1,0.54868674,0.2763709,0,2,adulto
ICB_03200_005,ICB_107,copd,AKG C417L Microphone,75.0,1,0,1,0.52575386,0.19480023,0,1,adulto
ICB_03200_006,ICB_107,copd,AKG C417L Microphone,75.0,1,0,1,0.6495213,0.27303925,0,1,adulto
ICB_03200_007,ICB_107,copd,AKG C417L Microphone,75.0,1,0,1,0.5581152,0.23225498,0,1,adulto
ICB_03200_008,ICB_107,copd,AKG C417L Microphone,75.0,1,1,1,0.24284993,0.12247106,0,3,adulto
ICB_03201_000,ICB_107,copd,AKG C417L Microphone,75.0,1,0,1,0.7469647,0.3959358,1,1,adulto
ICB_03201_001,ICB_107,copd,AKG C417L Microphone,75.0,1,0,1,0.7287774,0.31643963,1,1,adulto
ICB_03201_002,ICB_107,copd,AKG C417L Microphone,75.0,1,0,1,0.40569553,0.39075476,0,1,adulto
ICB_03201_003,ICB_107,copd,AKG C417L Microphone,75.0,1,0,1,0.81237274,0.22383732,1,1,adulto
ICB_03201_004,ICB_107,copd,AKG C417L Microphone,75.0,1,0,1,0.8191888,0.2366628,1,1,adulto
ICB_03201_005,ICB_107,copd,AKG C417L Microphone,75.0,1,0,1,0.83814,0.13942136,1,1,adulto
ICB_03201_006,ICB_107,copd,AKG C417L Microphone,75.0,1,0,1,0.8226501,0.2533446,1,1,adulto
ICB_03201_007,ICB_107,copd,AKG C417L Microphone,75.0,1,0,1,0.5758025,0.5536552,0,1,adulto
ICB_03201_008,ICB_107,copd,AKG C417L Microphone,75.0,1,0,1,0.45874482,0.31684902,0,1,adulto
ICB_03202_000,ICB_107,copd,AKG C417L Microphone,75.0,1,1,1,0.6639274,0.8029515,2,3,adulto
ICB_03202_001,ICB_107,copd,AKG C417L Microphone,75.0,1,1,1,0.42242676,0.98718214,2,3,adulto
ICB_03202_002,ICB_107,copd,AKG C417L Microphone,75.0,1,1,1,0.73629314,0.47359166,1,3,adulto
ICB_03202_003,ICB_107,copd,AKG C417L Microphone,75.0,1,1,1,0.65463877,0.43594477,0,3,adulto
ICB_03202_004,ICB_107,copd,AKG C417L Microphone,75.0,1,1,1,0.59957695,0.6675128,0,3,adulto
ICB_03202_005,ICB_107,copd,AKG C417L Microphone,75.0,1,0,1,0.77700585,0.4378218,1,1,adulto
ICB_03202_006,ICB_107,copd,AKG C417L Microphone,75.0,1,0,1,0.8554083,0.2556709,1,1,adulto
ICB_03202_007,ICB_107,copd,AKG C417L Microphone,75.0,1,0,1,0.76650125,0.365934,1,1,adulto
ICB_03202_008,ICB_107,copd,AKG C417L Microphone,75.0,1,0,1,0.34896082,0.18729928,0,1,adulto
ICB_03203_000,ICB_107,copd,AKG C417L Microphone,75.0,1,1,1,0.3487403,0.72476405,0,3,adulto
ICB_03203_001,ICB_107,copd,AKG C417L Microphone,75.0,1,1,1,0.28257826,0.78155935,0,3,adulto
ICB_03203_002,ICB_107,copd,AKG C417L Microphone,75.0,1,1,1,0.2787161,0.3320042,0,3,adulto
ICB_03203_003,ICB_107,copd,AKG C417L Microphone,75.0,1,1,1,0.35082546,0.62038714,0,3,adulto
ICB_03203_004,ICB_107,copd,AKG C417L Microphone,75.0,1,1,1,0.31781158,0.3774275,0,3,adulto
ICB_03203_005,ICB_107,copd,AKG C417L Microphone,75.0,1,1,1,0.4022368,0.2951143,0,3,adulto
ICB_03203_006,ICB_107,copd,AKG C417L Microphone,75.0,0,1,1,0.31732047,0.30184764,0,2,adulto
ICB_03203_007,ICB_107,copd,AKG C417L Microphone,75.0,0,1,1,0.2740893,0.270485,0,2,adulto
ICB_03203_008,ICB_107,copd,AKG C417L Microphone,75.0,0,0,1,0.128145,0.23732653,0,0,adulto
ICB_03216_000,ICB_111,bronchiectasis,3M Littmann Classic II SE,63.0,0,0,1,0.13827312,0.0915202,0,0,adulto
ICB_03216_001,ICB_111,bronchiectasis,3M Littmann Classic II SE,63.0,0,0,1,0.22185384,0.11713292,0,0,adulto
ICB_03216_002,ICB_111,bronchiectasis,3M Littmann Classic II SE,63.0,0,0,1,0.20773178,0.18255849,0,0,adulto
ICB_03216_003,ICB_111,bronchiectasis,3M Littmann Classic II SE,63.0,0,0,1,0.23643942,0.21165068,0,0,adulto
ICB_03216_004,ICB_111,bronchiectasis,3M Littmann Classic II SE,63.0,0,0,1,0.20757014,0.21574572,0,0,adulto
ICB_03216_005,ICB_111,bronchiectasis,3M Littmann Classic II SE,63.0,0,0,1,0.2110845,0.24424052,0,0,adulto
ICB_03216_006,ICB_111,bronchiectasis,3M Littmann Classic II SE,63.0,0,0,1,0.18728869,0.1916354,0,0,adulto
ICB_03216_007,ICB_111,bronchiectasis,3M Littmann Classic II SE,63.0,0,0,1,0.19230452,0.18328668,0,0,adulto
ICB_03217_000,ICB_111,bronchiectasis,3M Littmann Classic II SE,63.0,0,0,1,0.28925988,0.28094107,0,0,adulto
ICB_03217_001,ICB_111,bronchiectasis,3M Littmann Classic II SE,63.0,0,0,1,0.12153308,0.146614,0,0,adulto
ICB_03217_002,ICB_111,bronchiectasis,3M Littmann Classic II SE,63.0,0,0,1,0.27791372,0.24886751,0,0,adulto
ICB_03217_003,ICB_111,bronchiectasis,3M Littmann Classic II SE,63.0,0,0,1,0.30596197,0.39625794,0,0,adulto
ICB_03217_004,ICB_111,bronchiectasis,3M Littmann Classic II SE,63.0,0,0,1,0.16298519,0.19978438,0,0,adulto
ICB_03217_005,ICB_111,bronchiectasis,3M Littmann Classic II SE,63.0,0,0,1,0.3115362,0.37826225,0,0,adulto
ICB_03217_006,ICB_111,bronchiectasis,3M Littmann Classic II SE,63.0,0,0,1,0.07635341,0.04802056,0,0,adulto
ICB_03217_007,ICB_111,bronchiectasis,3M Littmann Classic II SE,63.0,0,0,1,0.18361299,0.142373,0,0,adulto
ICB_03217_008,ICB_111,bronchiectasis,3M Littmann Classic II SE,63.0,0,0,1,0.058970146,0.036690824,0,0,adulto
ICB_03239_000,ICB_118,copd,3M Littmann 3200 Electronic,81.0,0,0,1,0.12002085,0.21745872,0,0,adulto
ICB_03239_001,ICB_118,copd,3M Littmann 3200 Electronic,81.0,0,1,1,0.029171951,0.32527223,0,2,adulto
ICB_03239_002,ICB_118,copd,3M Littmann 3200 Electronic,81.0,0,1,1,0.080069125,0.5299434,0,2,adulto
ICB_03239_003,ICB_118,copd,3M Littmann 3200 Electronic,81.0,0,1,1,0.04591207,0.51743233,0,2,adulto
ICB_03239_004,ICB_118,copd,3M Littmann 3200 Electronic,81.0,0,1,1,0.09153141,0.7861708,0,2,adulto
ICB_03239_005,ICB_118,copd,3M Littmann 3200 Electronic,81.0,0,1,1,0.04644712,0.62073207,0,2,adulto
ICB_03239_006,ICB_118,copd,3M Littmann 3200 Electronic,81.0,0,1,1,0.04028346,0.56271017,0,2,adulto
ICB_03239_007,ICB_118,copd,3M Littmann 3200 Electronic,81.0,0,1,1,0.021704823,0.63017327,0,2,adulto
ICB_03239_008,ICB_118,copd,3M Littmann 3200 Electronic,81.0,0,0,1,0.2673568,0.7289804,0,0,adulto
ICB_03240_000,ICB_118,copd,3M Littmann 3200 Electronic,81.0,0,1,1,0.055525403,0.4632414,0,2,adulto
ICB_03240_001,ICB_118,copd,3M Littmann 3200 Electronic,81.0,0,1,1,0.030735355,0.5796263,0,2,adulto
ICB_03240_002,ICB_118,copd,3M Littmann 3200 Electronic,81.0,0,1,1,0.08203105,0.597774,0,2,adulto
ICB_03240_003,ICB_118,copd,3M Littmann 3200 Electronic,81.0,0,1,1,0.07610645,0.77353525,0,2,adulto
ICB_03240_004,ICB_118,copd,3M Littmann 3200 Electronic,81.0,0,1,1,0.055439856,0.7903451,0,2,adulto
ICB_03240_005,ICB_118,copd,3M Littmann 3200 Electronic,81.0,0,1,1,0.09468811,0.4758615,0,2,adulto
ICB_03240_006,ICB_118,copd,3M Littmann 3200 Electronic,81.0,0,1,1,0.026403513,0.4993405,0,2,adulto
ICB_03240_007,ICB_118,copd,3M Littmann 3200 Electronic,81.0,0,1,1,0.08645989,0.83169055,2,2,adulto
ICB_03240_008,ICB_118,copd,3M Littmann 3200 Electronic,81.0,0,0,1,0.20883328,0.9144405,2,0,adulto
ICB_03241_000,ICB_118,copd,3M Littmann 3200 Electronic,81.0,0,0,1,0.08944212,0.32648146,0,0,adulto
ICB_03241_001,ICB_118,copd,3M Littmann 3200 Electronic,81.0,0,1,1,0.13423523,0.4973348,0,2,adulto
ICB_03241_002,ICB_118,copd,3M Littmann 3200 Electronic,81.0,0,0,1,0.08530619,0.42520195,0,0,adulto
ICB_03241_003,ICB_118,copd,3M Littmann 3200 Electronic,81.0,0,1,1,0.11377235,0.40732032,0,2,adulto
ICB_03241_004,ICB_118,copd,3M Littmann 3200 Electronic,81.0,0,0,1,0.22684611,0.9118073,2,0,adulto
ICB_03242_000,ICB_118,copd,3M Littmann 3200 Electronic,81.0,0,1,1,0.1231028,0.45118502,0,2,adulto
ICB_03242_001,ICB_118,copd,3M Littmann 3200 Electronic,81.0,0,1,1,0.062056024,0.5205335,0,2,adulto
ICB_03242_002,ICB_118,copd,3M Littmann 3200 Electronic,81.0,0,1,1,0.12956324,0.43009248,0,2,adulto
ICB_03242_003,ICB_118,copd,3M Littmann 3200 Electronic,81.0,0,1,1,0.06927728,0.41995186,0,2,adulto
ICB_03242_004,ICB_118,copd,3M Littmann 3200 Electronic,81.0,0,1,1,0.058670115,0.6011737,0,2,adulto
ICB_03242_005,ICB_118,copd,3M Littmann 3200 Electronic,81.0,0,0,1,0.05820818,0.45725408,0,0,adulto
ICB_03242_006,ICB_118,copd,3M Littmann 3200 Electronic,81.0,0,0,1,0.21969375,0.8610464,2,0,adulto
ICB_03243_000,ICB_118,copd,3M Littmann 3200 Electronic,81.0,0,0,1,0.07209534,0.33165252,0,0,adulto
ICB_03243_001,ICB_118,copd,3M Littmann 3200 Electronic,81.0,0,0,1,0.46066073,0.527427,0,0,adulto
ICB_03243_002,ICB_118,copd,3M Littmann 3200 Electronic,81.0,0,0,1,0.04305256,0.46676868,0,0,adulto
ICB_03243_003,ICB_118,copd,3M Littmann 3200 Electronic,81.0,0,0,1,0.05560673,0.48849693,0,0,adulto
ICB_03243_004,ICB_118,copd,3M Littmann 3200 Electronic,81.0,0,0,1,0.5409228,0.9727016,2,0,adulto
ICB_03244_000,ICB_118,copd,3M Littmann 3200 Electronic,81.0,0,0,1,0.05284381,0.5113486,0,0,adulto
ICB_03244_001,ICB_118,copd,3M Littmann 3200 Electronic,81.0,0,1,1,0.020330952,0.36473343,0,2,adulto
ICB_03244_002,ICB_118,copd,3M Littmann 3200 Electronic,81.0,0,1,1,0.019894293,0.372547,0,2,adulto
ICB_03244_003,ICB_118,copd,3M Littmann 3200 Electronic,81.0,0,1,1,0.07386317,0.5044795,0,2,adulto
ICB_03244_004,ICB_118,copd,3M Littmann 3200 Electronic,81.0,0,0,1,0.47846165,0.92665786,2,0,adulto
ICB_03245_000,ICB_119,respiratory_infection,AKG C417L Microphone,2.0,0,0,1,0.5103019,0.042853713,0,0,pediátrico (<18)
ICB_03245_001,ICB_119,respiratory_infection,AKG C417L Microphone,2.0,0,0,1,0.78582424,0.06505827,1,0,pediátrico (<18)
ICB_03245_002,ICB_119,respiratory_infection,AKG C417L Microphone,2.0,0,0,1,0.7103198,0.08423898,1,0,pediátrico (<18)
ICB_03245_003,ICB_119,respiratory_infection,AKG C417L Microphone,2.0,0,0,1,0.80205876,0.0896054,1,0,pediátrico (<18)
ICB_03245_004,ICB_119,respiratory_infection,AKG C417L Microphone,2.0,0,0,1,0.76770836,0.06257924,1,0,pediátrico (<18)
ICB_03245_005,ICB_119,respiratory_infection,AKG C417L Microphone,2.0,0,0,1,0.5725077,0.10474498,0,0,pediátrico (<18)
ICB_03245_006,ICB_119,respiratory_infection,AKG C417L Microphone,2.0,0,0,1,0.58414,0.1471486,0,0,pediátrico (<18)
ICB_03245_007,ICB_119,respiratory_infection,AKG C417L Microphone,2.0,0,0,1,0.5400151,0.10317203,0,0,pediátrico (<18)
ICB_03245_008,ICB_119,respiratory_infection,AKG C417L Microphone,2.0,0,0,1,0.37761497,0.2995353,0,0,pediátrico (<18)
ICB_03253_000,ICB_122,pneumonia,3M Littmann Classic II SE,66.0,0,0,1,0.64185613,0.59711105,0,0,adulto
ICB_03253_001,ICB_122,pneumonia,3M Littmann Classic II SE,66.0,0,1,1,0.57777005,0.7841747,0,2,adulto
ICB_03253_002,ICB_122,pneumonia,3M Littmann Classic II SE,66.0,0,1,1,0.48306286,0.38444185,0,2,adulto
ICB_03253_003,ICB_122,pneumonia,3M Littmann Classic II SE,66.0,0,0,1,0.5212245,0.31809974,0,0,adulto
ICB_03253_004,ICB_122,pneumonia,3M Littmann Classic II SE,66.0,0,0,1,0.38947856,0.44720286,0,0,adulto
ICB_03253_005,ICB_122,pneumonia,3M Littmann Classic II SE,66.0,0,0,1,0.4006551,0.16110632,0,0,adulto
ICB_03254_000,ICB_122,pneumonia,3M Littmann Classic II SE,66.0,0,0,1,0.72783184,0.23571719,1,0,adulto
ICB_03254_001,ICB_122,pneumonia,3M Littmann Classic II SE,66.0,0,1,1,0.52139455,0.9465352,2,2,adulto
ICB_03254_002,ICB_122,pneumonia,3M Littmann Classic II SE,66.0,0,0,1,0.4871753,0.38846162,0,0,adulto
ICB_03254_003,ICB_122,pneumonia,3M Littmann Classic II SE,66.0,0,0,1,0.8222982,0.3353138,1,0,adulto
ICB_03254_004,ICB_122,pneumonia,3M Littmann Classic II SE,66.0,0,0,1,0.4455777,0.37268302,0,0,adulto
ICB_03254_005,ICB_122,pneumonia,3M Littmann Classic II SE,66.0,0,0,1,0.47533682,0.23563214,0,0,adulto
ICB_03255_000,ICB_122,pneumonia,3M Littmann Classic II SE,66.0,0,1,1,0.4441755,0.61839896,0,2,adulto
ICB_03255_001,ICB_122,pneumonia,3M Littmann Classic II SE,66.0,0,1,1,0.37575147,0.59833246,0,2,adulto
ICB_03255_002,ICB_122,pneumonia,3M Littmann Classic II SE,66.0,0,1,1,0.35336387,0.815927,2,2,adulto
ICB_03255_003,ICB_122,pneumonia,3M Littmann Classic II SE,66.0,0,1,1,0.42880148,0.43512627,0,2,adulto
ICB_03255_004,ICB_122,pneumonia,3M Littmann Classic II SE,66.0,0,1,1,0.43491206,0.73747677,0,2,adulto
ICB_03255_005,ICB_122,pneumonia,3M Littmann Classic II SE,66.0,0,0,1,0.0077327536,0.06400927,0,0,adulto
ICB_03256_000,ICB_122,pneumonia,3M Littmann Classic II SE,66.0,0,0,1,0.42798486,0.1556227,0,0,adulto
ICB_03256_001,ICB_122,pneumonia,3M Littmann Classic II SE,66.0,0,0,1,0.46056807,0.6899784,0,0,adulto
ICB_03256_002,ICB_122,pneumonia,3M Littmann Classic II SE,66.0,0,0,1,0.38632968,0.538245,0,0,adulto
ICB_03256_003,ICB_122,pneumonia,3M Littmann Classic II SE,66.0,0,0,1,0.4087793,0.41012418,0,0,adulto
ICB_03256_004,ICB_122,pneumonia,3M Littmann Classic II SE,66.0,0,0,1,0.46550435,0.32630083,0,0,adulto
ICB_03256_005,ICB_122,pneumonia,3M Littmann Classic II SE,66.0,0,0,1,0.7090698,0.3139542,1,0,adulto
ICB_03257_000,ICB_122,pneumonia,3M Littmann Classic II SE,66.0,0,0,1,0.8179996,0.43884897,1,0,adulto
ICB_03257_001,ICB_122,pneumonia,3M Littmann Classic II SE,66.0,0,0,1,0.38356683,0.44688132,0,0,adulto
ICB_03257_002,ICB_122,pneumonia,3M Littmann Classic II SE,66.0,0,0,1,0.56245595,0.28175566,0,0,adulto
ICB_03257_003,ICB_122,pneumonia,3M Littmann Classic II SE,66.0,0,0,1,0.6380846,0.5584935,0,0,adulto
ICB_03257_004,ICB_122,pneumonia,3M Littmann Classic II SE,66.0,0,0,1,0.52832943,0.3149801,0,0,adulto
ICB_03257_005,ICB_122,pneumonia,3M Littmann Classic II SE,66.0,0,0,1,0.67417693,0.4883254,0,0,adulto
ICB_03257_006,ICB_122,pneumonia,3M Littmann Classic II SE,66.0,0,0,1,0.23627917,0.2982915,0,0,adulto
ICB_03258_000,ICB_122,pneumonia,3M Littmann Classic II SE,66.0,0,0,1,0.53272265,0.62846994,0,0,adulto
ICB_03258_001,ICB_122,pneumonia,3M Littmann Classic II SE,66.0,0,1,1,0.35385635,0.9054994,2,2,adulto
ICB_03258_002,ICB_122,pneumonia,3M Littmann Classic II SE,66.0,0,1,1,0.35079473,0.5913439,0,2,adulto
ICB_03258_003,ICB_122,pneumonia,3M Littmann Classic II SE,66.0,0,1,1,0.43290213,0.8124371,2,2,adulto
ICB_03258_004,ICB_122,pneumonia,3M Littmann Classic II SE,66.0,0,1,1,0.25863877,0.42979324,0,2,adulto
ICB_03258_005,ICB_122,pneumonia,3M Littmann Classic II SE,66.0,0,1,1,0.44859278,0.672525,0,2,adulto
ICB_03259_000,ICB_122,pneumonia,3M Littmann Classic II SE,66.0,0,0,1,0.5704249,0.41189575,0,0,adulto
ICB_03259_001,ICB_122,pneumonia,3M Littmann Classic II SE,66.0,0,1,1,0.6371321,0.2974044,0,2,adulto
ICB_03259_002,ICB_122,pneumonia,3M Littmann Classic II SE,66.0,0,0,1,0.5439968,0.52912235,0,0,adulto
ICB_03259_003,ICB_122,pneumonia,3M Littmann Classic II SE,66.0,0,0,1,0.5503431,0.43183792,0,0,adulto
ICB_03259_004,ICB_122,pneumonia,3M Littmann Classic II SE,66.0,0,0,1,0.46949857,0.60220236,0,0,adulto
ICB_03260_000,ICB_122,pneumonia,3M Littmann Classic II SE,66.0,0,0,1,0.4925747,0.82654995,2,0,adulto
ICB_03260_001,ICB_122,pneumonia,3M Littmann Classic II SE,66.0,0,1,1,0.45443755,0.6531041,0,2,adulto
ICB_03260_002,ICB_122,pneumonia,3M Littmann Classic II SE,66.0,0,0,1,0.49043345,0.44537535,0,0,adulto
ICB_03260_003,ICB_122,pneumonia,3M Littmann Classic II SE,66.0,0,0,1,0.6331773,0.55072796,0,0,adulto
ICB_03260_004,ICB_122,pneumonia,3M Littmann Classic II SE,66.0,0,0,1,0.40701276,0.4991392,0,0,adulto
ICB_03261_000,ICB_122,pneumonia,3M Littmann Classic II SE,66.0,0,0,1,0.3544068,0.5491922,0,0,adulto
ICB_03261_001,ICB_122,pneumonia,3M Littmann Classic II SE,66.0,0,0,1,0.44832757,0.5984384,0,0,adulto
ICB_03261_002,ICB_122,pneumonia,3M Littmann Classic II SE,66.0,0,0,1,0.3435801,0.5331721,0,0,adulto
ICB_03261_003,ICB_122,pneumonia,3M Littmann Classic II SE,66.0,0,0,1,0.3917955,0.27775258,0,0,adulto
ICB_03261_004,ICB_122,pneumonia,3M Littmann Classic II SE,66.0,0,0,1,0.353429,0.4328765,0,0,adulto
ICB_03428_000,ICB_142,copd,3M Littmann Classic II SE,78.0,1,0,1,0.80704147,0.07851028,1,1,adulto
ICB_03428_001,ICB_142,copd,3M Littmann Classic II SE,78.0,1,0,1,0.6950214,0.25297084,0,1,adulto
ICB_03428_002,ICB_142,copd,3M Littmann Classic II SE,78.0,1,0,1,0.7781632,0.29456094,1,1,adulto
ICB_03428_003,ICB_142,copd,3M Littmann Classic II SE,78.0,1,0,1,0.70249313,0.2308497,1,1,adulto
ICB_03428_004,ICB_142,copd,3M Littmann Classic II SE,78.0,1,0,1,0.7754828,0.49500692,1,1,adulto
ICB_03428_005,ICB_142,copd,3M Littmann Classic II SE,78.0,1,0,1,0.7932967,0.27331948,1,1,adulto
ICB_03428_006,ICB_142,copd,3M Littmann Classic II SE,78.0,1,0,1,0.7494629,0.25150228,1,1,adulto
ICB_03428_007,ICB_142,copd,3M Littmann Classic II SE,78.0,1,0,1,0.35632804,0.65703887,0,1,adulto
ICB_03428_008,ICB_142,copd,3M Littmann Classic II SE,78.0,1,0,1,0.13794327,0.3118694,0,1,adulto
ICB_03429_000,ICB_143,normal_lung,AKG C417L Microphone,0.25,0,0,1,0.3425127,0.10446191,0,0,pediátrico (<18)
ICB_03429_001,ICB_143,normal_lung,AKG C417L Microphone,0.25,0,0,1,0.6127448,0.11579194,0,0,pediátrico (<18)
ICB_03429_002,ICB_143,normal_lung,AKG C417L Microphone,0.25,0,0,1,0.63635534,0.13741909,0,0,pediátrico (<18)
ICB_03429_003,ICB_143,normal_lung,AKG C417L Microphone,0.25,0,0,1,0.5113998,0.12106421,0,0,pediátrico (<18)
ICB_03429_004,ICB_143,normal_lung,AKG C417L Microphone,0.25,0,0,1,0.5907794,0.2958441,0,0,pediátrico (<18)
ICB_03429_005,ICB_143,normal_lung,AKG C417L Microphone,0.25,0,0,1,0.5091281,0.3864014,0,0,pediátrico (<18)
ICB_03429_006,ICB_143,normal_lung,AKG C417L Microphone,0.25,0,0,1,0.56757885,0.23251092,0,0,pediátrico (<18)
ICB_03429_007,ICB_143,normal_lung,AKG C417L Microphone,0.25,0,0,1,0.34757543,0.29069173,0,0,pediátrico (<18)
ICB_03429_008,ICB_143,normal_lung,AKG C417L Microphone,0.25,0,0,1,0.12955165,0.3372085,0,0,pediátrico (<18)
ICB_03429_009,ICB_143,normal_lung,AKG C417L Microphone,0.25,0,0,1,0.28396934,0.28570643,0,0,pediátrico (<18)
ICB_03429_010,ICB_143,normal_lung,AKG C417L Microphone,0.25,0,0,1,0.48386288,0.36615768,0,0,pediátrico (<18)
ICB_03429_011,ICB_143,normal_lung,AKG C417L Microphone,0.25,0,0,1,0.5718547,0.23865147,0,0,pediátrico (<18)
ICB_03429_012,ICB_143,normal_lung,AKG C417L Microphone,0.25,0,0,1,0.47911605,0.15874185,0,0,pediátrico (<18)
ICB_03429_013,ICB_143,normal_lung,AKG C417L Microphone,0.25,0,0,1,0.62895197,0.27203774,0,0,pediátrico (<18)
ICB_03429_014,ICB_143,normal_lung,AKG C417L Microphone,0.25,0,0,1,0.31970468,0.18489312,0,0,pediátrico (<18)
ICB_03429_015,ICB_143,normal_lung,AKG C417L Microphone,0.25,0,0,1,0.34980676,0.20338145,0,0,pediátrico (<18)
ICB_03429_016,ICB_143,normal_lung,AKG C417L Microphone,0.25,0,0,1,0.5130028,0.2930336,0,0,pediátrico (<18)
ICB_03429_017,ICB_143,normal_lung,AKG C417L Microphone,0.25,0,0,1,0.15207337,0.24399021,0,0,pediátrico (<18)
ICB_03467_000,ICB_149,bronchiolitis_asthma,3M Littmann Classic II SE,0.67,0,0,1,0.3377738,0.3339605,0,0,pediátrico (<18)
ICB_03467_001,ICB_149,bronchiolitis_asthma,3M Littmann Classic II SE,0.67,0,0,1,0.10707329,0.07056183,0,0,pediátrico (<18)
ICB_03467_002,ICB_149,bronchiolitis_asthma,3M Littmann Classic II SE,0.67,0,1,1,0.14306678,0.083450384,0,2,pediátrico (<18)
ICB_03467_003,ICB_149,bronchiolitis_asthma,3M Littmann Classic II SE,0.67,0,1,1,0.0867751,0.108782604,0,2,pediátrico (<18)
ICB_03467_004,ICB_149,bronchiolitis_asthma,3M Littmann Classic II SE,0.67,1,1,1,0.18440479,0.23415644,0,3,pediátrico (<18)
ICB_03467_005,ICB_149,bronchiolitis_asthma,3M Littmann Classic II SE,0.67,0,1,1,0.23910667,0.17751361,0,2,pediátrico (<18)
ICB_03467_006,ICB_149,bronchiolitis_asthma,3M Littmann Classic II SE,0.67,0,0,1,0.14096457,0.07892561,0,0,pediátrico (<18)
ICB_03467_007,ICB_149,bronchiolitis_asthma,3M Littmann Classic II SE,0.67,1,0,1,0.33100858,0.31123376,0,1,pediátrico (<18)
ICB_03467_008,ICB_149,bronchiolitis_asthma,3M Littmann Classic II SE,0.67,0,1,1,0.10876472,0.00010462276,0,2,pediátrico (<18)
ICB_03467_009,ICB_149,bronchiolitis_asthma,3M Littmann Classic II SE,0.67,0,1,1,0.22840361,0.10135188,0,2,pediátrico (<18)
ICB_03467_010,ICB_149,bronchiolitis_asthma,3M Littmann Classic II SE,0.67,0,1,1,0.1512423,0.29984412,0,2,pediátrico (<18)
ICB_03467_011,ICB_149,bronchiolitis_asthma,3M Littmann Classic II SE,0.67,0,1,1,0.28249612,0.16160497,0,2,pediátrico (<18)
ICB_03467_012,ICB_149,bronchiolitis_asthma,3M Littmann Classic II SE,0.67,0,1,1,0.41393682,0.3198524,0,2,pediátrico (<18)
ICB_03467_013,ICB_149,bronchiolitis_asthma,3M Littmann Classic II SE,0.67,0,1,1,0.23655601,0.32756802,0,2,pediátrico (<18)
ICB_03467_014,ICB_149,bronchiolitis_asthma,3M Littmann Classic II SE,0.67,0,1,1,0.3250748,0.61378616,0,2,pediátrico (<18)
ICB_03467_015,ICB_149,bronchiolitis_asthma,3M Littmann Classic II SE,0.67,0,1,1,0.4204722,0.36730486,0,2,pediátrico (<18)
ICB_03467_016,ICB_149,bronchiolitis_asthma,3M Littmann Classic II SE,0.67,1,1,1,0.3164877,0.32543096,0,3,pediátrico (<18)
ICB_03467_017,ICB_149,bronchiolitis_asthma,3M Littmann Classic II SE,0.67,0,1,1,0.051326245,0.04260086,0,2,pediátrico (<18)
ICB_03468_000,ICB_149,bronchiolitis_asthma,3M Littmann Classic II SE,0.67,0,0,1,0.6059657,0.3182928,0,0,pediátrico (<18)
ICB_03468_001,ICB_149,bronchiolitis_asthma,3M Littmann Classic II SE,0.67,0,0,1,0.47503603,0.60299826,0,0,pediátrico (<18)
ICB_03468_002,ICB_149,bronchiolitis_asthma,3M Littmann Classic II SE,0.67,0,0,1,0.31987265,0.16106874,0,0,pediátrico (<18)
ICB_03468_003,ICB_149,bronchiolitis_asthma,3M Littmann Classic II SE,0.67,0,0,1,0.775078,0.1987949,1,0,pediátrico (<18)
ICB_03468_004,ICB_149,bronchiolitis_asthma,3M Littmann Classic II SE,0.67,0,0,1,0.39561492,0.6933325,0,0,pediátrico (<18)
ICB_03468_005,ICB_149,bronchiolitis_asthma,3M Littmann Classic II SE,0.67,0,0,1,0.523223,0.50102645,0,0,pediátrico (<18)
ICB_03468_006,ICB_149,bronchiolitis_asthma,3M Littmann Classic II SE,0.67,0,0,1,0.0828688,0.33189815,0,0,pediátrico (<18)
ICB_03468_007,ICB_149,bronchiolitis_asthma,3M Littmann Classic II SE,0.67,0,0,1,0.38846177,0.89149666,2,0,pediátrico (<18)
ICB_03468_008,ICB_149,bronchiolitis_asthma,3M Littmann Classic II SE,0.67,1,0,1,0.20688093,0.502078,0,1,pediátrico (<18)
ICB_03468_009,ICB_149,bronchiolitis_asthma,3M Littmann Classic II SE,0.67,1,0,1,0.3306224,0.5329098,0,1,pediátrico (<18)
ICB_03468_010,ICB_149,bronchiolitis_asthma,3M Littmann Classic II SE,0.67,0,0,1,0.47954407,0.3029783,0,0,pediátrico (<18)
ICB_03468_011,ICB_149,bronchiolitis_asthma,3M Littmann Classic II SE,0.67,0,0,1,0.404075,0.37140474,0,0,pediátrico (<18)
ICB_03468_012,ICB_149,bronchiolitis_asthma,3M Littmann Classic II SE,0.67,0,0,1,0.25944206,0.9543879,2,0,pediátrico (<18)
ICB_03468_013,ICB_149,bronchiolitis_asthma,3M Littmann Classic II SE,0.67,0,0,1,0.51564884,0.4086684,0,0,pediátrico (<18)
ICB_03468_014,ICB_149,bronchiolitis_asthma,3M Littmann Classic II SE,0.67,0,0,1,0.61724377,0.4903261,0,0,pediátrico (<18)
ICB_03468_015,ICB_149,bronchiolitis_asthma,3M Littmann Classic II SE,0.67,0,0,1,0.5572728,0.75988215,0,0,pediátrico (<18)
ICB_03469_000,ICB_149,bronchiolitis_asthma,3M Littmann Classic II SE,0.67,0,1,1,0.25493437,0.23667483,0,2,pediátrico (<18)
ICB_03469_001,ICB_149,bronchiolitis_asthma,3M Littmann Classic II SE,0.67,0,0,1,0.31748882,0.16670929,0,0,pediátrico (<18)
ICB_03469_002,ICB_149,bronchiolitis_asthma,3M Littmann Classic II SE,0.67,0,0,1,0.13709852,0.3281534,0,0,pediátrico (<18)
ICB_03469_003,ICB_149,bronchiolitis_asthma,3M Littmann Classic II SE,0.67,0,0,1,0.36614767,0.21216348,0,0,pediátrico (<18)
ICB_03469_004,ICB_149,bronchiolitis_asthma,3M Littmann Classic II SE,0.67,0,1,1,0.35706612,0.73701614,0,2,pediátrico (<18)
ICB_03469_005,ICB_149,bronchiolitis_asthma,3M Littmann Classic II SE,0.67,0,1,1,0.097592376,0.23232904,0,2,pediátrico (<18)
ICB_03469_006,ICB_149,bronchiolitis_asthma,3M Littmann Classic II SE,0.67,0,1,1,0.10734647,0.6513553,0,2,pediátrico (<18)
ICB_03469_007,ICB_149,bronchiolitis_asthma,3M Littmann Classic II SE,0.67,0,1,1,0.06286832,0.15444866,0,2,pediátrico (<18)
ICB_03469_008,ICB_149,bronchiolitis_asthma,3M Littmann Classic II SE,0.67,0,0,1,0.14913875,0.41088098,0,0,pediátrico (<18)
ICB_03469_009,ICB_149,bronchiolitis_asthma,3M Littmann Classic II SE,0.67,1,0,1,0.23792426,0.4270064,0,1,pediátrico (<18)
ICB_03469_010,ICB_149,bronchiolitis_asthma,3M Littmann Classic II SE,0.67,0,1,1,0.3293656,0.21839212,0,2,pediátrico (<18)
ICB_03469_011,ICB_149,bronchiolitis_asthma,3M Littmann Classic II SE,0.67,0,0,1,0.23304564,0.33876613,0,0,pediátrico (<18)
ICB_03469_012,ICB_149,bronchiolitis_asthma,3M Littmann Classic II SE,0.67,0,0,1,0.15861376,0.34724244,0,0,pediátrico (<18)
ICB_03469_013,ICB_149,bronchiolitis_asthma,3M Littmann Classic II SE,0.67,0,0,1,0.2589649,0.14705859,0,0,pediátrico (<18)
ICB_03469_014,ICB_149,bronchiolitis_asthma,3M Littmann Classic II SE,0.67,0,0,1,0.34217188,0.3101549,0,0,pediátrico (<18)
ICB_03469_015,ICB_149,bronchiolitis_asthma,3M Littmann Classic II SE,0.67,0,0,1,0.1572078,0.1844478,0,0,pediátrico (<18)
ICB_03469_016,ICB_149,bronchiolitis_asthma,3M Littmann Classic II SE,0.67,0,0,1,0.18415564,0.15660004,0,0,pediátrico (<18)
ICB_03542_000,ICB_157,copd,WelchAllyn Meditron Master Elite,62.0,0,0,1,0.7516593,0.12691766,1,0,adulto
ICB_03542_001,ICB_157,copd,WelchAllyn Meditron Master Elite,62.0,0,0,1,0.65942264,0.13096511,0,0,adulto
ICB_03542_002,ICB_157,copd,WelchAllyn Meditron Master Elite,62.0,0,0,1,0.6956718,0.15903024,0,0,adulto
ICB_03542_003,ICB_157,copd,WelchAllyn Meditron Master Elite,62.0,0,0,1,0.559802,0.23189189,0,0,adulto
ICB_03542_004,ICB_157,copd,WelchAllyn Meditron Master Elite,62.0,0,0,1,0.4600073,0.46164548,0,0,adulto
ICB_03542_005,ICB_157,copd,WelchAllyn Meditron Master Elite,62.0,0,0,1,0.5667805,0.32804206,0,0,adulto
ICB_03542_006,ICB_157,copd,WelchAllyn Meditron Master Elite,62.0,0,0,1,0.37145695,0.22108006,0,0,adulto
ICB_03542_007,ICB_157,copd,WelchAllyn Meditron Master Elite,62.0,1,0,1,0.5146936,0.50755674,0,1,adulto
ICB_03542_008,ICB_157,copd,WelchAllyn Meditron Master Elite,62.0,0,0,1,0.48145863,0.36453444,0,0,adulto
ICB_03542_009,ICB_157,copd,WelchAllyn Meditron Master Elite,62.0,0,0,1,0.49323457,0.52196217,0,0,adulto
ICB_03542_010,ICB_157,copd,WelchAllyn Meditron Master Elite,62.0,0,0,1,0.54825044,0.34444404,0,0,adulto
ICB_03542_011,ICB_157,copd,WelchAllyn Meditron Master Elite,62.0,1,0,1,0.48061454,0.391589,0,1,adulto
ICB_03542_012,ICB_157,copd,WelchAllyn Meditron Master Elite,62.0,0,0,1,0.5022975,0.4989281,0,0,adulto
ICB_03542_013,ICB_157,copd,WelchAllyn Meditron Master Elite,62.0,0,0,1,0.47902045,0.3161674,0,0,adulto
ICB_03542_014,ICB_157,copd,WelchAllyn Meditron Master Elite,62.0,0,0,1,0.18905178,0.496725,0,0,adulto
ICB_03543_000,ICB_157,copd,WelchAllyn Meditron Master Elite,62.0,0,0,1,0.5649642,0.37971544,0,0,adulto
ICB_03543_001,ICB_157,copd,WelchAllyn Meditron Master Elite,62.0,0,0,1,0.6028407,0.2225018,0,0,adulto
ICB_03543_002,ICB_157,copd,WelchAllyn Meditron Master Elite,62.0,0,0,1,0.49069995,0.25863254,0,0,adulto
ICB_03543_003,ICB_157,copd,WelchAllyn Meditron Master Elite,62.0,0,0,1,0.4537996,0.36910903,0,0,adulto
ICB_03543_004,ICB_157,copd,WelchAllyn Meditron Master Elite,62.0,0,0,1,0.5741213,0.3345937,0,0,adulto
ICB_03543_005,ICB_157,copd,WelchAllyn Meditron Master Elite,62.0,0,0,1,0.2876116,0.4525437,0,0,adulto
ICB_03543_006,ICB_157,copd,WelchAllyn Meditron Master Elite,62.0,0,0,1,0.49949422,0.5215193,0,0,adulto
ICB_03543_007,ICB_157,copd,WelchAllyn Meditron Master Elite,62.0,0,0,1,0.3751294,0.5944279,0,0,adulto
ICB_03543_008,ICB_157,copd,WelchAllyn Meditron Master Elite,62.0,0,0,1,0.5307817,0.68789905,0,0,adulto
ICB_03543_009,ICB_157,copd,WelchAllyn Meditron Master Elite,62.0,0,0,1,0.41218704,0.38654694,0,0,adulto
ICB_03543_010,ICB_157,copd,WelchAllyn Meditron Master Elite,62.0,0,0,1,0.58255583,0.52370846,0,0,adulto
ICB_03543_011,ICB_157,copd,WelchAllyn Meditron Master Elite,62.0,0,0,1,0.4747481,0.6264096,0,0,adulto
ICB_03544_000,ICB_157,copd,WelchAllyn Meditron Master Elite,62.0,1,0,1,0.60058546,0.11414466,0,1,adulto
ICB_03544_001,ICB_157,copd,WelchAllyn Meditron Master Elite,62.0,1,0,1,0.66614753,0.35040778,0,1,adulto
ICB_03544_002,ICB_157,copd,WelchAllyn Meditron Master Elite,62.0,0,0,1,0.5829421,0.35751173,0,0,adulto
ICB_03544_003,ICB_157,copd,WelchAllyn Meditron Master Elite,62.0,1,0,1,0.64759624,0.35437843,0,1,adulto
ICB_03544_004,ICB_157,copd,WelchAllyn Meditron Master Elite,62.0,1,0,1,0.5880525,0.22432077,0,1,adulto
ICB_03544_005,ICB_157,copd,WelchAllyn Meditron Master Elite,62.0,1,0,1,0.59983385,0.23575728,0,1,adulto
ICB_03544_006,ICB_157,copd,WelchAllyn Meditron Master Elite,62.0,1,0,1,0.5728106,0.25962773,0,1,adulto
ICB_03544_007,ICB_157,copd,WelchAllyn Meditron Master Elite,62.0,1,0,1,0.67248464,0.1367779,0,1,adulto
ICB_03544_008,ICB_157,copd,WelchAllyn Meditron Master Elite,62.0,0,0,1,0.600325,0.49182463,0,0,adulto
ICB_03545_000,ICB_157,copd,WelchAllyn Meditron Master Elite,62.0,0,0,1,0.63225365,0.21512802,0,0,adulto
ICB_03545_001,ICB_157,copd,WelchAllyn Meditron Master Elite,62.0,0,0,1,0.68395275,0.009497885,0,0,adulto
ICB_03545_002,ICB_157,copd,WelchAllyn Meditron Master Elite,62.0,0,0,1,0.7360128,0.1626682,1,0,adulto
ICB_03545_003,ICB_157,copd,WelchAllyn Meditron Master Elite,62.0,0,0,1,0.71451104,0.08519415,1,0,adulto
ICB_03545_004,ICB_157,copd,WelchAllyn Meditron Master Elite,62.0,0,0,1,0.63393486,0.12772293,0,0,adulto
ICB_03545_005,ICB_157,copd,WelchAllyn Meditron Master Elite,62.0,0,0,1,0.711295,0.24687253,1,0,adulto
ICB_03545_006,ICB_157,copd,WelchAllyn Meditron Master Elite,62.0,1,0,1,0.36891982,0.44871333,0,1,adulto
ICB_03545_007,ICB_157,copd,WelchAllyn Meditron Master Elite,62.0,1,0,1,0.546808,0.4046645,0,1,adulto
ICB_03545_008,ICB_157,copd,WelchAllyn Meditron Master Elite,62.0,0,0,1,0.5282452,0.28087425,0,0,adulto
ICB_03545_009,ICB_157,copd,WelchAllyn Meditron Master Elite,62.0,0,0,1,0.50415576,0.13799645,0,0,adulto
ICB_03545_010,ICB_157,copd,WelchAllyn Meditron Master Elite,62.0,1,0,1,0.58868426,0.18158025,0,1,adulto
ICB_03545_011,ICB_157,copd,WelchAllyn Meditron Master Elite,62.0,1,0,1,0.6161371,0.16232495,0,1,adulto
ICB_03545_012,ICB_157,copd,WelchAllyn Meditron Master Elite,62.0,0,0,1,0.6188298,0.1761554,0,0,adulto
ICB_03546_000,ICB_157,copd,WelchAllyn Meditron Master Elite,62.0,1,0,1,0.68543386,0.17604053,0,1,adulto
ICB_03546_001,ICB_157,copd,WelchAllyn Meditron Master Elite,62.0,1,0,1,0.69113535,0.13024268,0,1,adulto
ICB_03546_002,ICB_157,copd,WelchAllyn Meditron Master Elite,62.0,1,0,1,0.5181616,0.36125073,0,1,adulto
ICB_03546_003,ICB_157,copd,WelchAllyn Meditron Master Elite,62.0,1,0,1,0.5278627,0.20983477,0,1,adulto
ICB_03546_004,ICB_157,copd,WelchAllyn Meditron Master Elite,62.0,1,0,1,0.64516914,0.14824241,0,1,adulto
ICB_03546_005,ICB_157,copd,WelchAllyn Meditron Master Elite,62.0,0,0,1,0.64968306,0.15461761,0,0,adulto
ICB_03546_006,ICB_157,copd,WelchAllyn Meditron Master Elite,62.0,1,0,1,0.6923833,0.05775112,0,1,adulto
ICB_03546_007,ICB_157,copd,WelchAllyn Meditron Master Elite,62.0,0,0,1,0.5830551,0.67329997,0,0,adulto
ICB_03546_008,ICB_157,copd,WelchAllyn Meditron Master Elite,62.0,0,0,1,0.61452466,0.492844,0,0,adulto
ICB_03546_009,ICB_157,copd,WelchAllyn Meditron Master Elite,62.0,0,0,1,0.5769573,0.43049583,0,0,adulto
ICB_03546_010,ICB_157,copd,WelchAllyn Meditron Master Elite,62.0,0,0,1,0.50889033,0.43183294,0,0,adulto
ICB_03546_011,ICB_157,copd,WelchAllyn Meditron Master Elite,62.0,1,0,1,0.5659112,0.24256034,0,1,adulto
ICB_03546_012,ICB_157,copd,WelchAllyn Meditron Master Elite,62.0,1,0,1,0.6126752,0.24657097,0,1,adulto
ICB_03546_013,ICB_157,copd,WelchAllyn Meditron Master Elite,62.0,1,0,1,0.46754572,0.14539817,0,1,adulto
ICB_03546_014,ICB_157,copd,WelchAllyn Meditron Master Elite,62.0,1,0,1,0.58802545,0.6680346,0,1,adulto
ICB_03571_000,ICB_159,normal_lung,AKG C417L Microphone,0.83,0,0,1,0.3764084,0.26209223,0,0,pediátrico (<18)
ICB_03571_001,ICB_159,normal_lung,AKG C417L Microphone,0.83,0,0,1,0.3047677,0.18575665,0,0,pediátrico (<18)
ICB_03571_002,ICB_159,normal_lung,AKG C417L Microphone,0.83,0,1,1,0.2599615,0.06405604,0,2,pediátrico (<18)
ICB_03571_003,ICB_159,normal_lung,AKG C417L Microphone,0.83,0,0,1,0.4284563,0.13407798,0,0,pediátrico (<18)
ICB_03571_004,ICB_159,normal_lung,AKG C417L Microphone,0.83,0,0,1,0.23922008,0.09106224,0,0,pediátrico (<18)
ICB_03571_005,ICB_159,normal_lung,AKG C417L Microphone,0.83,0,0,1,0.0029286833,0.1837547,0,0,pediátrico (<18)
ICB_03571_006,ICB_159,normal_lung,AKG C417L Microphone,0.83,0,0,1,0.33617133,0.26752767,0,0,pediátrico (<18)
ICB_03571_007,ICB_159,normal_lung,AKG C417L Microphone,0.83,0,0,1,0.30404764,0.10194484,0,0,pediátrico (<18)
ICB_03571_008,ICB_159,normal_lung,AKG C417L Microphone,0.83,0,0,1,0.26242962,0.111677274,0,0,pediátrico (<18)
ICB_03571_009,ICB_159,normal_lung,AKG C417L Microphone,0.83,0,0,1,0.27595526,0.11317138,0,0,pediátrico (<18)
ICB_03571_010,ICB_159,normal_lung,AKG C417L Microphone,0.83,0,0,1,0.23286635,0.10890353,0,0,pediátrico (<18)
ICB_03571_011,ICB_159,normal_lung,AKG C417L Microphone,0.83,0,0,1,0.24911128,0.08606521,0,0,pediátrico (<18)
ICB_03572_000,ICB_159,normal_lung,AKG C417L Microphone,0.83,0,0,1,0.54454577,0.09714349,0,0,pediátrico (<18)
ICB_03572_001,ICB_159,normal_lung,AKG C417L Microphone,0.83,0,0,1,0.73667485,0.15090778,1,0,pediátrico (<18)
ICB_03572_002,ICB_159,normal_lung,AKG C417L Microphone,0.83,0,0,1,0.50948447,0.20218775,0,0,pediátrico (<18)
ICB_03572_003,ICB_159,normal_lung,AKG C417L Microphone,0.83,0,0,1,0.5796956,0.3160514,0,0,pediátrico (<18)
ICB_03572_004,ICB_159,normal_lung,AKG C417L Microphone,0.83,0,0,1,0.5019839,0.21261975,0,0,pediátrico (<18)
ICB_03572_005,ICB_159,normal_lung,AKG C417L Microphone,0.83,0,0,1,0.36016294,0.30450073,0,0,pediátrico (<18)
ICB_03572_006,ICB_159,normal_lung,AKG C417L Microphone,0.83,0,0,1,0.41098854,0.15677933,0,0,pediátrico (<18)
ICB_03572_007,ICB_159,normal_lung,AKG C417L Microphone,0.83,0,0,1,0.4385643,0.33517832,0,0,pediátrico (<18)
ICB_03572_008,ICB_159,normal_lung,AKG C417L Microphone,0.83,0,0,1,0.38393906,0.2151566,0,0,pediátrico (<18)
ICB_03573_000,ICB_159,normal_lung,AKG C417L Microphone,0.83,0,0,1,0.34118167,0.72949576,0,0,pediátrico (<18)
ICB_03573_001,ICB_159,normal_lung,AKG C417L Microphone,0.83,0,0,1,0.36890978,0.4544246,0,0,pediátrico (<18)
ICB_03573_002,ICB_159,normal_lung,AKG C417L Microphone,0.83,0,0,1,0.4453637,0.42056373,0,0,pediátrico (<18)
ICB_03573_003,ICB_159,normal_lung,AKG C417L Microphone,0.83,0,0,1,0.4351225,0.21381304,0,0,pediátrico (<18)
ICB_03573_004,ICB_159,normal_lung,AKG C417L Microphone,0.83,0,0,1,0.25118655,0.19449733,0,0,pediátrico (<18)
ICB_03573_005,ICB_159,normal_lung,AKG C417L Microphone,0.83,0,0,1,0.47217345,0.44150838,0,0,pediátrico (<18)
ICB_03573_006,ICB_159,normal_lung,AKG C417L Microphone,0.83,0,0,1,0.24458212,0.42117682,0,0,pediátrico (<18)
ICB_03573_007,ICB_159,normal_lung,AKG C417L Microphone,0.83,0,0,1,0.372007,0.404951,0,0,pediátrico (<18)
ICB_03573_008,ICB_159,normal_lung,AKG C417L Microphone,0.83,0,0,1,0.46472964,0.61619145,0,0,pediátrico (<18)
ICB_03573_009,ICB_159,normal_lung,AKG C417L Microphone,0.83,0,0,1,0.48203284,0.23077783,0,0,pediátrico (<18)
ICB_03573_010,ICB_159,normal_lung,AKG C417L Microphone,0.83,0,0,1,0.18068436,0.4176761,0,0,pediátrico (<18)
ICB_03573_011,ICB_159,normal_lung,AKG C417L Microphone,0.83,0,0,1,0.42444414,0.025017582,0,0,pediátrico (<18)
ICB_03574_000,ICB_159,normal_lung,AKG C417L Microphone,0.83,0,0,1,0.45536828,0.253387,0,0,pediátrico (<18)
ICB_03574_001,ICB_159,normal_lung,AKG C417L Microphone,0.83,0,0,1,0.4553804,0.24216737,0,0,pediátrico (<18)
ICB_03574_002,ICB_159,normal_lung,AKG C417L Microphone,0.83,0,0,1,0.29036823,0.3103382,0,0,pediátrico (<18)
ICB_03574_003,ICB_159,normal_lung,AKG C417L Microphone,0.83,0,0,1,0.34809554,0.17767717,0,0,pediátrico (<18)
ICB_03574_004,ICB_159,normal_lung,AKG C417L Microphone,0.83,0,0,1,0.3322045,0.21371722,0,0,pediátrico (<18)
ICB_03574_005,ICB_159,normal_lung,AKG C417L Microphone,0.83,0,0,1,0.36057827,0.37948787,0,0,pediátrico (<18)
ICB_03574_006,ICB_159,normal_lung,AKG C417L Microphone,0.83,0,0,1,0.3684034,0.26498234,0,0,pediátrico (<18)
ICB_03574_007,ICB_159,normal_lung,AKG C417L Microphone,0.83,0,0,1,0.488509,0.34838292,0,0,pediátrico (<18)
ICB_03574_008,ICB_159,normal_lung,AKG C417L Microphone,0.83,0,0,1,0.27118728,0.20572992,0,0,pediátrico (<18)
ICB_03641_000,ICB_166,copd,WelchAllyn Meditron Master Elite,71.0,0,0,1,0.54415643,0.2123076,0,0,adulto
ICB_03641_001,ICB_166,copd,WelchAllyn Meditron Master Elite,71.0,0,0,1,0.37052426,0.24996144,0,0,adulto
ICB_03641_002,ICB_166,copd,WelchAllyn Meditron Master Elite,71.0,0,0,1,0.58302826,0.3639266,0,0,adulto
ICB_03641_003,ICB_166,copd,WelchAllyn Meditron Master Elite,71.0,0,0,1,0.57996166,0.32941103,0,0,adulto
ICB_03641_004,ICB_166,copd,WelchAllyn Meditron Master Elite,71.0,0,0,1,0.46868068,0.5082956,0,0,adulto
ICB_03641_005,ICB_166,copd,WelchAllyn Meditron Master Elite,71.0,0,0,1,0.42285118,0.43201783,0,0,adulto
ICB_03641_006,ICB_166,copd,WelchAllyn Meditron Master Elite,71.0,0,0,1,0.42166218,0.69964606,0,0,adulto
ICB_03641_007,ICB_166,copd,WelchAllyn Meditron Master Elite,71.0,0,0,1,0.6645997,0.30326352,0,0,adulto
ICB_03641_008,ICB_166,copd,WelchAllyn Meditron Master Elite,71.0,0,0,1,0.51979023,0.7949409,0,0,adulto
ICB_03641_009,ICB_166,copd,WelchAllyn Meditron Master Elite,71.0,0,0,1,0.6305727,0.47193804,0,0,adulto
ICB_03641_010,ICB_166,copd,WelchAllyn Meditron Master Elite,71.0,1,0,1,0.49153435,0.7777928,0,1,adulto
ICB_03641_011,ICB_166,copd,WelchAllyn Meditron Master Elite,71.0,1,0,1,0.30978668,0.5827612,0,1,adulto
ICB_03641_012,ICB_166,copd,WelchAllyn Meditron Master Elite,71.0,0,0,1,0.2710879,0.07227956,0,0,adulto
ICB_03641_013,ICB_166,copd,WelchAllyn Meditron Master Elite,71.0,1,0,1,0.29246095,0.689631,0,1,adulto
ICB_03641_014,ICB_166,copd,WelchAllyn Meditron Master Elite,71.0,1,0,1,0.43392774,0.4115464,0,1,adulto
ICB_03641_015,ICB_166,copd,WelchAllyn Meditron Master Elite,71.0,1,0,1,0.37426534,0.5896797,0,1,adulto
ICB_03641_016,ICB_166,copd,WelchAllyn Meditron Master Elite,71.0,0,0,1,0.4618895,0.7174938,0,0,adulto
ICB_03642_000,ICB_166,copd,WelchAllyn Meditron Master Elite,71.0,0,0,1,0.6342089,0.7499592,0,0,adulto
ICB_03642_001,ICB_166,copd,WelchAllyn Meditron Master Elite,71.0,0,0,1,0.62565774,0.44076762,0,0,adulto
ICB_03642_002,ICB_166,copd,WelchAllyn Meditron Master Elite,71.0,0,0,1,0.5780411,0.26278603,0,0,adulto
ICB_03642_003,ICB_166,copd,WelchAllyn Meditron Master Elite,71.0,0,0,1,0.5920962,0.25988483,0,0,adulto
ICB_03642_004,ICB_166,copd,WelchAllyn Meditron Master Elite,71.0,0,0,1,0.64252204,0.32654977,0,0,adulto
ICB_03642_005,ICB_166,copd,WelchAllyn Meditron Master Elite,71.0,0,0,1,0.85495013,0.2715328,1,0,adulto
ICB_03642_006,ICB_166,copd,WelchAllyn Meditron Master Elite,71.0,0,0,1,0.71823514,0.25926605,1,0,adulto
ICB_03642_007,ICB_166,copd,WelchAllyn Meditron Master Elite,71.0,0,0,1,0.7026567,0.20739777,1,0,adulto
ICB_03642_008,ICB_166,copd,WelchAllyn Meditron Master Elite,71.0,0,0,1,0.73762786,0.23342778,1,0,adulto
ICB_03642_009,ICB_166,copd,WelchAllyn Meditron Master Elite,71.0,0,0,1,0.7403833,0.29382163,1,0,adulto
ICB_03642_010,ICB_166,copd,WelchAllyn Meditron Master Elite,71.0,0,0,1,0.5160607,0.3533604,0,0,adulto
ICB_03642_011,ICB_166,copd,WelchAllyn Meditron Master Elite,71.0,0,0,1,0.6306433,0.37463728,0,0,adulto
ICB_03642_012,ICB_166,copd,WelchAllyn Meditron Master Elite,71.0,0,0,1,0.769553,0.33251452,1,0,adulto
ICB_03642_013,ICB_166,copd,WelchAllyn Meditron Master Elite,71.0,0,0,1,0.74409086,0.18751667,1,0,adulto
ICB_03642_014,ICB_166,copd,WelchAllyn Meditron Master Elite,71.0,0,0,1,0.56452185,0.6464139,0,0,adulto
ICB_03642_015,ICB_166,copd,WelchAllyn Meditron Master Elite,71.0,0,0,1,0.54634,0.28928354,0,0,adulto
ICB_03642_016,ICB_166,copd,WelchAllyn Meditron Master Elite,71.0,0,0,1,0.66637814,0.508894,0,0,adulto
ICB_03642_017,ICB_166,copd,WelchAllyn Meditron Master Elite,71.0,0,0,1,0.5645894,0.3717093,0,0,adulto
ICB_03642_018,ICB_166,copd,WelchAllyn Meditron Master Elite,71.0,0,0,1,0.58146256,0.5044048,0,0,adulto
ICB_03642_019,ICB_166,copd,WelchAllyn Meditron Master Elite,71.0,0,0,1,0.42423648,0.3834248,0,0,adulto
ICB_03642_020,ICB_166,copd,WelchAllyn Meditron Master Elite,71.0,0,0,1,0.36022913,0.5516585,0,0,adulto
ICB_03642_021,ICB_166,copd,WelchAllyn Meditron Master Elite,71.0,0,0,1,0.63409704,0.21493578,0,0,adulto
ICB_03642_022,ICB_166,copd,WelchAllyn Meditron Master Elite,71.0,0,0,1,0.63470346,0.35885522,0,0,adulto
ICB_03642_023,ICB_166,copd,WelchAllyn Meditron Master Elite,71.0,0,0,1,0.41379517,0.7464197,0,0,adulto
ICB_03642_024,ICB_166,copd,WelchAllyn Meditron Master Elite,71.0,0,0,1,0.6010622,0.58955765,0,0,adulto
ICB_03643_000,ICB_166,copd,WelchAllyn Meditron Master Elite,71.0,1,0,1,0.027817339,0.6381101,0,1,adulto
ICB_03643_001,ICB_166,copd,WelchAllyn Meditron Master Elite,71.0,1,0,1,0.33529317,0.366308,0,1,adulto
ICB_03643_002,ICB_166,copd,WelchAllyn Meditron Master Elite,71.0,1,0,1,0.6907551,0.33130857,0,1,adulto
ICB_03643_003,ICB_166,copd,WelchAllyn Meditron Master Elite,71.0,1,0,1,0.5097938,0.50777,0,1,adulto
ICB_03643_004,ICB_166,copd,WelchAllyn Meditron Master Elite,71.0,1,0,1,0.25808907,0.32204118,0,1,adulto
ICB_03643_005,ICB_166,copd,WelchAllyn Meditron Master Elite,71.0,1,0,1,0.22121148,0.31835508,0,1,adulto
ICB_03643_006,ICB_166,copd,WelchAllyn Meditron Master Elite,71.0,1,0,1,0.31670395,0.14607364,0,1,adulto
ICB_03643_007,ICB_166,copd,WelchAllyn Meditron Master Elite,71.0,1,0,1,0.49563438,0.23860721,0,1,adulto
ICB_03643_008,ICB_166,copd,WelchAllyn Meditron Master Elite,71.0,1,0,1,0.35628197,0.5538063,0,1,adulto
ICB_03643_009,ICB_166,copd,WelchAllyn Meditron Master Elite,71.0,1,0,1,0.15246753,0.26121637,0,1,adulto
ICB_03643_010,ICB_166,copd,WelchAllyn Meditron Master Elite,71.0,1,0,1,0.43168464,0.19564258,0,1,adulto
ICB_03643_011,ICB_166,copd,WelchAllyn Meditron Master Elite,71.0,1,0,1,0.1827775,0.3440333,0,1,adulto
ICB_03643_012,ICB_166,copd,WelchAllyn Meditron Master Elite,71.0,1,0,1,0.46487617,0.5101089,0,1,adulto
ICB_03643_013,ICB_166,copd,WelchAllyn Meditron Master Elite,71.0,1,0,1,0.033803098,0.8970507,2,1,adulto
ICB_03643_014,ICB_166,copd,WelchAllyn Meditron Master Elite,71.0,1,0,1,0.3822474,0.48577288,0,1,adulto
ICB_03643_015,ICB_166,copd,WelchAllyn Meditron Master Elite,71.0,0,0,1,0.65260416,0.633709,0,0,adulto
ICB_03643_016,ICB_166,copd,WelchAllyn Meditron Master Elite,71.0,0,0,1,0.64910775,0.4159046,0,0,adulto
ICB_03643_017,ICB_166,copd,WelchAllyn Meditron Master Elite,71.0,1,0,1,0.5630712,0.7674934,0,1,adulto
ICB_03643_018,ICB_166,copd,WelchAllyn Meditron Master Elite,71.0,0,0,1,0.3022513,0.5014893,0,0,adulto
ICB_03643_019,ICB_166,copd,WelchAllyn Meditron Master Elite,71.0,0,0,1,0.5315941,0.3753859,0,0,adulto
ICB_03643_020,ICB_166,copd,WelchAllyn Meditron Master Elite,71.0,0,0,1,0.365794,0.51874644,0,0,adulto
ICB_03643_021,ICB_166,copd,WelchAllyn Meditron Master Elite,71.0,0,0,1,0.48344055,0.32036304,0,0,adulto
ICB_03643_022,ICB_166,copd,WelchAllyn Meditron Master Elite,71.0,0,0,1,0.524068,0.47791854,0,0,adulto
ICB_03643_023,ICB_166,copd,WelchAllyn Meditron Master Elite,71.0,0,0,1,0.49190226,0.6740271,0,0,adulto
ICB_03643_024,ICB_166,copd,WelchAllyn Meditron Master Elite,71.0,0,0,1,0.7147914,0.082044,1,0,adulto
ICB_03644_000,ICB_166,copd,WelchAllyn Meditron Master Elite,71.0,0,0,1,0.46247166,0.62800056,0,0,adulto
ICB_03644_001,ICB_166,copd,WelchAllyn Meditron Master Elite,71.0,0,0,1,0.66314983,0.52263236,0,0,adulto
ICB_03644_002,ICB_166,copd,WelchAllyn Meditron Master Elite,71.0,0,0,1,0.37277424,0.72826993,0,0,adulto
ICB_03644_003,ICB_166,copd,WelchAllyn Meditron Master Elite,71.0,0,0,1,0.23374738,0.70456386,0,0,adulto
ICB_03644_004,ICB_166,copd,WelchAllyn Meditron Master Elite,71.0,0,0,1,0.3010076,0.43643194,0,0,adulto
ICB_03644_005,ICB_166,copd,WelchAllyn Meditron Master Elite,71.0,0,0,1,0.5152795,0.54213715,0,0,adulto
ICB_03644_006,ICB_166,copd,WelchAllyn Meditron Master Elite,71.0,0,0,1,0.39732477,0.57148325,0,0,adulto
ICB_03644_007,ICB_166,copd,WelchAllyn Meditron Master Elite,71.0,0,0,1,0.40930396,0.5283406,0,0,adulto
ICB_03644_008,ICB_166,copd,WelchAllyn Meditron Master Elite,71.0,0,0,1,0.31892538,0.75008255,0,0,adulto
ICB_03644_009,ICB_166,copd,WelchAllyn Meditron Master Elite,71.0,0,0,1,0.37520283,0.49608907,0,0,adulto
ICB_03644_010,ICB_166,copd,WelchAllyn Meditron Master Elite,71.0,0,0,1,0.4071662,0.5716272,0,0,adulto
ICB_03644_011,ICB_166,copd,WelchAllyn Meditron Master Elite,71.0,0,0,1,0.45189354,0.30698457,0,0,adulto
ICB_03644_012,ICB_166,copd,WelchAllyn Meditron Master Elite,71.0,0,0,1,0.4316,0.4207348,0,0,adulto
ICB_03644_013,ICB_166,copd,WelchAllyn Meditron Master Elite,71.0,0,0,1,0.4996932,0.6317068,0,0,adulto
ICB_03644_014,ICB_166,copd,WelchAllyn Meditron Master Elite,71.0,0,0,1,0.47723958,0.7467726,0,0,adulto
ICB_03644_015,ICB_166,copd,WelchAllyn Meditron Master Elite,71.0,0,0,1,0.5100537,0.50617117,0,0,adulto
ICB_03644_016,ICB_166,copd,WelchAllyn Meditron Master Elite,71.0,1,0,1,0.42441806,0.15974303,0,1,adulto
ICB_03644_017,ICB_166,copd,WelchAllyn Meditron Master Elite,71.0,1,0,1,0.40161622,0.41248035,0,1,adulto
ICB_03644_018,ICB_166,copd,WelchAllyn Meditron Master Elite,71.0,1,0,1,0.3958127,0.33627614,0,1,adulto
ICB_03644_019,ICB_166,copd,WelchAllyn Meditron Master Elite,71.0,1,0,1,0.38999045,0.35039213,0,1,adulto
ICB_03644_020,ICB_166,copd,WelchAllyn Meditron Master Elite,71.0,1,0,1,0.4611933,0.35018113,0,1,adulto
ICB_03644_021,ICB_166,copd,WelchAllyn Meditron Master Elite,71.0,1,0,1,0.4196487,0.35993487,0,1,adulto
ICB_03644_022,ICB_166,copd,WelchAllyn Meditron Master Elite,71.0,0,0,1,0.40270987,0.18076012,0,0,adulto
ICB_03644_023,ICB_166,copd,WelchAllyn Meditron Master Elite,71.0,1,0,1,0.4410523,0.19841488,0,1,adulto
ICB_03645_000,ICB_166,copd,WelchAllyn Meditron Master Elite,71.0,0,0,1,0.33349723,0.28375116,0,0,adulto
ICB_03645_001,ICB_166,copd,WelchAllyn Meditron Master Elite,71.0,0,0,1,0.4693514,0.3328264,0,0,adulto
ICB_03645_002,ICB_166,copd,WelchAllyn Meditron Master Elite,71.0,0,0,1,0.5333142,0.38115832,0,0,adulto
ICB_03645_003,ICB_166,copd,WelchAllyn Meditron Master Elite,71.0,0,1,1,0.24005292,0.39749825,0,2,adulto
ICB_03645_004,ICB_166,copd,WelchAllyn Meditron Master Elite,71.0,0,1,1,0.43606842,0.49815053,0,2,adulto
ICB_03645_005,ICB_166,copd,WelchAllyn Meditron Master Elite,71.0,0,0,1,0.58847237,0.64988047,0,0,adulto
ICB_03645_006,ICB_166,copd,WelchAllyn Meditron Master Elite,71.0,0,0,1,0.62689155,0.28766817,0,0,adulto
ICB_03645_007,ICB_166,copd,WelchAllyn Meditron Master Elite,71.0,0,0,1,0.56605965,0.53000575,0,0,adulto
ICB_03645_008,ICB_166,copd,WelchAllyn Meditron Master Elite,71.0,0,0,1,0.51966834,0.406921,0,0,adulto
ICB_03645_009,ICB_166,copd,WelchAllyn Meditron Master Elite,71.0,0,0,1,0.41831884,0.41083503,0,0,adulto
ICB_03645_010,ICB_166,copd,WelchAllyn Meditron Master Elite,71.0,0,0,1,0.5518071,0.17138153,0,0,adulto
ICB_03645_011,ICB_166,copd,WelchAllyn Meditron Master Elite,71.0,0,0,1,0.529051,0.166317,0,0,adulto
ICB_03645_012,ICB_166,copd,WelchAllyn Meditron Master Elite,71.0,0,0,1,0.32675552,0.41649264,0,0,adulto
ICB_03645_013,ICB_166,copd,WelchAllyn Meditron Master Elite,71.0,0,0,1,0.35349393,0.53337973,0,0,adulto
ICB_03645_014,ICB_166,copd,WelchAllyn Meditron Master Elite,71.0,0,0,1,0.5529112,0.81149185,2,0,adulto
ICB_03645_015,ICB_166,copd,WelchAllyn Meditron Master Elite,71.0,0,1,1,0.32532123,0.6532673,0,2,adulto
ICB_03645_016,ICB_166,copd,WelchAllyn Meditron Master Elite,71.0,0,0,1,0.4361638,0.3456488,0,0,adulto
ICB_03645_017,ICB_166,copd,WelchAllyn Meditron Master Elite,71.0,0,0,1,0.3916123,0.30691653,0,0,adulto
ICB_03645_018,ICB_166,copd,WelchAllyn Meditron Master Elite,71.0,0,0,1,0.41370025,0.49714988,0,0,adulto
ICB_03645_019,ICB_166,copd,WelchAllyn Meditron Master Elite,71.0,0,0,1,0.4890135,0.45240727,0,0,adulto
ICB_03645_020,ICB_166,copd,WelchAllyn Meditron Master Elite,71.0,0,0,1,0.45823082,0.64339346,0,0,adulto
ICB_03645_021,ICB_166,copd,WelchAllyn Meditron Master Elite,71.0,0,0,1,0.34265983,0.49214885,0,0,adulto
ICB_03645_022,ICB_166,copd,WelchAllyn Meditron Master Elite,71.0,0,0,1,0.4650358,0.36557552,0,0,adulto
ICB_03645_023,ICB_166,copd,WelchAllyn Meditron Master Elite,71.0,0,0,1,0.38700932,0.61867565,0,0,adulto
ICB_03772_000,ICB_178,copd,AKG C417L Microphone,58.0,0,0,1,0.027670123,0.23308396,0,0,adulto
ICB_03772_001,ICB_178,copd,AKG C417L Microphone,58.0,0,1,1,0.32020703,0.31748083,0,2,adulto
ICB_03772_002,ICB_178,copd,AKG C417L Microphone,58.0,0,1,1,0.41829908,0.6929159,0,2,adulto
ICB_03772_003,ICB_178,copd,AKG C417L Microphone,58.0,0,1,1,0.29581293,0.81452596,2,2,adulto
ICB_03772_004,ICB_178,copd,AKG C417L Microphone,58.0,0,1,1,0.18839893,0.20700316,0,2,adulto
ICB_03772_005,ICB_178,copd,AKG C417L Microphone,58.0,0,0,1,0.20464703,0.45957732,0,0,adulto
ICB_03772_006,ICB_178,copd,AKG C417L Microphone,58.0,0,0,1,0.21918051,0.2628843,0,0,adulto
ICB_03772_007,ICB_178,copd,AKG C417L Microphone,58.0,0,1,1,0.25405982,0.6303188,0,2,adulto
ICB_03772_008,ICB_178,copd,AKG C417L Microphone,58.0,0,1,1,0.29489636,0.3643954,0,2,adulto
ICB_03772_009,ICB_178,copd,AKG C417L Microphone,58.0,0,0,1,0.11398563,0.26195207,0,0,adulto
ICB_03772_010,ICB_178,copd,AKG C417L Microphone,58.0,0,0,1,0.25063562,0.22721153,0,0,adulto
ICB_03772_011,ICB_178,copd,AKG C417L Microphone,58.0,0,0,1,0.14467314,0.22814535,0,0,adulto
ICB_03773_000,ICB_178,copd,AKG C417L Microphone,58.0,1,1,1,0.106636725,0.7096622,0,3,adulto
ICB_03773_001,ICB_178,copd,AKG C417L Microphone,58.0,0,1,1,0.37643483,0.5446532,0,2,adulto
ICB_03773_002,ICB_178,copd,AKG C417L Microphone,58.0,0,1,1,0.47827992,0.84730554,2,2,adulto
ICB_03773_003,ICB_178,copd,AKG C417L Microphone,58.0,0,0,1,0.3100625,0.8961829,2,0,adulto
ICB_03773_004,ICB_178,copd,AKG C417L Microphone,58.0,0,1,1,0.36085182,0.75103337,0,2,adulto
ICB_03773_005,ICB_178,copd,AKG C417L Microphone,58.0,0,1,1,0.20901592,0.5078349,0,2,adulto
ICB_03773_006,ICB_178,copd,AKG C417L Microphone,58.0,0,0,1,0.3499175,0.26180893,0,0,adulto
ICB_03773_007,ICB_178,copd,AKG C417L Microphone,58.0,0,1,1,0.32897666,0.8523454,2,2,adulto
ICB_03773_008,ICB_178,copd,AKG C417L Microphone,58.0,1,0,1,0.34640184,0.6215835,0,1,adulto
ICB_03773_009,ICB_178,copd,AKG C417L Microphone,58.0,0,0,1,0.17620566,0.37153283,0,0,adulto
ICB_03773_010,ICB_178,copd,AKG C417L Microphone,58.0,0,0,1,0.20854253,0.27024356,0,0,adulto
ICB_03773_011,ICB_178,copd,AKG C417L Microphone,58.0,1,0,1,0.14589527,0.1833495,0,1,adulto
ICB_03774_000,ICB_178,copd,AKG C417L Microphone,58.0,0,1,1,0.40311602,0.17466901,0,2,adulto
ICB_03774_001,ICB_178,copd,AKG C417L Microphone,58.0,1,1,1,0.46156177,0.26530674,0,3,adulto
ICB_03774_002,ICB_178,copd,AKG C417L Microphone,58.0,1,1,1,0.6729655,0.48016757,0,3,adulto
ICB_03774_003,ICB_178,copd,AKG C417L Microphone,58.0,0,1,1,0.28146392,0.51216936,0,2,adulto
ICB_03774_004,ICB_178,copd,AKG C417L Microphone,58.0,0,1,1,0.4582915,0.4077073,0,2,adulto
ICB_03774_005,ICB_178,copd,AKG C417L Microphone,58.0,0,0,1,0.2105149,0.5919999,0,0,adulto
ICB_03774_006,ICB_178,copd,AKG C417L Microphone,58.0,1,0,1,0.48987377,0.3329028,0,1,adulto
ICB_03774_007,ICB_178,copd,AKG C417L Microphone,58.0,1,1,1,0.53930277,0.5089421,0,3,adulto
ICB_03774_008,ICB_178,copd,AKG C417L Microphone,58.0,1,0,1,0.60395604,0.3094618,0,1,adulto
ICB_03774_009,ICB_178,copd,AKG C417L Microphone,58.0,1,0,1,0.5781784,0.42659828,0,1,adulto
ICB_03774_010,ICB_178,copd,AKG C417L Microphone,58.0,1,0,1,0.3812155,0.25732544,0,1,adulto
ICB_03774_011,ICB_178,copd,AKG C417L Microphone,58.0,1,0,1,0.67487884,0.39232773,0,1,adulto
ICB_03775_000,ICB_178,copd,AKG C417L Microphone,58.0,1,0,1,0.066360764,0.057749346,0,1,adulto
ICB_03775_001,ICB_178,copd,AKG C417L Microphone,58.0,1,0,1,0.3391493,0.28674844,0,1,adulto
ICB_03775_002,ICB_178,copd,AKG C417L Microphone,58.0,1,0,1,0.21653023,0.220978,0,1,adulto
ICB_03775_003,ICB_178,copd,AKG C417L Microphone,58.0,1,0,1,0.13412258,0.36374998,0,1,adulto
ICB_03775_004,ICB_178,copd,AKG C417L Microphone,58.0,1,0,1,0.3673325,0.46616665,0,1,adulto
ICB_03775_005,ICB_178,copd,AKG C417L Microphone,58.0,1,0,1,0.49914435,0.5206105,0,1,adulto
ICB_03775_006,ICB_178,copd,AKG C417L Microphone,58.0,1,0,1,0.3977162,0.3631381,0,1,adulto
ICB_03775_007,ICB_178,copd,AKG C417L Microphone,58.0,1,0,1,0.36015028,0.47044003,0,1,adulto
ICB_03775_008,ICB_178,copd,AKG C417L Microphone,58.0,1,0,1,0.43891856,0.62080586,0,1,adulto
ICB_03775_009,ICB_178,copd,AKG C417L Microphone,58.0,1,0,1,0.29447347,0.52584326,0,1,adulto
ICB_03775_010,ICB_178,copd,AKG C417L Microphone,58.0,1,0,1,0.21952336,0.36800662,0,1,adulto
ICB_03775_011,ICB_178,copd,AKG C417L Microphone,58.0,1,0,1,0.3045351,0.30662268,0,1,adulto
ICB_03776_000,ICB_178,copd,AKG C417L Microphone,58.0,0,0,1,0.16903776,0.19532733,0,0,adulto
ICB_03776_001,ICB_178,copd,AKG C417L Microphone,58.0,0,1,1,0.30075482,0.3755844,0,2,adulto
ICB_03776_002,ICB_178,copd,AKG C417L Microphone,58.0,1,1,1,0.33974257,0.37211105,0,3,adulto
ICB_03776_003,ICB_178,copd,AKG C417L Microphone,58.0,0,1,1,0.24579783,0.70905864,0,2,adulto
ICB_03776_004,ICB_178,copd,AKG C417L Microphone,58.0,0,1,1,0.48498803,0.56695753,0,2,adulto
ICB_03776_005,ICB_178,copd,AKG C417L Microphone,58.0,0,1,1,0.08627052,0.4837259,0,2,adulto
ICB_03776_006,ICB_178,copd,AKG C417L Microphone,58.0,0,0,1,0.10076486,0.26275098,0,0,adulto
ICB_03776_007,ICB_178,copd,AKG C417L Microphone,58.0,0,1,1,0.38904145,0.7569862,0,2,adulto
ICB_03776_008,ICB_178,copd,AKG C417L Microphone,58.0,0,0,1,0.2605475,0.5480154,0,0,adulto
ICB_03776_009,ICB_178,copd,AKG C417L Microphone,58.0,0,0,1,0.17460887,0.5282368,0,0,adulto
ICB_03776_010,ICB_178,copd,AKG C417L Microphone,58.0,0,0,1,0.19415906,0.20832087,0,0,adulto
ICB_03776_011,ICB_178,copd,AKG C417L Microphone,58.0,0,0,1,0.29296577,0.7888225,0,0,adulto
ICB_03777_000,ICB_178,copd,AKG C417L Microphone,58.0,0,0,1,0.011540289,0.20116815,0,0,adulto
ICB_03777_001,ICB_178,copd,AKG C417L Microphone,58.0,0,1,1,0.14066972,0.23865424,0,2,adulto
ICB_03777_002,ICB_178,copd,AKG C417L Microphone,58.0,0,1,1,0.3041556,0.60882753,0,2,adulto
ICB_03777_003,ICB_178,copd,AKG C417L Microphone,58.0,0,1,1,0.1931102,0.48087668,0,2,adulto
ICB_03777_004,ICB_178,copd,AKG C417L Microphone,58.0,0,0,1,0.06668991,0.30559415,0,0,adulto
ICB_03777_005,ICB_178,copd,AKG C417L Microphone,58.0,0,0,1,0.21775109,0.5993319,0,0,adulto
ICB_03777_006,ICB_178,copd,AKG C417L Microphone,58.0,0,0,1,0.0019375548,0.052123856,0,0,adulto
ICB_03777_007,ICB_178,copd,AKG C417L Microphone,58.0,0,1,1,0.23254617,0.7316433,0,2,adulto
ICB_03777_008,ICB_178,copd,AKG C417L Microphone,58.0,0,1,1,0.2934017,0.43235236,0,2,adulto
ICB_03777_009,ICB_178,copd,AKG C417L Microphone,58.0,0,0,1,0.14381053,0.35633132,0,0,adulto
ICB_03777_010,ICB_178,copd,AKG C417L Microphone,58.0,0,0,1,0.26571065,0.51524657,0,0,adulto
ICB_03777_011,ICB_178,copd,AKG C417L Microphone,58.0,0,0,1,0.14765604,0.20506608,0,0,adulto
ICB_03778_000,ICB_178,copd,AKG C417L Microphone,58.0,1,1,1,0.37564567,0.17968604,0,3,adulto
ICB_03778_001,ICB_178,copd,AKG C417L Microphone,58.0,1,1,1,0.36735594,0.26359013,0,3,adulto
ICB_03778_002,ICB_178,copd,AKG C417L Microphone,58.0,0,1,1,0.58340347,0.1328076,0,2,adulto
ICB_03778_003,ICB_178,copd,AKG C417L Microphone,58.0,0,0,1,0.41632682,0.2320692,0,0,adulto
ICB_03778_004,ICB_178,copd,AKG C417L Microphone,58.0,0,0,1,0.40293106,0.114189535,0,0,adulto
ICB_03779_000,ICB_178,copd,AKG C417L Microphone,58.0,1,0,1,0.33575946,0.17105612,0,1,adulto
ICB_03779_001,ICB_178,copd,AKG C417L Microphone,58.0,1,0,1,0.38765284,0.46071112,0,1,adulto
ICB_03779_002,ICB_178,copd,AKG C417L Microphone,58.0,1,1,1,0.43589702,0.28084928,0,3,adulto
ICB_03779_003,ICB_178,copd,AKG C417L Microphone,58.0,1,0,1,0.47303116,0.21334414,0,1,adulto
ICB_03779_004,ICB_178,copd,AKG C417L Microphone,58.0,1,0,1,0.27524883,0.10885232,0,1,adulto
ICB_03780_000,ICB_178,copd,AKG C417L Microphone,58.0,0,0,1,0.8531096,0.35690627,1,0,adulto
ICB_03780_001,ICB_178,copd,AKG C417L Microphone,58.0,0,0,1,0.89134914,0.33247778,1,0,adulto
ICB_03780_002,ICB_178,copd,AKG C417L Microphone,58.0,0,0,1,0.79431385,0.20814995,1,0,adulto
ICB_03780_003,ICB_178,copd,AKG C417L Microphone,58.0,0,0,1,0.94585913,0.14401206,1,0,adulto
ICB_03780_004,ICB_178,copd,AKG C417L Microphone,58.0,0,0,1,0.7662237,0.11361335,1,0,adulto
ICB_03781_000,ICB_178,copd,AKG C417L Microphone,58.0,0,0,1,0.6493969,0.42337298,0,0,adulto
ICB_03781_001,ICB_178,copd,AKG C417L Microphone,58.0,0,0,1,0.6642468,0.48084673,0,0,adulto
ICB_03781_002,ICB_178,copd,AKG C417L Microphone,58.0,0,0,1,0.69758177,0.46579134,0,0,adulto
ICB_03781_003,ICB_178,copd,AKG C417L Microphone,58.0,0,0,1,0.76493406,0.35137084,1,0,adulto
ICB_03781_004,ICB_178,copd,AKG C417L Microphone,58.0,0,0,1,0.6174404,0.54827076,0,0,adulto
ICB_03782_000,ICB_178,copd,AKG C417L Microphone,58.0,0,0,1,0.649752,0.44374746,0,0,adulto
ICB_03782_001,ICB_178,copd,AKG C417L Microphone,58.0,0,0,1,0.63927984,0.65100926,0,0,adulto
ICB_03782_002,ICB_178,copd,AKG C417L Microphone,58.0,0,0,1,0.510691,0.30286896,0,0,adulto
ICB_03782_003,ICB_178,copd,AKG C417L Microphone,58.0,0,0,1,0.6639858,0.3381982,0,0,adulto
ICB_03782_004,ICB_178,copd,AKG C417L Microphone,58.0,0,0,1,0.5478681,0.41689044,0,0,adulto
ICB_03783_000,ICB_178,copd,AKG C417L Microphone,58.0,0,0,1,0.18835874,0.24864402,0,0,adulto
ICB_03783_001,ICB_178,copd,AKG C417L Microphone,58.0,0,0,1,0.1966637,0.63638085,0,0,adulto
ICB_03783_002,ICB_178,copd,AKG C417L Microphone,58.0,1,0,1,0.29756507,0.38936272,0,1,adulto
ICB_03783_003,ICB_178,copd,AKG C417L Microphone,58.0,0,0,1,0.41238806,0.48637223,0,0,adulto
ICB_03783_004,ICB_178,copd,AKG C417L Microphone,58.0,0,0,1,0.28333,0.26217023,0,0,adulto
ICB_03784_000,ICB_178,copd,AKG C417L Microphone,58.0,0,0,1,0.29739052,0.34147072,0,0,adulto
ICB_03784_001,ICB_178,copd,AKG C417L Microphone,58.0,0,0,1,0.43571222,0.47102857,0,0,adulto
ICB_03784_002,ICB_178,copd,AKG C417L Microphone,58.0,0,0,1,0.43856013,0.21137539,0,0,adulto
ICB_03784_003,ICB_178,copd,AKG C417L Microphone,58.0,0,0,1,0.22848277,0.6777976,0,0,adulto
ICB_03784_004,ICB_178,copd,AKG C417L Microphone,58.0,0,0,1,0.35123837,0.28208485,0,0,adulto
ICB_03784_005,ICB_178,copd,AKG C417L Microphone,58.0,0,0,1,0.43621036,0.18003844,0,0,adulto
ICB_03784_006,ICB_178,copd,AKG C417L Microphone,58.0,0,0,1,0.3928629,0.13649139,0,0,adulto
ICB_03784_007,ICB_178,copd,AKG C417L Microphone,58.0,0,0,1,0.4086375,0.3111872,0,0,adulto
ICB_03785_000,ICB_178,copd,AKG C417L Microphone,58.0,1,0,1,0.38182396,0.16829522,0,1,adulto
ICB_03785_001,ICB_178,copd,AKG C417L Microphone,58.0,1,0,1,0.3548591,0.5864646,0,1,adulto
ICB_03785_002,ICB_178,copd,AKG C417L Microphone,58.0,1,0,1,0.27052233,0.2203188,0,1,adulto
ICB_03785_003,ICB_178,copd,AKG C417L Microphone,58.0,1,0,1,0.16409929,0.7021642,0,1,adulto
ICB_03785_004,ICB_178,copd,AKG C417L Microphone,58.0,1,0,1,0.4024409,0.25871998,0,1,adulto
ICB_03785_005,ICB_178,copd,AKG C417L Microphone,58.0,1,0,1,0.3829686,0.13926227,0,1,adulto
ICB_03785_006,ICB_178,copd,AKG C417L Microphone,58.0,1,0,1,0.27835396,0.22032546,0,1,adulto
ICB_03785_007,ICB_178,copd,AKG C417L Microphone,58.0,1,0,1,0.2536677,0.33032927,0,1,adulto
ICB_03786_000,ICB_178,copd,AKG C417L Microphone,58.0,0,1,1,0.5069499,0.32377946,0,2,adulto
ICB_03786_001,ICB_178,copd,AKG C417L Microphone,58.0,0,1,1,0.56670326,0.45962003,0,2,adulto
ICB_03786_002,ICB_178,copd,AKG C417L Microphone,58.0,0,1,1,0.5318243,0.41252127,0,2,adulto
ICB_03786_003,ICB_178,copd,AKG C417L Microphone,58.0,0,1,1,0.19853438,0.7123331,0,2,adulto
ICB_03786_004,ICB_178,copd,AKG C417L Microphone,58.0,0,1,1,0.49995762,0.56775206,0,2,adulto
ICB_03786_005,ICB_178,copd,AKG C417L Microphone,58.0,0,1,1,0.59154636,0.25539568,0,2,adulto
ICB_03786_006,ICB_178,copd,AKG C417L Microphone,58.0,0,1,1,0.65572655,0.4336799,0,2,adulto
ICB_03786_007,ICB_178,copd,AKG C417L Microphone,58.0,0,1,1,0.3880634,0.73628426,0,2,adulto
ICB_03787_000,ICB_178,copd,AKG C417L Microphone,58.0,0,0,1,0.58274496,0.21447097,0,0,adulto
ICB_03787_001,ICB_178,copd,AKG C417L Microphone,58.0,0,0,1,0.68759793,0.48366034,0,0,adulto
ICB_03787_002,ICB_178,copd,AKG C417L Microphone,58.0,0,0,1,0.75299984,0.22200483,1,0,adulto
ICB_03787_003,ICB_178,copd,AKG C417L Microphone,58.0,0,0,1,0.14861578,0.29114464,0,0,adulto
ICB_03787_004,ICB_178,copd,AKG C417L Microphone,58.0,0,0,1,0.5974838,0.24808878,0,0,adulto
ICB_03787_005,ICB_178,copd,AKG C417L Microphone,58.0,0,0,1,0.8103234,0.23379225,1,0,adulto
ICB_03787_006,ICB_178,copd,AKG C417L Microphone,58.0,0,0,1,0.7921406,0.23468152,1,0,adulto
ICB_03787_007,ICB_178,copd,AKG C417L Microphone,58.0,0,0,1,0.7967842,0.22209328,1,0,adulto
ICB_03788_000,ICB_178,copd,AKG C417L Microphone,58.0,0,0,1,0.6340356,0.20363252,0,0,adulto
ICB_03788_001,ICB_178,copd,AKG C417L Microphone,58.0,0,0,1,0.73746616,0.39143297,1,0,adulto
ICB_03788_002,ICB_178,copd,AKG C417L Microphone,58.0,0,0,1,0.7298027,0.3103923,1,0,adulto
ICB_03788_003,ICB_178,copd,AKG C417L Microphone,58.0,0,0,1,0.1417889,0.18119483,0,0,adulto
ICB_03788_004,ICB_178,copd,AKG C417L Microphone,58.0,0,0,1,0.71662825,0.620447,1,0,adulto
ICB_03788_005,ICB_178,copd,AKG C417L Microphone,58.0,0,0,1,0.7469629,0.48314273,1,0,adulto
ICB_03788_006,ICB_178,copd,AKG C417L Microphone,58.0,0,0,1,0.60221905,0.40146556,0,0,adulto
ICB_03788_007,ICB_178,copd,AKG C417L Microphone,58.0,0,0,1,0.6253195,0.6561166,0,0,adulto
ICB_03789_000,ICB_178,copd,AKG C417L Microphone,58.0,0,0,1,0.479012,0.22062118,0,0,adulto
ICB_03789_001,ICB_178,copd,AKG C417L Microphone,58.0,0,1,1,0.48235634,0.77354395,0,2,adulto
ICB_03789_002,ICB_178,copd,AKG C417L Microphone,58.0,0,0,1,0.5663026,0.43402204,0,0,adulto
ICB_03789_003,ICB_178,copd,AKG C417L Microphone,58.0,0,0,1,0.19793782,0.8925394,2,0,adulto
ICB_03789_004,ICB_178,copd,AKG C417L Microphone,58.0,0,0,1,0.58446395,0.7005537,0,0,adulto
ICB_03789_005,ICB_178,copd,AKG C417L Microphone,58.0,0,0,1,0.5253446,0.276987,0,0,adulto
ICB_03789_006,ICB_178,copd,AKG C417L Microphone,58.0,0,0,1,0.4476842,0.34652284,0,0,adulto
ICB_03789_007,ICB_178,copd,AKG C417L Microphone,58.0,0,1,1,0.49033833,0.4845625,0,2,adulto
ICB_03790_000,ICB_178,copd,AKG C417L Microphone,58.0,0,0,1,0.16125698,0.34659195,0,0,adulto
ICB_03790_001,ICB_178,copd,AKG C417L Microphone,58.0,0,0,1,0.26950496,0.6470615,0,0,adulto
ICB_03790_002,ICB_178,copd,AKG C417L Microphone,58.0,0,0,1,0.21188495,0.25616285,0,0,adulto
ICB_03790_003,ICB_178,copd,AKG C417L Microphone,58.0,0,0,1,0.20098256,0.80244154,2,0,adulto
ICB_03790_004,ICB_178,copd,AKG C417L Microphone,58.0,0,0,1,0.3093349,0.4292363,0,0,adulto
ICB_03790_005,ICB_178,copd,AKG C417L Microphone,58.0,0,0,1,0.23698927,0.411751,0,0,adulto
ICB_03790_006,ICB_178,copd,AKG C417L Microphone,58.0,0,0,1,0.33670247,0.2369753,0,0,adulto
ICB_03790_007,ICB_178,copd,AKG C417L Microphone,58.0,0,0,1,0.25300413,0.41556197,0,0,adulto
ICB_03791_000,ICB_178,copd,AKG C417L Microphone,58.0,1,0,1,0.3961738,0.24318662,0,1,adulto
ICB_03791_001,ICB_178,copd,AKG C417L Microphone,58.0,1,0,1,0.50299954,0.46165437,0,1,adulto
ICB_03791_002,ICB_178,copd,AKG C417L Microphone,58.0,1,0,1,0.43646076,0.2839861,0,1,adulto
ICB_03791_003,ICB_178,copd,AKG C417L Microphone,58.0,0,0,1,0.36740556,0.69524133,0,0,adulto
ICB_03791_004,ICB_178,copd,AKG C417L Microphone,58.0,1,0,1,0.4865914,0.15254976,0,1,adulto
ICB_03791_005,ICB_178,copd,AKG C417L Microphone,58.0,0,0,1,0.5561373,0.44470173,0,0,adulto
ICB_03791_006,ICB_178,copd,AKG C417L Microphone,58.0,1,0,1,0.5559563,0.31939238,0,1,adulto
ICB_03791_007,ICB_178,copd,AKG C417L Microphone,58.0,1,0,1,0.4996836,0.43392837,0,1,adulto
ICB_03791_008,ICB_178,copd,AKG C417L Microphone,58.0,1,0,1,0.5146247,0.49650684,0,1,adulto
ICB_03791_009,ICB_178,copd,AKG C417L Microphone,58.0,0,0,1,0.11185123,0.09545375,0,0,adulto
ICB_03792_000,ICB_178,copd,AKG C417L Microphone,58.0,0,0,1,0.8455473,0.11267824,1,0,adulto
ICB_03792_001,ICB_178,copd,AKG C417L Microphone,58.0,0,0,1,0.4245975,0.46064323,0,0,adulto
ICB_03792_002,ICB_178,copd,AKG C417L Microphone,58.0,0,0,1,0.56635946,0.43443123,0,0,adulto
ICB_03792_003,ICB_178,copd,AKG C417L Microphone,58.0,1,0,1,0.46361268,0.5470655,0,1,adulto
ICB_03792_004,ICB_178,copd,AKG C417L Microphone,58.0,0,0,1,0.6120195,0.28144738,0,0,adulto
ICB_03792_005,ICB_178,copd,AKG C417L Microphone,58.0,1,0,1,0.7550803,0.30485672,1,1,adulto
ICB_03792_006,ICB_178,copd,AKG C417L Microphone,58.0,1,0,1,0.77342814,0.21284585,1,1,adulto
ICB_03792_007,ICB_178,copd,AKG C417L Microphone,58.0,1,0,1,0.44031683,0.2535131,0,1,adulto
ICB_03792_008,ICB_178,copd,AKG C417L Microphone,58.0,1,0,1,0.52824646,0.44158348,0,1,adulto
ICB_03792_009,ICB_178,copd,AKG C417L Microphone,58.0,1,0,1,0.5190678,0.120758586,0,1,adulto
ICB_03793_000,ICB_178,copd,AKG C417L Microphone,58.0,0,0,1,0.35377526,0.35621625,0,0,adulto
ICB_03793_001,ICB_178,copd,AKG C417L Microphone,58.0,0,0,1,0.60828394,0.5044041,0,0,adulto
ICB_03793_002,ICB_178,copd,AKG C417L Microphone,58.0,0,0,1,0.56019,0.58687115,0,0,adulto
ICB_03793_003,ICB_178,copd,AKG C417L Microphone,58.0,0,0,1,0.5515576,0.46717045,0,0,adulto
ICB_03793_004,ICB_178,copd,AKG C417L Microphone,58.0,0,0,1,0.64326966,0.6696549,0,0,adulto
ICB_03793_005,ICB_178,copd,AKG C417L Microphone,58.0,0,0,1,0.43071762,0.3634917,0,0,adulto
ICB_03793_006,ICB_178,copd,AKG C417L Microphone,58.0,0,0,1,0.5623996,0.41058677,0,0,adulto
ICB_03793_007,ICB_178,copd,AKG C417L Microphone,58.0,0,0,1,0.65564317,0.4339555,0,0,adulto
ICB_03793_008,ICB_178,copd,AKG C417L Microphone,58.0,0,0,1,0.496042,0.49226552,0,0,adulto
ICB_03793_009,ICB_178,copd,AKG C417L Microphone,58.0,0,0,1,0.4824282,0.12468774,0,0,adulto
ICB_03794_000,ICB_178,copd,AKG C417L Microphone,58.0,0,0,1,0.7285805,0.21684662,1,0,adulto
ICB_03794_001,ICB_178,copd,AKG C417L Microphone,58.0,0,0,1,0.5965095,0.16731055,0,0,adulto
ICB_03794_002,ICB_178,copd,AKG C417L Microphone,58.0,0,0,1,0.67094487,0.38440052,0,0,adulto
ICB_03794_003,ICB_178,copd,AKG C417L Microphone,58.0,0,0,1,0.49754825,0.23166376,0,0,adulto
ICB_03794_004,ICB_178,copd,AKG C417L Microphone,58.0,0,0,1,0.44136634,0.25608417,0,0,adulto
ICB_03794_005,ICB_178,copd,AKG C417L Microphone,58.0,0,0,1,0.61204827,0.337535,0,0,adulto
ICB_03794_006,ICB_178,copd,AKG C417L Microphone,58.0,0,0,1,0.5339138,0.4005778,0,0,adulto
ICB_03794_007,ICB_178,copd,AKG C417L Microphone,58.0,0,0,1,0.47688335,0.19389297,0,0,adulto
ICB_03794_008,ICB_178,copd,AKG C417L Microphone,58.0,0,0,1,0.39663425,0.3853511,0,0,adulto
ICB_03794_009,ICB_178,copd,AKG C417L Microphone,58.0,0,0,1,0.23599477,0.15145425,0,0,adulto
ICB_03795_000,ICB_178,copd,AKG C417L Microphone,58.0,0,0,1,0.08945621,0.59306073,0,0,adulto
ICB_03795_001,ICB_178,copd,AKG C417L Microphone,58.0,0,0,1,0.23786317,0.5625306,0,0,adulto
ICB_03795_002,ICB_178,copd,AKG C417L Microphone,58.0,0,0,1,0.2868635,0.32754472,0,0,adulto
ICB_03795_003,ICB_178,copd,AKG C417L Microphone,58.0,0,0,1,0.2281018,0.50447243,0,0,adulto
ICB_03795_004,ICB_178,copd,AKG C417L Microphone,58.0,0,0,1,0.27590975,0.27084044,0,0,adulto
ICB_03795_005,ICB_178,copd,AKG C417L Microphone,58.0,0,0,1,0.39644277,0.37570167,0,0,adulto
ICB_03795_006,ICB_178,copd,AKG C417L Microphone,58.0,0,0,1,0.28029332,0.5825573,0,0,adulto
ICB_03795_007,ICB_178,copd,AKG C417L Microphone,58.0,0,0,1,0.31241643,0.6141974,0,0,adulto
ICB_03795_008,ICB_178,copd,AKG C417L Microphone,58.0,0,0,1,0.35819498,0.4026891,0,0,adulto
ICB_03795_009,ICB_178,copd,AKG C417L Microphone,58.0,0,0,1,0.4207256,0.2783241,0,0,adulto
ICB_03810_000,ICB_184,normal_lung,3M Littmann Classic II SE,2.0,0,0,1,0.3954825,0.16475064,0,0,pediátrico (<18)
ICB_03810_001,ICB_184,normal_lung,3M Littmann Classic II SE,2.0,0,0,1,0.43996322,0.2635127,0,0,pediátrico (<18)
ICB_03810_002,ICB_184,normal_lung,3M Littmann Classic II SE,2.0,0,0,1,0.561888,0.18846844,0,0,pediátrico (<18)
ICB_03810_003,ICB_184,normal_lung,3M Littmann Classic II SE,2.0,0,0,1,0.4296323,0.07031817,0,0,pediátrico (<18)
ICB_03810_004,ICB_184,normal_lung,3M Littmann Classic II SE,2.0,0,0,1,0.5236734,0.13261329,0,0,pediátrico (<18)
ICB_03810_005,ICB_184,normal_lung,3M Littmann Classic II SE,2.0,0,0,1,0.3843763,0.09237649,0,0,pediátrico (<18)
ICB_03810_006,ICB_184,normal_lung,3M Littmann Classic II SE,2.0,0,0,1,0.54138845,0.1348473,0,0,pediátrico (<18)
ICB_03810_007,ICB_184,normal_lung,3M Littmann Classic II SE,2.0,0,0,1,0.4243353,0.10968363,0,0,pediátrico (<18)
ICB_03857_000,ICB_193,copd,AKG C417L Microphone,77.0,0,0,1,0.08652424,0.08108583,0,0,adulto
ICB_03857_001,ICB_193,copd,AKG C417L Microphone,77.0,0,1,1,0.11322391,0.95903116,2,2,adulto
ICB_03857_002,ICB_193,copd,AKG C417L Microphone,77.0,0,1,1,0.1263254,0.962191,2,2,adulto
ICB_03857_003,ICB_193,copd,AKG C417L Microphone,77.0,0,1,1,0.082534336,0.94562787,2,2,adulto
ICB_03857_004,ICB_193,copd,AKG C417L Microphone,77.0,0,1,1,0.14544246,0.9817591,2,2,adulto
ICB_03857_005,ICB_193,copd,AKG C417L Microphone,77.0,0,1,1,0.07116339,0.9348507,2,2,adulto
ICB_03857_006,ICB_193,copd,AKG C417L Microphone,77.0,0,1,1,0.22400686,0.939493,2,2,adulto
ICB_03857_007,ICB_193,copd,AKG C417L Microphone,77.0,0,1,1,0.123805396,0.9429102,2,2,adulto
ICB_03857_008,ICB_193,copd,AKG C417L Microphone,77.0,0,1,1,0.12707832,0.90970945,2,2,adulto
ICB_03857_009,ICB_193,copd,AKG C417L Microphone,77.0,0,1,1,0.17664592,0.98651135,2,2,adulto
ICB_03857_010,ICB_193,copd,AKG C417L Microphone,77.0,0,1,1,0.19038512,0.9393104,2,2,adulto
ICB_03857_011,ICB_193,copd,AKG C417L Microphone,77.0,0,1,1,0.18068723,0.9463539,2,2,adulto
ICB_03858_000,ICB_193,copd,AKG C417L Microphone,77.0,0,0,1,0.580957,0.4406288,0,0,adulto
ICB_03858_001,ICB_193,copd,AKG C417L Microphone,77.0,0,1,1,0.14222857,0.94185436,2,2,adulto
ICB_03858_002,ICB_193,copd,AKG C417L Microphone,77.0,0,1,1,0.13022113,0.9740781,2,2,adulto
ICB_03858_003,ICB_193,copd,AKG C417L Microphone,77.0,0,1,1,0.040678985,0.7639477,0,2,adulto
ICB_03858_004,ICB_193,copd,AKG C417L Microphone,77.0,0,1,1,0.0822576,0.8320855,2,2,adulto
ICB_03858_005,ICB_193,copd,AKG C417L Microphone,77.0,0,1,1,0.049097706,0.9725413,2,2,adulto
ICB_03858_006,ICB_193,copd,AKG C417L Microphone,77.0,0,1,1,0.020462241,0.74659634,0,2,adulto
ICB_03858_007,ICB_193,copd,AKG C417L Microphone,77.0,0,1,1,0.098874226,0.99365085,2,2,adulto
ICB_03858_008,ICB_193,copd,AKG C417L Microphone,77.0,0,1,1,0.11027064,0.9809809,2,2,adulto
ICB_03858_009,ICB_193,copd,AKG C417L Microphone,77.0,0,1,1,0.1366621,0.9828274,2,2,adulto
ICB_03858_010,ICB_193,copd,AKG C417L Microphone,77.0,0,1,1,0.12018196,0.99539065,2,2,adulto
ICB_03858_011,ICB_193,copd,AKG C417L Microphone,77.0,0,1,1,0.10701755,0.97307366,2,2,adulto
ICB_03859_000,ICB_193,copd,AKG C417L Microphone,77.0,0,0,1,1.0,1.0,3,0,adulto
ICB_03859_001,ICB_193,copd,AKG C417L Microphone,77.0,0,0,1,1.0,1.0,3,0,adulto
ICB_03859_002,ICB_193,copd,AKG C417L Microphone,77.0,0,0,1,1.0,1.0,3,0,adulto
ICB_03859_003,ICB_193,copd,AKG C417L Microphone,77.0,0,0,1,1.0,1.0,3,0,adulto
ICB_03859_004,ICB_193,copd,AKG C417L Microphone,77.0,0,0,1,1.0,1.0,3,0,adulto
ICB_03859_005,ICB_193,copd,AKG C417L Microphone,77.0,0,0,1,1.0,1.0,3,0,adulto
ICB_03859_006,ICB_193,copd,AKG C417L Microphone,77.0,0,0,1,1.0,1.0,3,0,adulto
ICB_03859_007,ICB_193,copd,AKG C417L Microphone,77.0,0,0,1,1.0,1.0,3,0,adulto
ICB_03859_008,ICB_193,copd,AKG C417L Microphone,77.0,0,0,1,1.0,1.0,3,0,adulto
ICB_03859_009,ICB_193,copd,AKG C417L Microphone,77.0,0,0,1,1.0,1.0,3,0,adulto
ICB_03859_010,ICB_193,copd,AKG C417L Microphone,77.0,0,0,1,1.0,1.0,3,0,adulto
ICB_03859_011,ICB_193,copd,AKG C417L Microphone,77.0,0,0,1,1.0,1.0,3,0,adulto
ICB_03860_000,ICB_193,copd,AKG C417L Microphone,77.0,0,1,1,0.44228733,0.31037977,0,2,adulto
ICB_03860_001,ICB_193,copd,AKG C417L Microphone,77.0,0,1,1,0.18320441,0.87816024,2,2,adulto
ICB_03860_002,ICB_193,copd,AKG C417L Microphone,77.0,0,1,1,0.14668559,0.9109371,2,2,adulto
ICB_03860_003,ICB_193,copd,AKG C417L Microphone,77.0,0,1,1,0.13305081,0.8271379,2,2,adulto
ICB_03860_004,ICB_193,copd,AKG C417L Microphone,77.0,0,1,1,0.21118098,0.7629825,0,2,adulto
ICB_03860_005,ICB_193,copd,AKG C417L Microphone,77.0,0,1,1,0.20120762,0.9593025,2,2,adulto
ICB_03860_006,ICB_193,copd,AKG C417L Microphone,77.0,0,1,1,0.29000583,0.73024476,0,2,adulto
ICB_03860_007,ICB_193,copd,AKG C417L Microphone,77.0,0,1,1,0.20163678,0.9282555,2,2,adulto
ICB_03860_008,ICB_193,copd,AKG C417L Microphone,77.0,0,1,1,0.22111872,0.9142301,2,2,adulto
ICB_03860_009,ICB_193,copd,AKG C417L Microphone,77.0,0,1,1,0.226115,0.90333927,2,2,adulto
ICB_03860_010,ICB_193,copd,AKG C417L Microphone,77.0,0,1,1,0.20352344,0.91379213,2,2,adulto
ICB_03860_011,ICB_193,copd,AKG C417L Microphone,77.0,0,1,1,0.2408757,0.7836781,0,2,adulto
ICB_03861_000,ICB_193,copd,AKG C417L Microphone,77.0,0,1,1,0.18718536,0.8825922,2,2,adulto
ICB_03861_001,ICB_193,copd,AKG C417L Microphone,77.0,0,1,1,0.41981587,0.7575907,0,2,adulto
ICB_03861_002,ICB_193,copd,AKG C417L Microphone,77.0,0,1,1,0.530353,0.73939884,0,2,adulto
ICB_03861_003,ICB_193,copd,AKG C417L Microphone,77.0,0,1,1,0.3162069,0.6473341,0,2,adulto
ICB_03861_004,ICB_193,copd,AKG C417L Microphone,77.0,0,1,1,0.26171654,0.89081895,2,2,adulto
ICB_03861_005,ICB_193,copd,AKG C417L Microphone,77.0,0,1,1,0.21496627,0.9609274,2,2,adulto
ICB_03861_006,ICB_193,copd,AKG C417L Microphone,77.0,0,1,1,0.38174978,0.91124725,2,2,adulto
ICB_03861_007,ICB_193,copd,AKG C417L Microphone,77.0,0,1,1,0.3896683,0.93372864,2,2,adulto
ICB_03861_008,ICB_193,copd,AKG C417L Microphone,77.0,0,1,1,0.24409787,0.91248024,2,2,adulto
ICB_03861_009,ICB_193,copd,AKG C417L Microphone,77.0,0,1,1,0.47254118,0.90602183,2,2,adulto
ICB_03861_010,ICB_193,copd,AKG C417L Microphone,77.0,0,1,1,0.41458622,0.8826242,2,2,adulto
ICB_03861_011,ICB_193,copd,AKG C417L Microphone,77.0,0,1,1,0.432313,0.9102234,2,2,adulto
ICB_03862_000,ICB_193,copd,AKG C417L Microphone,77.0,0,0,1,0.086410016,0.080168374,0,0,adulto
ICB_03862_001,ICB_193,copd,AKG C417L Microphone,77.0,0,1,1,0.23199369,0.35554788,0,2,adulto
ICB_03862_002,ICB_193,copd,AKG C417L Microphone,77.0,0,1,1,0.2226417,0.33626565,0,2,adulto
ICB_03862_003,ICB_193,copd,AKG C417L Microphone,77.0,0,0,1,0.09099627,0.1194493,0,0,adulto
ICB_03862_004,ICB_193,copd,AKG C417L Microphone,77.0,0,0,1,0.14724424,0.1619577,0,0,adulto
ICB_03862_005,ICB_193,copd,AKG C417L Microphone,77.0,0,1,1,0.16122247,0.29299548,0,2,adulto
ICB_03862_006,ICB_193,copd,AKG C417L Microphone,77.0,0,1,1,0.18735956,0.16079783,0,2,adulto
ICB_03862_007,ICB_193,copd,AKG C417L Microphone,77.0,0,1,1,0.13591336,0.2174094,0,2,adulto
ICB_03862_008,ICB_193,copd,AKG C417L Microphone,77.0,0,1,1,0.189984,0.18135728,0,2,adulto
ICB_03862_009,ICB_193,copd,AKG C417L Microphone,77.0,0,1,1,0.31151494,0.32937932,0,2,adulto
ICB_03862_010,ICB_193,copd,AKG C417L Microphone,77.0,0,1,1,0.28401777,0.33017254,0,2,adulto
ICB_03862_011,ICB_193,copd,AKG C417L Microphone,77.0,0,1,1,0.279833,0.4289159,0,2,adulto
ICB_03863_000,ICB_193,copd,AKG C417L Microphone,77.0,0,1,1,0.124733746,0.68199295,0,2,adulto
ICB_03863_001,ICB_193,copd,AKG C417L Microphone,77.0,0,1,1,0.18425962,0.9863218,2,2,adulto
ICB_03863_002,ICB_193,copd,AKG C417L Microphone,77.0,0,1,1,0.3729489,0.98369825,2,2,adulto
ICB_03863_003,ICB_193,copd,AKG C417L Microphone,77.0,0,1,1,0.30572134,0.99575704,2,2,adulto
ICB_03863_004,ICB_193,copd,AKG C417L Microphone,77.0,0,1,1,0.4610583,0.9677274,2,2,adulto
ICB_03863_005,ICB_193,copd,AKG C417L Microphone,77.0,0,1,1,0.4386761,0.9680633,2,2,adulto
ICB_03863_006,ICB_193,copd,AKG C417L Microphone,77.0,0,1,1,0.35702923,0.96732795,2,2,adulto
ICB_03863_007,ICB_193,copd,AKG C417L Microphone,77.0,0,1,1,0.4413313,0.94114476,2,2,adulto
ICB_03863_008,ICB_193,copd,AKG C417L Microphone,77.0,0,1,1,0.24562651,0.8818185,2,2,adulto
ICB_03863_009,ICB_193,copd,AKG C417L Microphone,77.0,0,1,1,0.2741555,0.9674328,2,2,adulto
ICB_03864_000,ICB_193,copd,AKG C417L Microphone,77.0,0,0,1,0.4415292,0.25389582,0,0,adulto
ICB_03864_001,ICB_193,copd,AKG C417L Microphone,77.0,0,0,1,0.38441542,0.6467125,0,0,adulto
ICB_03864_002,ICB_193,copd,AKG C417L Microphone,77.0,0,0,1,0.37151888,0.27631798,0,0,adulto
ICB_03864_003,ICB_193,copd,AKG C417L Microphone,77.0,0,0,1,0.5949783,0.25285274,0,0,adulto
ICB_03864_004,ICB_193,copd,AKG C417L Microphone,77.0,0,0,1,0.55905473,0.34264418,0,0,adulto
ICB_03864_005,ICB_193,copd,AKG C417L Microphone,77.0,0,0,1,0.58252376,0.33518383,0,0,adulto
ICB_03864_006,ICB_193,copd,AKG C417L Microphone,77.0,0,0,1,0.41182393,0.4439604,0,0,adulto
ICB_03864_007,ICB_193,copd,AKG C417L Microphone,77.0,0,0,1,0.44540614,0.15180728,0,0,adulto
ICB_03865_000,ICB_193,copd,AKG C417L Microphone,77.0,0,0,1,0.44279408,0.16611761,0,0,adulto
ICB_03865_001,ICB_193,copd,AKG C417L Microphone,77.0,1,0,1,0.4360225,0.32615435,0,1,adulto
ICB_03865_002,ICB_193,copd,AKG C417L Microphone,77.0,1,0,1,0.3930186,0.23239145,0,1,adulto
ICB_03865_003,ICB_193,copd,AKG C417L Microphone,77.0,1,0,1,0.6398873,0.24396433,0,1,adulto
ICB_03865_004,ICB_193,copd,AKG C417L Microphone,77.0,1,0,1,0.6085664,0.28466672,0,1,adulto
ICB_03865_005,ICB_193,copd,AKG C417L Microphone,77.0,0,0,1,0.62776065,0.26489523,0,0,adulto
ICB_03865_006,ICB_193,copd,AKG C417L Microphone,77.0,1,0,1,0.4684523,0.16943187,0,1,adulto
ICB_03865_007,ICB_193,copd,AKG C417L Microphone,77.0,1,0,1,0.4128811,0.1826024,0,1,adulto
ICB_03866_000,ICB_193,copd,AKG C417L Microphone,77.0,0,0,1,0.5562595,0.42783675,0,0,adulto
ICB_03866_001,ICB_193,copd,AKG C417L Microphone,77.0,0,0,1,0.60409445,0.5817731,0,0,adulto
ICB_03866_002,ICB_193,copd,AKG C417L Microphone,77.0,0,0,1,0.5078639,0.35432902,0,0,adulto
ICB_03866_003,ICB_193,copd,AKG C417L Microphone,77.0,1,0,1,0.63286793,0.27157578,0,1,adulto
ICB_03866_004,ICB_193,copd,AKG C417L Microphone,77.0,0,0,1,0.6130924,0.58970535,0,0,adulto
ICB_03866_005,ICB_193,copd,AKG C417L Microphone,77.0,0,0,1,0.53853387,0.43547314,0,0,adulto
ICB_03866_006,ICB_193,copd,AKG C417L Microphone,77.0,0,0,1,0.5865098,0.5542924,0,0,adulto
ICB_03866_007,ICB_193,copd,AKG C417L Microphone,77.0,0,0,1,0.5874012,0.23497353,0,0,adulto
ICB_03867_000,ICB_193,copd,AKG C417L Microphone,77.0,1,0,1,0.49456477,0.23703478,0,1,adulto
ICB_03867_001,ICB_193,copd,AKG C417L Microphone,77.0,1,0,1,0.5115014,0.2957086,0,1,adulto
ICB_03867_002,ICB_193,copd,AKG C417L Microphone,77.0,1,0,1,0.47124046,0.34583196,0,1,adulto
ICB_03867_003,ICB_193,copd,AKG C417L Microphone,77.0,1,0,1,0.5460397,0.3545815,0,1,adulto
ICB_03867_004,ICB_193,copd,AKG C417L Microphone,77.0,1,0,1,0.40946907,0.26288152,0,1,adulto
ICB_03867_005,ICB_193,copd,AKG C417L Microphone,77.0,1,0,1,0.5317238,0.22407252,0,1,adulto
ICB_03867_006,ICB_193,copd,AKG C417L Microphone,77.0,1,0,1,0.3866268,0.29459408,0,1,adulto
ICB_03867_007,ICB_193,copd,AKG C417L Microphone,77.0,1,0,1,0.5273022,0.12713629,0,1,adulto
ICB_03868_000,ICB_193,copd,AKG C417L Microphone,77.0,1,0,1,0.48038623,0.18817481,0,1,adulto
ICB_03868_001,ICB_193,copd,AKG C417L Microphone,77.0,1,0,1,0.68071955,0.59767646,0,1,adulto
ICB_03868_002,ICB_193,copd,AKG C417L Microphone,77.0,1,0,1,0.68498707,0.3848919,0,1,adulto
ICB_03868_003,ICB_193,copd,AKG C417L Microphone,77.0,1,0,1,0.6484481,0.2647302,0,1,adulto
ICB_03868_004,ICB_193,copd,AKG C417L Microphone,77.0,1,0,1,0.61653924,0.4567436,0,1,adulto
ICB_03868_005,ICB_193,copd,AKG C417L Microphone,77.0,1,0,1,0.67899275,0.28716508,0,1,adulto
ICB_03868_006,ICB_193,copd,AKG C417L Microphone,77.0,1,0,1,0.7009956,0.30458874,1,1,adulto
ICB_03868_007,ICB_193,copd,AKG C417L Microphone,77.0,1,0,1,0.63166356,0.46409196,0,1,adulto
ICB_03869_000,ICB_193,copd,AKG C417L Microphone,77.0,0,0,1,0.6571322,0.32306868,0,0,adulto
ICB_03869_001,ICB_193,copd,AKG C417L Microphone,77.0,0,0,1,0.7695942,0.2661452,1,0,adulto
ICB_03869_002,ICB_193,copd,AKG C417L Microphone,77.0,0,0,1,0.6553424,0.5689012,0,0,adulto
ICB_03869_003,ICB_193,copd,AKG C417L Microphone,77.0,0,0,1,0.69905615,0.32935974,0,0,adulto
ICB_03869_004,ICB_193,copd,AKG C417L Microphone,77.0,0,0,1,0.5384815,0.7350978,0,0,adulto
ICB_03869_005,ICB_193,copd,AKG C417L Microphone,77.0,0,0,1,0.7424243,0.4631852,1,0,adulto
ICB_03869_006,ICB_193,copd,AKG C417L Microphone,77.0,0,0,1,0.61994547,0.25768828,0,0,adulto
ICB_03869_007,ICB_193,copd,AKG C417L Microphone,77.0,0,0,1,0.48600677,0.46815416,0,0,adulto
ICB_03870_000,ICB_193,copd,AKG C417L Microphone,77.0,0,0,1,0.11478987,0.16428888,0,0,adulto
ICB_03870_001,ICB_193,copd,AKG C417L Microphone,77.0,1,0,1,0.09552505,0.22746271,0,1,adulto
ICB_03870_002,ICB_193,copd,AKG C417L Microphone,77.0,1,0,1,0.18623076,0.26356122,0,1,adulto
ICB_03870_003,ICB_193,copd,AKG C417L Microphone,77.0,1,0,1,0.11251421,0.43884158,0,1,adulto
ICB_03870_004,ICB_193,copd,AKG C417L Microphone,77.0,0,0,1,0.11960983,0.40766245,0,0,adulto
ICB_03870_005,ICB_193,copd,AKG C417L Microphone,77.0,0,0,1,0.14731902,0.5044174,0,0,adulto
ICB_03870_006,ICB_193,copd,AKG C417L Microphone,77.0,1,0,1,0.1957081,0.48290297,0,1,adulto
ICB_03870_007,ICB_193,copd,AKG C417L Microphone,77.0,1,0,1,0.14407557,0.3651531,0,1,adulto
ICB_03873_000,ICB_195,copd,3M Littmann 3200 Electronic,67.0,0,1,1,0.058066905,0.44154885,0,2,adulto
ICB_03873_001,ICB_195,copd,3M Littmann 3200 Electronic,67.0,0,0,1,0.07528935,0.429131,0,0,adulto
ICB_03873_002,ICB_195,copd,3M Littmann 3200 Electronic,67.0,0,1,1,0.07164733,0.5211805,0,2,adulto
ICB_03873_003,ICB_195,copd,3M Littmann 3200 Electronic,67.0,0,0,1,0.047326375,0.28130218,0,0,adulto
ICB_03873_004,ICB_195,copd,3M Littmann 3200 Electronic,67.0,0,0,1,0.25547847,0.39944467,0,0,adulto
ICB_03873_005,ICB_195,copd,3M Littmann 3200 Electronic,67.0,0,1,1,0.18422107,0.21888728,0,2,adulto
ICB_03873_006,ICB_195,copd,3M Littmann 3200 Electronic,67.0,0,0,1,0.13821027,0.5099373,0,0,adulto
ICB_03873_007,ICB_195,copd,3M Littmann 3200 Electronic,67.0,0,1,1,0.12725468,0.2929084,0,2,adulto
ICB_03873_008,ICB_195,copd,3M Littmann 3200 Electronic,67.0,0,1,1,0.07688788,0.32557347,0,2,adulto
ICB_03873_009,ICB_195,copd,3M Littmann 3200 Electronic,67.0,0,0,1,0.084878616,0.33417478,0,0,adulto
ICB_03873_010,ICB_195,copd,3M Littmann 3200 Electronic,67.0,0,0,1,0.11271949,0.92837673,2,0,adulto
ICB_03873_011,ICB_195,copd,3M Littmann 3200 Electronic,67.0,0,0,1,0.24109982,0.99767286,2,0,adulto
ICB_03874_000,ICB_195,copd,3M Littmann 3200 Electronic,67.0,0,1,1,0.14724638,0.58562684,0,2,adulto
ICB_03874_001,ICB_195,copd,3M Littmann 3200 Electronic,67.0,0,0,1,0.07025927,0.19714127,0,0,adulto
ICB_03874_002,ICB_195,copd,3M Littmann 3200 Electronic,67.0,0,1,1,0.06161251,0.46033505,0,2,adulto
ICB_03874_003,ICB_195,copd,3M Littmann 3200 Electronic,67.0,0,0,1,0.07711905,0.6267724,0,0,adulto
ICB_03874_004,ICB_195,copd,3M Littmann 3200 Electronic,67.0,0,0,1,0.44300827,0.285916,0,0,adulto
ICB_03874_005,ICB_195,copd,3M Littmann 3200 Electronic,67.0,0,0,1,0.119504176,0.68307084,0,0,adulto
ICB_03874_006,ICB_195,copd,3M Littmann 3200 Electronic,67.0,0,0,1,0.038269762,0.45550534,0,0,adulto
ICB_03874_007,ICB_195,copd,3M Littmann 3200 Electronic,67.0,0,0,1,0.07201642,0.30714527,0,0,adulto
ICB_03874_008,ICB_195,copd,3M Littmann 3200 Electronic,67.0,0,0,1,0.09610478,0.45118973,0,0,adulto
ICB_03874_009,ICB_195,copd,3M Littmann 3200 Electronic,67.0,0,0,1,0.17907493,0.3948904,0,0,adulto
ICB_03874_010,ICB_195,copd,3M Littmann 3200 Electronic,67.0,0,0,1,0.15344748,0.44353095,0,0,adulto
ICB_03874_011,ICB_195,copd,3M Littmann 3200 Electronic,67.0,0,0,1,0.18447815,0.11296401,0,0,adulto
ICB_03874_012,ICB_195,copd,3M Littmann 3200 Electronic,67.0,0,0,1,0.15795392,0.43730462,0,0,adulto
ICB_03874_013,ICB_195,copd,3M Littmann 3200 Electronic,67.0,0,0,1,0.036498636,0.36512393,0,0,adulto
ICB_03874_014,ICB_195,copd,3M Littmann 3200 Electronic,67.0,0,0,1,0.0773684,0.14281522,0,0,adulto
ICB_03874_015,ICB_195,copd,3M Littmann 3200 Electronic,67.0,0,0,1,0.09360578,0.90516144,2,0,adulto
ICB_03874_016,ICB_195,copd,3M Littmann 3200 Electronic,67.0,0,0,1,0.03227923,0.70674014,0,0,adulto
ICB_03875_000,ICB_195,copd,3M Littmann 3200 Electronic,67.0,0,1,1,0.44702622,0.2874768,0,2,adulto
ICB_03875_001,ICB_195,copd,3M Littmann 3200 Electronic,67.0,0,0,1,0.5854864,0.27926654,0,0,adulto
ICB_03875_002,ICB_195,copd,3M Littmann 3200 Electronic,67.0,1,0,1,0.4191401,0.29758894,0,1,adulto
ICB_03875_003,ICB_195,copd,3M Littmann 3200 Electronic,67.0,1,1,1,0.25776637,0.60025257,0,3,adulto
ICB_03875_004,ICB_195,copd,3M Littmann 3200 Electronic,67.0,1,1,1,0.17627645,0.46194893,0,3,adulto
ICB_03875_005,ICB_195,copd,3M Littmann 3200 Electronic,67.0,0,1,1,0.39572272,0.48885837,0,2,adulto
ICB_03875_006,ICB_195,copd,3M Littmann 3200 Electronic,67.0,1,1,1,0.24543262,0.45071396,0,3,adulto
ICB_03875_007,ICB_195,copd,3M Littmann 3200 Electronic,67.0,1,0,1,0.094711736,0.39786708,0,1,adulto
ICB_03875_008,ICB_195,copd,3M Littmann 3200 Electronic,67.0,0,0,1,0.1670553,0.9209552,2,0,adulto
ICB_03875_009,ICB_195,copd,3M Littmann 3200 Electronic,67.0,0,0,1,0.21442276,0.45497006,0,0,adulto
ICB_03875_010,ICB_195,copd,3M Littmann 3200 Electronic,67.0,1,0,1,0.29968268,0.38967693,0,1,adulto
ICB_03876_000,ICB_195,copd,3M Littmann 3200 Electronic,67.0,1,1,1,0.2875926,0.7596743,0,3,adulto
ICB_03876_001,ICB_195,copd,3M Littmann 3200 Electronic,67.0,0,1,1,0.47480077,0.5032118,0,2,adulto
ICB_03876_002,ICB_195,copd,3M Littmann 3200 Electronic,67.0,0,1,1,0.20148994,0.53099036,0,2,adulto
ICB_03876_003,ICB_195,copd,3M Littmann 3200 Electronic,67.0,1,1,1,0.15638405,0.40495917,0,3,adulto
ICB_03876_004,ICB_195,copd,3M Littmann 3200 Electronic,67.0,0,1,1,0.16741845,0.60841817,0,2,adulto
ICB_03876_005,ICB_195,copd,3M Littmann 3200 Electronic,67.0,0,1,1,0.20291974,0.35620537,0,2,adulto
ICB_03876_006,ICB_195,copd,3M Littmann 3200 Electronic,67.0,0,1,1,0.12775946,0.5259394,0,2,adulto
ICB_03876_007,ICB_195,copd,3M Littmann 3200 Electronic,67.0,1,0,1,0.22219925,0.86736465,2,1,adulto
ICB_03876_008,ICB_195,copd,3M Littmann 3200 Electronic,67.0,1,0,1,0.21713936,0.62076205,0,1,adulto
ICB_03877_000,ICB_195,copd,3M Littmann 3200 Electronic,67.0,0,1,1,0.2486654,0.6670802,0,2,adulto
ICB_03877_001,ICB_195,copd,3M Littmann 3200 Electronic,67.0,0,1,1,0.11773239,0.59652156,0,2,adulto
ICB_03877_002,ICB_195,copd,3M Littmann 3200 Electronic,67.0,0,0,1,0.13580218,0.3848636,0,0,adulto
ICB_03877_003,ICB_195,copd,3M Littmann 3200 Electronic,67.0,0,1,1,0.12573773,0.67323875,0,2,adulto
ICB_03877_004,ICB_195,copd,3M Littmann 3200 Electronic,67.0,0,1,1,0.086142056,0.33773276,0,2,adulto
ICB_03877_005,ICB_195,copd,3M Littmann 3200 Electronic,67.0,0,1,1,0.2669526,0.50526875,0,2,adulto
ICB_03877_006,ICB_195,copd,3M Littmann 3200 Electronic,67.0,0,1,1,0.19078653,0.25349426,0,2,adulto
ICB_03877_007,ICB_195,copd,3M Littmann 3200 Electronic,67.0,0,1,1,0.3312631,0.31373823,0,2,adulto
ICB_03877_008,ICB_195,copd,3M Littmann 3200 Electronic,67.0,0,0,1,0.19044867,0.9548299,2,0,adulto
ICB_03878_000,ICB_195,copd,3M Littmann 3200 Electronic,67.0,0,0,1,0.3504835,0.6963636,0,0,adulto
ICB_03878_001,ICB_195,copd,3M Littmann 3200 Electronic,67.0,0,0,1,0.30536538,0.5594835,0,0,adulto
ICB_03878_002,ICB_195,copd,3M Littmann 3200 Electronic,67.0,0,0,1,0.42128155,0.7848846,0,0,adulto
ICB_03878_003,ICB_195,copd,3M Littmann 3200 Electronic,67.0,0,0,1,0.15470922,0.57395893,0,0,adulto
ICB_03878_004,ICB_195,copd,3M Littmann 3200 Electronic,67.0,0,0,1,0.076810166,0.46527106,0,0,adulto
ICB_03878_005,ICB_195,copd,3M Littmann 3200 Electronic,67.0,0,0,1,0.14083514,0.53068686,0,0,adulto
ICB_03878_006,ICB_195,copd,3M Littmann 3200 Electronic,67.0,0,1,1,0.083353564,0.22613716,0,2,adulto
ICB_03878_007,ICB_195,copd,3M Littmann 3200 Electronic,67.0,0,0,1,0.05975435,0.47551048,0,0,adulto
ICB_03878_008,ICB_195,copd,3M Littmann 3200 Electronic,67.0,0,0,1,0.14359844,0.57732254,0,0,adulto
ICB_03878_009,ICB_195,copd,3M Littmann 3200 Electronic,67.0,0,0,1,0.03996291,0.2781637,0,0,adulto
ICB_03878_010,ICB_195,copd,3M Littmann 3200 Electronic,67.0,0,0,1,0.11220868,0.18821874,0,0,adulto
ICB_03878_011,ICB_195,copd,3M Littmann 3200 Electronic,67.0,0,0,1,0.12814057,0.19742098,0,0,adulto
ICB_03878_012,ICB_195,copd,3M Littmann 3200 Electronic,67.0,0,0,1,0.105138086,0.26141152,0,0,adulto
ICB_03878_013,ICB_195,copd,3M Littmann 3200 Electronic,67.0,0,0,1,0.16380976,0.36529884,0,0,adulto
ICB_03878_014,ICB_195,copd,3M Littmann 3200 Electronic,67.0,0,0,1,0.103890866,0.83872235,2,0,adulto
ICB_03878_015,ICB_195,copd,3M Littmann 3200 Electronic,67.0,0,0,1,0.19932853,0.8546477,2,0,adulto
ICB_03878_016,ICB_195,copd,3M Littmann 3200 Electronic,67.0,0,1,1,0.07570751,0.8427913,2,2,adulto
ICB_03880_000,ICB_197,respiratory_infection,AKG C417L Microphone,16.0,0,0,1,0.6189254,0.45532772,0,0,pediátrico (<18)
ICB_03880_001,ICB_197,respiratory_infection,AKG C417L Microphone,16.0,0,0,1,0.72594887,0.3989521,1,0,pediátrico (<18)
ICB_03880_002,ICB_197,respiratory_infection,AKG C417L Microphone,16.0,0,0,1,0.6454083,0.32267722,0,0,pediátrico (<18)
ICB_03881_000,ICB_197,respiratory_infection,AKG C417L Microphone,16.0,0,0,1,0.60184914,0.49246126,0,0,pediátrico (<18)
ICB_03881_001,ICB_197,respiratory_infection,AKG C417L Microphone,16.0,1,0,1,0.46384168,0.48659602,0,1,pediátrico (<18)
ICB_03881_002,ICB_197,respiratory_infection,AKG C417L Microphone,16.0,0,0,1,0.46177116,0.20041491,0,0,pediátrico (<18)
ICB_03881_003,ICB_197,respiratory_infection,AKG C417L Microphone,16.0,0,0,1,0.57266235,0.5192893,0,0,pediátrico (<18)
ICB_03881_004,ICB_197,respiratory_infection,AKG C417L Microphone,16.0,0,1,1,0.3803572,0.6914803,0,2,pediátrico (<18)
ICB_03898_000,ICB_200,copd,AKG C417L Microphone,72.0,0,0,1,0.46594733,0.25009438,0,0,adulto
ICB_03898_001,ICB_200,copd,AKG C417L Microphone,72.0,0,0,1,0.5163229,0.27800336,0,0,adulto
ICB_03898_002,ICB_200,copd,AKG C417L Microphone,72.0,0,0,1,0.5733042,0.3384655,0,0,adulto
ICB_03898_003,ICB_200,copd,AKG C417L Microphone,72.0,0,0,1,0.6190411,0.16348095,0,0,adulto
ICB_03898_004,ICB_200,copd,AKG C417L Microphone,72.0,0,0,1,0.54469126,0.34726188,0,0,adulto
ICB_03899_000,ICB_200,copd,AKG C417L Microphone,72.0,0,0,1,0.6375667,0.62718564,0,0,adulto
ICB_03899_001,ICB_200,copd,AKG C417L Microphone,72.0,0,0,1,0.61799234,0.46442613,0,0,adulto
ICB_03899_002,ICB_200,copd,AKG C417L Microphone,72.0,0,0,1,0.6496612,0.6864728,0,0,adulto
ICB_03899_003,ICB_200,copd,AKG C417L Microphone,72.0,0,0,1,0.720809,0.5301496,1,0,adulto
ICB_03899_004,ICB_200,copd,AKG C417L Microphone,72.0,0,0,1,0.5352152,0.62909544,0,0,adulto
ICB_03900_000,ICB_200,copd,AKG C417L Microphone,72.0,0,0,1,0.47818738,0.19322725,0,0,adulto
ICB_03900_001,ICB_200,copd,AKG C417L Microphone,72.0,0,0,1,0.5364029,0.17090955,0,0,adulto
ICB_03900_002,ICB_200,copd,AKG C417L Microphone,72.0,0,0,1,0.7150077,0.21150617,1,0,adulto
ICB_03900_003,ICB_200,copd,AKG C417L Microphone,72.0,0,0,1,0.65178955,0.20171925,0,0,adulto
ICB_03900_004,ICB_200,copd,AKG C417L Microphone,72.0,0,0,1,0.50599945,0.20791921,0,0,adulto
ICB_03901_000,ICB_200,copd,AKG C417L Microphone,72.0,0,0,1,0.69262505,0.3820711,0,0,adulto
ICB_03901_001,ICB_200,copd,AKG C417L Microphone,72.0,0,0,1,0.5670461,0.34703737,0,0,adulto
ICB_03901_002,ICB_200,copd,AKG C417L Microphone,72.0,0,0,1,0.796693,0.30680722,1,0,adulto
ICB_03901_003,ICB_200,copd,AKG C417L Microphone,72.0,0,0,1,0.49669746,0.30943292,0,0,adulto
ICB_03901_004,ICB_200,copd,AKG C417L Microphone,72.0,0,0,1,0.82357347,0.23087935,1,0,adulto
ICB_03902_000,ICB_200,copd,AKG C417L Microphone,72.0,0,0,1,0.5488008,0.52623886,0,0,adulto
ICB_03902_001,ICB_200,copd,AKG C417L Microphone,72.0,0,0,1,0.34398782,0.5356213,0,0,adulto
ICB_03902_002,ICB_200,copd,AKG C417L Microphone,72.0,0,0,1,0.63807243,0.6488462,0,0,adulto
ICB_03902_003,ICB_200,copd,AKG C417L Microphone,72.0,1,0,1,0.74306977,0.48615667,1,1,adulto
ICB_03902_004,ICB_200,copd,AKG C417L Microphone,72.0,0,0,1,0.67455596,0.37696376,0,0,adulto
ICB_03903_000,ICB_200,copd,AKG C417L Microphone,72.0,1,0,1,0.6459722,0.17370842,0,1,adulto
ICB_03903_001,ICB_200,copd,AKG C417L Microphone,72.0,1,0,1,0.5386726,0.09790686,0,1,adulto
ICB_03903_002,ICB_200,copd,AKG C417L Microphone,72.0,1,0,1,0.55772984,0.18890871,0,1,adulto
ICB_03903_003,ICB_200,copd,AKG C417L Microphone,72.0,1,0,1,0.6478094,0.20571652,0,1,adulto
ICB_03903_004,ICB_200,copd,AKG C417L Microphone,72.0,0,0,1,0.32172248,0.18475991,0,0,adulto
ICB_03904_000,ICB_200,copd,AKG C417L Microphone,72.0,0,0,1,0.5956026,0.28361937,0,0,adulto
ICB_03904_001,ICB_200,copd,AKG C417L Microphone,72.0,0,0,1,0.6337268,0.24804336,0,0,adulto
ICB_03904_002,ICB_200,copd,AKG C417L Microphone,72.0,0,0,1,0.62893265,0.41359216,0,0,adulto
ICB_03905_000,ICB_200,copd,AKG C417L Microphone,72.0,0,0,1,0.43505406,0.7717223,0,0,adulto
ICB_03905_001,ICB_200,copd,AKG C417L Microphone,72.0,0,0,1,0.5280314,0.6271806,0,0,adulto
ICB_03905_002,ICB_200,copd,AKG C417L Microphone,72.0,0,0,1,0.679407,0.6264625,0,0,adulto
ICB_03906_000,ICB_200,copd,AKG C417L Microphone,72.0,0,0,1,0.6042295,0.2573521,0,0,adulto
ICB_03906_001,ICB_200,copd,AKG C417L Microphone,72.0,0,0,1,0.71439844,0.28653818,1,0,adulto
ICB_03906_002,ICB_200,copd,AKG C417L Microphone,72.0,0,0,1,0.6584209,0.28183594,0,0,adulto
ICB_03907_000,ICB_200,copd,AKG C417L Microphone,72.0,1,0,1,0.43857896,0.615603,0,1,adulto
ICB_03907_001,ICB_200,copd,AKG C417L Microphone,72.0,0,0,1,0.6512607,0.5990837,0,0,adulto
ICB_03907_002,ICB_200,copd,AKG C417L Microphone,72.0,0,0,1,0.6341415,0.6133823,0,0,adulto
ICB_03908_000,ICB_200,copd,AKG C417L Microphone,72.0,0,0,1,0.6481267,0.6870259,0,0,adulto
ICB_03908_001,ICB_200,copd,AKG C417L Microphone,72.0,0,0,1,0.50969774,0.6213211,0,0,adulto
ICB_03908_002,ICB_200,copd,AKG C417L Microphone,72.0,0,0,1,0.42047712,0.5150877,0,0,adulto
ICB_03909_000,ICB_200,copd,AKG C417L Microphone,72.0,1,0,1,0.3911707,0.15129532,0,1,adulto
ICB_03909_001,ICB_200,copd,AKG C417L Microphone,72.0,0,0,1,0.3864371,0.35405415,0,0,adulto
ICB_03909_002,ICB_200,copd,AKG C417L Microphone,72.0,1,0,1,0.40556362,0.391448,0,1,adulto
ICB_03910_000,ICB_200,copd,AKG C417L Microphone,72.0,0,0,1,0.7198344,0.2437095,1,0,adulto
ICB_03910_001,ICB_200,copd,AKG C417L Microphone,72.0,0,0,1,0.5198868,0.29708835,0,0,adulto
ICB_03910_002,ICB_200,copd,AKG C417L Microphone,72.0,0,0,1,0.5756654,0.18581378,0,0,adulto
ICB_03910_003,ICB_200,copd,AKG C417L Microphone,72.0,0,0,1,0.61329705,0.31190816,0,0,adulto
ICB_03910_004,ICB_200,copd,AKG C417L Microphone,72.0,0,0,1,0.26642647,0.23223117,0,0,adulto
ICB_03911_000,ICB_200,copd,AKG C417L Microphone,72.0,0,0,1,0.73066306,0.21336845,1,0,adulto
ICB_03911_001,ICB_200,copd,AKG C417L Microphone,72.0,0,0,1,0.5642888,0.322513,0,0,adulto
ICB_03911_002,ICB_200,copd,AKG C417L Microphone,72.0,0,0,1,0.6773201,0.33882588,0,0,adulto
ICB_03911_003,ICB_200,copd,AKG C417L Microphone,72.0,0,0,1,0.6658252,0.265936,0,0,adulto
ICB_03911_004,ICB_200,copd,AKG C417L Microphone,72.0,0,0,1,0.41050938,0.26173538,0,0,adulto
ICB_03912_000,ICB_200,copd,AKG C417L Microphone,72.0,0,0,1,0.72842044,0.25363034,1,0,adulto
ICB_03912_001,ICB_200,copd,AKG C417L Microphone,72.0,0,0,1,0.5888555,0.42174122,0,0,adulto
ICB_03912_002,ICB_200,copd,AKG C417L Microphone,72.0,0,0,1,0.7231044,0.34462625,1,0,adulto
ICB_03912_003,ICB_200,copd,AKG C417L Microphone,72.0,0,0,1,0.6922571,0.27190986,0,0,adulto
ICB_03912_004,ICB_200,copd,AKG C417L Microphone,72.0,0,0,1,0.6861829,0.25509253,0,0,adulto
ICB_03913_000,ICB_200,copd,AKG C417L Microphone,72.0,0,0,1,0.76805717,0.6684264,1,0,adulto
ICB_03913_001,ICB_200,copd,AKG C417L Microphone,72.0,0,0,1,0.7343662,0.46759596,1,0,adulto
ICB_03913_002,ICB_200,copd,AKG C417L Microphone,72.0,0,0,1,0.61056095,0.48800457,0,0,adulto
ICB_03913_003,ICB_200,copd,AKG C417L Microphone,72.0,1,0,1,0.7300259,0.2079108,1,1,adulto
ICB_03913_004,ICB_200,copd,AKG C417L Microphone,72.0,0,0,1,0.604646,0.28991535,0,0,adulto
ICB_03914_000,ICB_200,copd,AKG C417L Microphone,72.0,1,0,1,0.7266418,0.3709826,1,1,adulto
ICB_03914_001,ICB_200,copd,AKG C417L Microphone,72.0,0,0,1,0.63033557,0.61206555,0,0,adulto
ICB_03914_002,ICB_200,copd,AKG C417L Microphone,72.0,0,0,1,0.77638423,0.19385321,1,0,adulto
ICB_03914_003,ICB_200,copd,AKG C417L Microphone,72.0,0,0,1,0.64228255,0.26131606,0,0,adulto
ICB_03914_004,ICB_200,copd,AKG C417L Microphone,72.0,0,0,1,0.48928705,0.609457,0,0,adulto
ICB_03915_000,ICB_200,copd,AKG C417L Microphone,72.0,0,0,1,0.60710216,0.27912545,0,0,adulto
ICB_03915_001,ICB_200,copd,AKG C417L Microphone,72.0,0,0,1,0.460517,0.527216,0,0,adulto
ICB_03915_002,ICB_200,copd,AKG C417L Microphone,72.0,0,0,1,0.59322155,0.32726592,0,0,adulto
ICB_03915_003,ICB_200,copd,AKG C417L Microphone,72.0,0,0,1,0.40098563,0.42350882,0,0,adulto
ICB_03915_004,ICB_200,copd,AKG C417L Microphone,72.0,0,0,1,0.26925117,0.30850872,0,0,adulto
ICB_03916_000,ICB_200,copd,AKG C417L Microphone,72.0,0,0,1,0.622285,0.17061166,0,0,adulto
ICB_03916_001,ICB_200,copd,AKG C417L Microphone,72.0,0,0,1,0.5719149,0.24058436,0,0,adulto
ICB_03916_002,ICB_200,copd,AKG C417L Microphone,72.0,0,0,1,0.4175762,0.40024206,0,0,adulto
ICB_03916_003,ICB_200,copd,AKG C417L Microphone,72.0,0,0,1,0.48678425,0.21775101,0,0,adulto
ICB_03917_000,ICB_200,copd,AKG C417L Microphone,72.0,0,0,1,0.5627482,0.34194475,0,0,adulto
ICB_03917_001,ICB_200,copd,AKG C417L Microphone,72.0,0,0,1,0.51322544,0.35886154,0,0,adulto
ICB_03917_002,ICB_200,copd,AKG C417L Microphone,72.0,0,0,1,0.4269183,0.33382487,0,0,adulto
ICB_03917_003,ICB_200,copd,AKG C417L Microphone,72.0,0,0,1,0.5944698,0.34165782,0,0,adulto
ICB_03918_000,ICB_200,copd,AKG C417L Microphone,72.0,0,0,1,0.64987344,0.29613099,0,0,adulto
ICB_03918_001,ICB_200,copd,AKG C417L Microphone,72.0,0,0,1,0.631802,0.3201036,0,0,adulto
ICB_03918_002,ICB_200,copd,AKG C417L Microphone,72.0,0,0,1,0.61752945,0.34499374,0,0,adulto
ICB_03918_003,ICB_200,copd,AKG C417L Microphone,72.0,0,0,1,0.7108932,0.1915934,1,0,adulto
ICB_03919_000,ICB_200,copd,AKG C417L Microphone,72.0,0,0,1,0.64286286,0.38380155,0,0,adulto
ICB_03919_001,ICB_200,copd,AKG C417L Microphone,72.0,0,0,1,0.42487526,0.5927015,0,0,adulto
ICB_03919_002,ICB_200,copd,AKG C417L Microphone,72.0,0,0,1,0.5539518,0.31518236,0,0,adulto
ICB_03919_003,ICB_200,copd,AKG C417L Microphone,72.0,0,0,1,0.6027273,0.19387838,0,0,adulto
ICB_03920_000,ICB_200,copd,AKG C417L Microphone,72.0,1,0,1,0.3430529,0.27962315,0,1,adulto
ICB_03920_001,ICB_200,copd,AKG C417L Microphone,72.0,0,0,1,0.35049433,0.17805924,0,0,adulto
ICB_03920_002,ICB_200,copd,AKG C417L Microphone,72.0,0,0,1,0.36206973,0.2734182,0,0,adulto
ICB_03920_003,ICB_200,copd,AKG C417L Microphone,72.0,0,0,1,0.46327886,0.19519122,0,0,adulto
ICB_03927_000,ICB_202,normal_lung,AKG C417L Microphone,2.0,0,0,1,0.65278906,0.15630475,0,0,pediátrico (<18)
ICB_03927_001,ICB_202,normal_lung,AKG C417L Microphone,2.0,0,0,1,0.71836144,0.07572813,1,0,pediátrico (<18)
ICB_03927_002,ICB_202,normal_lung,AKG C417L Microphone,2.0,0,0,1,0.5513507,0.16291156,0,0,pediátrico (<18)
ICB_03927_003,ICB_202,normal_lung,AKG C417L Microphone,2.0,0,0,1,0.5320156,0.2648008,0,0,pediátrico (<18)
ICB_03927_004,ICB_202,normal_lung,AKG C417L Microphone,2.0,0,0,1,0.6116043,0.13350041,0,0,pediátrico (<18)
ICB_03927_005,ICB_202,normal_lung,AKG C417L Microphone,2.0,0,0,1,0.6645743,0.14176711,0,0,pediátrico (<18)
ICB_03927_006,ICB_202,normal_lung,AKG C417L Microphone,2.0,0,0,1,0.6580465,0.12642577,0,0,pediátrico (<18)
ICB_03927_007,ICB_202,normal_lung,AKG C417L Microphone,2.0,0,0,1,0.71480197,0.15962744,1,0,pediátrico (<18)
ICB_03927_008,ICB_202,normal_lung,AKG C417L Microphone,2.0,0,0,1,0.6572665,0.09727983,0,0,pediátrico (<18)
ICB_03927_009,ICB_202,normal_lung,AKG C417L Microphone,2.0,0,0,1,0.25570187,0.47500995,0,0,pediátrico (<18)
ICB_03928_000,ICB_203,copd,AKG C417L Microphone,57.0,1,0,1,0.5622409,0.6756482,0,1,adulto
ICB_03928_001,ICB_203,copd,AKG C417L Microphone,57.0,1,0,1,0.522724,0.6308931,0,1,adulto
ICB_03928_002,ICB_203,copd,AKG C417L Microphone,57.0,1,0,1,0.5354086,0.816824,2,1,adulto
ICB_03928_003,ICB_203,copd,AKG C417L Microphone,57.0,1,0,1,0.5975514,0.39357394,0,1,adulto
ICB_03928_004,ICB_203,copd,AKG C417L Microphone,57.0,1,0,1,0.6607513,0.3786356,0,1,adulto
ICB_03928_005,ICB_203,copd,AKG C417L Microphone,57.0,1,1,1,0.7267197,0.3821102,1,3,adulto
ICB_03928_006,ICB_203,copd,AKG C417L Microphone,57.0,1,0,1,0.49823368,0.526501,0,1,adulto
ICB_03928_007,ICB_203,copd,AKG C417L Microphone,57.0,1,0,1,0.6355443,0.7666474,0,1,adulto
ICB_03928_008,ICB_203,copd,AKG C417L Microphone,57.0,1,0,1,0.486189,0.40270293,0,1,adulto
ICB_03928_009,ICB_203,copd,AKG C417L Microphone,57.0,0,0,1,0.5384104,0.23726188,0,0,adulto
ICB_03929_000,ICB_203,copd,AKG C417L Microphone,57.0,1,0,1,0.79651964,0.36543757,1,1,adulto
ICB_03929_001,ICB_203,copd,AKG C417L Microphone,57.0,1,0,1,0.5324808,0.33404744,0,1,adulto
ICB_03929_002,ICB_203,copd,AKG C417L Microphone,57.0,1,0,1,0.55189985,0.62925243,0,1,adulto
ICB_03929_003,ICB_203,copd,AKG C417L Microphone,57.0,1,0,1,0.6963532,0.5696101,0,1,adulto
ICB_03929_004,ICB_203,copd,AKG C417L Microphone,57.0,1,0,1,0.7371611,0.49278802,1,1,adulto
ICB_03929_005,ICB_203,copd,AKG C417L Microphone,57.0,1,0,1,0.6484451,0.44853485,0,1,adulto
ICB_03929_006,ICB_203,copd,AKG C417L Microphone,57.0,1,0,1,0.7610671,0.3738706,1,1,adulto
ICB_03929_007,ICB_203,copd,AKG C417L Microphone,57.0,1,0,1,0.7167823,0.36448783,1,1,adulto
ICB_03929_008,ICB_203,copd,AKG C417L Microphone,57.0,1,0,1,0.7601905,0.1623708,1,1,adulto
ICB_03929_009,ICB_203,copd,AKG C417L Microphone,57.0,1,0,1,0.54764855,0.2968071,0,1,adulto
ICB_03930_000,ICB_203,copd,AKG C417L Microphone,57.0,1,1,1,0.8360356,0.1454746,1,3,adulto
ICB_03930_001,ICB_203,copd,AKG C417L Microphone,57.0,1,1,1,0.47930488,0.541029,0,3,adulto
ICB_03930_002,ICB_203,copd,AKG C417L Microphone,57.0,1,0,1,0.78784835,0.14475195,1,1,adulto
ICB_03930_003,ICB_203,copd,AKG C417L Microphone,57.0,1,1,1,0.63757205,0.23207952,0,3,adulto
ICB_03930_004,ICB_203,copd,AKG C417L Microphone,57.0,1,0,1,0.55085576,0.3327892,0,1,adulto
ICB_03930_005,ICB_203,copd,AKG C417L Microphone,57.0,1,0,1,0.57633215,0.1350467,0,1,adulto
ICB_03930_006,ICB_203,copd,AKG C417L Microphone,57.0,1,1,1,0.5831611,0.3138035,0,3,adulto
ICB_03930_007,ICB_203,copd,AKG C417L Microphone,57.0,1,1,1,0.4683765,0.2353939,0,3,adulto
ICB_03930_008,ICB_203,copd,AKG C417L Microphone,57.0,0,0,1,0.5678329,0.32463235,0,0,adulto
ICB_03930_009,ICB_203,copd,AKG C417L Microphone,57.0,1,0,1,0.21922821,0.14345582,0,1,adulto
ICB_03931_000,ICB_203,copd,AKG C417L Microphone,57.0,1,0,1,0.65920955,0.15636158,0,1,adulto
ICB_03931_001,ICB_203,copd,AKG C417L Microphone,57.0,1,0,1,0.63330966,0.3924193,0,1,adulto
ICB_03931_002,ICB_203,copd,AKG C417L Microphone,57.0,1,0,1,0.7278265,0.14476804,1,1,adulto
ICB_03931_003,ICB_203,copd,AKG C417L Microphone,57.0,0,0,1,0.3879354,0.8808421,2,0,adulto
ICB_03931_004,ICB_203,copd,AKG C417L Microphone,57.0,1,0,1,0.62903863,0.4775171,0,1,adulto
ICB_03931_005,ICB_203,copd,AKG C417L Microphone,57.0,1,0,1,0.50491214,0.46460074,0,1,adulto
ICB_03931_006,ICB_203,copd,AKG C417L Microphone,57.0,1,0,1,0.7097046,0.17024969,1,1,adulto
ICB_03931_007,ICB_203,copd,AKG C417L Microphone,57.0,1,0,1,0.59234715,0.28169337,0,1,adulto
ICB_03931_008,ICB_203,copd,AKG C417L Microphone,57.0,1,0,1,0.5924729,0.36656022,0,1,adulto
ICB_03931_009,ICB_203,copd,AKG C417L Microphone,57.0,0,0,1,0.48529485,0.3749444,0,0,adulto
ICB_03932_000,ICB_203,copd,AKG C417L Microphone,57.0,0,0,1,0.29134187,0.4068681,0,0,adulto
ICB_03932_001,ICB_203,copd,AKG C417L Microphone,57.0,1,0,1,0.38980612,0.24895339,0,1,adulto
ICB_03932_002,ICB_203,copd,AKG C417L Microphone,57.0,0,0,1,0.5784392,0.6328085,0,0,adulto
ICB_03932_003,ICB_203,copd,AKG C417L Microphone,57.0,0,0,1,0.45997843,0.5198796,0,0,adulto
ICB_03932_004,ICB_203,copd,AKG C417L Microphone,57.0,0,0,1,0.60482943,0.3004468,0,0,adulto
ICB_03932_005,ICB_203,copd,AKG C417L Microphone,57.0,0,0,1,0.46479464,0.2406614,0,0,adulto
ICB_03932_006,ICB_203,copd,AKG C417L Microphone,57.0,0,0,1,0.39914057,0.15566817,0,0,adulto
ICB_03932_007,ICB_203,copd,AKG C417L Microphone,57.0,1,0,1,0.5021241,0.13437067,0,1,adulto
ICB_03932_008,ICB_203,copd,AKG C417L Microphone,57.0,0,0,1,0.70343554,0.17548119,1,0,adulto
ICB_03932_009,ICB_203,copd,AKG C417L Microphone,57.0,0,0,1,0.2846371,0.13232647,0,0,adulto
ICB_03933_000,ICB_203,copd,AKG C417L Microphone,57.0,0,0,1,0.3886622,0.63427407,0,0,adulto
ICB_03933_001,ICB_203,copd,AKG C417L Microphone,57.0,0,0,1,0.39478403,0.59348994,0,0,adulto
ICB_03933_002,ICB_203,copd,AKG C417L Microphone,57.0,0,0,1,0.18081613,0.33779195,0,0,adulto
ICB_03933_003,ICB_203,copd,AKG C417L Microphone,57.0,0,0,1,0.21411785,0.4266592,0,0,adulto
ICB_03933_004,ICB_203,copd,AKG C417L Microphone,57.0,0,1,1,0.19975184,0.4097695,0,2,adulto
ICB_03933_005,ICB_203,copd,AKG C417L Microphone,57.0,0,1,1,0.31876504,0.40072244,0,2,adulto
ICB_03933_006,ICB_203,copd,AKG C417L Microphone,57.0,0,0,1,0.44828868,0.20136738,0,0,adulto
ICB_03933_007,ICB_203,copd,AKG C417L Microphone,57.0,0,0,1,0.4276093,0.5256368,0,0,adulto
ICB_03933_008,ICB_203,copd,AKG C417L Microphone,57.0,0,0,1,0.37627268,0.43990636,0,0,adulto
ICB_03933_009,ICB_203,copd,AKG C417L Microphone,57.0,0,0,1,0.20029531,0.25790235,0,0,adulto
ICB_03934_000,ICB_203,copd,AKG C417L Microphone,57.0,1,0,1,0.5918991,0.54728925,0,1,adulto
ICB_03934_001,ICB_203,copd,AKG C417L Microphone,57.0,1,0,1,0.4723152,0.69027996,0,1,adulto
ICB_03934_002,ICB_203,copd,AKG C417L Microphone,57.0,1,0,1,0.75938565,0.64093965,1,1,adulto
ICB_03934_003,ICB_203,copd,AKG C417L Microphone,57.0,0,0,1,0.49285448,0.807446,2,0,adulto
ICB_03934_004,ICB_203,copd,AKG C417L Microphone,57.0,1,0,1,0.50371873,0.8858737,2,1,adulto
ICB_03934_005,ICB_203,copd,AKG C417L Microphone,57.0,1,0,1,0.46226364,0.47682345,0,1,adulto
ICB_03934_006,ICB_203,copd,AKG C417L Microphone,57.0,1,0,1,0.5348914,0.55369836,0,1,adulto
ICB_03934_007,ICB_203,copd,AKG C417L Microphone,57.0,1,0,1,0.5323592,0.5393743,0,1,adulto
ICB_03934_008,ICB_203,copd,AKG C417L Microphone,57.0,1,0,1,0.57244647,0.84369236,2,1,adulto
ICB_03934_009,ICB_203,copd,AKG C417L Microphone,57.0,0,0,1,0.52742386,0.58870703,0,0,adulto
ICB_03935_000,ICB_203,copd,AKG C417L Microphone,57.0,1,0,1,0.2208743,0.27371517,0,1,adulto
ICB_03935_001,ICB_203,copd,AKG C417L Microphone,57.0,1,0,1,0.41004944,0.5901821,0,1,adulto
ICB_03935_002,ICB_203,copd,AKG C417L Microphone,57.0,1,0,1,0.34769133,0.58967507,0,1,adulto
ICB_03935_003,ICB_203,copd,AKG C417L Microphone,57.0,1,1,1,0.3815161,0.53538656,0,3,adulto
ICB_03935_004,ICB_203,copd,AKG C417L Microphone,57.0,1,0,1,0.3185548,0.6713772,0,1,adulto
ICB_03935_005,ICB_203,copd,AKG C417L Microphone,57.0,1,0,1,0.32942212,0.5255152,0,1,adulto
ICB_03935_006,ICB_203,copd,AKG C417L Microphone,57.0,1,0,1,0.42206866,0.6662216,0,1,adulto
ICB_03935_007,ICB_203,copd,AKG C417L Microphone,57.0,1,0,1,0.4726165,0.57382,0,1,adulto
ICB_03935_008,ICB_203,copd,AKG C417L Microphone,57.0,1,0,1,0.67970085,0.45671508,0,1,adulto
ICB_03935_009,ICB_203,copd,AKG C417L Microphone,57.0,1,0,1,0.3665753,0.27572697,0,1,adulto
ICB_03936_000,ICB_203,copd,AKG C417L Microphone,57.0,0,0,1,0.44640562,0.16763087,0,0,adulto
ICB_03936_001,ICB_203,copd,AKG C417L Microphone,57.0,1,0,1,0.55131084,0.20220423,0,1,adulto
ICB_03936_002,ICB_203,copd,AKG C417L Microphone,57.0,1,0,1,0.57266307,0.29766858,0,1,adulto
ICB_03936_003,ICB_203,copd,AKG C417L Microphone,57.0,1,0,1,0.57735264,0.3319757,0,1,adulto
ICB_03936_004,ICB_203,copd,AKG C417L Microphone,57.0,1,0,1,0.5212056,0.49398795,0,1,adulto
ICB_03936_005,ICB_203,copd,AKG C417L Microphone,57.0,1,0,1,0.34447268,0.48489395,0,1,adulto
ICB_03936_006,ICB_203,copd,AKG C417L Microphone,57.0,1,0,1,0.39849386,0.5044556,0,1,adulto
ICB_03936_007,ICB_203,copd,AKG C417L Microphone,57.0,1,0,1,0.3987402,0.32165977,0,1,adulto
ICB_03936_008,ICB_203,copd,AKG C417L Microphone,57.0,1,0,1,0.64743197,0.284712,0,1,adulto
ICB_03936_009,ICB_203,copd,AKG C417L Microphone,57.0,1,0,1,0.5137235,0.19662473,0,1,adulto
ICB_03937_000,ICB_203,copd,AKG C417L Microphone,57.0,1,0,1,0.65717137,0.31280473,0,1,adulto
ICB_03937_001,ICB_203,copd,AKG C417L Microphone,57.0,1,0,1,0.5492662,0.58186215,0,1,adulto
ICB_03937_002,ICB_203,copd,AKG C417L Microphone,57.0,1,0,1,0.63883793,0.25570565,0,1,adulto
ICB_03937_003,ICB_203,copd,AKG C417L Microphone,57.0,0,0,1,0.49990574,0.18909681,0,0,adulto
ICB_03937_004,ICB_203,copd,AKG C417L Microphone,57.0,0,0,1,0.47649053,0.20426695,0,0,adulto
ICB_03937_005,ICB_203,copd,AKG C417L Microphone,57.0,1,1,1,0.3546264,0.6339344,0,3,adulto
ICB_03937_006,ICB_203,copd,AKG C417L Microphone,57.0,1,0,1,0.7824667,0.28957456,1,1,adulto
ICB_03937_007,ICB_203,copd,AKG C417L Microphone,57.0,0,0,1,0.58204526,0.2885507,0,0,adulto
ICB_03937_008,ICB_203,copd,AKG C417L Microphone,57.0,1,0,1,0.4601802,0.24863347,0,1,adulto
ICB_03937_009,ICB_203,copd,AKG C417L Microphone,57.0,1,0,1,0.4884533,0.080910966,0,1,adulto
ICB_03938_000,ICB_203,copd,AKG C417L Microphone,57.0,0,0,1,0.2020922,0.30883047,0,0,adulto
ICB_03938_001,ICB_203,copd,AKG C417L Microphone,57.0,0,1,1,0.20490108,0.3558134,0,2,adulto
ICB_03938_002,ICB_203,copd,AKG C417L Microphone,57.0,0,0,1,0.23750769,0.4147853,0,0,adulto
ICB_03938_003,ICB_203,copd,AKG C417L Microphone,57.0,0,0,1,0.24994312,0.25171244,0,0,adulto
ICB_03938_004,ICB_203,copd,AKG C417L Microphone,57.0,0,0,1,0.2048212,0.49264494,0,0,adulto
ICB_03938_005,ICB_203,copd,AKG C417L Microphone,57.0,0,0,1,0.32709125,0.3058396,0,0,adulto
ICB_03938_006,ICB_203,copd,AKG C417L Microphone,57.0,0,0,1,0.21265979,0.24955359,0,0,adulto
ICB_03938_007,ICB_203,copd,AKG C417L Microphone,57.0,0,0,1,0.28514576,0.44357452,0,0,adulto
ICB_03938_008,ICB_203,copd,AKG C417L Microphone,57.0,0,0,1,0.4585724,0.39562201,0,0,adulto
ICB_03938_009,ICB_203,copd,AKG C417L Microphone,57.0,0,0,1,0.27862716,0.39998344,0,0,adulto
ICB_03939_000,ICB_203,copd,AKG C417L Microphone,57.0,0,0,1,0.6016033,0.60431445,0,0,adulto
ICB_03939_001,ICB_203,copd,AKG C417L Microphone,57.0,1,0,1,0.62610084,0.58469015,0,1,adulto
ICB_03939_002,ICB_203,copd,AKG C417L Microphone,57.0,1,0,1,0.5389129,0.7115396,0,1,adulto
ICB_03939_003,ICB_203,copd,AKG C417L Microphone,57.0,1,0,1,0.59577507,0.4838346,0,1,adulto
ICB_03939_004,ICB_203,copd,AKG C417L Microphone,57.0,0,0,1,0.546966,0.47834843,0,0,adulto
ICB_03939_005,ICB_203,copd,AKG C417L Microphone,57.0,0,0,1,0.41441253,0.70501757,0,0,adulto
ICB_03939_006,ICB_203,copd,AKG C417L Microphone,57.0,0,0,1,0.6206124,0.5845541,0,0,adulto
ICB_03939_007,ICB_203,copd,AKG C417L Microphone,57.0,0,0,1,0.5683315,0.3302807,0,0,adulto
ICB_03939_008,ICB_203,copd,AKG C417L Microphone,57.0,0,0,1,0.45801815,0.23763235,0,0,adulto
ICB_03940_000,ICB_203,copd,AKG C417L Microphone,57.0,0,0,1,0.6834252,0.52860916,0,0,adulto
ICB_03940_001,ICB_203,copd,AKG C417L Microphone,57.0,1,0,1,0.5425981,0.48851764,0,1,adulto
ICB_03940_002,ICB_203,copd,AKG C417L Microphone,57.0,1,0,1,0.63072115,0.48986518,0,1,adulto
ICB_03940_003,ICB_203,copd,AKG C417L Microphone,57.0,1,0,1,0.5995947,0.3497293,0,1,adulto
ICB_03940_004,ICB_203,copd,AKG C417L Microphone,57.0,1,0,1,0.67140746,0.11359597,0,1,adulto
ICB_03940_005,ICB_203,copd,AKG C417L Microphone,57.0,1,0,1,0.6169189,0.3306194,0,1,adulto
ICB_03940_006,ICB_203,copd,AKG C417L Microphone,57.0,1,0,1,0.634917,0.3652719,0,1,adulto
ICB_03940_007,ICB_203,copd,AKG C417L Microphone,57.0,0,0,1,0.5869956,0.19845006,0,0,adulto
ICB_03940_008,ICB_203,copd,AKG C417L Microphone,57.0,1,0,1,0.32216975,0.40444475,0,1,adulto
ICB_03941_000,ICB_203,copd,AKG C417L Microphone,57.0,1,0,1,0.83598495,0.22022939,1,1,adulto
ICB_03941_001,ICB_203,copd,AKG C417L Microphone,57.0,1,0,1,0.5328839,0.3210533,0,1,adulto
ICB_03941_002,ICB_203,copd,AKG C417L Microphone,57.0,1,0,1,0.5992227,0.3694246,0,1,adulto
ICB_03941_003,ICB_203,copd,AKG C417L Microphone,57.0,1,0,1,0.6721597,0.19140117,0,1,adulto
ICB_03941_004,ICB_203,copd,AKG C417L Microphone,57.0,1,0,1,0.5062538,0.18477169,0,1,adulto
ICB_03941_005,ICB_203,copd,AKG C417L Microphone,57.0,1,0,1,0.5373007,0.47826198,0,1,adulto
ICB_03941_006,ICB_203,copd,AKG C417L Microphone,57.0,1,1,1,0.6172871,0.48085997,0,3,adulto
ICB_03941_007,ICB_203,copd,AKG C417L Microphone,57.0,1,0,1,0.55469275,0.3765135,0,1,adulto
ICB_03941_008,ICB_203,copd,AKG C417L Microphone,57.0,0,0,1,0.40419316,0.056004107,0,0,adulto
ICB_03942_000,ICB_203,copd,AKG C417L Microphone,57.0,0,0,1,0.40865347,0.2982279,0,0,adulto
ICB_03942_001,ICB_203,copd,AKG C417L Microphone,57.0,1,0,1,0.2558673,0.1216927,0,1,adulto
ICB_03942_002,ICB_203,copd,AKG C417L Microphone,57.0,0,0,1,0.47239664,0.3059972,0,0,adulto
ICB_03942_003,ICB_203,copd,AKG C417L Microphone,57.0,1,0,1,0.32070425,0.17651403,0,1,adulto
ICB_03942_004,ICB_203,copd,AKG C417L Microphone,57.0,0,0,1,0.25853866,0.29311442,0,0,adulto
ICB_03942_005,ICB_203,copd,AKG C417L Microphone,57.0,0,0,1,0.53412014,0.51764584,0,0,adulto
ICB_03942_006,ICB_203,copd,AKG C417L Microphone,57.0,0,0,1,0.45263186,0.36583874,0,0,adulto
ICB_03942_007,ICB_203,copd,AKG C417L Microphone,57.0,0,0,1,0.53749835,0.09588992,0,0,adulto
ICB_03942_008,ICB_203,copd,AKG C417L Microphone,57.0,0,0,1,0.27606496,0.19873312,0,0,adulto
ICB_03943_000,ICB_203,copd,AKG C417L Microphone,57.0,0,0,1,0.07611606,0.105922565,0,0,adulto
ICB_03943_001,ICB_203,copd,AKG C417L Microphone,57.0,1,0,1,0.16040088,0.3165181,0,1,adulto
ICB_03943_002,ICB_203,copd,AKG C417L Microphone,57.0,1,0,1,0.25614628,0.6261352,0,1,adulto
ICB_03943_003,ICB_203,copd,AKG C417L Microphone,57.0,0,0,1,0.20497431,0.23098983,0,0,adulto
ICB_03943_004,ICB_203,copd,AKG C417L Microphone,57.0,0,0,1,0.21769512,0.32426652,0,0,adulto
ICB_03943_005,ICB_203,copd,AKG C417L Microphone,57.0,0,0,1,0.21344459,0.30093914,0,0,adulto
ICB_03943_006,ICB_203,copd,AKG C417L Microphone,57.0,1,0,1,0.21583538,0.24222997,0,1,adulto
ICB_03943_007,ICB_203,copd,AKG C417L Microphone,57.0,1,1,1,0.14988756,0.25098643,0,3,adulto
ICB_03943_008,ICB_203,copd,AKG C417L Microphone,57.0,0,0,1,0.14234355,0.16550197,0,0,adulto
ICB_03944_000,ICB_203,copd,AKG C417L Microphone,57.0,0,0,1,0.60904306,0.44682446,0,0,adulto
ICB_03944_001,ICB_203,copd,AKG C417L Microphone,57.0,0,0,1,0.5609334,0.6246406,0,0,adulto
ICB_03944_002,ICB_203,copd,AKG C417L Microphone,57.0,0,0,1,0.4862879,0.7622218,0,0,adulto
ICB_03944_003,ICB_203,copd,AKG C417L Microphone,57.0,0,0,1,0.5554342,0.7569432,0,0,adulto
ICB_03944_004,ICB_203,copd,AKG C417L Microphone,57.0,0,0,1,0.7146275,0.7786957,1,0,adulto
ICB_03944_005,ICB_203,copd,AKG C417L Microphone,57.0,0,0,1,0.66886884,0.44358164,0,0,adulto
ICB_03945_000,ICB_203,copd,AKG C417L Microphone,57.0,0,0,1,0.6085727,0.3033548,0,0,adulto
ICB_03945_001,ICB_203,copd,AKG C417L Microphone,57.0,1,0,1,0.80020195,0.24218124,1,1,adulto
ICB_03945_002,ICB_203,copd,AKG C417L Microphone,57.0,1,0,1,0.6281909,0.76463115,0,1,adulto
ICB_03945_003,ICB_203,copd,AKG C417L Microphone,57.0,1,0,1,0.7151272,0.56581724,1,1,adulto
ICB_03945_004,ICB_203,copd,AKG C417L Microphone,57.0,1,0,1,0.8175251,0.34676227,1,1,adulto
ICB_03945_005,ICB_203,copd,AKG C417L Microphone,57.0,1,0,1,0.6116043,0.35086596,0,1,adulto
ICB_03946_000,ICB_203,copd,AKG C417L Microphone,57.0,0,0,1,0.50772387,0.31691912,0,0,adulto
ICB_03946_001,ICB_203,copd,AKG C417L Microphone,57.0,0,0,1,0.48690683,0.15249397,0,0,adulto
ICB_03946_002,ICB_203,copd,AKG C417L Microphone,57.0,1,0,1,0.45140728,0.42679968,0,1,adulto
ICB_03946_003,ICB_203,copd,AKG C417L Microphone,57.0,0,0,1,0.56089157,0.18488878,0,0,adulto
ICB_03946_004,ICB_203,copd,AKG C417L Microphone,57.0,0,0,1,0.45910075,0.4015515,0,0,adulto
ICB_03946_005,ICB_203,copd,AKG C417L Microphone,57.0,0,0,1,0.43643168,0.13625625,0,0,adulto
ICB_03947_000,ICB_203,copd,AKG C417L Microphone,57.0,0,0,1,0.7022739,0.1789164,1,0,adulto
ICB_03947_001,ICB_203,copd,AKG C417L Microphone,57.0,0,0,1,0.40903273,0.39286038,0,0,adulto
ICB_03947_002,ICB_203,copd,AKG C417L Microphone,57.0,0,0,1,0.4886925,0.35786352,0,0,adulto
ICB_03947_003,ICB_203,copd,AKG C417L Microphone,57.0,1,0,1,0.5656312,0.38839313,0,1,adulto
ICB_03947_004,ICB_203,copd,AKG C417L Microphone,57.0,0,0,1,0.40880626,0.2611719,0,0,adulto
ICB_03947_005,ICB_203,copd,AKG C417L Microphone,57.0,1,0,1,0.33769152,0.18245079,0,1,adulto
ICB_03948_000,ICB_203,copd,AKG C417L Microphone,57.0,0,0,1,0.16502312,0.2265217,0,0,adulto
ICB_03948_001,ICB_203,copd,AKG C417L Microphone,57.0,0,0,1,0.17958204,0.28350994,0,0,adulto
ICB_03948_002,ICB_203,copd,AKG C417L Microphone,57.0,0,0,1,0.17409715,0.39903143,0,0,adulto
ICB_03948_003,ICB_203,copd,AKG C417L Microphone,57.0,0,0,1,0.21758361,0.42117786,0,0,adulto
ICB_03948_004,ICB_203,copd,AKG C417L Microphone,57.0,0,0,1,0.27540147,0.46488622,0,0,adulto
ICB_03948_005,ICB_203,copd,AKG C417L Microphone,57.0,0,0,1,0.123209395,0.29831517,0,0,adulto
ICB_04004_000,ICB_210,respiratory_infection,3M Littmann Classic II SE,1.0,0,0,1,0.13039894,0.11075714,0,0,pediátrico (<18)
ICB_04004_001,ICB_210,respiratory_infection,3M Littmann Classic II SE,1.0,0,0,1,0.23910089,0.24874474,0,0,pediátrico (<18)
ICB_04004_002,ICB_210,respiratory_infection,3M Littmann Classic II SE,1.0,0,0,1,0.37926215,0.25544682,0,0,pediátrico (<18)
ICB_04004_003,ICB_210,respiratory_infection,3M Littmann Classic II SE,1.0,0,0,1,0.22301786,0.4777969,0,0,pediátrico (<18)
ICB_04004_004,ICB_210,respiratory_infection,3M Littmann Classic II SE,1.0,0,0,1,0.32466617,0.29830992,0,0,pediátrico (<18)
ICB_04004_005,ICB_210,respiratory_infection,3M Littmann Classic II SE,1.0,0,0,1,0.32639372,0.27366924,0,0,pediátrico (<18)
ICB_04004_006,ICB_210,respiratory_infection,3M Littmann Classic II SE,1.0,0,0,1,0.31312206,0.30124056,0,0,pediátrico (<18)
ICB_04004_007,ICB_210,respiratory_infection,3M Littmann Classic II SE,1.0,0,0,1,0.388161,0.37759703,0,0,pediátrico (<18)
ICB_04004_008,ICB_210,respiratory_infection,3M Littmann Classic II SE,1.0,1,0,1,0.3175385,0.1648211,0,1,pediátrico (<18)
ICB_04004_009,ICB_210,respiratory_infection,3M Littmann Classic II SE,1.0,0,0,1,0.21090023,0.1107368,0,0,pediátrico (<18)
ICB_04004_010,ICB_210,respiratory_infection,3M Littmann Classic II SE,1.0,0,0,1,0.30668846,0.20843633,0,0,pediátrico (<18)
ICB_04004_011,ICB_210,respiratory_infection,3M Littmann Classic II SE,1.0,0,0,1,0.20045052,0.22960396,0,0,pediátrico (<18)
ICB_04004_012,ICB_210,respiratory_infection,3M Littmann Classic II SE,1.0,0,0,1,0.18925802,0.15559125,0,0,pediátrico (<18)
ICB_04004_013,ICB_210,respiratory_infection,3M Littmann Classic II SE,1.0,0,0,1,0.24143197,0.1979774,0,0,pediátrico (<18)
ICB_04004_014,ICB_210,respiratory_infection,3M Littmann Classic II SE,1.0,0,0,1,0.17955258,0.1753516,0,0,pediátrico (<18)
ICB_04004_015,ICB_210,respiratory_infection,3M Littmann Classic II SE,1.0,0,0,1,0.17485735,0.13523132,0,0,pediátrico (<18)
ICB_04004_016,ICB_210,respiratory_infection,3M Littmann Classic II SE,1.0,0,0,1,0.3573854,0.1423335,0,0,pediátrico (<18)
ICB_04004_017,ICB_210,respiratory_infection,3M Littmann Classic II SE,1.0,0,0,1,0.057857417,0.07360888,0,0,pediátrico (<18)
ICB_04005_000,ICB_210,respiratory_infection,3M Littmann Classic II SE,1.0,0,0,1,0.77911884,0.11359805,1,0,pediátrico (<18)
ICB_04005_001,ICB_210,respiratory_infection,3M Littmann Classic II SE,1.0,0,0,1,0.38192466,0.26261216,0,0,pediátrico (<18)
ICB_04005_002,ICB_210,respiratory_infection,3M Littmann Classic II SE,1.0,0,0,1,0.5399987,0.3290601,0,0,pediátrico (<18)
ICB_04005_003,ICB_210,respiratory_infection,3M Littmann Classic II SE,1.0,0,0,1,0.2463206,0.63497394,0,0,pediátrico (<18)
ICB_04005_004,ICB_210,respiratory_infection,3M Littmann Classic II SE,1.0,0,0,1,0.36134988,0.11361904,0,0,pediátrico (<18)
ICB_04005_005,ICB_210,respiratory_infection,3M Littmann Classic II SE,1.0,1,0,1,0.45374995,0.41028202,0,1,pediátrico (<18)
ICB_04005_006,ICB_210,respiratory_infection,3M Littmann Classic II SE,1.0,0,0,1,0.369437,0.43594083,0,0,pediátrico (<18)
ICB_04005_007,ICB_210,respiratory_infection,3M Littmann Classic II SE,1.0,0,0,1,0.30212843,0.38069403,0,0,pediátrico (<18)
ICB_04005_008,ICB_210,respiratory_infection,3M Littmann Classic II SE,1.0,0,0,1,0.6516509,0.229574,0,0,pediátrico (<18)
ICB_04005_009,ICB_210,respiratory_infection,3M Littmann Classic II SE,1.0,0,0,1,0.31122988,0.5136229,0,0,pediátrico (<18)
ICB_04005_010,ICB_210,respiratory_infection,3M Littmann Classic II SE,1.0,0,0,1,0.2908547,0.25945362,0,0,pediátrico (<18)
ICB_04005_011,ICB_210,respiratory_infection,3M Littmann Classic II SE,1.0,0,0,1,0.21986894,0.24118161,0,0,pediátrico (<18)
ICB_04005_012,ICB_210,respiratory_infection,3M Littmann Classic II SE,1.0,0,0,1,0.09447815,0.4031076,0,0,pediátrico (<18)
ICB_04054_000,ICB_220,copd,3M Littmann Classic II SE,66.0,0,0,1,0.1769076,0.35882252,0,0,adulto
ICB_04054_001,ICB_220,copd,3M Littmann Classic II SE,66.0,0,0,1,0.3497048,0.22893538,0,0,adulto
ICB_04054_002,ICB_220,copd,3M Littmann Classic II SE,66.0,0,0,1,0.3077333,0.4512961,0,0,adulto
ICB_04054_003,ICB_220,copd,3M Littmann Classic II SE,66.0,0,0,1,0.36876798,0.27905235,0,0,adulto
ICB_04054_004,ICB_220,copd,3M Littmann Classic II SE,66.0,0,0,1,0.29788747,0.48936382,0,0,adulto
ICB_04054_005,ICB_220,copd,3M Littmann Classic II SE,66.0,1,0,1,0.32547262,0.51918316,0,1,adulto
ICB_04054_006,ICB_220,copd,3M Littmann Classic II SE,66.0,1,0,1,0.38331842,0.35442886,0,1,adulto
ICB_04055_000,ICB_220,copd,3M Littmann Classic II SE,66.0,0,0,1,0.44941664,0.36285818,0,0,adulto
ICB_04055_001,ICB_220,copd,3M Littmann Classic II SE,66.0,0,0,1,0.4633778,0.17701462,0,0,adulto
ICB_04055_002,ICB_220,copd,3M Littmann Classic II SE,66.0,0,0,1,0.4972702,0.23881815,0,0,adulto
ICB_04055_003,ICB_220,copd,3M Littmann Classic II SE,66.0,0,0,1,0.5722748,0.14922255,0,0,adulto
ICB_04055_004,ICB_220,copd,3M Littmann Classic II SE,66.0,0,0,1,0.56931955,0.25190616,0,0,adulto
ICB_04055_005,ICB_220,copd,3M Littmann Classic II SE,66.0,0,0,1,0.6310702,0.14089727,0,0,adulto
ICB_04055_006,ICB_220,copd,3M Littmann Classic II SE,66.0,0,0,1,0.4927116,0.2695582,0,0,adulto
ICB_04056_000,ICB_221,copd,3M Littmann Classic II SE,74.0,0,1,1,0.26657706,0.92312974,2,2,adulto
ICB_04056_001,ICB_221,copd,3M Littmann Classic II SE,74.0,1,1,1,0.39682555,0.9663717,2,3,adulto
ICB_04056_002,ICB_221,copd,3M Littmann Classic II SE,74.0,1,1,1,0.3927913,0.9823925,2,3,adulto
ICB_04056_003,ICB_221,copd,3M Littmann Classic II SE,74.0,1,1,1,0.28536767,0.99725634,2,3,adulto
ICB_04056_004,ICB_221,copd,3M Littmann Classic II SE,74.0,1,1,1,0.46568626,0.9908063,2,3,adulto
ICB_04057_000,ICB_221,copd,3M Littmann Classic II SE,74.0,0,1,1,0.3726506,0.83081406,2,2,adulto
ICB_04057_001,ICB_221,copd,3M Littmann Classic II SE,74.0,1,1,1,0.5029558,0.78746176,0,3,adulto
ICB_04057_002,ICB_221,copd,3M Littmann Classic II SE,74.0,0,1,1,0.4110188,0.8138251,2,2,adulto
ICB_04057_003,ICB_221,copd,3M Littmann Classic II SE,74.0,1,1,1,0.43328866,0.9105876,2,3,adulto
ICB_04057_004,ICB_221,copd,3M Littmann Classic II SE,74.0,1,1,1,0.5004678,0.49402803,0,3,adulto
ICB_04058_000,ICB_221,copd,3M Littmann Classic II SE,74.0,1,1,1,0.26806852,0.9948908,2,3,adulto
ICB_04058_001,ICB_221,copd,3M Littmann Classic II SE,74.0,1,1,1,0.52823305,0.75631577,0,3,adulto
ICB_04058_002,ICB_221,copd,3M Littmann Classic II SE,74.0,0,1,1,0.22873777,0.9796219,2,2,adulto
ICB_04058_003,ICB_221,copd,3M Littmann Classic II SE,74.0,1,1,1,0.53178954,0.93684703,2,3,adulto
ICB_04058_004,ICB_221,copd,3M Littmann Classic II SE,74.0,1,1,1,0.35555455,0.9037599,2,3,adulto
ICB_04059_000,ICB_221,copd,3M Littmann Classic II SE,74.0,0,1,1,0.25069872,0.91130805,2,2,adulto
ICB_04059_001,ICB_221,copd,3M Littmann Classic II SE,74.0,0,1,1,0.31134582,0.89116734,2,2,adulto
ICB_04059_002,ICB_221,copd,3M Littmann Classic II SE,74.0,0,1,1,0.32251635,0.92019165,2,2,adulto
ICB_04059_003,ICB_221,copd,3M Littmann Classic II SE,74.0,0,1,1,0.39600295,0.9649324,2,2,adulto
ICB_04059_004,ICB_221,copd,3M Littmann Classic II SE,74.0,0,1,1,0.37309134,0.81824136,2,2,adulto
ICB_04060_000,ICB_221,copd,3M Littmann Classic II SE,74.0,0,1,1,0.12963124,0.908985,2,2,adulto
ICB_04060_001,ICB_221,copd,3M Littmann Classic II SE,74.0,0,1,1,0.33651578,0.9953701,2,2,adulto
ICB_04060_002,ICB_221,copd,3M Littmann Classic II SE,74.0,0,1,1,0.29178515,0.983294,2,2,adulto
ICB_04060_003,ICB_221,copd,3M Littmann Classic II SE,74.0,0,1,1,0.32570368,0.97671366,2,2,adulto
ICB_04060_004,ICB_221,copd,3M Littmann Classic II SE,74.0,0,1,1,0.33150396,0.99539006,2,2,adulto
ICB_04060_005,ICB_221,copd,3M Littmann Classic II SE,74.0,0,0,1,0.54060906,0.028092198,0,0,adulto
ICB_04061_000,ICB_221,copd,3M Littmann Classic II SE,74.0,0,0,1,0.18866695,0.39444944,0,0,adulto
ICB_04061_001,ICB_221,copd,3M Littmann Classic II SE,74.0,1,1,1,0.5159202,0.8649263,2,3,adulto
ICB_04061_002,ICB_221,copd,3M Littmann Classic II SE,74.0,1,1,1,0.25976846,0.9841697,2,3,adulto
ICB_04061_003,ICB_221,copd,3M Littmann Classic II SE,74.0,1,1,1,0.27416137,0.9889269,2,3,adulto
ICB_04061_004,ICB_221,copd,3M Littmann Classic II SE,74.0,1,1,1,0.38844275,0.9794994,2,3,adulto
ICB_04061_005,ICB_221,copd,3M Littmann Classic II SE,74.0,0,1,1,0.3907529,0.17126009,0,2,adulto
ICB_04062_000,ICB_221,copd,3M Littmann Classic II SE,74.0,0,0,1,0.4678893,0.3087674,0,0,adulto
ICB_04062_001,ICB_221,copd,3M Littmann Classic II SE,74.0,1,1,1,0.65829706,0.65366477,0,3,adulto
ICB_04062_002,ICB_221,copd,3M Littmann Classic II SE,74.0,1,1,1,0.35452235,0.943796,2,3,adulto
ICB_04062_003,ICB_221,copd,3M Littmann Classic II SE,74.0,1,1,1,0.4317802,0.7197119,0,3,adulto
ICB_04062_004,ICB_221,copd,3M Littmann Classic II SE,74.0,1,1,1,0.42246717,0.95899016,2,3,adulto
ICB_04063_000,ICB_221,copd,3M Littmann Classic II SE,74.0,0,1,1,0.22548145,0.6364696,0,2,adulto
ICB_04063_001,ICB_221,copd,3M Littmann Classic II SE,74.0,0,1,1,0.4733762,0.8619579,2,2,adulto
ICB_04063_002,ICB_221,copd,3M Littmann Classic II SE,74.0,0,1,1,0.38235137,0.90581053,2,2,adulto
ICB_04063_003,ICB_221,copd,3M Littmann Classic II SE,74.0,0,1,1,0.3485128,0.87831986,2,2,adulto
ICB_04063_004,ICB_221,copd,3M Littmann Classic II SE,74.0,0,1,1,0.45790586,0.88968927,2,2,adulto
ICB_04063_005,ICB_221,copd,3M Littmann Classic II SE,74.0,0,0,1,0.483836,0.4378537,0,0,adulto
ICB_04064_000,ICB_221,copd,3M Littmann Classic II SE,74.0,0,1,1,0.27076104,0.9904777,2,2,adulto
ICB_04064_001,ICB_221,copd,3M Littmann Classic II SE,74.0,0,1,1,0.23686543,0.99264294,2,2,adulto
ICB_04064_002,ICB_221,copd,3M Littmann Classic II SE,74.0,0,1,1,0.33750096,0.993012,2,2,adulto
ICB_04064_003,ICB_221,copd,3M Littmann Classic II SE,74.0,0,1,1,0.37775227,0.9995437,2,2,adulto
ICB_04064_004,ICB_221,copd,3M Littmann Classic II SE,74.0,0,1,1,0.32493922,0.97102755,2,2,adulto
ICB_04065_000,ICB_221,copd,3M Littmann Classic II SE,74.0,0,1,1,0.38706195,0.8928389,2,2,adulto
ICB_04065_001,ICB_221,copd,3M Littmann Classic II SE,74.0,1,1,1,0.2780006,0.9743197,2,3,adulto
ICB_04065_002,ICB_221,copd,3M Littmann Classic II SE,74.0,1,1,1,0.28799787,0.7354986,0,3,adulto
ICB_04065_003,ICB_221,copd,3M Littmann Classic II SE,74.0,1,1,1,0.47480544,0.9526105,2,3,adulto
ICB_04065_004,ICB_221,copd,3M Littmann Classic II SE,74.0,1,1,1,0.34447324,0.9802838,2,3,adulto
ICB_04066_000,ICB_221,copd,3M Littmann Classic II SE,74.0,0,1,1,0.5036906,0.65701026,0,2,adulto
ICB_04066_001,ICB_221,copd,3M Littmann Classic II SE,74.0,1,1,1,0.2869068,0.94999,2,3,adulto
ICB_04066_002,ICB_221,copd,3M Littmann Classic II SE,74.0,1,1,1,0.36414894,0.9644996,2,3,adulto
ICB_04066_003,ICB_221,copd,3M Littmann Classic II SE,74.0,1,1,1,0.2689333,0.97567207,2,3,adulto
ICB_04066_004,ICB_221,copd,3M Littmann Classic II SE,74.0,1,1,1,0.36853698,0.99112403,2,3,adulto
ICB_04067_000,ICB_221,copd,3M Littmann Classic II SE,74.0,0,1,1,0.3506906,0.9091568,2,2,adulto
ICB_04067_001,ICB_221,copd,3M Littmann Classic II SE,74.0,0,1,1,0.29955822,0.8616021,2,2,adulto
ICB_04067_002,ICB_221,copd,3M Littmann Classic II SE,74.0,1,1,1,0.50740415,0.7402928,0,3,adulto
ICB_04067_003,ICB_221,copd,3M Littmann Classic II SE,74.0,1,1,1,0.3481127,0.9760868,2,3,adulto
ICB_04067_004,ICB_221,copd,3M Littmann Classic II SE,74.0,1,1,1,0.21493238,0.96614623,2,3,adulto
ICB_03173_000,ICB_105,respiratory_infection,3M Littmann Classic II SE,7.0,0,0,2,3.1214917e-05,3.4846656e-13,0,0,pediátrico (<18)
ICB_03173_001,ICB_105,respiratory_infection,3M Littmann Classic II SE,7.0,0,0,2,2.8137606e-06,2.5159524e-11,0,0,pediátrico (<18)
ICB_03173_002,ICB_105,respiratory_infection,3M Littmann Classic II SE,7.0,0,0,2,0.0037385817,7.7953394e-11,0,0,pediátrico (<18)
ICB_03173_003,ICB_105,respiratory_infection,3M Littmann Classic II SE,7.0,0,0,2,0.03488591,2.418187e-12,0,0,pediátrico (<18)
ICB_03173_004,ICB_105,respiratory_infection,3M Littmann Classic II SE,7.0,0,0,2,1.0039884e-08,1.5298885e-09,0,0,pediátrico (<18)
ICB_03173_005,ICB_105,respiratory_infection,3M Littmann Classic II SE,7.0,0,0,2,7.913888e-06,1.7633654e-12,0,0,pediátrico (<18)
ICB_03173_006,ICB_105,respiratory_infection,3M Littmann Classic II SE,7.0,0,0,2,0.0012446258,1.3025822e-12,0,0,pediátrico (<18)
ICB_03173_007,ICB_105,respiratory_infection,3M Littmann Classic II SE,7.0,0,0,2,0.04254936,3.720987e-05,0,0,pediátrico (<18)
ICB_03211_000,ICB_110,copd,WelchAllyn Meditron Master Elite,75.0,1,0,2,0.007450904,0.00018965086,0,1,adulto
ICB_03211_001,ICB_110,copd,WelchAllyn Meditron Master Elite,75.0,1,0,2,0.13610539,0.00038281144,0,1,adulto
ICB_03211_002,ICB_110,copd,WelchAllyn Meditron Master Elite,75.0,0,0,2,0.0075905593,1.6798726e-09,0,0,adulto
ICB_03211_003,ICB_110,copd,WelchAllyn Meditron Master Elite,75.0,0,0,2,0.11869079,1.2467906e-05,0,0,adulto
ICB_03211_004,ICB_110,copd,WelchAllyn Meditron Master Elite,75.0,0,0,2,1.3734063e-05,1.6383944e-16,0,0,adulto
ICB_03211_005,ICB_110,copd,WelchAllyn Meditron Master Elite,75.0,0,0,2,0.005034921,0.017973386,0,0,adulto
ICB_03211_006,ICB_110,copd,WelchAllyn Meditron Master Elite,75.0,0,0,2,0.163357,0.0037038147,0,0,adulto
ICB_03211_007,ICB_110,copd,WelchAllyn Meditron Master Elite,75.0,0,0,2,0.5666648,0.00011896208,0,0,adulto
ICB_03211_008,ICB_110,copd,WelchAllyn Meditron Master Elite,75.0,0,0,2,0.0025741754,0.023701837,0,0,adulto
ICB_03211_009,ICB_110,copd,WelchAllyn Meditron Master Elite,75.0,0,0,2,1.175364e-10,0.84275854,0,0,adulto
ICB_03211_010,ICB_110,copd,WelchAllyn Meditron Master Elite,75.0,0,0,2,2.8461565e-05,0.0015495251,0,0,adulto
ICB_03211_011,ICB_110,copd,WelchAllyn Meditron Master Elite,75.0,0,0,2,0.054778434,0.0011297782,0,0,adulto
ICB_03211_012,ICB_110,copd,WelchAllyn Meditron Master Elite,75.0,0,0,2,0.0010921749,0.00028028846,0,0,adulto
ICB_03211_013,ICB_110,copd,WelchAllyn Meditron Master Elite,75.0,0,0,2,0.6614356,0.0027269425,0,0,adulto
ICB_03211_014,ICB_110,copd,WelchAllyn Meditron Master Elite,75.0,0,0,2,0.0093286615,4.9169164e-05,0,0,adulto
ICB_03212_000,ICB_110,copd,WelchAllyn Meditron Master Elite,75.0,1,1,2,0.002493221,1.9352221e-07,0,3,adulto
ICB_03212_001,ICB_110,copd,WelchAllyn Meditron Master Elite,75.0,1,1,2,0.0028139357,0.990252,2,3,adulto
ICB_03212_002,ICB_110,copd,WelchAllyn Meditron Master Elite,75.0,1,1,2,0.0027753394,2.0198007e-08,0,3,adulto
ICB_03212_003,ICB_110,copd,WelchAllyn Meditron Master Elite,75.0,1,0,2,0.3898485,0.69856083,0,1,adulto
ICB_03212_004,ICB_110,copd,WelchAllyn Meditron Master Elite,75.0,0,0,2,0.050280947,0.060869683,0,0,adulto
ICB_03212_005,ICB_110,copd,WelchAllyn Meditron Master Elite,75.0,1,0,2,0.21938705,2.5073723e-05,0,1,adulto
ICB_03212_006,ICB_110,copd,WelchAllyn Meditron Master Elite,75.0,1,0,2,0.90613294,0.04808609,1,1,adulto
ICB_03213_000,ICB_110,copd,WelchAllyn Meditron Master Elite,75.0,0,1,2,0.00575059,0.23870602,0,2,adulto
ICB_03213_001,ICB_110,copd,WelchAllyn Meditron Master Elite,75.0,0,1,2,0.035812467,0.40688136,0,2,adulto
ICB_03213_002,ICB_110,copd,WelchAllyn Meditron Master Elite,75.0,0,0,2,0.13812344,0.5208137,0,0,adulto
ICB_03213_003,ICB_110,copd,WelchAllyn Meditron Master Elite,75.0,0,0,2,0.007007816,1.4109182e-05,0,0,adulto
ICB_03213_004,ICB_110,copd,WelchAllyn Meditron Master Elite,75.0,0,1,2,0.0014950986,0.23577316,0,2,adulto
ICB_03213_005,ICB_110,copd,WelchAllyn Meditron Master Elite,75.0,0,0,2,0.05503871,0.015003489,0,0,adulto
ICB_03213_006,ICB_110,copd,WelchAllyn Meditron Master Elite,75.0,0,0,2,0.14136937,0.34236747,0,0,adulto
ICB_03214_000,ICB_110,copd,WelchAllyn Meditron Master Elite,75.0,1,0,2,0.0071761888,0.016155306,0,1,adulto
ICB_03214_001,ICB_110,copd,WelchAllyn Meditron Master Elite,75.0,1,0,2,0.524998,0.0018032445,0,1,adulto
ICB_03214_002,ICB_110,copd,WelchAllyn Meditron Master Elite,75.0,1,0,2,0.1473488,3.975587e-05,0,1,adulto
ICB_03214_003,ICB_110,copd,WelchAllyn Meditron Master Elite,75.0,1,0,2,0.60547584,0.0024983422,0,1,adulto
ICB_03214_004,ICB_110,copd,WelchAllyn Meditron Master Elite,75.0,1,0,2,0.54266506,0.0017827672,0,1,adulto
ICB_03214_005,ICB_110,copd,WelchAllyn Meditron Master Elite,75.0,1,0,2,0.13020699,0.00039092646,0,1,adulto
ICB_03214_006,ICB_110,copd,WelchAllyn Meditron Master Elite,75.0,1,0,2,0.7926796,0.14570962,0,1,adulto
ICB_03215_000,ICB_110,copd,WelchAllyn Meditron Master Elite,75.0,0,0,2,0.6286965,0.007840726,0,0,adulto
ICB_03215_001,ICB_110,copd,WelchAllyn Meditron Master Elite,75.0,0,0,2,0.61873794,0.26256058,0,0,adulto
ICB_03215_002,ICB_110,copd,WelchAllyn Meditron Master Elite,75.0,0,0,2,0.30350512,0.0014765222,0,0,adulto
ICB_03215_003,ICB_110,copd,WelchAllyn Meditron Master Elite,75.0,0,0,2,0.24476586,0.013799939,0,0,adulto
ICB_03215_004,ICB_110,copd,WelchAllyn Meditron Master Elite,75.0,0,0,2,0.040832117,0.001295201,0,0,adulto
ICB_03215_005,ICB_110,copd,WelchAllyn Meditron Master Elite,75.0,0,0,2,0.057780635,7.560266e-05,0,0,adulto
ICB_03215_006,ICB_110,copd,WelchAllyn Meditron Master Elite,75.0,0,0,2,0.029355543,0.017193863,0,0,adulto
ICB_03215_007,ICB_110,copd,WelchAllyn Meditron Master Elite,75.0,0,0,2,0.007366405,0.00043454973,0,0,adulto
ICB_03215_008,ICB_110,copd,WelchAllyn Meditron Master Elite,75.0,0,0,2,0.00015485357,8.52893e-06,0,0,adulto
ICB_03215_009,ICB_110,copd,WelchAllyn Meditron Master Elite,75.0,0,0,2,0.30049717,0.052694105,0,0,adulto
ICB_03215_010,ICB_110,copd,WelchAllyn Meditron Master Elite,75.0,0,0,2,0.05075685,0.0010851031,0,0,adulto
ICB_03215_011,ICB_110,copd,WelchAllyn Meditron Master Elite,75.0,0,0,2,0.00019437472,0.75178164,0,0,adulto
ICB_03215_012,ICB_110,copd,WelchAllyn Meditron Master Elite,75.0,0,0,2,0.3502556,0.00023848395,0,0,adulto
ICB_03215_013,ICB_110,copd,WelchAllyn Meditron Master Elite,75.0,0,0,2,0.003206826,0.00013132024,0,0,adulto
ICB_03215_014,ICB_110,copd,WelchAllyn Meditron Master Elite,75.0,0,0,2,9.6802004e-11,1.974434e-24,0,0,adulto
ICB_03215_015,ICB_110,copd,WelchAllyn Meditron Master Elite,75.0,0,0,2,0.007359573,0.71847636,0,0,adulto
ICB_03246_000,ICB_120,copd,WelchAllyn Meditron Master Elite,78.0,0,0,2,0.0020197066,0.8348886,0,0,adulto
ICB_03246_001,ICB_120,copd,WelchAllyn Meditron Master Elite,78.0,0,0,2,0.05891375,1.1396386e-06,0,0,adulto
ICB_03246_002,ICB_120,copd,WelchAllyn Meditron Master Elite,78.0,0,0,2,0.40790275,0.000282019,0,0,adulto
ICB_03246_003,ICB_120,copd,WelchAllyn Meditron Master Elite,78.0,0,0,2,0.8398911,5.6273004e-09,1,0,adulto
ICB_03246_004,ICB_120,copd,WelchAllyn Meditron Master Elite,78.0,0,0,2,0.011783211,1.6052922e-09,0,0,adulto
ICB_03246_005,ICB_120,copd,WelchAllyn Meditron Master Elite,78.0,0,0,2,0.33746663,7.908842e-08,0,0,adulto
ICB_03246_006,ICB_120,copd,WelchAllyn Meditron Master Elite,78.0,0,0,2,0.9192712,6.423013e-09,1,0,adulto
ICB_03246_007,ICB_120,copd,WelchAllyn Meditron Master Elite,78.0,0,0,2,0.97763443,2.2929703e-10,1,0,adulto
ICB_03246_008,ICB_120,copd,WelchAllyn Meditron Master Elite,78.0,0,0,2,0.7791664,1.5843129e-07,0,0,adulto
ICB_03246_009,ICB_120,copd,WelchAllyn Meditron Master Elite,78.0,0,0,2,0.8651753,4.6555426e-09,1,0,adulto
ICB_03246_010,ICB_120,copd,WelchAllyn Meditron Master Elite,78.0,0,0,2,0.63249785,0.0022818663,0,0,adulto
ICB_03246_011,ICB_120,copd,WelchAllyn Meditron Master Elite,78.0,0,0,2,0.502822,0.0045448537,0,0,adulto
ICB_03246_012,ICB_120,copd,WelchAllyn Meditron Master Elite,78.0,0,0,2,0.95874065,5.8331665e-07,1,0,adulto
ICB_03246_013,ICB_120,copd,WelchAllyn Meditron Master Elite,78.0,0,0,2,0.94638765,2.369146e-08,1,0,adulto
ICB_03246_014,ICB_120,copd,WelchAllyn Meditron Master Elite,78.0,0,0,2,0.07290986,0.13364002,0,0,adulto
ICB_03246_015,ICB_120,copd,WelchAllyn Meditron Master Elite,78.0,0,0,2,0.40570983,1.5385694e-05,0,0,adulto
ICB_03246_016,ICB_120,copd,WelchAllyn Meditron Master Elite,78.0,0,0,2,0.11334638,0.00017995232,0,0,adulto
ICB_03246_017,ICB_120,copd,WelchAllyn Meditron Master Elite,78.0,0,0,2,0.15770112,0.1924139,0,0,adulto
ICB_03246_018,ICB_120,copd,WelchAllyn Meditron Master Elite,78.0,0,0,2,0.75147724,2.2300172e-08,0,0,adulto
ICB_03247_000,ICB_120,copd,WelchAllyn Meditron Master Elite,78.0,0,0,2,0.47474104,1.6401258e-06,0,0,adulto
ICB_03247_001,ICB_120,copd,WelchAllyn Meditron Master Elite,78.0,0,0,2,0.8421978,1.2480816e-06,1,0,adulto
ICB_03247_002,ICB_120,copd,WelchAllyn Meditron Master Elite,78.0,0,0,2,0.67795664,1.462322e-08,0,0,adulto
ICB_03247_003,ICB_120,copd,WelchAllyn Meditron Master Elite,78.0,0,0,2,6.506206e-07,3.741667e-36,0,0,adulto
ICB_03247_004,ICB_120,copd,WelchAllyn Meditron Master Elite,78.0,0,0,2,0.97318584,9.8558965e-09,1,0,adulto
ICB_03247_005,ICB_120,copd,WelchAllyn Meditron Master Elite,78.0,0,0,2,0.5424253,3.6586883e-07,0,0,adulto
ICB_03247_006,ICB_120,copd,WelchAllyn Meditron Master Elite,78.0,0,0,2,2.2577652e-10,3.6415943e-26,0,0,adulto
ICB_03247_007,ICB_120,copd,WelchAllyn Meditron Master Elite,78.0,0,0,2,0.0143092545,2.8199727e-09,0,0,adulto
ICB_03247_008,ICB_120,copd,WelchAllyn Meditron Master Elite,78.0,0,0,2,0.54029363,1.5185252e-08,0,0,adulto
ICB_03247_009,ICB_120,copd,WelchAllyn Meditron Master Elite,78.0,0,0,2,0.00038228976,9.7845085e-14,0,0,adulto
ICB_03247_010,ICB_120,copd,WelchAllyn Meditron Master Elite,78.0,0,0,2,0.0025936572,2.1829002e-05,0,0,adulto
ICB_03247_011,ICB_120,copd,WelchAllyn Meditron Master Elite,78.0,0,0,2,0.032790527,0.30184537,0,0,adulto
ICB_03247_012,ICB_120,copd,WelchAllyn Meditron Master Elite,78.0,0,0,2,0.77172166,2.757347e-11,0,0,adulto
ICB_03247_013,ICB_120,copd,WelchAllyn Meditron Master Elite,78.0,0,0,2,0.25211468,3.661701e-06,0,0,adulto
ICB_03247_014,ICB_120,copd,WelchAllyn Meditron Master Elite,78.0,0,0,2,0.025840519,0.019404925,0,0,adulto
ICB_03247_015,ICB_120,copd,WelchAllyn Meditron Master Elite,78.0,0,0,2,0.13080543,0.82658285,0,0,adulto
ICB_03247_016,ICB_120,copd,WelchAllyn Meditron Master Elite,78.0,0,0,2,0.96180564,0.93433225,3,0,adulto
ICB_03247_017,ICB_120,copd,WelchAllyn Meditron Master Elite,78.0,0,0,2,0.5253574,0.12178367,0,0,adulto
ICB_03247_018,ICB_120,copd,WelchAllyn Meditron Master Elite,78.0,0,0,2,9.339506e-05,0.035675418,0,0,adulto
ICB_03247_019,ICB_120,copd,WelchAllyn Meditron Master Elite,78.0,0,0,2,4.2362997e-05,0.08779185,0,0,adulto
ICB_03248_000,ICB_120,copd,WelchAllyn Meditron Master Elite,78.0,0,0,2,0.25429714,0.11084377,0,0,adulto
ICB_03248_001,ICB_120,copd,WelchAllyn Meditron Master Elite,78.0,0,0,2,0.026930293,5.027055e-06,0,0,adulto
ICB_03248_002,ICB_120,copd,WelchAllyn Meditron Master Elite,78.0,0,0,2,0.08840034,0.004803302,0,0,adulto
ICB_03248_003,ICB_120,copd,WelchAllyn Meditron Master Elite,78.0,0,0,2,0.4867655,0.00058752956,0,0,adulto
ICB_03248_004,ICB_120,copd,WelchAllyn Meditron Master Elite,78.0,0,0,2,0.81883025,0.00040763122,1,0,adulto
ICB_03248_005,ICB_120,copd,WelchAllyn Meditron Master Elite,78.0,0,0,2,0.022665361,0.017572882,0,0,adulto
ICB_03248_006,ICB_120,copd,WelchAllyn Meditron Master Elite,78.0,0,0,2,0.9096599,0.00016774981,1,0,adulto
ICB_03248_007,ICB_120,copd,WelchAllyn Meditron Master Elite,78.0,0,0,2,0.021647504,0.26403144,0,0,adulto
ICB_03248_008,ICB_120,copd,WelchAllyn Meditron Master Elite,78.0,0,0,2,0.62389076,0.005865775,0,0,adulto
ICB_03248_009,ICB_120,copd,WelchAllyn Meditron Master Elite,78.0,0,0,2,0.35983688,2.2211058e-05,0,0,adulto
ICB_03248_010,ICB_120,copd,WelchAllyn Meditron Master Elite,78.0,0,0,2,0.15228026,0.047667596,0,0,adulto
ICB_03248_011,ICB_120,copd,WelchAllyn Meditron Master Elite,78.0,0,0,2,0.448142,0.0004574406,0,0,adulto
ICB_03248_012,ICB_120,copd,WelchAllyn Meditron Master Elite,78.0,0,0,2,0.6518563,4.5761026e-05,0,0,adulto
ICB_03248_013,ICB_120,copd,WelchAllyn Meditron Master Elite,78.0,0,0,2,0.15825742,6.559143e-05,0,0,adulto
ICB_03248_014,ICB_120,copd,WelchAllyn Meditron Master Elite,78.0,0,0,2,0.08689195,0.99359363,2,0,adulto
ICB_03248_015,ICB_120,copd,WelchAllyn Meditron Master Elite,78.0,0,0,2,0.019101402,0.00011072072,0,0,adulto
ICB_03248_016,ICB_120,copd,WelchAllyn Meditron Master Elite,78.0,0,0,2,0.0016055462,4.9430287e-06,0,0,adulto
ICB_03248_017,ICB_120,copd,WelchAllyn Meditron Master Elite,78.0,0,0,2,0.46265036,6.864134e-05,0,0,adulto
ICB_03248_018,ICB_120,copd,WelchAllyn Meditron Master Elite,78.0,0,0,2,0.06105149,1.511429e-07,0,0,adulto
ICB_03248_019,ICB_120,copd,WelchAllyn Meditron Master Elite,78.0,0,0,2,0.0265036,5.9042677e-06,0,0,adulto
ICB_03248_020,ICB_120,copd,WelchAllyn Meditron Master Elite,78.0,0,0,2,0.16837692,0.00037431857,0,0,adulto
ICB_03248_021,ICB_120,copd,WelchAllyn Meditron Master Elite,78.0,0,0,2,0.20631032,0.012577989,0,0,adulto
ICB_03248_022,ICB_120,copd,WelchAllyn Meditron Master Elite,78.0,0,0,2,0.00042504663,1.00743255e-05,0,0,adulto
ICB_03248_023,ICB_120,copd,WelchAllyn Meditron Master Elite,78.0,0,0,2,0.0013888717,0.00021393181,0,0,adulto
ICB_03248_024,ICB_120,copd,WelchAllyn Meditron Master Elite,78.0,0,0,2,9.507215e-05,0.38129118,0,0,adulto
ICB_03248_025,ICB_120,copd,WelchAllyn Meditron Master Elite,78.0,0,0,2,0.12350084,0.045891866,0,0,adulto
ICB_03248_026,ICB_120,copd,WelchAllyn Meditron Master Elite,78.0,0,0,2,3.0631334e-05,4.9519936e-06,0,0,adulto
ICB_03248_027,ICB_120,copd,WelchAllyn Meditron Master Elite,78.0,0,0,2,2.1545928e-05,0.27559307,0,0,adulto
ICB_03248_028,ICB_120,copd,WelchAllyn Meditron Master Elite,78.0,0,0,2,0.23629397,0.029812817,0,0,adulto
ICB_03248_029,ICB_120,copd,WelchAllyn Meditron Master Elite,78.0,0,0,2,0.18385512,3.4842196e-05,0,0,adulto
ICB_03248_030,ICB_120,copd,WelchAllyn Meditron Master Elite,78.0,0,0,2,0.9346548,0.013648789,1,0,adulto
ICB_03248_031,ICB_120,copd,WelchAllyn Meditron Master Elite,78.0,0,0,2,0.9709406,0.14130165,1,0,adulto
ICB_03248_032,ICB_120,copd,WelchAllyn Meditron Master Elite,78.0,0,0,2,0.983384,2.1016962e-05,1,0,adulto
ICB_03249_000,ICB_120,copd,WelchAllyn Meditron Master Elite,78.0,0,0,2,0.05265976,0.016849242,0,0,adulto
ICB_03249_001,ICB_120,copd,WelchAllyn Meditron Master Elite,78.0,0,0,2,0.7426876,0.0014580853,0,0,adulto
ICB_03249_002,ICB_120,copd,WelchAllyn Meditron Master Elite,78.0,0,0,2,0.90423596,9.343246e-05,1,0,adulto
ICB_03249_003,ICB_120,copd,WelchAllyn Meditron Master Elite,78.0,0,0,2,0.38107884,0.00840257,0,0,adulto
ICB_03249_004,ICB_120,copd,WelchAllyn Meditron Master Elite,78.0,0,0,2,0.26881084,3.1888954e-05,0,0,adulto
ICB_03249_005,ICB_120,copd,WelchAllyn Meditron Master Elite,78.0,0,0,2,0.335586,0.00054904044,0,0,adulto
ICB_03249_006,ICB_120,copd,WelchAllyn Meditron Master Elite,78.0,0,0,2,0.5873858,0.00085652684,0,0,adulto
ICB_03249_007,ICB_120,copd,WelchAllyn Meditron Master Elite,78.0,0,0,2,0.06140734,0.008373336,0,0,adulto
ICB_03249_008,ICB_120,copd,WelchAllyn Meditron Master Elite,78.0,0,0,2,0.1148591,0.000108844695,0,0,adulto
ICB_03249_009,ICB_120,copd,WelchAllyn Meditron Master Elite,78.0,0,0,2,0.31396443,6.872747e-05,0,0,adulto
ICB_03249_010,ICB_120,copd,WelchAllyn Meditron Master Elite,78.0,0,0,2,0.40954465,3.21538e-05,0,0,adulto
ICB_03249_011,ICB_120,copd,WelchAllyn Meditron Master Elite,78.0,0,0,2,0.6676203,8.0041735e-07,0,0,adulto
ICB_03249_012,ICB_120,copd,WelchAllyn Meditron Master Elite,78.0,0,0,2,0.12538078,7.52643e-08,0,0,adulto
ICB_03249_013,ICB_120,copd,WelchAllyn Meditron Master Elite,78.0,0,0,2,0.0036009555,0.31700307,0,0,adulto
ICB_03249_014,ICB_120,copd,WelchAllyn Meditron Master Elite,78.0,0,0,2,0.55724925,0.0001402919,0,0,adulto
ICB_03249_015,ICB_120,copd,WelchAllyn Meditron Master Elite,78.0,1,0,2,0.109207,6.7308975e-21,0,1,adulto
ICB_03249_016,ICB_120,copd,WelchAllyn Meditron Master Elite,78.0,1,0,2,0.0002596155,9.731862e-05,0,1,adulto
ICB_03249_017,ICB_120,copd,WelchAllyn Meditron Master Elite,78.0,1,0,2,0.054616347,3.5132023e-06,0,1,adulto
ICB_03249_018,ICB_120,copd,WelchAllyn Meditron Master Elite,78.0,1,0,2,0.0071274494,0.0039171632,0,1,adulto
ICB_03249_019,ICB_120,copd,WelchAllyn Meditron Master Elite,78.0,0,0,2,0.34551427,1.3752539e-14,0,0,adulto
ICB_03249_020,ICB_120,copd,WelchAllyn Meditron Master Elite,78.0,1,0,2,0.000978825,0.00016536996,0,1,adulto
ICB_03249_021,ICB_120,copd,WelchAllyn Meditron Master Elite,78.0,1,0,2,5.280419e-06,3.4419114e-05,0,1,adulto
ICB_03249_022,ICB_120,copd,WelchAllyn Meditron Master Elite,78.0,1,0,2,0.00031923768,4.8605693e-07,0,1,adulto
ICB_03249_023,ICB_120,copd,WelchAllyn Meditron Master Elite,78.0,1,0,2,0.015533896,6.2408412e-06,0,1,adulto
ICB_03249_024,ICB_120,copd,WelchAllyn Meditron Master Elite,78.0,1,0,2,0.016554287,6.885329e-05,0,1,adulto
ICB_03249_025,ICB_120,copd,WelchAllyn Meditron Master Elite,78.0,1,0,2,0.25885317,6.7165334e-10,0,1,adulto
ICB_03249_026,ICB_120,copd,WelchAllyn Meditron Master Elite,78.0,1,0,2,0.00019040154,2.9654059e-06,0,1,adulto
ICB_03249_027,ICB_120,copd,WelchAllyn Meditron Master Elite,78.0,1,0,2,0.00075952616,1.2234026e-10,0,1,adulto
ICB_03249_028,ICB_120,copd,WelchAllyn Meditron Master Elite,78.0,1,0,2,0.06479182,6.792719e-06,0,1,adulto
ICB_03249_029,ICB_120,copd,WelchAllyn Meditron Master Elite,78.0,1,0,2,0.07032645,0.0070465817,0,1,adulto
ICB_03250_000,ICB_120,copd,WelchAllyn Meditron Master Elite,78.0,1,0,2,0.21013871,0.014769573,0,1,adulto
ICB_03250_001,ICB_120,copd,WelchAllyn Meditron Master Elite,78.0,0,0,2,0.40005028,0.0022754667,0,0,adulto
ICB_03250_002,ICB_120,copd,WelchAllyn Meditron Master Elite,78.0,0,0,2,0.04268072,0.0002357716,0,0,adulto
ICB_03250_003,ICB_120,copd,WelchAllyn Meditron Master Elite,78.0,0,0,2,0.16592173,4.740106e-05,0,0,adulto
ICB_03250_004,ICB_120,copd,WelchAllyn Meditron Master Elite,78.0,0,0,2,0.98572063,0.09198958,1,0,adulto
ICB_03250_005,ICB_120,copd,WelchAllyn Meditron Master Elite,78.0,0,0,2,0.93925476,0.010167954,1,0,adulto
ICB_03250_006,ICB_120,copd,WelchAllyn Meditron Master Elite,78.0,0,0,2,0.6183607,3.752642e-05,0,0,adulto
ICB_03250_007,ICB_120,copd,WelchAllyn Meditron Master Elite,78.0,0,0,2,0.27625757,7.795001e-05,0,0,adulto
ICB_03250_008,ICB_120,copd,WelchAllyn Meditron Master Elite,78.0,0,0,2,0.54015875,0.0013067729,0,0,adulto
ICB_03250_009,ICB_120,copd,WelchAllyn Meditron Master Elite,78.0,0,0,2,0.8846569,8.8022454e-05,1,0,adulto
ICB_03250_010,ICB_120,copd,WelchAllyn Meditron Master Elite,78.0,0,0,2,0.2318389,3.5743746e-05,0,0,adulto
ICB_03250_011,ICB_120,copd,WelchAllyn Meditron Master Elite,78.0,0,0,2,0.0029879184,0.0006303266,0,0,adulto
ICB_03250_012,ICB_120,copd,WelchAllyn Meditron Master Elite,78.0,0,0,2,0.21311091,0.0063283257,0,0,adulto
ICB_03250_013,ICB_120,copd,WelchAllyn Meditron Master Elite,78.0,0,0,2,0.03682223,0.0033826674,0,0,adulto
ICB_03250_014,ICB_120,copd,WelchAllyn Meditron Master Elite,78.0,0,0,2,0.0681939,9.367458e-06,0,0,adulto
ICB_03250_015,ICB_120,copd,WelchAllyn Meditron Master Elite,78.0,0,0,2,0.2762258,9.411002e-06,0,0,adulto
ICB_03250_016,ICB_120,copd,WelchAllyn Meditron Master Elite,78.0,0,0,2,2.5073133e-16,7.201775e-07,0,0,adulto
ICB_03250_017,ICB_120,copd,WelchAllyn Meditron Master Elite,78.0,0,0,2,0.78165984,0.0006048823,0,0,adulto
ICB_03250_018,ICB_120,copd,WelchAllyn Meditron Master Elite,78.0,0,0,2,0.20101757,0.00020573162,0,0,adulto
ICB_03250_019,ICB_120,copd,WelchAllyn Meditron Master Elite,78.0,0,0,2,0.99289227,1.2045111e-06,1,0,adulto
ICB_03250_020,ICB_120,copd,WelchAllyn Meditron Master Elite,78.0,0,0,2,0.6527438,0.8627371,0,0,adulto
ICB_03269_000,ICB_125,normal_lung,3M Littmann Classic II SE,14.0,0,0,2,3.0210036e-11,4.3767373e-05,0,0,pediátrico (<18)
ICB_03269_001,ICB_125,normal_lung,3M Littmann Classic II SE,14.0,0,0,2,0.0017336031,5.0799326e-06,0,0,pediátrico (<18)
ICB_03269_002,ICB_125,normal_lung,3M Littmann Classic II SE,14.0,1,0,2,0.00020339576,3.2359867e-06,0,1,pediátrico (<18)
ICB_03269_003,ICB_125,normal_lung,3M Littmann Classic II SE,14.0,0,0,2,9.300652e-06,2.0984477e-05,0,0,pediátrico (<18)
ICB_03269_004,ICB_125,normal_lung,3M Littmann Classic II SE,14.0,1,0,2,0.0005246666,5.891792e-07,0,1,pediátrico (<18)
ICB_03269_005,ICB_125,normal_lung,3M Littmann Classic II SE,14.0,0,0,2,3.7015446e-15,1.8670563e-11,0,0,pediátrico (<18)
ICB_03341_000,ICB_132,copd,3M Littmann Classic II SE,71.0,1,0,2,0.99976724,2.9065053e-23,1,1,adulto
ICB_03341_001,ICB_132,copd,3M Littmann Classic II SE,71.0,1,0,2,0.9725705,3.8232723e-05,1,1,adulto
ICB_03341_002,ICB_132,copd,3M Littmann Classic II SE,71.0,0,0,2,0.064571515,0.00013908991,0,0,adulto
ICB_03341_003,ICB_132,copd,3M Littmann Classic II SE,71.0,1,0,2,0.98224306,0.008009186,1,1,adulto
ICB_03341_004,ICB_132,copd,3M Littmann Classic II SE,71.0,1,0,2,0.024877008,0.00044282674,0,1,adulto
ICB_03341_005,ICB_132,copd,3M Littmann Classic II SE,71.0,1,0,2,0.056067772,1.5676627e-05,0,1,adulto
ICB_03341_006,ICB_132,copd,3M Littmann Classic II SE,71.0,1,0,2,0.034944624,1.4703926e-05,0,1,adulto
ICB_03341_007,ICB_132,copd,3M Littmann Classic II SE,71.0,1,0,2,0.711695,4.6896137e-05,0,1,adulto
ICB_03341_008,ICB_132,copd,3M Littmann Classic II SE,71.0,1,0,2,0.63332975,6.626166e-05,0,1,adulto
ICB_03342_000,ICB_132,copd,3M Littmann Classic II SE,71.0,0,0,2,0.9509748,1.3862612e-05,1,0,adulto
ICB_03342_001,ICB_132,copd,3M Littmann Classic II SE,71.0,1,0,2,0.17409404,0.0243178,0,1,adulto
ICB_03342_002,ICB_132,copd,3M Littmann Classic II SE,71.0,1,0,2,0.00011652178,1.0753501e-05,0,1,adulto
ICB_03342_003,ICB_132,copd,3M Littmann Classic II SE,71.0,1,0,2,0.92876476,0.11617169,1,1,adulto
ICB_03342_004,ICB_132,copd,3M Littmann Classic II SE,71.0,1,0,2,0.9372168,9.30852e-05,1,1,adulto
ICB_03342_005,ICB_132,copd,3M Littmann Classic II SE,71.0,1,0,2,0.999895,1.9103354e-07,1,1,adulto
ICB_03342_006,ICB_132,copd,3M Littmann Classic II SE,71.0,1,0,2,0.0041873986,5.674833e-13,0,1,adulto
ICB_03342_007,ICB_132,copd,3M Littmann Classic II SE,71.0,1,0,2,0.35401198,0.013709135,0,1,adulto
ICB_03342_008,ICB_132,copd,3M Littmann Classic II SE,71.0,1,0,2,0.95085585,0.013634694,1,1,adulto
ICB_03342_009,ICB_132,copd,3M Littmann Classic II SE,71.0,1,0,2,1.9426695e-10,1.2327872e-16,0,1,adulto
ICB_03343_000,ICB_133,copd,AKG C417L Microphone,68.0,0,0,2,0.1930966,1.3623742e-05,0,0,adulto
ICB_03343_001,ICB_133,copd,AKG C417L Microphone,68.0,0,0,2,0.06633653,8.378525e-05,0,0,adulto
ICB_03343_002,ICB_133,copd,AKG C417L Microphone,68.0,0,0,2,0.14055689,0.0032129912,0,0,adulto
ICB_03343_003,ICB_133,copd,AKG C417L Microphone,68.0,1,0,2,0.304434,0.41912353,0,1,adulto
ICB_03343_004,ICB_133,copd,AKG C417L Microphone,68.0,1,0,2,0.15744333,0.002345345,0,1,adulto
ICB_03343_005,ICB_133,copd,AKG C417L Microphone,68.0,0,0,2,0.84541255,0.007970236,1,0,adulto
ICB_03343_006,ICB_133,copd,AKG C417L Microphone,68.0,0,0,2,0.058652904,0.0023828936,0,0,adulto
ICB_03343_007,ICB_133,copd,AKG C417L Microphone,68.0,0,0,2,0.2554216,0.035562914,0,0,adulto
ICB_03343_008,ICB_133,copd,AKG C417L Microphone,68.0,0,0,2,0.016849423,0.0033248193,0,0,adulto
ICB_03344_000,ICB_133,copd,AKG C417L Microphone,68.0,0,0,2,0.31619152,1.0434289e-05,0,0,adulto
ICB_03344_001,ICB_133,copd,AKG C417L Microphone,68.0,0,0,2,0.049796704,0.1507785,0,0,adulto
ICB_03344_002,ICB_133,copd,AKG C417L Microphone,68.0,0,0,2,0.032150984,0.0056709857,0,0,adulto
ICB_03344_003,ICB_133,copd,AKG C417L Microphone,68.0,0,0,2,0.03924194,0.00080604135,0,0,adulto
ICB_03344_004,ICB_133,copd,AKG C417L Microphone,68.0,0,0,2,0.028366977,0.003694494,0,0,adulto
ICB_03344_005,ICB_133,copd,AKG C417L Microphone,68.0,0,0,2,0.043791085,0.009496359,0,0,adulto
ICB_03344_006,ICB_133,copd,AKG C417L Microphone,68.0,0,0,2,0.14862709,0.029733725,0,0,adulto
ICB_03344_007,ICB_133,copd,AKG C417L Microphone,68.0,0,0,2,0.06810477,0.11883091,0,0,adulto
ICB_03344_008,ICB_133,copd,AKG C417L Microphone,68.0,0,0,2,1.1954377e-05,0.00026574667,0,0,adulto
ICB_03345_000,ICB_133,copd,AKG C417L Microphone,68.0,1,0,2,0.95973545,0.0005212712,1,1,adulto
ICB_03345_001,ICB_133,copd,AKG C417L Microphone,68.0,1,0,2,0.9757019,0.00089125364,1,1,adulto
ICB_03345_002,ICB_133,copd,AKG C417L Microphone,68.0,1,0,2,0.85127234,0.0036980163,1,1,adulto
ICB_03345_003,ICB_133,copd,AKG C417L Microphone,68.0,1,0,2,0.9898581,0.031945407,1,1,adulto
ICB_03345_004,ICB_133,copd,AKG C417L Microphone,68.0,1,0,2,0.36688265,0.044814806,0,1,adulto
ICB_03345_005,ICB_133,copd,AKG C417L Microphone,68.0,1,0,2,0.43599826,0.016338527,0,1,adulto
ICB_03345_006,ICB_133,copd,AKG C417L Microphone,68.0,1,0,2,0.9985794,4.2393513e-05,1,1,adulto
ICB_03345_007,ICB_133,copd,AKG C417L Microphone,68.0,1,0,2,0.95617396,0.12100985,1,1,adulto
ICB_03345_008,ICB_133,copd,AKG C417L Microphone,68.0,0,0,2,0.9714006,9.429258e-13,1,0,adulto
ICB_03346_000,ICB_133,copd,AKG C417L Microphone,68.0,0,0,2,0.0023465736,0.00066046475,0,0,adulto
ICB_03346_001,ICB_133,copd,AKG C417L Microphone,68.0,0,0,2,0.008165991,0.00062645,0,0,adulto
ICB_03346_002,ICB_133,copd,AKG C417L Microphone,68.0,1,0,2,0.00758142,1.1086494e-05,0,1,adulto
ICB_03346_003,ICB_133,copd,AKG C417L Microphone,68.0,0,0,2,0.00021266115,0.0050360733,0,0,adulto
ICB_03346_004,ICB_133,copd,AKG C417L Microphone,68.0,0,0,2,3.815827e-05,0.0007818484,0,0,adulto
ICB_03346_005,ICB_133,copd,AKG C417L Microphone,68.0,1,0,2,0.6848456,0.0012523637,0,1,adulto
ICB_03346_006,ICB_133,copd,AKG C417L Microphone,68.0,0,0,2,0.024524217,0.0021370233,0,0,adulto
ICB_03346_007,ICB_133,copd,AKG C417L Microphone,68.0,0,0,2,0.2597341,0.0033082897,0,0,adulto
ICB_03346_008,ICB_133,copd,AKG C417L Microphone,68.0,0,0,2,1.5491786e-08,0.39298826,0,0,adulto
ICB_03347_000,ICB_133,copd,AKG C417L Microphone,68.0,0,0,2,0.1239606,2.3245042e-05,0,0,adulto
ICB_03347_001,ICB_133,copd,AKG C417L Microphone,68.0,0,0,2,0.09122318,0.002515027,0,0,adulto
ICB_03347_002,ICB_133,copd,AKG C417L Microphone,68.0,0,0,2,0.054252222,0.0060727745,0,0,adulto
ICB_03347_003,ICB_133,copd,AKG C417L Microphone,68.0,0,0,2,0.8939702,0.026939714,1,0,adulto
ICB_03347_004,ICB_133,copd,AKG C417L Microphone,68.0,0,0,2,0.011100196,7.455509e-05,0,0,adulto
ICB_03347_005,ICB_133,copd,AKG C417L Microphone,68.0,0,0,2,0.0066301557,0.00032090652,0,0,adulto
ICB_03347_006,ICB_133,copd,AKG C417L Microphone,68.0,0,0,2,0.006625007,0.0014478947,0,0,adulto
ICB_03347_007,ICB_133,copd,AKG C417L Microphone,68.0,0,0,2,0.16332152,2.5109279e-05,0,0,adulto
ICB_03348_000,ICB_133,copd,AKG C417L Microphone,68.0,0,0,2,0.011910992,6.9442e-05,0,0,adulto
ICB_03348_001,ICB_133,copd,AKG C417L Microphone,68.0,0,0,2,0.932732,2.0440933e-05,1,0,adulto
ICB_03348_002,ICB_133,copd,AKG C417L Microphone,68.0,0,0,2,0.008093171,0.005190789,0,0,adulto
ICB_03348_003,ICB_133,copd,AKG C417L Microphone,68.0,0,0,2,0.003736375,0.011638105,0,0,adulto
ICB_03348_004,ICB_133,copd,AKG C417L Microphone,68.0,0,0,2,0.23332961,0.00040258022,0,0,adulto
ICB_03348_005,ICB_133,copd,AKG C417L Microphone,68.0,0,0,2,0.40309963,0.00047854308,0,0,adulto
ICB_03348_006,ICB_133,copd,AKG C417L Microphone,68.0,0,0,2,0.121733434,0.0002587563,0,0,adulto
ICB_03348_007,ICB_133,copd,AKG C417L Microphone,68.0,0,0,2,0.050004125,0.012401567,0,0,adulto
ICB_03349_000,ICB_133,copd,AKG C417L Microphone,68.0,1,0,2,0.37858936,4.5229324e-12,0,1,adulto
ICB_03349_001,ICB_133,copd,AKG C417L Microphone,68.0,1,0,2,0.9984041,7.877927e-05,1,1,adulto
ICB_03349_002,ICB_133,copd,AKG C417L Microphone,68.0,0,0,2,0.9938744,0.0002391559,1,0,adulto
ICB_03349_003,ICB_133,copd,AKG C417L Microphone,68.0,1,0,2,0.9891589,0.0021004046,1,1,adulto
ICB_03349_004,ICB_133,copd,AKG C417L Microphone,68.0,1,0,2,0.99447757,0.005744301,1,1,adulto
ICB_03349_005,ICB_133,copd,AKG C417L Microphone,68.0,1,0,2,0.9993136,0.0070605753,1,1,adulto
ICB_03349_006,ICB_133,copd,AKG C417L Microphone,68.0,1,0,2,0.9888232,0.0076082414,1,1,adulto
ICB_03349_007,ICB_133,copd,AKG C417L Microphone,68.0,0,0,2,0.9571712,0.00022580785,1,0,adulto
ICB_03350_000,ICB_133,copd,AKG C417L Microphone,68.0,0,0,2,0.32418963,0.00054586923,0,0,adulto
ICB_03350_001,ICB_133,copd,AKG C417L Microphone,68.0,0,0,2,0.022732826,0.019567262,0,0,adulto
ICB_03350_002,ICB_133,copd,AKG C417L Microphone,68.0,0,0,2,0.002965622,0.008155612,0,0,adulto
ICB_03350_003,ICB_133,copd,AKG C417L Microphone,68.0,0,0,2,0.49046895,3.070131e-07,0,0,adulto
ICB_03350_004,ICB_133,copd,AKG C417L Microphone,68.0,1,0,2,0.8387117,0.00049710256,1,1,adulto
ICB_03350_005,ICB_133,copd,AKG C417L Microphone,68.0,0,0,2,0.15479168,0.00031228608,0,0,adulto
ICB_03350_006,ICB_133,copd,AKG C417L Microphone,68.0,0,0,2,0.033433598,0.0015576881,0,0,adulto
ICB_03350_007,ICB_133,copd,AKG C417L Microphone,68.0,0,0,2,0.15756948,0.00091873226,0,0,adulto
ICB_03351_000,ICB_133,copd,AKG C417L Microphone,68.0,0,0,2,1.4067325e-09,1.9273476e-12,0,0,adulto
ICB_03351_001,ICB_133,copd,AKG C417L Microphone,68.0,0,0,2,0.0024313175,0.00052162237,0,0,adulto
ICB_03351_002,ICB_133,copd,AKG C417L Microphone,68.0,0,0,2,1.2924544e-05,4.559715e-05,0,0,adulto
ICB_03351_003,ICB_133,copd,AKG C417L Microphone,68.0,0,0,2,0.019732337,0.25657603,0,0,adulto
ICB_03351_004,ICB_133,copd,AKG C417L Microphone,68.0,1,0,2,0.78482246,0.046799395,0,1,adulto
ICB_03351_005,ICB_133,copd,AKG C417L Microphone,68.0,0,0,2,0.0014052826,0.00020538627,0,0,adulto
ICB_03351_006,ICB_133,copd,AKG C417L Microphone,68.0,1,0,2,0.15069841,0.05958284,0,1,adulto
ICB_03351_007,ICB_133,copd,AKG C417L Microphone,68.0,0,0,2,0.029904062,0.037234146,0,0,adulto
ICB_03352_000,ICB_133,copd,AKG C417L Microphone,68.0,0,0,2,0.10122372,0.008754061,0,0,adulto
ICB_03352_001,ICB_133,copd,AKG C417L Microphone,68.0,0,0,2,0.49707794,0.027146095,0,0,adulto
ICB_03352_002,ICB_133,copd,AKG C417L Microphone,68.0,0,0,2,0.14208357,0.005673794,0,0,adulto
ICB_03352_003,ICB_133,copd,AKG C417L Microphone,68.0,0,0,2,0.27606887,0.00079160434,0,0,adulto
ICB_03352_004,ICB_133,copd,AKG C417L Microphone,68.0,0,0,2,0.6395315,0.0071341405,0,0,adulto
ICB_03352_005,ICB_133,copd,AKG C417L Microphone,68.0,0,1,2,0.5976234,0.0067777936,0,2,adulto
ICB_03352_006,ICB_133,copd,AKG C417L Microphone,68.0,0,1,2,0.07762894,0.00023762825,0,2,adulto
ICB_03352_007,ICB_133,copd,AKG C417L Microphone,68.0,0,0,2,0.5073303,0.011885995,0,0,adulto
ICB_03353_000,ICB_133,copd,AKG C417L Microphone,68.0,1,0,2,0.9305056,5.1266452e-05,1,1,adulto
ICB_03353_001,ICB_133,copd,AKG C417L Microphone,68.0,0,0,2,0.0854865,0.077513,0,0,adulto
ICB_03353_002,ICB_133,copd,AKG C417L Microphone,68.0,0,0,2,0.04816398,0.039802093,0,0,adulto
ICB_03353_003,ICB_133,copd,AKG C417L Microphone,68.0,0,0,2,0.039704423,0.033994712,0,0,adulto
ICB_03353_004,ICB_133,copd,AKG C417L Microphone,68.0,0,0,2,2.8142222e-05,5.6950637e-05,0,0,adulto
ICB_03353_005,ICB_133,copd,AKG C417L Microphone,68.0,0,0,2,0.062110204,0.0013646964,0,0,adulto
ICB_03353_006,ICB_133,copd,AKG C417L Microphone,68.0,0,0,2,0.0044093556,5.4899843e-05,0,0,adulto
ICB_03353_007,ICB_133,copd,AKG C417L Microphone,68.0,0,0,2,0.11123635,0.118955776,0,0,adulto
ICB_03354_000,ICB_133,copd,AKG C417L Microphone,68.0,1,0,2,0.99723744,1.4906519e-05,1,1,adulto
ICB_03354_001,ICB_133,copd,AKG C417L Microphone,68.0,1,0,2,0.9999291,8.876202e-05,1,1,adulto
ICB_03354_002,ICB_133,copd,AKG C417L Microphone,68.0,1,0,2,0.9628081,0.00019328098,1,1,adulto
ICB_03354_003,ICB_133,copd,AKG C417L Microphone,68.0,1,0,2,0.9999894,1.3969899e-08,1,1,adulto
ICB_03354_004,ICB_133,copd,AKG C417L Microphone,68.0,1,0,2,0.99995506,2.9898154e-06,1,1,adulto
ICB_03354_005,ICB_133,copd,AKG C417L Microphone,68.0,1,0,2,0.99997854,1.0302285e-09,1,1,adulto
ICB_03354_006,ICB_133,copd,AKG C417L Microphone,68.0,1,0,2,0.99991477,9.279557e-06,1,1,adulto
ICB_03354_007,ICB_133,copd,AKG C417L Microphone,68.0,1,0,2,0.98830205,2.544617e-06,1,1,adulto
ICB_03355_000,ICB_133,copd,AKG C417L Microphone,68.0,1,0,2,0.81834906,4.069997e-05,1,1,adulto
ICB_03355_001,ICB_133,copd,AKG C417L Microphone,68.0,0,0,2,0.6748617,0.083739765,0,0,adulto
ICB_03355_002,ICB_133,copd,AKG C417L Microphone,68.0,0,0,2,0.21984528,0.04715036,0,0,adulto
ICB_03355_003,ICB_133,copd,AKG C417L Microphone,68.0,0,0,2,0.18519124,0.041044403,0,0,adulto
ICB_03355_004,ICB_133,copd,AKG C417L Microphone,68.0,0,0,2,0.010391718,0.111443676,0,0,adulto
ICB_03355_005,ICB_133,copd,AKG C417L Microphone,68.0,0,0,2,0.705948,2.4919893e-06,0,0,adulto
ICB_03355_006,ICB_133,copd,AKG C417L Microphone,68.0,0,0,2,0.5067473,0.0042553768,0,0,adulto
ICB_03355_007,ICB_133,copd,AKG C417L Microphone,68.0,0,0,2,0.20568675,0.00067142624,0,0,adulto
ICB_03356_000,ICB_133,copd,AKG C417L Microphone,68.0,0,0,2,0.00033775409,0.0067995056,0,0,adulto
ICB_03356_001,ICB_133,copd,AKG C417L Microphone,68.0,1,0,2,8.54226e-07,0.17103702,0,1,adulto
ICB_03356_002,ICB_133,copd,AKG C417L Microphone,68.0,0,0,2,5.19541e-05,0.13184802,0,0,adulto
ICB_03356_003,ICB_133,copd,AKG C417L Microphone,68.0,0,0,2,1.375707e-05,4.8052574e-05,0,0,adulto
ICB_03356_004,ICB_133,copd,AKG C417L Microphone,68.0,0,0,2,3.0423927e-11,3.456414e-05,0,0,adulto
ICB_03356_005,ICB_133,copd,AKG C417L Microphone,68.0,0,1,2,0.32034618,0.00042985892,0,2,adulto
ICB_03356_006,ICB_133,copd,AKG C417L Microphone,68.0,0,1,2,2.4112519e-15,1.2809649e-08,0,2,adulto
ICB_03356_007,ICB_133,copd,AKG C417L Microphone,68.0,0,0,2,0.014380693,0.0001261744,0,0,adulto
ICB_03357_000,ICB_133,copd,AKG C417L Microphone,68.0,0,0,2,0.004242147,0.0028114629,0,0,adulto
ICB_03357_001,ICB_133,copd,AKG C417L Microphone,68.0,0,1,2,0.30225027,0.13177559,0,2,adulto
ICB_03357_002,ICB_133,copd,AKG C417L Microphone,68.0,0,0,2,0.15051709,0.0013267949,0,0,adulto
ICB_03357_003,ICB_133,copd,AKG C417L Microphone,68.0,0,1,2,0.56441176,0.3981359,0,2,adulto
ICB_03357_004,ICB_133,copd,AKG C417L Microphone,68.0,0,1,2,0.2680527,0.039555877,0,2,adulto
ICB_03357_005,ICB_133,copd,AKG C417L Microphone,68.0,0,1,2,0.64344424,0.94202083,2,2,adulto
ICB_03357_006,ICB_133,copd,AKG C417L Microphone,68.0,0,1,2,0.61743736,0.5539058,0,2,adulto
ICB_03357_007,ICB_133,copd,AKG C417L Microphone,68.0,0,1,2,1.1051573e-06,6.643062e-09,0,2,adulto
ICB_03358_000,ICB_133,copd,AKG C417L Microphone,68.0,0,0,2,0.000906064,9.879815e-05,0,0,adulto
ICB_03358_001,ICB_133,copd,AKG C417L Microphone,68.0,0,1,2,0.058945786,0.16954382,0,2,adulto
ICB_03358_002,ICB_133,copd,AKG C417L Microphone,68.0,0,1,2,0.0060694194,0.00021319305,0,2,adulto
ICB_03358_003,ICB_133,copd,AKG C417L Microphone,68.0,0,1,2,0.13297911,0.08626179,0,2,adulto
ICB_03358_004,ICB_133,copd,AKG C417L Microphone,68.0,0,1,2,0.08092524,0.7716647,0,2,adulto
ICB_03358_005,ICB_133,copd,AKG C417L Microphone,68.0,0,1,2,0.37096164,0.27453706,0,2,adulto
ICB_03358_006,ICB_133,copd,AKG C417L Microphone,68.0,0,1,2,0.12899941,0.60061866,0,2,adulto
ICB_03358_007,ICB_133,copd,AKG C417L Microphone,68.0,0,0,2,1.1408419e-09,1.6950973e-12,0,0,adulto
ICB_03359_000,ICB_133,copd,AKG C417L Microphone,68.0,1,1,2,0.9505059,0.0037059146,1,3,adulto
ICB_03359_001,ICB_133,copd,AKG C417L Microphone,68.0,0,1,2,0.9479932,8.737522e-09,1,2,adulto
ICB_03359_002,ICB_133,copd,AKG C417L Microphone,68.0,0,0,2,0.21070422,0.016113818,0,0,adulto
ICB_03359_003,ICB_133,copd,AKG C417L Microphone,68.0,0,1,2,0.73333657,0.007789114,0,2,adulto
ICB_03359_004,ICB_133,copd,AKG C417L Microphone,68.0,0,0,2,0.053185746,0.034344222,0,0,adulto
ICB_03359_005,ICB_133,copd,AKG C417L Microphone,68.0,0,1,2,0.6117599,0.009123262,0,2,adulto
ICB_03359_006,ICB_133,copd,AKG C417L Microphone,68.0,0,1,2,0.9101167,0.03895045,1,2,adulto
ICB_03359_007,ICB_133,copd,AKG C417L Microphone,68.0,0,0,2,3.4540757e-16,5.466562e-16,0,0,adulto
ICB_03360_000,ICB_133,copd,AKG C417L Microphone,68.0,0,1,2,0.02124206,0.99999464,2,2,adulto
ICB_03360_001,ICB_133,copd,AKG C417L Microphone,68.0,0,1,2,0.016876325,0.81441754,0,2,adulto
ICB_03360_002,ICB_133,copd,AKG C417L Microphone,68.0,1,1,2,0.048514202,0.7846964,0,3,adulto
ICB_03360_003,ICB_133,copd,AKG C417L Microphone,68.0,0,1,2,0.00175036,0.70041084,0,2,adulto
ICB_03360_004,ICB_133,copd,AKG C417L Microphone,68.0,0,1,2,0.08177527,0.021134676,0,2,adulto
ICB_03360_005,ICB_133,copd,AKG C417L Microphone,68.0,0,1,2,0.73139083,0.50809896,0,2,adulto
ICB_03360_006,ICB_133,copd,AKG C417L Microphone,68.0,1,1,2,0.5599224,0.042376034,0,3,adulto
ICB_03360_007,ICB_133,copd,AKG C417L Microphone,68.0,0,1,2,1.3981125e-11,2.1314506e-09,0,2,adulto
ICB_03361_000,ICB_133,copd,AKG C417L Microphone,68.0,0,1,2,0.6760278,0.9981281,2,2,adulto
ICB_03361_001,ICB_133,copd,AKG C417L Microphone,68.0,0,0,2,0.14758569,0.01691734,0,0,adulto
ICB_03361_002,ICB_133,copd,AKG C417L Microphone,68.0,0,1,2,3.1653595e-05,0.8799436,0,2,adulto
ICB_03361_003,ICB_133,copd,AKG C417L Microphone,68.0,0,1,2,0.001122999,0.9934348,2,2,adulto
ICB_03361_004,ICB_133,copd,AKG C417L Microphone,68.0,0,1,2,0.07147293,0.5974333,0,2,adulto
ICB_03361_005,ICB_133,copd,AKG C417L Microphone,68.0,0,1,2,0.002213502,0.9991341,2,2,adulto
ICB_03361_006,ICB_133,copd,AKG C417L Microphone,68.0,0,1,2,0.032111384,0.8675907,0,2,adulto
ICB_03361_007,ICB_133,copd,AKG C417L Microphone,68.0,0,0,2,4.8427406e-05,0.00012697655,0,0,adulto
ICB_03362_000,ICB_134,copd,3M Littmann Classic II SE,61.0,0,0,2,0.021437973,0.11326128,0,0,adulto
ICB_03362_001,ICB_134,copd,3M Littmann Classic II SE,61.0,0,0,2,0.9728599,0.019961014,1,0,adulto
ICB_03362_002,ICB_134,copd,3M Littmann Classic II SE,61.0,0,0,2,0.24307568,0.023225054,0,0,adulto
ICB_03362_003,ICB_134,copd,3M Littmann Classic II SE,61.0,0,0,2,0.89386404,0.26250005,1,0,adulto
ICB_03362_004,ICB_134,copd,3M Littmann Classic II SE,61.0,0,0,2,0.5813237,0.0023358548,0,0,adulto
ICB_03363_000,ICB_134,copd,3M Littmann Classic II SE,61.0,0,0,2,0.0046305466,0.9681399,2,0,adulto
ICB_03363_001,ICB_134,copd,3M Littmann Classic II SE,61.0,0,0,2,0.7406757,0.041965794,0,0,adulto
ICB_03363_002,ICB_134,copd,3M Littmann Classic II SE,61.0,0,0,2,0.2559385,0.08409319,0,0,adulto
ICB_03363_003,ICB_134,copd,3M Littmann Classic II SE,61.0,0,0,2,0.4667823,0.0105598215,0,0,adulto
ICB_03363_004,ICB_134,copd,3M Littmann Classic II SE,61.0,0,0,2,0.6279084,0.0038576901,0,0,adulto
ICB_03364_000,ICB_134,copd,3M Littmann Classic II SE,61.0,0,0,2,0.05819439,1.6052968e-06,0,0,adulto
ICB_03364_001,ICB_134,copd,3M Littmann Classic II SE,61.0,0,0,2,0.83856195,0.005948725,1,0,adulto
ICB_03364_002,ICB_134,copd,3M Littmann Classic II SE,61.0,0,0,2,0.20543669,0.0014065686,0,0,adulto
ICB_03364_003,ICB_134,copd,3M Littmann Classic II SE,61.0,0,0,2,0.41481543,0.1656241,0,0,adulto
ICB_03364_004,ICB_134,copd,3M Littmann Classic II SE,61.0,0,0,2,0.3066822,0.022885079,0,0,adulto
ICB_03364_005,ICB_134,copd,3M Littmann Classic II SE,61.0,0,0,2,0.4590265,0.00021048992,0,0,adulto
ICB_03364_006,ICB_134,copd,3M Littmann Classic II SE,61.0,0,0,2,0.002795041,3.0474353e-06,0,0,adulto
ICB_03365_000,ICB_134,copd,3M Littmann Classic II SE,61.0,0,0,2,1.7696143e-06,0.013364483,0,0,adulto
ICB_03365_001,ICB_134,copd,3M Littmann Classic II SE,61.0,0,0,2,0.17319256,0.8782709,0,0,adulto
ICB_03365_002,ICB_134,copd,3M Littmann Classic II SE,61.0,0,0,2,0.13807993,0.099166445,0,0,adulto
ICB_03365_003,ICB_134,copd,3M Littmann Classic II SE,61.0,0,0,2,0.2883458,0.27415034,0,0,adulto
ICB_03365_004,ICB_134,copd,3M Littmann Classic II SE,61.0,0,0,2,0.3629389,0.0012180987,0,0,adulto
ICB_03365_005,ICB_134,copd,3M Littmann Classic II SE,61.0,0,0,2,0.5776723,0.0004120413,0,0,adulto
ICB_03365_006,ICB_134,copd,3M Littmann Classic II SE,61.0,0,0,2,1.2225448e-24,2.2245307e-10,0,0,adulto
ICB_03366_000,ICB_134,copd,3M Littmann Classic II SE,61.0,0,0,2,0.37567744,0.9632895,2,0,adulto
ICB_03366_001,ICB_134,copd,3M Littmann Classic II SE,61.0,0,0,2,0.20263399,0.008944847,0,0,adulto
ICB_03366_002,ICB_134,copd,3M Littmann Classic II SE,61.0,0,0,2,0.35180587,0.0030630354,0,0,adulto
ICB_03366_003,ICB_134,copd,3M Littmann Classic II SE,61.0,0,1,2,0.24230254,0.82366705,0,2,adulto
ICB_03366_004,ICB_134,copd,3M Littmann Classic II SE,61.0,0,0,2,0.08495678,0.0010993059,0,0,adulto
ICB_03366_005,ICB_134,copd,3M Littmann Classic II SE,61.0,0,0,2,0.4382914,0.00021068871,0,0,adulto
ICB_03471_000,ICB_151,copd,AKG C417L Microphone,75.0,1,1,2,0.2549785,0.017651994,0,3,adulto
ICB_03471_001,ICB_151,copd,AKG C417L Microphone,75.0,0,1,2,0.8991439,0.01851504,1,2,adulto
ICB_03471_002,ICB_151,copd,AKG C417L Microphone,75.0,1,1,2,0.28376472,0.008776607,0,3,adulto
ICB_03471_003,ICB_151,copd,AKG C417L Microphone,75.0,0,0,2,0.095860854,0.7434274,0,0,adulto
ICB_03471_004,ICB_151,copd,AKG C417L Microphone,75.0,1,0,2,0.59903693,0.0019646932,0,1,adulto
ICB_03471_005,ICB_151,copd,AKG C417L Microphone,75.0,0,1,2,0.34126934,0.80911505,0,2,adulto
ICB_03472_000,ICB_151,copd,AKG C417L Microphone,75.0,0,0,2,0.05387539,0.0013729465,0,0,adulto
ICB_03472_001,ICB_151,copd,AKG C417L Microphone,75.0,0,0,2,0.021649959,0.04731122,0,0,adulto
ICB_03472_002,ICB_151,copd,AKG C417L Microphone,75.0,0,0,2,0.14726326,2.1403109e-07,0,0,adulto
ICB_03472_003,ICB_151,copd,AKG C417L Microphone,75.0,0,0,2,0.1456242,0.072136104,0,0,adulto
ICB_03472_004,ICB_151,copd,AKG C417L Microphone,75.0,0,0,2,0.024993988,0.58288103,0,0,adulto
ICB_03472_005,ICB_151,copd,AKG C417L Microphone,75.0,0,0,2,0.38171193,0.0014558356,0,0,adulto
ICB_03473_000,ICB_151,copd,AKG C417L Microphone,75.0,0,1,2,0.34959042,0.0012096179,0,2,adulto
ICB_03473_001,ICB_151,copd,AKG C417L Microphone,75.0,1,1,2,0.12755151,0.0898008,0,3,adulto
ICB_03473_002,ICB_151,copd,AKG C417L Microphone,75.0,1,1,2,0.008534024,0.0024958753,0,3,adulto
ICB_03473_003,ICB_151,copd,AKG C417L Microphone,75.0,1,0,2,0.11718355,0.077405244,0,1,adulto
ICB_03473_004,ICB_151,copd,AKG C417L Microphone,75.0,1,0,2,0.85333097,0.16410959,1,1,adulto
ICB_03473_005,ICB_151,copd,AKG C417L Microphone,75.0,1,1,2,0.42989156,0.016207296,0,3,adulto
ICB_03474_000,ICB_151,copd,AKG C417L Microphone,75.0,0,1,2,0.24430606,0.7646699,0,2,adulto
ICB_03474_001,ICB_151,copd,AKG C417L Microphone,75.0,0,0,2,0.66474146,0.25533462,0,0,adulto
ICB_03474_002,ICB_151,copd,AKG C417L Microphone,75.0,0,0,2,0.870687,0.35375494,1,0,adulto
ICB_03474_003,ICB_151,copd,AKG C417L Microphone,75.0,1,0,2,0.9658685,0.014517217,1,1,adulto
ICB_03474_004,ICB_151,copd,AKG C417L Microphone,75.0,0,0,2,0.1410013,0.01168114,0,0,adulto
ICB_03474_005,ICB_151,copd,AKG C417L Microphone,75.0,0,0,2,0.2068618,0.07161672,0,0,adulto
ICB_03475_000,ICB_151,copd,AKG C417L Microphone,75.0,0,1,2,0.06548131,0.0010145496,0,2,adulto
ICB_03475_001,ICB_151,copd,AKG C417L Microphone,75.0,0,1,2,0.6822478,0.0463657,0,2,adulto
ICB_03475_002,ICB_151,copd,AKG C417L Microphone,75.0,0,1,2,1.6631424e-05,3.280603e-07,0,2,adulto
ICB_03475_003,ICB_151,copd,AKG C417L Microphone,75.0,0,0,2,0.40965,1.4853842e-05,0,0,adulto
ICB_03475_004,ICB_151,copd,AKG C417L Microphone,75.0,0,0,2,0.96796596,0.26403964,1,0,adulto
ICB_03475_005,ICB_151,copd,AKG C417L Microphone,75.0,0,1,2,0.90812504,0.986883,3,2,adulto
ICB_03476_000,ICB_151,copd,AKG C417L Microphone,75.0,0,1,2,0.011922413,2.0108941e-06,0,2,adulto
ICB_03476_001,ICB_151,copd,AKG C417L Microphone,75.0,0,0,2,0.6180037,0.005089114,0,0,adulto
ICB_03476_002,ICB_151,copd,AKG C417L Microphone,75.0,0,0,2,0.36819652,0.0026619518,0,0,adulto
ICB_03476_003,ICB_151,copd,AKG C417L Microphone,75.0,0,0,2,0.074568674,0.0010254537,0,0,adulto
ICB_03476_004,ICB_151,copd,AKG C417L Microphone,75.0,0,0,2,0.23282003,0.00050026074,0,0,adulto
ICB_03476_005,ICB_151,copd,AKG C417L Microphone,75.0,0,0,2,0.54198736,0.0013959169,0,0,adulto
ICB_03477_000,ICB_151,copd,AKG C417L Microphone,75.0,0,0,2,0.47523648,0.9448484,2,0,adulto
ICB_03477_001,ICB_151,copd,AKG C417L Microphone,75.0,0,1,2,0.0001591559,0.0013656801,0,2,adulto
ICB_03477_002,ICB_151,copd,AKG C417L Microphone,75.0,0,0,2,0.045492284,5.027066e-07,0,0,adulto
ICB_03477_003,ICB_151,copd,AKG C417L Microphone,75.0,0,0,2,0.30694896,0.0047563394,0,0,adulto
ICB_03477_004,ICB_151,copd,AKG C417L Microphone,75.0,0,0,2,0.15662543,0.07775377,0,0,adulto
ICB_03477_005,ICB_151,copd,AKG C417L Microphone,75.0,0,1,2,0.010664253,0.08957811,0,2,adulto
ICB_03478_000,ICB_151,copd,AKG C417L Microphone,75.0,1,1,2,0.8123416,0.15367994,1,3,adulto
ICB_03478_001,ICB_151,copd,AKG C417L Microphone,75.0,1,1,2,0.87170815,0.0020446863,1,3,adulto
ICB_03478_002,ICB_151,copd,AKG C417L Microphone,75.0,1,1,2,0.495345,0.2539678,0,3,adulto
ICB_03478_003,ICB_151,copd,AKG C417L Microphone,75.0,0,1,2,0.23977102,0.46327284,0,2,adulto
ICB_03478_004,ICB_151,copd,AKG C417L Microphone,75.0,0,0,2,0.6549897,0.36745068,0,0,adulto
ICB_03478_005,ICB_151,copd,AKG C417L Microphone,75.0,0,0,2,0.19214898,0.9782994,2,0,adulto
ICB_03479_000,ICB_151,copd,AKG C417L Microphone,75.0,0,1,2,0.8540892,0.04726735,1,2,adulto
ICB_03479_001,ICB_151,copd,AKG C417L Microphone,75.0,1,0,2,0.62217486,0.044863265,0,1,adulto
ICB_03479_002,ICB_151,copd,AKG C417L Microphone,75.0,0,1,2,0.8665995,0.020273771,1,2,adulto
ICB_03479_003,ICB_151,copd,AKG C417L Microphone,75.0,1,0,2,0.11762906,0.5237663,0,1,adulto
ICB_03479_004,ICB_151,copd,AKG C417L Microphone,75.0,1,0,2,0.11545409,0.0013620917,0,1,adulto
ICB_03479_005,ICB_151,copd,AKG C417L Microphone,75.0,1,0,2,0.7511483,0.48696798,0,1,adulto
ICB_03480_000,ICB_151,copd,AKG C417L Microphone,75.0,0,1,2,0.6256499,0.05439336,0,2,adulto
ICB_03480_001,ICB_151,copd,AKG C417L Microphone,75.0,0,1,2,0.3695668,0.8968231,0,2,adulto
ICB_03480_002,ICB_151,copd,AKG C417L Microphone,75.0,0,1,2,0.10724179,0.16275056,0,2,adulto
ICB_03480_003,ICB_151,copd,AKG C417L Microphone,75.0,0,1,2,0.00795067,0.9998068,2,2,adulto
ICB_03480_004,ICB_151,copd,AKG C417L Microphone,75.0,1,1,2,0.018959647,0.0014336153,0,3,adulto
ICB_03480_005,ICB_151,copd,AKG C417L Microphone,75.0,1,1,2,0.8478451,0.2607696,1,3,adulto
ICB_03481_000,ICB_151,copd,AKG C417L Microphone,75.0,0,0,2,0.015519887,0.9614999,2,0,adulto
ICB_03481_001,ICB_151,copd,AKG C417L Microphone,75.0,0,0,2,0.10871708,0.99193364,2,0,adulto
ICB_03481_002,ICB_151,copd,AKG C417L Microphone,75.0,0,0,2,0.22525801,0.69105697,0,0,adulto
ICB_03481_003,ICB_151,copd,AKG C417L Microphone,75.0,0,0,2,0.0069971723,0.99875724,2,0,adulto
ICB_03481_004,ICB_151,copd,AKG C417L Microphone,75.0,0,0,2,0.5077122,0.058039084,0,0,adulto
ICB_03481_005,ICB_151,copd,AKG C417L Microphone,75.0,0,0,2,0.03018636,0.5018889,0,0,adulto
ICB_03482_000,ICB_151,copd,AKG C417L Microphone,75.0,0,1,2,0.027453689,7.6862074e-05,0,2,adulto
ICB_03482_001,ICB_151,copd,AKG C417L Microphone,75.0,0,1,2,0.09043212,8.284347e-05,0,2,adulto
ICB_03482_002,ICB_151,copd,AKG C417L Microphone,75.0,0,1,2,0.20226133,0.84646654,0,2,adulto
ICB_03482_003,ICB_151,copd,AKG C417L Microphone,75.0,0,1,2,0.65862226,0.9798117,2,2,adulto
ICB_03482_004,ICB_151,copd,AKG C417L Microphone,75.0,0,0,2,0.4890954,0.99611354,2,0,adulto
ICB_03482_005,ICB_151,copd,AKG C417L Microphone,75.0,0,1,2,0.6009122,0.8580099,0,2,adulto
ICB_03483_000,ICB_151,copd,AKG C417L Microphone,75.0,0,0,2,0.006442539,0.42914882,0,0,adulto
ICB_03483_001,ICB_151,copd,AKG C417L Microphone,75.0,0,0,2,0.0819736,0.05786865,0,0,adulto
ICB_03483_002,ICB_151,copd,AKG C417L Microphone,75.0,0,0,2,0.16516802,0.056788992,0,0,adulto
ICB_03483_003,ICB_151,copd,AKG C417L Microphone,75.0,0,0,2,0.00151217,0.99587196,2,0,adulto
ICB_03483_004,ICB_151,copd,AKG C417L Microphone,75.0,0,0,2,0.03373646,0.0563947,0,0,adulto
ICB_03483_005,ICB_151,copd,AKG C417L Microphone,75.0,0,0,2,0.001096938,0.9913009,2,0,adulto
ICB_03484_000,ICB_151,copd,AKG C417L Microphone,75.0,0,0,2,0.00061932113,2.2032232e-10,0,0,adulto
ICB_03484_001,ICB_151,copd,AKG C417L Microphone,75.0,0,0,2,0.025728416,3.28185e-06,0,0,adulto
ICB_03484_002,ICB_151,copd,AKG C417L Microphone,75.0,0,0,2,0.87347186,0.0042218957,1,0,adulto
ICB_03484_003,ICB_151,copd,AKG C417L Microphone,75.0,0,1,2,0.09234833,0.45713228,0,2,adulto
ICB_03484_004,ICB_151,copd,AKG C417L Microphone,75.0,0,0,2,0.1156097,0.118285194,0,0,adulto
ICB_03484_005,ICB_151,copd,AKG C417L Microphone,75.0,0,1,2,0.04700742,0.005741366,0,2,adulto
ICB_03485_000,ICB_151,copd,AKG C417L Microphone,75.0,0,0,2,0.2217466,4.7225006e-07,0,0,adulto
ICB_03485_001,ICB_151,copd,AKG C417L Microphone,75.0,0,0,2,0.10712304,0.25682315,0,0,adulto
ICB_03485_002,ICB_151,copd,AKG C417L Microphone,75.0,1,0,2,0.9001306,0.0025035597,1,1,adulto
ICB_03485_003,ICB_151,copd,AKG C417L Microphone,75.0,1,0,2,5.821078e-05,0.5815015,0,1,adulto
ICB_03485_004,ICB_151,copd,AKG C417L Microphone,75.0,0,1,2,4.1041574e-07,0.0028395972,0,2,adulto
ICB_03485_005,ICB_151,copd,AKG C417L Microphone,75.0,0,0,2,0.21165448,0.0036221896,0,0,adulto
ICB_03486_000,ICB_151,copd,AKG C417L Microphone,75.0,1,0,2,0.8144773,1.472623e-06,1,1,adulto
ICB_03486_001,ICB_151,copd,AKG C417L Microphone,75.0,0,1,2,0.05334578,0.00011806851,0,2,adulto
ICB_03486_002,ICB_151,copd,AKG C417L Microphone,75.0,0,1,2,0.48848736,3.569374e-05,0,2,adulto
ICB_03486_003,ICB_151,copd,AKG C417L Microphone,75.0,0,0,2,2.1381766e-05,0.77419853,0,0,adulto
ICB_03486_004,ICB_151,copd,AKG C417L Microphone,75.0,0,0,2,6.4897945e-09,7.593843e-05,0,0,adulto
ICB_03486_005,ICB_151,copd,AKG C417L Microphone,75.0,0,0,2,0.04702282,0.0010240732,0,0,adulto
ICB_03487_000,ICB_151,copd,AKG C417L Microphone,75.0,1,1,2,0.9203443,0.1222475,1,3,adulto
ICB_03487_001,ICB_151,copd,AKG C417L Microphone,75.0,1,1,2,0.7912629,0.027449112,0,3,adulto
ICB_03487_002,ICB_151,copd,AKG C417L Microphone,75.0,1,1,2,0.79756653,0.01220132,0,3,adulto
ICB_03487_003,ICB_151,copd,AKG C417L Microphone,75.0,1,1,2,6.49656e-08,0.6312697,0,3,adulto
ICB_03487_004,ICB_151,copd,AKG C417L Microphone,75.0,0,1,2,4.1446931e-16,1.7119546e-15,0,2,adulto
ICB_03487_005,ICB_151,copd,AKG C417L Microphone,75.0,1,0,2,0.20557907,0.00034803592,0,1,adulto
ICB_03488_000,ICB_151,copd,AKG C417L Microphone,75.0,0,0,2,0.088129655,0.00053838396,0,0,adulto
ICB_03488_001,ICB_151,copd,AKG C417L Microphone,75.0,0,1,2,0.303075,0.00012835776,0,2,adulto
ICB_03488_002,ICB_151,copd,AKG C417L Microphone,75.0,0,0,2,0.6668607,0.02410069,0,0,adulto
ICB_03488_003,ICB_151,copd,AKG C417L Microphone,75.0,0,0,2,5.5001664e-08,9.215258e-06,0,0,adulto
ICB_03488_004,ICB_151,copd,AKG C417L Microphone,75.0,0,0,2,2.1543479e-12,4.31574e-15,0,0,adulto
ICB_03488_005,ICB_151,copd,AKG C417L Microphone,75.0,0,0,2,0.40771267,0.09434883,0,0,adulto
ICB_03489_000,ICB_151,copd,AKG C417L Microphone,75.0,1,1,2,0.8369262,0.00019492386,1,3,adulto
ICB_03489_001,ICB_151,copd,AKG C417L Microphone,75.0,1,1,2,0.8343921,0.99999166,3,3,adulto
ICB_03489_002,ICB_151,copd,AKG C417L Microphone,75.0,1,1,2,0.9944323,0.7293986,1,3,adulto
ICB_03489_003,ICB_151,copd,AKG C417L Microphone,75.0,1,1,2,0.6538765,0.0021210911,0,3,adulto
ICB_03489_004,ICB_151,copd,AKG C417L Microphone,75.0,0,1,2,0.37301037,0.0026894787,0,2,adulto
ICB_03489_005,ICB_151,copd,AKG C417L Microphone,75.0,0,0,2,0.36650375,0.11196147,0,0,adulto
ICB_03490_000,ICB_151,copd,AKG C417L Microphone,75.0,0,0,2,0.011191273,1.8926436e-06,0,0,adulto
ICB_03490_001,ICB_151,copd,AKG C417L Microphone,75.0,0,1,2,0.03764175,0.76479334,0,2,adulto
ICB_03490_002,ICB_151,copd,AKG C417L Microphone,75.0,0,0,2,0.4979319,0.004575773,0,0,adulto
ICB_03490_003,ICB_151,copd,AKG C417L Microphone,75.0,0,0,2,0.00040910373,0.023377983,0,0,adulto
ICB_03490_004,ICB_151,copd,AKG C417L Microphone,75.0,0,0,2,0.0049151704,0.0066812206,0,0,adulto
ICB_03490_005,ICB_151,copd,AKG C417L Microphone,75.0,0,0,2,0.06658534,0.11784346,0,0,adulto
ICB_03491_000,ICB_151,copd,AKG C417L Microphone,75.0,0,0,2,0.8844536,3.1288888e-05,1,0,adulto
ICB_03491_001,ICB_151,copd,AKG C417L Microphone,75.0,0,1,2,0.054815575,0.00038361715,0,2,adulto
ICB_03491_002,ICB_151,copd,AKG C417L Microphone,75.0,0,1,2,0.009400353,0.004902125,0,2,adulto
ICB_03491_003,ICB_151,copd,AKG C417L Microphone,75.0,0,0,2,0.59998506,7.2471914e-05,0,0,adulto
ICB_03491_004,ICB_151,copd,AKG C417L Microphone,75.0,0,1,2,0.2948286,9.418619e-07,0,2,adulto
ICB_03491_005,ICB_151,copd,AKG C417L Microphone,75.0,0,0,2,0.00030553064,2.831683e-05,0,0,adulto
ICB_03492_000,ICB_151,copd,AKG C417L Microphone,75.0,1,0,2,0.69402134,0.00032712333,0,1,adulto
ICB_03492_001,ICB_151,copd,AKG C417L Microphone,75.0,1,1,2,0.034283422,0.009219727,0,3,adulto
ICB_03492_002,ICB_151,copd,AKG C417L Microphone,75.0,1,0,2,0.008600215,1.8218504e-09,0,1,adulto
ICB_03492_003,ICB_151,copd,AKG C417L Microphone,75.0,1,0,2,0.005714519,0.0036570984,0,1,adulto
ICB_03492_004,ICB_151,copd,AKG C417L Microphone,75.0,1,0,2,0.14195001,0.0005738558,0,1,adulto
ICB_03492_005,ICB_151,copd,AKG C417L Microphone,75.0,0,0,2,0.17560813,3.431283e-06,0,0,adulto
ICB_03493_000,ICB_151,copd,AKG C417L Microphone,75.0,1,0,2,0.10159238,0.0024739432,0,1,adulto
ICB_03493_001,ICB_151,copd,AKG C417L Microphone,75.0,1,1,2,0.101114064,1.8749513e-05,0,3,adulto
ICB_03493_002,ICB_151,copd,AKG C417L Microphone,75.0,1,0,2,0.0103315655,0.0022684669,0,1,adulto
ICB_03493_003,ICB_151,copd,AKG C417L Microphone,75.0,1,0,2,0.19737232,2.3550148e-10,0,1,adulto
ICB_03493_004,ICB_151,copd,AKG C417L Microphone,75.0,1,0,2,0.5228101,0.00013083965,0,1,adulto
ICB_03493_005,ICB_151,copd,AKG C417L Microphone,75.0,0,0,2,0.00016822264,0.0011247665,0,0,adulto
ICB_03494_000,ICB_151,copd,AKG C417L Microphone,75.0,0,1,2,0.124883644,0.0037382268,0,2,adulto
ICB_03494_001,ICB_151,copd,AKG C417L Microphone,75.0,1,1,2,0.013985236,0.9339371,2,3,adulto
ICB_03494_002,ICB_151,copd,AKG C417L Microphone,75.0,0,0,2,0.3860732,0.0055997064,0,0,adulto
ICB_03494_003,ICB_151,copd,AKG C417L Microphone,75.0,0,0,2,0.065363936,0.040910635,0,0,adulto
ICB_03494_004,ICB_151,copd,AKG C417L Microphone,75.0,0,1,2,0.4894696,0.00033830904,0,2,adulto
ICB_03494_005,ICB_151,copd,AKG C417L Microphone,75.0,0,0,2,0.41717225,0.02191242,0,0,adulto
ICB_03495_000,ICB_151,copd,AKG C417L Microphone,75.0,1,0,2,0.993359,1.7251049e-08,1,1,adulto
ICB_03495_001,ICB_151,copd,AKG C417L Microphone,75.0,1,1,2,0.9142479,0.017281128,1,3,adulto
ICB_03495_002,ICB_151,copd,AKG C417L Microphone,75.0,1,0,2,0.7214982,0.012522577,0,1,adulto
ICB_03495_003,ICB_151,copd,AKG C417L Microphone,75.0,1,0,2,0.21179776,0.020418085,0,1,adulto
ICB_03495_004,ICB_151,copd,AKG C417L Microphone,75.0,1,0,2,0.96391696,1.1323517e-05,1,1,adulto
ICB_03495_005,ICB_151,copd,AKG C417L Microphone,75.0,1,0,2,0.091117196,1.1504477e-07,0,1,adulto
ICB_03496_000,ICB_151,copd,AKG C417L Microphone,75.0,1,1,2,0.9815524,3.2584262e-06,1,3,adulto
ICB_03496_001,ICB_151,copd,AKG C417L Microphone,75.0,1,1,2,0.0032878593,0.22912535,0,3,adulto
ICB_03496_002,ICB_151,copd,AKG C417L Microphone,75.0,0,0,2,0.8118088,0.0001075904,1,0,adulto
ICB_03496_003,ICB_151,copd,AKG C417L Microphone,75.0,0,0,2,0.07499627,4.8676525e-06,0,0,adulto
ICB_03496_004,ICB_151,copd,AKG C417L Microphone,75.0,0,0,2,0.46529922,3.0560608e-05,0,0,adulto
ICB_03496_005,ICB_151,copd,AKG C417L Microphone,75.0,0,0,2,0.6726011,0.00014863865,0,0,adulto
ICB_03497_000,ICB_151,copd,AKG C417L Microphone,75.0,0,0,2,3.9763055e-09,1.1617077e-05,0,0,adulto
ICB_03497_001,ICB_151,copd,AKG C417L Microphone,75.0,0,1,2,3.062044e-05,0.28658098,0,2,adulto
ICB_03497_002,ICB_151,copd,AKG C417L Microphone,75.0,0,0,2,1.7625975e-06,0.0052988003,0,0,adulto
ICB_03497_003,ICB_151,copd,AKG C417L Microphone,75.0,0,0,2,0.0010051597,0.017848687,0,0,adulto
ICB_03497_004,ICB_151,copd,AKG C417L Microphone,75.0,0,0,2,6.2954125e-05,0.1414399,0,0,adulto
ICB_03497_005,ICB_151,copd,AKG C417L Microphone,75.0,0,0,2,6.5336248e-09,0.014586273,0,0,adulto
ICB_03498_000,ICB_151,copd,AKG C417L Microphone,75.0,1,0,2,0.5945064,0.037168536,0,1,adulto
ICB_03498_001,ICB_151,copd,AKG C417L Microphone,75.0,1,1,2,0.8417551,0.088880554,1,3,adulto
ICB_03498_002,ICB_151,copd,AKG C417L Microphone,75.0,1,1,2,0.9864727,0.0024655026,1,3,adulto
ICB_03498_003,ICB_151,copd,AKG C417L Microphone,75.0,1,0,2,0.8208971,0.0692232,1,1,adulto
ICB_03498_004,ICB_151,copd,AKG C417L Microphone,75.0,1,0,2,0.060029894,4.9582686e-06,0,1,adulto
ICB_03498_005,ICB_151,copd,AKG C417L Microphone,75.0,0,0,2,0.24127287,0.052036084,0,0,adulto
ICB_03501_000,ICB_154,copd,AKG C417L Microphone,65.0,1,0,2,0.019541595,0.6964784,0,1,adulto
ICB_03501_001,ICB_154,copd,AKG C417L Microphone,65.0,1,0,2,0.019103967,0.4876428,0,1,adulto
ICB_03501_002,ICB_154,copd,AKG C417L Microphone,65.0,1,0,2,0.15307146,0.018513137,0,1,adulto
ICB_03501_003,ICB_154,copd,AKG C417L Microphone,65.0,1,0,2,0.0021715509,0.30640495,0,1,adulto
ICB_03501_004,ICB_154,copd,AKG C417L Microphone,65.0,0,0,2,0.031128272,0.37230393,0,0,adulto
ICB_03501_005,ICB_154,copd,AKG C417L Microphone,65.0,0,0,2,0.0002508924,0.073503636,0,0,adulto
ICB_03501_006,ICB_154,copd,AKG C417L Microphone,65.0,1,0,2,0.004608973,0.5276814,0,1,adulto
ICB_03501_007,ICB_154,copd,AKG C417L Microphone,65.0,1,0,2,0.0020479243,0.003986755,0,1,adulto
ICB_03501_008,ICB_154,copd,AKG C417L Microphone,65.0,0,0,2,0.0034212715,0.81756145,0,0,adulto
ICB_03501_009,ICB_154,copd,AKG C417L Microphone,65.0,1,0,2,0.0072754715,0.35229668,0,1,adulto
ICB_03501_010,ICB_154,copd,AKG C417L Microphone,65.0,1,0,2,0.003032959,0.07727313,0,1,adulto
ICB_03501_011,ICB_154,copd,AKG C417L Microphone,65.0,1,0,2,0.0075914147,0.9788345,2,1,adulto
ICB_03502_000,ICB_154,copd,AKG C417L Microphone,65.0,0,0,2,0.07237026,1.5472641e-06,0,0,adulto
ICB_03502_001,ICB_154,copd,AKG C417L Microphone,65.0,0,0,2,0.11177919,2.2271337e-05,0,0,adulto
ICB_03502_002,ICB_154,copd,AKG C417L Microphone,65.0,0,0,2,0.038306795,0.003835527,0,0,adulto
ICB_03502_003,ICB_154,copd,AKG C417L Microphone,65.0,0,0,2,0.03577187,0.00024758175,0,0,adulto
ICB_03502_004,ICB_154,copd,AKG C417L Microphone,65.0,0,0,2,0.110127315,5.6610166e-05,0,0,adulto
ICB_03502_005,ICB_154,copd,AKG C417L Microphone,65.0,1,0,2,1.3069489e-17,0.00014704133,0,1,adulto
ICB_03502_006,ICB_154,copd,AKG C417L Microphone,65.0,0,0,2,0.053672906,0.00020830194,0,0,adulto
ICB_03502_007,ICB_154,copd,AKG C417L Microphone,65.0,0,0,2,0.014192126,0.0003870477,0,0,adulto
ICB_03502_008,ICB_154,copd,AKG C417L Microphone,65.0,0,0,2,0.008174615,0.00015628726,0,0,adulto
ICB_03502_009,ICB_154,copd,AKG C417L Microphone,65.0,0,0,2,3.4813648e-09,8.225592e-05,0,0,adulto
ICB_03502_010,ICB_154,copd,AKG C417L Microphone,65.0,0,0,2,0.005321442,0.0037008228,0,0,adulto
ICB_03502_011,ICB_154,copd,AKG C417L Microphone,65.0,0,0,2,3.1123452e-06,0.038724694,0,0,adulto
ICB_03503_000,ICB_154,copd,AKG C417L Microphone,65.0,1,0,2,0.38743037,0.533163,0,1,adulto
ICB_03503_001,ICB_154,copd,AKG C417L Microphone,65.0,1,0,2,0.013877129,1.6047329e-08,0,1,adulto
ICB_03503_002,ICB_154,copd,AKG C417L Microphone,65.0,1,0,2,0.00010058088,1.9339085e-07,0,1,adulto
ICB_03503_003,ICB_154,copd,AKG C417L Microphone,65.0,1,0,2,0.22223958,1.0653096e-06,0,1,adulto
ICB_03503_004,ICB_154,copd,AKG C417L Microphone,65.0,1,0,2,0.006178468,0.0008236737,0,1,adulto
ICB_03503_005,ICB_154,copd,AKG C417L Microphone,65.0,1,0,2,0.09096627,1.0839753e-05,0,1,adulto
ICB_03503_006,ICB_154,copd,AKG C417L Microphone,65.0,1,0,2,0.00029192423,0.0004611267,0,1,adulto
ICB_03503_007,ICB_154,copd,AKG C417L Microphone,65.0,1,0,2,0.001670254,0.00031681967,0,1,adulto
ICB_03503_008,ICB_154,copd,AKG C417L Microphone,65.0,1,0,2,0.0057923244,0.00744277,0,1,adulto
ICB_03503_009,ICB_154,copd,AKG C417L Microphone,65.0,1,0,2,0.0011033783,0.3301578,0,1,adulto
ICB_03503_010,ICB_154,copd,AKG C417L Microphone,65.0,1,0,2,0.0012579161,1.8988838e-05,0,1,adulto
ICB_03503_011,ICB_154,copd,AKG C417L Microphone,65.0,0,0,2,8.470908e-13,5.13805e-07,0,0,adulto
ICB_03504_000,ICB_154,copd,AKG C417L Microphone,65.0,1,0,2,0.0016295796,0.64101124,0,1,adulto
ICB_03504_001,ICB_154,copd,AKG C417L Microphone,65.0,0,0,2,0.0046505234,0.18685712,0,0,adulto
ICB_03504_002,ICB_154,copd,AKG C417L Microphone,65.0,0,0,2,0.001916024,0.17022951,0,0,adulto
ICB_03504_003,ICB_154,copd,AKG C417L Microphone,65.0,0,0,2,0.002959564,0.3038558,0,0,adulto
ICB_03504_004,ICB_154,copd,AKG C417L Microphone,65.0,0,0,2,0.010091821,0.594975,0,0,adulto
ICB_03504_005,ICB_154,copd,AKG C417L Microphone,65.0,1,0,2,0.0007461509,0.0285171,0,1,adulto
ICB_03504_006,ICB_154,copd,AKG C417L Microphone,65.0,0,0,2,0.0013776328,0.3909814,0,0,adulto
ICB_03504_007,ICB_154,copd,AKG C417L Microphone,65.0,0,0,2,0.017197458,0.53554267,0,0,adulto
ICB_03504_008,ICB_154,copd,AKG C417L Microphone,65.0,0,0,2,0.058129456,0.61813605,0,0,adulto
ICB_03504_009,ICB_154,copd,AKG C417L Microphone,65.0,0,0,2,0.0016702565,0.41666675,0,0,adulto
ICB_03504_010,ICB_154,copd,AKG C417L Microphone,65.0,0,0,2,0.0013461732,0.08565328,0,0,adulto
ICB_03504_011,ICB_154,copd,AKG C417L Microphone,65.0,0,0,2,0.0056371572,0.34198228,0,0,adulto
ICB_03505_000,ICB_154,copd,AKG C417L Microphone,65.0,1,0,2,0.00021286136,0.0003989276,0,1,adulto
ICB_03505_001,ICB_154,copd,AKG C417L Microphone,65.0,1,0,2,0.013384901,0.0071387934,0,1,adulto
ICB_03505_002,ICB_154,copd,AKG C417L Microphone,65.0,1,0,2,1.175361e-05,0.044909418,0,1,adulto
ICB_03505_003,ICB_154,copd,AKG C417L Microphone,65.0,1,0,2,8.966652e-06,1.6313636e-07,0,1,adulto
ICB_03505_004,ICB_154,copd,AKG C417L Microphone,65.0,1,0,2,0.00037174407,0.008830958,0,1,adulto
ICB_03505_005,ICB_154,copd,AKG C417L Microphone,65.0,1,0,2,0.0001518932,0.060543396,0,1,adulto
ICB_03505_006,ICB_154,copd,AKG C417L Microphone,65.0,1,0,2,0.011460431,3.7754864e-06,0,1,adulto
ICB_03505_007,ICB_154,copd,AKG C417L Microphone,65.0,1,0,2,0.00095728895,0.000231,0,1,adulto
ICB_03505_008,ICB_154,copd,AKG C417L Microphone,65.0,1,0,2,4.6026645e-09,0.11471625,0,1,adulto
ICB_03505_009,ICB_154,copd,AKG C417L Microphone,65.0,1,0,2,4.040705e-06,0.0037989845,0,1,adulto
ICB_03505_010,ICB_154,copd,AKG C417L Microphone,65.0,0,0,2,0.003700795,6.6857596e-05,0,0,adulto
ICB_03505_011,ICB_154,copd,AKG C417L Microphone,65.0,0,0,2,2.8877133e-11,0.8990172,0,0,adulto
ICB_03506_000,ICB_154,copd,AKG C417L Microphone,65.0,1,0,2,0.22893743,0.9986254,2,1,adulto
ICB_03506_001,ICB_154,copd,AKG C417L Microphone,65.0,0,0,2,0.021769695,0.96154743,2,0,adulto
ICB_03506_002,ICB_154,copd,AKG C417L Microphone,65.0,1,0,2,0.87343705,0.9674983,3,1,adulto
ICB_03506_003,ICB_154,copd,AKG C417L Microphone,65.0,1,0,2,0.011510281,0.9662267,2,1,adulto
ICB_03506_004,ICB_154,copd,AKG C417L Microphone,65.0,1,0,2,0.49080163,0.8979459,0,1,adulto
ICB_03506_005,ICB_154,copd,AKG C417L Microphone,65.0,1,0,2,0.47524628,0.9431165,2,1,adulto
ICB_03506_006,ICB_154,copd,AKG C417L Microphone,65.0,0,0,2,0.038158394,0.9966409,2,0,adulto
ICB_03506_007,ICB_154,copd,AKG C417L Microphone,65.0,0,0,2,0.033110198,0.9015209,2,0,adulto
ICB_03506_008,ICB_154,copd,AKG C417L Microphone,65.0,0,0,2,0.02833976,0.2635744,0,0,adulto
ICB_03506_009,ICB_154,copd,AKG C417L Microphone,65.0,1,0,2,0.17810462,0.72764087,0,1,adulto
ICB_03506_010,ICB_154,copd,AKG C417L Microphone,65.0,1,0,2,0.008923816,0.9851892,2,1,adulto
ICB_03506_011,ICB_154,copd,AKG C417L Microphone,65.0,1,0,2,0.0008197001,0.9147674,2,1,adulto
ICB_03507_000,ICB_154,copd,AKG C417L Microphone,65.0,0,0,2,0.004703644,1.2041793e-06,0,0,adulto
ICB_03507_001,ICB_154,copd,AKG C417L Microphone,65.0,0,0,2,0.2962,0.0010321598,0,0,adulto
ICB_03507_002,ICB_154,copd,AKG C417L Microphone,65.0,0,0,2,0.35793838,0.00026696207,0,0,adulto
ICB_03507_003,ICB_154,copd,AKG C417L Microphone,65.0,0,0,2,0.38209492,0.00036979615,0,0,adulto
ICB_03507_004,ICB_154,copd,AKG C417L Microphone,65.0,0,0,2,0.38874048,0.00037100344,0,0,adulto
ICB_03507_005,ICB_154,copd,AKG C417L Microphone,65.0,0,0,2,0.006808825,0.0019525412,0,0,adulto
ICB_03507_006,ICB_154,copd,AKG C417L Microphone,65.0,0,0,2,0.00030259148,0.0016821416,0,0,adulto
ICB_03507_007,ICB_154,copd,AKG C417L Microphone,65.0,0,0,2,0.13655342,1.0627024e-05,0,0,adulto
ICB_03507_008,ICB_154,copd,AKG C417L Microphone,65.0,0,0,2,1.3326518e-06,0.051003955,0,0,adulto
ICB_03507_009,ICB_154,copd,AKG C417L Microphone,65.0,0,0,2,0.008519689,6.9758594e-22,0,0,adulto
ICB_03507_010,ICB_154,copd,AKG C417L Microphone,65.0,0,0,2,0.836132,0.07662147,1,0,adulto
ICB_03507_011,ICB_154,copd,AKG C417L Microphone,65.0,0,0,2,0.009401148,0.0011518268,0,0,adulto
ICB_03508_000,ICB_154,copd,AKG C417L Microphone,65.0,0,0,2,0.21595696,0.109628625,0,0,adulto
ICB_03508_001,ICB_154,copd,AKG C417L Microphone,65.0,0,0,2,0.0745363,0.97318584,2,0,adulto
ICB_03508_002,ICB_154,copd,AKG C417L Microphone,65.0,1,0,2,0.19634096,0.043581523,0,1,adulto
ICB_03508_003,ICB_154,copd,AKG C417L Microphone,65.0,1,0,2,0.46789762,0.86309177,0,1,adulto
ICB_03508_004,ICB_154,copd,AKG C417L Microphone,65.0,1,0,2,0.5029593,0.74354434,0,1,adulto
ICB_03508_005,ICB_154,copd,AKG C417L Microphone,65.0,1,0,2,0.8610193,0.0013095377,1,1,adulto
ICB_03508_006,ICB_154,copd,AKG C417L Microphone,65.0,1,0,2,0.69653577,0.09555167,0,1,adulto
ICB_03509_000,ICB_154,copd,AKG C417L Microphone,65.0,0,0,2,0.03212688,0.8235436,0,0,adulto
ICB_03509_001,ICB_154,copd,AKG C417L Microphone,65.0,0,0,2,0.30100647,0.9930434,2,0,adulto
ICB_03509_002,ICB_154,copd,AKG C417L Microphone,65.0,0,0,2,1.6593581e-09,0.876426,0,0,adulto
ICB_03509_003,ICB_154,copd,AKG C417L Microphone,65.0,0,0,2,1.8150711e-06,0.042836912,0,0,adulto
ICB_03509_004,ICB_154,copd,AKG C417L Microphone,65.0,1,0,2,0.08413377,0.4532365,0,1,adulto
ICB_03509_005,ICB_154,copd,AKG C417L Microphone,65.0,1,0,2,0.6454618,0.8997493,0,1,adulto
ICB_03509_006,ICB_154,copd,AKG C417L Microphone,65.0,0,0,2,0.35094008,0.077388816,0,0,adulto
ICB_03510_000,ICB_154,copd,AKG C417L Microphone,65.0,1,0,2,0.23892182,0.0073012672,0,1,adulto
ICB_03510_001,ICB_154,copd,AKG C417L Microphone,65.0,1,0,2,0.091228366,0.3411829,0,1,adulto
ICB_03510_002,ICB_154,copd,AKG C417L Microphone,65.0,1,0,2,0.15927,0.006600309,0,1,adulto
ICB_03510_003,ICB_154,copd,AKG C417L Microphone,65.0,1,0,2,0.36860687,0.6062936,0,1,adulto
ICB_03510_004,ICB_154,copd,AKG C417L Microphone,65.0,1,0,2,0.4529916,0.00838624,0,1,adulto
ICB_03510_005,ICB_154,copd,AKG C417L Microphone,65.0,1,0,2,0.8670746,0.22809833,1,1,adulto
ICB_03510_006,ICB_154,copd,AKG C417L Microphone,65.0,1,0,2,0.809198,0.010143507,1,1,adulto
ICB_03511_000,ICB_154,copd,AKG C417L Microphone,65.0,1,0,2,0.93000096,0.0040742317,1,1,adulto
ICB_03511_001,ICB_154,copd,AKG C417L Microphone,65.0,1,0,2,0.9241575,0.12628727,1,1,adulto
ICB_03511_002,ICB_154,copd,AKG C417L Microphone,65.0,1,0,2,6.4666315e-06,9.102315e-06,0,1,adulto
ICB_03511_003,ICB_154,copd,AKG C417L Microphone,65.0,1,0,2,0.01685949,0.9922173,2,1,adulto
ICB_03511_004,ICB_154,copd,AKG C417L Microphone,65.0,1,0,2,0.868493,4.0780782e-05,1,1,adulto
ICB_03511_005,ICB_154,copd,AKG C417L Microphone,65.0,1,0,2,0.83937615,6.22156e-07,1,1,adulto
ICB_03511_006,ICB_154,copd,AKG C417L Microphone,65.0,1,0,2,0.994187,0.009822609,1,1,adulto
ICB_03512_000,ICB_154,copd,AKG C417L Microphone,65.0,1,0,2,0.3981559,0.0008447587,0,1,adulto
ICB_03512_001,ICB_154,copd,AKG C417L Microphone,65.0,1,0,2,0.69778514,0.0015450523,0,1,adulto
ICB_03512_002,ICB_154,copd,AKG C417L Microphone,65.0,1,0,2,0.73926234,0.0053822645,0,1,adulto
ICB_03512_003,ICB_154,copd,AKG C417L Microphone,65.0,1,0,2,0.9411057,0.31492582,1,1,adulto
ICB_03512_004,ICB_154,copd,AKG C417L Microphone,65.0,1,0,2,0.92027456,0.0036225857,1,1,adulto
ICB_03512_005,ICB_154,copd,AKG C417L Microphone,65.0,1,0,2,0.18951172,2.6618873e-06,0,1,adulto
ICB_03512_006,ICB_154,copd,AKG C417L Microphone,65.0,1,0,2,0.0012009135,1.4560911e-06,0,1,adulto
ICB_03513_000,ICB_154,copd,AKG C417L Microphone,65.0,0,0,2,0.7779409,3.0180045e-05,0,0,adulto
ICB_03513_001,ICB_154,copd,AKG C417L Microphone,65.0,0,0,2,0.9584944,0.7730171,1,0,adulto
ICB_03513_002,ICB_154,copd,AKG C417L Microphone,65.0,1,0,2,1.9853865e-06,7.5237625e-15,0,1,adulto
ICB_03513_003,ICB_154,copd,AKG C417L Microphone,65.0,0,0,2,0.027104462,0.30740455,0,0,adulto
ICB_03513_004,ICB_154,copd,AKG C417L Microphone,65.0,0,0,2,0.3259753,0.02741692,0,0,adulto
ICB_03513_005,ICB_154,copd,AKG C417L Microphone,65.0,1,0,2,0.05129997,0.05307808,0,1,adulto
ICB_03513_006,ICB_154,copd,AKG C417L Microphone,65.0,0,0,2,0.8448149,0.48718032,1,0,adulto
ICB_03514_000,ICB_154,copd,AKG C417L Microphone,65.0,0,0,2,0.9888691,0.004815099,1,0,adulto
ICB_03514_001,ICB_154,copd,AKG C417L Microphone,65.0,0,0,2,0.083532915,0.5721193,0,0,adulto
ICB_03514_002,ICB_154,copd,AKG C417L Microphone,65.0,0,0,2,0.75915354,4.0929455e-05,0,0,adulto
ICB_03514_003,ICB_154,copd,AKG C417L Microphone,65.0,0,0,2,0.9775005,0.00064247113,1,0,adulto
ICB_03514_004,ICB_154,copd,AKG C417L Microphone,65.0,0,0,2,0.71705836,0.39006844,0,0,adulto
ICB_03514_005,ICB_154,copd,AKG C417L Microphone,65.0,0,0,2,0.11228407,0.27816874,0,0,adulto
ICB_03514_006,ICB_154,copd,AKG C417L Microphone,65.0,0,0,2,0.7643825,0.12231821,0,0,adulto
ICB_03515_000,ICB_154,copd,AKG C417L Microphone,65.0,0,0,2,0.2878541,0.00013353418,0,0,adulto
ICB_03515_001,ICB_154,copd,AKG C417L Microphone,65.0,0,0,2,0.8405599,0.014440026,1,0,adulto
ICB_03515_002,ICB_154,copd,AKG C417L Microphone,65.0,1,0,2,0.72770286,2.0557229e-05,0,1,adulto
ICB_03515_003,ICB_154,copd,AKG C417L Microphone,65.0,0,0,2,0.37320942,0.0044901725,0,0,adulto
ICB_03515_004,ICB_154,copd,AKG C417L Microphone,65.0,1,0,2,0.43008357,3.6691334e-11,0,1,adulto
ICB_03516_000,ICB_154,copd,AKG C417L Microphone,65.0,0,0,2,0.28650102,0.005183343,0,0,adulto
ICB_03516_001,ICB_154,copd,AKG C417L Microphone,65.0,1,0,2,0.2987518,0.004478643,0,1,adulto
ICB_03516_002,ICB_154,copd,AKG C417L Microphone,65.0,1,0,2,0.38941088,0.008257255,0,1,adulto
ICB_03516_003,ICB_154,copd,AKG C417L Microphone,65.0,1,0,2,0.0124792,9.580544e-07,0,1,adulto
ICB_03516_004,ICB_154,copd,AKG C417L Microphone,65.0,1,0,2,0.3445861,0.8734514,0,1,adulto
ICB_03517_000,ICB_154,copd,AKG C417L Microphone,65.0,1,0,2,0.40641522,0.002099645,0,1,adulto
ICB_03517_001,ICB_154,copd,AKG C417L Microphone,65.0,1,0,2,0.71532565,0.005861086,0,1,adulto
ICB_03517_002,ICB_154,copd,AKG C417L Microphone,65.0,1,0,2,0.5288592,0.0004907636,0,1,adulto
ICB_03517_003,ICB_154,copd,AKG C417L Microphone,65.0,1,0,2,0.2994679,0.006991999,0,1,adulto
ICB_03517_004,ICB_154,copd,AKG C417L Microphone,65.0,0,0,2,0.072153874,0.013006905,0,0,adulto
ICB_03518_000,ICB_154,copd,AKG C417L Microphone,65.0,1,0,2,0.5042976,0.004457177,0,1,adulto
ICB_03518_001,ICB_154,copd,AKG C417L Microphone,65.0,1,1,2,0.55907667,6.8565726e-07,0,3,adulto
ICB_03518_002,ICB_154,copd,AKG C417L Microphone,65.0,1,0,2,0.96462137,0.033617705,1,1,adulto
ICB_03518_003,ICB_154,copd,AKG C417L Microphone,65.0,1,0,2,0.5612719,0.027298372,0,1,adulto
ICB_03518_004,ICB_154,copd,AKG C417L Microphone,65.0,1,0,2,0.13632655,0.0007376398,0,1,adulto
ICB_03518_005,ICB_154,copd,AKG C417L Microphone,65.0,1,0,2,0.4709723,0.79619443,0,1,adulto
ICB_03518_006,ICB_154,copd,AKG C417L Microphone,65.0,0,0,2,0.0062636696,7.322949e-05,0,0,adulto
ICB_03518_007,ICB_154,copd,AKG C417L Microphone,65.0,1,0,2,0.3702942,0.0038832056,0,1,adulto
ICB_03518_008,ICB_154,copd,AKG C417L Microphone,65.0,1,0,2,0.44165003,0.0012222758,0,1,adulto
ICB_03518_009,ICB_154,copd,AKG C417L Microphone,65.0,0,0,2,0.0085245725,2.0362659e-05,0,0,adulto
ICB_03519_000,ICB_154,copd,AKG C417L Microphone,65.0,1,0,2,0.11539308,0.0014844347,0,1,adulto
ICB_03519_001,ICB_154,copd,AKG C417L Microphone,65.0,1,0,2,0.013928119,0.018987067,0,1,adulto
ICB_03519_002,ICB_154,copd,AKG C417L Microphone,65.0,1,0,2,0.32474083,0.0067864824,0,1,adulto
ICB_03519_003,ICB_154,copd,AKG C417L Microphone,65.0,1,0,2,0.75319207,0.026809556,0,1,adulto
ICB_03519_004,ICB_154,copd,AKG C417L Microphone,65.0,0,0,2,0.46229228,0.0067542186,0,0,adulto
ICB_03519_005,ICB_154,copd,AKG C417L Microphone,65.0,1,0,2,0.8742858,0.07100507,1,1,adulto
ICB_03519_006,ICB_154,copd,AKG C417L Microphone,65.0,1,0,2,0.9952573,0.035388228,1,1,adulto
ICB_03519_007,ICB_154,copd,AKG C417L Microphone,65.0,0,0,2,0.14566939,0.009801576,0,0,adulto
ICB_03519_008,ICB_154,copd,AKG C417L Microphone,65.0,1,0,2,0.30026406,0.032602694,0,1,adulto
ICB_03519_009,ICB_154,copd,AKG C417L Microphone,65.0,0,0,2,0.001572186,0.046964224,0,0,adulto
ICB_03520_000,ICB_154,copd,AKG C417L Microphone,65.0,0,0,2,0.032497782,0.014818605,0,0,adulto
ICB_03520_001,ICB_154,copd,AKG C417L Microphone,65.0,0,0,2,0.1459089,0.09521961,0,0,adulto
ICB_03520_002,ICB_154,copd,AKG C417L Microphone,65.0,0,0,2,0.24390571,0.87394613,0,0,adulto
ICB_03520_003,ICB_154,copd,AKG C417L Microphone,65.0,0,0,2,0.41119784,0.33128363,0,0,adulto
ICB_03520_004,ICB_154,copd,AKG C417L Microphone,65.0,0,0,2,0.20459431,0.060729187,0,0,adulto
ICB_03520_005,ICB_154,copd,AKG C417L Microphone,65.0,0,0,2,0.3566529,0.048839897,0,0,adulto
ICB_03520_006,ICB_154,copd,AKG C417L Microphone,65.0,0,0,2,0.33135098,0.06678199,0,0,adulto
ICB_03520_007,ICB_154,copd,AKG C417L Microphone,65.0,0,0,2,0.012875724,0.0048387162,0,0,adulto
ICB_03520_008,ICB_154,copd,AKG C417L Microphone,65.0,0,0,2,0.27561647,1.2449124e-06,0,0,adulto
ICB_03520_009,ICB_154,copd,AKG C417L Microphone,65.0,0,0,2,0.50329465,0.64579,0,0,adulto
ICB_03521_000,ICB_154,copd,AKG C417L Microphone,65.0,1,0,2,0.0605505,0.0010938122,0,1,adulto
ICB_03521_001,ICB_154,copd,AKG C417L Microphone,65.0,1,0,2,0.5583834,0.00032142887,0,1,adulto
ICB_03521_002,ICB_154,copd,AKG C417L Microphone,65.0,1,0,2,0.07229841,0.00092213973,0,1,adulto
ICB_03521_003,ICB_154,copd,AKG C417L Microphone,65.0,1,0,2,0.43612337,0.03848117,0,1,adulto
ICB_03521_004,ICB_154,copd,AKG C417L Microphone,65.0,1,0,2,0.0058042184,0.00043935515,0,1,adulto
ICB_03521_005,ICB_154,copd,AKG C417L Microphone,65.0,1,0,2,0.66590226,0.5696746,0,1,adulto
ICB_03521_006,ICB_154,copd,AKG C417L Microphone,65.0,1,0,2,0.037020013,0.00013200572,0,1,adulto
ICB_03521_007,ICB_154,copd,AKG C417L Microphone,65.0,1,0,2,0.88926995,0.015238322,1,1,adulto
ICB_03521_008,ICB_154,copd,AKG C417L Microphone,65.0,1,0,2,0.13614082,0.005295506,0,1,adulto
ICB_03521_009,ICB_154,copd,AKG C417L Microphone,65.0,0,0,2,0.5240901,0.0005350349,0,0,adulto
ICB_03522_000,ICB_154,copd,AKG C417L Microphone,65.0,1,0,2,0.22145459,0.013087779,0,1,adulto
ICB_03522_001,ICB_154,copd,AKG C417L Microphone,65.0,1,0,2,0.2585186,0.0065413346,0,1,adulto
ICB_03522_002,ICB_154,copd,AKG C417L Microphone,65.0,1,0,2,0.37915748,0.50249773,0,1,adulto
ICB_03522_003,ICB_154,copd,AKG C417L Microphone,65.0,0,0,2,0.506591,0.30601937,0,0,adulto
ICB_03522_004,ICB_154,copd,AKG C417L Microphone,65.0,0,0,2,0.23820397,0.00020798916,0,0,adulto
ICB_03522_005,ICB_154,copd,AKG C417L Microphone,65.0,0,0,2,0.8119495,0.0023634816,1,0,adulto
ICB_03522_006,ICB_154,copd,AKG C417L Microphone,65.0,0,0,2,0.43992603,0.02710071,0,0,adulto
ICB_03522_007,ICB_154,copd,AKG C417L Microphone,65.0,1,0,2,0.48451936,0.0002309139,0,1,adulto
ICB_03522_008,ICB_154,copd,AKG C417L Microphone,65.0,1,0,2,0.51645535,0.008926397,0,1,adulto
ICB_03522_009,ICB_154,copd,AKG C417L Microphone,65.0,0,0,2,0.013368985,0.01856103,0,0,adulto
ICB_03523_000,ICB_154,copd,AKG C417L Microphone,65.0,1,0,2,0.91555864,0.0004392724,1,1,adulto
ICB_03523_001,ICB_154,copd,AKG C417L Microphone,65.0,0,0,2,0.12632853,0.0038654031,0,0,adulto
ICB_03523_002,ICB_154,copd,AKG C417L Microphone,65.0,0,0,2,0.78283435,0.007786591,0,0,adulto
ICB_03523_003,ICB_154,copd,AKG C417L Microphone,65.0,0,0,2,0.45451307,0.0073586158,0,0,adulto
ICB_03523_004,ICB_154,copd,AKG C417L Microphone,65.0,0,0,2,0.117824465,0.021604419,0,0,adulto
ICB_03523_005,ICB_154,copd,AKG C417L Microphone,65.0,0,0,2,0.11217831,0.027738128,0,0,adulto
ICB_03523_006,ICB_154,copd,AKG C417L Microphone,65.0,0,0,2,0.052879635,0.0010860204,0,0,adulto
ICB_03523_007,ICB_154,copd,AKG C417L Microphone,65.0,1,0,2,0.9205912,0.0040412527,1,1,adulto
ICB_03523_008,ICB_154,copd,AKG C417L Microphone,65.0,0,0,2,0.65628195,0.38213924,0,0,adulto
ICB_03523_009,ICB_154,copd,AKG C417L Microphone,65.0,0,0,2,0.00040088175,0.20539738,0,0,adulto
ICB_03547_000,ICB_158,copd,3M Littmann Classic II SE,63.0,0,0,2,0.9539857,0.0013836576,1,0,adulto
ICB_03547_001,ICB_158,copd,3M Littmann Classic II SE,63.0,0,0,2,0.38687798,0.017549805,0,0,adulto
ICB_03547_002,ICB_158,copd,3M Littmann Classic II SE,63.0,0,0,2,0.009909861,0.0005454276,0,0,adulto
ICB_03547_003,ICB_158,copd,3M Littmann Classic II SE,63.0,1,0,2,0.9518732,0.04062118,1,1,adulto
ICB_03547_004,ICB_158,copd,3M Littmann Classic II SE,63.0,0,0,2,0.057769313,0.06752351,0,0,adulto
ICB_03547_005,ICB_158,copd,3M Littmann Classic II SE,63.0,1,0,2,0.82726985,0.00054171775,1,1,adulto
ICB_03547_006,ICB_158,copd,3M Littmann Classic II SE,63.0,1,0,2,0.98248327,0.000111617104,1,1,adulto
ICB_03547_007,ICB_158,copd,3M Littmann Classic II SE,63.0,1,0,2,0.8931759,0.002941393,1,1,adulto
ICB_03547_008,ICB_158,copd,3M Littmann Classic II SE,63.0,1,0,2,0.949881,0.0010381364,1,1,adulto
ICB_03547_009,ICB_158,copd,3M Littmann Classic II SE,63.0,1,0,2,0.9422561,0.0012589307,1,1,adulto
ICB_03547_010,ICB_158,copd,3M Littmann Classic II SE,63.0,0,0,2,0.60068756,0.0005684898,0,0,adulto
ICB_03548_000,ICB_158,copd,AKG C417L Microphone,63.0,1,1,2,0.0023491245,0.8624771,0,3,adulto
ICB_03548_001,ICB_158,copd,AKG C417L Microphone,63.0,1,1,2,0.18853451,0.81188715,0,3,adulto
ICB_03548_002,ICB_158,copd,AKG C417L Microphone,63.0,0,0,2,0.036151823,1.019444e-06,0,0,adulto
ICB_03548_003,ICB_158,copd,AKG C417L Microphone,63.0,1,1,2,0.11510525,0.98653513,2,3,adulto
ICB_03548_004,ICB_158,copd,AKG C417L Microphone,63.0,0,0,2,0.10494692,0.0009826102,0,0,adulto
ICB_03548_005,ICB_158,copd,AKG C417L Microphone,63.0,0,0,2,0.88315326,0.0075323973,1,0,adulto
ICB_03548_006,ICB_158,copd,AKG C417L Microphone,63.0,0,0,2,0.033393756,1.0557973e-06,0,0,adulto
ICB_03548_007,ICB_158,copd,AKG C417L Microphone,63.0,0,0,2,0.34085602,1.3846313e-11,0,0,adulto
ICB_03549_000,ICB_158,copd,AKG C417L Microphone,63.0,1,1,2,0.0011043472,6.276057e-05,0,3,adulto
ICB_03549_001,ICB_158,copd,AKG C417L Microphone,63.0,1,1,2,0.97171867,0.00031789468,1,3,adulto
ICB_03549_002,ICB_158,copd,AKG C417L Microphone,63.0,0,0,2,0.47382322,0.006067947,0,0,adulto
ICB_03549_003,ICB_158,copd,AKG C417L Microphone,63.0,1,1,2,0.65195215,0.0005468516,0,3,adulto
ICB_03549_004,ICB_158,copd,AKG C417L Microphone,63.0,0,0,2,0.84964293,0.094676435,1,0,adulto
ICB_03549_005,ICB_158,copd,AKG C417L Microphone,63.0,0,0,2,0.6351423,0.00826535,0,0,adulto
ICB_03549_006,ICB_158,copd,AKG C417L Microphone,63.0,0,0,2,0.9506534,0.003750682,1,0,adulto
ICB_03549_007,ICB_158,copd,AKG C417L Microphone,63.0,0,0,2,0.29398575,0.099569604,0,0,adulto
ICB_03550_000,ICB_158,copd,AKG C417L Microphone,63.0,1,0,2,0.45184785,0.00013679691,0,1,adulto
ICB_03550_001,ICB_158,copd,AKG C417L Microphone,63.0,1,0,2,0.92249197,6.1767046e-06,1,1,adulto
ICB_03550_002,ICB_158,copd,AKG C417L Microphone,63.0,1,0,2,0.98647183,3.105118e-05,1,1,adulto
ICB_03550_003,ICB_158,copd,AKG C417L Microphone,63.0,1,1,2,0.9659641,4.0117232e-08,1,3,adulto
ICB_03550_004,ICB_158,copd,AKG C417L Microphone,63.0,1,0,2,0.99829084,1.9378993e-10,1,1,adulto
ICB_03550_005,ICB_158,copd,AKG C417L Microphone,63.0,1,0,2,0.2576031,0.016256599,0,1,adulto
ICB_03550_006,ICB_158,copd,AKG C417L Microphone,63.0,0,0,2,3.7245792e-13,2.8845352e-16,0,0,adulto
ICB_03550_007,ICB_158,copd,AKG C417L Microphone,63.0,0,0,2,0.09317118,0.0068407287,0,0,adulto
ICB_03551_000,ICB_158,copd,AKG C417L Microphone,63.0,1,1,2,0.43749344,1.0871483e-05,0,3,adulto
ICB_03551_001,ICB_158,copd,AKG C417L Microphone,63.0,1,1,2,0.65257156,0.6438707,0,3,adulto
ICB_03551_002,ICB_158,copd,AKG C417L Microphone,63.0,1,1,2,0.012925303,0.0014257411,0,3,adulto
ICB_03551_003,ICB_158,copd,AKG C417L Microphone,63.0,1,1,2,0.348414,0.0003361278,0,3,adulto
ICB_03551_004,ICB_158,copd,AKG C417L Microphone,63.0,0,0,2,0.16144247,0.0019726877,0,0,adulto
ICB_03551_005,ICB_158,copd,AKG C417L Microphone,63.0,0,0,2,0.98853695,4.940526e-06,1,0,adulto
ICB_03551_006,ICB_158,copd,AKG C417L Microphone,63.0,0,0,2,0.23695755,0.036443945,0,0,adulto
ICB_03551_007,ICB_158,copd,AKG C417L Microphone,63.0,0,1,2,0.0008245862,1.2741186e-06,0,2,adulto
ICB_03552_000,ICB_158,copd,AKG C417L Microphone,63.0,1,1,2,0.8112548,5.6934624e-07,1,3,adulto
ICB_03552_001,ICB_158,copd,AKG C417L Microphone,63.0,1,1,2,0.9508592,0.08234591,1,3,adulto
ICB_03552_002,ICB_158,copd,AKG C417L Microphone,63.0,1,0,2,0.15460576,0.030148137,0,1,adulto
ICB_03552_003,ICB_158,copd,AKG C417L Microphone,63.0,1,1,2,0.9968401,0.00021880669,1,3,adulto
ICB_03552_004,ICB_158,copd,AKG C417L Microphone,63.0,0,1,2,0.980068,0.0198728,1,2,adulto
ICB_03552_005,ICB_158,copd,AKG C417L Microphone,63.0,0,1,2,0.3761383,0.43773335,0,2,adulto
ICB_03552_006,ICB_158,copd,AKG C417L Microphone,63.0,0,0,2,0.996073,0.026706703,1,0,adulto
ICB_03552_007,ICB_158,copd,AKG C417L Microphone,63.0,0,0,2,0.8895278,0.00011430165,1,0,adulto
ICB_03553_000,ICB_158,copd,AKG C417L Microphone,63.0,1,0,2,0.9936451,1.4435286e-06,1,1,adulto
ICB_03553_001,ICB_158,copd,AKG C417L Microphone,63.0,1,1,2,0.9758221,0.041269008,1,3,adulto
ICB_03553_002,ICB_158,copd,AKG C417L Microphone,63.0,1,1,2,0.9803623,0.059281867,1,3,adulto
ICB_03553_003,ICB_158,copd,AKG C417L Microphone,63.0,1,1,2,0.8969001,0.90590876,3,3,adulto
ICB_03553_004,ICB_158,copd,AKG C417L Microphone,63.0,1,1,2,0.9820186,1.5121472e-06,1,3,adulto
ICB_03553_005,ICB_158,copd,AKG C417L Microphone,63.0,0,0,2,0.7591801,0.0051614176,0,0,adulto
ICB_03553_006,ICB_158,copd,AKG C417L Microphone,63.0,1,0,2,0.89066225,0.09573508,1,1,adulto
ICB_03553_007,ICB_158,copd,AKG C417L Microphone,63.0,0,1,2,0.068503834,0.6490296,0,2,adulto
ICB_03554_000,ICB_158,copd,AKG C417L Microphone,63.0,1,0,2,0.06785005,0.00014455081,0,1,adulto
ICB_03554_001,ICB_158,copd,AKG C417L Microphone,63.0,1,0,2,0.07188843,0.00024585234,0,1,adulto
ICB_03554_002,ICB_158,copd,AKG C417L Microphone,63.0,0,0,2,4.438922e-05,0.0142989,0,0,adulto
ICB_03554_003,ICB_158,copd,AKG C417L Microphone,63.0,0,0,2,0.72370976,0.0035178177,0,0,adulto
ICB_03554_004,ICB_158,copd,AKG C417L Microphone,63.0,0,0,2,0.14261395,0.038539167,0,0,adulto
ICB_03554_005,ICB_158,copd,AKG C417L Microphone,63.0,0,0,2,0.004531522,0.2351132,0,0,adulto
ICB_03554_006,ICB_158,copd,AKG C417L Microphone,63.0,0,0,2,0.9829473,3.171221e-05,1,0,adulto
ICB_03554_007,ICB_158,copd,AKG C417L Microphone,63.0,0,0,2,0.001321021,0.04068793,0,0,adulto
ICB_03555_000,ICB_158,copd,AKG C417L Microphone,63.0,0,1,2,0.9192984,0.38511845,1,2,adulto
ICB_03555_001,ICB_158,copd,AKG C417L Microphone,63.0,1,1,2,0.39960366,0.0035156354,0,3,adulto
ICB_03555_002,ICB_158,copd,AKG C417L Microphone,63.0,1,1,2,0.57771033,0.42190003,0,3,adulto
ICB_03555_003,ICB_158,copd,AKG C417L Microphone,63.0,1,0,2,0.72476876,0.018047044,0,1,adulto
ICB_03555_004,ICB_158,copd,AKG C417L Microphone,63.0,1,1,2,0.005194363,0.44063166,0,3,adulto
ICB_03555_005,ICB_158,copd,AKG C417L Microphone,63.0,1,1,2,0.030937545,0.7974429,0,3,adulto
ICB_03555_006,ICB_158,copd,AKG C417L Microphone,63.0,0,1,2,0.12748356,0.076745935,0,2,adulto
ICB_03555_007,ICB_158,copd,AKG C417L Microphone,63.0,0,1,2,0.27485985,0.18455599,0,2,adulto
ICB_03555_008,ICB_158,copd,AKG C417L Microphone,63.0,0,0,2,0.00014813156,0.05237217,0,0,adulto
ICB_03556_000,ICB_158,copd,AKG C417L Microphone,63.0,1,1,2,0.008662631,0.5933263,0,3,adulto
ICB_03556_001,ICB_158,copd,AKG C417L Microphone,63.0,0,1,2,0.23382884,0.30201817,0,2,adulto
ICB_03556_002,ICB_158,copd,AKG C417L Microphone,63.0,0,1,2,0.43390828,0.39830297,0,2,adulto
ICB_03556_003,ICB_158,copd,AKG C417L Microphone,63.0,1,1,2,0.93220675,0.030796222,1,3,adulto
ICB_03556_004,ICB_158,copd,AKG C417L Microphone,63.0,1,1,2,0.9107679,0.0020682043,1,3,adulto
ICB_03556_005,ICB_158,copd,AKG C417L Microphone,63.0,1,1,2,0.027697174,0.0037320075,0,3,adulto
ICB_03556_006,ICB_158,copd,AKG C417L Microphone,63.0,0,1,2,0.25915518,0.3810939,0,2,adulto
ICB_03556_007,ICB_158,copd,AKG C417L Microphone,63.0,0,1,2,0.83435667,0.45194972,1,2,adulto
ICB_03556_008,ICB_158,copd,AKG C417L Microphone,63.0,0,0,2,0.002510612,0.00076309376,0,0,adulto
ICB_03557_000,ICB_158,copd,AKG C417L Microphone,63.0,0,1,2,0.36795518,0.99601537,2,2,adulto
ICB_03557_001,ICB_158,copd,AKG C417L Microphone,63.0,0,1,2,0.06884599,0.0114126885,0,2,adulto
ICB_03557_002,ICB_158,copd,AKG C417L Microphone,63.0,0,1,2,0.9427739,0.24315085,1,2,adulto
ICB_03557_003,ICB_158,copd,AKG C417L Microphone,63.0,1,0,2,0.9398885,5.081813e-06,1,1,adulto
ICB_03557_004,ICB_158,copd,AKG C417L Microphone,63.0,0,1,2,0.51080763,0.023201495,0,2,adulto
ICB_03557_005,ICB_158,copd,AKG C417L Microphone,63.0,1,1,2,0.9999169,1.21985515e-08,1,3,adulto
ICB_03557_006,ICB_158,copd,AKG C417L Microphone,63.0,1,1,2,0.24877144,0.0049966057,0,3,adulto
ICB_03557_007,ICB_158,copd,AKG C417L Microphone,63.0,0,1,2,0.19443455,0.3243716,0,2,adulto
ICB_03557_008,ICB_158,copd,AKG C417L Microphone,63.0,0,0,2,0.46650434,1.11267155e-07,0,0,adulto
ICB_03558_000,ICB_158,copd,AKG C417L Microphone,63.0,1,1,2,0.046170574,0.9905674,2,3,adulto
ICB_03558_001,ICB_158,copd,AKG C417L Microphone,63.0,0,1,2,0.1208682,0.99993694,2,2,adulto
ICB_03558_002,ICB_158,copd,AKG C417L Microphone,63.0,0,1,2,0.0011231413,0.93491554,2,2,adulto
ICB_03558_003,ICB_158,copd,AKG C417L Microphone,63.0,0,1,2,0.4935533,0.043991048,0,2,adulto
ICB_03558_004,ICB_158,copd,AKG C417L Microphone,63.0,1,1,2,0.23577233,0.44550946,0,3,adulto
ICB_03558_005,ICB_158,copd,AKG C417L Microphone,63.0,1,1,2,0.018429039,0.24884412,0,3,adulto
ICB_03558_006,ICB_158,copd,AKG C417L Microphone,63.0,1,1,2,0.046712324,0.0006200939,0,3,adulto
ICB_03558_007,ICB_158,copd,AKG C417L Microphone,63.0,0,1,2,0.016798196,0.6805972,0,2,adulto
ICB_03558_008,ICB_158,copd,AKG C417L Microphone,63.0,0,1,2,7.759217e-05,0.59645295,0,2,adulto
ICB_03559_000,ICB_158,copd,AKG C417L Microphone,63.0,0,1,2,0.8918134,0.60107434,1,2,adulto
ICB_03559_001,ICB_158,copd,AKG C417L Microphone,63.0,0,1,2,0.9909067,0.023742743,1,2,adulto
ICB_03559_002,ICB_158,copd,AKG C417L Microphone,63.0,0,1,2,0.84974104,0.90634,3,2,adulto
ICB_03559_003,ICB_158,copd,AKG C417L Microphone,63.0,0,1,2,0.0107059935,0.0022275767,0,2,adulto
ICB_03559_004,ICB_158,copd,AKG C417L Microphone,63.0,1,1,2,0.5106504,0.51788104,0,3,adulto
ICB_03559_005,ICB_158,copd,AKG C417L Microphone,63.0,1,1,2,0.00018572499,0.842622,0,3,adulto
ICB_03559_006,ICB_158,copd,AKG C417L Microphone,63.0,1,1,2,0.330614,0.13014787,0,3,adulto
ICB_03559_007,ICB_158,copd,AKG C417L Microphone,63.0,0,1,2,0.86855525,0.38671342,1,2,adulto
ICB_03559_008,ICB_158,copd,AKG C417L Microphone,63.0,0,0,2,0.22432876,8.202634e-05,0,0,adulto
ICB_03560_000,ICB_158,copd,AKG C417L Microphone,63.0,0,1,2,0.7367293,0.07749573,0,2,adulto
ICB_03560_001,ICB_158,copd,AKG C417L Microphone,63.0,0,1,2,0.16160809,0.99976903,2,2,adulto
ICB_03560_002,ICB_158,copd,AKG C417L Microphone,63.0,0,1,2,0.58915144,0.7352852,0,2,adulto
ICB_03560_003,ICB_158,copd,AKG C417L Microphone,63.0,1,1,2,0.4544732,0.9488244,2,3,adulto
ICB_03560_004,ICB_158,copd,AKG C417L Microphone,63.0,0,1,2,0.30498436,0.98753,2,2,adulto
ICB_03560_005,ICB_158,copd,AKG C417L Microphone,63.0,1,1,2,0.43855307,0.7005673,0,3,adulto
ICB_03560_006,ICB_158,copd,AKG C417L Microphone,63.0,0,1,2,0.71740216,0.9887627,2,2,adulto
ICB_03560_007,ICB_158,copd,AKG C417L Microphone,63.0,1,1,2,0.26971155,0.991743,2,3,adulto
ICB_03560_008,ICB_158,copd,AKG C417L Microphone,63.0,0,1,2,0.000121936464,0.9749179,2,2,adulto
ICB_03561_000,ICB_158,copd,AKG C417L Microphone,63.0,0,1,2,0.04798783,8.619761e-06,0,2,adulto
ICB_03561_001,ICB_158,copd,AKG C417L Microphone,63.0,0,1,2,0.047602203,0.06095553,0,2,adulto
ICB_03561_002,ICB_158,copd,AKG C417L Microphone,63.0,0,1,2,0.016933294,0.014778471,0,2,adulto
ICB_03561_003,ICB_158,copd,AKG C417L Microphone,63.0,0,0,2,0.043590043,0.1079451,0,0,adulto
ICB_03561_004,ICB_158,copd,AKG C417L Microphone,63.0,0,1,2,0.002570571,0.018924853,0,2,adulto
ICB_03561_005,ICB_158,copd,AKG C417L Microphone,63.0,0,1,2,0.0004494808,0.043401103,0,2,adulto
ICB_03561_006,ICB_158,copd,AKG C417L Microphone,63.0,0,1,2,0.012093234,0.75977796,0,2,adulto
ICB_03561_007,ICB_158,copd,AKG C417L Microphone,63.0,0,1,2,0.0060180603,0.526888,0,2,adulto
ICB_03561_008,ICB_158,copd,AKG C417L Microphone,63.0,0,0,2,2.928081e-06,0.4956085,0,0,adulto
ICB_03562_000,ICB_158,copd,AKG C417L Microphone,63.0,1,1,2,0.09673304,0.40364358,0,3,adulto
ICB_03562_001,ICB_158,copd,AKG C417L Microphone,63.0,1,1,2,0.6973366,0.0012552812,0,3,adulto
ICB_03562_002,ICB_158,copd,AKG C417L Microphone,63.0,1,0,2,0.3812708,0.0010477089,0,1,adulto
ICB_03562_003,ICB_158,copd,AKG C417L Microphone,63.0,0,0,2,0.27739856,8.248342e-06,0,0,adulto
ICB_03562_004,ICB_158,copd,AKG C417L Microphone,63.0,1,0,2,0.48527,0.010357981,0,1,adulto
ICB_03562_005,ICB_158,copd,AKG C417L Microphone,63.0,1,0,2,0.9937856,0.0007505668,1,1,adulto
ICB_03562_006,ICB_158,copd,AKG C417L Microphone,63.0,0,0,2,0.014887519,0.0008366605,0,0,adulto
ICB_03562_007,ICB_158,copd,AKG C417L Microphone,63.0,1,1,2,0.33491167,0.017067814,0,3,adulto
ICB_03562_008,ICB_158,copd,AKG C417L Microphone,63.0,0,0,2,0.55876863,6.7639195e-07,0,0,adulto
ICB_03563_000,ICB_158,copd,AKG C417L Microphone,63.0,1,1,2,0.6793576,0.0006029886,0,3,adulto
ICB_03563_001,ICB_158,copd,AKG C417L Microphone,63.0,1,0,2,0.77023745,0.483198,0,1,adulto
ICB_03563_002,ICB_158,copd,AKG C417L Microphone,63.0,1,0,2,0.7906141,0.00011651367,0,1,adulto
ICB_03563_003,ICB_158,copd,AKG C417L Microphone,63.0,0,0,2,0.86037534,0.06808556,1,0,adulto
ICB_03563_004,ICB_158,copd,AKG C417L Microphone,63.0,1,0,2,0.8850092,0.007328749,1,1,adulto
ICB_03563_005,ICB_158,copd,AKG C417L Microphone,63.0,1,0,2,0.9782541,0.0031184575,1,1,adulto
ICB_03563_006,ICB_158,copd,AKG C417L Microphone,63.0,0,0,2,0.72503644,0.12359567,0,0,adulto
ICB_03563_007,ICB_158,copd,AKG C417L Microphone,63.0,1,0,2,0.18520738,5.7753674e-05,0,1,adulto
ICB_03563_008,ICB_158,copd,AKG C417L Microphone,63.0,1,0,2,0.8088476,0.27582523,1,1,adulto
ICB_03564_000,ICB_158,copd,AKG C417L Microphone,63.0,1,1,2,0.34458587,0.03283982,0,3,adulto
ICB_03564_001,ICB_158,copd,AKG C417L Microphone,63.0,1,1,2,0.7448647,0.29623273,0,3,adulto
ICB_03564_002,ICB_158,copd,AKG C417L Microphone,63.0,1,1,2,0.8087629,0.630343,1,3,adulto
ICB_03564_003,ICB_158,copd,AKG C417L Microphone,63.0,0,1,2,0.09919049,0.059493743,0,2,adulto
ICB_03564_004,ICB_158,copd,AKG C417L Microphone,63.0,0,1,2,0.18794145,0.4457106,0,2,adulto
ICB_03564_005,ICB_158,copd,AKG C417L Microphone,63.0,0,1,2,0.27671608,0.0027726144,0,2,adulto
ICB_03564_006,ICB_158,copd,AKG C417L Microphone,63.0,0,1,2,0.6832426,0.44783512,0,2,adulto
ICB_03564_007,ICB_158,copd,AKG C417L Microphone,63.0,1,1,2,0.50570554,0.0058333147,0,3,adulto
ICB_03564_008,ICB_158,copd,AKG C417L Microphone,63.0,1,1,2,0.56912214,0.18155181,0,3,adulto
ICB_03565_000,ICB_158,copd,AKG C417L Microphone,63.0,0,1,2,0.6874252,0.0038519206,0,2,adulto
ICB_03565_001,ICB_158,copd,AKG C417L Microphone,63.0,1,1,2,0.7263885,0.8251686,0,3,adulto
ICB_03565_002,ICB_158,copd,AKG C417L Microphone,63.0,1,0,2,0.8245506,0.0060576885,1,1,adulto
ICB_03565_003,ICB_158,copd,AKG C417L Microphone,63.0,0,0,2,0.96677256,0.0038130756,1,0,adulto
ICB_03565_004,ICB_158,copd,AKG C417L Microphone,63.0,1,0,2,0.8504423,0.6995691,1,1,adulto
ICB_03565_005,ICB_158,copd,AKG C417L Microphone,63.0,1,0,2,0.6131282,0.004908204,0,1,adulto
ICB_03565_006,ICB_158,copd,AKG C417L Microphone,63.0,0,0,2,0.038204182,0.2245375,0,0,adulto
ICB_03565_007,ICB_158,copd,AKG C417L Microphone,63.0,1,1,2,0.9763233,0.012245271,1,3,adulto
ICB_03565_008,ICB_158,copd,AKG C417L Microphone,63.0,1,1,2,0.7972625,0.0005913566,0,3,adulto
ICB_03566_000,ICB_158,copd,AKG C417L Microphone,63.0,0,1,2,0.47218972,0.7633855,0,2,adulto
ICB_03566_001,ICB_158,copd,AKG C417L Microphone,63.0,1,1,2,0.9882384,0.99704486,3,3,adulto
ICB_03566_002,ICB_158,copd,AKG C417L Microphone,63.0,1,1,2,0.46938655,0.99590707,2,3,adulto
ICB_03566_003,ICB_158,copd,AKG C417L Microphone,63.0,1,1,2,0.321238,0.98254424,2,3,adulto
ICB_03566_004,ICB_158,copd,AKG C417L Microphone,63.0,1,1,2,0.23662376,0.9992599,2,3,adulto
ICB_03566_005,ICB_158,copd,AKG C417L Microphone,63.0,1,1,2,0.70217574,0.9994542,2,3,adulto
ICB_03566_006,ICB_158,copd,AKG C417L Microphone,63.0,0,1,2,0.5808321,0.72907686,0,2,adulto
ICB_03566_007,ICB_158,copd,AKG C417L Microphone,63.0,1,1,2,0.27445215,0.99292904,2,3,adulto
ICB_03566_008,ICB_158,copd,AKG C417L Microphone,63.0,1,1,2,0.98733366,0.9997168,3,3,adulto
ICB_03567_000,ICB_158,copd,AKG C417L Microphone,63.0,1,0,2,0.04612291,0.0008238385,0,1,adulto
ICB_03567_001,ICB_158,copd,AKG C417L Microphone,63.0,1,0,2,0.12905543,0.003304479,0,1,adulto
ICB_03567_002,ICB_158,copd,AKG C417L Microphone,63.0,0,0,2,0.05596098,0.16958049,0,0,adulto
ICB_03567_003,ICB_158,copd,AKG C417L Microphone,63.0,0,0,2,0.0007214693,0.58125716,0,0,adulto
ICB_03567_004,ICB_158,copd,AKG C417L Microphone,63.0,1,0,2,0.042624943,0.025935069,0,1,adulto
ICB_03567_005,ICB_158,copd,AKG C417L Microphone,63.0,0,0,2,0.013828027,0.084229164,0,0,adulto
ICB_03567_006,ICB_158,copd,AKG C417L Microphone,63.0,0,0,2,0.010268506,0.32306516,0,0,adulto
ICB_03567_007,ICB_158,copd,AKG C417L Microphone,63.0,1,0,2,0.00071304885,0.29305136,0,1,adulto
ICB_03567_008,ICB_158,copd,AKG C417L Microphone,63.0,0,0,2,0.09159327,0.31283903,0,0,adulto
ICB_03568_000,ICB_158,copd,AKG C417L Microphone,63.0,1,0,2,0.052917276,0.0009529256,0,1,adulto
ICB_03568_001,ICB_158,copd,AKG C417L Microphone,63.0,1,1,2,0.28068286,0.03143436,0,3,adulto
ICB_03568_002,ICB_158,copd,AKG C417L Microphone,63.0,0,1,2,0.019219747,0.030035347,0,2,adulto
ICB_03568_003,ICB_158,copd,AKG C417L Microphone,63.0,0,0,2,0.013610032,3.9281167e-07,0,0,adulto
ICB_03568_004,ICB_158,copd,AKG C417L Microphone,63.0,1,1,2,2.3600346e-06,5.7571156e-06,0,3,adulto
ICB_03568_005,ICB_158,copd,AKG C417L Microphone,63.0,1,0,2,0.11373898,7.686779e-05,0,1,adulto
ICB_03568_006,ICB_158,copd,AKG C417L Microphone,63.0,1,0,2,0.8848162,3.2933565e-06,1,1,adulto
ICB_03568_007,ICB_158,copd,AKG C417L Microphone,63.0,1,0,2,0.3863375,0.017080257,0,1,adulto
ICB_03568_008,ICB_158,copd,AKG C417L Microphone,63.0,1,0,2,0.43295452,0.027145855,0,1,adulto
ICB_03569_000,ICB_158,copd,AKG C417L Microphone,63.0,1,0,2,0.23535869,0.00033269878,0,1,adulto
ICB_03569_001,ICB_158,copd,AKG C417L Microphone,63.0,1,0,2,0.44576806,4.2699666e-09,0,1,adulto
ICB_03569_002,ICB_158,copd,AKG C417L Microphone,63.0,1,1,2,0.73901474,0.00062426797,0,3,adulto
ICB_03569_003,ICB_158,copd,AKG C417L Microphone,63.0,1,0,2,0.07871248,0.33674166,0,1,adulto
ICB_03569_004,ICB_158,copd,AKG C417L Microphone,63.0,1,0,2,0.0011682571,3.7827693e-05,0,1,adulto
ICB_03569_005,ICB_158,copd,AKG C417L Microphone,63.0,1,0,2,0.55915976,0.00018939028,0,1,adulto
ICB_03569_006,ICB_158,copd,AKG C417L Microphone,63.0,1,0,2,0.054362908,7.106814e-11,0,1,adulto
ICB_03569_007,ICB_158,copd,AKG C417L Microphone,63.0,1,0,2,0.14889681,0.4142633,0,1,adulto
ICB_03569_008,ICB_158,copd,AKG C417L Microphone,63.0,1,1,2,0.05887508,0.00029031275,0,3,adulto
ICB_03569_009,ICB_158,copd,AKG C417L Microphone,63.0,1,1,2,0.9136641,0.9481626,3,3,adulto
ICB_03569_010,ICB_158,copd,AKG C417L Microphone,63.0,1,1,2,0.9567928,0.93623096,3,3,adulto
ICB_03569_011,ICB_158,copd,AKG C417L Microphone,63.0,1,1,2,1.5551676e-12,0.00015722249,0,3,adulto
ICB_03570_000,ICB_158,copd,AKG C417L Microphone,63.0,0,1,2,1.4732799e-19,0.94486344,2,2,adulto
ICB_03570_001,ICB_158,copd,AKG C417L Microphone,63.0,1,1,2,0.0047361376,0.9978782,2,3,adulto
ICB_03570_002,ICB_158,copd,AKG C417L Microphone,63.0,0,1,2,0.026016178,0.7559701,0,2,adulto
ICB_03570_003,ICB_158,copd,AKG C417L Microphone,63.0,0,1,2,0.05310879,0.0016611977,0,2,adulto
ICB_03570_004,ICB_158,copd,AKG C417L Microphone,63.0,0,1,2,0.8747275,2.7886395e-09,1,2,adulto
ICB_03570_005,ICB_158,copd,AKG C417L Microphone,63.0,1,1,2,0.021163287,0.7875706,0,3,adulto
ICB_03570_006,ICB_158,copd,AKG C417L Microphone,63.0,0,1,2,0.00026305843,0.21325593,0,2,adulto
ICB_03570_007,ICB_158,copd,AKG C417L Microphone,63.0,0,1,2,2.6097e-06,1.0,2,2,adulto
ICB_03570_008,ICB_158,copd,AKG C417L Microphone,63.0,0,1,2,0.58531934,0.9999573,2,2,adulto
ICB_03570_009,ICB_158,copd,AKG C417L Microphone,63.0,0,1,2,2.7505337e-07,1.0,2,2,adulto
ICB_03570_010,ICB_158,copd,AKG C417L Microphone,63.0,0,1,2,0.012394322,0.9988809,2,2,adulto
ICB_03570_011,ICB_158,copd,AKG C417L Microphone,63.0,0,1,2,0.002471404,0.9999902,2,2,adulto
ICB_03598_000,ICB_161,bronchiolitis_asthma,3M Littmann Classic II SE,2.0,1,1,2,0.55500394,0.0009401893,0,3,pediátrico (<18)
ICB_03598_001,ICB_161,bronchiolitis_asthma,3M Littmann Classic II SE,2.0,1,1,2,0.20438676,3.0352936e-05,0,3,pediátrico (<18)
ICB_03598_002,ICB_161,bronchiolitis_asthma,3M Littmann Classic II SE,2.0,0,1,2,0.04253561,1.1616257e-07,0,2,pediátrico (<18)
ICB_03598_003,ICB_161,bronchiolitis_asthma,3M Littmann Classic II SE,2.0,0,1,2,0.8685438,0.1334841,1,2,pediátrico (<18)
ICB_03598_004,ICB_161,bronchiolitis_asthma,3M Littmann Classic II SE,2.0,0,0,2,0.1629446,8.248987e-11,0,0,pediátrico (<18)
ICB_03598_005,ICB_161,bronchiolitis_asthma,3M Littmann Classic II SE,2.0,1,0,2,0.048178256,8.904332e-09,0,1,pediátrico (<18)
ICB_03598_006,ICB_161,bronchiolitis_asthma,3M Littmann Classic II SE,2.0,0,0,2,0.114985146,1.7227298e-07,0,0,pediátrico (<18)
ICB_03598_007,ICB_161,bronchiolitis_asthma,3M Littmann Classic II SE,2.0,1,0,2,0.4029212,1.32859785e-08,0,1,pediátrico (<18)
ICB_03598_008,ICB_161,bronchiolitis_asthma,3M Littmann Classic II SE,2.0,0,0,2,0.015580465,4.693084e-07,0,0,pediátrico (<18)
ICB_03599_000,ICB_161,bronchiolitis_asthma,3M Littmann Classic II SE,2.0,0,0,2,0.00012539238,1.4734937e-11,0,0,pediátrico (<18)
ICB_03599_001,ICB_161,bronchiolitis_asthma,3M Littmann Classic II SE,2.0,0,0,2,0.08187517,0.0022633064,0,0,pediátrico (<18)
ICB_03599_002,ICB_161,bronchiolitis_asthma,3M Littmann Classic II SE,2.0,0,0,2,0.040910702,0.00068562693,0,0,pediátrico (<18)
ICB_03599_003,ICB_161,bronchiolitis_asthma,3M Littmann Classic II SE,2.0,0,1,2,0.035498362,0.22309323,0,2,pediátrico (<18)
ICB_03599_004,ICB_161,bronchiolitis_asthma,3M Littmann Classic II SE,2.0,0,1,2,0.0005921899,2.0408208e-05,0,2,pediátrico (<18)
ICB_03599_005,ICB_161,bronchiolitis_asthma,3M Littmann Classic II SE,2.0,0,1,2,0.27018723,0.36802465,0,2,pediátrico (<18)
ICB_03599_006,ICB_161,bronchiolitis_asthma,3M Littmann Classic II SE,2.0,0,1,2,0.31851512,0.040138032,0,2,pediátrico (<18)
ICB_03599_007,ICB_161,bronchiolitis_asthma,3M Littmann Classic II SE,2.0,0,1,2,0.033253323,0.00021564963,0,2,pediátrico (<18)
ICB_03599_008,ICB_161,bronchiolitis_asthma,3M Littmann Classic II SE,2.0,0,1,2,0.69873244,0.004151983,0,2,pediátrico (<18)
ICB_03599_009,ICB_161,bronchiolitis_asthma,3M Littmann Classic II SE,2.0,0,1,2,0.04498411,0.039454736,0,2,pediátrico (<18)
ICB_03637_000,ICB_164,respiratory_infection,3M Littmann Classic II SE,1.0,0,1,2,2.1700182e-28,1.0,2,2,pediátrico (<18)
ICB_03637_001,ICB_164,respiratory_infection,3M Littmann Classic II SE,1.0,0,1,2,0.061547723,0.0763849,0,2,pediátrico (<18)
ICB_03637_002,ICB_164,respiratory_infection,3M Littmann Classic II SE,1.0,1,0,2,0.003982096,0.0010739666,0,1,pediátrico (<18)
ICB_03637_003,ICB_164,respiratory_infection,3M Littmann Classic II SE,1.0,0,0,2,0.00020745597,0.054973744,0,0,pediátrico (<18)
ICB_03637_004,ICB_164,respiratory_infection,3M Littmann Classic II SE,1.0,0,0,2,0.019119736,0.94617385,2,0,pediátrico (<18)
ICB_03637_005,ICB_164,respiratory_infection,3M Littmann Classic II SE,1.0,0,1,2,0.0007319472,0.008538996,0,2,pediátrico (<18)
ICB_03637_006,ICB_164,respiratory_infection,3M Littmann Classic II SE,1.0,0,0,2,1.2559262e-06,0.092515334,0,0,pediátrico (<18)
ICB_03637_007,ICB_164,respiratory_infection,3M Littmann Classic II SE,1.0,0,0,2,0.023354402,0.020248987,0,0,pediátrico (<18)
ICB_03637_008,ICB_164,respiratory_infection,3M Littmann Classic II SE,1.0,0,0,2,0.019402277,0.00067841896,0,0,pediátrico (<18)
ICB_03637_009,ICB_164,respiratory_infection,3M Littmann Classic II SE,1.0,0,0,2,0.0020772617,0.006958222,0,0,pediátrico (<18)
ICB_03638_000,ICB_165,respiratory_infection,AKG C417L Microphone,2.0,0,0,2,1.7723483e-05,9.2938556e-14,0,0,pediátrico (<18)
ICB_03638_001,ICB_165,respiratory_infection,AKG C417L Microphone,2.0,0,0,2,0.0015672806,1.6226203e-07,0,0,pediátrico (<18)
ICB_03638_002,ICB_165,respiratory_infection,AKG C417L Microphone,2.0,1,0,2,0.99119425,3.969896e-12,1,1,pediátrico (<18)
ICB_03638_003,ICB_165,respiratory_infection,AKG C417L Microphone,2.0,1,0,2,0.017325608,2.853192e-09,0,1,pediátrico (<18)
ICB_03638_004,ICB_165,respiratory_infection,AKG C417L Microphone,2.0,0,0,2,5.007534e-05,6.0179406e-10,0,0,pediátrico (<18)
ICB_03638_005,ICB_165,respiratory_infection,AKG C417L Microphone,2.0,0,0,2,2.4680716e-05,1.0894943e-09,0,0,pediátrico (<18)
ICB_03638_006,ICB_165,respiratory_infection,AKG C417L Microphone,2.0,0,0,2,0.004281214,6.0365557e-09,0,0,pediátrico (<18)
ICB_03639_000,ICB_165,respiratory_infection,AKG C417L Microphone,2.0,0,0,2,0.7796284,0.00077511324,0,0,pediátrico (<18)
ICB_03639_001,ICB_165,respiratory_infection,AKG C417L Microphone,2.0,0,0,2,0.0068798084,7.095293e-05,0,0,pediátrico (<18)
ICB_03639_002,ICB_165,respiratory_infection,AKG C417L Microphone,2.0,0,0,2,0.013822183,0.017216247,0,0,pediátrico (<18)
ICB_03639_003,ICB_165,respiratory_infection,AKG C417L Microphone,2.0,0,0,2,0.0072094398,0.007155217,0,0,pediátrico (<18)
ICB_03639_004,ICB_165,respiratory_infection,AKG C417L Microphone,2.0,0,0,2,0.12703711,0.02627824,0,0,pediátrico (<18)
ICB_03639_005,ICB_165,respiratory_infection,AKG C417L Microphone,2.0,0,0,2,0.5133483,2.3462475e-05,0,0,pediátrico (<18)
ICB_03639_006,ICB_165,respiratory_infection,AKG C417L Microphone,2.0,0,0,2,0.0002961352,0.019896742,0,0,pediátrico (<18)
ICB_03639_007,ICB_165,respiratory_infection,AKG C417L Microphone,2.0,0,0,2,0.086950704,0.00018524536,0,0,pediátrico (<18)
ICB_03640_000,ICB_165,respiratory_infection,AKG C417L Microphone,2.0,0,0,2,0.50131476,1.6095631e-09,0,0,pediátrico (<18)
ICB_03640_001,ICB_165,respiratory_infection,AKG C417L Microphone,2.0,1,0,2,0.922613,4.795347e-05,1,1,pediátrico (<18)
ICB_03640_002,ICB_165,respiratory_infection,AKG C417L Microphone,2.0,0,0,2,0.4276338,3.283655e-05,0,0,pediátrico (<18)
ICB_03640_003,ICB_165,respiratory_infection,AKG C417L Microphone,2.0,0,0,2,0.85048914,3.7274245e-07,1,0,pediátrico (<18)
ICB_03640_004,ICB_165,respiratory_infection,AKG C417L Microphone,2.0,0,0,2,0.5590482,0.00016060415,0,0,pediátrico (<18)
ICB_03640_005,ICB_165,respiratory_infection,AKG C417L Microphone,2.0,0,1,2,0.8159876,4.3866654e-05,1,2,pediátrico (<18)
ICB_03640_006,ICB_165,respiratory_infection,AKG C417L Microphone,2.0,0,0,2,0.010577932,3.6925674e-06,0,0,pediátrico (<18)
ICB_03640_007,ICB_165,respiratory_infection,AKG C417L Microphone,2.0,0,0,2,0.96393794,6.8240995e-05,1,0,pediátrico (<18)
ICB_03649_000,ICB_169,bronchiectasis,AKG C417L Microphone,50.0,1,0,2,0.91429836,9.798562e-06,1,1,adulto
ICB_03649_001,ICB_169,bronchiectasis,AKG C417L Microphone,50.0,1,0,2,0.92134625,2.6145145e-08,1,1,adulto
ICB_03649_002,ICB_169,bronchiectasis,AKG C417L Microphone,50.0,0,0,2,0.6699005,1.5828661e-07,0,0,adulto
ICB_03649_003,ICB_169,bronchiectasis,AKG C417L Microphone,50.0,1,0,2,0.7826865,9.5124386e-05,0,1,adulto
ICB_03649_004,ICB_169,bronchiectasis,AKG C417L Microphone,50.0,1,0,2,0.025765877,1.0967191e-08,0,1,adulto
ICB_03649_005,ICB_169,bronchiectasis,AKG C417L Microphone,50.0,1,0,2,0.13547476,0.00013886965,0,1,adulto
ICB_03649_006,ICB_169,bronchiectasis,AKG C417L Microphone,50.0,0,0,2,0.7287976,3.9558827e-06,0,0,adulto
ICB_03650_000,ICB_169,bronchiectasis,AKG C417L Microphone,50.0,1,0,2,0.8780095,3.5214475e-06,1,1,adulto
ICB_03650_001,ICB_169,bronchiectasis,AKG C417L Microphone,50.0,1,0,2,0.7801429,2.8832412e-07,0,1,adulto
ICB_03650_002,ICB_169,bronchiectasis,AKG C417L Microphone,50.0,1,0,2,0.31183165,0.0004019653,0,1,adulto
ICB_03650_003,ICB_169,bronchiectasis,AKG C417L Microphone,50.0,1,0,2,0.42221418,7.711492e-05,0,1,adulto
ICB_03650_004,ICB_169,bronchiectasis,AKG C417L Microphone,50.0,0,0,2,0.6269716,1.2013707e-07,0,0,adulto
ICB_03650_005,ICB_169,bronchiectasis,AKG C417L Microphone,50.0,1,0,2,0.8553469,0.00033573512,1,1,adulto
ICB_03650_006,ICB_169,bronchiectasis,AKG C417L Microphone,50.0,1,0,2,0.36018425,0.008634225,0,1,adulto
ICB_03728_000,ICB_175,copd,3M Littmann 3200 Electronic,63.0,0,1,2,0.06205567,0.3088604,0,2,adulto
ICB_03728_001,ICB_175,copd,3M Littmann 3200 Electronic,63.0,1,1,2,0.0035584776,0.06424982,0,3,adulto
ICB_03728_002,ICB_175,copd,3M Littmann 3200 Electronic,63.0,1,1,2,0.0006563612,0.10834722,0,3,adulto
ICB_03728_003,ICB_175,copd,3M Littmann 3200 Electronic,63.0,1,1,2,1.1674406e-07,3.2404389e-15,0,3,adulto
ICB_03729_000,ICB_175,copd,3M Littmann 3200 Electronic,63.0,0,0,2,6.5699643e-13,1.5621549e-18,0,0,adulto
ICB_03729_001,ICB_175,copd,3M Littmann 3200 Electronic,63.0,0,1,2,7.2890766e-13,1.4408058e-10,0,2,adulto
ICB_03729_002,ICB_175,copd,3M Littmann 3200 Electronic,63.0,0,1,2,6.861718e-09,6.6807077e-10,0,2,adulto
ICB_03730_000,ICB_175,copd,3M Littmann 3200 Electronic,63.0,0,1,2,0.0007020794,0.977491,2,2,adulto
ICB_03730_001,ICB_175,copd,3M Littmann 3200 Electronic,63.0,0,0,2,0.001249071,0.036274742,0,0,adulto
ICB_03730_002,ICB_175,copd,3M Littmann 3200 Electronic,63.0,0,1,2,1.1828091e-08,0.66046923,0,2,adulto
ICB_03730_003,ICB_175,copd,3M Littmann 3200 Electronic,63.0,1,1,2,8.758419e-11,6.042259e-16,0,3,adulto
ICB_03731_000,ICB_175,copd,3M Littmann 3200 Electronic,63.0,0,0,2,8.6815344e-10,0.00064266194,0,0,adulto
ICB_03731_001,ICB_175,copd,3M Littmann 3200 Electronic,63.0,1,1,2,0.00038739378,0.11154349,0,3,adulto
ICB_03731_002,ICB_175,copd,3M Littmann 3200 Electronic,63.0,0,1,2,5.0862553e-07,0.0002923866,0,2,adulto
ICB_03731_003,ICB_175,copd,3M Littmann 3200 Electronic,63.0,0,1,2,8.0181167e-07,0.99308914,2,2,adulto
ICB_03732_000,ICB_175,copd,3M Littmann 3200 Electronic,63.0,0,1,2,0.025686296,0.58207816,0,2,adulto
ICB_03732_001,ICB_175,copd,3M Littmann 3200 Electronic,63.0,0,1,2,8.3488454e-16,2.285864e-15,0,2,adulto
ICB_03732_002,ICB_175,copd,3M Littmann 3200 Electronic,63.0,0,1,2,1.6000512e-06,0.00021062966,0,2,adulto
ICB_03732_003,ICB_175,copd,3M Littmann 3200 Electronic,63.0,0,1,2,2.8734306e-17,2.0700476e-11,0,2,adulto
ICB_03733_000,ICB_175,copd,3M Littmann 3200 Electronic,63.0,0,0,2,0.0001863,0.0005185785,0,0,adulto
ICB_03733_001,ICB_175,copd,3M Littmann 3200 Electronic,63.0,0,1,2,3.4081582e-05,0.9999993,2,2,adulto
ICB_03733_002,ICB_175,copd,3M Littmann 3200 Electronic,63.0,0,1,2,1.7519977e-06,0.02893687,0,2,adulto
ICB_03733_003,ICB_175,copd,3M Littmann 3200 Electronic,63.0,0,1,2,0.0,6.734043e-10,0,2,adulto
ICB_03796_000,ICB_179,normal_lung,3M Littmann Classic II SE,10.0,1,0,2,0.8845128,1.3498554e-05,1,1,pediátrico (<18)
ICB_03796_001,ICB_179,normal_lung,3M Littmann Classic II SE,10.0,1,1,2,0.005812297,1.5470516e-07,0,3,pediátrico (<18)
ICB_03796_002,ICB_179,normal_lung,3M Littmann Classic II SE,10.0,1,0,2,0.21792215,5.587778e-07,0,1,pediátrico (<18)
ICB_03796_003,ICB_179,normal_lung,3M Littmann Classic II SE,10.0,0,0,2,0.27920118,2.5372842e-06,0,0,pediátrico (<18)
ICB_03796_004,ICB_179,normal_lung,3M Littmann Classic II SE,10.0,0,0,2,0.14835343,9.571503e-09,0,0,pediátrico (<18)
ICB_03796_005,ICB_179,normal_lung,3M Littmann Classic II SE,10.0,0,0,2,0.018787283,1.6046011e-12,0,0,pediátrico (<18)
ICB_03796_006,ICB_179,normal_lung,3M Littmann Classic II SE,10.0,0,0,2,0.008612551,2.0779234e-07,0,0,pediátrico (<18)
ICB_03796_007,ICB_179,normal_lung,3M Littmann Classic II SE,10.0,0,0,2,0.005120976,1.943052e-07,0,0,pediátrico (<18)
ICB_03797_000,ICB_179,normal_lung,3M Littmann Classic II SE,10.0,0,0,2,0.0085529145,0.007857777,0,0,pediátrico (<18)
ICB_03797_001,ICB_179,normal_lung,3M Littmann Classic II SE,10.0,0,0,2,5.1700467e-06,2.0979875e-05,0,0,pediátrico (<18)
ICB_03797_002,ICB_179,normal_lung,3M Littmann Classic II SE,10.0,1,0,2,5.818427e-06,0.14905146,0,1,pediátrico (<18)
ICB_03797_003,ICB_179,normal_lung,3M Littmann Classic II SE,10.0,0,0,2,3.9329953e-20,2.061625e-17,0,0,pediátrico (<18)
ICB_03797_004,ICB_179,normal_lung,3M Littmann Classic II SE,10.0,0,1,2,0.00020802011,0.006974342,0,2,pediátrico (<18)
ICB_03797_005,ICB_179,normal_lung,3M Littmann Classic II SE,10.0,1,0,2,4.2606413e-10,3.8711062e-07,0,1,pediátrico (<18)
ICB_03797_006,ICB_179,normal_lung,3M Littmann Classic II SE,10.0,0,0,2,7.9161755e-06,0.001670907,0,0,pediátrico (<18)
ICB_03841_000,ICB_187,normal_lung,AKG C417L Microphone,0.5,0,0,2,0.11605387,3.7415566e-06,0,0,pediátrico (<18)
ICB_03841_001,ICB_187,normal_lung,AKG C417L Microphone,0.5,0,0,2,0.017430091,6.603574e-07,0,0,pediátrico (<18)
ICB_03841_002,ICB_187,normal_lung,AKG C417L Microphone,0.5,0,0,2,0.15248978,1.7077911e-10,0,0,pediátrico (<18)
ICB_03841_003,ICB_187,normal_lung,AKG C417L Microphone,0.5,0,0,2,0.0021645208,0.00010348459,0,0,pediátrico (<18)
ICB_03841_004,ICB_187,normal_lung,AKG C417L Microphone,0.5,0,0,2,0.011355224,1.8978634e-06,0,0,pediátrico (<18)
ICB_03841_005,ICB_187,normal_lung,AKG C417L Microphone,0.5,0,0,2,0.00082314294,0.0002329712,0,0,pediátrico (<18)
ICB_03841_006,ICB_187,normal_lung,AKG C417L Microphone,0.5,0,0,2,0.0641772,0.00029018935,0,0,pediátrico (<18)
ICB_03841_007,ICB_187,normal_lung,AKG C417L Microphone,0.5,0,0,2,0.0038250524,6.9151486e-07,0,0,pediátrico (<18)
ICB_03841_008,ICB_187,normal_lung,AKG C417L Microphone,0.5,0,0,2,0.0005513797,3.5270208e-05,0,0,pediátrico (<18)
ICB_03841_009,ICB_187,normal_lung,AKG C417L Microphone,0.5,0,0,2,0.0005919027,1.535052e-05,0,0,pediátrico (<18)
ICB_03841_010,ICB_187,normal_lung,AKG C417L Microphone,0.5,0,0,2,0.08021341,0.0012713306,0,0,pediátrico (<18)
ICB_03841_011,ICB_187,normal_lung,AKG C417L Microphone,0.5,0,0,2,0.013901935,2.488234e-08,0,0,pediátrico (<18)
ICB_03841_012,ICB_187,normal_lung,AKG C417L Microphone,0.5,0,0,2,0.058180474,4.871347e-05,0,0,pediátrico (<18)
ICB_03841_013,ICB_187,normal_lung,AKG C417L Microphone,0.5,0,0,2,0.57711977,5.512544e-07,0,0,pediátrico (<18)
ICB_03841_014,ICB_187,normal_lung,AKG C417L Microphone,0.5,0,0,2,0.115797475,9.858996e-05,0,0,pediátrico (<18)
ICB_03841_015,ICB_187,normal_lung,AKG C417L Microphone,0.5,0,0,2,0.67766863,2.5837965e-06,0,0,pediátrico (<18)
ICB_03841_016,ICB_187,normal_lung,AKG C417L Microphone,0.5,0,0,2,0.0014315813,7.2528356e-10,0,0,pediátrico (<18)
ICB_03848_000,ICB_191,pneumonia,3M Littmann Classic II SE,74.0,0,0,2,0.24570197,0.13792527,0,0,adulto
ICB_03848_001,ICB_191,pneumonia,3M Littmann Classic II SE,74.0,0,0,2,0.6244676,0.60755396,0,0,adulto
ICB_03848_002,ICB_191,pneumonia,3M Littmann Classic II SE,74.0,0,0,2,0.3635928,0.8560398,0,0,adulto
ICB_03848_003,ICB_191,pneumonia,3M Littmann Classic II SE,74.0,0,0,2,0.585971,0.00698545,0,0,adulto
ICB_03848_004,ICB_191,pneumonia,3M Littmann Classic II SE,74.0,0,0,2,0.6295055,0.7647674,0,0,adulto
ICB_03848_005,ICB_191,pneumonia,3M Littmann Classic II SE,74.0,0,0,2,0.3644858,0.79434747,0,0,adulto
ICB_03848_006,ICB_191,pneumonia,3M Littmann Classic II SE,74.0,0,0,2,0.8364316,0.9350324,3,0,adulto
ICB_03848_007,ICB_191,pneumonia,3M Littmann Classic II SE,74.0,0,0,2,0.34186578,8.827809e-05,0,0,adulto
ICB_03849_000,ICB_191,pneumonia,3M Littmann Classic II SE,74.0,0,0,2,0.9361636,0.014806072,1,0,adulto
ICB_03849_001,ICB_191,pneumonia,3M Littmann Classic II SE,74.0,0,0,2,0.97878975,0.92327267,3,0,adulto
ICB_03849_002,ICB_191,pneumonia,3M Littmann Classic II SE,74.0,0,0,2,0.309766,0.78444046,0,0,adulto
ICB_03849_003,ICB_191,pneumonia,3M Littmann Classic II SE,74.0,0,0,2,0.9387775,0.62449735,1,0,adulto
ICB_03849_004,ICB_191,pneumonia,3M Littmann Classic II SE,74.0,0,0,2,0.96728444,0.0014359286,1,0,adulto
ICB_03849_005,ICB_191,pneumonia,3M Littmann Classic II SE,74.0,0,0,2,0.10259917,0.95997477,2,0,adulto
ICB_03849_006,ICB_191,pneumonia,3M Littmann Classic II SE,74.0,0,0,2,0.9556936,0.00021579895,1,0,adulto
ICB_03849_007,ICB_191,pneumonia,3M Littmann Classic II SE,74.0,0,0,2,0.008451883,5.85095e-07,0,0,adulto
ICB_03850_000,ICB_191,pneumonia,3M Littmann Classic II SE,74.0,0,0,2,0.5918369,0.15135345,0,0,adulto
ICB_03850_001,ICB_191,pneumonia,3M Littmann Classic II SE,74.0,0,0,2,0.19023295,0.3107729,0,0,adulto
ICB_03850_002,ICB_191,pneumonia,3M Littmann Classic II SE,74.0,0,0,2,0.4495338,0.050470494,0,0,adulto
ICB_03850_003,ICB_191,pneumonia,3M Littmann Classic II SE,74.0,0,0,2,0.077213846,0.032788076,0,0,adulto
ICB_03850_004,ICB_191,pneumonia,3M Littmann Classic II SE,74.0,0,0,2,0.6643518,2.758017e-06,0,0,adulto
ICB_03850_005,ICB_191,pneumonia,3M Littmann Classic II SE,74.0,0,0,2,0.11086876,0.0029459216,0,0,adulto
ICB_03850_006,ICB_191,pneumonia,3M Littmann Classic II SE,74.0,0,0,2,0.00936242,0.0011803203,0,0,adulto
ICB_03850_007,ICB_191,pneumonia,3M Littmann Classic II SE,74.0,0,0,2,0.016738549,7.737977e-06,0,0,adulto
ICB_03882_000,ICB_198,copd,AKG C417L Microphone,71.0,0,1,2,0.0015736844,0.03820015,0,2,adulto
ICB_03882_001,ICB_198,copd,AKG C417L Microphone,71.0,0,1,2,0.1371912,0.98791915,2,2,adulto
ICB_03882_002,ICB_198,copd,AKG C417L Microphone,71.0,0,1,2,0.20304179,0.68233824,0,2,adulto
ICB_03882_003,ICB_198,copd,AKG C417L Microphone,71.0,0,1,2,0.08856854,0.054747023,0,2,adulto
ICB_03882_004,ICB_198,copd,AKG C417L Microphone,71.0,0,1,2,0.06813579,0.09430052,0,2,adulto
ICB_03882_005,ICB_198,copd,AKG C417L Microphone,71.0,0,1,2,0.42112377,0.98919255,2,2,adulto
ICB_03882_006,ICB_198,copd,AKG C417L Microphone,71.0,0,0,2,0.0063889474,0.0024604695,0,0,adulto
ICB_03883_000,ICB_198,copd,AKG C417L Microphone,71.0,0,1,2,0.09262762,0.99999964,2,2,adulto
ICB_03883_001,ICB_198,copd,AKG C417L Microphone,71.0,0,1,2,0.1700746,0.9999999,2,2,adulto
ICB_03883_002,ICB_198,copd,AKG C417L Microphone,71.0,0,1,2,0.013249465,0.99683064,2,2,adulto
ICB_03883_003,ICB_198,copd,AKG C417L Microphone,71.0,0,1,2,0.28109944,0.9994856,2,2,adulto
ICB_03883_004,ICB_198,copd,AKG C417L Microphone,71.0,0,1,2,0.23131554,0.99996233,2,2,adulto
ICB_03883_005,ICB_198,copd,AKG C417L Microphone,71.0,0,1,2,0.021620173,0.9998908,2,2,adulto
ICB_03883_006,ICB_198,copd,AKG C417L Microphone,71.0,0,0,2,0.0012200809,3.147153e-06,0,0,adulto
ICB_03884_000,ICB_198,copd,AKG C417L Microphone,71.0,0,0,2,0.12576288,0.31421265,0,0,adulto
ICB_03884_001,ICB_198,copd,AKG C417L Microphone,71.0,0,1,2,0.9120481,0.95571184,3,2,adulto
ICB_03884_002,ICB_198,copd,AKG C417L Microphone,71.0,0,1,2,0.8186624,0.31146687,1,2,adulto
ICB_03884_003,ICB_198,copd,AKG C417L Microphone,71.0,0,1,2,0.60766655,0.97916096,2,2,adulto
ICB_03884_004,ICB_198,copd,AKG C417L Microphone,71.0,0,1,2,0.6937526,0.98093516,2,2,adulto
ICB_03884_005,ICB_198,copd,AKG C417L Microphone,71.0,0,1,2,0.4721415,0.93605316,2,2,adulto
ICB_03884_006,ICB_198,copd,AKG C417L Microphone,71.0,0,0,2,0.00494986,0.005886382,0,0,adulto
ICB_03885_000,ICB_198,copd,AKG C417L Microphone,71.0,0,1,2,0.09925707,0.8467826,0,2,adulto
ICB_03885_001,ICB_198,copd,AKG C417L Microphone,71.0,0,1,2,0.8707875,0.9999999,3,2,adulto
ICB_03885_002,ICB_198,copd,AKG C417L Microphone,71.0,0,1,2,0.05125017,0.6321304,0,2,adulto
ICB_03885_003,ICB_198,copd,AKG C417L Microphone,71.0,0,1,2,0.027424008,0.9780402,2,2,adulto
ICB_03885_004,ICB_198,copd,AKG C417L Microphone,71.0,0,1,2,0.088765025,0.49119094,0,2,adulto
ICB_03885_005,ICB_198,copd,AKG C417L Microphone,71.0,0,1,2,0.27183178,0.96451056,2,2,adulto
ICB_03885_006,ICB_198,copd,AKG C417L Microphone,71.0,0,0,2,0.6643824,0.15515701,0,0,adulto
ICB_03886_000,ICB_198,copd,AKG C417L Microphone,71.0,0,1,2,0.38683957,0.67781806,0,2,adulto
ICB_03886_001,ICB_198,copd,AKG C417L Microphone,71.0,0,1,2,0.05460219,0.16227573,0,2,adulto
ICB_03886_002,ICB_198,copd,AKG C417L Microphone,71.0,0,1,2,0.4389843,0.006837995,0,2,adulto
ICB_03886_003,ICB_198,copd,AKG C417L Microphone,71.0,0,1,2,0.8895725,0.016178846,1,2,adulto
ICB_03886_004,ICB_198,copd,AKG C417L Microphone,71.0,0,1,2,0.8289881,0.00041321406,1,2,adulto
ICB_03886_005,ICB_198,copd,AKG C417L Microphone,71.0,0,1,2,0.46958303,0.0060685677,0,2,adulto
ICB_03886_006,ICB_198,copd,AKG C417L Microphone,71.0,0,0,2,0.77188754,3.6412017e-05,0,0,adulto
ICB_03887_000,ICB_198,copd,AKG C417L Microphone,71.0,0,1,2,0.081344254,0.9442302,2,2,adulto
ICB_03887_001,ICB_198,copd,AKG C417L Microphone,71.0,0,1,2,0.20322178,0.99998415,2,2,adulto
ICB_03887_002,ICB_198,copd,AKG C417L Microphone,71.0,0,1,2,0.012313921,0.2490074,0,2,adulto
ICB_03887_003,ICB_198,copd,AKG C417L Microphone,71.0,0,1,2,0.0116557125,0.0063773943,0,2,adulto
ICB_03887_004,ICB_198,copd,AKG C417L Microphone,71.0,0,1,2,0.016335186,0.9713477,2,2,adulto
ICB_03887_005,ICB_198,copd,AKG C417L Microphone,71.0,0,1,2,0.40795615,0.8808777,0,2,adulto
ICB_03887_006,ICB_198,copd,AKG C417L Microphone,71.0,0,0,2,0.022191625,0.0102160005,0,0,adulto
ICB_03888_000,ICB_198,copd,AKG C417L Microphone,71.0,0,1,2,0.0011144297,0.9927471,2,2,adulto
ICB_03888_001,ICB_198,copd,AKG C417L Microphone,71.0,0,1,2,0.014144858,0.05906453,0,2,adulto
ICB_03888_002,ICB_198,copd,AKG C417L Microphone,71.0,0,1,2,0.017117346,0.16354214,0,2,adulto
ICB_03888_003,ICB_198,copd,AKG C417L Microphone,71.0,0,1,2,0.21229221,0.18974859,0,2,adulto
ICB_03888_004,ICB_198,copd,AKG C417L Microphone,71.0,0,1,2,0.11213881,0.09129452,0,2,adulto
ICB_03888_005,ICB_198,copd,AKG C417L Microphone,71.0,0,1,2,0.30016166,0.00046045883,0,2,adulto
ICB_03888_006,ICB_198,copd,AKG C417L Microphone,71.0,0,0,2,0.38212144,1.0858399e-07,0,0,adulto
ICB_03889_000,ICB_198,copd,AKG C417L Microphone,71.0,0,0,2,0.0025000325,2.7975545e-07,0,0,adulto
ICB_03889_001,ICB_198,copd,AKG C417L Microphone,71.0,0,0,2,0.0017241061,7.332939e-06,0,0,adulto
ICB_03889_002,ICB_198,copd,AKG C417L Microphone,71.0,0,0,2,0.011912485,0.020245468,0,0,adulto
ICB_03889_003,ICB_198,copd,AKG C417L Microphone,71.0,0,0,2,0.5030662,0.00027155562,0,0,adulto
ICB_03889_004,ICB_198,copd,AKG C417L Microphone,71.0,0,0,2,0.00032757776,0.002982066,0,0,adulto
ICB_03889_005,ICB_198,copd,AKG C417L Microphone,71.0,0,0,2,0.0019187195,5.306347e-06,0,0,adulto
ICB_03889_006,ICB_198,copd,AKG C417L Microphone,71.0,0,0,2,0.00044425775,0.1808542,0,0,adulto
ICB_03890_000,ICB_198,copd,AKG C417L Microphone,71.0,1,0,2,0.5142342,0.0026902067,0,1,adulto
ICB_03890_001,ICB_198,copd,AKG C417L Microphone,71.0,1,0,2,0.10753528,0.47018266,0,1,adulto
ICB_03890_002,ICB_198,copd,AKG C417L Microphone,71.0,1,0,2,0.68280613,0.0112541765,0,1,adulto
ICB_03890_003,ICB_198,copd,AKG C417L Microphone,71.0,1,0,2,0.05439737,3.6406218e-05,0,1,adulto
ICB_03890_004,ICB_198,copd,AKG C417L Microphone,71.0,1,0,2,0.4203888,0.00058007875,0,1,adulto
ICB_03890_005,ICB_198,copd,AKG C417L Microphone,71.0,1,0,2,0.3211407,0.0049043465,0,1,adulto
ICB_03891_000,ICB_198,copd,AKG C417L Microphone,71.0,0,0,2,0.01110683,0.012782863,0,0,adulto
ICB_03891_001,ICB_198,copd,AKG C417L Microphone,71.0,1,0,2,0.006569466,2.14911e-07,0,1,adulto
ICB_03891_002,ICB_198,copd,AKG C417L Microphone,71.0,0,0,2,0.9972307,0.016122159,1,0,adulto
ICB_03891_003,ICB_198,copd,AKG C417L Microphone,71.0,0,0,2,0.035954323,5.0530733e-08,0,0,adulto
ICB_03891_004,ICB_198,copd,AKG C417L Microphone,71.0,0,0,2,0.0071453564,1.9218292e-07,0,0,adulto
ICB_03891_005,ICB_198,copd,AKG C417L Microphone,71.0,0,0,2,0.77771366,0.0004879669,0,0,adulto
ICB_03891_006,ICB_198,copd,AKG C417L Microphone,71.0,0,0,2,0.46411252,0.00020019588,0,0,adulto
ICB_03892_000,ICB_198,copd,AKG C417L Microphone,71.0,1,0,2,0.0010168042,0.0102802245,0,1,adulto
ICB_03892_001,ICB_198,copd,AKG C417L Microphone,71.0,1,0,2,0.13157375,0.0003965325,0,1,adulto
ICB_03892_002,ICB_198,copd,AKG C417L Microphone,71.0,1,0,2,0.058497317,1.5166477e-05,0,1,adulto
ICB_03892_003,ICB_198,copd,AKG C417L Microphone,71.0,1,0,2,0.0022851024,1.7967724e-07,0,1,adulto
ICB_03892_004,ICB_198,copd,AKG C417L Microphone,71.0,1,0,2,3.4094035e-05,3.135757e-10,0,1,adulto
ICB_03892_005,ICB_198,copd,AKG C417L Microphone,71.0,1,0,2,1.4150565e-27,4.743122e-27,0,1,adulto
ICB_03892_006,ICB_198,copd,AKG C417L Microphone,71.0,1,0,2,0.04398154,1.1423925e-05,0,1,adulto
ICB_03893_000,ICB_198,copd,AKG C417L Microphone,71.0,1,0,2,0.6000901,3.0170575e-12,0,1,adulto
ICB_03893_001,ICB_198,copd,AKG C417L Microphone,71.0,1,0,2,0.007084528,3.009805e-07,0,1,adulto
ICB_03893_002,ICB_198,copd,AKG C417L Microphone,71.0,1,0,2,0.07062476,4.3888617e-06,0,1,adulto
ICB_03893_003,ICB_198,copd,AKG C417L Microphone,71.0,1,0,2,0.00020462667,5.1511353e-08,0,1,adulto
ICB_03893_004,ICB_198,copd,AKG C417L Microphone,71.0,1,0,2,0.027278652,1.3110107e-10,0,1,adulto
ICB_03893_005,ICB_198,copd,AKG C417L Microphone,71.0,0,0,2,0.00019181847,2.5576925e-05,0,0,adulto
ICB_03893_006,ICB_198,copd,AKG C417L Microphone,71.0,1,0,2,7.1786108e-06,0.0072550913,0,1,adulto
ICB_03894_000,ICB_198,copd,AKG C417L Microphone,71.0,1,0,2,0.0070381686,5.5392675e-08,0,1,adulto
ICB_03894_001,ICB_198,copd,AKG C417L Microphone,71.0,1,0,2,0.0023211553,2.6551382e-07,0,1,adulto
ICB_03894_002,ICB_198,copd,AKG C417L Microphone,71.0,1,0,2,6.9056587e-06,1.9148919e-07,0,1,adulto
ICB_03894_003,ICB_198,copd,AKG C417L Microphone,71.0,0,0,2,3.2589505e-05,8.387254e-05,0,0,adulto
ICB_03894_004,ICB_198,copd,AKG C417L Microphone,71.0,1,0,2,0.0001159995,2.3909665e-06,0,1,adulto
ICB_03894_005,ICB_198,copd,AKG C417L Microphone,71.0,1,0,2,0.013912358,0.0029077854,0,1,adulto
ICB_03894_006,ICB_198,copd,AKG C417L Microphone,71.0,0,0,2,2.9535311e-05,0.0027143103,0,0,adulto
ICB_03895_000,ICB_198,copd,AKG C417L Microphone,71.0,0,0,2,9.360316e-05,0.99094653,2,0,adulto
ICB_03895_001,ICB_198,copd,AKG C417L Microphone,71.0,1,0,2,0.0063008764,0.004223424,0,1,adulto
ICB_03895_002,ICB_198,copd,AKG C417L Microphone,71.0,1,0,2,0.40931097,0.01968769,0,1,adulto
ICB_03895_003,ICB_198,copd,AKG C417L Microphone,71.0,1,0,2,0.8445055,0.0025398917,1,1,adulto
ICB_03895_004,ICB_198,copd,AKG C417L Microphone,71.0,0,0,2,0.26193774,0.00019714911,0,0,adulto
ICB_03895_005,ICB_198,copd,AKG C417L Microphone,71.0,0,0,2,0.62809217,3.648932e-07,0,0,adulto
ICB_03895_006,ICB_198,copd,AKG C417L Microphone,71.0,0,0,2,0.08554306,5.8716937e-06,0,0,adulto
ICB_03895_007,ICB_198,copd,AKG C417L Microphone,71.0,0,0,2,0.0008495823,2.6345553e-05,0,0,adulto
ICB_03949_000,ICB_204,copd,AKG C417L Microphone,66.0,0,0,2,0.0082508335,0.048791356,0,0,adulto
ICB_03949_001,ICB_204,copd,AKG C417L Microphone,66.0,0,1,2,0.88129884,1.0,3,2,adulto
ICB_03949_002,ICB_204,copd,AKG C417L Microphone,66.0,0,1,2,0.13037875,0.9999993,2,2,adulto
ICB_03949_003,ICB_204,copd,AKG C417L Microphone,66.0,0,1,2,0.2616445,0.99990666,2,2,adulto
ICB_03949_004,ICB_204,copd,AKG C417L Microphone,66.0,0,0,2,0.12140079,0.5604451,0,0,adulto
ICB_03949_005,ICB_204,copd,AKG C417L Microphone,66.0,0,1,2,0.1510104,0.8879729,0,2,adulto
ICB_03949_006,ICB_204,copd,AKG C417L Microphone,66.0,0,0,2,0.853071,0.0017665614,1,0,adulto
ICB_03950_000,ICB_204,copd,AKG C417L Microphone,66.0,0,0,2,3.143455e-08,3.4674034e-08,0,0,adulto
ICB_03950_001,ICB_204,copd,AKG C417L Microphone,66.0,0,1,2,0.987039,0.7758098,1,2,adulto
ICB_03950_002,ICB_204,copd,AKG C417L Microphone,66.0,0,1,2,3.1854546e-05,0.025275096,0,2,adulto
ICB_03950_003,ICB_204,copd,AKG C417L Microphone,66.0,0,0,2,0.53921086,1.9243218e-05,0,0,adulto
ICB_03950_004,ICB_204,copd,AKG C417L Microphone,66.0,0,0,2,0.8760418,0.00014291385,1,0,adulto
ICB_03950_005,ICB_204,copd,AKG C417L Microphone,66.0,0,0,2,0.01685505,2.5308382e-05,0,0,adulto
ICB_03950_006,ICB_204,copd,AKG C417L Microphone,66.0,0,0,2,0.028256034,0.0060551222,0,0,adulto
ICB_03951_000,ICB_204,copd,AKG C417L Microphone,66.0,0,0,2,0.4393407,0.10172254,0,0,adulto
ICB_03951_001,ICB_204,copd,AKG C417L Microphone,66.0,0,0,2,0.93481433,1.0,3,0,adulto
ICB_03951_002,ICB_204,copd,AKG C417L Microphone,66.0,0,0,2,0.98909736,0.99993205,3,0,adulto
ICB_03951_003,ICB_204,copd,AKG C417L Microphone,66.0,0,0,2,0.6168135,0.9999931,2,0,adulto
ICB_03951_004,ICB_204,copd,AKG C417L Microphone,66.0,0,0,2,0.7775205,0.5216654,0,0,adulto
ICB_03951_005,ICB_204,copd,AKG C417L Microphone,66.0,0,0,2,0.1963179,0.9999192,2,0,adulto
ICB_03951_006,ICB_204,copd,AKG C417L Microphone,66.0,0,0,2,0.014693607,0.51605517,0,0,adulto
ICB_03952_000,ICB_204,copd,AKG C417L Microphone,66.0,0,0,2,1.2386296e-09,2.745313e-08,0,0,adulto
ICB_03952_001,ICB_204,copd,AKG C417L Microphone,66.0,0,0,2,0.45803145,2.618078e-07,0,0,adulto
ICB_03952_002,ICB_204,copd,AKG C417L Microphone,66.0,0,0,2,0.02440493,0.015175039,0,0,adulto
ICB_03952_003,ICB_204,copd,AKG C417L Microphone,66.0,0,0,2,0.10386931,0.040276457,0,0,adulto
ICB_03952_004,ICB_204,copd,AKG C417L Microphone,66.0,0,0,2,0.9901687,6.7434e-05,1,0,adulto
ICB_03952_005,ICB_204,copd,AKG C417L Microphone,66.0,0,0,2,0.49171478,0.0016793365,0,0,adulto
ICB_03952_006,ICB_204,copd,AKG C417L Microphone,66.0,0,0,2,0.00048925163,0.051850233,0,0,adulto
ICB_03953_000,ICB_204,copd,AKG C417L Microphone,66.0,0,0,2,7.817864e-06,7.57749e-09,0,0,adulto
ICB_03953_001,ICB_204,copd,AKG C417L Microphone,66.0,0,0,2,0.9800831,1.2439015e-10,1,0,adulto
ICB_03953_002,ICB_204,copd,AKG C417L Microphone,66.0,0,0,2,0.91603893,5.933003e-06,1,0,adulto
ICB_03953_003,ICB_204,copd,AKG C417L Microphone,66.0,0,0,2,0.06408522,0.010770542,0,0,adulto
ICB_03953_004,ICB_204,copd,AKG C417L Microphone,66.0,0,0,2,0.7072076,0.0005136007,0,0,adulto
ICB_03953_005,ICB_204,copd,AKG C417L Microphone,66.0,0,0,2,0.029222637,4.1231674e-06,0,0,adulto
ICB_03953_006,ICB_204,copd,AKG C417L Microphone,66.0,0,0,2,0.122652546,0.007298845,0,0,adulto
ICB_03954_000,ICB_204,copd,AKG C417L Microphone,66.0,0,0,2,0.9708009,0.001401868,1,0,adulto
ICB_03954_001,ICB_204,copd,AKG C417L Microphone,66.0,0,0,2,0.99993646,3.2831429e-06,1,0,adulto
ICB_03954_002,ICB_204,copd,AKG C417L Microphone,66.0,0,0,2,0.9445231,0.0018791578,1,0,adulto
ICB_03954_003,ICB_204,copd,AKG C417L Microphone,66.0,0,0,2,0.99988997,5.4691714e-05,1,0,adulto
ICB_03954_004,ICB_204,copd,AKG C417L Microphone,66.0,0,0,2,0.9864277,0.009316172,1,0,adulto
ICB_03954_005,ICB_204,copd,AKG C417L Microphone,66.0,0,0,2,0.9049653,0.01381831,1,0,adulto
ICB_03954_006,ICB_204,copd,AKG C417L Microphone,66.0,0,0,2,0.9949693,1.006596e-05,1,0,adulto
ICB_03955_000,ICB_204,copd,AKG C417L Microphone,66.0,0,0,2,0.009245173,0.0017405386,0,0,adulto
ICB_03955_001,ICB_204,copd,AKG C417L Microphone,66.0,0,0,2,0.08914522,0.0002796633,0,0,adulto
ICB_03955_002,ICB_204,copd,AKG C417L Microphone,66.0,0,0,2,0.25708094,0.00054581097,0,0,adulto
ICB_03955_003,ICB_204,copd,AKG C417L Microphone,66.0,0,0,2,0.38714898,0.00011198534,0,0,adulto
ICB_03955_004,ICB_204,copd,AKG C417L Microphone,66.0,0,0,2,0.33217797,0.0020823027,0,0,adulto
ICB_03955_005,ICB_204,copd,AKG C417L Microphone,66.0,0,0,2,0.004875605,0.0003724713,0,0,adulto
ICB_03955_006,ICB_204,copd,AKG C417L Microphone,66.0,0,0,2,0.0070736515,0.00014573231,0,0,adulto
ICB_03956_000,ICB_204,copd,AKG C417L Microphone,66.0,0,0,2,1.0,0.0022181345,1,0,adulto
ICB_03956_001,ICB_204,copd,AKG C417L Microphone,66.0,0,0,2,0.92699134,0.056016196,1,0,adulto
ICB_03956_002,ICB_204,copd,AKG C417L Microphone,66.0,0,0,2,0.9504265,0.94352055,3,0,adulto
ICB_03956_003,ICB_204,copd,AKG C417L Microphone,66.0,0,0,2,0.95716536,0.6528388,1,0,adulto
ICB_03956_004,ICB_204,copd,AKG C417L Microphone,66.0,0,0,2,0.9977857,0.010288151,1,0,adulto
ICB_03956_005,ICB_204,copd,AKG C417L Microphone,66.0,0,0,2,0.9983,0.007970519,1,0,adulto
ICB_03956_006,ICB_204,copd,AKG C417L Microphone,66.0,0,0,2,0.9923707,0.008384623,1,0,adulto
ICB_03957_000,ICB_204,copd,AKG C417L Microphone,66.0,0,0,2,0.00076077285,5.2452185e-07,0,0,adulto
ICB_03957_001,ICB_204,copd,AKG C417L Microphone,66.0,0,0,2,1.0257128e-13,1.4448773e-12,0,0,adulto
ICB_03957_002,ICB_204,copd,AKG C417L Microphone,66.0,0,0,2,0.06089208,4.259199e-05,0,0,adulto
ICB_03957_003,ICB_204,copd,AKG C417L Microphone,66.0,0,0,2,0.008166586,0.055407327,0,0,adulto
ICB_03957_004,ICB_204,copd,AKG C417L Microphone,66.0,0,0,2,0.12191855,0.0003225029,0,0,adulto
ICB_03957_005,ICB_204,copd,AKG C417L Microphone,66.0,0,0,2,0.20459022,0.0014913765,0,0,adulto
ICB_03957_006,ICB_204,copd,AKG C417L Microphone,66.0,0,0,2,5.7744583e-06,0.04613158,0,0,adulto
ICB_04002_000,ICB_208,normal_lung,3M Littmann Classic II SE,5.0,0,0,2,0.019553691,0.76424617,0,0,pediátrico (<18)
ICB_04002_001,ICB_208,normal_lung,3M Littmann Classic II SE,5.0,0,0,2,0.0094605675,0.0014757765,0,0,pediátrico (<18)
ICB_04002_002,ICB_208,normal_lung,3M Littmann Classic II SE,5.0,0,0,2,0.14651075,0.018072724,0,0,pediátrico (<18)
ICB_04002_003,ICB_208,normal_lung,3M Littmann Classic II SE,5.0,0,0,2,0.050505802,0.00048078166,0,0,pediátrico (<18)
ICB_04002_004,ICB_208,normal_lung,3M Littmann Classic II SE,5.0,0,0,2,0.018685047,0.00016574869,0,0,pediátrico (<18)
ICB_04002_005,ICB_208,normal_lung,3M Littmann Classic II SE,5.0,0,0,2,0.8117305,9.517912e-06,1,0,pediátrico (<18)
ICB_04002_006,ICB_208,normal_lung,3M Littmann Classic II SE,5.0,0,0,2,0.59245956,0.0004286522,0,0,pediátrico (<18)
ICB_04002_007,ICB_208,normal_lung,3M Littmann Classic II SE,5.0,0,0,2,0.25607166,0.022379976,0,0,pediátrico (<18)
ICB_04002_008,ICB_208,normal_lung,3M Littmann Classic II SE,5.0,0,0,2,3.9836858e-12,3.068772e-10,0,0,pediátrico (<18)
ICB_04002_009,ICB_208,normal_lung,3M Littmann Classic II SE,5.0,0,0,2,0.09841862,0.0010782491,0,0,pediátrico (<18)
ICB_04002_010,ICB_208,normal_lung,3M Littmann Classic II SE,5.0,0,0,2,0.46437463,0.004975738,0,0,pediátrico (<18)
ICB_04002_011,ICB_208,normal_lung,3M Littmann Classic II SE,5.0,0,0,2,0.15375993,0.016337415,0,0,pediátrico (<18)
ICB_04002_012,ICB_208,normal_lung,3M Littmann Classic II SE,5.0,0,0,2,0.0020422896,8.635446e-09,0,0,pediátrico (<18)
ICB_04006_000,ICB_211,copd,AKG C417L Microphone,70.0,0,0,2,0.19727007,0.04454051,0,0,adulto
ICB_04006_001,ICB_211,copd,AKG C417L Microphone,70.0,0,0,2,0.54578495,0.01041246,0,0,adulto
ICB_04006_002,ICB_211,copd,AKG C417L Microphone,70.0,0,0,2,0.38969618,0.52770025,0,0,adulto
ICB_04006_003,ICB_211,copd,AKG C417L Microphone,70.0,0,0,2,0.22564375,0.00948548,0,0,adulto
ICB_04006_004,ICB_211,copd,AKG C417L Microphone,70.0,0,0,2,0.48963162,0.0054404335,0,0,adulto
ICB_04006_005,ICB_211,copd,AKG C417L Microphone,70.0,0,0,2,0.31928498,7.774608e-05,0,0,adulto
ICB_04006_006,ICB_211,copd,AKG C417L Microphone,70.0,0,0,2,0.4646871,0.03944302,0,0,adulto
ICB_04006_007,ICB_211,copd,AKG C417L Microphone,70.0,0,0,2,0.7317443,0.23355994,0,0,adulto
ICB_04006_008,ICB_211,copd,AKG C417L Microphone,70.0,0,0,2,0.032943733,0.13418412,0,0,adulto
ICB_04006_009,ICB_211,copd,AKG C417L Microphone,70.0,0,0,2,0.9750426,0.0061926027,1,0,adulto
ICB_04006_010,ICB_211,copd,AKG C417L Microphone,70.0,0,0,2,0.046555318,0.3593919,0,0,adulto
ICB_04006_011,ICB_211,copd,AKG C417L Microphone,70.0,0,0,2,0.051601063,3.555211e-07,0,0,adulto
ICB_04006_012,ICB_211,copd,AKG C417L Microphone,70.0,0,0,2,0.19396028,0.038546003,0,0,adulto
ICB_04007_000,ICB_211,copd,AKG C417L Microphone,70.0,0,1,2,0.23721698,0.013120894,0,2,adulto
ICB_04007_001,ICB_211,copd,AKG C417L Microphone,70.0,1,1,2,0.99753654,0.07630434,1,3,adulto
ICB_04007_002,ICB_211,copd,AKG C417L Microphone,70.0,1,1,2,0.13219412,0.006144865,0,3,adulto
ICB_04007_003,ICB_211,copd,AKG C417L Microphone,70.0,1,0,2,0.00013323604,0.012505118,0,1,adulto
ICB_04007_004,ICB_211,copd,AKG C417L Microphone,70.0,1,0,2,0.08075366,0.07881628,0,1,adulto
ICB_04007_005,ICB_211,copd,AKG C417L Microphone,70.0,1,1,2,0.9605509,0.563581,1,3,adulto
ICB_04007_006,ICB_211,copd,AKG C417L Microphone,70.0,1,0,2,0.0060172155,0.82987887,0,1,adulto
ICB_04007_007,ICB_211,copd,AKG C417L Microphone,70.0,0,1,2,0.12887754,0.004423075,0,2,adulto
ICB_04007_008,ICB_211,copd,AKG C417L Microphone,70.0,1,1,2,0.0046343724,0.035302643,0,3,adulto
ICB_04007_009,ICB_211,copd,AKG C417L Microphone,70.0,0,1,2,0.00014126634,0.5896193,0,2,adulto
ICB_04007_010,ICB_211,copd,AKG C417L Microphone,70.0,0,1,2,0.05485241,0.9424371,2,2,adulto
ICB_04007_011,ICB_211,copd,AKG C417L Microphone,70.0,1,0,2,0.17226826,0.6473993,0,1,adulto
ICB_04007_012,ICB_211,copd,AKG C417L Microphone,70.0,1,0,2,0.0010211203,6.26048e-05,0,1,adulto
ICB_04008_000,ICB_211,copd,AKG C417L Microphone,70.0,0,0,2,0.5915308,0.08615656,0,0,adulto
ICB_04008_001,ICB_211,copd,AKG C417L Microphone,70.0,0,0,2,0.83383584,0.0030469454,1,0,adulto
ICB_04008_002,ICB_211,copd,AKG C417L Microphone,70.0,0,0,2,0.38558978,0.001258121,0,0,adulto
ICB_04008_003,ICB_211,copd,AKG C417L Microphone,70.0,0,0,2,0.099624276,0.043792464,0,0,adulto
ICB_04008_004,ICB_211,copd,AKG C417L Microphone,70.0,0,0,2,0.094509654,0.009664059,0,0,adulto
ICB_04008_005,ICB_211,copd,AKG C417L Microphone,70.0,0,0,2,0.9273166,0.81661445,1,0,adulto
ICB_04008_006,ICB_211,copd,AKG C417L Microphone,70.0,0,0,2,0.6250274,0.00723487,0,0,adulto
ICB_04008_007,ICB_211,copd,AKG C417L Microphone,70.0,0,0,2,0.96669614,0.0075895106,1,0,adulto
ICB_04008_008,ICB_211,copd,AKG C417L Microphone,70.0,0,0,2,0.68240154,0.013692162,0,0,adulto
ICB_04008_009,ICB_211,copd,AKG C417L Microphone,70.0,0,0,2,0.6235246,0.38972446,0,0,adulto
ICB_04008_010,ICB_211,copd,AKG C417L Microphone,70.0,0,0,2,0.0041360357,4.323432e-24,0,0,adulto
ICB_04008_011,ICB_211,copd,AKG C417L Microphone,70.0,0,0,2,0.9736308,0.00014472404,1,0,adulto
ICB_04008_012,ICB_211,copd,AKG C417L Microphone,70.0,0,0,2,5.8009064e-05,0.0011846179,0,0,adulto
ICB_04009_000,ICB_211,copd,AKG C417L Microphone,70.0,0,0,2,0.52134323,1.2269286e-05,0,0,adulto
ICB_04009_001,ICB_211,copd,AKG C417L Microphone,70.0,0,0,2,0.21987382,0.023926888,0,0,adulto
ICB_04009_002,ICB_211,copd,AKG C417L Microphone,70.0,0,0,2,0.28049996,0.87682873,0,0,adulto
ICB_04009_003,ICB_211,copd,AKG C417L Microphone,70.0,0,0,2,0.052126188,7.5947115e-05,0,0,adulto
ICB_04009_004,ICB_211,copd,AKG C417L Microphone,70.0,0,0,2,0.00913433,0.02638405,0,0,adulto
ICB_04009_005,ICB_211,copd,AKG C417L Microphone,70.0,0,0,2,0.18429889,1.3511331e-05,0,0,adulto
ICB_04009_006,ICB_211,copd,AKG C417L Microphone,70.0,0,0,2,0.23784202,0.011295596,0,0,adulto
ICB_04009_007,ICB_211,copd,AKG C417L Microphone,70.0,0,0,2,0.09205537,7.9020625e-05,0,0,adulto
ICB_04009_008,ICB_211,copd,AKG C417L Microphone,70.0,0,0,2,0.00018542455,0.0002729914,0,0,adulto
ICB_04009_009,ICB_211,copd,AKG C417L Microphone,70.0,0,0,2,0.29150504,0.004272537,0,0,adulto
ICB_04009_010,ICB_211,copd,AKG C417L Microphone,70.0,0,0,2,0.057131246,0.010007862,0,0,adulto
ICB_04009_011,ICB_211,copd,AKG C417L Microphone,70.0,0,0,2,0.034750935,0.0026896284,0,0,adulto
ICB_04009_012,ICB_211,copd,AKG C417L Microphone,70.0,0,0,2,0.19397084,0.001968034,0,0,adulto
ICB_04009_013,ICB_211,copd,AKG C417L Microphone,70.0,0,0,2,0.011149695,0.03460259,0,0,adulto
ICB_04010_000,ICB_211,copd,AKG C417L Microphone,70.0,0,0,2,0.67220014,1.3700515e-06,0,0,adulto
ICB_04010_001,ICB_211,copd,AKG C417L Microphone,70.0,0,0,2,0.011371616,0.00041404506,0,0,adulto
ICB_04010_002,ICB_211,copd,AKG C417L Microphone,70.0,0,0,2,0.009392245,0.00010624097,0,0,adulto
ICB_04010_003,ICB_211,copd,AKG C417L Microphone,70.0,0,0,2,0.13651769,0.01747053,0,0,adulto
ICB_04010_004,ICB_211,copd,AKG C417L Microphone,70.0,0,0,2,0.31141186,6.530868e-07,0,0,adulto
ICB_04010_005,ICB_211,copd,AKG C417L Microphone,70.0,0,0,2,6.3415064e-05,0.013860213,0,0,adulto
ICB_04010_006,ICB_211,copd,AKG C417L Microphone,70.0,0,0,2,0.00027907148,0.003140533,0,0,adulto
ICB_04010_007,ICB_211,copd,AKG C417L Microphone,70.0,0,0,2,0.4356024,0.0011882716,0,0,adulto
ICB_04010_008,ICB_211,copd,AKG C417L Microphone,70.0,0,0,2,0.0014195613,0.03865231,0,0,adulto
ICB_04010_009,ICB_211,copd,AKG C417L Microphone,70.0,0,0,2,7.5654502e-06,0.0205463,0,0,adulto
ICB_04010_010,ICB_211,copd,AKG C417L Microphone,70.0,0,0,2,0.08681792,5.85698e-07,0,0,adulto
ICB_04010_011,ICB_211,copd,AKG C417L Microphone,70.0,0,0,2,1.2659348e-06,0.0033745014,0,0,adulto
ICB_04010_012,ICB_211,copd,AKG C417L Microphone,70.0,0,0,2,0.01528285,0.002770117,0,0,adulto
ICB_04010_013,ICB_211,copd,AKG C417L Microphone,70.0,0,0,2,0.0017807954,0.78453606,0,0,adulto
ICB_04011_000,ICB_211,copd,AKG C417L Microphone,70.0,0,0,2,1.3620951e-09,0.00084168813,0,0,adulto
ICB_04011_001,ICB_211,copd,AKG C417L Microphone,70.0,0,0,2,0.29616565,0.06634792,0,0,adulto
ICB_04011_002,ICB_211,copd,AKG C417L Microphone,70.0,0,0,2,1.5363102e-06,0.032175668,0,0,adulto
ICB_04011_003,ICB_211,copd,AKG C417L Microphone,70.0,0,0,2,0.2139047,0.0018738895,0,0,adulto
ICB_04011_004,ICB_211,copd,AKG C417L Microphone,70.0,0,0,2,0.12109974,0.03629586,0,0,adulto
ICB_04011_005,ICB_211,copd,AKG C417L Microphone,70.0,0,0,2,0.0005593491,0.00413397,0,0,adulto
ICB_04011_006,ICB_211,copd,AKG C417L Microphone,70.0,0,0,2,0.00013793266,0.53215647,0,0,adulto
ICB_04011_007,ICB_211,copd,AKG C417L Microphone,70.0,0,0,2,4.7181926e-05,0.00013277351,0,0,adulto
ICB_04011_008,ICB_211,copd,AKG C417L Microphone,70.0,0,0,2,0.31023076,0.16905437,0,0,adulto
ICB_04011_009,ICB_211,copd,AKG C417L Microphone,70.0,0,0,2,0.00018729099,0.0009791721,0,0,adulto
ICB_04011_010,ICB_211,copd,AKG C417L Microphone,70.0,0,0,2,0.0016128264,0.0037640922,0,0,adulto
ICB_04011_011,ICB_211,copd,AKG C417L Microphone,70.0,0,0,2,0.45254472,0.9353407,2,0,adulto
ICB_04011_012,ICB_211,copd,AKG C417L Microphone,70.0,0,0,2,0.0012801333,9.544175e-09,0,0,adulto
ICB_04012_000,ICB_211,copd,AKG C417L Microphone,70.0,0,0,2,3.199276e-05,8.769038e-06,0,0,adulto
ICB_04012_001,ICB_211,copd,AKG C417L Microphone,70.0,0,0,2,7.124934e-06,0.03313628,0,0,adulto
ICB_04012_002,ICB_211,copd,AKG C417L Microphone,70.0,0,0,2,0.0026894468,0.0106628835,0,0,adulto
ICB_04012_003,ICB_211,copd,AKG C417L Microphone,70.0,0,0,2,0.00014865,0.003411266,0,0,adulto
ICB_04012_004,ICB_211,copd,AKG C417L Microphone,70.0,0,0,2,4.963516e-07,1.7404167e-08,0,0,adulto
ICB_04012_005,ICB_211,copd,AKG C417L Microphone,70.0,0,0,2,6.414412e-06,4.7918136e-05,0,0,adulto
ICB_04012_006,ICB_211,copd,AKG C417L Microphone,70.0,0,0,2,2.9383926e-07,0.00017361117,0,0,adulto
ICB_04012_007,ICB_211,copd,AKG C417L Microphone,70.0,0,0,2,1.04812825e-05,0.991835,2,0,adulto
ICB_04012_008,ICB_211,copd,AKG C417L Microphone,70.0,0,0,2,5.376719e-05,0.0052498067,0,0,adulto
ICB_04012_009,ICB_211,copd,AKG C417L Microphone,70.0,0,0,2,4.5594043e-06,0.5049755,0,0,adulto
ICB_04012_010,ICB_211,copd,AKG C417L Microphone,70.0,0,0,2,0.00025626284,0.22374144,0,0,adulto
ICB_04012_011,ICB_211,copd,AKG C417L Microphone,70.0,0,0,2,3.0628423e-06,6.9411217e-06,0,0,adulto
ICB_04012_012,ICB_211,copd,AKG C417L Microphone,70.0,0,0,2,4.0418955e-14,0.009331915,0,0,adulto
ICB_04012_013,ICB_211,copd,AKG C417L Microphone,70.0,0,0,2,1.389469e-06,0.0004545507,0,0,adulto
ICB_04012_014,ICB_211,copd,AKG C417L Microphone,70.0,0,0,2,3.0783128e-06,5.265107e-09,0,0,adulto
ICB_04012_015,ICB_211,copd,AKG C417L Microphone,70.0,0,0,2,1.8939578e-10,9.72201e-07,0,0,adulto
ICB_04013_000,ICB_211,copd,AKG C417L Microphone,70.0,0,0,2,0.01777651,0.83725744,0,0,adulto
ICB_04013_001,ICB_211,copd,AKG C417L Microphone,70.0,0,0,2,0.00032590373,0.010462824,0,0,adulto
ICB_04013_002,ICB_211,copd,AKG C417L Microphone,70.0,0,0,2,3.0523565e-06,7.191799e-05,0,0,adulto
ICB_04013_003,ICB_211,copd,AKG C417L Microphone,70.0,0,0,2,5.103417e-05,0.004419459,0,0,adulto
ICB_04013_004,ICB_211,copd,AKG C417L Microphone,70.0,0,0,2,0.00067705323,0.10889335,0,0,adulto
ICB_04013_005,ICB_211,copd,AKG C417L Microphone,70.0,0,0,2,6.394601e-07,0.99999714,2,0,adulto
ICB_04013_006,ICB_211,copd,AKG C417L Microphone,70.0,0,0,2,6.598332e-06,0.4786142,0,0,adulto
ICB_04013_007,ICB_211,copd,AKG C417L Microphone,70.0,0,0,2,2.553808e-08,0.00040196243,0,0,adulto
ICB_04013_008,ICB_211,copd,AKG C417L Microphone,70.0,0,0,2,0.14744991,7.6163826e-07,0,0,adulto
ICB_04013_009,ICB_211,copd,AKG C417L Microphone,70.0,0,0,2,8.9849016e-07,0.99436885,2,0,adulto
ICB_04013_010,ICB_211,copd,AKG C417L Microphone,70.0,0,0,2,1.859181e-06,0.0028616225,0,0,adulto
ICB_04013_011,ICB_211,copd,AKG C417L Microphone,70.0,0,0,2,8.575276e-05,0.054599673,0,0,adulto
ICB_04013_012,ICB_211,copd,AKG C417L Microphone,70.0,0,0,2,4.972537e-07,0.0033229094,0,0,adulto
ICB_04013_013,ICB_211,copd,AKG C417L Microphone,70.0,0,0,2,7.3742514e-05,0.15155528,0,0,adulto
ICB_04013_014,ICB_211,copd,AKG C417L Microphone,70.0,0,0,2,0.0011830425,0.012943864,0,0,adulto
ICB_04014_000,ICB_212,copd,3M Littmann Classic II SE,83.0,0,0,2,0.7363034,2.181652e-08,0,0,adulto
ICB_04014_001,ICB_212,copd,3M Littmann Classic II SE,83.0,1,0,2,0.74361753,0.0009148433,0,1,adulto
ICB_04014_002,ICB_212,copd,3M Littmann Classic II SE,83.0,0,0,2,0.21825476,0.0009153709,0,0,adulto
ICB_04014_003,ICB_212,copd,3M Littmann Classic II SE,83.0,1,0,2,0.49718708,0.010149643,0,1,adulto
ICB_04014_004,ICB_212,copd,3M Littmann Classic II SE,83.0,0,0,2,0.54441375,5.005524e-05,0,0,adulto
ICB_04014_005,ICB_212,copd,3M Littmann Classic II SE,83.0,0,0,2,0.6795702,5.043714e-06,0,0,adulto
ICB_04014_006,ICB_212,copd,3M Littmann Classic II SE,83.0,0,0,2,0.26643616,0.0050910553,0,0,adulto
ICB_04077_000,ICB_224,normal_lung,AKG C417L Microphone,10.0,0,0,2,0.14084901,1.3907679e-07,0,0,pediátrico (<18)
ICB_04077_001,ICB_224,normal_lung,AKG C417L Microphone,10.0,0,0,2,0.03002066,5.630674e-08,0,0,pediátrico (<18)
ICB_04077_002,ICB_224,normal_lung,AKG C417L Microphone,10.0,0,0,2,0.101969466,1.1193192e-07,0,0,pediátrico (<18)
ICB_04077_003,ICB_224,normal_lung,AKG C417L Microphone,10.0,0,0,2,0.0020611559,0.00012127227,0,0,pediátrico (<18)
ICB_04077_004,ICB_224,normal_lung,AKG C417L Microphone,10.0,0,0,2,0.0002988136,4.4707593e-12,0,0,pediátrico (<18)
ICB_04077_005,ICB_224,normal_lung,AKG C417L Microphone,10.0,0,0,2,0.25741208,4.9965107e-05,0,0,pediátrico (<18)
ICB_04077_006,ICB_224,normal_lung,AKG C417L Microphone,10.0,0,0,2,0.092119046,2.2589738e-08,0,0,pediátrico (<18)
ICB_04078_000,ICB_224,normal_lung,AKG C417L Microphone,10.0,0,0,2,0.5588104,1.7851853e-07,0,0,pediátrico (<18)
ICB_04078_001,ICB_224,normal_lung,AKG C417L Microphone,10.0,0,0,2,0.039710585,1.6442182e-06,0,0,pediátrico (<18)
ICB_04078_002,ICB_224,normal_lung,AKG C417L Microphone,10.0,0,0,2,0.3567376,5.1488065e-08,0,0,pediátrico (<18)
ICB_04078_003,ICB_224,normal_lung,AKG C417L Microphone,10.0,0,0,2,0.0007610096,1.6595851e-10,0,0,pediátrico (<18)
ICB_04078_004,ICB_224,normal_lung,AKG C417L Microphone,10.0,0,0,2,0.02912748,0.00022099963,0,0,pediátrico (<18)
ICB_04078_005,ICB_224,normal_lung,AKG C417L Microphone,10.0,0,0,2,0.11213667,1.534983e-07,0,0,pediátrico (<18)
ICB_04078_006,ICB_224,normal_lung,AKG C417L Microphone,10.0,0,0,2,0.0003208224,1.8418285e-05,0,0,pediátrico (<18)
ICB_04079_000,ICB_225,normal_lung,AKG C417L Microphone,0.83,0,0,2,0.025349295,1.9458413e-09,0,0,pediátrico (<18)
ICB_04079_001,ICB_225,normal_lung,AKG C417L Microphone,0.83,0,0,2,0.022363702,0.0003990866,0,0,pediátrico (<18)
ICB_04079_002,ICB_225,normal_lung,AKG C417L Microphone,0.83,0,0,2,0.002539806,0.10340907,0,0,pediátrico (<18)
ICB_04079_003,ICB_225,normal_lung,AKG C417L Microphone,0.83,0,0,2,0.5146105,0.25263932,0,0,pediátrico (<18)
ICB_04079_004,ICB_225,normal_lung,AKG C417L Microphone,0.83,0,0,2,0.018649865,0.05767753,0,0,pediátrico (<18)
ICB_04079_005,ICB_225,normal_lung,AKG C417L Microphone,0.83,0,0,2,8.361751e-06,0.028944382,0,0,pediátrico (<18)
ICB_04079_006,ICB_225,normal_lung,AKG C417L Microphone,0.83,0,0,2,0.00015075144,8.607211e-05,0,0,pediátrico (<18)
ICB_04079_007,ICB_225,normal_lung,AKG C417L Microphone,0.83,0,0,2,0.021446455,5.2612527e-06,0,0,pediátrico (<18)
ICB_04079_008,ICB_225,normal_lung,AKG C417L Microphone,0.83,0,0,2,0.24715804,0.0019637397,0,0,pediátrico (<18)
ICB_04079_009,ICB_225,normal_lung,AKG C417L Microphone,0.83,0,0,2,0.047997206,0.025836552,0,0,pediátrico (<18)
ICB_04079_010,ICB_225,normal_lung,AKG C417L Microphone,0.83,0,0,2,0.02446604,0.046397835,0,0,pediátrico (<18)
ICB_04079_011,ICB_225,normal_lung,AKG C417L Microphone,0.83,0,0,2,0.084325224,0.0900233,0,0,pediátrico (<18)
ICB_04079_012,ICB_225,normal_lung,AKG C417L Microphone,0.83,0,0,2,0.0006328712,0.0008132942,0,0,pediátrico (<18)
ICB_04079_013,ICB_225,normal_lung,AKG C417L Microphone,0.83,0,0,2,1.0775659e-12,0.000458172,0,0,pediátrico (<18)
ICB_03205_000,ICB_109,copd,3M Littmann 3200 Electronic,84.0,0,0,3,0.200799,0.54403734,0,0,adulto
ICB_03205_001,ICB_109,copd,3M Littmann 3200 Electronic,84.0,0,0,3,0.34901008,0.24361128,0,0,adulto
ICB_03205_002,ICB_109,copd,3M Littmann 3200 Electronic,84.0,0,0,3,0.60429144,0.45098764,1,0,adulto
ICB_03205_003,ICB_109,copd,3M Littmann 3200 Electronic,84.0,0,0,3,0.38688993,0.31323317,0,0,adulto
ICB_03205_004,ICB_109,copd,3M Littmann 3200 Electronic,84.0,0,0,3,0.36804888,0.23015583,0,0,adulto
ICB_03205_005,ICB_109,copd,3M Littmann 3200 Electronic,84.0,0,0,3,0.42820868,0.43188438,0,0,adulto
ICB_03205_006,ICB_109,copd,3M Littmann 3200 Electronic,84.0,0,0,3,0.33083105,0.43515107,0,0,adulto
ICB_03205_007,ICB_109,copd,3M Littmann 3200 Electronic,84.0,0,0,3,0.28548917,0.9816766,2,0,adulto
ICB_03205_008,ICB_109,copd,3M Littmann 3200 Electronic,84.0,0,0,3,0.3697236,0.8892827,0,0,adulto
ICB_03206_000,ICB_109,copd,3M Littmann 3200 Electronic,84.0,0,0,3,0.08392785,0.48418793,0,0,adulto
ICB_03206_001,ICB_109,copd,3M Littmann 3200 Electronic,84.0,0,0,3,0.4267076,0.4650367,0,0,adulto
ICB_03206_002,ICB_109,copd,3M Littmann 3200 Electronic,84.0,0,0,3,0.2832816,0.69237,0,0,adulto
ICB_03206_003,ICB_109,copd,3M Littmann 3200 Electronic,84.0,0,0,3,0.40422678,0.55141276,0,0,adulto
ICB_03206_004,ICB_109,copd,3M Littmann 3200 Electronic,84.0,0,0,3,0.45778435,0.52702147,0,0,adulto
ICB_03206_005,ICB_109,copd,3M Littmann 3200 Electronic,84.0,0,0,3,0.43029377,0.42997655,0,0,adulto
ICB_03206_006,ICB_109,copd,3M Littmann 3200 Electronic,84.0,0,0,3,0.34992996,0.36345956,0,0,adulto
ICB_03206_007,ICB_109,copd,3M Littmann 3200 Electronic,84.0,0,0,3,0.37193194,0.41082272,0,0,adulto
ICB_03206_008,ICB_109,copd,3M Littmann 3200 Electronic,84.0,0,0,3,0.21653676,0.9825597,2,0,adulto
ICB_03206_009,ICB_109,copd,3M Littmann 3200 Electronic,84.0,0,0,3,0.29563287,0.94958884,0,0,adulto
ICB_03207_000,ICB_109,copd,3M Littmann 3200 Electronic,84.0,0,0,3,0.19297667,0.59976786,0,0,adulto
ICB_03207_001,ICB_109,copd,3M Littmann 3200 Electronic,84.0,1,0,3,0.55817026,0.50567746,0,1,adulto
ICB_03207_002,ICB_109,copd,3M Littmann 3200 Electronic,84.0,1,0,3,0.18607593,0.33436868,0,1,adulto
ICB_03207_003,ICB_109,copd,3M Littmann 3200 Electronic,84.0,1,0,3,0.12440187,0.52521586,0,1,adulto
ICB_03207_004,ICB_109,copd,3M Littmann 3200 Electronic,84.0,1,0,3,0.2600494,0.20394053,0,1,adulto
ICB_03207_005,ICB_109,copd,3M Littmann 3200 Electronic,84.0,1,0,3,0.22850503,0.3223336,0,1,adulto
ICB_03207_006,ICB_109,copd,3M Littmann 3200 Electronic,84.0,1,0,3,0.05902194,0.8538734,0,1,adulto
ICB_03207_007,ICB_109,copd,3M Littmann 3200 Electronic,84.0,1,0,3,0.32697126,0.87803686,0,1,adulto
ICB_03208_000,ICB_109,copd,3M Littmann 3200 Electronic,84.0,1,0,3,0.61423415,0.08297493,1,1,adulto
ICB_03208_001,ICB_109,copd,3M Littmann 3200 Electronic,84.0,1,0,3,0.28113693,0.6227361,0,1,adulto
ICB_03208_002,ICB_109,copd,3M Littmann 3200 Electronic,84.0,1,0,3,0.5340121,0.41951528,0,1,adulto
ICB_03208_003,ICB_109,copd,3M Littmann 3200 Electronic,84.0,1,0,3,0.56265515,0.6710762,0,1,adulto
ICB_03208_004,ICB_109,copd,3M Littmann 3200 Electronic,84.0,1,0,3,0.28630254,0.3824652,0,1,adulto
ICB_03208_005,ICB_109,copd,3M Littmann 3200 Electronic,84.0,1,0,3,0.020625116,0.999843,2,1,adulto
ICB_03208_006,ICB_109,copd,3M Littmann 3200 Electronic,84.0,1,0,3,0.14020549,0.8248958,0,1,adulto
ICB_03208_007,ICB_109,copd,3M Littmann 3200 Electronic,84.0,1,0,3,0.17278036,0.15184082,0,1,adulto
ICB_03209_000,ICB_109,copd,3M Littmann 3200 Electronic,84.0,0,0,3,0.41354033,0.59497213,0,0,adulto
ICB_03209_001,ICB_109,copd,3M Littmann 3200 Electronic,84.0,0,0,3,0.50563407,0.7238815,0,0,adulto
ICB_03209_002,ICB_109,copd,3M Littmann 3200 Electronic,84.0,0,0,3,0.5777697,0.51475614,0,0,adulto
ICB_03209_003,ICB_109,copd,3M Littmann 3200 Electronic,84.0,0,0,3,0.60502005,0.38475454,1,0,adulto
ICB_03209_004,ICB_109,copd,3M Littmann 3200 Electronic,84.0,0,0,3,0.55752677,0.7923386,0,0,adulto
ICB_03209_005,ICB_109,copd,3M Littmann 3200 Electronic,84.0,0,0,3,0.058124546,0.9755204,2,0,adulto
ICB_03209_006,ICB_109,copd,3M Littmann 3200 Electronic,84.0,0,0,3,0.4322582,0.8669897,0,0,adulto
ICB_03209_007,ICB_109,copd,3M Littmann 3200 Electronic,84.0,0,0,3,0.34993118,0.8325323,0,0,adulto
ICB_03209_008,ICB_109,copd,3M Littmann 3200 Electronic,84.0,0,0,3,0.2980726,0.95977324,2,0,adulto
ICB_03210_000,ICB_109,copd,3M Littmann 3200 Electronic,84.0,0,0,3,0.23214456,0.6319167,0,0,adulto
ICB_03210_001,ICB_109,copd,3M Littmann 3200 Electronic,84.0,0,0,3,0.22236122,0.7098665,0,0,adulto
ICB_03210_002,ICB_109,copd,3M Littmann 3200 Electronic,84.0,0,0,3,0.28133258,0.4598424,0,0,adulto
ICB_03210_003,ICB_109,copd,3M Littmann 3200 Electronic,84.0,0,0,3,0.2372258,0.38644192,0,0,adulto
ICB_03210_004,ICB_109,copd,3M Littmann 3200 Electronic,84.0,0,0,3,0.25665185,0.37608337,0,0,adulto
ICB_03210_005,ICB_109,copd,3M Littmann 3200 Electronic,84.0,0,0,3,0.29107988,0.2714315,0,0,adulto
ICB_03210_006,ICB_109,copd,3M Littmann 3200 Electronic,84.0,0,0,3,0.43858582,0.72709274,0,0,adulto
ICB_03210_007,ICB_109,copd,3M Littmann 3200 Electronic,84.0,0,0,3,0.3521755,0.42929578,0,0,adulto
ICB_03210_008,ICB_109,copd,3M Littmann 3200 Electronic,84.0,0,0,3,0.18418193,0.8405732,0,0,adulto
ICB_03210_009,ICB_109,copd,3M Littmann 3200 Electronic,84.0,0,0,3,1.0,1.0,3,0,adulto
ICB_03210_010,ICB_109,copd,3M Littmann 3200 Electronic,84.0,0,0,3,0.24396552,0.98379517,2,0,adulto
ICB_03210_011,ICB_109,copd,3M Littmann 3200 Electronic,84.0,0,0,3,0.38182595,0.95450044,2,0,adulto
ICB_03210_012,ICB_109,copd,3M Littmann 3200 Electronic,84.0,0,0,3,0.2722425,0.97876865,2,0,adulto
ICB_03210_013,ICB_109,copd,3M Littmann 3200 Electronic,84.0,0,0,3,0.36360252,0.8523598,0,0,adulto
ICB_03210_014,ICB_109,copd,3M Littmann 3200 Electronic,84.0,0,0,3,0.3708068,0.85069394,0,0,adulto
ICB_03210_015,ICB_109,copd,3M Littmann 3200 Electronic,84.0,0,0,3,0.36390933,0.872522,0,0,adulto
ICB_03210_016,ICB_109,copd,3M Littmann 3200 Electronic,84.0,0,0,3,0.35677117,0.9236804,0,0,adulto
ICB_03218_000,ICB_112,copd,WelchAllyn Meditron Master Elite,60.0,0,0,3,0.70238715,0.12932605,1,0,adulto
ICB_03218_001,ICB_112,copd,WelchAllyn Meditron Master Elite,60.0,0,0,3,0.527859,0.24586774,0,0,adulto
ICB_03218_002,ICB_112,copd,WelchAllyn Meditron Master Elite,60.0,0,0,3,0.45051116,0.14112179,0,0,adulto
ICB_03218_003,ICB_112,copd,WelchAllyn Meditron Master Elite,60.0,0,0,3,0.6036009,0.087977104,1,0,adulto
ICB_03218_004,ICB_112,copd,WelchAllyn Meditron Master Elite,60.0,0,0,3,0.42195368,0.47686172,0,0,adulto
ICB_03218_005,ICB_112,copd,WelchAllyn Meditron Master Elite,60.0,0,0,3,0.5930267,0.18750197,0,0,adulto
ICB_03218_006,ICB_112,copd,WelchAllyn Meditron Master Elite,60.0,0,0,3,0.48638004,0.6339435,0,0,adulto
ICB_03218_007,ICB_112,copd,WelchAllyn Meditron Master Elite,60.0,0,0,3,0.5011892,0.5422866,0,0,adulto
ICB_03218_008,ICB_112,copd,WelchAllyn Meditron Master Elite,60.0,1,0,3,0.39429966,0.28996807,0,1,adulto
ICB_03218_009,ICB_112,copd,WelchAllyn Meditron Master Elite,60.0,0,0,3,0.54664993,0.15996033,0,0,adulto
ICB_03218_010,ICB_112,copd,WelchAllyn Meditron Master Elite,60.0,0,0,3,0.60708153,0.62856716,1,0,adulto
ICB_03218_011,ICB_112,copd,WelchAllyn Meditron Master Elite,60.0,0,0,3,0.23696327,0.47713864,0,0,adulto
ICB_03218_012,ICB_112,copd,WelchAllyn Meditron Master Elite,60.0,0,0,3,0.3958653,0.6445926,0,0,adulto
ICB_03218_013,ICB_112,copd,WelchAllyn Meditron Master Elite,60.0,0,0,3,0.4360269,0.3767891,0,0,adulto
ICB_03218_014,ICB_112,copd,WelchAllyn Meditron Master Elite,60.0,0,0,3,0.54769945,0.8155974,0,0,adulto
ICB_03218_015,ICB_112,copd,WelchAllyn Meditron Master Elite,60.0,0,0,3,0.5216221,0.693198,0,0,adulto
ICB_03218_016,ICB_112,copd,WelchAllyn Meditron Master Elite,60.0,0,0,3,0.24323666,0.6098014,0,0,adulto
ICB_03219_000,ICB_112,copd,WelchAllyn Meditron Master Elite,60.0,1,1,3,0.5717116,0.9280279,0,3,adulto
ICB_03219_001,ICB_112,copd,WelchAllyn Meditron Master Elite,60.0,1,0,3,0.3756041,0.44279128,0,1,adulto
ICB_03219_002,ICB_112,copd,WelchAllyn Meditron Master Elite,60.0,1,1,3,0.45224026,0.9533673,2,3,adulto
ICB_03219_003,ICB_112,copd,WelchAllyn Meditron Master Elite,60.0,1,0,3,0.6395743,0.8169072,1,1,adulto
ICB_03219_004,ICB_112,copd,WelchAllyn Meditron Master Elite,60.0,1,0,3,0.33469766,0.4876178,0,1,adulto
ICB_03219_005,ICB_112,copd,WelchAllyn Meditron Master Elite,60.0,0,0,3,0.41694948,0.73828876,0,0,adulto
ICB_03219_006,ICB_112,copd,WelchAllyn Meditron Master Elite,60.0,0,1,3,0.5335807,0.93442607,0,2,adulto
ICB_03219_007,ICB_112,copd,WelchAllyn Meditron Master Elite,60.0,0,1,3,0.22854002,0.94693595,0,2,adulto
ICB_03219_008,ICB_112,copd,WelchAllyn Meditron Master Elite,60.0,0,1,3,0.431497,0.8283502,0,2,adulto
ICB_03219_009,ICB_112,copd,WelchAllyn Meditron Master Elite,60.0,0,1,3,0.30413926,0.9064427,0,2,adulto
ICB_03219_010,ICB_112,copd,WelchAllyn Meditron Master Elite,60.0,0,1,3,0.40298027,0.85403365,0,2,adulto
ICB_03219_011,ICB_112,copd,WelchAllyn Meditron Master Elite,60.0,0,1,3,0.21880227,0.9638809,2,2,adulto
ICB_03220_000,ICB_112,copd,3M Littmann 3200 Electronic,60.0,0,0,3,0.49465135,0.52642196,0,0,adulto
ICB_03220_001,ICB_112,copd,3M Littmann 3200 Electronic,60.0,0,0,3,0.50543714,0.72566366,0,0,adulto
ICB_03220_002,ICB_112,copd,3M Littmann 3200 Electronic,60.0,0,0,3,0.2188199,0.007184884,0,0,adulto
ICB_03220_003,ICB_112,copd,3M Littmann 3200 Electronic,60.0,0,1,3,0.47318208,0.696325,0,2,adulto
ICB_03220_004,ICB_112,copd,3M Littmann 3200 Electronic,60.0,0,1,3,0.3494024,0.7342859,0,2,adulto
ICB_03220_005,ICB_112,copd,3M Littmann 3200 Electronic,60.0,0,1,3,0.31076878,0.6774879,0,2,adulto
ICB_03220_006,ICB_112,copd,3M Littmann 3200 Electronic,60.0,0,0,3,0.52413404,0.3783867,0,0,adulto
ICB_03220_007,ICB_112,copd,3M Littmann 3200 Electronic,60.0,0,1,3,0.6012275,0.57371956,1,2,adulto
ICB_03220_008,ICB_112,copd,3M Littmann 3200 Electronic,60.0,0,1,3,0.6598759,0.6262179,1,2,adulto
ICB_03220_009,ICB_112,copd,3M Littmann 3200 Electronic,60.0,0,0,3,0.49808747,0.42259112,0,0,adulto
ICB_03221_000,ICB_112,copd,3M Littmann 3200 Electronic,60.0,1,0,3,0.33608362,0.13290825,0,1,adulto
ICB_03221_001,ICB_112,copd,3M Littmann 3200 Electronic,60.0,0,0,3,0.51985,0.77088684,0,0,adulto
ICB_03221_002,ICB_112,copd,3M Littmann 3200 Electronic,60.0,1,1,3,0.33686295,0.8285712,0,3,adulto
ICB_03221_003,ICB_112,copd,3M Littmann 3200 Electronic,60.0,1,1,3,0.46747723,0.9987447,2,3,adulto
ICB_03221_004,ICB_112,copd,3M Littmann 3200 Electronic,60.0,1,1,3,0.45564625,0.67538387,0,3,adulto
ICB_03221_005,ICB_112,copd,3M Littmann 3200 Electronic,60.0,1,1,3,0.15946543,0.99584514,2,3,adulto
ICB_03221_006,ICB_112,copd,3M Littmann 3200 Electronic,60.0,0,1,3,0.25379065,0.9992968,2,2,adulto
ICB_03221_007,ICB_112,copd,3M Littmann 3200 Electronic,60.0,0,1,3,0.4492373,0.9963462,2,2,adulto
ICB_03221_008,ICB_112,copd,3M Littmann 3200 Electronic,60.0,0,1,3,0.48780018,0.98325586,2,2,adulto
ICB_03222_000,ICB_112,copd,3M Littmann 3200 Electronic,60.0,0,0,3,0.45141992,0.8226071,0,0,adulto
ICB_03222_001,ICB_112,copd,3M Littmann 3200 Electronic,60.0,0,1,3,0.3298038,0.65678865,0,2,adulto
ICB_03222_002,ICB_112,copd,3M Littmann 3200 Electronic,60.0,0,1,3,0.5962626,0.82322025,0,2,adulto
ICB_03222_003,ICB_112,copd,3M Littmann 3200 Electronic,60.0,0,1,3,0.6410508,0.6341046,1,2,adulto
ICB_03222_004,ICB_112,copd,3M Littmann 3200 Electronic,60.0,0,1,3,0.650882,0.7480364,1,2,adulto
ICB_03222_005,ICB_112,copd,3M Littmann 3200 Electronic,60.0,0,1,3,0.4565054,0.92446595,0,2,adulto
ICB_03222_006,ICB_112,copd,3M Littmann 3200 Electronic,60.0,0,1,3,0.59973913,0.82592416,0,2,adulto
ICB_03222_007,ICB_112,copd,3M Littmann 3200 Electronic,60.0,0,1,3,0.5280039,0.8318054,0,2,adulto
ICB_03222_008,ICB_112,copd,3M Littmann 3200 Electronic,60.0,0,1,3,0.5993484,0.6492009,0,2,adulto
ICB_03262_000,ICB_123,normal_lung,AKG C417L Microphone,5.0,0,0,3,0.17348294,0.07914887,0,0,pediátrico (<18)
ICB_03262_001,ICB_123,normal_lung,AKG C417L Microphone,5.0,0,0,3,0.05563689,0.04600833,0,0,pediátrico (<18)
ICB_03262_002,ICB_123,normal_lung,AKG C417L Microphone,5.0,0,0,3,0.110444,0.062364988,0,0,pediátrico (<18)
ICB_03262_003,ICB_123,normal_lung,AKG C417L Microphone,5.0,0,0,3,0.0904842,0.048062354,0,0,pediátrico (<18)
ICB_03262_004,ICB_123,normal_lung,AKG C417L Microphone,5.0,0,0,3,0.18577269,0.09230463,0,0,pediátrico (<18)
ICB_03262_005,ICB_123,normal_lung,AKG C417L Microphone,5.0,0,0,3,0.14227992,0.06500312,0,0,pediátrico (<18)
ICB_03262_006,ICB_123,normal_lung,AKG C417L Microphone,5.0,0,0,3,0.22783808,0.0977047,0,0,pediátrico (<18)
ICB_03262_007,ICB_123,normal_lung,AKG C417L Microphone,5.0,0,0,3,0.6943896,0.12128792,1,0,pediátrico (<18)
ICB_03263_000,ICB_124,copd,3M Littmann 3200 Electronic,65.0,1,1,3,0.04921339,0.629522,0,3,adulto
ICB_03263_001,ICB_124,copd,3M Littmann 3200 Electronic,65.0,0,1,3,0.1610876,0.7218177,0,2,adulto
ICB_03263_002,ICB_124,copd,3M Littmann 3200 Electronic,65.0,0,1,3,0.136121,0.48681313,0,2,adulto
ICB_03263_003,ICB_124,copd,3M Littmann 3200 Electronic,65.0,0,1,3,0.093043335,0.52154815,0,2,adulto
ICB_03263_004,ICB_124,copd,3M Littmann 3200 Electronic,65.0,0,1,3,0.14754663,0.55351543,0,2,adulto
ICB_03263_005,ICB_124,copd,3M Littmann 3200 Electronic,65.0,0,1,3,0.2408031,0.5461116,0,2,adulto
ICB_03263_006,ICB_124,copd,3M Littmann 3200 Electronic,65.0,0,1,3,0.30555597,0.57382995,0,2,adulto
ICB_03263_007,ICB_124,copd,3M Littmann 3200 Electronic,65.0,0,0,3,0.44091907,0.9913429,2,0,adulto
ICB_03264_000,ICB_124,copd,3M Littmann 3200 Electronic,65.0,0,1,3,0.2220544,0.57810557,0,2,adulto
ICB_03264_001,ICB_124,copd,3M Littmann 3200 Electronic,65.0,0,1,3,0.082962476,0.47788033,0,2,adulto
ICB_03264_002,ICB_124,copd,3M Littmann 3200 Electronic,65.0,0,1,3,0.14997864,0.48767287,0,2,adulto
ICB_03264_003,ICB_124,copd,3M Littmann 3200 Electronic,65.0,0,1,3,0.21996887,0.56325847,0,2,adulto
ICB_03264_004,ICB_124,copd,3M Littmann 3200 Electronic,65.0,0,1,3,0.18388472,0.5646174,0,2,adulto
ICB_03264_005,ICB_124,copd,3M Littmann 3200 Electronic,65.0,0,1,3,0.08373528,0.5755404,0,2,adulto
ICB_03264_006,ICB_124,copd,3M Littmann 3200 Electronic,65.0,0,0,3,0.14566278,0.9940201,2,0,adulto
ICB_03265_000,ICB_124,copd,3M Littmann 3200 Electronic,65.0,0,0,3,0.32417268,0.79000425,0,0,adulto
ICB_03265_001,ICB_124,copd,3M Littmann 3200 Electronic,65.0,0,0,3,0.24610752,0.6845091,0,0,adulto
ICB_03265_002,ICB_124,copd,3M Littmann 3200 Electronic,65.0,0,0,3,0.36161086,0.5494843,0,0,adulto
ICB_03265_003,ICB_124,copd,3M Littmann 3200 Electronic,65.0,0,0,3,0.21004336,0.6949402,0,0,adulto
ICB_03265_004,ICB_124,copd,3M Littmann 3200 Electronic,65.0,0,0,3,0.56526655,0.70784503,0,0,adulto
ICB_03265_005,ICB_124,copd,3M Littmann 3200 Electronic,65.0,0,0,3,0.22878702,0.73879737,0,0,adulto
ICB_03265_006,ICB_124,copd,3M Littmann 3200 Electronic,65.0,0,0,3,0.17196713,0.7352541,0,0,adulto
ICB_03265_007,ICB_124,copd,3M Littmann 3200 Electronic,65.0,0,0,3,0.3110426,0.96829134,2,0,adulto
ICB_03265_008,ICB_124,copd,3M Littmann 3200 Electronic,65.0,0,0,3,0.18655692,0.8426056,0,0,adulto
ICB_03265_009,ICB_124,copd,3M Littmann 3200 Electronic,65.0,0,0,3,0.73214567,0.6849613,1,0,adulto
ICB_03266_000,ICB_124,copd,3M Littmann 3200 Electronic,65.0,0,0,3,0.28023836,0.6051869,0,0,adulto
ICB_03266_001,ICB_124,copd,3M Littmann 3200 Electronic,65.0,0,0,3,0.13870423,0.5080337,0,0,adulto
ICB_03266_002,ICB_124,copd,3M Littmann 3200 Electronic,65.0,0,0,3,0.32481697,0.7319145,0,0,adulto
ICB_03266_003,ICB_124,copd,3M Littmann 3200 Electronic,65.0,0,0,3,0.20200178,0.65753967,0,0,adulto
ICB_03266_004,ICB_124,copd,3M Littmann 3200 Electronic,65.0,0,0,3,0.17366312,0.58275354,0,0,adulto
ICB_03266_005,ICB_124,copd,3M Littmann 3200 Electronic,65.0,0,0,3,0.19482633,0.48879263,0,0,adulto
ICB_03266_006,ICB_124,copd,3M Littmann 3200 Electronic,65.0,0,0,3,0.13225868,0.6327636,0,0,adulto
ICB_03266_007,ICB_124,copd,3M Littmann 3200 Electronic,65.0,0,0,3,0.4245929,0.9856528,2,0,adulto
ICB_03266_008,ICB_124,copd,3M Littmann 3200 Electronic,65.0,0,0,3,0.32477233,0.6437845,0,0,adulto
ICB_03266_009,ICB_124,copd,3M Littmann 3200 Electronic,65.0,0,0,3,0.49521878,0.99934095,2,0,adulto
ICB_03267_000,ICB_124,copd,3M Littmann 3200 Electronic,65.0,0,0,3,0.20325539,0.7324072,0,0,adulto
ICB_03267_001,ICB_124,copd,3M Littmann 3200 Electronic,65.0,1,1,3,0.11265492,0.6647981,0,3,adulto
ICB_03267_002,ICB_124,copd,3M Littmann 3200 Electronic,65.0,0,0,3,0.10059968,0.70582646,0,0,adulto
ICB_03267_003,ICB_124,copd,3M Littmann 3200 Electronic,65.0,0,0,3,0.09730989,0.6832053,0,0,adulto
ICB_03267_004,ICB_124,copd,3M Littmann 3200 Electronic,65.0,0,1,3,0.04853222,0.6510085,0,2,adulto
ICB_03267_005,ICB_124,copd,3M Littmann 3200 Electronic,65.0,0,0,3,0.29269746,0.6715589,0,0,adulto
ICB_03267_006,ICB_124,copd,3M Littmann 3200 Electronic,65.0,0,0,3,0.09074579,0.999846,2,0,adulto
ICB_03268_000,ICB_124,copd,3M Littmann 3200 Electronic,65.0,0,0,3,0.29513785,0.5226469,0,0,adulto
ICB_03268_001,ICB_124,copd,3M Littmann 3200 Electronic,65.0,0,0,3,0.4114206,0.35908905,0,0,adulto
ICB_03268_002,ICB_124,copd,3M Littmann 3200 Electronic,65.0,0,0,3,0.12051656,0.54976755,0,0,adulto
ICB_03268_003,ICB_124,copd,3M Littmann 3200 Electronic,65.0,0,0,3,0.16978242,0.42786485,0,0,adulto
ICB_03268_004,ICB_124,copd,3M Littmann 3200 Electronic,65.0,0,0,3,0.20888239,0.43252456,0,0,adulto
ICB_03268_005,ICB_124,copd,3M Littmann 3200 Electronic,65.0,0,0,3,0.18148333,0.996067,2,0,adulto
ICB_03274_000,ICB_130,copd,AKG C417L Microphone,85.0,0,0,3,0.82829344,0.57343477,1,0,adulto
ICB_03274_001,ICB_130,copd,AKG C417L Microphone,85.0,0,0,3,0.6800088,0.3461971,1,0,adulto
ICB_03274_002,ICB_130,copd,AKG C417L Microphone,85.0,1,1,3,0.75919485,0.879539,1,3,adulto
ICB_03274_003,ICB_130,copd,AKG C417L Microphone,85.0,1,0,3,0.6483351,0.40952003,1,1,adulto
ICB_03274_004,ICB_130,copd,AKG C417L Microphone,85.0,1,1,3,0.7982857,0.9322681,1,3,adulto
ICB_03274_005,ICB_130,copd,AKG C417L Microphone,85.0,0,0,3,0.6404557,0.85181236,1,0,adulto
ICB_03274_006,ICB_130,copd,AKG C417L Microphone,85.0,0,1,3,0.76543987,0.38314822,1,2,adulto
ICB_03275_000,ICB_130,copd,AKG C417L Microphone,85.0,1,0,3,0.7856944,0.2018054,1,1,adulto
ICB_03275_001,ICB_130,copd,AKG C417L Microphone,85.0,1,0,3,0.6530473,0.24393646,1,1,adulto
ICB_03275_002,ICB_130,copd,AKG C417L Microphone,85.0,1,1,3,0.6001756,0.8371957,1,3,adulto
ICB_03275_003,ICB_130,copd,AKG C417L Microphone,85.0,1,0,3,0.34143683,0.23058833,0,1,adulto
ICB_03275_004,ICB_130,copd,AKG C417L Microphone,85.0,1,1,3,0.79444414,0.9442469,1,3,adulto
ICB_03275_005,ICB_130,copd,AKG C417L Microphone,85.0,1,1,3,0.4147908,0.992708,2,3,adulto
ICB_03275_006,ICB_130,copd,AKG C417L Microphone,85.0,1,1,3,0.21234407,0.9988085,2,3,adulto
ICB_03276_000,ICB_130,copd,AKG C417L Microphone,85.0,1,1,3,0.5187985,0.48179334,0,3,adulto
ICB_03276_001,ICB_130,copd,AKG C417L Microphone,85.0,1,1,3,0.5107851,0.57635576,0,3,adulto
ICB_03276_002,ICB_130,copd,AKG C417L Microphone,85.0,1,1,3,0.4062346,0.9687641,2,3,adulto
ICB_03276_003,ICB_130,copd,AKG C417L Microphone,85.0,1,1,3,0.64921033,0.69247925,1,3,adulto
ICB_03276_004,ICB_130,copd,AKG C417L Microphone,85.0,1,1,3,0.5668041,0.92784655,0,3,adulto
ICB_03276_005,ICB_130,copd,AKG C417L Microphone,85.0,1,1,3,0.7495847,0.6542989,1,3,adulto
ICB_03276_006,ICB_130,copd,AKG C417L Microphone,85.0,1,1,3,0.7702877,0.39970884,1,3,adulto
ICB_03277_000,ICB_130,copd,AKG C417L Microphone,85.0,1,0,3,0.7736314,0.18098009,1,1,adulto
ICB_03277_001,ICB_130,copd,AKG C417L Microphone,85.0,1,0,3,0.82808,0.6065316,1,1,adulto
ICB_03277_002,ICB_130,copd,AKG C417L Microphone,85.0,1,0,3,0.73635304,0.7481182,1,1,adulto
ICB_03277_003,ICB_130,copd,AKG C417L Microphone,85.0,1,0,3,0.70904404,0.73575866,1,1,adulto
ICB_03277_004,ICB_130,copd,AKG C417L Microphone,85.0,1,1,3,0.8126703,0.5069527,1,3,adulto
ICB_03277_005,ICB_130,copd,AKG C417L Microphone,85.0,1,1,3,0.8048719,0.7625386,1,3,adulto
ICB_03277_006,ICB_130,copd,AKG C417L Microphone,85.0,1,1,3,0.8293965,0.48313504,1,3,adulto
ICB_03278_000,ICB_130,copd,AKG C417L Microphone,85.0,1,0,3,0.74669784,0.11312831,1,1,adulto
ICB_03278_001,ICB_130,copd,AKG C417L Microphone,85.0,1,0,3,0.7834957,0.6583681,1,1,adulto
ICB_03278_002,ICB_130,copd,AKG C417L Microphone,85.0,1,1,3,0.78275627,0.6894148,1,3,adulto
ICB_03278_003,ICB_130,copd,AKG C417L Microphone,85.0,1,0,3,0.66531974,0.69706666,1,1,adulto
ICB_03278_004,ICB_130,copd,AKG C417L Microphone,85.0,1,1,3,0.72385514,0.56781447,1,3,adulto
ICB_03278_005,ICB_130,copd,AKG C417L Microphone,85.0,1,1,3,0.784289,0.6209495,1,3,adulto
ICB_03278_006,ICB_130,copd,AKG C417L Microphone,85.0,1,1,3,0.6087142,0.3003419,1,3,adulto
ICB_03279_000,ICB_130,copd,AKG C417L Microphone,85.0,0,0,3,0.71232474,0.14627415,1,0,adulto
ICB_03279_001,ICB_130,copd,AKG C417L Microphone,85.0,1,0,3,0.734932,0.07150167,1,1,adulto
ICB_03279_002,ICB_130,copd,AKG C417L Microphone,85.0,1,1,3,0.79047525,0.6505612,1,3,adulto
ICB_03279_003,ICB_130,copd,AKG C417L Microphone,85.0,1,0,3,0.6642501,0.15126152,1,1,adulto
ICB_03279_004,ICB_130,copd,AKG C417L Microphone,85.0,1,1,3,0.65929013,0.440988,1,3,adulto
ICB_03279_005,ICB_130,copd,AKG C417L Microphone,85.0,1,1,3,0.6638901,0.21407816,1,3,adulto
ICB_03279_006,ICB_130,copd,AKG C417L Microphone,85.0,0,0,3,0.53748715,0.112015314,0,0,adulto
ICB_03280_000,ICB_130,copd,AKG C417L Microphone,85.0,1,0,3,0.33786207,0.10291315,0,1,adulto
ICB_03280_001,ICB_130,copd,AKG C417L Microphone,85.0,1,0,3,0.34416357,0.13731134,0,1,adulto
ICB_03280_002,ICB_130,copd,AKG C417L Microphone,85.0,1,1,3,0.3674297,0.9024645,0,3,adulto
ICB_03280_003,ICB_130,copd,AKG C417L Microphone,85.0,1,0,3,0.2483674,0.12730305,0,1,adulto
ICB_03280_004,ICB_130,copd,AKG C417L Microphone,85.0,1,1,3,0.4006506,0.7444628,0,3,adulto
ICB_03280_005,ICB_130,copd,AKG C417L Microphone,85.0,1,1,3,0.17545637,0.759118,0,3,adulto
ICB_03280_006,ICB_130,copd,AKG C417L Microphone,85.0,1,1,3,0.092519715,0.9208664,0,3,adulto
ICB_03281_000,ICB_130,copd,AKG C417L Microphone,85.0,1,1,3,0.7887697,0.7531247,1,3,adulto
ICB_03281_001,ICB_130,copd,AKG C417L Microphone,85.0,1,1,3,0.8048488,0.8740111,1,3,adulto
ICB_03281_002,ICB_130,copd,AKG C417L Microphone,85.0,1,1,3,0.79149985,0.89164466,1,3,adulto
ICB_03281_003,ICB_130,copd,AKG C417L Microphone,85.0,1,1,3,0.85578865,0.8009091,1,3,adulto
ICB_03281_004,ICB_130,copd,AKG C417L Microphone,85.0,1,1,3,0.7944853,0.25716403,1,3,adulto
ICB_03281_005,ICB_130,copd,AKG C417L Microphone,85.0,0,0,3,0.42533654,0.31600028,0,0,adulto
ICB_03282_000,ICB_130,copd,AKG C417L Microphone,85.0,0,1,3,0.55856216,0.3687375,0,2,adulto
ICB_03282_001,ICB_130,copd,AKG C417L Microphone,85.0,1,1,3,0.41631553,0.62893546,0,3,adulto
ICB_03282_002,ICB_130,copd,AKG C417L Microphone,85.0,1,1,3,0.70140916,0.34957045,1,3,adulto
ICB_03282_003,ICB_130,copd,AKG C417L Microphone,85.0,0,1,3,0.45453364,0.5995904,0,2,adulto
ICB_03282_004,ICB_130,copd,AKG C417L Microphone,85.0,1,1,3,0.53074515,0.36494312,0,3,adulto
ICB_03282_005,ICB_130,copd,AKG C417L Microphone,85.0,1,0,3,0.56014246,0.14590703,0,1,adulto
ICB_03283_000,ICB_130,copd,AKG C417L Microphone,85.0,0,1,3,0.5512702,0.9700565,2,2,adulto
ICB_03283_001,ICB_130,copd,AKG C417L Microphone,85.0,0,1,3,0.5017231,0.97188884,2,2,adulto
ICB_03283_002,ICB_130,copd,AKG C417L Microphone,85.0,1,1,3,0.72676915,0.73229814,1,3,adulto
ICB_03283_003,ICB_130,copd,AKG C417L Microphone,85.0,0,1,3,0.74670446,0.74138534,1,2,adulto
ICB_03283_004,ICB_130,copd,AKG C417L Microphone,85.0,0,1,3,0.64692044,0.77612925,1,2,adulto
ICB_03283_005,ICB_130,copd,AKG C417L Microphone,85.0,0,0,3,0.49613523,0.684901,0,0,adulto
ICB_03284_000,ICB_130,copd,AKG C417L Microphone,85.0,0,1,3,0.66074747,0.66378474,1,2,adulto
ICB_03284_001,ICB_130,copd,AKG C417L Microphone,85.0,0,0,3,0.6673364,0.7065082,1,0,adulto
ICB_03284_002,ICB_130,copd,AKG C417L Microphone,85.0,0,1,3,0.59377396,0.5965779,0,2,adulto
ICB_03284_003,ICB_130,copd,AKG C417L Microphone,85.0,0,0,3,0.622991,0.61606,1,0,adulto
ICB_03284_004,ICB_130,copd,AKG C417L Microphone,85.0,0,1,3,0.57964414,0.70299745,0,2,adulto
ICB_03284_005,ICB_130,copd,AKG C417L Microphone,85.0,0,0,3,0.5491348,0.33954993,0,0,adulto
ICB_03285_000,ICB_130,copd,AKG C417L Microphone,85.0,0,1,3,0.8130412,0.6804292,1,2,adulto
ICB_03285_001,ICB_130,copd,AKG C417L Microphone,85.0,0,1,3,0.67916936,0.8456538,1,2,adulto
ICB_03285_002,ICB_130,copd,AKG C417L Microphone,85.0,0,1,3,0.7575853,0.8861273,1,2,adulto
ICB_03285_003,ICB_130,copd,AKG C417L Microphone,85.0,0,1,3,0.75474346,0.49515033,1,2,adulto
ICB_03285_004,ICB_130,copd,AKG C417L Microphone,85.0,0,1,3,0.7059165,0.4895126,1,2,adulto
ICB_03285_005,ICB_130,copd,AKG C417L Microphone,85.0,0,0,3,0.6764762,0.5152035,1,0,adulto
ICB_03286_000,ICB_130,copd,AKG C417L Microphone,85.0,0,1,3,0.50545335,0.43800834,0,2,adulto
ICB_03286_001,ICB_130,copd,AKG C417L Microphone,85.0,0,0,3,0.444555,0.49368623,0,0,adulto
ICB_03286_002,ICB_130,copd,AKG C417L Microphone,85.0,0,1,3,0.67733705,0.35023105,1,2,adulto
ICB_03286_003,ICB_130,copd,AKG C417L Microphone,85.0,0,0,3,0.74762136,0.4270294,1,0,adulto
ICB_03286_004,ICB_130,copd,AKG C417L Microphone,85.0,0,0,3,0.28518873,0.49134734,0,0,adulto
ICB_03286_005,ICB_130,copd,AKG C417L Microphone,85.0,0,0,3,0.6938412,0.06069497,1,0,adulto
ICB_03287_000,ICB_130,copd,AKG C417L Microphone,85.0,0,1,3,0.35610887,0.9261481,0,2,adulto
ICB_03287_001,ICB_130,copd,AKG C417L Microphone,85.0,0,1,3,0.35148457,0.9284311,0,2,adulto
ICB_03287_002,ICB_130,copd,AKG C417L Microphone,85.0,0,1,3,0.49899518,0.9422947,0,2,adulto
ICB_03287_003,ICB_130,copd,AKG C417L Microphone,85.0,0,1,3,0.46476838,0.7424004,0,2,adulto
ICB_03287_004,ICB_130,copd,AKG C417L Microphone,85.0,0,1,3,0.28815866,0.95970535,2,2,adulto
ICB_03287_005,ICB_130,copd,AKG C417L Microphone,85.0,0,0,3,0.42221665,0.30252028,0,0,adulto
ICB_03288_000,ICB_130,copd,AKG C417L Microphone,85.0,0,1,3,0.7793408,0.9581514,3,2,adulto
ICB_03288_001,ICB_130,copd,AKG C417L Microphone,85.0,0,1,3,0.8704653,0.8475598,1,2,adulto
ICB_03288_002,ICB_130,copd,AKG C417L Microphone,85.0,0,1,3,0.7713132,0.8687929,1,2,adulto
ICB_03288_003,ICB_130,copd,AKG C417L Microphone,85.0,0,1,3,0.87217456,0.9207899,1,2,adulto
ICB_03288_004,ICB_130,copd,AKG C417L Microphone,85.0,0,1,3,0.7173511,0.8984648,1,2,adulto
ICB_03288_005,ICB_130,copd,AKG C417L Microphone,85.0,0,1,3,0.6827808,0.6285408,1,2,adulto
ICB_03288_006,ICB_130,copd,AKG C417L Microphone,85.0,0,1,3,0.6029125,0.9921727,3,2,adulto
ICB_03289_000,ICB_130,copd,AKG C417L Microphone,85.0,0,1,3,0.62798893,0.7872511,1,2,adulto
ICB_03289_001,ICB_130,copd,AKG C417L Microphone,85.0,0,1,3,0.6550911,0.6336164,1,2,adulto
ICB_03289_002,ICB_130,copd,AKG C417L Microphone,85.0,0,1,3,0.5154968,0.6045212,0,2,adulto
ICB_03289_003,ICB_130,copd,AKG C417L Microphone,85.0,0,1,3,0.5759504,0.8166708,0,2,adulto
ICB_03289_004,ICB_130,copd,AKG C417L Microphone,85.0,0,0,3,0.5955315,0.8537877,0,0,adulto
ICB_03289_005,ICB_130,copd,AKG C417L Microphone,85.0,0,1,3,0.67319393,0.8000734,1,2,adulto
ICB_03289_006,ICB_130,copd,AKG C417L Microphone,85.0,0,0,3,0.5211484,0.93532944,0,0,adulto
ICB_03290_000,ICB_130,copd,AKG C417L Microphone,85.0,0,1,3,0.7588913,0.94412994,1,2,adulto
ICB_03290_001,ICB_130,copd,AKG C417L Microphone,85.0,0,1,3,0.83858633,0.78869414,1,2,adulto
ICB_03290_002,ICB_130,copd,AKG C417L Microphone,85.0,0,1,3,0.7411559,0.6229759,1,2,adulto
ICB_03290_003,ICB_130,copd,AKG C417L Microphone,85.0,0,1,3,0.76081,0.8050063,1,2,adulto
ICB_03290_004,ICB_130,copd,AKG C417L Microphone,85.0,0,1,3,0.70677483,0.9376608,1,2,adulto
ICB_03290_005,ICB_130,copd,AKG C417L Microphone,85.0,0,1,3,0.8522953,0.74284494,1,2,adulto
ICB_03290_006,ICB_130,copd,AKG C417L Microphone,85.0,0,1,3,0.7033818,0.96257776,3,2,adulto
ICB_03291_000,ICB_130,copd,AKG C417L Microphone,85.0,0,0,3,0.743611,0.35892996,1,0,adulto
ICB_03291_001,ICB_130,copd,AKG C417L Microphone,85.0,0,1,3,0.8439963,0.9429069,1,2,adulto
ICB_03291_002,ICB_130,copd,AKG C417L Microphone,85.0,0,1,3,0.70834535,0.7547559,1,2,adulto
ICB_03291_003,ICB_130,copd,AKG C417L Microphone,85.0,0,1,3,0.86687803,0.94957894,1,2,adulto
ICB_03291_004,ICB_130,copd,AKG C417L Microphone,85.0,0,1,3,0.8285488,0.9200083,1,2,adulto
ICB_03291_005,ICB_130,copd,AKG C417L Microphone,85.0,0,1,3,0.7969542,0.82293093,1,2,adulto
ICB_03291_006,ICB_130,copd,AKG C417L Microphone,85.0,0,0,3,0.82321274,0.9058475,1,0,adulto
ICB_03292_000,ICB_130,copd,AKG C417L Microphone,85.0,0,1,3,0.7021964,0.7896796,1,2,adulto
ICB_03292_001,ICB_130,copd,AKG C417L Microphone,85.0,0,1,3,0.81905484,0.7089224,1,2,adulto
ICB_03292_002,ICB_130,copd,AKG C417L Microphone,85.0,0,1,3,0.699893,0.8142569,1,2,adulto
ICB_03292_003,ICB_130,copd,AKG C417L Microphone,85.0,0,1,3,0.6476225,0.6015106,1,2,adulto
ICB_03292_004,ICB_130,copd,AKG C417L Microphone,85.0,0,1,3,0.6393952,0.7066408,1,2,adulto
ICB_03292_005,ICB_130,copd,AKG C417L Microphone,85.0,0,0,3,0.72974676,0.85600275,1,0,adulto
ICB_03292_006,ICB_130,copd,AKG C417L Microphone,85.0,0,1,3,0.6609032,0.654072,1,2,adulto
ICB_03293_000,ICB_130,copd,AKG C417L Microphone,85.0,0,0,3,0.50611216,0.5277594,0,0,adulto
ICB_03293_001,ICB_130,copd,AKG C417L Microphone,85.0,0,0,3,0.81598186,0.30146238,1,0,adulto
ICB_03293_002,ICB_130,copd,AKG C417L Microphone,85.0,0,0,3,0.67577773,0.26479,1,0,adulto
ICB_03293_003,ICB_130,copd,AKG C417L Microphone,85.0,0,0,3,0.7044044,0.51942056,1,0,adulto
ICB_03293_004,ICB_130,copd,AKG C417L Microphone,85.0,0,0,3,0.67238283,0.498323,1,0,adulto
ICB_03293_005,ICB_130,copd,AKG C417L Microphone,85.0,0,0,3,0.5707618,0.56140435,0,0,adulto
ICB_03293_006,ICB_130,copd,AKG C417L Microphone,85.0,0,0,3,0.6708568,0.64468884,1,0,adulto
ICB_03294_000,ICB_130,copd,AKG C417L Microphone,85.0,0,1,3,0.47622883,0.97523016,2,2,adulto
ICB_03294_001,ICB_130,copd,AKG C417L Microphone,85.0,0,1,3,0.32211074,0.9905832,2,2,adulto
ICB_03294_002,ICB_130,copd,AKG C417L Microphone,85.0,0,1,3,0.2589421,0.911226,0,2,adulto
ICB_03294_003,ICB_130,copd,AKG C417L Microphone,85.0,0,1,3,0.2719427,0.889684,0,2,adulto
ICB_03294_004,ICB_130,copd,AKG C417L Microphone,85.0,0,1,3,0.30389568,0.6811194,0,2,adulto
ICB_03294_005,ICB_130,copd,AKG C417L Microphone,85.0,0,1,3,0.22632208,0.69296426,0,2,adulto
ICB_03294_006,ICB_130,copd,AKG C417L Microphone,85.0,0,0,3,0.19254832,0.8905421,0,0,adulto
ICB_03294_007,ICB_130,copd,AKG C417L Microphone,85.0,0,1,3,0.13987309,0.26033795,0,2,adulto
ICB_03295_000,ICB_130,copd,AKG C417L Microphone,85.0,1,0,3,0.5064004,0.23518915,0,1,adulto
ICB_03295_001,ICB_130,copd,AKG C417L Microphone,85.0,1,0,3,0.58692634,0.14954332,0,1,adulto
ICB_03295_002,ICB_130,copd,AKG C417L Microphone,85.0,1,0,3,0.47000533,0.30818275,0,1,adulto
ICB_03295_003,ICB_130,copd,AKG C417L Microphone,85.0,1,0,3,0.54707056,0.22796845,0,1,adulto
ICB_03295_004,ICB_130,copd,AKG C417L Microphone,85.0,1,0,3,0.5036815,0.39451483,0,1,adulto
ICB_03295_005,ICB_130,copd,AKG C417L Microphone,85.0,1,0,3,0.534926,0.26556605,0,1,adulto
ICB_03295_006,ICB_130,copd,AKG C417L Microphone,85.0,1,0,3,0.569663,0.25813144,0,1,adulto
ICB_03295_007,ICB_130,copd,AKG C417L Microphone,85.0,1,0,3,0.5487931,0.4606505,0,1,adulto
ICB_03296_000,ICB_130,copd,AKG C417L Microphone,85.0,1,0,3,0.5570714,0.53001183,0,1,adulto
ICB_03296_001,ICB_130,copd,AKG C417L Microphone,85.0,1,0,3,0.56662863,0.20797996,0,1,adulto
ICB_03296_002,ICB_130,copd,AKG C417L Microphone,85.0,1,0,3,0.33625364,0.27387863,0,1,adulto
ICB_03296_003,ICB_130,copd,AKG C417L Microphone,85.0,1,0,3,0.68321,0.4185554,1,1,adulto
ICB_03296_004,ICB_130,copd,AKG C417L Microphone,85.0,0,0,3,0.524214,0.32280132,0,0,adulto
ICB_03296_005,ICB_130,copd,AKG C417L Microphone,85.0,0,0,3,0.37144133,0.4519253,0,0,adulto
ICB_03296_006,ICB_130,copd,AKG C417L Microphone,85.0,1,0,3,0.50710917,0.28282446,0,1,adulto
ICB_03296_007,ICB_130,copd,AKG C417L Microphone,85.0,1,0,3,0.44193715,0.3428721,0,1,adulto
ICB_03297_000,ICB_130,copd,AKG C417L Microphone,85.0,1,0,3,0.8194496,0.19170767,1,1,adulto
ICB_03297_001,ICB_130,copd,AKG C417L Microphone,85.0,1,0,3,0.7749354,0.37513733,1,1,adulto
ICB_03297_002,ICB_130,copd,AKG C417L Microphone,85.0,1,0,3,0.9188815,0.099625565,1,1,adulto
ICB_03297_003,ICB_130,copd,AKG C417L Microphone,85.0,1,0,3,0.9180418,0.08050491,1,1,adulto
ICB_03297_004,ICB_130,copd,AKG C417L Microphone,85.0,1,0,3,0.9140488,0.039015144,1,1,adulto
ICB_03297_005,ICB_130,copd,AKG C417L Microphone,85.0,1,0,3,0.87876594,0.060576223,1,1,adulto
ICB_03297_006,ICB_130,copd,AKG C417L Microphone,85.0,1,0,3,0.8627029,0.15302292,1,1,adulto
ICB_03297_007,ICB_130,copd,AKG C417L Microphone,85.0,1,0,3,0.88321346,0.1366032,1,1,adulto
ICB_03298_000,ICB_130,copd,AKG C417L Microphone,85.0,1,0,3,0.7755281,0.15445678,1,1,adulto
ICB_03298_001,ICB_130,copd,AKG C417L Microphone,85.0,1,0,3,0.6746094,0.15365985,1,1,adulto
ICB_03298_002,ICB_130,copd,AKG C417L Microphone,85.0,1,0,3,0.7305767,0.27777705,1,1,adulto
ICB_03298_003,ICB_130,copd,AKG C417L Microphone,85.0,1,0,3,0.77384067,0.26091826,1,1,adulto
ICB_03298_004,ICB_130,copd,AKG C417L Microphone,85.0,1,0,3,0.8086527,0.36638126,1,1,adulto
ICB_03298_005,ICB_130,copd,AKG C417L Microphone,85.0,1,0,3,0.70862764,0.095404014,1,1,adulto
ICB_03298_006,ICB_130,copd,AKG C417L Microphone,85.0,1,0,3,0.7359,0.49006322,1,1,adulto
ICB_03298_007,ICB_130,copd,AKG C417L Microphone,85.0,1,0,3,0.71484065,0.31714028,1,1,adulto
ICB_03299_000,ICB_130,copd,AKG C417L Microphone,85.0,1,0,3,0.74547803,0.15146169,1,1,adulto
ICB_03299_001,ICB_130,copd,AKG C417L Microphone,85.0,1,0,3,0.74870586,0.2082696,1,1,adulto
ICB_03299_002,ICB_130,copd,AKG C417L Microphone,85.0,1,0,3,0.6661755,0.14528653,1,1,adulto
ICB_03299_003,ICB_130,copd,AKG C417L Microphone,85.0,1,0,3,0.72481924,0.20412621,1,1,adulto
ICB_03299_004,ICB_130,copd,AKG C417L Microphone,85.0,1,0,3,0.75535905,0.14208712,1,1,adulto
ICB_03299_005,ICB_130,copd,AKG C417L Microphone,85.0,1,0,3,0.5004829,0.19283246,0,1,adulto
ICB_03299_006,ICB_130,copd,AKG C417L Microphone,85.0,1,0,3,0.7336511,0.13696681,1,1,adulto
ICB_03299_007,ICB_130,copd,AKG C417L Microphone,85.0,1,0,3,0.5873206,0.3835282,0,1,adulto
ICB_03300_000,ICB_130,copd,AKG C417L Microphone,85.0,1,0,3,0.56668085,0.5597907,0,1,adulto
ICB_03300_001,ICB_130,copd,AKG C417L Microphone,85.0,1,0,3,0.60801727,0.3955485,1,1,adulto
ICB_03300_002,ICB_130,copd,AKG C417L Microphone,85.0,1,0,3,0.5509182,0.28536808,0,1,adulto
ICB_03300_003,ICB_130,copd,AKG C417L Microphone,85.0,1,0,3,0.7495459,0.1367587,1,1,adulto
ICB_03300_004,ICB_130,copd,AKG C417L Microphone,85.0,1,0,3,0.5100156,0.34587803,0,1,adulto
ICB_03300_005,ICB_130,copd,AKG C417L Microphone,85.0,1,0,3,0.64548886,0.14366366,1,1,adulto
ICB_03300_006,ICB_130,copd,AKG C417L Microphone,85.0,1,0,3,0.81569594,0.23462275,1,1,adulto
ICB_03300_007,ICB_130,copd,AKG C417L Microphone,85.0,1,0,3,0.5531221,0.13416512,0,1,adulto
ICB_03301_000,ICB_130,copd,AKG C417L Microphone,85.0,0,0,3,0.6618729,0.05732803,1,0,adulto
ICB_03301_001,ICB_130,copd,AKG C417L Microphone,85.0,0,0,3,0.8351114,0.0928995,1,0,adulto
ICB_03301_002,ICB_130,copd,AKG C417L Microphone,85.0,0,0,3,0.59224695,0.25170615,0,0,adulto
ICB_03301_003,ICB_130,copd,AKG C417L Microphone,85.0,0,0,3,0.37630644,0.51539433,0,0,adulto
ICB_03301_004,ICB_130,copd,AKG C417L Microphone,85.0,0,0,3,0.4921672,0.45201114,0,0,adulto
ICB_03301_005,ICB_130,copd,AKG C417L Microphone,85.0,0,0,3,0.52600026,0.27885768,0,0,adulto
ICB_03301_006,ICB_130,copd,AKG C417L Microphone,85.0,0,0,3,0.741204,0.1158316,1,0,adulto
ICB_03301_007,ICB_130,copd,AKG C417L Microphone,85.0,0,0,3,0.48134163,0.34175193,0,0,adulto
ICB_03302_000,ICB_130,copd,AKG C417L Microphone,85.0,0,0,3,0.29014012,0.17505826,0,0,adulto
ICB_03302_001,ICB_130,copd,AKG C417L Microphone,85.0,1,0,3,0.63757163,0.26602155,1,1,adulto
ICB_03302_002,ICB_130,copd,AKG C417L Microphone,85.0,1,0,3,0.29324743,0.22396062,0,1,adulto
ICB_03302_003,ICB_130,copd,AKG C417L Microphone,85.0,1,0,3,0.38569817,0.221289,0,1,adulto
ICB_03302_004,ICB_130,copd,AKG C417L Microphone,85.0,1,0,3,0.4107617,0.47197023,0,1,adulto
ICB_03302_005,ICB_130,copd,AKG C417L Microphone,85.0,1,0,3,0.54798555,0.27154475,0,1,adulto
ICB_03302_006,ICB_130,copd,AKG C417L Microphone,85.0,1,0,3,0.6231514,0.57687724,1,1,adulto
ICB_03302_007,ICB_130,copd,AKG C417L Microphone,85.0,1,0,3,0.4159437,0.63347834,0,1,adulto
ICB_03302_008,ICB_130,copd,AKG C417L Microphone,85.0,1,0,3,0.7283025,0.17727348,1,1,adulto
ICB_03303_000,ICB_130,copd,AKG C417L Microphone,85.0,0,0,3,0.36806715,0.2487258,0,0,adulto
ICB_03303_001,ICB_130,copd,AKG C417L Microphone,85.0,1,0,3,0.30328718,0.30302823,0,1,adulto
ICB_03303_002,ICB_130,copd,AKG C417L Microphone,85.0,1,0,3,0.47314903,0.41040444,0,1,adulto
ICB_03303_003,ICB_130,copd,AKG C417L Microphone,85.0,1,0,3,0.31485823,0.3473785,0,1,adulto
ICB_03303_004,ICB_130,copd,AKG C417L Microphone,85.0,1,0,3,0.3911673,0.37324616,0,1,adulto
ICB_03303_005,ICB_130,copd,AKG C417L Microphone,85.0,1,0,3,0.4084043,0.3392736,0,1,adulto
ICB_03303_006,ICB_130,copd,AKG C417L Microphone,85.0,1,0,3,0.4524903,0.491215,0,1,adulto
ICB_03303_007,ICB_130,copd,AKG C417L Microphone,85.0,1,0,3,0.5845244,0.41778225,0,1,adulto
ICB_03303_008,ICB_130,copd,AKG C417L Microphone,85.0,1,0,3,0.54768217,0.16366728,0,1,adulto
ICB_03304_000,ICB_130,copd,AKG C417L Microphone,85.0,1,0,3,0.6845713,0.17071182,1,1,adulto
ICB_03304_001,ICB_130,copd,AKG C417L Microphone,85.0,1,0,3,0.86713654,0.073236406,1,1,adulto
ICB_03304_002,ICB_130,copd,AKG C417L Microphone,85.0,1,0,3,0.85402644,0.13573207,1,1,adulto
ICB_03304_003,ICB_130,copd,AKG C417L Microphone,85.0,1,0,3,0.93922687,0.034120165,1,1,adulto
ICB_03304_004,ICB_130,copd,AKG C417L Microphone,85.0,1,0,3,0.80965334,0.17069393,1,1,adulto
ICB_03304_005,ICB_130,copd,AKG C417L Microphone,85.0,1,0,3,0.66375124,0.2066318,1,1,adulto
ICB_03304_006,ICB_130,copd,AKG C417L Microphone,85.0,1,0,3,0.8683052,0.20947304,1,1,adulto
ICB_03304_007,ICB_130,copd,AKG C417L Microphone,85.0,1,0,3,0.8889179,0.30602035,1,1,adulto
ICB_03304_008,ICB_130,copd,AKG C417L Microphone,85.0,1,0,3,0.93609273,0.12303634,1,1,adulto
ICB_03305_000,ICB_130,copd,AKG C417L Microphone,85.0,0,0,3,0.5699752,0.27511078,0,0,adulto
ICB_03305_001,ICB_130,copd,AKG C417L Microphone,85.0,1,0,3,0.84830946,0.136467,1,1,adulto
ICB_03305_002,ICB_130,copd,AKG C417L Microphone,85.0,1,0,3,0.7907412,0.4737621,1,1,adulto
ICB_03305_003,ICB_130,copd,AKG C417L Microphone,85.0,1,0,3,0.5684078,0.55933726,0,1,adulto
ICB_03305_004,ICB_130,copd,AKG C417L Microphone,85.0,1,0,3,0.6607173,0.19478777,1,1,adulto
ICB_03305_005,ICB_130,copd,AKG C417L Microphone,85.0,1,0,3,0.8635315,0.4211969,1,1,adulto
ICB_03305_006,ICB_130,copd,AKG C417L Microphone,85.0,1,0,3,0.8121842,0.5222801,1,1,adulto
ICB_03305_007,ICB_130,copd,AKG C417L Microphone,85.0,1,0,3,0.86520845,0.4917598,1,1,adulto
ICB_03305_008,ICB_130,copd,AKG C417L Microphone,85.0,1,0,3,0.7814733,0.4278518,1,1,adulto
ICB_03306_000,ICB_130,copd,AKG C417L Microphone,85.0,1,0,3,0.49100244,0.22334613,0,1,adulto
ICB_03306_001,ICB_130,copd,AKG C417L Microphone,85.0,1,0,3,0.70839584,0.23135501,1,1,adulto
ICB_03306_002,ICB_130,copd,AKG C417L Microphone,85.0,1,0,3,0.81501883,0.14202124,1,1,adulto
ICB_03306_003,ICB_130,copd,AKG C417L Microphone,85.0,1,0,3,0.6880109,0.09479458,1,1,adulto
ICB_03306_004,ICB_130,copd,AKG C417L Microphone,85.0,1,0,3,0.6417674,0.08811244,1,1,adulto
ICB_03306_005,ICB_130,copd,AKG C417L Microphone,85.0,1,0,3,0.7317299,0.15017273,1,1,adulto
ICB_03306_006,ICB_130,copd,AKG C417L Microphone,85.0,1,0,3,0.7351198,0.13041008,1,1,adulto
ICB_03306_007,ICB_130,copd,AKG C417L Microphone,85.0,1,0,3,0.78287625,0.27526927,1,1,adulto
ICB_03306_008,ICB_130,copd,AKG C417L Microphone,85.0,1,0,3,0.7099106,0.2484198,1,1,adulto
ICB_03307_000,ICB_130,copd,AKG C417L Microphone,85.0,1,0,3,0.49418485,0.19609508,0,1,adulto
ICB_03307_001,ICB_130,copd,AKG C417L Microphone,85.0,1,0,3,0.54902065,0.45242646,0,1,adulto
ICB_03307_002,ICB_130,copd,AKG C417L Microphone,85.0,1,0,3,0.5031629,0.36133945,0,1,adulto
ICB_03307_003,ICB_130,copd,AKG C417L Microphone,85.0,1,0,3,0.50943047,0.4456749,0,1,adulto
ICB_03307_004,ICB_130,copd,AKG C417L Microphone,85.0,1,0,3,0.6617885,0.27353048,1,1,adulto
ICB_03307_005,ICB_130,copd,AKG C417L Microphone,85.0,1,0,3,0.3868345,0.20699638,0,1,adulto
ICB_03307_006,ICB_130,copd,AKG C417L Microphone,85.0,1,0,3,0.65465033,0.45326516,1,1,adulto
ICB_03307_007,ICB_130,copd,AKG C417L Microphone,85.0,1,0,3,0.5736304,0.35226837,0,1,adulto
ICB_03307_008,ICB_130,copd,AKG C417L Microphone,85.0,1,0,3,0.53352654,0.12269708,0,1,adulto
ICB_03308_000,ICB_130,copd,AKG C417L Microphone,85.0,0,0,3,0.45557985,0.1075418,0,0,adulto
ICB_03308_001,ICB_130,copd,AKG C417L Microphone,85.0,0,0,3,0.701848,0.27464694,1,0,adulto
ICB_03308_002,ICB_130,copd,AKG C417L Microphone,85.0,0,0,3,0.50850135,0.28301477,0,0,adulto
ICB_03308_003,ICB_130,copd,AKG C417L Microphone,85.0,0,0,3,0.39965254,0.37198424,0,0,adulto
ICB_03308_004,ICB_130,copd,AKG C417L Microphone,85.0,0,0,3,0.5979114,0.1535848,0,0,adulto
ICB_03308_005,ICB_130,copd,AKG C417L Microphone,85.0,0,0,3,0.5299091,0.18048677,0,0,adulto
ICB_03308_006,ICB_130,copd,AKG C417L Microphone,85.0,0,0,3,0.5857289,0.63252294,0,0,adulto
ICB_03308_007,ICB_130,copd,AKG C417L Microphone,85.0,0,0,3,0.41199958,0.08586332,0,0,adulto
ICB_03308_008,ICB_130,copd,AKG C417L Microphone,85.0,0,0,3,0.06667472,0.10637069,0,0,adulto
ICB_03309_000,ICB_130,copd,AKG C417L Microphone,85.0,0,0,3,0.23357378,0.19235273,0,0,adulto
ICB_03309_001,ICB_130,copd,AKG C417L Microphone,85.0,1,0,3,0.42508885,0.18931988,0,1,adulto
ICB_03309_002,ICB_130,copd,AKG C417L Microphone,85.0,1,0,3,0.5282442,0.26200223,0,1,adulto
ICB_03309_003,ICB_130,copd,AKG C417L Microphone,85.0,1,0,3,0.39493468,0.31014746,0,1,adulto
ICB_03309_004,ICB_130,copd,AKG C417L Microphone,85.0,1,0,3,0.54549295,0.17260745,0,1,adulto
ICB_03309_005,ICB_130,copd,AKG C417L Microphone,85.0,1,0,3,0.48410386,0.3473919,0,1,adulto
ICB_03309_006,ICB_130,copd,AKG C417L Microphone,85.0,1,0,3,0.33584595,0.21451116,0,1,adulto
ICB_03309_007,ICB_130,copd,AKG C417L Microphone,85.0,1,0,3,0.37727612,0.28562438,0,1,adulto
ICB_03309_008,ICB_130,copd,AKG C417L Microphone,85.0,1,0,3,0.46248427,0.3951335,0,1,adulto
ICB_03310_000,ICB_130,copd,AKG C417L Microphone,85.0,1,0,3,0.48809752,0.22788739,0,1,adulto
ICB_03310_001,ICB_130,copd,AKG C417L Microphone,85.0,1,0,3,0.6601347,0.32377696,1,1,adulto
ICB_03310_002,ICB_130,copd,AKG C417L Microphone,85.0,1,0,3,0.51741934,0.3490718,0,1,adulto
ICB_03310_003,ICB_130,copd,AKG C417L Microphone,85.0,1,0,3,0.71190166,0.8160238,1,1,adulto
ICB_03310_004,ICB_130,copd,AKG C417L Microphone,85.0,1,0,3,0.501856,0.47593912,0,1,adulto
ICB_03310_005,ICB_130,copd,AKG C417L Microphone,85.0,1,0,3,0.3764195,0.32128856,0,1,adulto
ICB_03310_006,ICB_130,copd,AKG C417L Microphone,85.0,1,0,3,0.39722303,0.31804886,0,1,adulto
ICB_03310_007,ICB_130,copd,AKG C417L Microphone,85.0,1,0,3,0.47157827,0.2826214,0,1,adulto
ICB_03310_008,ICB_130,copd,AKG C417L Microphone,85.0,1,0,3,0.5389998,0.22023758,0,1,adulto
ICB_03311_000,ICB_130,copd,AKG C417L Microphone,85.0,0,0,3,0.7538195,0.29612926,1,0,adulto
ICB_03311_001,ICB_130,copd,AKG C417L Microphone,85.0,1,0,3,0.8900468,0.21002948,1,1,adulto
ICB_03311_002,ICB_130,copd,AKG C417L Microphone,85.0,1,0,3,0.87374616,0.14280505,1,1,adulto
ICB_03311_003,ICB_130,copd,AKG C417L Microphone,85.0,1,0,3,0.82989436,0.1251377,1,1,adulto
ICB_03311_004,ICB_130,copd,AKG C417L Microphone,85.0,1,0,3,0.82621247,0.24743329,1,1,adulto
ICB_03311_005,ICB_130,copd,AKG C417L Microphone,85.0,1,0,3,0.70001143,0.13883679,1,1,adulto
ICB_03311_006,ICB_130,copd,AKG C417L Microphone,85.0,1,0,3,0.8554004,0.14956301,1,1,adulto
ICB_03311_007,ICB_130,copd,AKG C417L Microphone,85.0,1,0,3,0.8173531,0.12393789,1,1,adulto
ICB_03311_008,ICB_130,copd,AKG C417L Microphone,85.0,1,0,3,0.8514751,0.15662132,1,1,adulto
ICB_03312_000,ICB_130,copd,AKG C417L Microphone,85.0,0,0,3,0.48059517,0.22170582,0,0,adulto
ICB_03312_001,ICB_130,copd,AKG C417L Microphone,85.0,1,0,3,0.628041,0.19092415,1,1,adulto
ICB_03312_002,ICB_130,copd,AKG C417L Microphone,85.0,1,0,3,0.6894124,0.697695,1,1,adulto
ICB_03312_003,ICB_130,copd,AKG C417L Microphone,85.0,1,0,3,0.7798003,0.82196385,1,1,adulto
ICB_03312_004,ICB_130,copd,AKG C417L Microphone,85.0,1,0,3,0.79746276,0.08590703,1,1,adulto
ICB_03312_005,ICB_130,copd,AKG C417L Microphone,85.0,1,0,3,0.8130623,0.4378027,1,1,adulto
ICB_03312_006,ICB_130,copd,AKG C417L Microphone,85.0,1,0,3,0.6759114,0.5864718,1,1,adulto
ICB_03312_007,ICB_130,copd,AKG C417L Microphone,85.0,1,0,3,0.77722996,0.3080178,1,1,adulto
ICB_03312_008,ICB_130,copd,AKG C417L Microphone,85.0,1,0,3,0.77164817,0.5278179,1,1,adulto
ICB_03313_000,ICB_130,copd,AKG C417L Microphone,85.0,0,0,3,0.4140723,0.24606974,0,0,adulto
ICB_03313_001,ICB_130,copd,AKG C417L Microphone,85.0,1,0,3,0.7600667,0.103570916,1,1,adulto
ICB_03313_002,ICB_130,copd,AKG C417L Microphone,85.0,1,0,3,0.46051002,0.34942868,0,1,adulto
ICB_03313_003,ICB_130,copd,AKG C417L Microphone,85.0,1,0,3,0.71331996,0.21143104,1,1,adulto
ICB_03313_004,ICB_130,copd,AKG C417L Microphone,85.0,1,0,3,0.65346956,0.088692404,1,1,adulto
ICB_03313_005,ICB_130,copd,AKG C417L Microphone,85.0,0,1,3,0.7410913,0.88866985,1,2,adulto
ICB_03313_006,ICB_130,copd,AKG C417L Microphone,85.0,1,0,3,0.71114725,0.13582128,1,1,adulto
ICB_03313_007,ICB_130,copd,AKG C417L Microphone,85.0,1,0,3,0.7627813,0.10348934,1,1,adulto
ICB_03313_008,ICB_130,copd,AKG C417L Microphone,85.0,0,0,3,0.65045124,0.44786528,1,0,adulto
ICB_03314_000,ICB_130,copd,AKG C417L Microphone,85.0,1,0,3,0.4295461,0.4788203,0,1,adulto
ICB_03314_001,ICB_130,copd,AKG C417L Microphone,85.0,1,0,3,0.79032,0.595695,1,1,adulto
ICB_03314_002,ICB_130,copd,AKG C417L Microphone,85.0,1,0,3,0.8352487,0.36872748,1,1,adulto
ICB_03314_003,ICB_130,copd,AKG C417L Microphone,85.0,1,0,3,0.8617281,0.28747064,1,1,adulto
ICB_03314_004,ICB_130,copd,AKG C417L Microphone,85.0,1,0,3,0.69284785,0.40614736,1,1,adulto
ICB_03314_005,ICB_130,copd,AKG C417L Microphone,85.0,1,0,3,0.711589,0.29505932,1,1,adulto
ICB_03314_006,ICB_130,copd,AKG C417L Microphone,85.0,1,0,3,0.7279476,0.31859946,1,1,adulto
ICB_03314_007,ICB_130,copd,AKG C417L Microphone,85.0,1,0,3,0.76791096,0.17163654,1,1,adulto
ICB_03314_008,ICB_130,copd,AKG C417L Microphone,85.0,1,0,3,0.6010917,0.37516668,1,1,adulto
ICB_03314_009,ICB_130,copd,AKG C417L Microphone,85.0,1,0,3,0.614998,0.4827649,1,1,adulto
ICB_03315_000,ICB_130,copd,AKG C417L Microphone,85.0,1,0,3,0.4314429,0.2242088,0,1,adulto
ICB_03315_001,ICB_130,copd,AKG C417L Microphone,85.0,1,0,3,0.7179666,0.1492982,1,1,adulto
ICB_03315_002,ICB_130,copd,AKG C417L Microphone,85.0,1,0,3,0.531756,0.38315985,0,1,adulto
ICB_03315_003,ICB_130,copd,AKG C417L Microphone,85.0,1,0,3,0.5922379,0.5994842,0,1,adulto
ICB_03315_004,ICB_130,copd,AKG C417L Microphone,85.0,1,0,3,0.58372796,0.31295526,0,1,adulto
ICB_03315_005,ICB_130,copd,AKG C417L Microphone,85.0,1,0,3,0.6318737,0.69620895,1,1,adulto
ICB_03315_006,ICB_130,copd,AKG C417L Microphone,85.0,1,0,3,0.6149653,0.23974298,1,1,adulto
ICB_03315_007,ICB_130,copd,AKG C417L Microphone,85.0,1,0,3,0.7126941,0.32085514,1,1,adulto
ICB_03315_008,ICB_130,copd,AKG C417L Microphone,85.0,1,0,3,0.5923016,0.34879142,0,1,adulto
ICB_03315_009,ICB_130,copd,AKG C417L Microphone,85.0,1,0,3,0.4613411,0.5780169,0,1,adulto
ICB_03315_010,ICB_130,copd,AKG C417L Microphone,85.0,1,1,3,0.07551321,0.21447995,0,3,adulto
ICB_03316_000,ICB_130,copd,AKG C417L Microphone,85.0,1,0,3,0.3201335,0.32003292,0,1,adulto
ICB_03316_001,ICB_130,copd,AKG C417L Microphone,85.0,1,0,3,0.32249326,0.16222969,0,1,adulto
ICB_03316_002,ICB_130,copd,AKG C417L Microphone,85.0,1,0,3,0.4390943,0.7065236,0,1,adulto
ICB_03316_003,ICB_130,copd,AKG C417L Microphone,85.0,1,0,3,0.30213785,0.5324665,0,1,adulto
ICB_03316_004,ICB_130,copd,AKG C417L Microphone,85.0,1,0,3,0.36241522,0.18013123,0,1,adulto
ICB_03316_005,ICB_130,copd,AKG C417L Microphone,85.0,1,0,3,0.38691786,0.640322,0,1,adulto
ICB_03316_006,ICB_130,copd,AKG C417L Microphone,85.0,1,0,3,0.37618288,0.44666347,0,1,adulto
ICB_03316_007,ICB_130,copd,AKG C417L Microphone,85.0,1,0,3,0.49239382,0.34673467,0,1,adulto
ICB_03316_008,ICB_130,copd,AKG C417L Microphone,85.0,1,0,3,0.36026755,0.53876704,0,1,adulto
ICB_03316_009,ICB_130,copd,AKG C417L Microphone,85.0,1,0,3,0.3492674,0.3613283,0,1,adulto
ICB_03316_010,ICB_130,copd,AKG C417L Microphone,85.0,0,0,3,0.6274812,2.847473e-16,1,0,adulto
ICB_03317_000,ICB_130,copd,AKG C417L Microphone,85.0,1,0,3,0.40753195,0.3262989,0,1,adulto
ICB_03317_001,ICB_130,copd,AKG C417L Microphone,85.0,1,0,3,0.37732127,0.28188035,0,1,adulto
ICB_03317_002,ICB_130,copd,AKG C417L Microphone,85.0,1,0,3,0.6775616,0.20111866,1,1,adulto
ICB_03317_003,ICB_130,copd,AKG C417L Microphone,85.0,1,0,3,0.6354902,0.18627055,1,1,adulto
ICB_03317_004,ICB_130,copd,AKG C417L Microphone,85.0,1,0,3,0.6161177,0.3397848,1,1,adulto
ICB_03317_005,ICB_130,copd,AKG C417L Microphone,85.0,1,0,3,0.6264526,0.21046953,1,1,adulto
ICB_03317_006,ICB_130,copd,AKG C417L Microphone,85.0,0,0,3,0.7350012,0.33348718,1,0,adulto
ICB_03317_007,ICB_130,copd,AKG C417L Microphone,85.0,1,0,3,0.51237386,0.33612952,0,1,adulto
ICB_03317_008,ICB_130,copd,AKG C417L Microphone,85.0,1,0,3,0.61115915,0.2080147,1,1,adulto
ICB_03317_009,ICB_130,copd,AKG C417L Microphone,85.0,1,0,3,0.5392335,0.35677803,0,1,adulto
ICB_03317_010,ICB_130,copd,AKG C417L Microphone,85.0,0,0,3,0.21498707,0.44367272,0,0,adulto
ICB_03318_000,ICB_130,copd,AKG C417L Microphone,85.0,1,0,3,0.65617704,0.27607098,1,1,adulto
ICB_03318_001,ICB_130,copd,AKG C417L Microphone,85.0,1,0,3,0.6498364,0.7576962,1,1,adulto
ICB_03318_002,ICB_130,copd,AKG C417L Microphone,85.0,1,0,3,0.7964434,0.10070309,1,1,adulto
ICB_03318_003,ICB_130,copd,AKG C417L Microphone,85.0,1,0,3,0.6238925,0.36414495,1,1,adulto
ICB_03318_004,ICB_130,copd,AKG C417L Microphone,85.0,1,0,3,0.59712267,0.23037958,0,1,adulto
ICB_03318_005,ICB_130,copd,AKG C417L Microphone,85.0,1,1,3,0.68527293,0.6237045,1,3,adulto
ICB_03318_006,ICB_130,copd,AKG C417L Microphone,85.0,1,0,3,0.59355265,0.7877985,0,1,adulto
ICB_03318_007,ICB_130,copd,AKG C417L Microphone,85.0,1,1,3,0.5835751,0.3822457,0,3,adulto
ICB_03318_008,ICB_130,copd,AKG C417L Microphone,85.0,1,0,3,0.610633,0.34145966,1,1,adulto
ICB_03318_009,ICB_130,copd,AKG C417L Microphone,85.0,1,0,3,0.4373778,0.45613632,0,1,adulto
ICB_03318_010,ICB_130,copd,AKG C417L Microphone,85.0,1,0,3,0.18880832,0.29570195,0,1,adulto
ICB_03319_000,ICB_130,copd,AKG C417L Microphone,85.0,1,0,3,0.33487415,0.06470197,0,1,adulto
ICB_03319_001,ICB_130,copd,AKG C417L Microphone,85.0,1,1,3,0.2516833,0.14673916,0,3,adulto
ICB_03319_002,ICB_130,copd,AKG C417L Microphone,85.0,1,0,3,0.28200004,0.15077753,0,1,adulto
ICB_03319_003,ICB_130,copd,AKG C417L Microphone,85.0,1,0,3,0.22362475,0.10528722,0,1,adulto
ICB_03319_004,ICB_130,copd,AKG C417L Microphone,85.0,1,0,3,0.2758697,0.104710504,0,1,adulto
ICB_03319_005,ICB_130,copd,AKG C417L Microphone,85.0,1,0,3,0.29088855,0.10908439,0,1,adulto
ICB_03319_006,ICB_130,copd,AKG C417L Microphone,85.0,1,0,3,0.3643281,0.119433366,0,1,adulto
ICB_03319_007,ICB_130,copd,AKG C417L Microphone,85.0,1,0,3,0.41909567,0.095104136,0,1,adulto
ICB_03319_008,ICB_130,copd,AKG C417L Microphone,85.0,1,0,3,0.36899263,0.07610953,0,1,adulto
ICB_03319_009,ICB_130,copd,AKG C417L Microphone,85.0,1,0,3,0.30539355,0.06233665,0,1,adulto
ICB_03319_010,ICB_130,copd,AKG C417L Microphone,85.0,1,0,3,0.17173417,0.19105321,0,1,adulto
ICB_03320_000,ICB_130,copd,AKG C417L Microphone,85.0,0,0,3,0.28671482,0.054697823,0,0,adulto
ICB_03320_001,ICB_130,copd,AKG C417L Microphone,85.0,1,0,3,0.28348798,0.099042006,0,1,adulto
ICB_03320_002,ICB_130,copd,AKG C417L Microphone,85.0,1,0,3,0.29151225,0.08899938,0,1,adulto
ICB_03320_003,ICB_130,copd,AKG C417L Microphone,85.0,1,0,3,0.22829498,0.0500683,0,1,adulto
ICB_03320_004,ICB_130,copd,AKG C417L Microphone,85.0,1,0,3,0.3555383,0.08455159,0,1,adulto
ICB_03320_005,ICB_130,copd,AKG C417L Microphone,85.0,1,0,3,0.2907563,0.10530574,0,1,adulto
ICB_03320_006,ICB_130,copd,AKG C417L Microphone,85.0,1,0,3,0.2620552,0.1440414,0,1,adulto
ICB_03320_007,ICB_130,copd,AKG C417L Microphone,85.0,1,1,3,0.27504966,0.13340153,0,3,adulto
ICB_03320_008,ICB_130,copd,AKG C417L Microphone,85.0,1,0,3,0.13596922,0.071204565,0,1,adulto
ICB_03320_009,ICB_130,copd,AKG C417L Microphone,85.0,0,0,3,0.1915483,0.076526135,0,0,adulto
ICB_03320_010,ICB_130,copd,AKG C417L Microphone,85.0,0,0,3,0.21133482,0.07045624,0,0,adulto
ICB_03321_000,ICB_130,copd,AKG C417L Microphone,85.0,1,0,3,0.5125123,0.17711265,0,1,adulto
ICB_03321_001,ICB_130,copd,AKG C417L Microphone,85.0,1,0,3,0.5307581,0.65807015,0,1,adulto
ICB_03321_002,ICB_130,copd,AKG C417L Microphone,85.0,1,0,3,0.65116876,0.76422834,1,1,adulto
ICB_03321_003,ICB_130,copd,AKG C417L Microphone,85.0,1,0,3,0.69477856,0.5786157,1,1,adulto
ICB_03321_004,ICB_130,copd,AKG C417L Microphone,85.0,1,0,3,0.5911503,0.5770552,0,1,adulto
ICB_03321_005,ICB_130,copd,AKG C417L Microphone,85.0,0,0,3,0.22626233,0.41227406,0,0,adulto
ICB_03322_000,ICB_130,copd,AKG C417L Microphone,85.0,0,0,3,0.61700815,0.22422099,1,0,adulto
ICB_03322_001,ICB_130,copd,AKG C417L Microphone,85.0,0,0,3,0.58425725,0.43157917,0,0,adulto
ICB_03322_002,ICB_130,copd,AKG C417L Microphone,85.0,0,0,3,0.6108156,0.19977835,1,0,adulto
ICB_03322_003,ICB_130,copd,AKG C417L Microphone,85.0,0,0,3,0.5582896,0.58365333,0,0,adulto
ICB_03322_004,ICB_130,copd,AKG C417L Microphone,85.0,0,0,3,0.434221,0.15079284,0,0,adulto
ICB_03323_000,ICB_130,copd,AKG C417L Microphone,85.0,0,0,3,0.39354166,0.28276354,0,0,adulto
ICB_03323_001,ICB_130,copd,AKG C417L Microphone,85.0,0,0,3,0.5826135,0.3466202,0,0,adulto
ICB_03323_002,ICB_130,copd,AKG C417L Microphone,85.0,0,0,3,0.5442498,0.14284606,0,0,adulto
ICB_03323_003,ICB_130,copd,AKG C417L Microphone,85.0,0,0,3,0.44609174,0.24088234,0,0,adulto
ICB_03323_004,ICB_130,copd,AKG C417L Microphone,85.0,0,0,3,0.69920397,0.12810525,1,0,adulto
ICB_03324_000,ICB_130,copd,AKG C417L Microphone,85.0,1,0,3,0.673209,0.19701426,1,1,adulto
ICB_03324_001,ICB_130,copd,AKG C417L Microphone,85.0,1,0,3,0.62403,0.45240757,1,1,adulto
ICB_03324_002,ICB_130,copd,AKG C417L Microphone,85.0,1,0,3,0.51250327,0.16873564,0,1,adulto
ICB_03324_003,ICB_130,copd,AKG C417L Microphone,85.0,1,0,3,0.40023452,0.22983737,0,1,adulto
ICB_03324_004,ICB_130,copd,AKG C417L Microphone,85.0,1,0,3,0.31366315,0.3056278,0,1,adulto
ICB_03325_000,ICB_130,copd,AKG C417L Microphone,85.0,1,0,3,0.7629783,0.3525454,1,1,adulto
ICB_03325_001,ICB_130,copd,AKG C417L Microphone,85.0,1,0,3,0.8533962,0.3695241,1,1,adulto
ICB_03325_002,ICB_130,copd,AKG C417L Microphone,85.0,1,0,3,0.8389689,0.16226338,1,1,adulto
ICB_03325_003,ICB_130,copd,AKG C417L Microphone,85.0,1,0,3,0.88153243,0.23079027,1,1,adulto
ICB_03325_004,ICB_130,copd,AKG C417L Microphone,85.0,1,0,3,0.39237425,0.1944601,0,1,adulto
ICB_03326_000,ICB_130,copd,AKG C417L Microphone,85.0,1,0,3,0.8013416,0.50286424,1,1,adulto
ICB_03326_001,ICB_130,copd,AKG C417L Microphone,85.0,1,0,3,0.8567556,0.26526234,1,1,adulto
ICB_03326_002,ICB_130,copd,AKG C417L Microphone,85.0,1,0,3,0.8783536,0.115969956,1,1,adulto
ICB_03326_003,ICB_130,copd,AKG C417L Microphone,85.0,1,0,3,0.7782053,0.24439311,1,1,adulto
ICB_03326_004,ICB_130,copd,AKG C417L Microphone,85.0,1,0,3,0.80905724,0.13714479,1,1,adulto
ICB_03327_000,ICB_130,copd,AKG C417L Microphone,85.0,1,0,3,0.5466246,0.47484657,0,1,adulto
ICB_03327_001,ICB_130,copd,AKG C417L Microphone,85.0,1,0,3,0.52196234,0.340262,0,1,adulto
ICB_03327_002,ICB_130,copd,AKG C417L Microphone,85.0,1,0,3,0.4861144,0.42235094,0,1,adulto
ICB_03327_003,ICB_130,copd,AKG C417L Microphone,85.0,1,0,3,0.5447035,0.313737,0,1,adulto
ICB_03327_004,ICB_130,copd,AKG C417L Microphone,85.0,1,0,3,0.453686,0.23744787,0,1,adulto
ICB_03327_005,ICB_130,copd,AKG C417L Microphone,85.0,1,0,3,0.5363797,0.28889868,0,1,adulto
ICB_03327_006,ICB_130,copd,AKG C417L Microphone,85.0,1,0,3,0.43537062,0.08090417,0,1,adulto
ICB_03328_000,ICB_130,copd,AKG C417L Microphone,85.0,0,0,3,0.45788294,0.32267427,0,0,adulto
ICB_03328_001,ICB_130,copd,AKG C417L Microphone,85.0,1,0,3,0.50955546,0.19455895,0,1,adulto
ICB_03328_002,ICB_130,copd,AKG C417L Microphone,85.0,0,0,3,0.660859,0.42720824,1,0,adulto
ICB_03328_003,ICB_130,copd,AKG C417L Microphone,85.0,1,0,3,0.5735638,0.40943903,0,1,adulto
ICB_03328_004,ICB_130,copd,AKG C417L Microphone,85.0,1,0,3,0.63804615,0.38163683,1,1,adulto
ICB_03328_005,ICB_130,copd,AKG C417L Microphone,85.0,0,0,3,0.62506247,0.25965032,1,0,adulto
ICB_03328_006,ICB_130,copd,AKG C417L Microphone,85.0,0,0,3,0.3185894,0.3278308,0,0,adulto
ICB_03329_000,ICB_130,copd,AKG C417L Microphone,85.0,1,0,3,0.41641563,0.17240933,0,1,adulto
ICB_03329_001,ICB_130,copd,AKG C417L Microphone,85.0,1,0,3,0.6220835,0.36140233,1,1,adulto
ICB_03329_002,ICB_130,copd,AKG C417L Microphone,85.0,1,0,3,0.643745,0.32235095,1,1,adulto
ICB_03329_003,ICB_130,copd,AKG C417L Microphone,85.0,1,0,3,0.7063439,0.320352,1,1,adulto
ICB_03329_004,ICB_130,copd,AKG C417L Microphone,85.0,1,0,3,0.80148023,0.39990517,1,1,adulto
ICB_03329_005,ICB_130,copd,AKG C417L Microphone,85.0,1,0,3,0.66561496,0.37707934,1,1,adulto
ICB_03329_006,ICB_130,copd,AKG C417L Microphone,85.0,1,0,3,0.78722817,0.26050442,1,1,adulto
ICB_03330_000,ICB_130,copd,AKG C417L Microphone,85.0,1,0,3,0.24158119,0.65342015,0,1,adulto
ICB_03330_001,ICB_130,copd,AKG C417L Microphone,85.0,1,0,3,0.26731774,0.86378443,0,1,adulto
ICB_03330_002,ICB_130,copd,AKG C417L Microphone,85.0,1,0,3,0.31627253,0.7599267,0,1,adulto
ICB_03330_003,ICB_130,copd,AKG C417L Microphone,85.0,1,0,3,0.21174681,0.79917073,0,1,adulto
ICB_03330_004,ICB_130,copd,AKG C417L Microphone,85.0,1,0,3,0.32071602,0.560455,0,1,adulto
ICB_03330_005,ICB_130,copd,AKG C417L Microphone,85.0,1,0,3,0.20784876,0.8602581,0,1,adulto
ICB_03330_006,ICB_130,copd,AKG C417L Microphone,85.0,1,0,3,0.29245618,0.7689574,0,1,adulto
ICB_03331_000,ICB_130,copd,AKG C417L Microphone,85.0,1,0,3,0.37731495,0.1318063,0,1,adulto
ICB_03331_001,ICB_130,copd,AKG C417L Microphone,85.0,1,0,3,0.2734357,0.09501195,0,1,adulto
ICB_03331_002,ICB_130,copd,AKG C417L Microphone,85.0,1,0,3,0.31454194,0.18263848,0,1,adulto
ICB_03331_003,ICB_130,copd,AKG C417L Microphone,85.0,1,0,3,0.19138479,0.09765839,0,1,adulto
ICB_03331_004,ICB_130,copd,AKG C417L Microphone,85.0,1,0,3,0.2840656,0.11925277,0,1,adulto
ICB_03331_005,ICB_130,copd,AKG C417L Microphone,85.0,1,0,3,0.3176779,0.11535197,0,1,adulto
ICB_03331_006,ICB_130,copd,AKG C417L Microphone,85.0,1,0,3,0.32141954,0.08509923,0,1,adulto
ICB_03332_000,ICB_130,copd,AKG C417L Microphone,85.0,1,0,3,0.3721028,0.23583709,0,1,adulto
ICB_03332_001,ICB_130,copd,AKG C417L Microphone,85.0,1,0,3,0.45016482,0.25377816,0,1,adulto
ICB_03332_002,ICB_130,copd,AKG C417L Microphone,85.0,1,0,3,0.5676567,0.2631493,0,1,adulto
ICB_03332_003,ICB_130,copd,AKG C417L Microphone,85.0,1,0,3,0.49563012,0.27669162,0,1,adulto
ICB_03332_004,ICB_130,copd,AKG C417L Microphone,85.0,1,0,3,0.36785293,0.44913316,0,1,adulto
ICB_03332_005,ICB_130,copd,AKG C417L Microphone,85.0,1,0,3,0.46331647,0.26501483,0,1,adulto
ICB_03332_006,ICB_130,copd,AKG C417L Microphone,85.0,1,1,3,0.3401744,0.32607907,0,3,adulto
ICB_03333_000,ICB_130,copd,AKG C417L Microphone,85.0,1,0,3,0.66745836,0.5542059,1,1,adulto
ICB_03333_001,ICB_130,copd,AKG C417L Microphone,85.0,1,0,3,0.56796837,0.8844877,0,1,adulto
ICB_03333_002,ICB_130,copd,AKG C417L Microphone,85.0,1,0,3,0.69297194,0.22729245,1,1,adulto
ICB_03333_003,ICB_130,copd,AKG C417L Microphone,85.0,1,0,3,0.64365554,0.4370926,1,1,adulto
ICB_03333_004,ICB_130,copd,AKG C417L Microphone,85.0,1,0,3,0.7181186,0.517336,1,1,adulto
ICB_03333_005,ICB_130,copd,AKG C417L Microphone,85.0,1,0,3,0.7332145,0.57460123,1,1,adulto
ICB_03333_006,ICB_130,copd,AKG C417L Microphone,85.0,1,1,3,0.7858744,0.44397226,1,3,adulto
ICB_03334_000,ICB_130,copd,AKG C417L Microphone,85.0,1,0,3,0.25757217,0.8367899,0,1,adulto
ICB_03334_001,ICB_130,copd,AKG C417L Microphone,85.0,1,0,3,0.2579922,0.71866524,0,1,adulto
ICB_03334_002,ICB_130,copd,AKG C417L Microphone,85.0,1,0,3,0.30271116,0.82107186,0,1,adulto
ICB_03334_003,ICB_130,copd,AKG C417L Microphone,85.0,1,1,3,0.18635847,0.8627912,0,3,adulto
ICB_03334_004,ICB_130,copd,AKG C417L Microphone,85.0,1,0,3,0.27885097,0.69534665,0,1,adulto
ICB_03334_005,ICB_130,copd,AKG C417L Microphone,85.0,1,0,3,0.32811418,0.543464,0,1,adulto
ICB_03334_006,ICB_130,copd,AKG C417L Microphone,85.0,1,0,3,0.3434488,0.5700147,0,1,adulto
ICB_03335_000,ICB_130,copd,AKG C417L Microphone,85.0,0,0,3,0.30222875,0.10302659,0,0,adulto
ICB_03335_001,ICB_130,copd,AKG C417L Microphone,85.0,1,0,3,0.28499597,0.13387409,0,1,adulto
ICB_03335_002,ICB_130,copd,AKG C417L Microphone,85.0,1,0,3,0.35996276,0.17153096,0,1,adulto
ICB_03335_003,ICB_130,copd,AKG C417L Microphone,85.0,1,0,3,0.32893834,0.09243864,0,1,adulto
ICB_03335_004,ICB_130,copd,AKG C417L Microphone,85.0,1,0,3,0.35158533,0.09042512,0,1,adulto
ICB_03335_005,ICB_130,copd,AKG C417L Microphone,85.0,1,0,3,0.33209777,0.113398746,0,1,adulto
ICB_03335_006,ICB_130,copd,AKG C417L Microphone,85.0,1,1,3,0.31264555,0.10782536,0,3,adulto
ICB_03336_000,ICB_130,copd,AKG C417L Microphone,85.0,1,1,3,0.24576816,0.58632433,0,3,adulto
ICB_03336_001,ICB_130,copd,AKG C417L Microphone,85.0,1,1,3,0.3682224,0.32038847,0,3,adulto
ICB_03336_002,ICB_130,copd,AKG C417L Microphone,85.0,1,0,3,0.45936814,0.336399,0,1,adulto
ICB_03336_003,ICB_130,copd,AKG C417L Microphone,85.0,1,0,3,0.32692268,0.3750009,0,1,adulto
ICB_03336_004,ICB_130,copd,AKG C417L Microphone,85.0,1,0,3,0.34695405,0.36221924,0,1,adulto
ICB_03336_005,ICB_130,copd,AKG C417L Microphone,85.0,0,0,3,0.47637764,0.2814178,0,0,adulto
ICB_03336_006,ICB_130,copd,AKG C417L Microphone,85.0,1,0,3,0.3531474,0.26256993,0,1,adulto
ICB_03336_007,ICB_130,copd,AKG C417L Microphone,85.0,0,0,3,0.3219695,0.538137,0,0,adulto
ICB_03337_000,ICB_130,copd,AKG C417L Microphone,85.0,1,0,3,0.6437051,0.65420765,1,1,adulto
ICB_03337_001,ICB_130,copd,AKG C417L Microphone,85.0,1,0,3,0.66832405,0.31808466,1,1,adulto
ICB_03337_002,ICB_130,copd,AKG C417L Microphone,85.0,1,1,3,0.4878319,0.38409355,0,3,adulto
ICB_03337_003,ICB_130,copd,AKG C417L Microphone,85.0,1,1,3,0.60824674,0.56707317,1,3,adulto
ICB_03337_004,ICB_130,copd,AKG C417L Microphone,85.0,1,1,3,0.5520167,0.304578,0,3,adulto
ICB_03337_005,ICB_130,copd,AKG C417L Microphone,85.0,1,0,3,0.5367316,0.5563416,0,1,adulto
ICB_03337_006,ICB_130,copd,AKG C417L Microphone,85.0,1,0,3,0.7251674,0.22534184,1,1,adulto
ICB_03337_007,ICB_130,copd,AKG C417L Microphone,85.0,1,0,3,0.4943334,0.42585635,0,1,adulto
ICB_03338_000,ICB_130,copd,AKG C417L Microphone,85.0,1,1,3,0.36689302,0.57119995,0,3,adulto
ICB_03338_001,ICB_130,copd,AKG C417L Microphone,85.0,1,1,3,0.28849435,0.5842489,0,3,adulto
ICB_03338_002,ICB_130,copd,AKG C417L Microphone,85.0,1,0,3,0.3475343,0.5327034,0,1,adulto
ICB_03338_003,ICB_130,copd,AKG C417L Microphone,85.0,1,0,3,0.3046614,0.68830353,0,1,adulto
ICB_03338_004,ICB_130,copd,AKG C417L Microphone,85.0,1,0,3,0.35553116,0.50385404,0,1,adulto
ICB_03338_005,ICB_130,copd,AKG C417L Microphone,85.0,1,0,3,0.30889025,0.7256734,0,1,adulto
ICB_03338_006,ICB_130,copd,AKG C417L Microphone,85.0,1,0,3,0.3755545,0.563936,0,1,adulto
ICB_03338_007,ICB_130,copd,AKG C417L Microphone,85.0,1,0,3,0.37612665,0.5715088,0,1,adulto
ICB_03339_000,ICB_130,copd,AKG C417L Microphone,85.0,1,1,3,0.48229638,0.2880009,0,3,adulto
ICB_03339_001,ICB_130,copd,AKG C417L Microphone,85.0,1,1,3,0.34716082,0.15557702,0,3,adulto
ICB_03339_002,ICB_130,copd,AKG C417L Microphone,85.0,1,1,3,0.33262357,0.06799608,0,3,adulto
ICB_03339_003,ICB_130,copd,AKG C417L Microphone,85.0,1,1,3,0.39632195,0.09230115,0,3,adulto
ICB_03339_004,ICB_130,copd,AKG C417L Microphone,85.0,1,1,3,0.38422185,0.12503915,0,3,adulto
ICB_03339_005,ICB_130,copd,AKG C417L Microphone,85.0,1,0,3,0.2800864,0.12341062,0,1,adulto
ICB_03339_006,ICB_130,copd,AKG C417L Microphone,85.0,1,0,3,0.26123333,0.090001136,0,1,adulto
ICB_03339_007,ICB_130,copd,AKG C417L Microphone,85.0,1,0,3,0.35687786,0.09878284,0,1,adulto
ICB_03340_000,ICB_131,respiratory_infection,3M Littmann Classic II SE,3.0,0,0,3,0.3509809,0.29246473,0,0,pediátrico (<18)
ICB_03340_001,ICB_131,respiratory_infection,3M Littmann Classic II SE,3.0,0,0,3,0.4784049,0.48670304,0,0,pediátrico (<18)
ICB_03340_002,ICB_131,respiratory_infection,3M Littmann Classic II SE,3.0,0,1,3,0.22045636,0.6637465,0,2,pediátrico (<18)
ICB_03340_003,ICB_131,respiratory_infection,3M Littmann Classic II SE,3.0,0,0,3,0.31506085,0.22362189,0,0,pediátrico (<18)
ICB_03340_004,ICB_131,respiratory_infection,3M Littmann Classic II SE,3.0,0,0,3,0.25394836,0.35641423,0,0,pediátrico (<18)
ICB_03340_005,ICB_131,respiratory_infection,3M Littmann Classic II SE,3.0,0,0,3,0.41714388,0.41450483,0,0,pediátrico (<18)
ICB_03340_006,ICB_131,respiratory_infection,3M Littmann Classic II SE,3.0,0,0,3,0.36609912,0.41700596,0,0,pediátrico (<18)
ICB_03340_007,ICB_131,respiratory_infection,3M Littmann Classic II SE,3.0,0,0,3,0.32439378,0.3862296,0,0,pediátrico (<18)
ICB_03340_008,ICB_131,respiratory_infection,3M Littmann Classic II SE,3.0,0,0,3,0.3488876,0.29898295,0,0,pediátrico (<18)
ICB_03340_009,ICB_131,respiratory_infection,3M Littmann Classic II SE,3.0,0,1,3,0.18706514,0.45868352,0,2,pediátrico (<18)
ICB_03340_010,ICB_131,respiratory_infection,3M Littmann Classic II SE,3.0,0,0,3,0.2603212,0.2592022,0,0,pediátrico (<18)
ICB_03367_000,ICB_135,pneumonia,3M Littmann Classic II SE,70.0,0,0,3,0.35410923,0.48395148,0,0,adulto
ICB_03367_001,ICB_135,pneumonia,3M Littmann Classic II SE,70.0,0,0,3,0.5898598,0.1463031,0,0,adulto
ICB_03367_002,ICB_135,pneumonia,3M Littmann Classic II SE,70.0,0,0,3,0.47393468,0.52833027,0,0,adulto
ICB_03367_003,ICB_135,pneumonia,3M Littmann Classic II SE,70.0,0,0,3,0.52311647,0.4702154,0,0,adulto
ICB_03367_004,ICB_135,pneumonia,3M Littmann Classic II SE,70.0,0,0,3,0.7035915,0.78270805,1,0,adulto
ICB_03367_005,ICB_135,pneumonia,3M Littmann Classic II SE,70.0,0,0,3,0.5514944,0.29584226,0,0,adulto
ICB_03367_006,ICB_135,pneumonia,3M Littmann Classic II SE,70.0,0,0,3,0.47424003,0.6071783,0,0,adulto
ICB_03367_007,ICB_135,pneumonia,3M Littmann Classic II SE,70.0,0,0,3,0.52930677,0.5764189,0,0,adulto
ICB_03367_008,ICB_135,pneumonia,3M Littmann Classic II SE,70.0,0,0,3,0.42254865,0.6913061,0,0,adulto
ICB_03368_000,ICB_135,pneumonia,3M Littmann Classic II SE,70.0,0,0,3,0.77119327,0.31192887,1,0,adulto
ICB_03368_001,ICB_135,pneumonia,3M Littmann Classic II SE,70.0,0,0,3,0.63910294,0.67643553,1,0,adulto
ICB_03368_002,ICB_135,pneumonia,3M Littmann Classic II SE,70.0,0,0,3,0.22460638,0.48260105,0,0,adulto
ICB_03368_003,ICB_135,pneumonia,3M Littmann Classic II SE,70.0,0,0,3,0.28631824,0.7132559,0,0,adulto
ICB_03368_004,ICB_135,pneumonia,3M Littmann Classic II SE,70.0,0,0,3,0.48083213,0.7791607,0,0,adulto
ICB_03368_005,ICB_135,pneumonia,3M Littmann Classic II SE,70.0,0,0,3,0.45766217,0.69802785,0,0,adulto
ICB_03368_006,ICB_135,pneumonia,3M Littmann Classic II SE,70.0,0,0,3,0.42646876,0.5462968,0,0,adulto
ICB_03368_007,ICB_135,pneumonia,3M Littmann Classic II SE,70.0,0,0,3,0.24617401,0.5477446,0,0,adulto
ICB_03368_008,ICB_135,pneumonia,3M Littmann Classic II SE,70.0,0,0,3,0.37336883,0.835387,0,0,adulto
ICB_03369_000,ICB_135,pneumonia,3M Littmann Classic II SE,70.0,1,0,3,0.7685472,0.3292814,1,1,adulto
ICB_03369_001,ICB_135,pneumonia,3M Littmann Classic II SE,70.0,1,0,3,0.70736253,0.6792701,1,1,adulto
ICB_03369_002,ICB_135,pneumonia,3M Littmann Classic II SE,70.0,1,0,3,0.72056836,0.49086398,1,1,adulto
ICB_03369_003,ICB_135,pneumonia,3M Littmann Classic II SE,70.0,1,0,3,0.67331684,0.70737314,1,1,adulto
ICB_03369_004,ICB_135,pneumonia,3M Littmann Classic II SE,70.0,1,0,3,0.75875384,0.77333844,1,1,adulto
ICB_03369_005,ICB_135,pneumonia,3M Littmann Classic II SE,70.0,0,0,3,0.59627634,0.6806904,0,0,adulto
ICB_03369_006,ICB_135,pneumonia,3M Littmann Classic II SE,70.0,0,0,3,0.75251603,0.35100096,1,0,adulto
ICB_03369_007,ICB_135,pneumonia,3M Littmann Classic II SE,70.0,0,0,3,0.5200586,0.21160543,0,0,adulto
ICB_03369_008,ICB_135,pneumonia,3M Littmann Classic II SE,70.0,0,0,3,0.5994286,0.3563039,0,0,adulto
ICB_03370_000,ICB_135,pneumonia,3M Littmann Classic II SE,70.0,0,0,3,0.10264969,0.3106208,0,0,adulto
ICB_03370_001,ICB_135,pneumonia,3M Littmann Classic II SE,70.0,0,0,3,0.15250273,0.31584257,0,0,adulto
ICB_03370_002,ICB_135,pneumonia,3M Littmann Classic II SE,70.0,0,0,3,0.11550155,0.3610148,0,0,adulto
ICB_03370_003,ICB_135,pneumonia,3M Littmann Classic II SE,70.0,0,0,3,0.16605325,0.27930236,0,0,adulto
ICB_03370_004,ICB_135,pneumonia,3M Littmann Classic II SE,70.0,0,0,3,0.12154094,0.3194563,0,0,adulto
ICB_03370_005,ICB_135,pneumonia,3M Littmann Classic II SE,70.0,0,0,3,0.31250086,0.45031205,0,0,adulto
ICB_03370_006,ICB_135,pneumonia,3M Littmann Classic II SE,70.0,0,0,3,0.257733,0.4726463,0,0,adulto
ICB_03370_007,ICB_135,pneumonia,3M Littmann Classic II SE,70.0,0,0,3,0.18808079,0.3229269,0,0,adulto
ICB_03370_008,ICB_135,pneumonia,3M Littmann Classic II SE,70.0,0,0,3,0.13050038,0.36886862,0,0,adulto
ICB_03371_000,ICB_135,pneumonia,3M Littmann Classic II SE,70.0,0,0,3,0.44029242,0.22404206,0,0,adulto
ICB_03371_001,ICB_135,pneumonia,3M Littmann Classic II SE,70.0,0,0,3,0.5630164,0.47582865,0,0,adulto
ICB_03371_002,ICB_135,pneumonia,3M Littmann Classic II SE,70.0,0,0,3,0.42433408,0.67686754,0,0,adulto
ICB_03371_003,ICB_135,pneumonia,3M Littmann Classic II SE,70.0,0,0,3,0.6336431,0.19593243,1,0,adulto
ICB_03371_004,ICB_135,pneumonia,3M Littmann Classic II SE,70.0,0,0,3,0.56390524,0.16608186,0,0,adulto
ICB_03371_005,ICB_135,pneumonia,3M Littmann Classic II SE,70.0,0,0,3,0.5854342,0.31239578,0,0,adulto
ICB_03371_006,ICB_135,pneumonia,3M Littmann Classic II SE,70.0,0,0,3,0.620452,0.2894162,1,0,adulto
ICB_03371_007,ICB_135,pneumonia,3M Littmann Classic II SE,70.0,0,0,3,0.70485604,0.026050648,1,0,adulto
ICB_03372_000,ICB_135,pneumonia,3M Littmann Classic II SE,70.0,0,0,3,0.73830646,0.23391505,1,0,adulto
ICB_03372_001,ICB_135,pneumonia,3M Littmann Classic II SE,70.0,0,0,3,0.5741839,0.8260112,0,0,adulto
ICB_03372_002,ICB_135,pneumonia,3M Littmann Classic II SE,70.0,0,0,3,0.48208284,0.45883226,0,0,adulto
ICB_03372_003,ICB_135,pneumonia,3M Littmann Classic II SE,70.0,0,0,3,0.27635905,0.562184,0,0,adulto
ICB_03372_004,ICB_135,pneumonia,3M Littmann Classic II SE,70.0,0,0,3,0.43577066,0.8751753,0,0,adulto
ICB_03372_005,ICB_135,pneumonia,3M Littmann Classic II SE,70.0,0,0,3,0.42158106,0.43904942,0,0,adulto
ICB_03372_006,ICB_135,pneumonia,3M Littmann Classic II SE,70.0,0,0,3,0.36513156,0.50568324,0,0,adulto
ICB_03372_007,ICB_135,pneumonia,3M Littmann Classic II SE,70.0,0,0,3,0.33719122,0.2883787,0,0,adulto
ICB_03373_000,ICB_135,pneumonia,3M Littmann Classic II SE,70.0,0,0,3,0.654932,0.44677514,1,0,adulto
ICB_03373_001,ICB_135,pneumonia,3M Littmann Classic II SE,70.0,0,0,3,0.79746556,0.4241572,1,0,adulto
ICB_03373_002,ICB_135,pneumonia,3M Littmann Classic II SE,70.0,0,0,3,0.7455723,0.49773058,1,0,adulto
ICB_03373_003,ICB_135,pneumonia,3M Littmann Classic II SE,70.0,0,0,3,0.5134147,0.6426081,0,0,adulto
ICB_03373_004,ICB_135,pneumonia,3M Littmann Classic II SE,70.0,0,0,3,0.61805254,0.26233363,1,0,adulto
ICB_03373_005,ICB_135,pneumonia,3M Littmann Classic II SE,70.0,0,0,3,0.5166672,0.33620316,0,0,adulto
ICB_03373_006,ICB_135,pneumonia,3M Littmann Classic II SE,70.0,0,0,3,0.20749739,0.30670002,0,0,adulto
ICB_03374_000,ICB_135,pneumonia,3M Littmann Classic II SE,70.0,0,0,3,0.3299531,0.6192775,0,0,adulto
ICB_03374_001,ICB_135,pneumonia,3M Littmann Classic II SE,70.0,0,0,3,0.48255172,0.4717045,0,0,adulto
ICB_03374_002,ICB_135,pneumonia,3M Littmann Classic II SE,70.0,0,0,3,0.19245227,0.34262738,0,0,adulto
ICB_03374_003,ICB_135,pneumonia,3M Littmann Classic II SE,70.0,0,0,3,0.22325028,0.40388337,0,0,adulto
ICB_03374_004,ICB_135,pneumonia,3M Littmann Classic II SE,70.0,0,0,3,0.2000286,0.28829277,0,0,adulto
ICB_03374_005,ICB_135,pneumonia,3M Littmann Classic II SE,70.0,0,0,3,0.22694124,0.32218146,0,0,adulto
ICB_03374_006,ICB_135,pneumonia,3M Littmann Classic II SE,70.0,0,0,3,0.20827726,0.324374,0,0,adulto
ICB_03374_007,ICB_135,pneumonia,3M Littmann Classic II SE,70.0,0,0,3,0.6066608,0.10077403,1,0,adulto
ICB_03375_000,ICB_135,pneumonia,3M Littmann Classic II SE,70.0,0,0,3,0.59453887,0.25985548,0,0,adulto
ICB_03375_001,ICB_135,pneumonia,3M Littmann Classic II SE,70.0,0,0,3,0.5635072,0.1904362,0,0,adulto
ICB_03375_002,ICB_135,pneumonia,3M Littmann Classic II SE,70.0,0,0,3,0.5635784,0.22967532,0,0,adulto
ICB_03375_003,ICB_135,pneumonia,3M Littmann Classic II SE,70.0,0,0,3,0.64135617,0.22026649,1,0,adulto
ICB_03375_004,ICB_135,pneumonia,3M Littmann Classic II SE,70.0,0,0,3,0.48145798,0.30684295,0,0,adulto
ICB_03375_005,ICB_135,pneumonia,3M Littmann Classic II SE,70.0,0,0,3,0.55959177,0.37582067,0,0,adulto
ICB_03375_006,ICB_135,pneumonia,3M Littmann Classic II SE,70.0,0,0,3,0.601176,0.3774062,1,0,adulto
ICB_03375_007,ICB_135,pneumonia,3M Littmann Classic II SE,70.0,0,0,3,0.5154369,0.33643964,0,0,adulto
ICB_03375_008,ICB_135,pneumonia,3M Littmann Classic II SE,70.0,0,0,3,0.42859873,0.14514522,0,0,adulto
ICB_03376_000,ICB_135,pneumonia,3M Littmann Classic II SE,70.0,0,0,3,0.21944064,0.6080248,0,0,adulto
ICB_03376_001,ICB_135,pneumonia,3M Littmann Classic II SE,70.0,0,0,3,0.32929757,0.600539,0,0,adulto
ICB_03376_002,ICB_135,pneumonia,3M Littmann Classic II SE,70.0,0,0,3,0.35702786,0.49464178,0,0,adulto
ICB_03376_003,ICB_135,pneumonia,3M Littmann Classic II SE,70.0,0,0,3,0.24456888,0.31417465,0,0,adulto
ICB_03376_004,ICB_135,pneumonia,3M Littmann Classic II SE,70.0,0,0,3,0.49773943,0.6091943,0,0,adulto
ICB_03376_005,ICB_135,pneumonia,3M Littmann Classic II SE,70.0,0,0,3,0.32801145,0.5258815,0,0,adulto
ICB_03376_006,ICB_135,pneumonia,3M Littmann Classic II SE,70.0,0,0,3,0.24939848,0.37480763,0,0,adulto
ICB_03376_007,ICB_135,pneumonia,3M Littmann Classic II SE,70.0,0,0,3,0.3047796,0.6879644,0,0,adulto
ICB_03376_008,ICB_135,pneumonia,3M Littmann Classic II SE,70.0,0,0,3,0.1268338,0.33725774,0,0,adulto
ICB_03377_000,ICB_135,pneumonia,3M Littmann Classic II SE,70.0,0,0,3,0.5310205,0.26886103,0,0,adulto
ICB_03377_001,ICB_135,pneumonia,3M Littmann Classic II SE,70.0,0,0,3,0.6304241,0.3189456,1,0,adulto
ICB_03377_002,ICB_135,pneumonia,3M Littmann Classic II SE,70.0,0,0,3,0.4786968,0.5503545,0,0,adulto
ICB_03377_003,ICB_135,pneumonia,3M Littmann Classic II SE,70.0,0,0,3,0.47563452,0.30987018,0,0,adulto
ICB_03377_004,ICB_135,pneumonia,3M Littmann Classic II SE,70.0,0,0,3,0.5404785,0.32003808,0,0,adulto
ICB_03377_005,ICB_135,pneumonia,3M Littmann Classic II SE,70.0,0,0,3,0.42364088,0.5288426,0,0,adulto
ICB_03377_006,ICB_135,pneumonia,3M Littmann Classic II SE,70.0,0,0,3,0.54909366,0.84436274,0,0,adulto
ICB_03377_007,ICB_135,pneumonia,3M Littmann Classic II SE,70.0,0,0,3,0.644255,0.26981026,1,0,adulto
ICB_03377_008,ICB_135,pneumonia,3M Littmann Classic II SE,70.0,0,0,3,0.115052395,0.4706807,0,0,adulto
ICB_03378_000,ICB_135,pneumonia,3M Littmann Classic II SE,70.0,0,0,3,0.66500664,0.31777006,1,0,adulto
ICB_03378_001,ICB_135,pneumonia,3M Littmann Classic II SE,70.0,0,0,3,0.7144879,0.4185141,1,0,adulto
ICB_03378_002,ICB_135,pneumonia,3M Littmann Classic II SE,70.0,0,0,3,0.7102163,0.06887996,1,0,adulto
ICB_03378_003,ICB_135,pneumonia,3M Littmann Classic II SE,70.0,0,0,3,0.57699776,0.19159941,0,0,adulto
ICB_03378_004,ICB_135,pneumonia,3M Littmann Classic II SE,70.0,0,0,3,0.740383,0.35613084,1,0,adulto
ICB_03378_005,ICB_135,pneumonia,3M Littmann Classic II SE,70.0,0,0,3,0.53330904,0.14629857,0,0,adulto
ICB_03378_006,ICB_135,pneumonia,3M Littmann Classic II SE,70.0,0,0,3,0.63184875,0.43674654,1,0,adulto
ICB_03378_007,ICB_135,pneumonia,3M Littmann Classic II SE,70.0,0,0,3,0.54367375,0.20193112,0,0,adulto
ICB_03378_008,ICB_135,pneumonia,3M Littmann Classic II SE,70.0,0,0,3,0.4239206,0.2428811,0,0,adulto
ICB_03379_000,ICB_135,pneumonia,3M Littmann Classic II SE,70.0,0,0,3,0.16770035,0.462198,0,0,adulto
ICB_03379_001,ICB_135,pneumonia,3M Littmann Classic II SE,70.0,0,0,3,0.09855626,0.25588685,0,0,adulto
ICB_03379_002,ICB_135,pneumonia,3M Littmann Classic II SE,70.0,0,0,3,0.13243386,0.23038912,0,0,adulto
ICB_03379_003,ICB_135,pneumonia,3M Littmann Classic II SE,70.0,0,0,3,0.10393631,0.2415747,0,0,adulto
ICB_03379_004,ICB_135,pneumonia,3M Littmann Classic II SE,70.0,0,0,3,0.14569485,0.21015152,0,0,adulto
ICB_03379_005,ICB_135,pneumonia,3M Littmann Classic II SE,70.0,0,0,3,0.13551697,0.52825046,0,0,adulto
ICB_03379_006,ICB_135,pneumonia,3M Littmann Classic II SE,70.0,0,0,3,0.12778872,0.29630813,0,0,adulto
ICB_03379_007,ICB_135,pneumonia,3M Littmann Classic II SE,70.0,0,0,3,0.088786356,0.23406383,0,0,adulto
ICB_03379_008,ICB_135,pneumonia,3M Littmann Classic II SE,70.0,0,0,3,0.19668539,0.014768345,0,0,adulto
ICB_03450_000,ICB_147,copd,AKG C417L Microphone,77.0,0,0,3,0.12810679,0.44524637,0,0,adulto
ICB_03450_001,ICB_147,copd,AKG C417L Microphone,77.0,0,0,3,0.33513606,0.4818424,0,0,adulto
ICB_03450_002,ICB_147,copd,AKG C417L Microphone,77.0,0,0,3,0.09897905,0.32820714,0,0,adulto
ICB_03450_003,ICB_147,copd,AKG C417L Microphone,77.0,0,0,3,0.21093906,0.5016449,0,0,adulto
ICB_03450_004,ICB_147,copd,AKG C417L Microphone,77.0,0,0,3,0.32098114,0.70071435,0,0,adulto
ICB_03450_005,ICB_147,copd,AKG C417L Microphone,77.0,0,0,3,0.1559187,0.41583517,0,0,adulto
ICB_03450_006,ICB_147,copd,AKG C417L Microphone,77.0,0,0,3,0.20536512,0.43545708,0,0,adulto
ICB_03450_007,ICB_147,copd,AKG C417L Microphone,77.0,0,1,3,0.18831915,0.5807856,0,2,adulto
ICB_03450_008,ICB_147,copd,AKG C417L Microphone,77.0,0,1,3,0.3005818,0.7948995,0,2,adulto
ICB_03450_009,ICB_147,copd,AKG C417L Microphone,77.0,0,1,3,0.32129037,0.57178605,0,2,adulto
ICB_03450_010,ICB_147,copd,AKG C417L Microphone,77.0,0,1,3,0.19489601,0.39247936,0,2,adulto
ICB_03450_011,ICB_147,copd,AKG C417L Microphone,77.0,0,0,3,0.2887191,0.5365721,0,0,adulto
ICB_03451_000,ICB_147,copd,AKG C417L Microphone,77.0,0,0,3,0.15820356,0.55546343,0,0,adulto
ICB_03451_001,ICB_147,copd,AKG C417L Microphone,77.0,0,0,3,0.19264567,0.53254277,0,0,adulto
ICB_03451_002,ICB_147,copd,AKG C417L Microphone,77.0,1,0,3,0.1831893,0.5202384,0,1,adulto
ICB_03451_003,ICB_147,copd,AKG C417L Microphone,77.0,1,0,3,0.15492767,0.58195025,0,1,adulto
ICB_03451_004,ICB_147,copd,AKG C417L Microphone,77.0,0,0,3,0.23896173,0.6403376,0,0,adulto
ICB_03451_005,ICB_147,copd,AKG C417L Microphone,77.0,0,0,3,0.20983006,0.35795563,0,0,adulto
ICB_03451_006,ICB_147,copd,AKG C417L Microphone,77.0,0,0,3,0.027443627,0.3141962,0,0,adulto
ICB_03451_007,ICB_147,copd,AKG C417L Microphone,77.0,0,0,3,0.21554089,0.42135718,0,0,adulto
ICB_03451_008,ICB_147,copd,AKG C417L Microphone,77.0,0,0,3,0.20524323,0.44291598,0,0,adulto
ICB_03451_009,ICB_147,copd,AKG C417L Microphone,77.0,0,0,3,0.13715635,0.56176084,0,0,adulto
ICB_03451_010,ICB_147,copd,AKG C417L Microphone,77.0,0,0,3,0.14063688,0.2581049,0,0,adulto
ICB_03452_000,ICB_147,copd,AKG C417L Microphone,77.0,0,1,3,0.2585,0.41940054,0,2,adulto
ICB_03452_001,ICB_147,copd,AKG C417L Microphone,77.0,0,1,3,0.26622507,0.5202691,0,2,adulto
ICB_03452_002,ICB_147,copd,AKG C417L Microphone,77.0,0,0,3,0.11304176,0.39985213,0,0,adulto
ICB_03452_003,ICB_147,copd,AKG C417L Microphone,77.0,0,1,3,0.09084024,0.58807397,0,2,adulto
ICB_03452_004,ICB_147,copd,AKG C417L Microphone,77.0,0,1,3,0.15363394,0.3392763,0,2,adulto
ICB_03452_005,ICB_147,copd,AKG C417L Microphone,77.0,0,1,3,0.044097636,0.26119837,0,2,adulto
ICB_03452_006,ICB_147,copd,AKG C417L Microphone,77.0,0,1,3,0.1548777,0.6494846,0,2,adulto
ICB_03452_007,ICB_147,copd,AKG C417L Microphone,77.0,0,1,3,0.10139814,0.24769747,0,2,adulto
ICB_03452_008,ICB_147,copd,AKG C417L Microphone,77.0,0,1,3,0.10621283,0.51468414,0,2,adulto
ICB_03452_009,ICB_147,copd,AKG C417L Microphone,77.0,0,0,3,0.23778605,0.7033238,0,0,adulto
ICB_03452_010,ICB_147,copd,AKG C417L Microphone,77.0,0,1,3,0.45537388,0.610721,0,2,adulto
ICB_03452_011,ICB_147,copd,AKG C417L Microphone,77.0,0,0,3,0.21663348,0.46156135,0,0,adulto
ICB_03452_012,ICB_147,copd,AKG C417L Microphone,77.0,0,0,3,0.16507629,0.3174401,0,0,adulto
ICB_03452_013,ICB_147,copd,AKG C417L Microphone,77.0,0,1,3,0.17293248,0.5465271,0,2,adulto
ICB_03452_014,ICB_147,copd,AKG C417L Microphone,77.0,0,0,3,0.17794943,0.43051496,0,0,adulto
ICB_03453_000,ICB_147,copd,AKG C417L Microphone,77.0,0,1,3,0.56925184,0.8679734,0,2,adulto
ICB_03453_001,ICB_147,copd,AKG C417L Microphone,77.0,0,1,3,0.77716595,0.93290603,1,2,adulto
ICB_03453_002,ICB_147,copd,AKG C417L Microphone,77.0,0,1,3,0.63463527,0.9184611,1,2,adulto
ICB_03453_003,ICB_147,copd,AKG C417L Microphone,77.0,0,0,3,0.56790465,0.69518936,0,0,adulto
ICB_03453_004,ICB_147,copd,AKG C417L Microphone,77.0,0,0,3,0.33986768,0.3269143,0,0,adulto
ICB_03454_000,ICB_147,copd,AKG C417L Microphone,77.0,0,1,3,0.6137087,0.7753126,1,2,adulto
ICB_03454_001,ICB_147,copd,AKG C417L Microphone,77.0,0,1,3,0.7100452,0.4114476,1,2,adulto
ICB_03454_002,ICB_147,copd,AKG C417L Microphone,77.0,0,1,3,0.55139947,0.9258586,0,2,adulto
ICB_03454_003,ICB_147,copd,AKG C417L Microphone,77.0,0,0,3,0.5129128,0.29403886,0,0,adulto
ICB_03454_004,ICB_147,copd,AKG C417L Microphone,77.0,0,0,3,0.52597284,0.18004502,0,0,adulto
ICB_03455_000,ICB_147,copd,AKG C417L Microphone,77.0,0,0,3,0.67979395,0.46385747,1,0,adulto
ICB_03455_001,ICB_147,copd,AKG C417L Microphone,77.0,0,1,3,0.83275265,0.94936454,1,2,adulto
ICB_03455_002,ICB_147,copd,AKG C417L Microphone,77.0,0,1,3,0.5695668,0.9017056,0,2,adulto
ICB_03455_003,ICB_147,copd,AKG C417L Microphone,77.0,0,1,3,0.7315535,0.67402124,1,2,adulto
ICB_03455_004,ICB_147,copd,AKG C417L Microphone,77.0,0,0,3,0.678547,0.4268777,1,0,adulto
ICB_03456_000,ICB_147,copd,AKG C417L Microphone,77.0,0,0,3,0.5377556,0.5972717,0,0,adulto
ICB_03456_001,ICB_147,copd,AKG C417L Microphone,77.0,0,1,3,0.6539227,0.5692106,1,2,adulto
ICB_03456_002,ICB_147,copd,AKG C417L Microphone,77.0,0,0,3,0.56472445,0.7155093,0,0,adulto
ICB_03456_003,ICB_147,copd,AKG C417L Microphone,77.0,0,1,3,0.6010747,0.36021,1,2,adulto
ICB_03456_004,ICB_147,copd,AKG C417L Microphone,77.0,0,0,3,0.32257426,0.48741227,0,0,adulto
ICB_03457_000,ICB_147,copd,AKG C417L Microphone,77.0,0,0,3,0.46978623,0.41702327,0,0,adulto
ICB_03457_001,ICB_147,copd,AKG C417L Microphone,77.0,0,1,3,0.65044785,0.5582438,1,2,adulto
ICB_03457_002,ICB_147,copd,AKG C417L Microphone,77.0,0,0,3,0.64954346,0.8521068,1,0,adulto
ICB_03457_003,ICB_147,copd,AKG C417L Microphone,77.0,0,0,3,0.5019528,0.35975003,0,0,adulto
ICB_03457_004,ICB_147,copd,AKG C417L Microphone,77.0,0,0,3,0.44355068,0.22409916,0,0,adulto
ICB_03458_000,ICB_147,copd,AKG C417L Microphone,77.0,0,0,3,0.7044599,0.48040184,1,0,adulto
ICB_03458_001,ICB_147,copd,AKG C417L Microphone,77.0,0,0,3,0.735885,0.48019373,1,0,adulto
ICB_03458_002,ICB_147,copd,AKG C417L Microphone,77.0,0,0,3,0.68495363,0.62254375,1,0,adulto
ICB_03458_003,ICB_147,copd,AKG C417L Microphone,77.0,0,0,3,0.48865092,0.62696224,0,0,adulto
ICB_03458_004,ICB_147,copd,AKG C417L Microphone,77.0,0,0,3,0.32031822,0.22445543,0,0,adulto
ICB_03459_000,ICB_147,copd,AKG C417L Microphone,77.0,0,0,3,0.6164099,0.41791987,1,0,adulto
ICB_03459_001,ICB_147,copd,AKG C417L Microphone,77.0,0,0,3,0.6586552,0.4471648,1,0,adulto
ICB_03459_002,ICB_147,copd,AKG C417L Microphone,77.0,0,0,3,0.6636968,0.39353412,1,0,adulto
ICB_03459_003,ICB_147,copd,AKG C417L Microphone,77.0,0,0,3,0.60524267,0.72399074,1,0,adulto
ICB_03459_004,ICB_147,copd,AKG C417L Microphone,77.0,0,0,3,0.2273027,0.24719134,0,0,adulto
ICB_03460_000,ICB_147,copd,AKG C417L Microphone,77.0,0,1,3,0.8586241,0.7031015,1,2,adulto
ICB_03460_001,ICB_147,copd,AKG C417L Microphone,77.0,0,1,3,0.8140453,0.9134919,1,2,adulto
ICB_03460_002,ICB_147,copd,AKG C417L Microphone,77.0,0,1,3,0.80861884,0.59371626,1,2,adulto
ICB_03460_003,ICB_147,copd,AKG C417L Microphone,77.0,0,1,3,0.7414563,0.63039863,1,2,adulto
ICB_03460_004,ICB_147,copd,AKG C417L Microphone,77.0,0,0,3,0.6451312,0.49694273,1,0,adulto
ICB_03461_000,ICB_147,copd,AKG C417L Microphone,77.0,0,0,3,0.43998015,0.3737699,0,0,adulto
ICB_03461_001,ICB_147,copd,AKG C417L Microphone,77.0,0,0,3,0.44135317,0.7262546,0,0,adulto
ICB_03461_002,ICB_147,copd,AKG C417L Microphone,77.0,0,0,3,0.54208094,0.45493656,0,0,adulto
ICB_03461_003,ICB_147,copd,AKG C417L Microphone,77.0,0,0,3,0.53076017,0.3205294,0,0,adulto
ICB_03461_004,ICB_147,copd,AKG C417L Microphone,77.0,0,0,3,0.34197626,0.35712436,0,0,adulto
ICB_03462_000,ICB_147,copd,AKG C417L Microphone,77.0,0,0,3,0.53786564,0.57320005,0,0,adulto
ICB_03462_001,ICB_147,copd,AKG C417L Microphone,77.0,0,0,3,0.53909594,0.812148,0,0,adulto
ICB_03462_002,ICB_147,copd,AKG C417L Microphone,77.0,0,0,3,0.585813,0.6659499,0,0,adulto
ICB_03462_003,ICB_147,copd,AKG C417L Microphone,77.0,0,0,3,0.65272284,0.3500818,1,0,adulto
ICB_03462_004,ICB_147,copd,AKG C417L Microphone,77.0,0,0,3,0.494942,0.3188308,0,0,adulto
ICB_03463_000,ICB_147,copd,AKG C417L Microphone,77.0,0,0,3,0.66689074,0.3224371,1,0,adulto
ICB_03463_001,ICB_147,copd,AKG C417L Microphone,77.0,0,0,3,0.56050277,0.424258,0,0,adulto
ICB_03463_002,ICB_147,copd,AKG C417L Microphone,77.0,0,0,3,0.6555767,0.3499061,1,0,adulto
ICB_03463_003,ICB_147,copd,AKG C417L Microphone,77.0,0,0,3,0.62917936,0.4056291,1,0,adulto
ICB_03463_004,ICB_147,copd,AKG C417L Microphone,77.0,0,0,3,0.45149228,0.4900399,0,0,adulto
ICB_03464_000,ICB_147,copd,AKG C417L Microphone,77.0,0,0,3,0.5034238,0.78624654,0,0,adulto
ICB_03464_001,ICB_147,copd,AKG C417L Microphone,77.0,0,0,3,0.49903858,0.42817387,0,0,adulto
ICB_03464_002,ICB_147,copd,AKG C417L Microphone,77.0,0,0,3,0.51503116,0.6122334,0,0,adulto
ICB_03464_003,ICB_147,copd,AKG C417L Microphone,77.0,0,0,3,0.65738803,0.38271704,1,0,adulto
ICB_03464_004,ICB_147,copd,AKG C417L Microphone,77.0,0,0,3,0.46367082,0.5205852,0,0,adulto
ICB_03465_000,ICB_147,copd,AKG C417L Microphone,77.0,0,1,3,0.6847784,0.72532547,1,2,adulto
ICB_03465_001,ICB_147,copd,AKG C417L Microphone,77.0,0,0,3,0.57422096,0.3140711,0,0,adulto
ICB_03465_002,ICB_147,copd,AKG C417L Microphone,77.0,0,0,3,0.7955821,0.38254133,1,0,adulto
ICB_03465_003,ICB_147,copd,AKG C417L Microphone,77.0,0,0,3,0.79233086,0.71552736,1,0,adulto
ICB_03465_004,ICB_147,copd,AKG C417L Microphone,77.0,0,0,3,0.27464294,0.8110775,0,0,adulto
ICB_03466_000,ICB_148,respiratory_infection,3M Littmann Classic II SE,4.0,0,0,3,0.087100275,0.43713284,0,0,pediátrico (<18)
ICB_03466_001,ICB_148,respiratory_infection,3M Littmann Classic II SE,4.0,0,0,3,0.28380054,0.3629282,0,0,pediátrico (<18)
ICB_03466_002,ICB_148,respiratory_infection,3M Littmann Classic II SE,4.0,0,0,3,0.2918718,0.5122649,0,0,pediátrico (<18)
ICB_03466_003,ICB_148,respiratory_infection,3M Littmann Classic II SE,4.0,0,0,3,0.3046153,0.4729151,0,0,pediátrico (<18)
ICB_03466_004,ICB_148,respiratory_infection,3M Littmann Classic II SE,4.0,0,0,3,0.14319478,0.34931502,0,0,pediátrico (<18)
ICB_03466_005,ICB_148,respiratory_infection,3M Littmann Classic II SE,4.0,0,0,3,0.4167266,0.4632256,0,0,pediátrico (<18)
ICB_03466_006,ICB_148,respiratory_infection,3M Littmann Classic II SE,4.0,0,0,3,0.19758545,0.40221447,0,0,pediátrico (<18)
ICB_03466_007,ICB_148,respiratory_infection,3M Littmann Classic II SE,4.0,0,0,3,0.18781038,0.2954865,0,0,pediátrico (<18)
ICB_03466_008,ICB_148,respiratory_infection,3M Littmann Classic II SE,4.0,0,0,3,0.14962126,0.17600477,0,0,pediátrico (<18)
ICB_03466_009,ICB_148,respiratory_infection,3M Littmann Classic II SE,4.0,0,0,3,0.3667765,0.39890376,0,0,pediátrico (<18)
ICB_03466_010,ICB_148,respiratory_infection,3M Littmann Classic II SE,4.0,0,0,3,0.18652615,0.47004935,0,0,pediátrico (<18)
ICB_03499_000,ICB_152,normal_lung,3M Littmann Classic II SE,16.0,0,0,3,0.5228725,0.33560735,0,0,pediátrico (<18)
ICB_03499_001,ICB_152,normal_lung,3M Littmann Classic II SE,16.0,0,0,3,0.7725673,0.34096003,1,0,pediátrico (<18)
ICB_03499_002,ICB_152,normal_lung,3M Littmann Classic II SE,16.0,0,0,3,0.46021083,0.26310354,0,0,pediátrico (<18)
ICB_03499_003,ICB_152,normal_lung,3M Littmann Classic II SE,16.0,0,0,3,0.6310723,0.26760626,1,0,pediátrico (<18)
ICB_03499_004,ICB_152,normal_lung,3M Littmann Classic II SE,16.0,0,0,3,0.55607265,0.41661692,0,0,pediátrico (<18)
ICB_03499_005,ICB_152,normal_lung,3M Littmann Classic II SE,16.0,0,0,3,0.6021146,0.3733217,1,0,pediátrico (<18)
ICB_03499_006,ICB_152,normal_lung,3M Littmann Classic II SE,16.0,0,0,3,0.6393954,0.23820813,1,0,pediátrico (<18)
ICB_03524_000,ICB_155,copd,3M Littmann Classic II SE,69.0,0,0,3,0.49534452,0.4235538,0,0,adulto
ICB_03524_001,ICB_155,copd,3M Littmann Classic II SE,69.0,0,0,3,0.73028326,0.49705026,1,0,adulto
ICB_03524_002,ICB_155,copd,3M Littmann Classic II SE,69.0,0,0,3,0.632621,0.68448156,1,0,adulto
ICB_03524_003,ICB_155,copd,3M Littmann Classic II SE,69.0,0,0,3,0.4409127,0.3805446,0,0,adulto
ICB_03524_004,ICB_155,copd,3M Littmann Classic II SE,69.0,0,0,3,0.7037689,0.3405351,1,0,adulto
ICB_03524_005,ICB_155,copd,3M Littmann Classic II SE,69.0,0,0,3,0.2227398,0.331111,0,0,adulto
ICB_03575_000,ICB_160,copd,AKG C417L Microphone,74.0,1,1,3,0.6908405,0.94438285,1,3,adulto
ICB_03575_001,ICB_160,copd,AKG C417L Microphone,74.0,1,1,3,0.6805094,0.9604231,3,3,adulto
ICB_03576_000,ICB_160,copd,AKG C417L Microphone,74.0,0,1,3,0.758986,0.8609745,1,2,adulto
ICB_03576_001,ICB_160,copd,AKG C417L Microphone,74.0,0,1,3,0.754893,0.56130105,1,2,adulto
ICB_03577_000,ICB_160,copd,AKG C417L Microphone,74.0,1,0,3,0.78330064,0.15659289,1,1,adulto
ICB_03577_001,ICB_160,copd,AKG C417L Microphone,74.0,0,1,3,0.8634097,0.45198113,1,2,adulto
ICB_03578_000,ICB_160,copd,AKG C417L Microphone,74.0,0,1,3,0.61528265,0.52582717,1,2,adulto
ICB_03578_001,ICB_160,copd,AKG C417L Microphone,74.0,0,1,3,0.8268429,0.18787949,1,2,adulto
ICB_03579_000,ICB_160,copd,AKG C417L Microphone,74.0,1,1,3,0.6250228,0.706483,1,3,adulto
ICB_03579_001,ICB_160,copd,AKG C417L Microphone,74.0,0,1,3,0.7544901,0.3038427,1,2,adulto
ICB_03580_000,ICB_160,copd,AKG C417L Microphone,74.0,0,0,3,0.7233268,0.15302001,1,0,adulto
ICB_03580_001,ICB_160,copd,AKG C417L Microphone,74.0,0,1,3,0.5210088,0.43109035,0,2,adulto
ICB_03581_000,ICB_160,copd,AKG C417L Microphone,74.0,0,1,3,0.55006784,0.57113224,0,2,adulto
ICB_03581_001,ICB_160,copd,AKG C417L Microphone,74.0,1,1,3,0.6413109,0.6576171,1,3,adulto
ICB_03581_002,ICB_160,copd,AKG C417L Microphone,74.0,0,1,3,0.56752867,0.77820176,0,2,adulto
ICB_03581_003,ICB_160,copd,AKG C417L Microphone,74.0,0,1,3,0.6816566,0.3493746,1,2,adulto
ICB_03581_004,ICB_160,copd,AKG C417L Microphone,74.0,0,0,3,0.51954246,0.3118971,0,0,adulto
ICB_03582_000,ICB_160,copd,AKG C417L Microphone,74.0,0,1,3,0.86728746,0.54988813,1,2,adulto
ICB_03582_001,ICB_160,copd,AKG C417L Microphone,74.0,0,1,3,0.38015085,0.2624297,0,2,adulto
ICB_03582_002,ICB_160,copd,AKG C417L Microphone,74.0,0,1,3,0.64121133,0.45549276,1,2,adulto
ICB_03582_003,ICB_160,copd,AKG C417L Microphone,74.0,0,1,3,0.7351236,0.57355314,1,2,adulto
ICB_03582_004,ICB_160,copd,AKG C417L Microphone,74.0,0,0,3,0.6139652,0.35033536,1,0,adulto
ICB_03583_000,ICB_160,copd,AKG C417L Microphone,74.0,0,1,3,0.7419753,0.54030544,1,2,adulto
ICB_03583_001,ICB_160,copd,AKG C417L Microphone,74.0,0,1,3,0.83740634,0.21818058,1,2,adulto
ICB_03583_002,ICB_160,copd,AKG C417L Microphone,74.0,0,1,3,0.7444932,0.66367644,1,2,adulto
ICB_03583_003,ICB_160,copd,AKG C417L Microphone,74.0,0,1,3,0.78742665,0.48322242,1,2,adulto
ICB_03583_004,ICB_160,copd,AKG C417L Microphone,74.0,0,0,3,0.7903926,0.15799314,1,0,adulto
ICB_03584_000,ICB_160,copd,AKG C417L Microphone,74.0,0,1,3,0.32022142,0.86502564,0,2,adulto
ICB_03584_001,ICB_160,copd,AKG C417L Microphone,74.0,1,1,3,0.33082774,0.47331217,0,3,adulto
ICB_03584_002,ICB_160,copd,AKG C417L Microphone,74.0,1,1,3,0.34877214,0.6132936,0,3,adulto
ICB_03584_003,ICB_160,copd,AKG C417L Microphone,74.0,0,1,3,0.3131399,0.3027282,0,2,adulto
ICB_03584_004,ICB_160,copd,AKG C417L Microphone,74.0,0,0,3,0.3678529,0.13519049,0,0,adulto
ICB_03585_000,ICB_160,copd,AKG C417L Microphone,74.0,1,1,3,0.5417605,0.45869663,0,3,adulto
ICB_03585_001,ICB_160,copd,AKG C417L Microphone,74.0,1,1,3,0.6086302,0.60152215,1,3,adulto
ICB_03585_002,ICB_160,copd,AKG C417L Microphone,74.0,1,1,3,0.6769558,0.7756528,1,3,adulto
ICB_03585_003,ICB_160,copd,AKG C417L Microphone,74.0,1,1,3,0.6273419,0.64750385,1,3,adulto
ICB_03585_004,ICB_160,copd,AKG C417L Microphone,74.0,1,0,3,0.48348105,0.14856577,0,1,adulto
ICB_03586_000,ICB_160,copd,AKG C417L Microphone,74.0,0,0,3,0.80521876,0.0652775,1,0,adulto
ICB_03586_001,ICB_160,copd,AKG C417L Microphone,74.0,0,1,3,0.5851658,0.26441994,0,2,adulto
ICB_03586_002,ICB_160,copd,AKG C417L Microphone,74.0,0,1,3,0.72818863,0.2469419,1,2,adulto
ICB_03586_003,ICB_160,copd,AKG C417L Microphone,74.0,0,1,3,0.52931863,0.113423824,0,2,adulto
ICB_03586_004,ICB_160,copd,AKG C417L Microphone,74.0,0,0,3,0.71454895,0.36432436,1,0,adulto
ICB_03587_000,ICB_160,copd,AKG C417L Microphone,74.0,1,1,3,0.68407995,0.19061655,1,3,adulto
ICB_03587_001,ICB_160,copd,AKG C417L Microphone,74.0,1,1,3,0.728163,0.82052726,1,3,adulto
ICB_03587_002,ICB_160,copd,AKG C417L Microphone,74.0,1,1,3,0.81208897,0.39013037,1,3,adulto
ICB_03587_003,ICB_160,copd,AKG C417L Microphone,74.0,1,1,3,0.76390535,0.75968564,1,3,adulto
ICB_03588_000,ICB_160,copd,AKG C417L Microphone,74.0,0,1,3,0.7777101,0.34290987,1,2,adulto
ICB_03588_001,ICB_160,copd,AKG C417L Microphone,74.0,0,1,3,0.9063353,0.46587288,1,2,adulto
ICB_03588_002,ICB_160,copd,AKG C417L Microphone,74.0,1,1,3,0.79438686,0.744409,1,3,adulto
ICB_03588_003,ICB_160,copd,AKG C417L Microphone,74.0,1,1,3,0.65953374,0.38329846,1,3,adulto
ICB_03589_000,ICB_160,copd,AKG C417L Microphone,74.0,0,1,3,0.87382615,0.2108841,1,2,adulto
ICB_03589_001,ICB_160,copd,AKG C417L Microphone,74.0,0,1,3,0.8458767,0.43947458,1,2,adulto
ICB_03589_002,ICB_160,copd,AKG C417L Microphone,74.0,0,1,3,0.8760086,0.22583625,1,2,adulto
ICB_03589_003,ICB_160,copd,AKG C417L Microphone,74.0,0,1,3,0.8787907,0.12835829,1,2,adulto
ICB_03590_000,ICB_160,copd,AKG C417L Microphone,74.0,0,1,3,0.46110734,0.34017533,0,2,adulto
ICB_03590_001,ICB_160,copd,AKG C417L Microphone,74.0,1,1,3,0.43474355,0.7432462,0,3,adulto
ICB_03590_002,ICB_160,copd,AKG C417L Microphone,74.0,0,1,3,0.4918583,0.32832623,0,2,adulto
ICB_03590_003,ICB_160,copd,AKG C417L Microphone,74.0,0,1,3,0.40167484,0.45458293,0,2,adulto
ICB_03591_000,ICB_160,copd,AKG C417L Microphone,74.0,1,1,3,0.5634092,0.20428832,0,3,adulto
ICB_03591_001,ICB_160,copd,AKG C417L Microphone,74.0,1,1,3,0.54790556,0.3044082,0,3,adulto
ICB_03591_002,ICB_160,copd,AKG C417L Microphone,74.0,1,0,3,0.73403335,0.26213053,1,1,adulto
ICB_03591_003,ICB_160,copd,AKG C417L Microphone,74.0,1,0,3,0.58731383,0.5139949,0,1,adulto
ICB_03592_000,ICB_160,copd,AKG C417L Microphone,74.0,0,1,3,0.7595219,0.27300477,1,2,adulto
ICB_03592_001,ICB_160,copd,AKG C417L Microphone,74.0,0,1,3,0.5810989,0.34276912,0,2,adulto
ICB_03592_002,ICB_160,copd,AKG C417L Microphone,74.0,0,1,3,0.39910677,0.3975294,0,2,adulto
ICB_03592_003,ICB_160,copd,AKG C417L Microphone,74.0,0,1,3,0.42217267,0.68035865,0,2,adulto
ICB_03593_000,ICB_160,copd,AKG C417L Microphone,74.0,0,0,3,0.7844006,0.1851438,1,0,adulto
ICB_03593_001,ICB_160,copd,AKG C417L Microphone,74.0,0,0,3,0.6532242,0.16775967,1,0,adulto
ICB_03593_002,ICB_160,copd,AKG C417L Microphone,74.0,0,0,3,0.57879734,0.2263151,0,0,adulto
ICB_03593_003,ICB_160,copd,AKG C417L Microphone,74.0,1,0,3,0.7060385,0.1123594,1,1,adulto
ICB_03593_004,ICB_160,copd,AKG C417L Microphone,74.0,0,0,3,0.6728394,0.16766728,1,0,adulto
ICB_03593_005,ICB_160,copd,AKG C417L Microphone,74.0,0,0,3,0.6402829,0.37009037,1,0,adulto
ICB_03593_006,ICB_160,copd,AKG C417L Microphone,74.0,0,0,3,0.73618066,0.10156264,1,0,adulto
ICB_03594_000,ICB_160,copd,AKG C417L Microphone,74.0,1,0,3,0.54739374,0.1769344,0,1,adulto
ICB_03594_001,ICB_160,copd,AKG C417L Microphone,74.0,1,0,3,0.5751779,0.1655232,0,1,adulto
ICB_03594_002,ICB_160,copd,AKG C417L Microphone,74.0,1,0,3,0.5690572,0.20671494,0,1,adulto
ICB_03594_003,ICB_160,copd,AKG C417L Microphone,74.0,1,0,3,0.82356983,0.21047206,1,1,adulto
ICB_03594_004,ICB_160,copd,AKG C417L Microphone,74.0,1,0,3,0.7138277,0.1959669,1,1,adulto
ICB_03594_005,ICB_160,copd,AKG C417L Microphone,74.0,1,0,3,0.7328858,0.14341938,1,1,adulto
ICB_03594_006,ICB_160,copd,AKG C417L Microphone,74.0,1,0,3,0.7829748,0.20336032,1,1,adulto
ICB_03595_000,ICB_160,copd,AKG C417L Microphone,74.0,1,0,3,0.54983795,0.29466954,0,1,adulto
ICB_03595_001,ICB_160,copd,AKG C417L Microphone,74.0,1,0,3,0.6592736,0.08821139,1,1,adulto
ICB_03595_002,ICB_160,copd,AKG C417L Microphone,74.0,1,0,3,0.6818703,0.21619952,1,1,adulto
ICB_03595_003,ICB_160,copd,AKG C417L Microphone,74.0,1,0,3,0.5743611,0.11527589,0,1,adulto
ICB_03595_004,ICB_160,copd,AKG C417L Microphone,74.0,1,0,3,0.5188962,0.17518084,0,1,adulto
ICB_03595_005,ICB_160,copd,AKG C417L Microphone,74.0,1,0,3,0.7054709,0.18837808,1,1,adulto
ICB_03595_006,ICB_160,copd,AKG C417L Microphone,74.0,1,0,3,0.7349732,0.13449265,1,1,adulto
ICB_03596_000,ICB_160,copd,AKG C417L Microphone,74.0,1,0,3,0.37974727,0.36148512,0,1,adulto
ICB_03596_001,ICB_160,copd,AKG C417L Microphone,74.0,1,0,3,0.5376526,0.16624619,0,1,adulto
ICB_03596_002,ICB_160,copd,AKG C417L Microphone,74.0,1,0,3,0.46549612,0.2489956,0,1,adulto
ICB_03596_003,ICB_160,copd,AKG C417L Microphone,74.0,1,0,3,0.33522758,0.38663527,0,1,adulto
ICB_03596_004,ICB_160,copd,AKG C417L Microphone,74.0,1,0,3,0.75157267,0.36544108,1,1,adulto
ICB_03596_005,ICB_160,copd,AKG C417L Microphone,74.0,1,0,3,0.7575911,0.13787474,1,1,adulto
ICB_03596_006,ICB_160,copd,AKG C417L Microphone,74.0,1,0,3,0.39513025,0.17777403,0,1,adulto
ICB_03597_000,ICB_160,copd,AKG C417L Microphone,74.0,0,0,3,0.6800354,0.5369475,1,0,adulto
ICB_03597_001,ICB_160,copd,AKG C417L Microphone,74.0,0,0,3,0.60677487,0.51013666,1,0,adulto
ICB_03597_002,ICB_160,copd,AKG C417L Microphone,74.0,0,0,3,0.3979966,0.4306425,0,0,adulto
ICB_03597_003,ICB_160,copd,AKG C417L Microphone,74.0,0,0,3,0.3512658,0.77645177,0,0,adulto
ICB_03597_004,ICB_160,copd,AKG C417L Microphone,74.0,0,0,3,0.4503356,0.6285347,0,0,adulto
ICB_03597_005,ICB_160,copd,AKG C417L Microphone,74.0,0,0,3,0.5734929,0.9288385,0,0,adulto
ICB_03597_006,ICB_160,copd,AKG C417L Microphone,74.0,0,0,3,0.5264393,0.3570617,0,0,adulto
ICB_03624_000,ICB_163,copd,AKG C417L Microphone,62.0,0,0,3,0.637929,0.10854278,1,0,adulto
ICB_03624_001,ICB_163,copd,AKG C417L Microphone,62.0,0,0,3,0.64578056,0.34400937,1,0,adulto
ICB_03624_002,ICB_163,copd,AKG C417L Microphone,62.0,0,0,3,0.61586684,0.23449457,1,0,adulto
ICB_03624_003,ICB_163,copd,AKG C417L Microphone,62.0,0,0,3,0.44740707,0.3857428,0,0,adulto
ICB_03624_004,ICB_163,copd,AKG C417L Microphone,62.0,0,0,3,0.4904569,0.3831413,0,0,adulto
ICB_03625_000,ICB_163,copd,AKG C417L Microphone,62.0,0,0,3,0.31473204,0.21432422,0,0,adulto
ICB_03625_001,ICB_163,copd,AKG C417L Microphone,62.0,0,0,3,0.3560947,0.41385168,0,0,adulto
ICB_03625_002,ICB_163,copd,AKG C417L Microphone,62.0,0,0,3,0.24190812,0.324194,0,0,adulto
ICB_03625_003,ICB_163,copd,AKG C417L Microphone,62.0,0,0,3,0.36351025,0.31620422,0,0,adulto
ICB_03625_004,ICB_163,copd,AKG C417L Microphone,62.0,0,0,3,0.4416941,0.35070658,0,0,adulto
ICB_03626_000,ICB_163,copd,AKG C417L Microphone,62.0,0,0,3,0.43159002,0.20252936,0,0,adulto
ICB_03626_001,ICB_163,copd,AKG C417L Microphone,62.0,1,0,3,0.7442832,0.1227572,1,1,adulto
ICB_03626_002,ICB_163,copd,AKG C417L Microphone,62.0,1,0,3,0.42315915,0.2962259,0,1,adulto
ICB_03626_003,ICB_163,copd,AKG C417L Microphone,62.0,0,0,3,0.5542767,0.12302881,0,0,adulto
ICB_03626_004,ICB_163,copd,AKG C417L Microphone,62.0,0,0,3,0.44443917,0.18280716,0,0,adulto
ICB_03627_000,ICB_163,copd,AKG C417L Microphone,62.0,1,0,3,0.6180367,0.14483532,1,1,adulto
ICB_03627_001,ICB_163,copd,AKG C417L Microphone,62.0,0,0,3,0.79445285,0.33272603,1,0,adulto
ICB_03627_002,ICB_163,copd,AKG C417L Microphone,62.0,1,0,3,0.63381517,0.11397537,1,1,adulto
ICB_03627_003,ICB_163,copd,AKG C417L Microphone,62.0,1,0,3,0.46672758,0.11088025,0,1,adulto
ICB_03627_004,ICB_163,copd,AKG C417L Microphone,62.0,0,0,3,0.38383654,0.17005551,0,0,adulto
ICB_03628_000,ICB_163,copd,AKG C417L Microphone,62.0,1,0,3,0.6979653,0.15045318,1,1,adulto
ICB_03628_001,ICB_163,copd,AKG C417L Microphone,62.0,1,0,3,0.78301585,0.5040462,1,1,adulto
ICB_03628_002,ICB_163,copd,AKG C417L Microphone,62.0,0,0,3,0.87777275,0.42853463,1,0,adulto
ICB_03628_003,ICB_163,copd,AKG C417L Microphone,62.0,0,0,3,0.8937701,0.12693839,1,0,adulto
ICB_03628_004,ICB_163,copd,AKG C417L Microphone,62.0,0,0,3,0.88686466,0.20788935,1,0,adulto
ICB_03629_000,ICB_163,copd,AKG C417L Microphone,62.0,0,0,3,0.45337808,0.19179589,0,0,adulto
ICB_03629_001,ICB_163,copd,AKG C417L Microphone,62.0,0,0,3,0.632865,0.21459351,1,0,adulto
ICB_03629_002,ICB_163,copd,AKG C417L Microphone,62.0,0,0,3,0.50577354,0.23651911,0,0,adulto
ICB_03629_003,ICB_163,copd,AKG C417L Microphone,62.0,0,0,3,0.48446184,0.24126041,0,0,adulto
ICB_03629_004,ICB_163,copd,AKG C417L Microphone,62.0,0,0,3,0.4040552,0.3830995,0,0,adulto
ICB_03630_000,ICB_163,copd,AKG C417L Microphone,62.0,0,0,3,0.18538892,0.2176372,0,0,adulto
ICB_03630_001,ICB_163,copd,AKG C417L Microphone,62.0,0,0,3,0.33695078,0.51055056,0,0,adulto
ICB_03630_002,ICB_163,copd,AKG C417L Microphone,62.0,0,0,3,0.23924516,0.3648409,0,0,adulto
ICB_03630_003,ICB_163,copd,AKG C417L Microphone,62.0,0,0,3,0.26262444,0.34526044,0,0,adulto
ICB_03630_004,ICB_163,copd,AKG C417L Microphone,62.0,0,0,3,0.34571144,0.3033914,0,0,adulto
ICB_03631_000,ICB_163,copd,AKG C417L Microphone,62.0,0,0,3,0.5605995,0.4104066,0,0,adulto
ICB_03631_001,ICB_163,copd,AKG C417L Microphone,62.0,0,0,3,0.37852076,0.36005935,0,0,adulto
ICB_03631_002,ICB_163,copd,AKG C417L Microphone,62.0,0,0,3,0.45880288,0.47432047,0,0,adulto
ICB_03631_003,ICB_163,copd,AKG C417L Microphone,62.0,0,0,3,0.4690442,0.36374092,0,0,adulto
ICB_03631_004,ICB_163,copd,AKG C417L Microphone,62.0,0,0,3,0.50143707,0.7774742,0,0,adulto
ICB_03631_005,ICB_163,copd,AKG C417L Microphone,62.0,0,0,3,0.52218074,0.28969225,0,0,adulto
ICB_03632_000,ICB_163,copd,AKG C417L Microphone,62.0,0,0,3,0.48717535,0.23338787,0,0,adulto
ICB_03632_001,ICB_163,copd,AKG C417L Microphone,62.0,0,0,3,0.55111367,0.35674247,0,0,adulto
ICB_03632_002,ICB_163,copd,AKG C417L Microphone,62.0,0,0,3,0.47236994,0.29747614,0,0,adulto
ICB_03632_003,ICB_163,copd,AKG C417L Microphone,62.0,0,0,3,0.42332053,0.27430487,0,0,adulto
ICB_03632_004,ICB_163,copd,AKG C417L Microphone,62.0,0,0,3,0.29705703,0.37965673,0,0,adulto
ICB_03632_005,ICB_163,copd,AKG C417L Microphone,62.0,0,0,3,0.41617537,0.24536169,0,0,adulto
ICB_03633_000,ICB_163,copd,AKG C417L Microphone,62.0,0,0,3,0.7624077,0.40886894,1,0,adulto
ICB_03633_001,ICB_163,copd,AKG C417L Microphone,62.0,0,0,3,0.5049885,0.5326906,0,0,adulto
ICB_03633_002,ICB_163,copd,AKG C417L Microphone,62.0,0,0,3,0.6880774,0.5139368,1,0,adulto
ICB_03633_003,ICB_163,copd,AKG C417L Microphone,62.0,0,0,3,0.5842125,0.87664837,0,0,adulto
ICB_03633_004,ICB_163,copd,AKG C417L Microphone,62.0,0,0,3,0.63533527,0.9258519,1,0,adulto
ICB_03633_005,ICB_163,copd,AKG C417L Microphone,62.0,0,0,3,0.79466045,0.6593605,1,0,adulto
ICB_03634_000,ICB_163,copd,AKG C417L Microphone,62.0,0,0,3,0.21992093,0.3653072,0,0,adulto
ICB_03634_001,ICB_163,copd,AKG C417L Microphone,62.0,0,0,3,0.049350284,0.28413123,0,0,adulto
ICB_03634_002,ICB_163,copd,AKG C417L Microphone,62.0,0,0,3,0.04743224,0.20933707,0,0,adulto
ICB_03634_003,ICB_163,copd,AKG C417L Microphone,62.0,0,0,3,0.036974452,0.279502,0,0,adulto
ICB_03634_004,ICB_163,copd,AKG C417L Microphone,62.0,0,0,3,0.03823629,0.18410039,0,0,adulto
ICB_03634_005,ICB_163,copd,AKG C417L Microphone,62.0,0,0,3,0.09181859,0.23848732,0,0,adulto
ICB_03635_000,ICB_163,copd,AKG C417L Microphone,62.0,0,0,3,0.41582784,0.20152599,0,0,adulto
ICB_03635_001,ICB_163,copd,AKG C417L Microphone,62.0,0,0,3,0.37935323,0.23376264,0,0,adulto
ICB_03635_002,ICB_163,copd,AKG C417L Microphone,62.0,0,0,3,0.70801204,0.20992357,1,0,adulto
ICB_03635_003,ICB_163,copd,AKG C417L Microphone,62.0,0,0,3,0.46159285,0.48901036,0,0,adulto
ICB_03635_004,ICB_163,copd,AKG C417L Microphone,62.0,0,0,3,0.4048846,0.26233795,0,0,adulto
ICB_03635_005,ICB_163,copd,AKG C417L Microphone,62.0,0,0,3,0.4963585,0.32027012,0,0,adulto
ICB_03636_000,ICB_163,copd,AKG C417L Microphone,62.0,0,0,3,0.40396774,0.32247066,0,0,adulto
ICB_03636_001,ICB_163,copd,AKG C417L Microphone,62.0,0,0,3,0.47342286,0.28965995,0,0,adulto
ICB_03636_002,ICB_163,copd,AKG C417L Microphone,62.0,0,0,3,0.29091406,0.24632345,0,0,adulto
ICB_03636_003,ICB_163,copd,AKG C417L Microphone,62.0,0,0,3,0.21725447,0.4632996,0,0,adulto
ICB_03636_004,ICB_163,copd,AKG C417L Microphone,62.0,0,0,3,0.5910937,0.37141776,0,0,adulto
ICB_03636_005,ICB_163,copd,AKG C417L Microphone,62.0,0,0,3,0.4791764,0.31431878,0,0,adulto
ICB_03646_000,ICB_167,bronchiolitis_asthma,3M Littmann Classic II SE,1.0,0,0,3,0.42867473,0.22040944,0,0,pediátrico (<18)
ICB_03646_001,ICB_167,bronchiolitis_asthma,3M Littmann Classic II SE,1.0,0,0,3,0.35242152,0.31097215,0,0,pediátrico (<18)
ICB_03646_002,ICB_167,bronchiolitis_asthma,3M Littmann Classic II SE,1.0,0,0,3,0.20841977,0.24234372,0,0,pediátrico (<18)
ICB_03646_003,ICB_167,bronchiolitis_asthma,3M Littmann Classic II SE,1.0,0,0,3,0.1984841,0.38776025,0,0,pediátrico (<18)
ICB_03646_004,ICB_167,bronchiolitis_asthma,3M Littmann Classic II SE,1.0,0,0,3,0.3030157,0.3317692,0,0,pediátrico (<18)
ICB_03646_005,ICB_167,bronchiolitis_asthma,3M Littmann Classic II SE,1.0,0,0,3,0.35356688,0.24892792,0,0,pediátrico (<18)
ICB_03646_006,ICB_167,bronchiolitis_asthma,3M Littmann Classic II SE,1.0,0,0,3,0.29504913,0.3194077,0,0,pediátrico (<18)
ICB_03646_007,ICB_167,bronchiolitis_asthma,3M Littmann Classic II SE,1.0,0,0,3,0.17587347,0.3230223,0,0,pediátrico (<18)
ICB_03646_008,ICB_167,bronchiolitis_asthma,3M Littmann Classic II SE,1.0,0,0,3,0.23619571,0.17157437,0,0,pediátrico (<18)
ICB_03646_009,ICB_167,bronchiolitis_asthma,3M Littmann Classic II SE,1.0,0,0,3,0.24184312,0.35310262,0,0,pediátrico (<18)
ICB_03646_010,ICB_167,bronchiolitis_asthma,3M Littmann Classic II SE,1.0,0,0,3,0.22376278,0.24132095,0,0,pediátrico (<18)
ICB_03646_011,ICB_167,bronchiolitis_asthma,3M Littmann Classic II SE,1.0,0,0,3,0.20918609,0.20413306,0,0,pediátrico (<18)
ICB_03646_012,ICB_167,bronchiolitis_asthma,3M Littmann Classic II SE,1.0,0,0,3,0.18935679,0.29806983,0,0,pediátrico (<18)
ICB_03647_000,ICB_167,bronchiolitis_asthma,3M Littmann Classic II SE,1.0,0,0,3,0.68772274,0.37419748,1,0,pediátrico (<18)
ICB_03647_001,ICB_167,bronchiolitis_asthma,3M Littmann Classic II SE,1.0,0,1,3,0.19350666,0.81625575,0,2,pediátrico (<18)
ICB_03647_002,ICB_167,bronchiolitis_asthma,3M Littmann Classic II SE,1.0,0,1,3,0.52305037,0.6642963,0,2,pediátrico (<18)
ICB_03647_003,ICB_167,bronchiolitis_asthma,3M Littmann Classic II SE,1.0,0,0,3,0.42842615,0.30105847,0,0,pediátrico (<18)
ICB_03647_004,ICB_167,bronchiolitis_asthma,3M Littmann Classic II SE,1.0,0,1,3,0.16119885,0.39579126,0,2,pediátrico (<18)
ICB_03647_005,ICB_167,bronchiolitis_asthma,3M Littmann Classic II SE,1.0,0,1,3,0.44821265,0.516274,0,2,pediátrico (<18)
ICB_03647_006,ICB_167,bronchiolitis_asthma,3M Littmann Classic II SE,1.0,0,1,3,0.42050698,0.8528585,0,2,pediátrico (<18)
ICB_03647_007,ICB_167,bronchiolitis_asthma,3M Littmann Classic II SE,1.0,0,0,3,0.61783093,0.4646948,1,0,pediátrico (<18)
ICB_03647_008,ICB_167,bronchiolitis_asthma,3M Littmann Classic II SE,1.0,0,0,3,0.6783082,0.74456537,1,0,pediátrico (<18)
ICB_03647_009,ICB_167,bronchiolitis_asthma,3M Littmann Classic II SE,1.0,0,1,3,0.307087,0.5224024,0,2,pediátrico (<18)
ICB_03647_010,ICB_167,bronchiolitis_asthma,3M Littmann Classic II SE,1.0,0,1,3,0.41915077,0.9848669,2,2,pediátrico (<18)
ICB_03647_011,ICB_167,bronchiolitis_asthma,3M Littmann Classic II SE,1.0,0,0,3,0.46342593,0.5570981,0,0,pediátrico (<18)
ICB_03647_012,ICB_167,bronchiolitis_asthma,3M Littmann Classic II SE,1.0,0,0,3,0.4164902,0.6464635,0,0,pediátrico (<18)
ICB_03647_013,ICB_167,bronchiolitis_asthma,3M Littmann Classic II SE,1.0,0,0,3,0.6752799,0.6767398,1,0,pediátrico (<18)
ICB_03647_014,ICB_167,bronchiolitis_asthma,3M Littmann Classic II SE,1.0,0,1,3,0.33478025,0.58039266,0,2,pediátrico (<18)
ICB_03807_000,ICB_182,normal_lung,3M Littmann Classic II SE,11.0,1,0,3,0.1438006,0.17280625,0,1,pediátrico (<18)
ICB_03807_001,ICB_182,normal_lung,3M Littmann Classic II SE,11.0,1,0,3,0.36136684,0.12631893,0,1,pediátrico (<18)
ICB_03807_002,ICB_182,normal_lung,3M Littmann Classic II SE,11.0,0,0,3,0.53291583,0.29990816,0,0,pediátrico (<18)
ICB_03807_003,ICB_182,normal_lung,3M Littmann Classic II SE,11.0,1,0,3,0.30484536,0.39673945,0,1,pediátrico (<18)
ICB_03807_004,ICB_182,normal_lung,3M Littmann Classic II SE,11.0,0,0,3,0.2571718,0.20256463,0,0,pediátrico (<18)
ICB_03807_005,ICB_182,normal_lung,3M Littmann Classic II SE,11.0,1,0,3,0.41306978,0.21770145,0,1,pediátrico (<18)
ICB_03807_006,ICB_182,normal_lung,3M Littmann Classic II SE,11.0,1,0,3,0.30978614,0.16549204,0,1,pediátrico (<18)
ICB_03811_000,ICB_185,copd,3M Littmann 3200 Electronic,75.0,0,0,3,0.20995115,0.48212108,0,0,adulto
ICB_03811_001,ICB_185,copd,3M Littmann 3200 Electronic,75.0,0,0,3,0.10289673,0.36942914,0,0,adulto
ICB_03811_002,ICB_185,copd,3M Littmann 3200 Electronic,75.0,0,0,3,0.19028854,0.44568712,0,0,adulto
ICB_03811_003,ICB_185,copd,3M Littmann 3200 Electronic,75.0,0,0,3,0.13024186,0.5062141,0,0,adulto
ICB_03811_004,ICB_185,copd,3M Littmann 3200 Electronic,75.0,0,0,3,0.07845234,0.61008835,0,0,adulto
ICB_03811_005,ICB_185,copd,3M Littmann 3200 Electronic,75.0,0,0,3,0.22977452,0.46521175,0,0,adulto
ICB_03811_006,ICB_185,copd,3M Littmann 3200 Electronic,75.0,0,0,3,0.2763856,0.9654285,2,0,adulto
ICB_03812_000,ICB_185,copd,3M Littmann 3200 Electronic,75.0,0,0,3,0.13974862,0.66958076,0,0,adulto
ICB_03812_001,ICB_185,copd,3M Littmann 3200 Electronic,75.0,0,0,3,0.062198993,0.61587435,0,0,adulto
ICB_03812_002,ICB_185,copd,3M Littmann 3200 Electronic,75.0,0,0,3,0.074709795,0.48002294,0,0,adulto
ICB_03812_003,ICB_185,copd,3M Littmann 3200 Electronic,75.0,0,0,3,0.06280692,0.5358304,0,0,adulto
ICB_03812_004,ICB_185,copd,3M Littmann 3200 Electronic,75.0,0,0,3,0.15096389,0.600316,0,0,adulto
ICB_03812_005,ICB_185,copd,3M Littmann 3200 Electronic,75.0,0,0,3,0.08623568,0.6694191,0,0,adulto
ICB_03812_006,ICB_185,copd,3M Littmann 3200 Electronic,75.0,0,0,3,0.10799531,0.4815996,0,0,adulto
ICB_03812_007,ICB_185,copd,3M Littmann 3200 Electronic,75.0,0,0,3,0.13752118,0.3589736,0,0,adulto
ICB_03812_008,ICB_185,copd,3M Littmann 3200 Electronic,75.0,0,0,3,0.13653494,0.51301277,0,0,adulto
ICB_03812_009,ICB_185,copd,3M Littmann 3200 Electronic,75.0,0,0,3,0.21039718,0.5334622,0,0,adulto
ICB_03812_010,ICB_185,copd,3M Littmann 3200 Electronic,75.0,0,0,3,0.44170654,0.67693555,0,0,adulto
ICB_03813_000,ICB_185,copd,3M Littmann 3200 Electronic,75.0,0,0,3,0.047631428,0.46363822,0,0,adulto
ICB_03813_001,ICB_185,copd,3M Littmann 3200 Electronic,75.0,0,0,3,0.20229495,0.64270276,0,0,adulto
ICB_03813_002,ICB_185,copd,3M Littmann 3200 Electronic,75.0,0,0,3,0.08108822,0.759332,0,0,adulto
ICB_03813_003,ICB_185,copd,3M Littmann 3200 Electronic,75.0,0,0,3,0.18199787,0.7791487,0,0,adulto
ICB_03813_004,ICB_185,copd,3M Littmann 3200 Electronic,75.0,0,0,3,0.17257418,0.46031967,0,0,adulto
ICB_03813_005,ICB_185,copd,3M Littmann 3200 Electronic,75.0,0,0,3,0.116315514,0.7130061,0,0,adulto
ICB_03813_006,ICB_185,copd,3M Littmann 3200 Electronic,75.0,0,0,3,0.18864807,0.52398205,0,0,adulto
ICB_03813_007,ICB_185,copd,3M Littmann 3200 Electronic,75.0,0,0,3,0.4007647,0.76765496,0,0,adulto
ICB_03813_008,ICB_185,copd,3M Littmann 3200 Electronic,75.0,0,1,3,0.46119308,0.8140753,0,2,adulto
ICB_03813_009,ICB_185,copd,3M Littmann 3200 Electronic,75.0,0,0,3,0.22211662,0.812701,0,0,adulto
ICB_03814_000,ICB_185,copd,3M Littmann 3200 Electronic,75.0,0,0,3,0.2620455,0.7623192,0,0,adulto
ICB_03814_001,ICB_185,copd,3M Littmann 3200 Electronic,75.0,0,0,3,0.22353634,0.58969885,0,0,adulto
ICB_03814_002,ICB_185,copd,3M Littmann 3200 Electronic,75.0,0,0,3,0.17901129,0.64366627,0,0,adulto
ICB_03814_003,ICB_185,copd,3M Littmann 3200 Electronic,75.0,0,0,3,0.35700077,0.59066075,0,0,adulto
ICB_03814_004,ICB_185,copd,3M Littmann 3200 Electronic,75.0,0,0,3,0.2534532,0.7071377,0,0,adulto
ICB_03814_005,ICB_185,copd,3M Littmann 3200 Electronic,75.0,0,0,3,0.34013516,0.730397,0,0,adulto
ICB_03814_006,ICB_185,copd,3M Littmann 3200 Electronic,75.0,0,0,3,0.52063835,0.85178626,0,0,adulto
ICB_03815_000,ICB_185,copd,3M Littmann 3200 Electronic,75.0,0,0,3,0.014508625,0.68240446,0,0,adulto
ICB_03815_001,ICB_185,copd,3M Littmann 3200 Electronic,75.0,0,0,3,0.045456342,0.5078638,0,0,adulto
ICB_03815_002,ICB_185,copd,3M Littmann 3200 Electronic,75.0,0,0,3,0.123463154,0.6663262,0,0,adulto
ICB_03815_003,ICB_185,copd,3M Littmann 3200 Electronic,75.0,0,0,3,0.070627,0.71657586,0,0,adulto
ICB_03815_004,ICB_185,copd,3M Littmann 3200 Electronic,75.0,0,0,3,0.059996493,0.30411518,0,0,adulto
ICB_03815_005,ICB_185,copd,3M Littmann 3200 Electronic,75.0,0,0,3,0.08398588,0.36733675,0,0,adulto
ICB_03815_006,ICB_185,copd,3M Littmann 3200 Electronic,75.0,0,0,3,0.18215889,0.735332,0,0,adulto
ICB_03815_007,ICB_185,copd,3M Littmann 3200 Electronic,75.0,0,0,3,0.06615566,0.4679225,0,0,adulto
ICB_03815_008,ICB_185,copd,3M Littmann 3200 Electronic,75.0,0,0,3,0.2512044,0.6934133,0,0,adulto
ICB_03816_000,ICB_185,copd,3M Littmann 3200 Electronic,75.0,0,0,3,0.20980807,0.6278427,0,0,adulto
ICB_03816_001,ICB_185,copd,3M Littmann 3200 Electronic,75.0,0,0,3,0.13659506,0.6601944,0,0,adulto
ICB_03816_002,ICB_185,copd,3M Littmann 3200 Electronic,75.0,0,0,3,0.13941228,0.62531775,0,0,adulto
ICB_03816_003,ICB_185,copd,3M Littmann 3200 Electronic,75.0,0,0,3,0.06942735,0.58003664,0,0,adulto
ICB_03816_004,ICB_185,copd,3M Littmann 3200 Electronic,75.0,0,0,3,0.09552044,0.54845184,0,0,adulto
ICB_03816_005,ICB_185,copd,3M Littmann 3200 Electronic,75.0,0,0,3,0.17628823,0.3323792,0,0,adulto
ICB_03816_006,ICB_185,copd,3M Littmann 3200 Electronic,75.0,0,0,3,0.20445152,0.38431966,0,0,adulto
ICB_03816_007,ICB_185,copd,3M Littmann 3200 Electronic,75.0,0,0,3,0.1543504,0.42307281,0,0,adulto
ICB_03816_008,ICB_185,copd,3M Littmann 3200 Electronic,75.0,0,0,3,0.29877615,0.4527707,0,0,adulto
ICB_03816_009,ICB_185,copd,3M Littmann 3200 Electronic,75.0,0,0,3,0.4673668,0.6278605,0,0,adulto
ICB_03816_010,ICB_185,copd,3M Littmann 3200 Electronic,75.0,0,0,3,0.25875247,0.4373773,0,0,adulto
ICB_03817_000,ICB_186,copd,AKG C417L Microphone,71.0,0,1,3,0.36089802,0.14658774,0,2,adulto
ICB_03817_001,ICB_186,copd,AKG C417L Microphone,71.0,0,0,3,0.5629393,0.44319764,0,0,adulto
ICB_03817_002,ICB_186,copd,AKG C417L Microphone,71.0,0,0,3,0.48626646,0.44864655,0,0,adulto
ICB_03817_003,ICB_186,copd,AKG C417L Microphone,71.0,0,0,3,0.4634278,0.2399834,0,0,adulto
ICB_03817_004,ICB_186,copd,AKG C417L Microphone,71.0,0,0,3,0.32163543,0.27966052,0,0,adulto
ICB_03818_000,ICB_186,copd,AKG C417L Microphone,71.0,1,0,3,0.51837945,0.47471258,0,1,adulto
ICB_03818_001,ICB_186,copd,AKG C417L Microphone,71.0,1,0,3,0.69216704,0.7408521,1,1,adulto
ICB_03818_002,ICB_186,copd,AKG C417L Microphone,71.0,1,0,3,0.7099888,0.61653966,1,1,adulto
ICB_03818_003,ICB_186,copd,AKG C417L Microphone,71.0,1,0,3,0.56691945,0.67171395,0,1,adulto
ICB_03818_004,ICB_186,copd,AKG C417L Microphone,71.0,1,0,3,0.5017862,0.23052669,0,1,adulto
ICB_03819_000,ICB_186,copd,AKG C417L Microphone,71.0,1,0,3,0.70619375,0.4706743,1,1,adulto
ICB_03819_001,ICB_186,copd,AKG C417L Microphone,71.0,1,0,3,0.6102535,0.53820336,1,1,adulto
ICB_03819_002,ICB_186,copd,AKG C417L Microphone,71.0,1,0,3,0.5473022,0.84769607,0,1,adulto
ICB_03819_003,ICB_186,copd,AKG C417L Microphone,71.0,1,0,3,0.50706166,0.8219649,0,1,adulto
ICB_03819_004,ICB_186,copd,AKG C417L Microphone,71.0,1,0,3,0.5396996,0.48211315,0,1,adulto
ICB_03820_000,ICB_186,copd,AKG C417L Microphone,71.0,1,0,3,0.40730172,0.7939343,0,1,adulto
ICB_03820_001,ICB_186,copd,AKG C417L Microphone,71.0,1,0,3,0.5755459,0.4849694,0,1,adulto
ICB_03820_002,ICB_186,copd,AKG C417L Microphone,71.0,1,0,3,0.52835625,0.8288618,0,1,adulto
ICB_03820_003,ICB_186,copd,AKG C417L Microphone,71.0,1,0,3,0.359091,0.4982371,0,1,adulto
ICB_03820_004,ICB_186,copd,AKG C417L Microphone,71.0,1,0,3,0.31705916,0.20061119,0,1,adulto
ICB_03821_000,ICB_186,copd,AKG C417L Microphone,71.0,1,0,3,0.6909233,0.41930252,1,1,adulto
ICB_03821_001,ICB_186,copd,AKG C417L Microphone,71.0,1,0,3,0.62944114,0.25702292,1,1,adulto
ICB_03821_002,ICB_186,copd,AKG C417L Microphone,71.0,1,0,3,0.5868535,0.3856971,0,1,adulto
ICB_03821_003,ICB_186,copd,AKG C417L Microphone,71.0,1,0,3,0.39260295,0.38663787,0,1,adulto
ICB_03821_004,ICB_186,copd,AKG C417L Microphone,71.0,1,0,3,0.7172075,0.62393606,1,1,adulto
ICB_03822_000,ICB_186,copd,AKG C417L Microphone,71.0,0,0,3,0.74854296,0.20292129,1,0,adulto
ICB_03822_001,ICB_186,copd,AKG C417L Microphone,71.0,0,0,3,0.477935,0.29625076,0,0,adulto
ICB_03822_002,ICB_186,copd,AKG C417L Microphone,71.0,0,0,3,0.6624799,0.20984644,1,0,adulto
ICB_03822_003,ICB_186,copd,AKG C417L Microphone,71.0,0,0,3,0.5069533,0.21882574,0,0,adulto
ICB_03822_004,ICB_186,copd,AKG C417L Microphone,71.0,0,0,3,0.67337644,0.2118906,1,0,adulto
ICB_03823_000,ICB_186,copd,AKG C417L Microphone,71.0,0,0,3,0.43678838,0.21958451,0,0,adulto
ICB_03823_001,ICB_186,copd,AKG C417L Microphone,71.0,0,0,3,0.5497114,0.14505315,0,0,adulto
ICB_03823_002,ICB_186,copd,AKG C417L Microphone,71.0,0,0,3,0.6120555,0.35883647,1,0,adulto
ICB_03823_003,ICB_186,copd,AKG C417L Microphone,71.0,0,0,3,0.47488403,0.17335516,0,0,adulto
ICB_03823_004,ICB_186,copd,AKG C417L Microphone,71.0,1,0,3,0.45017844,0.13849701,0,1,adulto
ICB_03824_000,ICB_186,copd,AKG C417L Microphone,71.0,0,0,3,0.7851447,0.20665053,1,0,adulto
ICB_03824_001,ICB_186,copd,AKG C417L Microphone,71.0,1,0,3,0.78314894,0.16732499,1,1,adulto
ICB_03824_002,ICB_186,copd,AKG C417L Microphone,71.0,1,0,3,0.53085077,0.2775045,0,1,adulto
ICB_03824_003,ICB_186,copd,AKG C417L Microphone,71.0,1,0,3,0.73778224,0.2541398,1,1,adulto
ICB_03824_004,ICB_186,copd,AKG C417L Microphone,71.0,1,0,3,0.5735377,0.14902392,0,1,adulto
ICB_03825_000,ICB_186,copd,AKG C417L Microphone,71.0,1,0,3,0.71649224,0.65127546,1,1,adulto
ICB_03825_001,ICB_186,copd,AKG C417L Microphone,71.0,1,0,3,0.6752125,0.58863616,1,1,adulto
ICB_03825_002,ICB_186,copd,AKG C417L Microphone,71.0,1,0,3,0.6104147,0.66684973,1,1,adulto
ICB_03825_003,ICB_186,copd,AKG C417L Microphone,71.0,1,0,3,0.47235984,0.38125956,0,1,adulto
ICB_03825_004,ICB_186,copd,AKG C417L Microphone,71.0,1,0,3,0.72131306,0.37062407,1,1,adulto
ICB_03826_000,ICB_186,copd,AKG C417L Microphone,71.0,1,0,3,0.54343015,0.32846028,0,1,adulto
ICB_03826_001,ICB_186,copd,AKG C417L Microphone,71.0,1,0,3,0.40277922,0.37484518,0,1,adulto
ICB_03826_002,ICB_186,copd,AKG C417L Microphone,71.0,1,0,3,0.5198629,0.49238306,0,1,adulto
ICB_03826_003,ICB_186,copd,AKG C417L Microphone,71.0,1,0,3,0.37893698,0.5277798,0,1,adulto
ICB_03826_004,ICB_186,copd,AKG C417L Microphone,71.0,1,0,3,0.82970613,0.2312015,1,1,adulto
ICB_03827_000,ICB_186,copd,AKG C417L Microphone,71.0,1,0,3,0.69191897,0.50703394,1,1,adulto
ICB_03827_001,ICB_186,copd,AKG C417L Microphone,71.0,1,0,3,0.64703,0.24861187,1,1,adulto
ICB_03827_002,ICB_186,copd,AKG C417L Microphone,71.0,1,0,3,0.5692593,0.38782176,0,1,adulto
ICB_03827_003,ICB_186,copd,AKG C417L Microphone,71.0,1,0,3,0.78798443,0.22178905,1,1,adulto
ICB_03827_004,ICB_186,copd,AKG C417L Microphone,71.0,1,0,3,0.58169657,0.08749074,0,1,adulto
ICB_03828_000,ICB_186,copd,AKG C417L Microphone,71.0,0,0,3,0.56840205,0.45815733,0,0,adulto
ICB_03828_001,ICB_186,copd,AKG C417L Microphone,71.0,0,0,3,0.5086643,0.16235277,0,0,adulto
ICB_03828_002,ICB_186,copd,AKG C417L Microphone,71.0,0,0,3,0.57824296,0.26981568,0,0,adulto
ICB_03828_003,ICB_186,copd,AKG C417L Microphone,71.0,0,0,3,0.43411925,0.6334663,0,0,adulto
ICB_03828_004,ICB_186,copd,AKG C417L Microphone,71.0,0,1,3,0.5948613,0.44549525,0,2,adulto
ICB_03829_000,ICB_186,copd,AKG C417L Microphone,71.0,1,0,3,0.6714393,0.21648298,1,1,adulto
ICB_03829_001,ICB_186,copd,AKG C417L Microphone,71.0,0,0,3,0.45499855,0.19756408,0,0,adulto
ICB_03829_002,ICB_186,copd,AKG C417L Microphone,71.0,1,0,3,0.4000686,0.13965091,0,1,adulto
ICB_03829_003,ICB_186,copd,AKG C417L Microphone,71.0,1,0,3,0.80881643,0.10943574,1,1,adulto
ICB_03829_004,ICB_186,copd,AKG C417L Microphone,71.0,1,0,3,0.33988997,0.16808566,0,1,adulto
ICB_03830_000,ICB_186,copd,AKG C417L Microphone,71.0,1,0,3,0.59168744,0.19136506,0,1,adulto
ICB_03830_001,ICB_186,copd,AKG C417L Microphone,71.0,1,0,3,0.4458289,0.42075568,0,1,adulto
ICB_03830_002,ICB_186,copd,AKG C417L Microphone,71.0,1,0,3,0.6565915,0.29100198,1,1,adulto
ICB_03830_003,ICB_186,copd,AKG C417L Microphone,71.0,1,0,3,0.7277534,0.23595604,1,1,adulto
ICB_03830_004,ICB_186,copd,AKG C417L Microphone,71.0,1,0,3,0.3909978,0.5242627,0,1,adulto
ICB_03831_000,ICB_186,copd,AKG C417L Microphone,71.0,1,0,3,0.8312077,0.27019683,1,1,adulto
ICB_03831_001,ICB_186,copd,AKG C417L Microphone,71.0,1,0,3,0.6950587,0.8055497,1,1,adulto
ICB_03831_002,ICB_186,copd,AKG C417L Microphone,71.0,1,0,3,0.71159196,0.7257083,1,1,adulto
ICB_03831_003,ICB_186,copd,AKG C417L Microphone,71.0,1,0,3,0.7154221,0.3695483,1,1,adulto
ICB_03831_004,ICB_186,copd,AKG C417L Microphone,71.0,1,0,3,0.5411149,0.4425933,0,1,adulto
ICB_03832_000,ICB_186,copd,AKG C417L Microphone,71.0,1,0,3,0.827709,0.55364674,1,1,adulto
ICB_03832_001,ICB_186,copd,AKG C417L Microphone,71.0,0,0,3,0.3919322,0.5331124,0,0,adulto
ICB_03832_002,ICB_186,copd,AKG C417L Microphone,71.0,1,0,3,0.4835694,0.13335428,0,1,adulto
ICB_03832_003,ICB_186,copd,AKG C417L Microphone,71.0,1,0,3,0.4899177,0.23871075,0,1,adulto
ICB_03832_004,ICB_186,copd,AKG C417L Microphone,71.0,1,0,3,0.5493219,0.31186113,0,1,adulto
ICB_03833_000,ICB_186,copd,AKG C417L Microphone,71.0,1,0,3,0.641228,0.29706123,1,1,adulto
ICB_03833_001,ICB_186,copd,AKG C417L Microphone,71.0,1,0,3,0.6847395,0.24884225,1,1,adulto
ICB_03833_002,ICB_186,copd,AKG C417L Microphone,71.0,1,0,3,0.5870302,0.1340403,0,1,adulto
ICB_03833_003,ICB_186,copd,AKG C417L Microphone,71.0,1,0,3,0.6571074,0.18486807,1,1,adulto
ICB_03833_004,ICB_186,copd,AKG C417L Microphone,71.0,1,0,3,0.35712567,0.19034243,0,1,adulto
ICB_03834_000,ICB_186,copd,AKG C417L Microphone,71.0,0,0,3,0.5001196,0.19776435,0,0,adulto
ICB_03834_001,ICB_186,copd,AKG C417L Microphone,71.0,0,0,3,0.5442551,0.4116459,0,0,adulto
ICB_03834_002,ICB_186,copd,AKG C417L Microphone,71.0,0,0,3,0.57499975,0.17457905,0,0,adulto
ICB_03834_003,ICB_186,copd,AKG C417L Microphone,71.0,0,0,3,0.7273654,0.3904765,1,0,adulto
ICB_03834_004,ICB_186,copd,AKG C417L Microphone,71.0,0,0,3,0.6420073,0.3537741,1,0,adulto
ICB_03835_000,ICB_186,copd,AKG C417L Microphone,71.0,0,0,3,0.4253243,0.2215096,0,0,adulto
ICB_03835_001,ICB_186,copd,AKG C417L Microphone,71.0,0,0,3,0.44957706,0.140737,0,0,adulto
ICB_03835_002,ICB_186,copd,AKG C417L Microphone,71.0,1,0,3,0.4571698,0.3629163,0,1,adulto
ICB_03835_003,ICB_186,copd,AKG C417L Microphone,71.0,0,0,3,0.49310404,0.21143599,0,0,adulto
ICB_03835_004,ICB_186,copd,AKG C417L Microphone,71.0,0,0,3,0.49868408,0.10711879,0,0,adulto
ICB_03835_005,ICB_186,copd,AKG C417L Microphone,71.0,0,0,3,0.36570522,0.26258844,0,0,adulto
ICB_03836_000,ICB_186,copd,AKG C417L Microphone,71.0,0,0,3,0.41864163,0.54662585,0,0,adulto
ICB_03836_001,ICB_186,copd,AKG C417L Microphone,71.0,0,0,3,0.5157353,0.3413469,0,0,adulto
ICB_03836_002,ICB_186,copd,AKG C417L Microphone,71.0,1,0,3,0.39689067,0.38008013,0,1,adulto
ICB_03836_003,ICB_186,copd,AKG C417L Microphone,71.0,0,0,3,0.59484005,0.15940806,0,0,adulto
ICB_03836_004,ICB_186,copd,AKG C417L Microphone,71.0,1,0,3,0.73324555,0.23045677,1,1,adulto
ICB_03836_005,ICB_186,copd,AKG C417L Microphone,71.0,1,0,3,0.39003012,0.11124955,0,1,adulto
ICB_03837_000,ICB_186,copd,AKG C417L Microphone,71.0,0,0,3,0.52924514,0.36016706,0,0,adulto
ICB_03837_001,ICB_186,copd,AKG C417L Microphone,71.0,0,0,3,0.4892784,0.32249635,0,0,adulto
ICB_03837_002,ICB_186,copd,AKG C417L Microphone,71.0,0,0,3,0.31614596,0.6209158,0,0,adulto
ICB_03837_003,ICB_186,copd,AKG C417L Microphone,71.0,0,0,3,0.6106463,0.36432654,1,0,adulto
ICB_03837_004,ICB_186,copd,AKG C417L Microphone,71.0,1,0,3,0.6731427,0.4762873,1,1,adulto
ICB_03837_005,ICB_186,copd,AKG C417L Microphone,71.0,0,0,3,0.5793793,0.39282307,0,0,adulto
ICB_03838_000,ICB_186,copd,AKG C417L Microphone,71.0,1,0,3,0.21927662,0.42873564,0,1,adulto
ICB_03838_001,ICB_186,copd,AKG C417L Microphone,71.0,1,0,3,0.3029853,0.23220111,0,1,adulto
ICB_03838_002,ICB_186,copd,AKG C417L Microphone,71.0,1,0,3,0.32962915,0.5030474,0,1,adulto
ICB_03838_003,ICB_186,copd,AKG C417L Microphone,71.0,1,0,3,0.54333186,0.06869547,0,1,adulto
ICB_03838_004,ICB_186,copd,AKG C417L Microphone,71.0,1,0,3,0.5439238,0.3702528,0,1,adulto
ICB_03838_005,ICB_186,copd,AKG C417L Microphone,71.0,1,0,3,0.6581855,0.8772843,1,1,adulto
ICB_03839_000,ICB_186,copd,AKG C417L Microphone,71.0,0,0,3,0.35589528,0.10005929,0,0,adulto
ICB_03839_001,ICB_186,copd,AKG C417L Microphone,71.0,0,0,3,0.2633432,0.35353243,0,0,adulto
ICB_03839_002,ICB_186,copd,AKG C417L Microphone,71.0,0,0,3,0.4828186,0.30436087,0,0,adulto
ICB_03839_003,ICB_186,copd,AKG C417L Microphone,71.0,0,0,3,0.18649916,0.29008636,0,0,adulto
ICB_03839_004,ICB_186,copd,AKG C417L Microphone,71.0,0,0,3,0.2790037,0.3383924,0,0,adulto
ICB_03839_005,ICB_186,copd,AKG C417L Microphone,71.0,0,0,3,0.47376552,0.20729958,0,0,adulto
ICB_03840_000,ICB_186,copd,AKG C417L Microphone,71.0,0,0,3,0.67259187,0.0717793,1,0,adulto
ICB_03840_001,ICB_186,copd,AKG C417L Microphone,71.0,0,0,3,0.6163082,0.16670015,1,0,adulto
ICB_03840_002,ICB_186,copd,AKG C417L Microphone,71.0,0,0,3,0.6018714,0.32392448,1,0,adulto
ICB_03840_003,ICB_186,copd,AKG C417L Microphone,71.0,0,0,3,0.6691955,0.10428953,1,0,adulto
ICB_03840_004,ICB_186,copd,AKG C417L Microphone,71.0,0,0,3,0.64560634,0.1530901,1,0,adulto
ICB_03840_005,ICB_186,copd,AKG C417L Microphone,71.0,0,0,3,0.30147526,0.11386644,0,0,adulto
ICB_03842_000,ICB_188,respiratory_infection,3M Littmann Classic II SE,3.0,0,0,3,0.22933137,0.15358086,0,0,pediátrico (<18)
ICB_03842_001,ICB_188,respiratory_infection,3M Littmann Classic II SE,3.0,0,0,3,0.34120497,0.203447,0,0,pediátrico (<18)
ICB_03842_002,ICB_188,respiratory_infection,3M Littmann Classic II SE,3.0,0,0,3,0.30079037,0.45796824,0,0,pediátrico (<18)
ICB_03842_003,ICB_188,respiratory_infection,3M Littmann Classic II SE,3.0,0,0,3,0.32254395,0.34746727,0,0,pediátrico (<18)
ICB_03842_004,ICB_188,respiratory_infection,3M Littmann Classic II SE,3.0,0,0,3,0.3122202,0.24018054,0,0,pediátrico (<18)
ICB_03842_005,ICB_188,respiratory_infection,3M Littmann Classic II SE,3.0,0,0,3,0.40110037,0.25537506,0,0,pediátrico (<18)
ICB_03842_006,ICB_188,respiratory_infection,3M Littmann Classic II SE,3.0,0,0,3,0.28061402,0.29898578,0,0,pediátrico (<18)
ICB_03842_007,ICB_188,respiratory_infection,3M Littmann Classic II SE,3.0,0,0,3,0.384217,0.4081342,0,0,pediátrico (<18)
ICB_03842_008,ICB_188,respiratory_infection,3M Littmann Classic II SE,3.0,0,0,3,0.37425712,0.15692206,0,0,pediátrico (<18)
ICB_03842_009,ICB_188,respiratory_infection,3M Littmann Classic II SE,3.0,0,0,3,0.32735425,0.29531536,0,0,pediátrico (<18)
ICB_03842_010,ICB_188,respiratory_infection,3M Littmann Classic II SE,3.0,0,0,3,0.4179262,0.22634417,0,0,pediátrico (<18)
ICB_03842_011,ICB_188,respiratory_infection,3M Littmann Classic II SE,3.0,0,0,3,0.327978,0.4688023,0,0,pediátrico (<18)
ICB_03842_012,ICB_188,respiratory_infection,3M Littmann Classic II SE,3.0,0,0,3,0.4705636,0.62537074,0,0,pediátrico (<18)
ICB_03842_013,ICB_188,respiratory_infection,3M Littmann Classic II SE,3.0,0,0,3,0.3173917,0.5000181,0,0,pediátrico (<18)
ICB_03842_014,ICB_188,respiratory_infection,3M Littmann Classic II SE,3.0,0,0,3,0.30882838,0.35670072,0,0,pediátrico (<18)
ICB_03843_000,ICB_188,respiratory_infection,3M Littmann Classic II SE,3.0,0,0,3,0.16891214,0.26355413,0,0,pediátrico (<18)
ICB_03843_001,ICB_188,respiratory_infection,3M Littmann Classic II SE,3.0,0,0,3,0.25509012,0.38144824,0,0,pediátrico (<18)
ICB_03843_002,ICB_188,respiratory_infection,3M Littmann Classic II SE,3.0,0,0,3,0.25588024,0.36824185,0,0,pediátrico (<18)
ICB_03843_003,ICB_188,respiratory_infection,3M Littmann Classic II SE,3.0,0,0,3,0.25907525,0.43048292,0,0,pediátrico (<18)
ICB_03843_004,ICB_188,respiratory_infection,3M Littmann Classic II SE,3.0,0,0,3,0.25063044,0.33793476,0,0,pediátrico (<18)
ICB_03843_005,ICB_188,respiratory_infection,3M Littmann Classic II SE,3.0,0,0,3,0.25996193,0.4223638,0,0,pediátrico (<18)
ICB_03843_006,ICB_188,respiratory_infection,3M Littmann Classic II SE,3.0,0,0,3,0.3768791,0.3330606,0,0,pediátrico (<18)
ICB_03843_007,ICB_188,respiratory_infection,3M Littmann Classic II SE,3.0,0,0,3,0.14784378,0.33504573,0,0,pediátrico (<18)
ICB_03843_008,ICB_188,respiratory_infection,3M Littmann Classic II SE,3.0,0,0,3,0.380113,0.42322612,0,0,pediátrico (<18)
ICB_03843_009,ICB_188,respiratory_infection,3M Littmann Classic II SE,3.0,0,0,3,0.45305574,0.26902393,0,0,pediátrico (<18)
ICB_03843_010,ICB_188,respiratory_infection,3M Littmann Classic II SE,3.0,0,0,3,0.41815028,0.47145224,0,0,pediátrico (<18)
ICB_03843_011,ICB_188,respiratory_infection,3M Littmann Classic II SE,3.0,0,0,3,0.389836,0.29790002,0,0,pediátrico (<18)
ICB_03843_012,ICB_188,respiratory_infection,3M Littmann Classic II SE,3.0,0,0,3,0.2520972,0.23483737,0,0,pediátrico (<18)
ICB_03843_013,ICB_188,respiratory_infection,3M Littmann Classic II SE,3.0,0,0,3,0.30894184,0.18081644,0,0,pediátrico (<18)
ICB_03843_014,ICB_188,respiratory_infection,3M Littmann Classic II SE,3.0,0,0,3,0.26763144,0.23629011,0,0,pediátrico (<18)
ICB_03843_015,ICB_188,respiratory_infection,3M Littmann Classic II SE,3.0,0,0,3,0.38682863,0.44162282,0,0,pediátrico (<18)
ICB_03843_016,ICB_188,respiratory_infection,3M Littmann Classic II SE,3.0,0,0,3,0.2548784,0.4113668,0,0,pediátrico (<18)
ICB_03844_000,ICB_188,respiratory_infection,3M Littmann Classic II SE,3.0,0,0,3,0.1908153,0.3361419,0,0,pediátrico (<18)
ICB_03844_001,ICB_188,respiratory_infection,3M Littmann Classic II SE,3.0,0,0,3,0.4461831,0.26771054,0,0,pediátrico (<18)
ICB_03844_002,ICB_188,respiratory_infection,3M Littmann Classic II SE,3.0,0,0,3,0.25754908,0.5693642,0,0,pediátrico (<18)
ICB_03844_003,ICB_188,respiratory_infection,3M Littmann Classic II SE,3.0,0,0,3,0.21810618,0.21266894,0,0,pediátrico (<18)
ICB_03844_004,ICB_188,respiratory_infection,3M Littmann Classic II SE,3.0,0,0,3,0.21725942,0.40026408,0,0,pediátrico (<18)
ICB_03844_005,ICB_188,respiratory_infection,3M Littmann Classic II SE,3.0,0,0,3,0.47279495,0.51034206,0,0,pediátrico (<18)
ICB_03844_006,ICB_188,respiratory_infection,3M Littmann Classic II SE,3.0,0,0,3,0.39330563,0.30187914,0,0,pediátrico (<18)
ICB_03844_007,ICB_188,respiratory_infection,3M Littmann Classic II SE,3.0,0,0,3,0.4679307,0.6163241,0,0,pediátrico (<18)
ICB_03844_008,ICB_188,respiratory_infection,3M Littmann Classic II SE,3.0,0,0,3,0.39513075,0.45948952,0,0,pediátrico (<18)
ICB_03844_009,ICB_188,respiratory_infection,3M Littmann Classic II SE,3.0,0,0,3,0.25345337,0.1906742,0,0,pediátrico (<18)
ICB_03844_010,ICB_188,respiratory_infection,3M Littmann Classic II SE,3.0,0,0,3,0.34000143,0.38287365,0,0,pediátrico (<18)
ICB_03844_011,ICB_188,respiratory_infection,3M Littmann Classic II SE,3.0,0,0,3,0.45665395,0.69165784,0,0,pediátrico (<18)
ICB_03844_012,ICB_188,respiratory_infection,3M Littmann Classic II SE,3.0,0,0,3,0.6144925,0.27016482,1,0,pediátrico (<18)
ICB_03844_013,ICB_188,respiratory_infection,3M Littmann Classic II SE,3.0,0,0,3,0.34679145,0.365476,0,0,pediátrico (<18)
ICB_03845_000,ICB_188,respiratory_infection,3M Littmann Classic II SE,3.0,0,0,3,0.0869422,0.3153726,0,0,pediátrico (<18)
ICB_03845_001,ICB_188,respiratory_infection,3M Littmann Classic II SE,3.0,0,0,3,0.28156453,0.091373295,0,0,pediátrico (<18)
ICB_03845_002,ICB_188,respiratory_infection,3M Littmann Classic II SE,3.0,0,0,3,0.313295,0.15356103,0,0,pediátrico (<18)
ICB_03845_003,ICB_188,respiratory_infection,3M Littmann Classic II SE,3.0,0,0,3,0.10087895,0.30160895,0,0,pediátrico (<18)
ICB_03845_004,ICB_188,respiratory_infection,3M Littmann Classic II SE,3.0,0,0,3,0.018791424,0.07939745,0,0,pediátrico (<18)
ICB_03845_005,ICB_188,respiratory_infection,3M Littmann Classic II SE,3.0,0,0,3,0.120991305,0.23623797,0,0,pediátrico (<18)
ICB_03845_006,ICB_188,respiratory_infection,3M Littmann Classic II SE,3.0,0,0,3,0.14076103,0.2677219,0,0,pediátrico (<18)
ICB_03845_007,ICB_188,respiratory_infection,3M Littmann Classic II SE,3.0,0,0,3,0.20050864,0.2586,0,0,pediátrico (<18)
ICB_03845_008,ICB_188,respiratory_infection,3M Littmann Classic II SE,3.0,0,0,3,0.08466625,0.17420731,0,0,pediátrico (<18)
ICB_03845_009,ICB_188,respiratory_infection,3M Littmann Classic II SE,3.0,0,0,3,0.22833376,0.22558133,0,0,pediátrico (<18)
ICB_03845_010,ICB_188,respiratory_infection,3M Littmann Classic II SE,3.0,0,0,3,0.05640951,0.2573983,0,0,pediátrico (<18)
ICB_03845_011,ICB_188,respiratory_infection,3M Littmann Classic II SE,3.0,0,0,3,0.024400514,0.11055883,0,0,pediátrico (<18)
ICB_03845_012,ICB_188,respiratory_infection,3M Littmann Classic II SE,3.0,0,0,3,0.1677977,0.3069843,0,0,pediátrico (<18)
ICB_03845_013,ICB_188,respiratory_infection,3M Littmann Classic II SE,3.0,0,0,3,0.075188145,0.0961729,0,0,pediátrico (<18)
ICB_03845_014,ICB_188,respiratory_infection,3M Littmann Classic II SE,3.0,0,0,3,0.028153019,0.056279372,0,0,pediátrico (<18)
ICB_03845_015,ICB_188,respiratory_infection,3M Littmann Classic II SE,3.0,0,0,3,0.03189013,0.23805687,0,0,pediátrico (<18)
ICB_03871_000,ICB_194,normal_lung,AKG C417L Microphone,2.0,0,0,3,0.6894135,0.25161833,1,0,pediátrico (<18)
ICB_03871_001,ICB_194,normal_lung,AKG C417L Microphone,2.0,0,0,3,0.58219194,0.17050965,0,0,pediátrico (<18)
ICB_03871_002,ICB_194,normal_lung,AKG C417L Microphone,2.0,0,0,3,0.4402352,0.070451036,0,0,pediátrico (<18)
ICB_03871_003,ICB_194,normal_lung,AKG C417L Microphone,2.0,0,0,3,0.55354166,0.37585464,0,0,pediátrico (<18)
ICB_03871_004,ICB_194,normal_lung,AKG C417L Microphone,2.0,0,0,3,0.5224321,0.13310906,0,0,pediátrico (<18)
ICB_03871_005,ICB_194,normal_lung,AKG C417L Microphone,2.0,0,0,3,0.4685599,0.15861034,0,0,pediátrico (<18)
ICB_03871_006,ICB_194,normal_lung,AKG C417L Microphone,2.0,0,0,3,0.34621197,0.28996104,0,0,pediátrico (<18)
ICB_03871_007,ICB_194,normal_lung,AKG C417L Microphone,2.0,0,0,3,0.4828129,0.56110615,0,0,pediátrico (<18)
ICB_03871_008,ICB_194,normal_lung,AKG C417L Microphone,2.0,0,0,3,0.34305042,0.3081158,0,0,pediátrico (<18)
ICB_03872_000,ICB_194,normal_lung,AKG C417L Microphone,2.0,0,0,3,0.46571347,0.39894655,0,0,pediátrico (<18)
ICB_03872_001,ICB_194,normal_lung,AKG C417L Microphone,2.0,0,0,3,0.54493535,0.035092454,0,0,pediátrico (<18)
ICB_03872_002,ICB_194,normal_lung,AKG C417L Microphone,2.0,0,0,3,0.7254177,0.20069438,1,0,pediátrico (<18)
ICB_03872_003,ICB_194,normal_lung,AKG C417L Microphone,2.0,0,0,3,0.81262463,0.4056025,1,0,pediátrico (<18)
ICB_03872_004,ICB_194,normal_lung,AKG C417L Microphone,2.0,0,0,3,0.7148977,0.14129914,1,0,pediátrico (<18)
ICB_03872_005,ICB_194,normal_lung,AKG C417L Microphone,2.0,0,0,3,0.6701361,0.22142878,1,0,pediátrico (<18)
ICB_03872_006,ICB_194,normal_lung,AKG C417L Microphone,2.0,0,0,3,0.568153,0.09508891,0,0,pediátrico (<18)
ICB_03872_007,ICB_194,normal_lung,AKG C417L Microphone,2.0,0,0,3,0.4003224,0.53906393,0,0,pediátrico (<18)
ICB_03872_008,ICB_194,normal_lung,AKG C417L Microphone,2.0,0,0,3,0.5240738,0.12353496,0,0,pediátrico (<18)
ICB_03896_000,ICB_199,copd,3M Littmann Classic II SE,71.0,0,0,3,0.565333,0.32999998,0,0,adulto
ICB_03896_001,ICB_199,copd,3M Littmann Classic II SE,71.0,1,0,3,0.29062724,0.1159688,0,1,adulto
ICB_03896_002,ICB_199,copd,3M Littmann Classic II SE,71.0,1,0,3,0.61880887,0.30633295,1,1,adulto
ICB_03896_003,ICB_199,copd,3M Littmann Classic II SE,71.0,1,0,3,0.28390834,0.34675518,0,1,adulto
ICB_03896_004,ICB_199,copd,3M Littmann Classic II SE,71.0,1,0,3,0.5197727,0.32564425,0,1,adulto
ICB_03896_005,ICB_199,copd,3M Littmann Classic II SE,71.0,0,0,3,0.21950717,0.34787676,0,0,adulto
ICB_03896_006,ICB_199,copd,3M Littmann Classic II SE,71.0,0,0,3,0.3258244,0.21191128,0,0,adulto
ICB_03896_007,ICB_199,copd,3M Littmann Classic II SE,71.0,0,0,3,0.36083785,0.13647357,0,0,adulto
ICB_03896_008,ICB_199,copd,3M Littmann Classic II SE,71.0,0,0,3,0.37547275,0.25815657,0,0,adulto
ICB_03897_000,ICB_199,copd,3M Littmann Classic II SE,71.0,1,0,3,0.5478683,0.2590197,0,1,adulto
ICB_03897_001,ICB_199,copd,3M Littmann Classic II SE,71.0,1,0,3,0.5584433,0.2988409,0,1,adulto
ICB_03897_002,ICB_199,copd,3M Littmann Classic II SE,71.0,1,0,3,0.55702126,0.283427,0,1,adulto
ICB_03897_003,ICB_199,copd,3M Littmann Classic II SE,71.0,1,0,3,0.41533154,0.39081267,0,1,adulto
ICB_03897_004,ICB_199,copd,3M Littmann Classic II SE,71.0,1,0,3,0.45878366,0.47142488,0,1,adulto
ICB_03897_005,ICB_199,copd,3M Littmann Classic II SE,71.0,1,0,3,0.51874876,0.5589412,0,1,adulto
ICB_03897_006,ICB_199,copd,3M Littmann Classic II SE,71.0,1,0,3,0.48846093,0.3058045,0,1,adulto
ICB_03897_007,ICB_199,copd,3M Littmann Classic II SE,71.0,1,0,3,0.34181586,0.34669292,0,1,adulto
ICB_03897_008,ICB_199,copd,3M Littmann Classic II SE,71.0,0,0,3,0.41894904,0.31378385,0,0,adulto
ICB_03921_000,ICB_201,bronchiectasis,3M Littmann Classic II SE,73.0,0,0,3,0.88704866,0.63007355,1,0,adulto
ICB_03921_001,ICB_201,bronchiectasis,3M Littmann Classic II SE,73.0,1,0,3,0.68414587,0.6810467,1,1,adulto
ICB_03921_002,ICB_201,bronchiectasis,3M Littmann Classic II SE,73.0,0,1,3,0.50116265,0.5881755,0,2,adulto
ICB_03921_003,ICB_201,bronchiectasis,3M Littmann Classic II SE,73.0,1,1,3,0.83546275,0.42252564,1,3,adulto
ICB_03921_004,ICB_201,bronchiectasis,3M Littmann Classic II SE,73.0,1,1,3,0.51761574,0.68141586,0,3,adulto
ICB_03921_005,ICB_201,bronchiectasis,3M Littmann Classic II SE,73.0,0,1,3,0.5334769,0.9027404,0,2,adulto
ICB_03921_006,ICB_201,bronchiectasis,3M Littmann Classic II SE,73.0,0,0,3,0.8089145,0.6555145,1,0,adulto
ICB_03922_000,ICB_201,bronchiectasis,3M Littmann Classic II SE,73.0,0,0,3,0.44817987,0.8591269,0,0,adulto
ICB_03922_001,ICB_201,bronchiectasis,3M Littmann Classic II SE,73.0,0,1,3,0.5718165,0.97105724,2,2,adulto
ICB_03922_002,ICB_201,bronchiectasis,3M Littmann Classic II SE,73.0,0,1,3,0.51540756,0.9102229,0,2,adulto
ICB_03922_003,ICB_201,bronchiectasis,3M Littmann Classic II SE,73.0,0,1,3,0.64401037,0.94897676,1,2,adulto
ICB_03922_004,ICB_201,bronchiectasis,3M Littmann Classic II SE,73.0,0,1,3,0.6182717,0.9870896,3,2,adulto
ICB_03922_005,ICB_201,bronchiectasis,3M Littmann Classic II SE,73.0,0,1,3,0.5984481,0.9817089,2,2,adulto
ICB_03922_006,ICB_201,bronchiectasis,3M Littmann Classic II SE,73.0,0,1,3,0.466322,0.98260283,2,2,adulto
ICB_03923_000,ICB_201,bronchiectasis,3M Littmann Classic II SE,73.0,0,1,3,0.28780195,0.7924309,0,2,adulto
ICB_03923_001,ICB_201,bronchiectasis,3M Littmann Classic II SE,73.0,1,1,3,0.6311715,0.6612501,1,3,adulto
ICB_03923_002,ICB_201,bronchiectasis,3M Littmann Classic II SE,73.0,1,1,3,0.6567887,0.7100681,1,3,adulto
ICB_03923_003,ICB_201,bronchiectasis,3M Littmann Classic II SE,73.0,1,1,3,0.49260458,0.5810623,0,3,adulto
ICB_03923_004,ICB_201,bronchiectasis,3M Littmann Classic II SE,73.0,1,1,3,0.5966014,0.28783497,0,3,adulto
ICB_03923_005,ICB_201,bronchiectasis,3M Littmann Classic II SE,73.0,1,1,3,0.478149,0.84646785,0,3,adulto
ICB_03923_006,ICB_201,bronchiectasis,3M Littmann Classic II SE,73.0,0,0,3,0.49964714,0.19283254,0,0,adulto
ICB_03924_000,ICB_201,bronchiectasis,3M Littmann Classic II SE,73.0,0,0,3,0.67378026,0.38551494,1,0,adulto
ICB_03924_001,ICB_201,bronchiectasis,3M Littmann Classic II SE,73.0,0,1,3,0.49493816,0.887685,0,2,adulto
ICB_03924_002,ICB_201,bronchiectasis,3M Littmann Classic II SE,73.0,1,1,3,0.48004743,0.96108794,2,3,adulto
ICB_03924_003,ICB_201,bronchiectasis,3M Littmann Classic II SE,73.0,0,1,3,0.35719842,0.97466516,2,2,adulto
ICB_03924_004,ICB_201,bronchiectasis,3M Littmann Classic II SE,73.0,0,1,3,0.4174485,0.7279944,0,2,adulto
ICB_03924_005,ICB_201,bronchiectasis,3M Littmann Classic II SE,73.0,0,1,3,0.29536352,0.95713776,2,2,adulto
ICB_03924_006,ICB_201,bronchiectasis,3M Littmann Classic II SE,73.0,0,1,3,0.1977266,0.95582575,2,2,adulto
ICB_03925_000,ICB_201,bronchiectasis,3M Littmann Classic II SE,73.0,0,1,3,0.656809,0.47839203,1,2,adulto
ICB_03925_001,ICB_201,bronchiectasis,3M Littmann Classic II SE,73.0,0,1,3,0.6884669,0.8351035,1,2,adulto
ICB_03925_002,ICB_201,bronchiectasis,3M Littmann Classic II SE,73.0,1,1,3,0.69944006,0.39861527,1,3,adulto
ICB_03925_003,ICB_201,bronchiectasis,3M Littmann Classic II SE,73.0,1,1,3,0.7679071,0.45949736,1,3,adulto
ICB_03925_004,ICB_201,bronchiectasis,3M Littmann Classic II SE,73.0,0,1,3,0.53414834,0.91787034,0,2,adulto
ICB_03925_005,ICB_201,bronchiectasis,3M Littmann Classic II SE,73.0,0,1,3,0.55619735,0.868924,0,2,adulto
ICB_03926_000,ICB_201,bronchiectasis,3M Littmann Classic II SE,73.0,0,1,3,0.43664888,0.9147184,0,2,adulto
ICB_03926_001,ICB_201,bronchiectasis,3M Littmann Classic II SE,73.0,0,1,3,0.55623007,0.94759494,0,2,adulto
ICB_03926_002,ICB_201,bronchiectasis,3M Littmann Classic II SE,73.0,0,1,3,0.5062126,0.92535955,0,2,adulto
ICB_03926_003,ICB_201,bronchiectasis,3M Littmann Classic II SE,73.0,0,1,3,0.5063149,0.9619718,2,2,adulto
ICB_03926_004,ICB_201,bronchiectasis,3M Littmann Classic II SE,73.0,0,1,3,0.47366992,0.981931,2,2,adulto
ICB_03926_005,ICB_201,bronchiectasis,3M Littmann Classic II SE,73.0,0,1,3,0.3481378,0.98330116,2,2,adulto
ICB_03926_006,ICB_201,bronchiectasis,3M Littmann Classic II SE,73.0,0,1,3,0.24045794,0.92041105,0,2,adulto
ICB_03958_000,ICB_205,copd,AKG C417L Microphone,45.0,0,0,3,0.57102185,0.44269565,0,0,adulto
ICB_03958_001,ICB_205,copd,AKG C417L Microphone,45.0,0,0,3,0.4917867,0.3645264,0,0,adulto
ICB_03958_002,ICB_205,copd,AKG C417L Microphone,45.0,0,0,3,0.46471575,0.5585797,0,0,adulto
ICB_03958_003,ICB_205,copd,AKG C417L Microphone,45.0,1,0,3,0.559056,0.5698969,0,1,adulto
ICB_03958_004,ICB_205,copd,AKG C417L Microphone,45.0,0,0,3,0.6224078,0.31709585,1,0,adulto
ICB_03958_005,ICB_205,copd,AKG C417L Microphone,45.0,0,0,3,0.55253476,0.48119888,0,0,adulto
ICB_03959_000,ICB_205,copd,AKG C417L Microphone,45.0,1,0,3,0.23701662,0.3474515,0,1,adulto
ICB_03959_001,ICB_205,copd,AKG C417L Microphone,45.0,1,0,3,0.40962404,0.40789965,0,1,adulto
ICB_03959_002,ICB_205,copd,AKG C417L Microphone,45.0,1,0,3,0.38982606,0.27900904,0,1,adulto
ICB_03959_003,ICB_205,copd,AKG C417L Microphone,45.0,1,0,3,0.3498434,0.39394987,0,1,adulto
ICB_03959_004,ICB_205,copd,AKG C417L Microphone,45.0,1,0,3,0.3329331,0.14749323,0,1,adulto
ICB_03959_005,ICB_205,copd,AKG C417L Microphone,45.0,1,0,3,0.64987916,0.12970214,1,1,adulto
ICB_03960_000,ICB_205,copd,AKG C417L Microphone,45.0,0,0,3,0.7814012,0.23009731,1,0,adulto
ICB_03960_001,ICB_205,copd,AKG C417L Microphone,45.0,1,0,3,0.80476683,0.3996502,1,1,adulto
ICB_03960_002,ICB_205,copd,AKG C417L Microphone,45.0,1,0,3,0.7717453,0.29000708,1,1,adulto
ICB_03960_003,ICB_205,copd,AKG C417L Microphone,45.0,1,0,3,0.75277954,0.19690493,1,1,adulto
ICB_03960_004,ICB_205,copd,AKG C417L Microphone,45.0,1,0,3,0.71888447,0.1396339,1,1,adulto
ICB_03960_005,ICB_205,copd,AKG C417L Microphone,45.0,1,0,3,0.725271,0.10549082,1,1,adulto
ICB_03961_000,ICB_205,copd,AKG C417L Microphone,45.0,0,0,3,0.6177918,0.5132589,1,0,adulto
ICB_03961_001,ICB_205,copd,AKG C417L Microphone,45.0,1,0,3,0.5646475,0.502206,0,1,adulto
ICB_03961_002,ICB_205,copd,AKG C417L Microphone,45.0,1,0,3,0.60109544,0.4256156,1,1,adulto
ICB_03961_003,ICB_205,copd,AKG C417L Microphone,45.0,0,0,3,0.5922848,0.38628826,0,0,adulto
ICB_03961_004,ICB_205,copd,AKG C417L Microphone,45.0,0,0,3,0.59767014,0.45920318,0,0,adulto
ICB_03961_005,ICB_205,copd,AKG C417L Microphone,45.0,0,0,3,0.563474,0.26281026,0,0,adulto
ICB_03962_000,ICB_205,copd,AKG C417L Microphone,45.0,0,0,3,0.4953299,0.32624197,0,0,adulto
ICB_03962_001,ICB_205,copd,AKG C417L Microphone,45.0,1,0,3,0.69386846,0.41956005,1,1,adulto
ICB_03962_002,ICB_205,copd,AKG C417L Microphone,45.0,1,0,3,0.56456095,0.216933,0,1,adulto
ICB_03962_003,ICB_205,copd,AKG C417L Microphone,45.0,1,0,3,0.41122243,0.32001713,0,1,adulto
ICB_03962_004,ICB_205,copd,AKG C417L Microphone,45.0,1,0,3,0.68206406,0.2941265,1,1,adulto
ICB_03962_005,ICB_205,copd,AKG C417L Microphone,45.0,0,0,3,0.5331896,0.20782758,0,0,adulto
ICB_03963_000,ICB_205,copd,AKG C417L Microphone,45.0,1,0,3,0.7931439,0.290036,1,1,adulto
ICB_03963_001,ICB_205,copd,AKG C417L Microphone,45.0,1,0,3,0.762386,0.54363275,1,1,adulto
ICB_03963_002,ICB_205,copd,AKG C417L Microphone,45.0,1,0,3,0.8147014,0.22654691,1,1,adulto
ICB_03963_003,ICB_205,copd,AKG C417L Microphone,45.0,0,0,3,0.60501647,0.31955585,1,0,adulto
ICB_03963_004,ICB_205,copd,AKG C417L Microphone,45.0,1,0,3,0.6906022,0.42930624,1,1,adulto
ICB_03963_005,ICB_205,copd,AKG C417L Microphone,45.0,0,0,3,0.28741038,0.29716948,0,0,adulto
ICB_03964_000,ICB_205,copd,AKG C417L Microphone,45.0,0,0,3,0.6763351,0.10097369,1,0,adulto
ICB_03964_001,ICB_205,copd,AKG C417L Microphone,45.0,0,0,3,0.5773178,0.10974129,0,0,adulto
ICB_03964_002,ICB_205,copd,AKG C417L Microphone,45.0,0,0,3,0.6698525,0.1989315,1,0,adulto
ICB_03964_003,ICB_205,copd,AKG C417L Microphone,45.0,0,0,3,0.7037544,0.07288748,1,0,adulto
ICB_03964_004,ICB_205,copd,AKG C417L Microphone,45.0,0,0,3,0.81556636,0.19464365,1,0,adulto
ICB_03965_000,ICB_205,copd,AKG C417L Microphone,45.0,0,0,3,0.6473695,0.14943613,1,0,adulto
ICB_03965_001,ICB_205,copd,AKG C417L Microphone,45.0,0,0,3,0.6193664,0.3302535,1,0,adulto
ICB_03965_002,ICB_205,copd,AKG C417L Microphone,45.0,1,0,3,0.5550339,0.16657615,0,1,adulto
ICB_03965_003,ICB_205,copd,AKG C417L Microphone,45.0,1,0,3,0.6526162,0.2503878,1,1,adulto
ICB_03965_004,ICB_205,copd,AKG C417L Microphone,45.0,0,0,3,0.6626374,0.30294958,1,0,adulto
ICB_03966_000,ICB_205,copd,AKG C417L Microphone,45.0,1,0,3,0.43431014,0.5277918,0,1,adulto
ICB_03966_001,ICB_205,copd,AKG C417L Microphone,45.0,1,0,3,0.30700415,0.3065216,0,1,adulto
ICB_03966_002,ICB_205,copd,AKG C417L Microphone,45.0,1,0,3,0.34797177,0.23965764,0,1,adulto
ICB_03966_003,ICB_205,copd,AKG C417L Microphone,45.0,1,0,3,0.41602984,0.23884696,0,1,adulto
ICB_03966_004,ICB_205,copd,AKG C417L Microphone,45.0,0,0,3,0.50081307,0.10257748,0,0,adulto
ICB_03967_000,ICB_205,copd,AKG C417L Microphone,45.0,1,0,3,0.69919616,0.14573762,1,1,adulto
ICB_03967_001,ICB_205,copd,AKG C417L Microphone,45.0,1,0,3,0.8071506,0.067383,1,1,adulto
ICB_03967_002,ICB_205,copd,AKG C417L Microphone,45.0,1,0,3,0.72134805,0.09180746,1,1,adulto
ICB_03967_003,ICB_205,copd,AKG C417L Microphone,45.0,0,0,3,0.68884975,0.05138962,1,0,adulto
ICB_03967_004,ICB_205,copd,AKG C417L Microphone,45.0,0,0,3,0.7200396,0.19497748,1,0,adulto
ICB_03968_000,ICB_205,copd,AKG C417L Microphone,45.0,1,0,3,0.45278713,0.4320085,0,1,adulto
ICB_03968_001,ICB_205,copd,AKG C417L Microphone,45.0,1,0,3,0.506676,0.5032628,0,1,adulto
ICB_03968_002,ICB_205,copd,AKG C417L Microphone,45.0,1,0,3,0.5997338,0.4517655,0,1,adulto
ICB_03968_003,ICB_205,copd,AKG C417L Microphone,45.0,1,0,3,0.5566147,0.7212783,0,1,adulto
ICB_03968_004,ICB_205,copd,AKG C417L Microphone,45.0,1,0,3,0.47833055,0.44974178,0,1,adulto
ICB_03969_000,ICB_205,copd,AKG C417L Microphone,45.0,1,0,3,0.38998622,0.34856203,0,1,adulto
ICB_03969_001,ICB_205,copd,AKG C417L Microphone,45.0,1,0,3,0.58207774,0.8013677,0,1,adulto
ICB_03969_002,ICB_205,copd,AKG C417L Microphone,45.0,1,0,3,0.4434702,0.48245317,0,1,adulto
ICB_03969_003,ICB_205,copd,AKG C417L Microphone,45.0,1,0,3,0.5347568,0.46596125,0,1,adulto
ICB_03970_000,ICB_205,copd,AKG C417L Microphone,45.0,0,0,3,0.6222945,0.3813457,1,0,adulto
ICB_03970_001,ICB_205,copd,AKG C417L Microphone,45.0,0,0,3,0.5746424,0.5275112,0,0,adulto
ICB_03970_002,ICB_205,copd,AKG C417L Microphone,45.0,1,0,3,0.6151663,0.26790962,1,1,adulto
ICB_03970_003,ICB_205,copd,AKG C417L Microphone,45.0,0,0,3,0.7254062,0.51655465,1,0,adulto
ICB_03971_000,ICB_205,copd,AKG C417L Microphone,45.0,0,0,3,0.5076787,0.5007277,0,0,adulto
ICB_03971_001,ICB_205,copd,AKG C417L Microphone,45.0,1,0,3,0.724197,0.7108719,1,1,adulto
ICB_03971_002,ICB_205,copd,AKG C417L Microphone,45.0,0,0,3,0.6943048,0.55076265,1,0,adulto
ICB_03971_003,ICB_205,copd,AKG C417L Microphone,45.0,1,0,3,0.46883288,0.2786932,0,1,adulto
ICB_03972_000,ICB_205,copd,AKG C417L Microphone,45.0,0,0,3,0.30995238,0.03724402,0,0,adulto
ICB_03972_001,ICB_205,copd,AKG C417L Microphone,45.0,0,0,3,0.29487243,0.049106,0,0,adulto
ICB_03972_002,ICB_205,copd,AKG C417L Microphone,45.0,0,0,3,0.39495355,0.054387286,0,0,adulto
ICB_03972_003,ICB_205,copd,AKG C417L Microphone,45.0,0,0,3,0.2599261,0.03725349,0,0,adulto
ICB_03973_000,ICB_205,copd,AKG C417L Microphone,45.0,1,0,3,0.6756547,0.36155537,1,1,adulto
ICB_03973_001,ICB_205,copd,AKG C417L Microphone,45.0,1,0,3,0.4946223,0.4572811,0,1,adulto
ICB_03973_002,ICB_205,copd,AKG C417L Microphone,45.0,1,0,3,0.6900481,0.29685786,1,1,adulto
ICB_03973_003,ICB_205,copd,AKG C417L Microphone,45.0,1,0,3,0.6688373,0.25074145,1,1,adulto
ICB_03973_004,ICB_205,copd,AKG C417L Microphone,45.0,1,0,3,0.61338615,0.3309828,1,1,adulto
ICB_03974_000,ICB_205,copd,AKG C417L Microphone,45.0,1,0,3,0.46937436,0.34540597,0,1,adulto
ICB_03974_001,ICB_205,copd,AKG C417L Microphone,45.0,1,0,3,0.65523994,0.14138699,1,1,adulto
ICB_03974_002,ICB_205,copd,AKG C417L Microphone,45.0,1,0,3,0.826228,0.13451453,1,1,adulto
ICB_03974_003,ICB_205,copd,AKG C417L Microphone,45.0,0,0,3,0.30033085,0.57712805,0,0,adulto
ICB_03974_004,ICB_205,copd,AKG C417L Microphone,45.0,1,0,3,0.35425434,0.19199976,0,1,adulto
ICB_03975_000,ICB_205,copd,AKG C417L Microphone,45.0,1,0,3,0.56840354,0.12906088,0,1,adulto
ICB_03975_001,ICB_205,copd,AKG C417L Microphone,45.0,0,0,3,0.5233278,0.07986238,0,0,adulto
ICB_03975_002,ICB_205,copd,AKG C417L Microphone,45.0,0,0,3,0.73463786,0.22192301,1,0,adulto
ICB_03975_003,ICB_205,copd,AKG C417L Microphone,45.0,0,0,3,0.6682277,0.14728993,1,0,adulto
ICB_03975_004,ICB_205,copd,AKG C417L Microphone,45.0,0,0,3,0.48529673,0.14983375,0,0,adulto
ICB_03976_000,ICB_205,copd,AKG C417L Microphone,45.0,0,0,3,0.41665018,0.36859924,0,0,adulto
ICB_03976_001,ICB_205,copd,AKG C417L Microphone,45.0,0,0,3,0.66065663,0.23661058,1,0,adulto
ICB_03976_002,ICB_205,copd,AKG C417L Microphone,45.0,0,0,3,0.5794012,0.24397936,0,0,adulto
ICB_03976_003,ICB_205,copd,AKG C417L Microphone,45.0,0,0,3,0.62218964,0.8521801,1,0,adulto
ICB_03976_004,ICB_205,copd,AKG C417L Microphone,45.0,0,0,3,0.4437337,0.4750387,0,0,adulto
ICB_03977_000,ICB_205,copd,AKG C417L Microphone,45.0,1,0,3,0.7061674,0.19317749,1,1,adulto
ICB_03977_001,ICB_205,copd,AKG C417L Microphone,45.0,1,0,3,0.68415254,0.19455807,1,1,adulto
ICB_03977_002,ICB_205,copd,AKG C417L Microphone,45.0,0,0,3,0.6354055,0.29374087,1,0,adulto
ICB_03977_003,ICB_205,copd,AKG C417L Microphone,45.0,1,0,3,0.6857348,0.37971985,1,1,adulto
ICB_03977_004,ICB_205,copd,AKG C417L Microphone,45.0,1,0,3,0.55605286,0.13699283,0,1,adulto
ICB_04003_000,ICB_209,normal_lung,3M Littmann Classic II SE,14.0,0,0,3,0.059173882,0.06752034,0,0,pediátrico (<18)
ICB_04003_001,ICB_209,normal_lung,3M Littmann Classic II SE,14.0,0,0,3,0.038545538,0.039466456,0,0,pediátrico (<18)
ICB_04003_002,ICB_209,normal_lung,3M Littmann Classic II SE,14.0,0,0,3,0.15266827,0.16694763,0,0,pediátrico (<18)
ICB_04003_003,ICB_209,normal_lung,3M Littmann Classic II SE,14.0,0,0,3,0.33304396,0.21251272,0,0,pediátrico (<18)
ICB_04068_000,ICB_222,copd,WelchAllyn Meditron Master Elite,60.0,0,0,3,0.6106323,0.1091574,1,0,adulto
ICB_04068_001,ICB_222,copd,WelchAllyn Meditron Master Elite,60.0,0,0,3,0.5134108,0.2733133,0,0,adulto
ICB_04068_002,ICB_222,copd,WelchAllyn Meditron Master Elite,60.0,0,0,3,0.49093756,0.07552567,0,0,adulto
ICB_04068_003,ICB_222,copd,WelchAllyn Meditron Master Elite,60.0,0,0,3,0.60162026,0.032952685,1,0,adulto
ICB_04068_004,ICB_222,copd,WelchAllyn Meditron Master Elite,60.0,0,0,3,0.25520822,0.37915665,0,0,adulto
ICB_04068_005,ICB_222,copd,WelchAllyn Meditron Master Elite,60.0,0,0,3,0.5134035,0.8060745,0,0,adulto
ICB_04068_006,ICB_222,copd,WelchAllyn Meditron Master Elite,60.0,0,0,3,0.42374188,0.3371522,0,0,adulto
ICB_04068_007,ICB_222,copd,WelchAllyn Meditron Master Elite,60.0,0,0,3,0.49630266,0.17960839,0,0,adulto
ICB_04068_008,ICB_222,copd,WelchAllyn Meditron Master Elite,60.0,0,0,3,0.4073555,0.14137016,0,0,adulto
ICB_04068_009,ICB_222,copd,WelchAllyn Meditron Master Elite,60.0,0,0,3,0.43772694,0.21720058,0,0,adulto
ICB_04069_000,ICB_222,copd,WelchAllyn Meditron Master Elite,60.0,1,0,3,0.67508423,0.21471618,1,1,adulto
ICB_04069_001,ICB_222,copd,WelchAllyn Meditron Master Elite,60.0,0,0,3,0.5917076,0.22869122,0,0,adulto
ICB_04069_002,ICB_222,copd,WelchAllyn Meditron Master Elite,60.0,1,0,3,0.49738643,0.054671694,0,1,adulto
ICB_04069_003,ICB_222,copd,WelchAllyn Meditron Master Elite,60.0,0,0,3,0.38093582,0.039554726,0,0,adulto
ICB_04069_004,ICB_222,copd,WelchAllyn Meditron Master Elite,60.0,0,0,3,0.3149894,0.18590117,0,0,adulto
ICB_04069_005,ICB_222,copd,WelchAllyn Meditron Master Elite,60.0,1,0,3,0.6282844,0.08867709,1,1,adulto
ICB_04069_006,ICB_222,copd,WelchAllyn Meditron Master Elite,60.0,0,0,3,0.3675659,0.1200305,0,0,adulto
ICB_04069_007,ICB_222,copd,WelchAllyn Meditron Master Elite,60.0,1,0,3,0.5380097,0.119621255,0,1,adulto
ICB_04069_008,ICB_222,copd,WelchAllyn Meditron Master Elite,60.0,0,0,3,0.36815274,0.13934584,0,0,adulto
ICB_04069_009,ICB_222,copd,WelchAllyn Meditron Master Elite,60.0,1,0,3,0.5871635,0.15284301,0,1,adulto
ICB_04069_010,ICB_222,copd,WelchAllyn Meditron Master Elite,60.0,1,0,3,0.5994881,0.7269124,0,1,adulto
ICB_04069_011,ICB_222,copd,WelchAllyn Meditron Master Elite,60.0,1,0,3,0.5650412,0.12394928,0,1,adulto
ICB_04069_012,ICB_222,copd,WelchAllyn Meditron Master Elite,60.0,1,0,3,0.5526791,0.8772384,0,1,adulto
ICB_04069_013,ICB_222,copd,WelchAllyn Meditron Master Elite,60.0,1,0,3,0.5529971,0.21288891,0,1,adulto
ICB_04069_014,ICB_222,copd,WelchAllyn Meditron Master Elite,60.0,1,0,3,0.38233966,0.11119577,0,1,adulto
ICB_04069_015,ICB_222,copd,WelchAllyn Meditron Master Elite,60.0,1,0,3,0.4252577,0.35626748,0,1,adulto
ICB_04069_016,ICB_222,copd,WelchAllyn Meditron Master Elite,60.0,1,0,3,0.45792633,0.44892773,0,1,adulto
ICB_04069_017,ICB_222,copd,WelchAllyn Meditron Master Elite,60.0,0,0,3,0.57240593,0.5804441,0,0,adulto
ICB_04069_018,ICB_222,copd,WelchAllyn Meditron Master Elite,60.0,1,0,3,0.57480127,0.13563351,0,1,adulto
ICB_04069_019,ICB_222,copd,WelchAllyn Meditron Master Elite,60.0,0,0,3,0.60351026,0.29842064,1,0,adulto
ICB_04070_000,ICB_222,copd,WelchAllyn Meditron Master Elite,60.0,0,0,3,0.7139149,0.22890285,1,0,adulto
ICB_04070_001,ICB_222,copd,WelchAllyn Meditron Master Elite,60.0,0,0,3,0.5950091,0.5637468,0,0,adulto
ICB_04070_002,ICB_222,copd,WelchAllyn Meditron Master Elite,60.0,0,0,3,0.49946347,0.2693833,0,0,adulto
ICB_04070_003,ICB_222,copd,WelchAllyn Meditron Master Elite,60.0,0,0,3,0.50607854,0.15412092,0,0,adulto
ICB_04070_004,ICB_222,copd,WelchAllyn Meditron Master Elite,60.0,0,0,3,0.63702697,0.474924,1,0,adulto
ICB_04070_005,ICB_222,copd,WelchAllyn Meditron Master Elite,60.0,0,0,3,0.73484576,0.5515378,1,0,adulto
ICB_04070_006,ICB_222,copd,WelchAllyn Meditron Master Elite,60.0,0,0,3,0.4018307,0.76379883,0,0,adulto
ICB_04070_007,ICB_222,copd,WelchAllyn Meditron Master Elite,60.0,0,1,3,0.44713837,0.600891,0,2,adulto
ICB_04070_008,ICB_222,copd,WelchAllyn Meditron Master Elite,60.0,0,1,3,0.33639067,0.5123086,0,2,adulto
ICB_04070_009,ICB_222,copd,WelchAllyn Meditron Master Elite,60.0,0,1,3,0.34465167,0.61608255,0,2,adulto
ICB_04070_010,ICB_222,copd,WelchAllyn Meditron Master Elite,60.0,0,1,3,0.45543465,0.74558353,0,2,adulto
ICB_04070_011,ICB_222,copd,WelchAllyn Meditron Master Elite,60.0,0,1,3,0.62717247,0.9804441,3,2,adulto
ICB_04070_012,ICB_222,copd,WelchAllyn Meditron Master Elite,60.0,0,1,3,0.76490265,0.9803863,3,2,adulto
ICB_04070_013,ICB_222,copd,WelchAllyn Meditron Master Elite,60.0,0,1,3,0.6077112,0.70636415,1,2,adulto
ICB_04070_014,ICB_222,copd,WelchAllyn Meditron Master Elite,60.0,0,1,3,0.48828948,0.7994426,0,2,adulto
ICB_04080_000,ICB_226,pneumonia,3M Littmann Classic II SE,4.0,0,0,3,0.25076824,0.356832,0,0,pediátrico (<18)
ICB_04080_001,ICB_226,pneumonia,3M Littmann Classic II SE,4.0,0,0,3,0.5396613,0.2599054,0,0,pediátrico (<18)
ICB_04080_002,ICB_226,pneumonia,3M Littmann Classic II SE,4.0,1,0,3,0.37938392,0.26450628,0,1,pediátrico (<18)
ICB_04080_003,ICB_226,pneumonia,3M Littmann Classic II SE,4.0,1,0,3,0.6171843,0.16596761,1,1,pediátrico (<18)
ICB_04080_004,ICB_226,pneumonia,3M Littmann Classic II SE,4.0,0,0,3,0.3178537,0.25622758,0,0,pediátrico (<18)
ICB_04080_005,ICB_226,pneumonia,3M Littmann Classic II SE,4.0,0,0,3,0.27087262,0.35755038,0,0,pediátrico (<18)
ICB_04080_006,ICB_226,pneumonia,3M Littmann Classic II SE,4.0,0,0,3,0.40484908,0.3411341,0,0,pediátrico (<18)
ICB_04080_007,ICB_226,pneumonia,3M Littmann Classic II SE,4.0,0,0,3,0.4448124,0.17925237,0,0,pediátrico (<18)
ICB_04080_008,ICB_226,pneumonia,3M Littmann Classic II SE,4.0,0,0,3,0.48571798,0.08470692,0,0,pediátrico (<18)
ICB_04080_009,ICB_226,pneumonia,3M Littmann Classic II SE,4.0,0,0,3,0.41616958,0.31147286,0,0,pediátrico (<18)
ICB_04081_000,ICB_226,pneumonia,3M Littmann Classic II SE,4.0,0,0,3,0.5456729,0.15192732,0,0,pediátrico (<18)
ICB_04081_001,ICB_226,pneumonia,3M Littmann Classic II SE,4.0,1,0,3,0.49047813,0.27102664,0,1,pediátrico (<18)
ICB_04081_002,ICB_226,pneumonia,3M Littmann Classic II SE,4.0,1,0,3,0.5131542,0.33069173,0,1,pediátrico (<18)
ICB_04081_003,ICB_226,pneumonia,3M Littmann Classic II SE,4.0,1,0,3,0.500445,0.2677518,0,1,pediátrico (<18)
ICB_04081_004,ICB_226,pneumonia,3M Littmann Classic II SE,4.0,0,0,3,0.63358504,0.2644692,1,0,pediátrico (<18)
ICB_04081_005,ICB_226,pneumonia,3M Littmann Classic II SE,4.0,1,0,3,0.4279986,0.47379673,0,1,pediátrico (<18)
ICB_04081_006,ICB_226,pneumonia,3M Littmann Classic II SE,4.0,1,0,3,0.5777249,0.3345992,0,1,pediátrico (<18)
ICB_04081_007,ICB_226,pneumonia,3M Littmann Classic II SE,4.0,1,0,3,0.4870888,0.179147,0,1,pediátrico (<18)
ICB_04081_008,ICB_226,pneumonia,3M Littmann Classic II SE,4.0,0,0,3,0.5748187,0.25676522,0,0,pediátrico (<18)
ICB_04081_009,ICB_226,pneumonia,3M Littmann Classic II SE,4.0,0,0,3,0.6949311,0.1427135,1,0,pediátrico (<18)
ICB_04082_000,ICB_226,pneumonia,3M Littmann Classic II SE,4.0,0,0,3,0.46248558,0.19680741,0,0,pediátrico (<18)
ICB_04082_001,ICB_226,pneumonia,3M Littmann Classic II SE,4.0,0,0,3,0.6092937,0.32628822,1,0,pediátrico (<18)
ICB_04082_002,ICB_226,pneumonia,3M Littmann Classic II SE,4.0,1,0,3,0.57559896,0.19587919,0,1,pediátrico (<18)
ICB_04082_003,ICB_226,pneumonia,3M Littmann Classic II SE,4.0,1,0,3,0.58188105,0.2621973,0,1,pediátrico (<18)
ICB_04082_004,ICB_226,pneumonia,3M Littmann Classic II SE,4.0,0,0,3,0.5565588,0.09034774,0,0,pediátrico (<18)
ICB_04082_005,ICB_226,pneumonia,3M Littmann Classic II SE,4.0,1,0,3,0.50553274,0.32167938,0,1,pediátrico (<18)
ICB_04082_006,ICB_226,pneumonia,3M Littmann Classic II SE,4.0,1,0,3,0.7734465,0.17194931,1,1,pediátrico (<18)
ICB_04082_007,ICB_226,pneumonia,3M Littmann Classic II SE,4.0,0,0,3,0.6523626,0.16080792,1,0,pediátrico (<18)
ICB_04082_008,ICB_226,pneumonia,3M Littmann Classic II SE,4.0,0,0,3,0.5906846,0.39750433,0,0,pediátrico (<18)
ICB_04082_009,ICB_226,pneumonia,3M Littmann Classic II SE,4.0,1,0,3,0.65118456,0.27566788,1,1,pediátrico (<18)
ICB_04082_010,ICB_226,pneumonia,3M Littmann Classic II SE,4.0,0,0,3,0.29974002,0.16673918,0,0,pediátrico (<18)
ICB_03163_000,ICB_101,respiratory_infection,AKG C417L Microphone,3.0,0,0,4,0.625703,0.5156445,0,0,pediátrico (<18)
ICB_03163_001,ICB_101,respiratory_infection,AKG C417L Microphone,3.0,0,0,4,0.14268087,0.025267115,0,0,pediátrico (<18)
ICB_03163_002,ICB_101,respiratory_infection,AKG C417L Microphone,3.0,0,0,4,0.2687159,0.00011929629,0,0,pediátrico (<18)
ICB_03163_003,ICB_101,respiratory_infection,AKG C417L Microphone,3.0,0,0,4,0.39707267,0.008307316,0,0,pediátrico (<18)
ICB_03163_004,ICB_101,respiratory_infection,AKG C417L Microphone,3.0,0,0,4,0.40066156,0.016067548,0,0,pediátrico (<18)
ICB_03163_005,ICB_101,respiratory_infection,AKG C417L Microphone,3.0,0,0,4,0.35351464,0.0013894717,0,0,pediátrico (<18)
ICB_03163_006,ICB_101,respiratory_infection,AKG C417L Microphone,3.0,0,0,4,0.06479725,0.0021969688,0,0,pediátrico (<18)
ICB_03163_007,ICB_101,respiratory_infection,AKG C417L Microphone,3.0,0,0,4,0.2771156,0.0044976007,0,0,pediátrico (<18)
ICB_03163_008,ICB_101,respiratory_infection,AKG C417L Microphone,3.0,0,0,4,0.44849062,0.016712004,0,0,pediátrico (<18)
ICB_03163_009,ICB_101,respiratory_infection,AKG C417L Microphone,3.0,0,0,4,0.33974156,0.049214315,0,0,pediátrico (<18)
ICB_03163_010,ICB_101,respiratory_infection,AKG C417L Microphone,3.0,0,0,4,0.13886464,0.024115898,0,0,pediátrico (<18)
ICB_03163_011,ICB_101,respiratory_infection,AKG C417L Microphone,3.0,0,0,4,0.23610976,0.0029440385,0,0,pediátrico (<18)
ICB_03164_000,ICB_101,respiratory_infection,AKG C417L Microphone,3.0,0,0,4,0.013497851,0.030784896,0,0,pediátrico (<18)
ICB_03164_001,ICB_101,respiratory_infection,AKG C417L Microphone,3.0,0,0,4,0.7278165,0.022605378,1,0,pediátrico (<18)
ICB_03164_002,ICB_101,respiratory_infection,AKG C417L Microphone,3.0,0,0,4,0.59543836,0.044415664,0,0,pediátrico (<18)
ICB_03164_003,ICB_101,respiratory_infection,AKG C417L Microphone,3.0,0,0,4,0.733004,0.33378685,1,0,pediátrico (<18)
ICB_03164_004,ICB_101,respiratory_infection,AKG C417L Microphone,3.0,0,0,4,0.22132148,0.2559879,0,0,pediátrico (<18)
ICB_03164_005,ICB_101,respiratory_infection,AKG C417L Microphone,3.0,0,0,4,0.08713342,0.0007002208,0,0,pediátrico (<18)
ICB_03164_006,ICB_101,respiratory_infection,AKG C417L Microphone,3.0,0,0,4,0.4428828,0.0053768405,0,0,pediátrico (<18)
ICB_03164_007,ICB_101,respiratory_infection,AKG C417L Microphone,3.0,0,0,4,0.5245457,0.0105229085,0,0,pediátrico (<18)
ICB_03164_008,ICB_101,respiratory_infection,AKG C417L Microphone,3.0,0,0,4,0.37892008,0.022258839,0,0,pediátrico (<18)
ICB_03164_009,ICB_101,respiratory_infection,AKG C417L Microphone,3.0,0,0,4,0.26306677,0.051043715,0,0,pediátrico (<18)
ICB_03164_010,ICB_101,respiratory_infection,AKG C417L Microphone,3.0,0,0,4,6.8397426e-06,7.7967634e-08,0,0,pediátrico (<18)
ICB_03204_000,ICB_108,respiratory_infection,3M Littmann Classic II SE,3.0,0,0,4,0.18285023,0.0042327447,0,0,pediátrico (<18)
ICB_03204_001,ICB_108,respiratory_infection,3M Littmann Classic II SE,3.0,0,0,4,0.24306351,0.123599105,0,0,pediátrico (<18)
ICB_03204_002,ICB_108,respiratory_infection,3M Littmann Classic II SE,3.0,0,0,4,0.6987397,0.037547424,1,0,pediátrico (<18)
ICB_03204_003,ICB_108,respiratory_infection,3M Littmann Classic II SE,3.0,0,0,4,0.56126136,0.026791409,0,0,pediátrico (<18)
ICB_03204_004,ICB_108,respiratory_infection,3M Littmann Classic II SE,3.0,0,0,4,0.091871195,0.021368777,0,0,pediátrico (<18)
ICB_03204_005,ICB_108,respiratory_infection,3M Littmann Classic II SE,3.0,0,0,4,0.52386856,0.034924608,0,0,pediátrico (<18)
ICB_03204_006,ICB_108,respiratory_infection,3M Littmann Classic II SE,3.0,0,0,4,0.10703944,0.010507176,0,0,pediátrico (<18)
ICB_03204_007,ICB_108,respiratory_infection,3M Littmann Classic II SE,3.0,0,0,4,0.37721556,0.030609302,0,0,pediátrico (<18)
ICB_03223_000,ICB_113,copd,3M Littmann 3200 Electronic,58.0,0,0,4,0.023176065,0.40319827,0,0,adulto
ICB_03223_001,ICB_113,copd,3M Littmann 3200 Electronic,58.0,0,0,4,0.44640467,0.38840422,0,0,adulto
ICB_03223_002,ICB_113,copd,3M Littmann 3200 Electronic,58.0,0,0,4,0.0047341892,0.01906718,0,0,adulto
ICB_03223_003,ICB_113,copd,3M Littmann 3200 Electronic,58.0,0,0,4,0.0016069656,0.59485143,0,0,adulto
ICB_03223_004,ICB_113,copd,3M Littmann 3200 Electronic,58.0,0,0,4,0.010751486,0.9664601,2,0,adulto
ICB_03223_005,ICB_113,copd,3M Littmann 3200 Electronic,58.0,0,0,4,0.020819265,0.6422594,0,0,adulto
ICB_03223_006,ICB_113,copd,3M Littmann 3200 Electronic,58.0,0,0,4,0.03198736,0.40119752,0,0,adulto
ICB_03224_000,ICB_113,copd,3M Littmann 3200 Electronic,58.0,0,0,4,0.06077799,0.782847,2,0,adulto
ICB_03224_001,ICB_113,copd,3M Littmann 3200 Electronic,58.0,0,0,4,0.022979628,0.57388115,0,0,adulto
ICB_03224_002,ICB_113,copd,3M Littmann 3200 Electronic,58.0,0,0,4,0.029963486,0.5707031,0,0,adulto
ICB_03224_003,ICB_113,copd,3M Littmann 3200 Electronic,58.0,0,0,4,0.0020440922,0.7720501,2,0,adulto
ICB_03224_004,ICB_113,copd,3M Littmann 3200 Electronic,58.0,0,0,4,0.006233725,0.75230116,2,0,adulto
ICB_03224_005,ICB_113,copd,3M Littmann 3200 Electronic,58.0,0,0,4,0.043364365,0.6080135,0,0,adulto
ICB_03224_006,ICB_113,copd,3M Littmann 3200 Electronic,58.0,0,0,4,0.0749327,0.53438073,0,0,adulto
ICB_03224_007,ICB_113,copd,3M Littmann 3200 Electronic,58.0,0,0,4,0.03397311,0.28136528,0,0,adulto
ICB_03225_000,ICB_113,copd,3M Littmann 3200 Electronic,58.0,0,0,4,0.01988707,0.3619046,0,0,adulto
ICB_03225_001,ICB_113,copd,3M Littmann 3200 Electronic,58.0,0,0,4,0.22201331,0.11719425,0,0,adulto
ICB_03225_002,ICB_113,copd,3M Littmann 3200 Electronic,58.0,0,0,4,0.06179076,0.5062355,0,0,adulto
ICB_03225_003,ICB_113,copd,3M Littmann 3200 Electronic,58.0,0,0,4,0.1319831,0.06481721,0,0,adulto
ICB_03225_004,ICB_113,copd,3M Littmann 3200 Electronic,58.0,0,0,4,0.10156209,0.5443281,0,0,adulto
ICB_03225_005,ICB_113,copd,3M Littmann 3200 Electronic,58.0,0,0,4,0.118207864,0.25374642,0,0,adulto
ICB_03225_006,ICB_113,copd,3M Littmann 3200 Electronic,58.0,0,0,4,0.09005073,0.17297459,0,0,adulto
ICB_03225_007,ICB_113,copd,3M Littmann 3200 Electronic,58.0,0,0,4,0.12085183,0.5755388,0,0,adulto
ICB_03225_008,ICB_113,copd,3M Littmann 3200 Electronic,58.0,0,0,4,0.14411204,0.66359115,0,0,adulto
ICB_03225_009,ICB_113,copd,3M Littmann 3200 Electronic,58.0,0,0,4,0.53501827,0.5016821,0,0,adulto
ICB_03225_010,ICB_113,copd,3M Littmann 3200 Electronic,58.0,0,0,4,0.16655047,0.18004677,0,0,adulto
ICB_03226_000,ICB_113,copd,3M Littmann 3200 Electronic,58.0,0,0,4,0.63573074,0.11021829,0,0,adulto
ICB_03226_001,ICB_113,copd,3M Littmann 3200 Electronic,58.0,0,0,4,0.49109748,0.075254865,0,0,adulto
ICB_03226_002,ICB_113,copd,3M Littmann 3200 Electronic,58.0,0,0,4,0.057267185,0.28790057,0,0,adulto
ICB_03226_003,ICB_113,copd,3M Littmann 3200 Electronic,58.0,0,0,4,0.025605936,0.47949496,0,0,adulto
ICB_03226_004,ICB_113,copd,3M Littmann 3200 Electronic,58.0,0,0,4,0.021159658,0.823624,2,0,adulto
ICB_03226_005,ICB_113,copd,3M Littmann 3200 Electronic,58.0,0,0,4,0.029687395,0.29529056,0,0,adulto
ICB_03226_006,ICB_113,copd,3M Littmann 3200 Electronic,58.0,0,0,4,0.016496234,0.051953174,0,0,adulto
ICB_03227_000,ICB_113,copd,3M Littmann 3200 Electronic,58.0,0,0,4,0.0027138686,0.38032746,0,0,adulto
ICB_03227_001,ICB_113,copd,3M Littmann 3200 Electronic,58.0,0,0,4,0.008788807,0.19533846,0,0,adulto
ICB_03227_002,ICB_113,copd,3M Littmann 3200 Electronic,58.0,0,0,4,0.030603692,0.046549644,0,0,adulto
ICB_03227_003,ICB_113,copd,3M Littmann 3200 Electronic,58.0,0,0,4,0.0070334016,0.64726764,0,0,adulto
ICB_03227_004,ICB_113,copd,3M Littmann 3200 Electronic,58.0,0,0,4,0.0074876156,0.14077714,0,0,adulto
ICB_03227_005,ICB_113,copd,3M Littmann 3200 Electronic,58.0,0,0,4,0.0040254346,0.59770954,0,0,adulto
ICB_03227_006,ICB_113,copd,3M Littmann 3200 Electronic,58.0,0,0,4,0.00021013379,0.23086068,0,0,adulto
ICB_03227_007,ICB_113,copd,3M Littmann 3200 Electronic,58.0,0,0,4,0.012595672,0.30021137,0,0,adulto
ICB_03228_000,ICB_113,copd,3M Littmann 3200 Electronic,58.0,0,0,4,0.0005484816,0.26122534,0,0,adulto
ICB_03228_001,ICB_113,copd,3M Littmann 3200 Electronic,58.0,0,0,4,0.00070286804,0.33623755,0,0,adulto
ICB_03228_002,ICB_113,copd,3M Littmann 3200 Electronic,58.0,0,0,4,0.0061753397,0.17498285,0,0,adulto
ICB_03228_003,ICB_113,copd,3M Littmann 3200 Electronic,58.0,0,0,4,0.0048050396,0.7096524,2,0,adulto
ICB_03228_004,ICB_113,copd,3M Littmann 3200 Electronic,58.0,0,0,4,0.039204556,0.11770303,0,0,adulto
ICB_03228_005,ICB_113,copd,3M Littmann 3200 Electronic,58.0,0,0,4,0.0015076811,0.7425978,2,0,adulto
ICB_03228_006,ICB_113,copd,3M Littmann 3200 Electronic,58.0,0,0,4,0.0062812683,0.49789023,0,0,adulto
ICB_03228_007,ICB_113,copd,3M Littmann 3200 Electronic,58.0,0,0,4,0.01785128,0.37768665,0,0,adulto
ICB_03228_008,ICB_113,copd,3M Littmann 3200 Electronic,58.0,0,0,4,0.07102773,0.34491968,0,0,adulto
ICB_03229_000,ICB_114,copd,AKG C417L Microphone,77.0,0,1,4,0.014767075,0.9544369,2,2,adulto
ICB_03229_001,ICB_114,copd,AKG C417L Microphone,77.0,1,1,4,0.140481,0.8968883,2,3,adulto
ICB_03229_002,ICB_114,copd,AKG C417L Microphone,77.0,1,1,4,0.24108873,0.13425338,0,3,adulto
ICB_03229_003,ICB_114,copd,AKG C417L Microphone,77.0,1,1,4,0.10773045,0.36197397,0,3,adulto
ICB_03229_004,ICB_114,copd,AKG C417L Microphone,77.0,1,0,4,0.40403906,0.43134537,0,1,adulto
ICB_03229_005,ICB_114,copd,AKG C417L Microphone,77.0,1,1,4,0.7229662,0.0032747174,1,3,adulto
ICB_03229_006,ICB_114,copd,AKG C417L Microphone,77.0,1,0,4,0.88094515,1.1239963e-05,1,1,adulto
ICB_03230_000,ICB_114,copd,AKG C417L Microphone,77.0,0,1,4,0.12726472,0.24864972,0,2,adulto
ICB_03230_001,ICB_114,copd,AKG C417L Microphone,77.0,1,1,4,0.048663117,0.21331005,0,3,adulto
ICB_03230_002,ICB_114,copd,AKG C417L Microphone,77.0,1,1,4,0.08457366,0.14135979,0,3,adulto
ICB_03230_003,ICB_114,copd,AKG C417L Microphone,77.0,1,1,4,0.13824621,0.8288984,2,3,adulto
ICB_03230_004,ICB_114,copd,AKG C417L Microphone,77.0,1,0,4,0.091593206,0.018929869,0,1,adulto
ICB_03230_005,ICB_114,copd,AKG C417L Microphone,77.0,1,1,4,0.03808973,0.052604955,0,3,adulto
ICB_03230_006,ICB_114,copd,AKG C417L Microphone,77.0,0,0,4,0.6635493,0.07451078,1,0,adulto
ICB_03231_000,ICB_114,copd,AKG C417L Microphone,77.0,1,1,4,0.057941966,0.8673652,2,3,adulto
ICB_03231_001,ICB_114,copd,AKG C417L Microphone,77.0,1,1,4,0.24922052,0.9642414,2,3,adulto
ICB_03231_002,ICB_114,copd,AKG C417L Microphone,77.0,1,1,4,0.085726604,0.9232379,2,3,adulto
ICB_03231_003,ICB_114,copd,AKG C417L Microphone,77.0,1,1,4,0.09571263,0.6658958,0,3,adulto
ICB_03231_004,ICB_114,copd,AKG C417L Microphone,77.0,1,0,4,0.22866341,0.41120923,0,1,adulto
ICB_03231_005,ICB_114,copd,AKG C417L Microphone,77.0,1,1,4,0.35676533,0.03572046,0,3,adulto
ICB_03231_006,ICB_114,copd,AKG C417L Microphone,77.0,1,0,4,0.47097212,0.00039920132,0,1,adulto
ICB_03232_000,ICB_114,copd,AKG C417L Microphone,77.0,1,1,4,0.031767085,0.99623495,2,3,adulto
ICB_03232_001,ICB_114,copd,AKG C417L Microphone,77.0,1,1,4,0.03582617,0.99956995,2,3,adulto
ICB_03232_002,ICB_114,copd,AKG C417L Microphone,77.0,1,1,4,0.018780911,0.99846447,2,3,adulto
ICB_03232_003,ICB_114,copd,AKG C417L Microphone,77.0,1,1,4,0.021099191,0.95587295,2,3,adulto
ICB_03232_004,ICB_114,copd,AKG C417L Microphone,77.0,1,0,4,0.18118665,0.89866024,2,1,adulto
ICB_03232_005,ICB_114,copd,AKG C417L Microphone,77.0,1,1,4,0.26326567,0.9014157,2,3,adulto
ICB_03232_006,ICB_114,copd,AKG C417L Microphone,77.0,1,0,4,0.07514551,0.8904466,2,1,adulto
ICB_03233_000,ICB_114,copd,AKG C417L Microphone,77.0,0,1,4,0.07792328,0.9913775,2,2,adulto
ICB_03233_001,ICB_114,copd,AKG C417L Microphone,77.0,1,1,4,0.04493363,0.9914983,2,3,adulto
ICB_03233_002,ICB_114,copd,AKG C417L Microphone,77.0,1,1,4,0.040004436,0.98647135,2,3,adulto
ICB_03233_003,ICB_114,copd,AKG C417L Microphone,77.0,1,1,4,0.30808398,0.9301603,2,3,adulto
ICB_03233_004,ICB_114,copd,AKG C417L Microphone,77.0,1,0,4,0.07211913,0.97875607,2,1,adulto
ICB_03233_005,ICB_114,copd,AKG C417L Microphone,77.0,1,1,4,0.4801718,0.13458943,0,3,adulto
ICB_03233_006,ICB_114,copd,AKG C417L Microphone,77.0,1,0,4,0.13064621,0.57240325,0,1,adulto
ICB_03251_000,ICB_121,normal_lung,3M Littmann Classic II SE,13.0,0,0,4,0.050775312,0.0028819467,0,0,pediátrico (<18)
ICB_03251_001,ICB_121,normal_lung,3M Littmann Classic II SE,13.0,0,0,4,0.072731964,0.02821692,0,0,pediátrico (<18)
ICB_03251_002,ICB_121,normal_lung,3M Littmann Classic II SE,13.0,0,0,4,0.5556436,0.057066437,0,0,pediátrico (<18)
ICB_03251_003,ICB_121,normal_lung,3M Littmann Classic II SE,13.0,0,0,4,0.5026555,0.04309554,0,0,pediátrico (<18)
ICB_03251_004,ICB_121,normal_lung,3M Littmann Classic II SE,13.0,0,0,4,0.73953396,0.0047550146,1,0,pediátrico (<18)
ICB_03251_005,ICB_121,normal_lung,3M Littmann Classic II SE,13.0,0,0,4,0.08117875,0.11930332,0,0,pediátrico (<18)
ICB_03252_000,ICB_121,normal_lung,3M Littmann Classic II SE,13.0,0,0,4,0.029498534,0.0030565714,0,0,pediátrico (<18)
ICB_03252_001,ICB_121,normal_lung,3M Littmann Classic II SE,13.0,0,0,4,0.22773416,0.0015582311,0,0,pediátrico (<18)
ICB_03252_002,ICB_121,normal_lung,3M Littmann Classic II SE,13.0,0,0,4,0.042219978,0.026469965,0,0,pediátrico (<18)
ICB_03252_003,ICB_121,normal_lung,3M Littmann Classic II SE,13.0,0,0,4,0.3999548,0.00015448574,0,0,pediátrico (<18)
ICB_03252_004,ICB_121,normal_lung,3M Littmann Classic II SE,13.0,0,0,4,0.7562004,0.000410874,1,0,pediátrico (<18)
ICB_03252_005,ICB_121,normal_lung,3M Littmann Classic II SE,13.0,0,0,4,0.12832513,0.015075551,0,0,pediátrico (<18)
ICB_03252_006,ICB_121,normal_lung,3M Littmann Classic II SE,13.0,0,0,4,0.072081864,0.0012375443,0,0,pediátrico (<18)
ICB_03252_007,ICB_121,normal_lung,3M Littmann Classic II SE,13.0,0,0,4,0.2629073,0.0014698382,0,0,pediátrico (<18)
ICB_03270_000,ICB_126,normal_lung,AKG C417L Microphone,1.0,0,0,4,0.01123203,0.037079453,0,0,pediátrico (<18)
ICB_03270_001,ICB_126,normal_lung,AKG C417L Microphone,1.0,0,0,4,0.074733056,0.03324642,0,0,pediátrico (<18)
ICB_03270_002,ICB_126,normal_lung,AKG C417L Microphone,1.0,0,0,4,0.032548405,0.0073071076,0,0,pediátrico (<18)
ICB_03270_003,ICB_126,normal_lung,AKG C417L Microphone,1.0,0,0,4,0.02609403,0.0017895168,0,0,pediátrico (<18)
ICB_03270_004,ICB_126,normal_lung,AKG C417L Microphone,1.0,0,0,4,0.028379438,0.008924102,0,0,pediátrico (<18)
ICB_03270_005,ICB_126,normal_lung,AKG C417L Microphone,1.0,0,0,4,0.0960797,0.096778624,0,0,pediátrico (<18)
ICB_03270_006,ICB_126,normal_lung,AKG C417L Microphone,1.0,0,0,4,0.017961683,0.003913864,0,0,pediátrico (<18)
ICB_03270_007,ICB_126,normal_lung,AKG C417L Microphone,1.0,0,0,4,0.117595784,0.0010760399,0,0,pediátrico (<18)
ICB_03270_008,ICB_126,normal_lung,AKG C417L Microphone,1.0,0,0,4,0.10603899,0.011734698,0,0,pediátrico (<18)
ICB_03270_009,ICB_126,normal_lung,AKG C417L Microphone,1.0,0,0,4,0.023857212,0.001767644,0,0,pediátrico (<18)
ICB_03270_010,ICB_126,normal_lung,AKG C417L Microphone,1.0,0,0,4,0.031816415,0.002565013,0,0,pediátrico (<18)
ICB_03271_000,ICB_127,normal_lung,3M Littmann Classic II SE,2.0,0,0,4,0.32155415,0.011547026,0,0,pediátrico (<18)
ICB_03271_001,ICB_127,normal_lung,3M Littmann Classic II SE,2.0,0,0,4,0.8834834,0.005367698,1,0,pediátrico (<18)
ICB_03271_002,ICB_127,normal_lung,3M Littmann Classic II SE,2.0,0,0,4,0.29234746,0.013478334,0,0,pediátrico (<18)
ICB_03271_003,ICB_127,normal_lung,3M Littmann Classic II SE,2.0,0,0,4,0.6038436,0.04363463,0,0,pediátrico (<18)
ICB_03271_004,ICB_127,normal_lung,3M Littmann Classic II SE,2.0,1,0,4,0.5513302,0.03091563,0,1,pediátrico (<18)
ICB_03271_005,ICB_127,normal_lung,3M Littmann Classic II SE,2.0,0,0,4,0.40069333,0.072781876,0,0,pediátrico (<18)
ICB_03271_006,ICB_127,normal_lung,3M Littmann Classic II SE,2.0,1,0,4,0.26367405,0.012254122,0,1,pediátrico (<18)
ICB_03271_007,ICB_127,normal_lung,3M Littmann Classic II SE,2.0,0,0,4,0.53533155,0.0071131224,0,0,pediátrico (<18)
ICB_03271_008,ICB_127,normal_lung,3M Littmann Classic II SE,2.0,1,0,4,0.6520915,0.19169167,1,1,pediátrico (<18)
ICB_03271_009,ICB_127,normal_lung,3M Littmann Classic II SE,2.0,0,0,4,0.56630254,0.3424409,0,0,pediátrico (<18)
ICB_03272_000,ICB_128,copd,3M Littmann Classic II SE,65.0,1,0,4,0.29312125,0.7739393,2,1,adulto
ICB_03272_001,ICB_128,copd,3M Littmann Classic II SE,65.0,0,0,4,0.14929286,0.41312295,0,0,adulto
ICB_03272_002,ICB_128,copd,3M Littmann Classic II SE,65.0,1,0,4,0.39220178,0.04936202,0,1,adulto
ICB_03272_003,ICB_128,copd,3M Littmann Classic II SE,65.0,1,0,4,0.4545882,0.13373005,0,1,adulto
ICB_03272_004,ICB_128,copd,3M Littmann Classic II SE,65.0,0,0,4,0.00015903848,0.00037695596,0,0,adulto
ICB_03383_000,ICB_138,copd,AKG C417L Microphone,56.0,0,1,4,0.313205,0.2700095,0,2,adulto
ICB_03383_001,ICB_138,copd,AKG C417L Microphone,56.0,1,0,4,0.7858388,0.10175486,1,1,adulto
ICB_03383_002,ICB_138,copd,AKG C417L Microphone,56.0,1,0,4,0.83849394,0.617956,1,1,adulto
ICB_03383_003,ICB_138,copd,AKG C417L Microphone,56.0,1,0,4,0.9167427,0.2569239,1,1,adulto
ICB_03383_004,ICB_138,copd,AKG C417L Microphone,56.0,1,0,4,0.80773234,0.09787912,1,1,adulto
ICB_03384_000,ICB_138,copd,AKG C417L Microphone,56.0,1,0,4,0.3055143,0.07247056,0,1,adulto
ICB_03384_001,ICB_138,copd,AKG C417L Microphone,56.0,1,0,4,0.33990055,0.01897094,0,1,adulto
ICB_03384_002,ICB_138,copd,AKG C417L Microphone,56.0,0,0,4,0.2602806,0.062158495,0,0,adulto
ICB_03384_003,ICB_138,copd,AKG C417L Microphone,56.0,0,0,4,0.83390045,0.0051705656,1,0,adulto
ICB_03384_004,ICB_138,copd,AKG C417L Microphone,56.0,0,0,4,0.46240932,0.074463956,0,0,adulto
ICB_03385_000,ICB_138,copd,AKG C417L Microphone,56.0,1,0,4,0.66790336,0.848142,3,1,adulto
ICB_03385_001,ICB_138,copd,AKG C417L Microphone,56.0,1,0,4,0.6679894,0.70940304,3,1,adulto
ICB_03385_002,ICB_138,copd,AKG C417L Microphone,56.0,1,0,4,0.8474733,0.78942597,3,1,adulto
ICB_03385_003,ICB_138,copd,AKG C417L Microphone,56.0,1,0,4,0.7814255,0.2699183,1,1,adulto
ICB_03385_004,ICB_138,copd,AKG C417L Microphone,56.0,1,0,4,0.69270855,0.49449766,1,1,adulto
ICB_03386_000,ICB_138,copd,AKG C417L Microphone,56.0,1,1,4,0.6398745,0.0975094,0,3,adulto
ICB_03386_001,ICB_138,copd,AKG C417L Microphone,56.0,1,0,4,0.65559614,0.015100055,1,1,adulto
ICB_03386_002,ICB_138,copd,AKG C417L Microphone,56.0,1,0,4,0.4924447,3.9107658e-07,0,1,adulto
ICB_03386_003,ICB_138,copd,AKG C417L Microphone,56.0,1,0,4,0.8334065,0.17868538,1,1,adulto
ICB_03386_004,ICB_138,copd,AKG C417L Microphone,56.0,1,0,4,0.8120314,0.26755628,1,1,adulto
ICB_03387_000,ICB_138,copd,AKG C417L Microphone,56.0,1,1,4,0.6322308,0.44228297,0,3,adulto
ICB_03387_001,ICB_138,copd,AKG C417L Microphone,56.0,1,0,4,0.5163323,0.3106752,0,1,adulto
ICB_03387_002,ICB_138,copd,AKG C417L Microphone,56.0,1,0,4,0.78492296,0.3229925,1,1,adulto
ICB_03387_003,ICB_138,copd,AKG C417L Microphone,56.0,1,0,4,0.5872467,0.88011706,2,1,adulto
ICB_03387_004,ICB_138,copd,AKG C417L Microphone,56.0,1,0,4,0.9022468,0.24612351,1,1,adulto
ICB_03388_000,ICB_138,copd,AKG C417L Microphone,56.0,1,1,4,0.00020239907,1.0753829e-09,0,3,adulto
ICB_03388_001,ICB_138,copd,AKG C417L Microphone,56.0,1,1,4,0.82836485,0.25159433,1,3,adulto
ICB_03388_002,ICB_138,copd,AKG C417L Microphone,56.0,1,0,4,0.9943197,0.0007295402,1,1,adulto
ICB_03388_003,ICB_138,copd,AKG C417L Microphone,56.0,1,0,4,0.7016134,0.8468224,3,1,adulto
ICB_03388_004,ICB_138,copd,AKG C417L Microphone,56.0,1,0,4,0.7354598,0.6822254,1,1,adulto
ICB_03389_000,ICB_138,copd,AKG C417L Microphone,56.0,0,0,4,0.3032698,0.8776354,2,0,adulto
ICB_03389_001,ICB_138,copd,AKG C417L Microphone,56.0,0,0,4,0.12889846,0.28054395,0,0,adulto
ICB_03389_002,ICB_138,copd,AKG C417L Microphone,56.0,0,0,4,0.26770052,0.45089707,0,0,adulto
ICB_03389_003,ICB_138,copd,AKG C417L Microphone,56.0,0,1,4,0.023750473,0.6939922,0,2,adulto
ICB_03389_004,ICB_138,copd,AKG C417L Microphone,56.0,0,0,4,0.2804469,0.12891291,0,0,adulto
ICB_03390_000,ICB_138,copd,AKG C417L Microphone,56.0,0,0,4,0.8915494,0.0746754,1,0,adulto
ICB_03390_001,ICB_138,copd,AKG C417L Microphone,56.0,0,0,4,0.8354775,0.37303632,1,0,adulto
ICB_03390_002,ICB_138,copd,AKG C417L Microphone,56.0,0,0,4,0.8181455,0.05097347,1,0,adulto
ICB_03390_003,ICB_138,copd,AKG C417L Microphone,56.0,0,0,4,0.7248616,0.052113608,1,0,adulto
ICB_03390_004,ICB_138,copd,AKG C417L Microphone,56.0,0,0,4,0.9272876,0.44834852,1,0,adulto
ICB_03391_000,ICB_138,copd,AKG C417L Microphone,56.0,1,0,4,0.581882,0.49024135,0,1,adulto
ICB_03391_001,ICB_138,copd,AKG C417L Microphone,56.0,1,0,4,0.14879112,0.8850769,2,1,adulto
ICB_03391_002,ICB_138,copd,AKG C417L Microphone,56.0,1,0,4,0.83818865,0.16218919,1,1,adulto
ICB_03391_003,ICB_138,copd,AKG C417L Microphone,56.0,1,0,4,0.6529639,0.38690805,1,1,adulto
ICB_03391_004,ICB_138,copd,AKG C417L Microphone,56.0,1,0,4,0.4730477,0.6248803,0,1,adulto
ICB_03392_000,ICB_138,copd,AKG C417L Microphone,56.0,1,0,4,0.72095746,0.49659094,1,1,adulto
ICB_03392_001,ICB_138,copd,AKG C417L Microphone,56.0,1,0,4,0.8038239,0.35503426,1,1,adulto
ICB_03392_002,ICB_138,copd,AKG C417L Microphone,56.0,1,0,4,0.89175534,0.3877421,1,1,adulto
ICB_03392_003,ICB_138,copd,AKG C417L Microphone,56.0,1,0,4,0.80300194,0.1787243,1,1,adulto
ICB_03392_004,ICB_138,copd,AKG C417L Microphone,56.0,1,0,4,0.61476207,0.24034242,0,1,adulto
ICB_03393_000,ICB_138,copd,AKG C417L Microphone,56.0,1,0,4,0.79278356,0.011687181,1,1,adulto
ICB_03393_001,ICB_138,copd,AKG C417L Microphone,56.0,1,0,4,0.7605775,0.23111378,1,1,adulto
ICB_03393_002,ICB_138,copd,AKG C417L Microphone,56.0,1,0,4,0.93779474,0.26319265,1,1,adulto
ICB_03393_003,ICB_138,copd,AKG C417L Microphone,56.0,1,0,4,0.9109331,0.08770418,1,1,adulto
ICB_03393_004,ICB_138,copd,AKG C417L Microphone,56.0,1,0,4,0.92534584,0.045838956,1,1,adulto
ICB_03394_000,ICB_138,copd,AKG C417L Microphone,56.0,0,1,4,0.80154383,0.1629245,1,2,adulto
ICB_03394_001,ICB_138,copd,AKG C417L Microphone,56.0,1,0,4,0.86860317,0.67319894,1,1,adulto
ICB_03394_002,ICB_138,copd,AKG C417L Microphone,56.0,1,0,4,0.7636048,0.08688819,1,1,adulto
ICB_03394_003,ICB_138,copd,AKG C417L Microphone,56.0,1,0,4,0.6364745,0.41767457,0,1,adulto
ICB_03394_004,ICB_138,copd,AKG C417L Microphone,56.0,1,0,4,0.70776373,0.08694862,1,1,adulto
ICB_03395_000,ICB_138,copd,AKG C417L Microphone,56.0,1,0,4,0.9652892,0.028389854,1,1,adulto
ICB_03395_001,ICB_138,copd,AKG C417L Microphone,56.0,1,0,4,0.7123712,0.095793575,1,1,adulto
ICB_03395_002,ICB_138,copd,AKG C417L Microphone,56.0,1,0,4,0.84556603,0.14839573,1,1,adulto
ICB_03395_003,ICB_138,copd,AKG C417L Microphone,56.0,1,0,4,0.91173476,0.14561144,1,1,adulto
ICB_03395_004,ICB_138,copd,AKG C417L Microphone,56.0,1,0,4,0.83671916,0.07955543,1,1,adulto
ICB_03396_000,ICB_138,copd,AKG C417L Microphone,56.0,1,0,4,0.14149271,0.469945,0,1,adulto
ICB_03396_001,ICB_138,copd,AKG C417L Microphone,56.0,0,1,4,0.023252416,0.47516444,0,2,adulto
ICB_03396_002,ICB_138,copd,AKG C417L Microphone,56.0,1,0,4,0.25976735,0.4696812,0,1,adulto
ICB_03396_003,ICB_138,copd,AKG C417L Microphone,56.0,0,0,4,0.35826534,0.023677243,0,0,adulto
ICB_03396_004,ICB_138,copd,AKG C417L Microphone,56.0,0,0,4,0.08426535,0.20555286,0,0,adulto
ICB_03397_000,ICB_138,copd,AKG C417L Microphone,56.0,1,0,4,0.82166725,0.82464343,3,1,adulto
ICB_03397_001,ICB_138,copd,AKG C417L Microphone,56.0,1,0,4,0.80348194,0.8230713,3,1,adulto
ICB_03397_002,ICB_138,copd,AKG C417L Microphone,56.0,1,0,4,0.5008459,0.059886064,0,1,adulto
ICB_03397_003,ICB_138,copd,AKG C417L Microphone,56.0,1,0,4,0.51910675,0.6377895,0,1,adulto
ICB_03397_004,ICB_138,copd,AKG C417L Microphone,56.0,0,0,4,0.698003,0.4109613,1,0,adulto
ICB_03398_000,ICB_138,copd,AKG C417L Microphone,56.0,1,0,4,0.6981027,0.16170827,1,1,adulto
ICB_03398_001,ICB_138,copd,AKG C417L Microphone,56.0,1,0,4,0.7759668,0.5941935,1,1,adulto
ICB_03398_002,ICB_138,copd,AKG C417L Microphone,56.0,1,0,4,0.6301585,0.1919213,0,1,adulto
ICB_03398_003,ICB_138,copd,AKG C417L Microphone,56.0,0,0,4,0.73546225,0.27683216,1,0,adulto
ICB_03398_004,ICB_138,copd,AKG C417L Microphone,56.0,1,0,4,0.94145995,0.06260837,1,1,adulto
ICB_03399_000,ICB_138,copd,AKG C417L Microphone,56.0,1,0,4,0.610588,0.05306962,0,1,adulto
ICB_03399_001,ICB_138,copd,AKG C417L Microphone,56.0,1,0,4,0.75905967,0.035951693,1,1,adulto
ICB_03399_002,ICB_138,copd,AKG C417L Microphone,56.0,1,0,4,0.42145702,0.30442512,0,1,adulto
ICB_03399_003,ICB_138,copd,AKG C417L Microphone,56.0,1,0,4,0.92306066,0.02003454,1,1,adulto
ICB_03399_004,ICB_138,copd,AKG C417L Microphone,56.0,1,0,4,0.37006584,0.08505969,0,1,adulto
ICB_03400_000,ICB_138,copd,AKG C417L Microphone,56.0,1,1,4,0.4641807,0.9329685,2,3,adulto
ICB_03400_001,ICB_138,copd,AKG C417L Microphone,56.0,1,0,4,0.8833956,0.532199,1,1,adulto
ICB_03400_002,ICB_138,copd,AKG C417L Microphone,56.0,1,0,4,0.82334834,0.7615349,3,1,adulto
ICB_03400_003,ICB_138,copd,AKG C417L Microphone,56.0,1,0,4,0.7403906,0.3867184,1,1,adulto
ICB_03400_004,ICB_138,copd,AKG C417L Microphone,56.0,0,0,4,0.90962934,0.08976206,1,0,adulto
ICB_03401_000,ICB_138,copd,AKG C417L Microphone,56.0,1,0,4,0.7482007,0.0771161,1,1,adulto
ICB_03401_001,ICB_138,copd,AKG C417L Microphone,56.0,1,0,4,0.81051505,0.08224151,1,1,adulto
ICB_03401_002,ICB_138,copd,AKG C417L Microphone,56.0,1,0,4,0.8078265,0.08588368,1,1,adulto
ICB_03401_003,ICB_138,copd,AKG C417L Microphone,56.0,1,0,4,0.9532449,0.15057811,1,1,adulto
ICB_03401_004,ICB_138,copd,AKG C417L Microphone,56.0,1,0,4,0.85465854,0.2526877,1,1,adulto
ICB_03402_000,ICB_138,copd,AKG C417L Microphone,56.0,0,0,4,0.10524799,0.13393344,0,0,adulto
ICB_03402_001,ICB_138,copd,AKG C417L Microphone,56.0,0,0,4,0.17897822,0.123518854,0,0,adulto
ICB_03402_002,ICB_138,copd,AKG C417L Microphone,56.0,0,0,4,0.33903778,0.005157932,0,0,adulto
ICB_03402_003,ICB_138,copd,AKG C417L Microphone,56.0,0,0,4,0.2302901,0.11120236,0,0,adulto
ICB_03402_004,ICB_138,copd,AKG C417L Microphone,56.0,0,0,4,0.24045427,0.43743035,0,0,adulto
ICB_03403_000,ICB_138,copd,AKG C417L Microphone,56.0,1,0,4,0.9856903,0.01896153,1,1,adulto
ICB_03403_001,ICB_138,copd,AKG C417L Microphone,56.0,1,0,4,0.8004074,0.028992657,1,1,adulto
ICB_03403_002,ICB_138,copd,AKG C417L Microphone,56.0,1,0,4,0.8927665,0.028835695,1,1,adulto
ICB_03403_003,ICB_138,copd,AKG C417L Microphone,56.0,1,0,4,0.8519581,0.09963946,1,1,adulto
ICB_03403_004,ICB_138,copd,AKG C417L Microphone,56.0,1,0,4,0.9256646,0.015554618,1,1,adulto
ICB_03403_005,ICB_138,copd,AKG C417L Microphone,56.0,1,0,4,0.72514415,0.008807271,1,1,adulto
ICB_03403_006,ICB_138,copd,AKG C417L Microphone,56.0,1,0,4,0.88596404,0.08139553,1,1,adulto
ICB_03404_000,ICB_138,copd,AKG C417L Microphone,56.0,0,0,4,0.3760043,0.074439496,0,0,adulto
ICB_03404_001,ICB_138,copd,AKG C417L Microphone,56.0,1,0,4,0.61048687,0.09041612,0,1,adulto
ICB_03404_002,ICB_138,copd,AKG C417L Microphone,56.0,1,1,4,0.6366637,0.2757417,0,3,adulto
ICB_03404_003,ICB_138,copd,AKG C417L Microphone,56.0,1,0,4,0.37358576,0.009711525,0,1,adulto
ICB_03404_004,ICB_138,copd,AKG C417L Microphone,56.0,1,0,4,0.6834093,0.28158808,1,1,adulto
ICB_03404_005,ICB_138,copd,AKG C417L Microphone,56.0,1,0,4,0.59185827,0.015739208,0,1,adulto
ICB_03404_006,ICB_138,copd,AKG C417L Microphone,56.0,1,1,4,0.26625755,0.0831159,0,3,adulto
ICB_03405_000,ICB_138,copd,AKG C417L Microphone,56.0,0,0,4,0.57710797,0.15427259,0,0,adulto
ICB_03405_001,ICB_138,copd,AKG C417L Microphone,56.0,0,0,4,0.84503806,0.72342014,3,0,adulto
ICB_03405_002,ICB_138,copd,AKG C417L Microphone,56.0,1,0,4,0.9347777,0.053452875,1,1,adulto
ICB_03405_003,ICB_138,copd,AKG C417L Microphone,56.0,0,0,4,0.7131812,0.2893776,1,0,adulto
ICB_03405_004,ICB_138,copd,AKG C417L Microphone,56.0,0,0,4,0.5673188,0.015602063,0,0,adulto
ICB_03405_005,ICB_138,copd,AKG C417L Microphone,56.0,0,0,4,0.8894772,0.40013823,1,0,adulto
ICB_03405_006,ICB_138,copd,AKG C417L Microphone,56.0,0,0,4,0.8230299,0.26009646,1,0,adulto
ICB_03406_000,ICB_138,copd,AKG C417L Microphone,56.0,1,0,4,0.60642165,0.14340925,0,1,adulto
ICB_03406_001,ICB_138,copd,AKG C417L Microphone,56.0,0,0,4,0.8360377,0.2796259,1,0,adulto
ICB_03406_002,ICB_138,copd,AKG C417L Microphone,56.0,1,0,4,0.76142555,0.99432546,3,1,adulto
ICB_03406_003,ICB_138,copd,AKG C417L Microphone,56.0,1,0,4,0.8584874,0.8897747,3,1,adulto
ICB_03406_004,ICB_138,copd,AKG C417L Microphone,56.0,1,0,4,0.6729821,0.62425625,1,1,adulto
ICB_03406_005,ICB_138,copd,AKG C417L Microphone,56.0,0,0,4,0.5159411,0.06868934,0,0,adulto
ICB_03406_006,ICB_138,copd,AKG C417L Microphone,56.0,1,0,4,0.32223806,0.7550927,2,1,adulto
ICB_03407_000,ICB_138,copd,AKG C417L Microphone,56.0,1,0,4,0.8525815,0.023921352,1,1,adulto
ICB_03407_001,ICB_138,copd,AKG C417L Microphone,56.0,1,0,4,0.77695376,0.69179237,1,1,adulto
ICB_03407_002,ICB_138,copd,AKG C417L Microphone,56.0,1,0,4,0.8241596,0.20979252,1,1,adulto
ICB_03407_003,ICB_138,copd,AKG C417L Microphone,56.0,1,0,4,0.81883734,0.93285143,3,1,adulto
ICB_03407_004,ICB_138,copd,AKG C417L Microphone,56.0,1,0,4,0.92247504,0.30583194,1,1,adulto
ICB_03407_005,ICB_138,copd,AKG C417L Microphone,56.0,1,0,4,0.8343374,0.4579842,1,1,adulto
ICB_03407_006,ICB_138,copd,AKG C417L Microphone,56.0,0,0,4,0.52989024,0.2608873,0,0,adulto
ICB_03408_000,ICB_138,copd,AKG C417L Microphone,56.0,1,0,4,0.78502256,0.10218811,1,1,adulto
ICB_03408_001,ICB_138,copd,AKG C417L Microphone,56.0,1,0,4,0.93452275,0.22729003,1,1,adulto
ICB_03408_002,ICB_138,copd,AKG C417L Microphone,56.0,1,1,4,0.67248505,0.80827147,3,3,adulto
ICB_03408_003,ICB_138,copd,AKG C417L Microphone,56.0,1,0,4,0.75683606,0.25143847,1,1,adulto
ICB_03408_004,ICB_138,copd,AKG C417L Microphone,56.0,1,0,4,0.84661496,0.22399153,1,1,adulto
ICB_03408_005,ICB_138,copd,AKG C417L Microphone,56.0,1,0,4,0.86040807,0.3931182,1,1,adulto
ICB_03408_006,ICB_138,copd,AKG C417L Microphone,56.0,1,1,4,0.70373183,0.06158034,1,3,adulto
ICB_03409_000,ICB_138,copd,AKG C417L Microphone,56.0,1,0,4,0.00013223199,3.116379e-05,0,1,adulto
ICB_03409_001,ICB_138,copd,AKG C417L Microphone,56.0,0,0,4,0.51322764,0.30279866,0,0,adulto
ICB_03409_002,ICB_138,copd,AKG C417L Microphone,56.0,1,0,4,0.5756428,0.0007482169,0,1,adulto
ICB_03409_003,ICB_138,copd,AKG C417L Microphone,56.0,0,0,4,0.717202,0.023088187,1,0,adulto
ICB_03409_004,ICB_138,copd,AKG C417L Microphone,56.0,1,0,4,0.5208524,0.016789,0,1,adulto
ICB_03409_005,ICB_138,copd,AKG C417L Microphone,56.0,0,0,4,0.20021774,0.11113174,0,0,adulto
ICB_03409_006,ICB_138,copd,AKG C417L Microphone,56.0,0,0,4,0.25790253,0.00010968687,0,0,adulto
ICB_03416_000,ICB_140,pneumonia,3M Littmann Classic II SE,79.0,0,0,4,0.40948188,0.06457334,0,0,adulto
ICB_03416_001,ICB_140,pneumonia,3M Littmann Classic II SE,79.0,0,0,4,0.37049714,0.45461416,0,0,adulto
ICB_03416_002,ICB_140,pneumonia,3M Littmann Classic II SE,79.0,0,0,4,0.7846633,0.05650478,1,0,adulto
ICB_03416_003,ICB_140,pneumonia,3M Littmann Classic II SE,79.0,0,0,4,0.46161205,0.14561717,0,0,adulto
ICB_03416_004,ICB_140,pneumonia,3M Littmann Classic II SE,79.0,0,0,4,0.5573496,0.061832905,0,0,adulto
ICB_03416_005,ICB_140,pneumonia,3M Littmann Classic II SE,79.0,0,0,4,0.14698863,0.029462129,0,0,adulto
ICB_03416_006,ICB_140,pneumonia,3M Littmann Classic II SE,79.0,1,0,4,0.49889404,0.15705787,0,1,adulto
ICB_03416_007,ICB_140,pneumonia,3M Littmann Classic II SE,79.0,0,0,4,0.48154,0.040997885,0,0,adulto
ICB_03416_008,ICB_140,pneumonia,3M Littmann Classic II SE,79.0,0,0,4,0.52946335,0.064429335,0,0,adulto
ICB_03416_009,ICB_140,pneumonia,3M Littmann Classic II SE,79.0,0,0,4,0.11843004,0.095016785,0,0,adulto
ICB_03416_010,ICB_140,pneumonia,3M Littmann Classic II SE,79.0,0,0,4,0.0025538076,0.102416106,0,0,adulto
ICB_03417_000,ICB_140,pneumonia,3M Littmann Classic II SE,79.0,0,0,4,0.10783262,0.12910205,0,0,adulto
ICB_03417_001,ICB_140,pneumonia,3M Littmann Classic II SE,79.0,1,0,4,0.89876884,0.19819392,1,1,adulto
ICB_03417_002,ICB_140,pneumonia,3M Littmann Classic II SE,79.0,0,0,4,0.67550266,0.21492939,1,0,adulto
ICB_03417_003,ICB_140,pneumonia,3M Littmann Classic II SE,79.0,0,0,4,0.53115964,0.046532772,0,0,adulto
ICB_03417_004,ICB_140,pneumonia,3M Littmann Classic II SE,79.0,0,0,4,0.51483303,0.07467056,0,0,adulto
ICB_03417_005,ICB_140,pneumonia,3M Littmann Classic II SE,79.0,0,0,4,0.9099727,2.32595e-05,1,0,adulto
ICB_03417_006,ICB_140,pneumonia,3M Littmann Classic II SE,79.0,0,0,4,0.70156944,0.09814907,1,0,adulto
ICB_03417_007,ICB_140,pneumonia,3M Littmann Classic II SE,79.0,0,0,4,0.43180317,0.0130879395,0,0,adulto
ICB_03417_008,ICB_140,pneumonia,3M Littmann Classic II SE,79.0,0,0,4,0.89909136,0.013631935,1,0,adulto
ICB_03417_009,ICB_140,pneumonia,3M Littmann Classic II SE,79.0,0,0,4,0.585833,0.030649163,0,0,adulto
ICB_03418_000,ICB_140,pneumonia,3M Littmann Classic II SE,79.0,0,0,4,0.81080306,0.00870751,1,0,adulto
ICB_03418_001,ICB_140,pneumonia,3M Littmann Classic II SE,79.0,0,1,4,0.6324493,0.13236977,0,2,adulto
ICB_03418_002,ICB_140,pneumonia,3M Littmann Classic II SE,79.0,0,1,4,0.4623928,0.27000272,0,2,adulto
ICB_03418_003,ICB_140,pneumonia,3M Littmann Classic II SE,79.0,0,1,4,0.5817007,0.5452306,0,2,adulto
ICB_03418_004,ICB_140,pneumonia,3M Littmann Classic II SE,79.0,0,0,4,0.43943533,0.11696053,0,0,adulto
ICB_03418_005,ICB_140,pneumonia,3M Littmann Classic II SE,79.0,0,0,4,0.5110161,0.13761905,0,0,adulto
ICB_03418_006,ICB_140,pneumonia,3M Littmann Classic II SE,79.0,0,0,4,0.20973064,0.18773767,0,0,adulto
ICB_03418_007,ICB_140,pneumonia,3M Littmann Classic II SE,79.0,0,0,4,0.4028785,0.23529565,0,0,adulto
ICB_03418_008,ICB_140,pneumonia,3M Littmann Classic II SE,79.0,0,0,4,0.16329665,0.22019498,0,0,adulto
ICB_03419_000,ICB_140,pneumonia,3M Littmann Classic II SE,79.0,0,0,4,0.64968663,0.36576664,0,0,adulto
ICB_03419_001,ICB_140,pneumonia,3M Littmann Classic II SE,79.0,0,1,4,0.62274075,0.9553408,2,2,adulto
ICB_03419_002,ICB_140,pneumonia,3M Littmann Classic II SE,79.0,0,1,4,0.35708204,0.22571185,0,2,adulto
ICB_03419_003,ICB_140,pneumonia,3M Littmann Classic II SE,79.0,0,1,4,0.9359086,1.3567433e-05,1,2,adulto
ICB_03419_004,ICB_140,pneumonia,3M Littmann Classic II SE,79.0,0,1,4,0.3925484,0.009298699,0,2,adulto
ICB_03419_005,ICB_140,pneumonia,3M Littmann Classic II SE,79.0,0,0,4,0.5963803,0.0019372782,0,0,adulto
ICB_03419_006,ICB_140,pneumonia,3M Littmann Classic II SE,79.0,0,0,4,0.62367964,0.23802102,0,0,adulto
ICB_03419_007,ICB_140,pneumonia,3M Littmann Classic II SE,79.0,0,1,4,0.23577058,0.02091049,0,2,adulto
ICB_03419_008,ICB_140,pneumonia,3M Littmann Classic II SE,79.0,0,1,4,0.3050102,0.18115649,0,2,adulto
ICB_03419_009,ICB_140,pneumonia,3M Littmann Classic II SE,79.0,0,0,4,0.020377561,0.010795857,0,0,adulto
ICB_03420_000,ICB_141,copd,3M Littmann Classic II SE,66.0,0,0,4,0.9671842,0.15746784,1,0,adulto
ICB_03420_001,ICB_141,copd,3M Littmann Classic II SE,66.0,0,1,4,0.00026873688,0.0140531575,0,2,adulto
ICB_03420_002,ICB_141,copd,3M Littmann Classic II SE,66.0,0,1,4,0.3206267,0.9826088,2,2,adulto
ICB_03420_003,ICB_141,copd,3M Littmann Classic II SE,66.0,1,1,4,0.40848982,0.993389,2,3,adulto
ICB_03420_004,ICB_141,copd,3M Littmann Classic II SE,66.0,0,1,4,0.0054356335,0.22482231,0,2,adulto
ICB_03421_000,ICB_141,copd,3M Littmann Classic II SE,66.0,0,0,4,0.38284203,0.05925599,0,0,adulto
ICB_03421_001,ICB_141,copd,3M Littmann Classic II SE,66.0,0,0,4,0.21426757,0.2338592,0,0,adulto
ICB_03421_002,ICB_141,copd,3M Littmann Classic II SE,66.0,0,1,4,0.83158857,0.89748245,3,2,adulto
ICB_03421_003,ICB_141,copd,3M Littmann Classic II SE,66.0,1,1,4,0.19301914,0.5368172,0,3,adulto
ICB_03421_004,ICB_141,copd,3M Littmann Classic II SE,66.0,0,1,4,0.35669228,0.51842284,0,2,adulto
ICB_03421_005,ICB_141,copd,3M Littmann Classic II SE,66.0,0,0,4,0.046300597,0.26873806,0,0,adulto
ICB_03422_000,ICB_141,copd,3M Littmann Classic II SE,66.0,0,0,4,0.21134445,0.087046355,0,0,adulto
ICB_03422_001,ICB_141,copd,3M Littmann Classic II SE,66.0,0,1,4,0.3575318,0.8702504,2,2,adulto
ICB_03422_002,ICB_141,copd,3M Littmann Classic II SE,66.0,0,1,4,0.24730313,0.8888857,2,2,adulto
ICB_03422_003,ICB_141,copd,3M Littmann Classic II SE,66.0,0,1,4,0.1708105,0.93138814,2,2,adulto
ICB_03422_004,ICB_141,copd,3M Littmann Classic II SE,66.0,0,1,4,0.17906791,0.82754135,2,2,adulto
ICB_03423_000,ICB_141,copd,3M Littmann Classic II SE,66.0,0,0,4,0.022389315,0.44985962,0,0,adulto
ICB_03423_001,ICB_141,copd,3M Littmann Classic II SE,66.0,1,1,4,0.23840365,0.9012787,2,3,adulto
ICB_03423_002,ICB_141,copd,3M Littmann Classic II SE,66.0,1,1,4,1.9735708e-05,3.3387252e-08,0,3,adulto
ICB_03423_003,ICB_141,copd,3M Littmann Classic II SE,66.0,0,1,4,0.2035165,0.99982566,2,2,adulto
ICB_03423_004,ICB_141,copd,3M Littmann Classic II SE,66.0,1,1,4,1.2228253e-08,8.329381e-15,0,3,adulto
ICB_03423_005,ICB_141,copd,3M Littmann Classic II SE,66.0,0,1,4,0.042425744,0.89809,2,2,adulto
ICB_03424_000,ICB_141,copd,3M Littmann Classic II SE,66.0,0,0,4,0.18692537,0.06462506,0,0,adulto
ICB_03424_001,ICB_141,copd,3M Littmann Classic II SE,66.0,0,0,4,0.09709351,0.12517491,0,0,adulto
ICB_03424_002,ICB_141,copd,3M Littmann Classic II SE,66.0,0,0,4,0.18431549,0.03514777,0,0,adulto
ICB_03424_003,ICB_141,copd,3M Littmann Classic II SE,66.0,0,0,4,0.3829757,0.015634561,0,0,adulto
ICB_03424_004,ICB_141,copd,3M Littmann Classic II SE,66.0,0,0,4,0.6322405,0.39305574,0,0,adulto
ICB_03425_000,ICB_141,copd,3M Littmann Classic II SE,66.0,0,0,4,0.5237925,0.09221527,0,0,adulto
ICB_03425_001,ICB_141,copd,3M Littmann Classic II SE,66.0,0,1,4,0.328622,0.4504863,0,2,adulto
ICB_03425_002,ICB_141,copd,3M Littmann Classic II SE,66.0,0,1,4,0.25034747,0.43905342,0,2,adulto
ICB_03425_003,ICB_141,copd,3M Littmann Classic II SE,66.0,0,1,4,0.6450492,0.7771388,2,2,adulto
ICB_03425_004,ICB_141,copd,3M Littmann Classic II SE,66.0,0,1,4,0.7478756,0.5235003,1,2,adulto
ICB_03426_000,ICB_141,copd,3M Littmann Classic II SE,66.0,0,0,4,0.6636856,0.058082085,1,0,adulto
ICB_03426_001,ICB_141,copd,3M Littmann Classic II SE,66.0,0,1,4,0.33567414,0.6996742,0,2,adulto
ICB_03426_002,ICB_141,copd,3M Littmann Classic II SE,66.0,0,0,4,0.6853067,0.82546437,3,0,adulto
ICB_03426_003,ICB_141,copd,3M Littmann Classic II SE,66.0,0,1,4,0.35151416,0.72100174,2,2,adulto
ICB_03426_004,ICB_141,copd,3M Littmann Classic II SE,66.0,0,1,4,0.7794656,0.87848943,3,2,adulto
ICB_03427_000,ICB_141,copd,3M Littmann Classic II SE,66.0,1,1,4,0.24353279,0.9785275,2,3,adulto
ICB_03427_001,ICB_141,copd,3M Littmann Classic II SE,66.0,1,1,4,0.06479711,0.10107296,0,3,adulto
ICB_03427_002,ICB_141,copd,3M Littmann Classic II SE,66.0,1,1,4,0.04303644,0.96609515,2,3,adulto
ICB_03427_003,ICB_141,copd,3M Littmann Classic II SE,66.0,1,1,4,0.42368206,0.99835277,2,3,adulto
ICB_03427_004,ICB_141,copd,3M Littmann Classic II SE,66.0,1,1,4,0.06071207,0.9798907,2,3,adulto
ICB_03427_005,ICB_141,copd,3M Littmann Classic II SE,66.0,1,1,4,0.044258162,0.7931644,2,3,adulto
ICB_03470_000,ICB_150,respiratory_infection,AKG C417L Microphone,0.67,1,0,4,0.003852473,0.0035828417,0,1,pediátrico (<18)
ICB_03470_001,ICB_150,respiratory_infection,AKG C417L Microphone,0.67,1,0,4,0.0051705684,0.20110314,0,1,pediátrico (<18)
ICB_03470_002,ICB_150,respiratory_infection,AKG C417L Microphone,0.67,1,0,4,0.32132885,0.07132472,0,1,pediátrico (<18)
ICB_03470_003,ICB_150,respiratory_infection,AKG C417L Microphone,0.67,1,0,4,0.40875295,0.0480835,0,1,pediátrico (<18)
ICB_03470_004,ICB_150,respiratory_infection,AKG C417L Microphone,0.67,0,0,4,0.22947778,0.15504956,0,0,pediátrico (<18)
ICB_03470_005,ICB_150,respiratory_infection,AKG C417L Microphone,0.67,1,0,4,0.023020653,0.0029759337,0,1,pediátrico (<18)
ICB_03470_006,ICB_150,respiratory_infection,AKG C417L Microphone,0.67,1,0,4,0.057539858,0.07940889,0,1,pediátrico (<18)
ICB_03470_007,ICB_150,respiratory_infection,AKG C417L Microphone,0.67,1,0,4,0.07456359,0.13369244,0,1,pediátrico (<18)
ICB_03470_008,ICB_150,respiratory_infection,AKG C417L Microphone,0.67,1,0,4,0.06358049,0.018810755,0,1,pediátrico (<18)
ICB_03470_009,ICB_150,respiratory_infection,AKG C417L Microphone,0.67,0,0,4,0.066131234,0.0030332925,0,0,pediátrico (<18)
ICB_03470_010,ICB_150,respiratory_infection,AKG C417L Microphone,0.67,1,0,4,0.13518451,0.4002803,0,1,pediátrico (<18)
ICB_03470_011,ICB_150,respiratory_infection,AKG C417L Microphone,0.67,0,0,4,0.03607493,0.004175283,0,0,pediátrico (<18)
ICB_03470_012,ICB_150,respiratory_infection,AKG C417L Microphone,0.67,0,0,4,0.020877363,0.011703942,0,0,pediátrico (<18)
ICB_03470_013,ICB_150,respiratory_infection,AKG C417L Microphone,0.67,0,0,4,0.06716715,0.026332797,0,0,pediátrico (<18)
ICB_03470_014,ICB_150,respiratory_infection,AKG C417L Microphone,0.67,0,1,4,0.00045602175,0.72157305,2,2,pediátrico (<18)
ICB_03470_015,ICB_150,respiratory_infection,AKG C417L Microphone,0.67,0,0,4,0.006246446,0.009709911,0,0,pediátrico (<18)
ICB_03470_016,ICB_150,respiratory_infection,AKG C417L Microphone,0.67,0,0,4,0.0451141,0.02807287,0,0,pediátrico (<18)
ICB_03500_000,ICB_153,normal_lung,3M Littmann Classic II SE,3.0,0,0,4,0.45248547,0.095815465,0,0,pediátrico (<18)
ICB_03500_001,ICB_153,normal_lung,3M Littmann Classic II SE,3.0,0,0,4,0.494335,0.025853202,0,0,pediátrico (<18)
ICB_03500_002,ICB_153,normal_lung,3M Littmann Classic II SE,3.0,0,0,4,0.60322565,0.089939415,0,0,pediátrico (<18)
ICB_03500_003,ICB_153,normal_lung,3M Littmann Classic II SE,3.0,0,0,4,0.8003098,0.050221547,1,0,pediátrico (<18)
ICB_03500_004,ICB_153,normal_lung,3M Littmann Classic II SE,3.0,0,0,4,0.46241075,0.06313332,0,0,pediátrico (<18)
ICB_03500_005,ICB_153,normal_lung,3M Littmann Classic II SE,3.0,0,0,4,0.743208,0.053012885,1,0,pediátrico (<18)
ICB_03500_006,ICB_153,normal_lung,3M Littmann Classic II SE,3.0,0,0,4,0.7761035,0.024868391,1,0,pediátrico (<18)
ICB_03500_007,ICB_153,normal_lung,3M Littmann Classic II SE,3.0,0,0,4,0.19007502,0.21899594,0,0,pediátrico (<18)
ICB_03500_008,ICB_153,normal_lung,3M Littmann Classic II SE,3.0,0,0,4,0.0979923,0.22345933,0,0,pediátrico (<18)
ICB_03525_000,ICB_156,copd,AKG C417L Microphone,80.0,1,1,4,0.12615629,0.4254363,0,3,adulto
ICB_03525_001,ICB_156,copd,AKG C417L Microphone,80.0,1,1,4,0.12876526,0.6724536,0,3,adulto
ICB_03525_002,ICB_156,copd,AKG C417L Microphone,80.0,1,0,4,0.2848622,0.8952798,2,1,adulto
ICB_03525_003,ICB_156,copd,AKG C417L Microphone,80.0,1,1,4,0.37807292,0.5580269,0,3,adulto
ICB_03525_004,ICB_156,copd,AKG C417L Microphone,80.0,1,1,4,0.5144752,0.87206584,2,3,adulto
ICB_03525_005,ICB_156,copd,AKG C417L Microphone,80.0,1,1,4,0.38338822,0.80394846,2,3,adulto
ICB_03526_000,ICB_156,copd,AKG C417L Microphone,80.0,0,1,4,0.204852,0.14747745,0,2,adulto
ICB_03526_001,ICB_156,copd,AKG C417L Microphone,80.0,1,1,4,0.06434842,0.5704476,0,3,adulto
ICB_03526_002,ICB_156,copd,AKG C417L Microphone,80.0,1,0,4,0.39090016,0.027811624,0,1,adulto
ICB_03526_003,ICB_156,copd,AKG C417L Microphone,80.0,0,0,4,0.15675712,0.36022943,0,0,adulto
ICB_03526_004,ICB_156,copd,AKG C417L Microphone,80.0,1,0,4,0.16775994,0.10896106,0,1,adulto
ICB_03526_005,ICB_156,copd,AKG C417L Microphone,80.0,1,0,4,0.28912166,0.13880357,0,1,adulto
ICB_03527_000,ICB_156,copd,AKG C417L Microphone,80.0,1,1,4,0.1731547,0.7720506,2,3,adulto
ICB_03527_001,ICB_156,copd,AKG C417L Microphone,80.0,1,1,4,0.3053738,0.80869156,2,3,adulto
ICB_03527_002,ICB_156,copd,AKG C417L Microphone,80.0,1,1,4,0.38906324,0.9306986,2,3,adulto
ICB_03527_003,ICB_156,copd,AKG C417L Microphone,80.0,1,1,4,0.34303942,0.8299409,2,3,adulto
ICB_03527_004,ICB_156,copd,AKG C417L Microphone,80.0,1,1,4,0.29196185,0.54361373,0,3,adulto
ICB_03527_005,ICB_156,copd,AKG C417L Microphone,80.0,1,1,4,0.72760004,0.9054236,3,3,adulto
ICB_03528_000,ICB_156,copd,AKG C417L Microphone,80.0,1,1,4,0.31758973,0.3142047,0,3,adulto
ICB_03528_001,ICB_156,copd,AKG C417L Microphone,80.0,1,1,4,0.4398939,0.96362454,2,3,adulto
ICB_03528_002,ICB_156,copd,AKG C417L Microphone,80.0,1,0,4,0.3892096,0.50951976,0,1,adulto
ICB_03528_003,ICB_156,copd,AKG C417L Microphone,80.0,1,0,4,0.4773719,0.75420314,2,1,adulto
ICB_03528_004,ICB_156,copd,AKG C417L Microphone,80.0,1,0,4,0.21623619,0.6668324,0,1,adulto
ICB_03528_005,ICB_156,copd,AKG C417L Microphone,80.0,1,1,4,0.38073415,0.572523,0,3,adulto
ICB_03529_000,ICB_156,copd,AKG C417L Microphone,80.0,1,1,4,0.13959411,0.22218761,0,3,adulto
ICB_03529_001,ICB_156,copd,AKG C417L Microphone,80.0,1,1,4,0.14508185,0.5845313,0,3,adulto
ICB_03529_002,ICB_156,copd,AKG C417L Microphone,80.0,1,0,4,0.11975451,0.59242463,0,1,adulto
ICB_03529_003,ICB_156,copd,AKG C417L Microphone,80.0,1,1,4,0.07955422,0.85348773,2,3,adulto
ICB_03529_004,ICB_156,copd,AKG C417L Microphone,80.0,1,1,4,0.25488037,0.72894627,2,3,adulto
ICB_03529_005,ICB_156,copd,AKG C417L Microphone,80.0,1,1,4,0.102792546,0.6899973,0,3,adulto
ICB_03530_000,ICB_156,copd,AKG C417L Microphone,80.0,1,0,4,0.45416227,0.024088234,0,1,adulto
ICB_03530_001,ICB_156,copd,AKG C417L Microphone,80.0,1,0,4,0.30053252,0.74619865,2,1,adulto
ICB_03530_002,ICB_156,copd,AKG C417L Microphone,80.0,1,0,4,0.6661522,0.62587494,1,1,adulto
ICB_03530_003,ICB_156,copd,AKG C417L Microphone,80.0,1,0,4,0.47176,0.8710171,2,1,adulto
ICB_03530_004,ICB_156,copd,AKG C417L Microphone,80.0,1,0,4,0.25021148,0.11292935,0,1,adulto
ICB_03530_005,ICB_156,copd,AKG C417L Microphone,80.0,1,0,4,0.44175145,0.53210086,0,1,adulto
ICB_03531_000,ICB_156,copd,AKG C417L Microphone,80.0,0,1,4,0.32139266,0.4944927,0,2,adulto
ICB_03531_001,ICB_156,copd,AKG C417L Microphone,80.0,1,1,4,0.43148205,0.03557395,0,3,adulto
ICB_03531_002,ICB_156,copd,AKG C417L Microphone,80.0,1,1,4,0.30753592,0.12214973,0,3,adulto
ICB_03531_003,ICB_156,copd,AKG C417L Microphone,80.0,1,1,4,0.59520805,0.067403845,0,3,adulto
ICB_03531_004,ICB_156,copd,AKG C417L Microphone,80.0,1,1,4,0.4598333,0.023613054,0,3,adulto
ICB_03531_005,ICB_156,copd,AKG C417L Microphone,80.0,1,1,4,0.84055084,0.035281457,1,3,adulto
ICB_03531_006,ICB_156,copd,AKG C417L Microphone,80.0,1,1,4,0.74416983,0.16460061,1,3,adulto
ICB_03531_007,ICB_156,copd,AKG C417L Microphone,80.0,1,1,4,0.8619238,0.3495433,1,3,adulto
ICB_03531_008,ICB_156,copd,AKG C417L Microphone,80.0,1,1,4,0.6433312,0.3631049,0,3,adulto
ICB_03532_000,ICB_156,copd,AKG C417L Microphone,80.0,0,1,4,0.10202205,0.49587616,0,2,adulto
ICB_03532_001,ICB_156,copd,AKG C417L Microphone,80.0,1,1,4,0.3618271,0.0057031,0,3,adulto
ICB_03532_002,ICB_156,copd,AKG C417L Microphone,80.0,1,1,4,0.0812484,0.4982908,0,3,adulto
ICB_03532_003,ICB_156,copd,AKG C417L Microphone,80.0,0,1,4,0.100457884,0.7027738,2,2,adulto
ICB_03532_004,ICB_156,copd,AKG C417L Microphone,80.0,1,1,4,0.0018014001,0.45732036,0,3,adulto
ICB_03532_005,ICB_156,copd,AKG C417L Microphone,80.0,1,1,4,0.07346619,0.45676485,0,3,adulto
ICB_03532_006,ICB_156,copd,AKG C417L Microphone,80.0,1,1,4,0.24578767,0.039680846,0,3,adulto
ICB_03532_007,ICB_156,copd,AKG C417L Microphone,80.0,1,1,4,0.08976291,0.37349233,0,3,adulto
ICB_03532_008,ICB_156,copd,AKG C417L Microphone,80.0,1,1,4,0.64619267,0.010481982,0,3,adulto
ICB_03533_000,ICB_156,copd,AKG C417L Microphone,80.0,1,1,4,0.7815155,0.7099707,3,3,adulto
ICB_03533_001,ICB_156,copd,AKG C417L Microphone,80.0,1,1,4,0.38319775,0.15711588,0,3,adulto
ICB_03533_002,ICB_156,copd,AKG C417L Microphone,80.0,1,0,4,0.84855187,0.20964386,1,1,adulto
ICB_03533_003,ICB_156,copd,AKG C417L Microphone,80.0,1,0,4,0.75629735,0.7593925,3,1,adulto
ICB_03533_004,ICB_156,copd,AKG C417L Microphone,80.0,1,0,4,0.5345993,0.32738566,0,1,adulto
ICB_03533_005,ICB_156,copd,AKG C417L Microphone,80.0,1,0,4,0.17112489,0.114564136,0,1,adulto
ICB_03533_006,ICB_156,copd,AKG C417L Microphone,80.0,1,0,4,0.66428363,0.010646689,1,1,adulto
ICB_03533_007,ICB_156,copd,AKG C417L Microphone,80.0,1,0,4,0.64581215,0.02024156,0,1,adulto
ICB_03533_008,ICB_156,copd,AKG C417L Microphone,80.0,1,0,4,0.8086391,0.031161275,1,1,adulto
ICB_03534_000,ICB_156,copd,AKG C417L Microphone,80.0,1,0,4,0.0007180876,0.0046963054,0,1,adulto
ICB_03534_001,ICB_156,copd,AKG C417L Microphone,80.0,1,1,4,0.16387266,0.087473445,0,3,adulto
ICB_03534_002,ICB_156,copd,AKG C417L Microphone,80.0,1,1,4,0.7763037,0.072228864,1,3,adulto
ICB_03534_003,ICB_156,copd,AKG C417L Microphone,80.0,1,1,4,0.79226273,0.029899437,1,3,adulto
ICB_03534_004,ICB_156,copd,AKG C417L Microphone,80.0,1,1,4,0.23721357,0.17030036,0,3,adulto
ICB_03534_005,ICB_156,copd,AKG C417L Microphone,80.0,1,1,4,0.21439366,0.104638115,0,3,adulto
ICB_03534_006,ICB_156,copd,AKG C417L Microphone,80.0,1,1,4,0.41912732,0.53414714,0,3,adulto
ICB_03534_007,ICB_156,copd,AKG C417L Microphone,80.0,1,1,4,0.74724185,0.21224083,1,3,adulto
ICB_03534_008,ICB_156,copd,AKG C417L Microphone,80.0,1,1,4,0.3557782,0.063548446,0,3,adulto
ICB_03535_000,ICB_156,copd,AKG C417L Microphone,80.0,1,1,4,0.62987083,0.70863867,2,3,adulto
ICB_03535_001,ICB_156,copd,AKG C417L Microphone,80.0,1,1,4,0.71203727,0.4765966,1,3,adulto
ICB_03535_002,ICB_156,copd,AKG C417L Microphone,80.0,1,1,4,0.5985602,0.809176,2,3,adulto
ICB_03535_003,ICB_156,copd,AKG C417L Microphone,80.0,1,1,4,0.668414,0.85554075,3,3,adulto
ICB_03535_004,ICB_156,copd,AKG C417L Microphone,80.0,1,1,4,0.51652104,0.85062426,2,3,adulto
ICB_03535_005,ICB_156,copd,AKG C417L Microphone,80.0,1,1,4,0.78463244,0.7165941,3,3,adulto
ICB_03535_006,ICB_156,copd,AKG C417L Microphone,80.0,1,0,4,0.21386728,0.7377066,2,1,adulto
ICB_03535_007,ICB_156,copd,AKG C417L Microphone,80.0,1,1,4,0.5503464,0.19620982,0,3,adulto
ICB_03535_008,ICB_156,copd,AKG C417L Microphone,80.0,1,0,4,0.7025295,0.91708887,3,1,adulto
ICB_03536_000,ICB_156,copd,AKG C417L Microphone,80.0,1,1,4,0.53540367,0.33132944,0,3,adulto
ICB_03536_001,ICB_156,copd,AKG C417L Microphone,80.0,1,1,4,0.6056037,0.44879395,0,3,adulto
ICB_03536_002,ICB_156,copd,AKG C417L Microphone,80.0,1,1,4,0.86744726,0.3770869,1,3,adulto
ICB_03536_003,ICB_156,copd,AKG C417L Microphone,80.0,1,1,4,0.7081261,0.80410975,3,3,adulto
ICB_03536_004,ICB_156,copd,AKG C417L Microphone,80.0,1,1,4,0.35771322,0.96188504,2,3,adulto
ICB_03536_005,ICB_156,copd,AKG C417L Microphone,80.0,1,1,4,0.08775216,0.019567788,0,3,adulto
ICB_03536_006,ICB_156,copd,AKG C417L Microphone,80.0,1,1,4,0.6163879,0.6912055,0,3,adulto
ICB_03536_007,ICB_156,copd,AKG C417L Microphone,80.0,1,1,4,0.7709624,0.47209457,1,3,adulto
ICB_03536_008,ICB_156,copd,AKG C417L Microphone,80.0,1,1,4,0.51671207,0.9951173,2,3,adulto
ICB_03537_000,ICB_156,copd,AKG C417L Microphone,80.0,0,0,4,0.39250454,0.04797624,0,0,adulto
ICB_03537_001,ICB_156,copd,AKG C417L Microphone,80.0,1,1,4,0.66425604,0.7393189,3,3,adulto
ICB_03537_002,ICB_156,copd,AKG C417L Microphone,80.0,1,1,4,0.40389624,0.18664643,0,3,adulto
ICB_03537_003,ICB_156,copd,AKG C417L Microphone,80.0,1,1,4,0.5675636,0.23165353,0,3,adulto
ICB_03537_004,ICB_156,copd,AKG C417L Microphone,80.0,1,1,4,0.37123135,0.5511027,0,3,adulto
ICB_03537_005,ICB_156,copd,AKG C417L Microphone,80.0,0,1,4,0.5847838,0.45674232,0,2,adulto
ICB_03537_006,ICB_156,copd,AKG C417L Microphone,80.0,0,1,4,0.09064494,0.4635694,0,2,adulto
ICB_03537_007,ICB_156,copd,AKG C417L Microphone,80.0,0,1,4,0.47728986,0.6474485,0,2,adulto
ICB_03538_000,ICB_156,copd,AKG C417L Microphone,80.0,1,0,4,0.010725661,0.13327886,0,1,adulto
ICB_03538_001,ICB_156,copd,AKG C417L Microphone,80.0,0,1,4,0.13197678,0.2791314,0,2,adulto
ICB_03538_002,ICB_156,copd,AKG C417L Microphone,80.0,0,1,4,0.018819517,0.5868409,0,2,adulto
ICB_03538_003,ICB_156,copd,AKG C417L Microphone,80.0,0,1,4,0.054853797,0.11051062,0,2,adulto
ICB_03538_004,ICB_156,copd,AKG C417L Microphone,80.0,0,1,4,0.33465677,0.20938836,0,2,adulto
ICB_03538_005,ICB_156,copd,AKG C417L Microphone,80.0,0,0,4,0.3481397,0.0021065422,0,0,adulto
ICB_03538_006,ICB_156,copd,AKG C417L Microphone,80.0,0,1,4,0.12558576,0.40878484,0,2,adulto
ICB_03538_007,ICB_156,copd,AKG C417L Microphone,80.0,0,1,4,0.28243077,0.13268659,0,2,adulto
ICB_03539_000,ICB_156,copd,AKG C417L Microphone,80.0,1,0,4,0.54649246,0.6054993,0,1,adulto
ICB_03539_001,ICB_156,copd,AKG C417L Microphone,80.0,1,1,4,0.4946881,0.2000883,0,3,adulto
ICB_03539_002,ICB_156,copd,AKG C417L Microphone,80.0,1,1,4,0.43595877,0.47191483,0,3,adulto
ICB_03539_003,ICB_156,copd,AKG C417L Microphone,80.0,1,1,4,0.3990846,0.05662886,0,3,adulto
ICB_03539_004,ICB_156,copd,AKG C417L Microphone,80.0,1,1,4,0.5107451,0.9549347,2,3,adulto
ICB_03539_005,ICB_156,copd,AKG C417L Microphone,80.0,1,1,4,0.55042475,0.13042274,0,3,adulto
ICB_03539_006,ICB_156,copd,AKG C417L Microphone,80.0,1,1,4,0.16079566,0.5749121,0,3,adulto
ICB_03539_007,ICB_156,copd,AKG C417L Microphone,80.0,1,1,4,0.25062656,0.2695782,0,3,adulto
ICB_03540_000,ICB_156,copd,AKG C417L Microphone,80.0,0,0,4,0.0065307794,0.2326929,0,0,adulto
ICB_03540_001,ICB_156,copd,AKG C417L Microphone,80.0,0,0,4,0.15964706,0.6145086,0,0,adulto
ICB_03540_002,ICB_156,copd,AKG C417L Microphone,80.0,0,0,4,0.13925132,0.025765143,0,0,adulto
ICB_03540_003,ICB_156,copd,AKG C417L Microphone,80.0,0,0,4,0.0344473,0.03973674,0,0,adulto
ICB_03540_004,ICB_156,copd,AKG C417L Microphone,80.0,0,0,4,0.026920492,0.6765398,0,0,adulto
ICB_03540_005,ICB_156,copd,AKG C417L Microphone,80.0,0,0,4,0.11220506,0.17052224,0,0,adulto
ICB_03540_006,ICB_156,copd,AKG C417L Microphone,80.0,0,0,4,0.6201015,0.03700011,0,0,adulto
ICB_03540_007,ICB_156,copd,AKG C417L Microphone,80.0,0,1,4,0.22744218,0.40248978,0,2,adulto
ICB_03541_000,ICB_156,copd,AKG C417L Microphone,80.0,1,0,4,0.81975126,0.14217532,1,1,adulto
ICB_03541_001,ICB_156,copd,AKG C417L Microphone,80.0,0,1,4,0.28438815,0.597393,0,2,adulto
ICB_03541_002,ICB_156,copd,AKG C417L Microphone,80.0,1,1,4,0.3071892,0.24324499,0,3,adulto
ICB_03541_003,ICB_156,copd,AKG C417L Microphone,80.0,1,1,4,0.50865346,0.3578825,0,3,adulto
ICB_03541_004,ICB_156,copd,AKG C417L Microphone,80.0,1,1,4,0.2680641,0.89224666,2,3,adulto
ICB_03541_005,ICB_156,copd,AKG C417L Microphone,80.0,1,0,4,0.6898368,0.42301545,1,1,adulto
ICB_03541_006,ICB_156,copd,AKG C417L Microphone,80.0,1,1,4,0.54063284,0.47885457,0,3,adulto
ICB_03541_007,ICB_156,copd,AKG C417L Microphone,80.0,1,1,4,0.21696015,0.1301599,0,3,adulto
ICB_03600_000,ICB_162,copd,AKG C417L Microphone,67.0,0,0,4,0.52081,0.073229834,0,0,adulto
ICB_03600_001,ICB_162,copd,AKG C417L Microphone,67.0,0,0,4,0.3813747,0.046526562,0,0,adulto
ICB_03600_002,ICB_162,copd,AKG C417L Microphone,67.0,0,0,4,0.5560311,0.20635593,0,0,adulto
ICB_03601_000,ICB_162,copd,AKG C417L Microphone,67.0,0,0,4,0.2841073,0.07826871,0,0,adulto
ICB_03601_001,ICB_162,copd,AKG C417L Microphone,67.0,1,1,4,0.32678306,0.5260917,0,3,adulto
ICB_03601_002,ICB_162,copd,AKG C417L Microphone,67.0,0,0,4,0.4491628,0.10883171,0,0,adulto
ICB_03602_000,ICB_162,copd,AKG C417L Microphone,67.0,0,0,4,0.71165234,0.012856822,1,0,adulto
ICB_03602_001,ICB_162,copd,AKG C417L Microphone,67.0,0,0,4,0.53701186,0.05747498,0,0,adulto
ICB_03602_002,ICB_162,copd,AKG C417L Microphone,67.0,0,0,4,0.43437237,0.28168985,0,0,adulto
ICB_03603_000,ICB_162,copd,AKG C417L Microphone,67.0,0,0,4,0.14786804,0.1504279,0,0,adulto
ICB_03603_001,ICB_162,copd,AKG C417L Microphone,67.0,0,0,4,0.15027373,0.028222993,0,0,adulto
ICB_03603_002,ICB_162,copd,AKG C417L Microphone,67.0,0,0,4,0.52106833,0.49222115,0,0,adulto
ICB_03604_000,ICB_162,copd,AKG C417L Microphone,67.0,0,0,4,0.3776224,0.1601523,0,0,adulto
ICB_03604_001,ICB_162,copd,AKG C417L Microphone,67.0,0,0,4,0.3035047,0.46846658,0,0,adulto
ICB_03604_002,ICB_162,copd,AKG C417L Microphone,67.0,0,0,4,0.58770066,0.8030495,2,0,adulto
ICB_03605_000,ICB_162,copd,AKG C417L Microphone,67.0,0,0,4,0.31528726,0.8478075,2,0,adulto
ICB_03605_001,ICB_162,copd,AKG C417L Microphone,67.0,0,0,4,0.8239535,0.47259843,1,0,adulto
ICB_03605_002,ICB_162,copd,AKG C417L Microphone,67.0,0,0,4,0.67724866,0.76921326,3,0,adulto
ICB_03606_000,ICB_162,copd,AKG C417L Microphone,67.0,1,0,4,0.47797874,0.055891715,0,1,adulto
ICB_03606_001,ICB_162,copd,AKG C417L Microphone,67.0,1,0,4,0.7983744,0.04085757,1,1,adulto
ICB_03606_002,ICB_162,copd,AKG C417L Microphone,67.0,1,0,4,0.48154074,0.090522625,0,1,adulto
ICB_03607_000,ICB_162,copd,AKG C417L Microphone,67.0,0,0,4,0.08284159,0.80054283,2,0,adulto
ICB_03607_001,ICB_162,copd,AKG C417L Microphone,67.0,0,0,4,0.5278231,0.89580727,2,0,adulto
ICB_03607_002,ICB_162,copd,AKG C417L Microphone,67.0,0,0,4,0.5243782,0.91713536,2,0,adulto
ICB_03607_003,ICB_162,copd,AKG C417L Microphone,67.0,0,0,4,0.56191486,0.17946495,0,0,adulto
ICB_03608_000,ICB_162,copd,AKG C417L Microphone,67.0,0,0,4,0.19954932,0.87228674,2,0,adulto
ICB_03608_001,ICB_162,copd,AKG C417L Microphone,67.0,0,0,4,0.48454043,0.91119564,2,0,adulto
ICB_03608_002,ICB_162,copd,AKG C417L Microphone,67.0,0,0,4,0.587579,0.89381677,2,0,adulto
ICB_03608_003,ICB_162,copd,AKG C417L Microphone,67.0,0,0,4,0.7254714,0.89518875,3,0,adulto
ICB_03609_000,ICB_162,copd,AKG C417L Microphone,67.0,0,0,4,0.34195954,0.7549301,2,0,adulto
ICB_03609_001,ICB_162,copd,AKG C417L Microphone,67.0,0,0,4,0.78496534,0.8499068,3,0,adulto
ICB_03609_002,ICB_162,copd,AKG C417L Microphone,67.0,0,0,4,0.39047128,0.9637482,2,0,adulto
ICB_03609_003,ICB_162,copd,AKG C417L Microphone,67.0,0,0,4,0.61980546,0.91378474,2,0,adulto
ICB_03610_000,ICB_162,copd,AKG C417L Microphone,67.0,0,0,4,0.15776515,0.6590342,0,0,adulto
ICB_03610_001,ICB_162,copd,AKG C417L Microphone,67.0,0,0,4,0.67388594,0.620284,1,0,adulto
ICB_03610_002,ICB_162,copd,AKG C417L Microphone,67.0,0,0,4,0.3944972,0.9875804,2,0,adulto
ICB_03610_003,ICB_162,copd,AKG C417L Microphone,67.0,0,0,4,0.22382523,0.835492,2,0,adulto
ICB_03611_000,ICB_162,copd,AKG C417L Microphone,67.0,0,0,4,0.14160413,0.8677386,2,0,adulto
ICB_03611_001,ICB_162,copd,AKG C417L Microphone,67.0,0,0,4,0.3496181,0.46129516,0,0,adulto
ICB_03611_002,ICB_162,copd,AKG C417L Microphone,67.0,0,0,4,0.34672448,0.2966756,0,0,adulto
ICB_03611_003,ICB_162,copd,AKG C417L Microphone,67.0,0,0,4,0.68018574,0.20333764,1,0,adulto
ICB_03612_000,ICB_162,copd,AKG C417L Microphone,67.0,0,0,4,0.24700595,0.36782402,0,0,adulto
ICB_03612_001,ICB_162,copd,AKG C417L Microphone,67.0,0,0,4,0.48283276,0.12662624,0,0,adulto
ICB_03612_002,ICB_162,copd,AKG C417L Microphone,67.0,0,0,4,0.15321295,0.8585038,2,0,adulto
ICB_03612_003,ICB_162,copd,AKG C417L Microphone,67.0,0,0,4,0.5361616,0.41612652,0,0,adulto
ICB_03613_000,ICB_162,copd,AKG C417L Microphone,67.0,0,0,4,0.21383546,0.98897386,2,0,adulto
ICB_03613_001,ICB_162,copd,AKG C417L Microphone,67.0,0,0,4,0.24145633,0.80854666,2,0,adulto
ICB_03613_002,ICB_162,copd,AKG C417L Microphone,67.0,0,0,4,0.26962355,0.9598486,2,0,adulto
ICB_03613_003,ICB_162,copd,AKG C417L Microphone,67.0,0,0,4,0.7276451,0.45332208,1,0,adulto
ICB_03614_000,ICB_162,copd,AKG C417L Microphone,67.0,0,0,4,0.027372744,0.6825007,0,0,adulto
ICB_03614_001,ICB_162,copd,AKG C417L Microphone,67.0,0,0,4,0.19905512,0.10512857,0,0,adulto
ICB_03614_002,ICB_162,copd,AKG C417L Microphone,67.0,0,0,4,0.76673716,0.35681108,1,0,adulto
ICB_03614_003,ICB_162,copd,AKG C417L Microphone,67.0,0,0,4,0.7532159,0.09247288,1,0,adulto
ICB_03615_000,ICB_162,copd,AKG C417L Microphone,67.0,0,0,4,0.46906635,0.77537596,2,0,adulto
ICB_03615_001,ICB_162,copd,AKG C417L Microphone,67.0,0,0,4,0.5824179,0.91275525,2,0,adulto
ICB_03615_002,ICB_162,copd,AKG C417L Microphone,67.0,0,0,4,0.6655327,0.87731546,3,0,adulto
ICB_03615_003,ICB_162,copd,AKG C417L Microphone,67.0,0,0,4,0.07650731,0.34703904,0,0,adulto
ICB_03616_000,ICB_162,copd,AKG C417L Microphone,67.0,0,0,4,0.1499824,0.8099481,2,0,adulto
ICB_03616_001,ICB_162,copd,AKG C417L Microphone,67.0,0,0,4,0.4933572,0.4799341,0,0,adulto
ICB_03616_002,ICB_162,copd,AKG C417L Microphone,67.0,0,0,4,0.27087927,0.13469848,0,0,adulto
ICB_03616_003,ICB_162,copd,AKG C417L Microphone,67.0,0,0,4,0.5318717,0.023922605,0,0,adulto
ICB_03617_000,ICB_162,copd,AKG C417L Microphone,67.0,0,0,4,0.16289005,0.78341347,2,0,adulto
ICB_03617_001,ICB_162,copd,AKG C417L Microphone,67.0,0,0,4,0.52484596,0.013960639,0,0,adulto
ICB_03617_002,ICB_162,copd,AKG C417L Microphone,67.0,0,0,4,0.20079139,0.54622954,0,0,adulto
ICB_03617_003,ICB_162,copd,AKG C417L Microphone,67.0,0,0,4,0.0026352734,0.007013781,0,0,adulto
ICB_03618_000,ICB_162,copd,AKG C417L Microphone,67.0,0,0,4,0.6453524,0.491541,0,0,adulto
ICB_03618_001,ICB_162,copd,AKG C417L Microphone,67.0,0,0,4,0.20994866,0.46478146,0,0,adulto
ICB_03618_002,ICB_162,copd,AKG C417L Microphone,67.0,0,0,4,0.4039111,0.96377224,2,0,adulto
ICB_03618_003,ICB_162,copd,AKG C417L Microphone,67.0,0,0,4,0.5109522,0.17870902,0,0,adulto
ICB_03619_000,ICB_162,copd,AKG C417L Microphone,67.0,0,0,4,0.24271294,0.91623753,2,0,adulto
ICB_03619_001,ICB_162,copd,AKG C417L Microphone,67.0,0,0,4,0.11213086,0.59073645,0,0,adulto
ICB_03619_002,ICB_162,copd,AKG C417L Microphone,67.0,0,0,4,0.09306757,0.9884647,2,0,adulto
ICB_03619_003,ICB_162,copd,AKG C417L Microphone,67.0,0,0,4,0.40862513,0.27324727,0,0,adulto
ICB_03620_000,ICB_162,copd,AKG C417L Microphone,67.0,0,0,4,0.67395747,0.63477033,1,0,adulto
ICB_03620_001,ICB_162,copd,AKG C417L Microphone,67.0,0,0,4,0.5002757,0.40823936,0,0,adulto
ICB_03620_002,ICB_162,copd,AKG C417L Microphone,67.0,0,0,4,0.03795538,0.96991503,2,0,adulto
ICB_03620_003,ICB_162,copd,AKG C417L Microphone,67.0,0,0,4,0.3219373,0.35555008,0,0,adulto
ICB_03621_000,ICB_162,copd,AKG C417L Microphone,67.0,0,0,4,0.5236029,0.9586904,2,0,adulto
ICB_03621_001,ICB_162,copd,AKG C417L Microphone,67.0,0,0,4,0.15896416,0.38344616,0,0,adulto
ICB_03621_002,ICB_162,copd,AKG C417L Microphone,67.0,0,0,4,0.37740827,0.9938212,2,0,adulto
ICB_03621_003,ICB_162,copd,AKG C417L Microphone,67.0,0,0,4,0.6682274,0.1591341,1,0,adulto
ICB_03622_000,ICB_162,copd,AKG C417L Microphone,67.0,0,1,4,0.40818688,0.91116947,2,2,adulto
ICB_03622_001,ICB_162,copd,AKG C417L Microphone,67.0,0,0,4,0.2234483,0.7759788,2,0,adulto
ICB_03622_002,ICB_162,copd,AKG C417L Microphone,67.0,0,0,4,0.6062437,0.9484779,2,0,adulto
ICB_03622_003,ICB_162,copd,AKG C417L Microphone,67.0,0,0,4,0.27095136,0.3940972,0,0,adulto
ICB_03623_000,ICB_162,copd,AKG C417L Microphone,67.0,1,0,4,0.294034,0.02653867,0,1,adulto
ICB_03623_001,ICB_162,copd,AKG C417L Microphone,67.0,1,0,4,0.2156325,0.009088626,0,1,adulto
ICB_03623_002,ICB_162,copd,AKG C417L Microphone,67.0,1,0,4,0.3249012,0.23242988,0,1,adulto
ICB_03623_003,ICB_162,copd,AKG C417L Microphone,67.0,0,0,4,0.1635109,0.7318996,2,0,adulto
ICB_03705_000,ICB_174,copd,AKG C417L Microphone,68.0,0,1,4,0.4862522,0.8370067,2,2,adulto
ICB_03705_001,ICB_174,copd,AKG C417L Microphone,68.0,0,0,4,0.50033486,0.04803702,0,0,adulto
ICB_03705_002,ICB_174,copd,AKG C417L Microphone,68.0,1,0,4,0.27611527,0.22350077,0,1,adulto
ICB_03705_003,ICB_174,copd,AKG C417L Microphone,68.0,0,0,4,0.14074498,0.24846612,0,0,adulto
ICB_03705_004,ICB_174,copd,AKG C417L Microphone,68.0,0,0,4,0.1887101,0.58478373,0,0,adulto
ICB_03706_000,ICB_174,copd,AKG C417L Microphone,68.0,0,1,4,0.7099816,0.26655048,1,2,adulto
ICB_03706_001,ICB_174,copd,AKG C417L Microphone,68.0,1,0,4,0.3965067,0.069789104,0,1,adulto
ICB_03706_002,ICB_174,copd,AKG C417L Microphone,68.0,1,0,4,0.83203036,0.115532935,1,1,adulto
ICB_03706_003,ICB_174,copd,AKG C417L Microphone,68.0,1,0,4,0.40679651,0.03671794,0,1,adulto
ICB_03706_004,ICB_174,copd,AKG C417L Microphone,68.0,1,0,4,0.6545492,0.22753255,1,1,adulto
ICB_03707_000,ICB_174,copd,AKG C417L Microphone,68.0,0,1,4,0.274166,0.5110881,0,2,adulto
ICB_03707_001,ICB_174,copd,AKG C417L Microphone,68.0,1,0,4,0.50656766,0.34216407,0,1,adulto
ICB_03707_002,ICB_174,copd,AKG C417L Microphone,68.0,1,0,4,0.42344067,0.085966,0,1,adulto
ICB_03707_003,ICB_174,copd,AKG C417L Microphone,68.0,1,0,4,0.6928411,0.12787817,1,1,adulto
ICB_03707_004,ICB_174,copd,AKG C417L Microphone,68.0,1,0,4,0.8443615,0.091984116,1,1,adulto
ICB_03708_000,ICB_174,copd,AKG C417L Microphone,68.0,0,1,4,0.54558086,0.84283894,2,2,adulto
ICB_03708_001,ICB_174,copd,AKG C417L Microphone,68.0,1,0,4,0.88828284,0.04976463,1,1,adulto
ICB_03708_002,ICB_174,copd,AKG C417L Microphone,68.0,1,0,4,0.79644895,0.21986671,1,1,adulto
ICB_03708_003,ICB_174,copd,AKG C417L Microphone,68.0,1,0,4,0.93808883,0.7189612,3,1,adulto
ICB_03708_004,ICB_174,copd,AKG C417L Microphone,68.0,1,0,4,0.77553713,0.3530174,1,1,adulto
ICB_03709_000,ICB_174,copd,AKG C417L Microphone,68.0,0,1,4,0.36521846,0.77608436,2,2,adulto
ICB_03709_001,ICB_174,copd,AKG C417L Microphone,68.0,1,0,4,0.6398274,0.06448588,0,1,adulto
ICB_03709_002,ICB_174,copd,AKG C417L Microphone,68.0,1,0,4,0.29305184,0.37661022,0,1,adulto
ICB_03709_003,ICB_174,copd,AKG C417L Microphone,68.0,1,0,4,0.13619319,0.687454,0,1,adulto
ICB_03709_004,ICB_174,copd,AKG C417L Microphone,68.0,1,0,4,0.84756446,0.069071606,1,1,adulto
ICB_03710_000,ICB_174,copd,AKG C417L Microphone,68.0,1,0,4,0.53881145,0.019088792,0,1,adulto
ICB_03710_001,ICB_174,copd,AKG C417L Microphone,68.0,1,0,4,0.6959,0.012577704,1,1,adulto
ICB_03710_002,ICB_174,copd,AKG C417L Microphone,68.0,0,0,4,0.2374844,0.019908417,0,0,adulto
ICB_03710_003,ICB_174,copd,AKG C417L Microphone,68.0,1,0,4,0.12409354,0.006730578,0,1,adulto
ICB_03710_004,ICB_174,copd,AKG C417L Microphone,68.0,1,0,4,0.61915165,0.05910661,0,1,adulto
ICB_03711_000,ICB_174,copd,AKG C417L Microphone,68.0,1,0,4,0.43302625,0.4506135,0,1,adulto
ICB_03711_001,ICB_174,copd,AKG C417L Microphone,68.0,1,0,4,0.636112,0.11208816,0,1,adulto
ICB_03711_002,ICB_174,copd,AKG C417L Microphone,68.0,1,0,4,0.11585835,0.054101672,0,1,adulto
ICB_03711_003,ICB_174,copd,AKG C417L Microphone,68.0,1,0,4,0.3137168,0.18108249,0,1,adulto
ICB_03711_004,ICB_174,copd,AKG C417L Microphone,68.0,1,0,4,0.29680285,0.6725703,0,1,adulto
ICB_03712_000,ICB_174,copd,AKG C417L Microphone,68.0,1,0,4,0.29856429,0.7440276,2,1,adulto
ICB_03712_001,ICB_174,copd,AKG C417L Microphone,68.0,1,0,4,0.64871,0.26804894,0,1,adulto
ICB_03712_002,ICB_174,copd,AKG C417L Microphone,68.0,1,0,4,0.85580987,0.10695911,1,1,adulto
ICB_03712_003,ICB_174,copd,AKG C417L Microphone,68.0,1,0,4,0.9149658,0.16761482,1,1,adulto
ICB_03712_004,ICB_174,copd,AKG C417L Microphone,68.0,1,0,4,0.87324065,0.26109022,1,1,adulto
ICB_03713_000,ICB_174,copd,AKG C417L Microphone,68.0,1,0,4,0.6435775,0.6486775,0,1,adulto
ICB_03713_001,ICB_174,copd,AKG C417L Microphone,68.0,1,0,4,0.48537928,0.83333725,2,1,adulto
ICB_03713_002,ICB_174,copd,AKG C417L Microphone,68.0,1,0,4,0.72308993,0.2918463,1,1,adulto
ICB_03713_003,ICB_174,copd,AKG C417L Microphone,68.0,1,0,4,0.541219,0.40524003,0,1,adulto
ICB_03713_004,ICB_174,copd,AKG C417L Microphone,68.0,1,0,4,0.60120577,0.31499115,0,1,adulto
ICB_03714_000,ICB_174,copd,AKG C417L Microphone,68.0,1,0,4,0.5618767,0.64394367,0,1,adulto
ICB_03714_001,ICB_174,copd,AKG C417L Microphone,68.0,1,0,4,0.8484339,0.76589894,3,1,adulto
ICB_03714_002,ICB_174,copd,AKG C417L Microphone,68.0,1,0,4,0.7507794,0.12686534,1,1,adulto
ICB_03714_003,ICB_174,copd,AKG C417L Microphone,68.0,1,0,4,0.67282873,0.23109977,1,1,adulto
ICB_03714_004,ICB_174,copd,AKG C417L Microphone,68.0,1,0,4,0.75845796,0.49092522,1,1,adulto
ICB_03715_000,ICB_174,copd,AKG C417L Microphone,68.0,1,1,4,0.37118122,0.30099842,0,3,adulto
ICB_03715_001,ICB_174,copd,AKG C417L Microphone,68.0,1,0,4,0.5813967,0.64101785,0,1,adulto
ICB_03715_002,ICB_174,copd,AKG C417L Microphone,68.0,1,1,4,0.25929144,0.16824758,0,3,adulto
ICB_03715_003,ICB_174,copd,AKG C417L Microphone,68.0,1,0,4,0.5022139,0.028628882,0,1,adulto
ICB_03715_004,ICB_174,copd,AKG C417L Microphone,68.0,1,0,4,0.46194494,0.2741315,0,1,adulto
ICB_03716_000,ICB_174,copd,AKG C417L Microphone,68.0,0,0,4,0.36995944,0.74635464,2,0,adulto
ICB_03716_001,ICB_174,copd,AKG C417L Microphone,68.0,1,0,4,0.30234358,0.4142036,0,1,adulto
ICB_03716_002,ICB_174,copd,AKG C417L Microphone,68.0,1,0,4,0.63824344,0.07443732,0,1,adulto
ICB_03716_003,ICB_174,copd,AKG C417L Microphone,68.0,1,0,4,0.836346,0.10780484,1,1,adulto
ICB_03716_004,ICB_174,copd,AKG C417L Microphone,68.0,0,0,4,0.4235624,0.036337607,0,0,adulto
ICB_03717_000,ICB_174,copd,AKG C417L Microphone,68.0,0,0,4,0.35053644,0.40166533,0,0,adulto
ICB_03717_001,ICB_174,copd,AKG C417L Microphone,68.0,0,0,4,0.3840275,0.72373587,2,0,adulto
ICB_03717_002,ICB_174,copd,AKG C417L Microphone,68.0,1,0,4,0.203473,0.6412498,0,1,adulto
ICB_03717_003,ICB_174,copd,AKG C417L Microphone,68.0,1,0,4,0.5621693,0.16868241,0,1,adulto
ICB_03717_004,ICB_174,copd,AKG C417L Microphone,68.0,1,0,4,0.35534164,0.2365201,0,1,adulto
ICB_03718_000,ICB_174,copd,AKG C417L Microphone,68.0,0,0,4,0.51441336,0.03633645,0,0,adulto
ICB_03718_001,ICB_174,copd,AKG C417L Microphone,68.0,1,0,4,0.5644514,0.04059109,0,1,adulto
ICB_03718_002,ICB_174,copd,AKG C417L Microphone,68.0,1,0,4,0.69950724,0.08963268,1,1,adulto
ICB_03718_003,ICB_174,copd,AKG C417L Microphone,68.0,1,0,4,0.8523551,0.09901156,1,1,adulto
ICB_03718_004,ICB_174,copd,AKG C417L Microphone,68.0,1,0,4,0.45808825,0.2835014,0,1,adulto
ICB_03719_000,ICB_174,copd,AKG C417L Microphone,68.0,0,0,4,0.6748941,0.54245955,1,0,adulto
ICB_03719_001,ICB_174,copd,AKG C417L Microphone,68.0,1,0,4,0.55849195,0.38441604,0,1,adulto
ICB_03719_002,ICB_174,copd,AKG C417L Microphone,68.0,1,0,4,0.78762513,0.6105373,1,1,adulto
ICB_03719_003,ICB_174,copd,AKG C417L Microphone,68.0,1,0,4,0.6412673,0.3068199,0,1,adulto
ICB_03719_004,ICB_174,copd,AKG C417L Microphone,68.0,1,0,4,0.7438524,0.16357256,1,1,adulto
ICB_03720_000,ICB_174,copd,AKG C417L Microphone,68.0,1,0,4,0.77687734,0.80057806,3,1,adulto
ICB_03720_001,ICB_174,copd,AKG C417L Microphone,68.0,1,0,4,0.82388175,0.28016856,1,1,adulto
ICB_03720_002,ICB_174,copd,AKG C417L Microphone,68.0,1,0,4,0.6518384,0.09707499,1,1,adulto
ICB_03720_003,ICB_174,copd,AKG C417L Microphone,68.0,1,0,4,0.81168187,0.4074294,1,1,adulto
ICB_03720_004,ICB_174,copd,AKG C417L Microphone,68.0,1,0,4,0.41864127,0.1515117,0,1,adulto
ICB_03721_000,ICB_174,copd,AKG C417L Microphone,68.0,1,0,4,0.17437355,0.9620152,2,1,adulto
ICB_03721_001,ICB_174,copd,AKG C417L Microphone,68.0,1,0,4,0.13608076,0.5409655,0,1,adulto
ICB_03721_002,ICB_174,copd,AKG C417L Microphone,68.0,1,0,4,0.7466477,0.28685048,1,1,adulto
ICB_03721_003,ICB_174,copd,AKG C417L Microphone,68.0,1,0,4,0.4488883,0.90886605,2,1,adulto
ICB_03721_004,ICB_174,copd,AKG C417L Microphone,68.0,1,0,4,0.6705131,0.60736066,1,1,adulto
ICB_03722_000,ICB_174,copd,AKG C417L Microphone,68.0,1,0,4,0.59666425,0.018006612,0,1,adulto
ICB_03722_001,ICB_174,copd,AKG C417L Microphone,68.0,0,0,4,0.4521194,0.0015431099,0,0,adulto
ICB_03722_002,ICB_174,copd,AKG C417L Microphone,68.0,1,0,4,0.6856434,0.009231591,1,1,adulto
ICB_03722_003,ICB_174,copd,AKG C417L Microphone,68.0,1,0,4,0.71096915,0.23910308,1,1,adulto
ICB_03722_004,ICB_174,copd,AKG C417L Microphone,68.0,0,0,4,0.06939379,0.513131,0,0,adulto
ICB_03723_000,ICB_174,copd,AKG C417L Microphone,68.0,1,0,4,0.60372543,0.35144857,0,1,adulto
ICB_03723_001,ICB_174,copd,AKG C417L Microphone,68.0,0,0,4,0.36532915,0.7988905,2,0,adulto
ICB_03723_002,ICB_174,copd,AKG C417L Microphone,68.0,0,0,4,0.45577806,0.27393183,0,0,adulto
ICB_03723_003,ICB_174,copd,AKG C417L Microphone,68.0,0,0,4,0.60139006,0.63302094,0,0,adulto
ICB_03724_000,ICB_174,copd,AKG C417L Microphone,68.0,1,0,4,0.14592695,0.832295,2,1,adulto
ICB_03724_001,ICB_174,copd,AKG C417L Microphone,68.0,1,0,4,0.67901146,0.5456446,1,1,adulto
ICB_03724_002,ICB_174,copd,AKG C417L Microphone,68.0,1,0,4,0.6706031,0.9030206,3,1,adulto
ICB_03724_003,ICB_174,copd,AKG C417L Microphone,68.0,1,0,4,0.36164886,0.7828071,2,1,adulto
ICB_03725_000,ICB_174,copd,AKG C417L Microphone,68.0,1,0,4,0.6729958,0.24424243,1,1,adulto
ICB_03725_001,ICB_174,copd,AKG C417L Microphone,68.0,1,0,4,0.92137307,0.07795347,1,1,adulto
ICB_03725_002,ICB_174,copd,AKG C417L Microphone,68.0,1,0,4,0.6796641,0.5873297,1,1,adulto
ICB_03725_003,ICB_174,copd,AKG C417L Microphone,68.0,1,0,4,0.4021359,0.29807508,0,1,adulto
ICB_03726_000,ICB_174,copd,AKG C417L Microphone,68.0,1,0,4,0.44990644,0.036962222,0,1,adulto
ICB_03726_001,ICB_174,copd,AKG C417L Microphone,68.0,1,0,4,0.84970945,0.47188297,1,1,adulto
ICB_03726_002,ICB_174,copd,AKG C417L Microphone,68.0,1,0,4,0.52403265,0.60869825,0,1,adulto
ICB_03726_003,ICB_174,copd,AKG C417L Microphone,68.0,1,0,4,0.389234,0.20861642,0,1,adulto
ICB_03727_000,ICB_174,copd,AKG C417L Microphone,68.0,1,0,4,0.8093827,0.109990284,1,1,adulto
ICB_03727_001,ICB_174,copd,AKG C417L Microphone,68.0,1,0,4,0.7668684,0.6284094,1,1,adulto
ICB_03727_002,ICB_174,copd,AKG C417L Microphone,68.0,0,0,4,0.7274511,0.045538615,1,0,adulto
ICB_03727_003,ICB_174,copd,AKG C417L Microphone,68.0,1,0,4,0.7192072,0.13711175,1,1,adulto
ICB_03803_000,ICB_181,copd,3M Littmann Classic II SE,65.0,0,0,4,0.73947054,0.15120643,1,0,adulto
ICB_03803_001,ICB_181,copd,3M Littmann Classic II SE,65.0,0,0,4,0.8511467,0.5775196,1,0,adulto
ICB_03803_002,ICB_181,copd,3M Littmann Classic II SE,65.0,0,0,4,0.74154675,0.03610878,1,0,adulto
ICB_03803_003,ICB_181,copd,3M Littmann Classic II SE,65.0,0,0,4,0.33998388,0.19867824,0,0,adulto
ICB_03804_000,ICB_181,copd,3M Littmann Classic II SE,65.0,0,0,4,0.31153828,0.0070392587,0,0,adulto
ICB_03804_001,ICB_181,copd,3M Littmann Classic II SE,65.0,0,0,4,0.029733347,0.5720924,0,0,adulto
ICB_03804_002,ICB_181,copd,3M Littmann Classic II SE,65.0,0,0,4,0.13679896,0.24344563,0,0,adulto
ICB_03804_003,ICB_181,copd,3M Littmann Classic II SE,65.0,0,0,4,0.02320172,0.4872325,0,0,adulto
ICB_03805_000,ICB_181,copd,3M Littmann Classic II SE,65.0,1,0,4,0.7959166,0.016143328,1,1,adulto
ICB_03805_001,ICB_181,copd,3M Littmann Classic II SE,65.0,1,0,4,0.6474851,0.26395798,0,1,adulto
ICB_03805_002,ICB_181,copd,3M Littmann Classic II SE,65.0,0,0,4,0.8191137,0.113081254,1,0,adulto
ICB_03805_003,ICB_181,copd,3M Littmann Classic II SE,65.0,0,0,4,0.45636225,0.18972011,0,0,adulto
ICB_03806_000,ICB_181,copd,3M Littmann Classic II SE,65.0,0,0,4,0.44641873,0.034360573,0,0,adulto
ICB_03806_001,ICB_181,copd,3M Littmann Classic II SE,65.0,0,0,4,0.030055746,0.14499995,0,0,adulto
ICB_03806_002,ICB_181,copd,3M Littmann Classic II SE,65.0,0,0,4,0.14055157,0.120153695,0,0,adulto
ICB_03806_003,ICB_181,copd,3M Littmann Classic II SE,65.0,0,0,4,0.049647294,0.41402006,0,0,adulto
ICB_03806_004,ICB_181,copd,3M Littmann Classic II SE,65.0,0,0,4,0.17846288,0.27277532,0,0,adulto
ICB_03846_000,ICB_189,copd,3M Littmann Classic II SE,75.0,1,0,4,0.5006629,0.02678569,0,1,adulto
ICB_03846_001,ICB_189,copd,3M Littmann Classic II SE,75.0,1,0,4,0.84375864,0.055499718,1,1,adulto
ICB_03846_002,ICB_189,copd,3M Littmann Classic II SE,75.0,0,0,4,0.63063025,0.049070757,0,0,adulto
ICB_03846_003,ICB_189,copd,3M Littmann Classic II SE,75.0,0,0,4,0.46947902,0.1383174,0,0,adulto
ICB_03846_004,ICB_189,copd,3M Littmann Classic II SE,75.0,0,0,4,0.027825437,0.023715192,0,0,adulto
ICB_03847_000,ICB_190,respiratory_infection,AKG C417L Microphone,3.0,0,0,4,0.14563788,0.5149603,0,0,pediátrico (<18)
ICB_03847_001,ICB_190,respiratory_infection,AKG C417L Microphone,3.0,0,0,4,0.5518065,0.7951446,2,0,pediátrico (<18)
ICB_03847_002,ICB_190,respiratory_infection,AKG C417L Microphone,3.0,0,0,4,0.7251497,0.65962327,1,0,pediátrico (<18)
ICB_03847_003,ICB_190,respiratory_infection,AKG C417L Microphone,3.0,0,0,4,0.12270801,0.8263792,2,0,pediátrico (<18)
ICB_03851_000,ICB_192,copd,3M Littmann Classic II SE,69.0,0,0,4,0.05999689,0.15068848,0,0,adulto
ICB_03851_001,ICB_192,copd,3M Littmann Classic II SE,69.0,0,1,4,0.46119764,0.959196,2,2,adulto
ICB_03851_002,ICB_192,copd,3M Littmann Classic II SE,69.0,0,1,4,0.7330229,0.92333496,3,2,adulto
ICB_03851_003,ICB_192,copd,3M Littmann Classic II SE,69.0,0,1,4,0.26512063,0.83190936,2,2,adulto
ICB_03851_004,ICB_192,copd,3M Littmann Classic II SE,69.0,0,1,4,0.6326114,0.97608113,2,2,adulto
ICB_03851_005,ICB_192,copd,3M Littmann Classic II SE,69.0,1,1,4,0.5853455,0.8849709,2,3,adulto
ICB_03851_006,ICB_192,copd,3M Littmann Classic II SE,69.0,0,1,4,0.23478766,0.97823435,2,2,adulto
ICB_03851_007,ICB_192,copd,3M Littmann Classic II SE,69.0,0,1,4,0.09238317,0.99518555,2,2,adulto
ICB_03852_000,ICB_192,copd,3M Littmann Classic II SE,69.0,0,0,4,0.11682072,0.16431013,0,0,adulto
ICB_03852_001,ICB_192,copd,3M Littmann Classic II SE,69.0,0,1,4,0.13509317,0.77329344,2,2,adulto
ICB_03852_002,ICB_192,copd,3M Littmann Classic II SE,69.0,0,1,4,0.07504607,0.94864404,2,2,adulto
ICB_03852_003,ICB_192,copd,3M Littmann Classic II SE,69.0,0,1,4,0.074417904,0.9331354,2,2,adulto
ICB_03852_004,ICB_192,copd,3M Littmann Classic II SE,69.0,0,1,4,0.31196365,0.8698835,2,2,adulto
ICB_03852_005,ICB_192,copd,3M Littmann Classic II SE,69.0,0,1,4,0.36844316,0.7142115,2,2,adulto
ICB_03852_006,ICB_192,copd,3M Littmann Classic II SE,69.0,0,1,4,0.28961858,0.7670112,2,2,adulto
ICB_03852_007,ICB_192,copd,3M Littmann Classic II SE,69.0,0,1,4,0.058708865,0.99895585,2,2,adulto
ICB_03853_000,ICB_192,copd,3M Littmann Classic II SE,69.0,0,1,4,0.14374134,0.47025698,0,2,adulto
ICB_03853_001,ICB_192,copd,3M Littmann Classic II SE,69.0,1,1,4,0.36250323,0.84793824,2,3,adulto
ICB_03853_002,ICB_192,copd,3M Littmann Classic II SE,69.0,0,1,4,0.15432301,0.746555,2,2,adulto
ICB_03853_003,ICB_192,copd,3M Littmann Classic II SE,69.0,1,1,4,0.8453136,0.9429656,3,3,adulto
ICB_03853_004,ICB_192,copd,3M Littmann Classic II SE,69.0,0,1,4,0.07570567,0.5705117,0,2,adulto
ICB_03853_005,ICB_192,copd,3M Littmann Classic II SE,69.0,0,1,4,0.306684,0.976636,2,2,adulto
ICB_03853_006,ICB_192,copd,3M Littmann Classic II SE,69.0,0,1,4,0.57498693,0.9834214,2,2,adulto
ICB_03853_007,ICB_192,copd,3M Littmann Classic II SE,69.0,0,1,4,0.16192785,0.43169823,0,2,adulto
ICB_03854_000,ICB_192,copd,3M Littmann Classic II SE,69.0,0,0,4,0.8464412,0.06442522,1,0,adulto
ICB_03854_001,ICB_192,copd,3M Littmann Classic II SE,69.0,0,1,4,0.50669056,0.6623679,0,2,adulto
ICB_03854_002,ICB_192,copd,3M Littmann Classic II SE,69.0,0,1,4,0.19142357,0.92786753,2,2,adulto
ICB_03854_003,ICB_192,copd,3M Littmann Classic II SE,69.0,0,1,4,0.21381974,0.40983695,0,2,adulto
ICB_03854_004,ICB_192,copd,3M Littmann Classic II SE,69.0,0,1,4,0.80121833,0.8839099,3,2,adulto
ICB_03854_005,ICB_192,copd,3M Littmann Classic II SE,69.0,0,1,4,0.6770063,0.98174083,3,2,adulto
ICB_03854_006,ICB_192,copd,3M Littmann Classic II SE,69.0,0,1,4,0.04397257,0.45720676,0,2,adulto
ICB_03854_007,ICB_192,copd,3M Littmann Classic II SE,69.0,0,1,4,2.7735623e-14,0.96085024,2,2,adulto
ICB_03855_000,ICB_192,copd,3M Littmann Classic II SE,69.0,1,0,4,0.625701,0.16107339,0,1,adulto
ICB_03855_001,ICB_192,copd,3M Littmann Classic II SE,69.0,0,1,4,0.13483512,0.4779047,0,2,adulto
ICB_03855_002,ICB_192,copd,3M Littmann Classic II SE,69.0,0,1,4,0.33923477,0.78636354,2,2,adulto
ICB_03855_003,ICB_192,copd,3M Littmann Classic II SE,69.0,0,1,4,0.11429,0.667835,0,2,adulto
ICB_03855_004,ICB_192,copd,3M Littmann Classic II SE,69.0,0,1,4,0.113622114,0.27970296,0,2,adulto
ICB_03855_005,ICB_192,copd,3M Littmann Classic II SE,69.0,0,1,4,0.008944374,0.10107541,0,2,adulto
ICB_03855_006,ICB_192,copd,3M Littmann Classic II SE,69.0,0,1,4,0.25405055,0.8985281,2,2,adulto
ICB_03856_000,ICB_192,copd,3M Littmann Classic II SE,69.0,0,0,4,0.12479882,0.12765083,0,0,adulto
ICB_03856_001,ICB_192,copd,3M Littmann Classic II SE,69.0,0,1,4,0.08340228,0.959471,2,2,adulto
ICB_03856_002,ICB_192,copd,3M Littmann Classic II SE,69.0,0,1,4,0.07812788,0.4514839,0,2,adulto
ICB_03856_003,ICB_192,copd,3M Littmann Classic II SE,69.0,0,1,4,0.15317862,0.8932005,2,2,adulto
ICB_03856_004,ICB_192,copd,3M Littmann Classic II SE,69.0,0,1,4,0.1960565,0.8476278,2,2,adulto
ICB_03856_005,ICB_192,copd,3M Littmann Classic II SE,69.0,0,1,4,0.45907682,0.71151894,2,2,adulto
ICB_03856_006,ICB_192,copd,3M Littmann Classic II SE,69.0,0,1,4,0.3773816,0.96051306,2,2,adulto
ICB_03879_000,ICB_196,bronchiectasis,3M Littmann Classic II SE,21.0,0,0,4,0.60641867,0.26240358,0,0,adulto
ICB_03879_001,ICB_196,bronchiectasis,3M Littmann Classic II SE,21.0,0,0,4,0.8405283,0.2552875,1,0,adulto
ICB_03879_002,ICB_196,bronchiectasis,3M Littmann Classic II SE,21.0,0,0,4,0.75715005,0.1849871,1,0,adulto
ICB_03879_003,ICB_196,bronchiectasis,3M Littmann Classic II SE,21.0,0,0,4,0.9178463,0.098903194,1,0,adulto
ICB_03879_004,ICB_196,bronchiectasis,3M Littmann Classic II SE,21.0,0,0,4,0.63308674,0.47249413,0,0,adulto
ICB_03879_005,ICB_196,bronchiectasis,3M Littmann Classic II SE,21.0,0,0,4,0.7909826,0.11003919,1,0,adulto
ICB_03978_000,ICB_206,bronchiolitis_asthma,3M Littmann Classic II SE,3.0,0,0,4,0.0023370609,0.12016956,0,0,pediátrico (<18)
ICB_03978_001,ICB_206,bronchiolitis_asthma,3M Littmann Classic II SE,3.0,0,0,4,0.031987995,0.9360205,2,0,pediátrico (<18)
ICB_03978_002,ICB_206,bronchiolitis_asthma,3M Littmann Classic II SE,3.0,0,1,4,0.13224676,0.8693181,2,2,pediátrico (<18)
ICB_03978_003,ICB_206,bronchiolitis_asthma,3M Littmann Classic II SE,3.0,0,1,4,0.008694694,0.99916494,2,2,pediátrico (<18)
ICB_03978_004,ICB_206,bronchiolitis_asthma,3M Littmann Classic II SE,3.0,0,1,4,0.2396222,0.9714623,2,2,pediátrico (<18)
ICB_03978_005,ICB_206,bronchiolitis_asthma,3M Littmann Classic II SE,3.0,0,1,4,0.09373974,0.84218615,2,2,pediátrico (<18)
ICB_03978_006,ICB_206,bronchiolitis_asthma,3M Littmann Classic II SE,3.0,1,1,4,0.62063015,0.92371225,2,3,pediátrico (<18)
ICB_03978_007,ICB_206,bronchiolitis_asthma,3M Littmann Classic II SE,3.0,0,1,4,0.27424574,0.6579289,0,2,pediátrico (<18)
ICB_03978_008,ICB_206,bronchiolitis_asthma,3M Littmann Classic II SE,3.0,0,0,4,0.20477037,0.12454015,0,0,pediátrico (<18)
ICB_03978_009,ICB_206,bronchiolitis_asthma,3M Littmann Classic II SE,3.0,0,1,4,0.41836834,0.7546591,2,2,pediátrico (<18)
ICB_03978_010,ICB_206,bronchiolitis_asthma,3M Littmann Classic II SE,3.0,0,0,4,0.30127078,0.6945938,0,0,pediátrico (<18)
ICB_03979_000,ICB_206,bronchiolitis_asthma,3M Littmann Classic II SE,3.0,0,0,4,0.11782232,0.8977043,2,0,pediátrico (<18)
ICB_03979_001,ICB_206,bronchiolitis_asthma,3M Littmann Classic II SE,3.0,0,1,4,0.23733327,0.9699478,2,2,pediátrico (<18)
ICB_03979_002,ICB_206,bronchiolitis_asthma,3M Littmann Classic II SE,3.0,0,1,4,0.11181333,0.8496786,2,2,pediátrico (<18)
ICB_03979_003,ICB_206,bronchiolitis_asthma,3M Littmann Classic II SE,3.0,0,1,4,0.11526815,0.7578624,2,2,pediátrico (<18)
ICB_03979_004,ICB_206,bronchiolitis_asthma,3M Littmann Classic II SE,3.0,0,1,4,0.25187573,0.89757216,2,2,pediátrico (<18)
ICB_03979_005,ICB_206,bronchiolitis_asthma,3M Littmann Classic II SE,3.0,0,1,4,0.1384582,0.9425371,2,2,pediátrico (<18)
ICB_03979_006,ICB_206,bronchiolitis_asthma,3M Littmann Classic II SE,3.0,0,1,4,0.19726515,0.95215917,2,2,pediátrico (<18)
ICB_03979_007,ICB_206,bronchiolitis_asthma,3M Littmann Classic II SE,3.0,0,1,4,0.24193756,0.9990464,2,2,pediátrico (<18)
ICB_03980_000,ICB_206,bronchiolitis_asthma,3M Littmann Classic II SE,3.0,0,1,4,0.2936083,0.48557404,0,2,pediátrico (<18)
ICB_03980_001,ICB_206,bronchiolitis_asthma,3M Littmann Classic II SE,3.0,0,1,4,0.008383263,0.99957293,2,2,pediátrico (<18)
ICB_03980_002,ICB_206,bronchiolitis_asthma,3M Littmann Classic II SE,3.0,0,1,4,0.0759612,0.68456906,0,2,pediátrico (<18)
ICB_03980_003,ICB_206,bronchiolitis_asthma,3M Littmann Classic II SE,3.0,0,1,4,0.011384457,0.9892937,2,2,pediátrico (<18)
ICB_03980_004,ICB_206,bronchiolitis_asthma,3M Littmann Classic II SE,3.0,0,1,4,0.06066923,0.9527249,2,2,pediátrico (<18)
ICB_03980_005,ICB_206,bronchiolitis_asthma,3M Littmann Classic II SE,3.0,0,1,4,0.02738838,0.9814999,2,2,pediátrico (<18)
ICB_03980_006,ICB_206,bronchiolitis_asthma,3M Littmann Classic II SE,3.0,0,1,4,0.01969549,0.9917319,2,2,pediátrico (<18)
ICB_03980_007,ICB_206,bronchiolitis_asthma,3M Littmann Classic II SE,3.0,0,1,4,0.040975083,0.9939393,2,2,pediátrico (<18)
ICB_04015_000,ICB_213,copd,AKG C417L Microphone,58.0,0,0,4,0.82295036,0.56009805,1,0,adulto
ICB_04015_001,ICB_213,copd,AKG C417L Microphone,58.0,0,0,4,0.23608717,0.53205055,0,0,adulto
ICB_04015_002,ICB_213,copd,AKG C417L Microphone,58.0,0,0,4,0.35906976,0.079113714,0,0,adulto
ICB_04015_003,ICB_213,copd,AKG C417L Microphone,58.0,0,0,4,0.6489465,0.49037674,0,0,adulto
ICB_04015_004,ICB_213,copd,AKG C417L Microphone,58.0,0,0,4,0.86257964,0.08749933,1,0,adulto
ICB_04015_005,ICB_213,copd,AKG C417L Microphone,58.0,0,0,4,0.7306752,0.77612835,3,0,adulto
ICB_04016_000,ICB_213,copd,AKG C417L Microphone,58.0,0,0,4,0.4408611,0.47370034,0,0,adulto
ICB_04016_001,ICB_213,copd,AKG C417L Microphone,58.0,0,0,4,0.6119741,0.025352346,0,0,adulto
ICB_04016_002,ICB_213,copd,AKG C417L Microphone,58.0,0,0,4,0.15706094,0.27455747,0,0,adulto
ICB_04016_003,ICB_213,copd,AKG C417L Microphone,58.0,0,0,4,0.46778873,0.7478437,2,0,adulto
ICB_04016_004,ICB_213,copd,AKG C417L Microphone,58.0,0,0,4,0.51003116,0.48891056,0,0,adulto
ICB_04016_005,ICB_213,copd,AKG C417L Microphone,58.0,0,0,4,0.64431095,0.119696654,0,0,adulto
ICB_04017_000,ICB_213,copd,AKG C417L Microphone,58.0,0,0,4,0.70928776,0.21748872,1,0,adulto
ICB_04017_001,ICB_213,copd,AKG C417L Microphone,58.0,0,0,4,0.7491798,0.28690118,1,0,adulto
ICB_04017_002,ICB_213,copd,AKG C417L Microphone,58.0,0,0,4,0.58010006,0.17415582,0,0,adulto
ICB_04017_003,ICB_213,copd,AKG C417L Microphone,58.0,0,0,4,0.68073046,0.80627465,3,0,adulto
ICB_04017_004,ICB_213,copd,AKG C417L Microphone,58.0,0,0,4,0.8504933,0.23365083,1,0,adulto
ICB_04017_005,ICB_213,copd,AKG C417L Microphone,58.0,0,0,4,0.5709939,0.060474414,0,0,adulto
ICB_04018_000,ICB_213,copd,AKG C417L Microphone,58.0,0,0,4,0.57418895,0.5339321,0,0,adulto
ICB_04018_001,ICB_213,copd,AKG C417L Microphone,58.0,0,0,4,0.7111579,0.12134728,1,0,adulto
ICB_04018_002,ICB_213,copd,AKG C417L Microphone,58.0,1,0,4,0.6698926,0.2576838,1,1,adulto
ICB_04018_003,ICB_213,copd,AKG C417L Microphone,58.0,0,0,4,0.6320465,0.209026,0,0,adulto
ICB_04018_004,ICB_213,copd,AKG C417L Microphone,58.0,1,0,4,0.7641965,0.08976822,1,1,adulto
ICB_04018_005,ICB_213,copd,AKG C417L Microphone,58.0,1,0,4,0.43352124,0.5672228,0,1,adulto
ICB_04019_000,ICB_213,copd,AKG C417L Microphone,58.0,0,0,4,0.9245422,0.65994537,1,0,adulto
ICB_04019_001,ICB_213,copd,AKG C417L Microphone,58.0,1,0,4,0.641339,0.5531678,0,1,adulto
ICB_04019_002,ICB_213,copd,AKG C417L Microphone,58.0,1,0,4,0.61906946,0.11147303,0,1,adulto
ICB_04019_003,ICB_213,copd,AKG C417L Microphone,58.0,1,0,4,0.345851,0.50804347,0,1,adulto
ICB_04019_004,ICB_213,copd,AKG C417L Microphone,58.0,1,0,4,0.6832049,0.6027417,1,1,adulto
ICB_04019_005,ICB_213,copd,AKG C417L Microphone,58.0,0,0,4,0.7219877,0.005579925,1,0,adulto
ICB_04020_000,ICB_213,copd,AKG C417L Microphone,58.0,0,0,4,0.8252632,0.15460515,1,0,adulto
ICB_04020_001,ICB_213,copd,AKG C417L Microphone,58.0,0,0,4,0.42258105,0.018402986,0,0,adulto
ICB_04020_002,ICB_213,copd,AKG C417L Microphone,58.0,0,0,4,0.64089537,0.17060964,0,0,adulto
ICB_04020_003,ICB_213,copd,AKG C417L Microphone,58.0,0,0,4,0.48798725,0.2949894,0,0,adulto
ICB_04020_004,ICB_213,copd,AKG C417L Microphone,58.0,0,0,4,0.081465736,0.0011132361,0,0,adulto
ICB_04020_005,ICB_213,copd,AKG C417L Microphone,58.0,0,0,4,0.09420087,0.0042965105,0,0,adulto
ICB_04021_000,ICB_213,copd,AKG C417L Microphone,58.0,0,0,4,0.6356175,0.14955969,0,0,adulto
ICB_04021_001,ICB_213,copd,AKG C417L Microphone,58.0,0,0,4,0.75200516,0.14371257,1,0,adulto
ICB_04021_002,ICB_213,copd,AKG C417L Microphone,58.0,0,0,4,0.6358407,0.14819905,0,0,adulto
ICB_04021_003,ICB_213,copd,AKG C417L Microphone,58.0,0,0,4,0.6212393,0.3796863,0,0,adulto
ICB_04021_004,ICB_213,copd,AKG C417L Microphone,58.0,0,0,4,0.4728801,0.50913584,0,0,adulto
ICB_04021_005,ICB_213,copd,AKG C417L Microphone,58.0,0,0,4,0.8277718,0.16402693,1,0,adulto
ICB_04021_006,ICB_213,copd,AKG C417L Microphone,58.0,0,0,4,0.14176327,0.15861933,0,0,adulto
ICB_04022_000,ICB_213,copd,AKG C417L Microphone,58.0,0,0,4,0.71565163,0.75253564,3,0,adulto
ICB_04022_001,ICB_213,copd,AKG C417L Microphone,58.0,0,0,4,0.5034529,0.017240934,0,0,adulto
ICB_04022_002,ICB_213,copd,AKG C417L Microphone,58.0,0,0,4,0.49639496,0.7895682,2,0,adulto
ICB_04022_003,ICB_213,copd,AKG C417L Microphone,58.0,0,0,4,0.7328172,0.90629923,3,0,adulto
ICB_04022_004,ICB_213,copd,AKG C417L Microphone,58.0,0,0,4,0.8537167,0.45801365,1,0,adulto
ICB_04022_005,ICB_213,copd,AKG C417L Microphone,58.0,0,0,4,0.6538956,0.9002593,3,0,adulto
ICB_04022_006,ICB_213,copd,AKG C417L Microphone,58.0,0,0,4,0.41452327,0.039210033,0,0,adulto
ICB_04023_000,ICB_213,copd,AKG C417L Microphone,58.0,0,0,4,0.86877865,0.3081795,1,0,adulto
ICB_04023_001,ICB_213,copd,AKG C417L Microphone,58.0,0,0,4,0.6974498,0.041124523,1,0,adulto
ICB_04023_002,ICB_213,copd,AKG C417L Microphone,58.0,0,0,4,0.8667652,0.34744483,1,0,adulto
ICB_04023_003,ICB_213,copd,AKG C417L Microphone,58.0,0,0,4,0.78814685,0.078873485,1,0,adulto
ICB_04023_004,ICB_213,copd,AKG C417L Microphone,58.0,0,0,4,0.47961345,0.06746343,0,0,adulto
ICB_04023_005,ICB_213,copd,AKG C417L Microphone,58.0,0,0,4,0.7893365,0.090309,1,0,adulto
ICB_04023_006,ICB_213,copd,AKG C417L Microphone,58.0,0,0,4,0.1407803,0.18154189,0,0,adulto
ICB_04024_000,ICB_213,copd,AKG C417L Microphone,58.0,0,0,4,0.56882626,0.05949493,0,0,adulto
ICB_04024_001,ICB_213,copd,AKG C417L Microphone,58.0,0,0,4,0.78982425,0.047100104,1,0,adulto
ICB_04024_002,ICB_213,copd,AKG C417L Microphone,58.0,0,0,4,0.82331353,0.09885879,1,0,adulto
ICB_04024_003,ICB_213,copd,AKG C417L Microphone,58.0,0,0,4,0.70447534,0.22573872,1,0,adulto
ICB_04024_004,ICB_213,copd,AKG C417L Microphone,58.0,0,0,4,0.9445405,0.018969188,1,0,adulto
ICB_04024_005,ICB_213,copd,AKG C417L Microphone,58.0,0,0,4,0.68054533,0.4126204,1,0,adulto
ICB_04024_006,ICB_213,copd,AKG C417L Microphone,58.0,0,0,4,0.41449788,0.371006,0,0,adulto
ICB_04025_000,ICB_213,copd,AKG C417L Microphone,58.0,0,0,4,0.41683552,0.091553465,0,0,adulto
ICB_04025_001,ICB_213,copd,AKG C417L Microphone,58.0,0,0,4,0.76752526,0.41597918,1,0,adulto
ICB_04025_002,ICB_213,copd,AKG C417L Microphone,58.0,0,0,4,0.3652748,0.09838476,0,0,adulto
ICB_04025_003,ICB_213,copd,AKG C417L Microphone,58.0,0,0,4,0.7605834,0.106161736,1,0,adulto
ICB_04025_004,ICB_213,copd,AKG C417L Microphone,58.0,0,0,4,0.77602595,0.45521,1,0,adulto
ICB_04025_005,ICB_213,copd,AKG C417L Microphone,58.0,0,0,4,0.6072364,0.2453623,0,0,adulto
ICB_04026_000,ICB_213,copd,AKG C417L Microphone,58.0,0,0,4,0.6346257,0.18899086,0,0,adulto
ICB_04026_001,ICB_213,copd,AKG C417L Microphone,58.0,0,0,4,0.7623119,0.17308055,1,0,adulto
ICB_04026_002,ICB_213,copd,AKG C417L Microphone,58.0,0,0,4,0.82769275,0.17589068,1,0,adulto
ICB_04026_003,ICB_213,copd,AKG C417L Microphone,58.0,0,0,4,0.77385944,0.36130127,1,0,adulto
ICB_04026_004,ICB_213,copd,AKG C417L Microphone,58.0,0,0,4,0.80934495,0.31664354,1,0,adulto
ICB_04026_005,ICB_213,copd,AKG C417L Microphone,58.0,0,0,4,0.53492117,0.16105835,0,0,adulto
ICB_04027_000,ICB_213,copd,AKG C417L Microphone,58.0,0,0,4,0.46650442,0.5666312,0,0,adulto
ICB_04027_001,ICB_213,copd,AKG C417L Microphone,58.0,1,0,4,0.7751655,0.11170505,1,1,adulto
ICB_04027_002,ICB_213,copd,AKG C417L Microphone,58.0,0,0,4,0.5379133,0.79441035,2,0,adulto
ICB_04027_003,ICB_213,copd,AKG C417L Microphone,58.0,0,0,4,0.9487623,0.25739494,1,0,adulto
ICB_04027_004,ICB_213,copd,AKG C417L Microphone,58.0,0,0,4,0.9063024,0.56213593,1,0,adulto
ICB_04027_005,ICB_213,copd,AKG C417L Microphone,58.0,0,0,4,0.6434548,0.4069753,0,0,adulto
ICB_04028_000,ICB_213,copd,AKG C417L Microphone,58.0,0,0,4,0.8585962,0.16175117,1,0,adulto
ICB_04028_001,ICB_213,copd,AKG C417L Microphone,58.0,1,0,4,0.6438123,0.19276157,0,1,adulto
ICB_04028_002,ICB_213,copd,AKG C417L Microphone,58.0,0,0,4,0.65866953,0.027100477,1,0,adulto
ICB_04028_003,ICB_213,copd,AKG C417L Microphone,58.0,0,0,4,0.42569873,0.624215,0,0,adulto
ICB_04028_004,ICB_213,copd,AKG C417L Microphone,58.0,0,0,4,0.7720742,0.58662164,1,0,adulto
ICB_04028_005,ICB_213,copd,AKG C417L Microphone,58.0,1,0,4,0.7585682,0.25826934,1,1,adulto
ICB_04029_000,ICB_213,copd,AKG C417L Microphone,58.0,0,0,4,0.00083469885,0.020491779,0,0,adulto
ICB_04029_001,ICB_213,copd,AKG C417L Microphone,58.0,0,0,4,0.49715644,0.21281207,0,0,adulto
ICB_04029_002,ICB_213,copd,AKG C417L Microphone,58.0,0,0,4,0.01536159,0.451352,0,0,adulto
ICB_04029_003,ICB_213,copd,AKG C417L Microphone,58.0,0,0,4,0.52909786,0.03206092,0,0,adulto
ICB_04029_004,ICB_213,copd,AKG C417L Microphone,58.0,0,0,4,0.23891479,0.01819367,0,0,adulto
ICB_04029_005,ICB_213,copd,AKG C417L Microphone,58.0,0,0,4,0.34994906,0.24140918,0,0,adulto
ICB_04030_000,ICB_213,copd,AKG C417L Microphone,58.0,0,0,4,0.63682634,0.067820564,0,0,adulto
ICB_04030_001,ICB_213,copd,AKG C417L Microphone,58.0,0,0,4,0.80326587,0.07992907,1,0,adulto
ICB_04030_002,ICB_213,copd,AKG C417L Microphone,58.0,0,0,4,0.27973127,0.01104919,0,0,adulto
ICB_04030_003,ICB_213,copd,AKG C417L Microphone,58.0,0,0,4,0.8196606,0.00653215,1,0,adulto
ICB_04030_004,ICB_213,copd,AKG C417L Microphone,58.0,0,0,4,0.6394734,0.04013601,0,0,adulto
ICB_04030_005,ICB_213,copd,AKG C417L Microphone,58.0,0,0,4,0.9182197,0.0005834653,1,0,adulto
ICB_04030_006,ICB_213,copd,AKG C417L Microphone,58.0,0,0,4,0.84344155,0.12512223,1,0,adulto
ICB_04031_000,ICB_213,copd,AKG C417L Microphone,58.0,1,0,4,0.7443507,0.081094675,1,1,adulto
ICB_04031_001,ICB_213,copd,AKG C417L Microphone,58.0,0,0,4,0.39371976,0.6215323,0,0,adulto
ICB_04031_002,ICB_213,copd,AKG C417L Microphone,58.0,0,0,4,0.6557425,0.30680588,1,0,adulto
ICB_04031_003,ICB_213,copd,AKG C417L Microphone,58.0,0,0,4,0.65080696,0.32834682,1,0,adulto
ICB_04031_004,ICB_213,copd,AKG C417L Microphone,58.0,0,0,4,0.51320547,0.22799036,0,0,adulto
ICB_04031_005,ICB_213,copd,AKG C417L Microphone,58.0,0,0,4,0.4453732,0.037350196,0,0,adulto
ICB_04031_006,ICB_213,copd,AKG C417L Microphone,58.0,0,0,4,0.65024704,0.0841054,1,0,adulto
ICB_04032_000,ICB_213,copd,AKG C417L Microphone,58.0,1,0,4,0.85031754,0.15289089,1,1,adulto
ICB_04032_001,ICB_213,copd,AKG C417L Microphone,58.0,1,0,4,0.39400288,0.2816218,0,1,adulto
ICB_04032_002,ICB_213,copd,AKG C417L Microphone,58.0,1,0,4,0.67364967,0.1323899,1,1,adulto
ICB_04032_003,ICB_213,copd,AKG C417L Microphone,58.0,0,0,4,0.61060417,0.5873117,0,0,adulto
ICB_04032_004,ICB_213,copd,AKG C417L Microphone,58.0,1,0,4,0.72058946,0.037254415,1,1,adulto
ICB_04032_005,ICB_213,copd,AKG C417L Microphone,58.0,0,0,4,0.86335343,0.038927164,1,0,adulto
ICB_04032_006,ICB_213,copd,AKG C417L Microphone,58.0,1,0,4,0.90144014,0.7356303,3,1,adulto
ICB_04033_000,ICB_213,copd,AKG C417L Microphone,58.0,0,0,4,0.7320874,0.11222505,1,0,adulto
ICB_04033_001,ICB_213,copd,AKG C417L Microphone,58.0,0,0,4,0.63999885,0.49022278,0,0,adulto
ICB_04033_002,ICB_213,copd,AKG C417L Microphone,58.0,0,0,4,0.5570918,0.38624054,0,0,adulto
ICB_04033_003,ICB_213,copd,AKG C417L Microphone,58.0,0,0,4,0.7588614,0.64184505,1,0,adulto
ICB_04033_004,ICB_213,copd,AKG C417L Microphone,58.0,0,0,4,0.433785,0.0614529,0,0,adulto
ICB_04033_005,ICB_213,copd,AKG C417L Microphone,58.0,1,0,4,0.71222854,0.06582493,1,1,adulto
ICB_04033_006,ICB_213,copd,AKG C417L Microphone,58.0,1,0,4,0.8543668,0.07476462,1,1,adulto
ICB_04034_000,ICB_213,copd,AKG C417L Microphone,58.0,0,0,4,0.092159145,0.0994144,0,0,adulto
ICB_04034_001,ICB_213,copd,AKG C417L Microphone,58.0,0,0,4,0.11440604,0.4076172,0,0,adulto
ICB_04034_002,ICB_213,copd,AKG C417L Microphone,58.0,0,0,4,0.16883212,0.007572639,0,0,adulto
ICB_04034_003,ICB_213,copd,AKG C417L Microphone,58.0,0,0,4,0.09704248,0.016017321,0,0,adulto
ICB_04034_004,ICB_213,copd,AKG C417L Microphone,58.0,0,0,4,0.11841768,0.012376998,0,0,adulto
ICB_04034_005,ICB_213,copd,AKG C417L Microphone,58.0,0,0,4,0.028572435,0.015983695,0,0,adulto
ICB_04034_006,ICB_213,copd,AKG C417L Microphone,58.0,0,0,4,0.089892395,0.123746924,0,0,adulto
ICB_04036_000,ICB_215,bronchiectasis,3M Littmann Classic II SE,56.0,0,0,4,0.6722429,0.005013299,1,0,adulto
ICB_04036_001,ICB_215,bronchiectasis,3M Littmann Classic II SE,56.0,0,1,4,0.46210548,0.2784446,0,2,adulto
ICB_04036_002,ICB_215,bronchiectasis,3M Littmann Classic II SE,56.0,0,1,4,0.41199735,0.60076255,0,2,adulto
ICB_04036_003,ICB_215,bronchiectasis,3M Littmann Classic II SE,56.0,0,1,4,0.38568148,0.2288433,0,2,adulto
ICB_04036_004,ICB_215,bronchiectasis,3M Littmann Classic II SE,56.0,0,1,4,0.6971281,0.06150075,1,2,adulto
ICB_04037_000,ICB_215,bronchiectasis,3M Littmann Classic II SE,56.0,0,0,4,0.02029397,0.3267966,0,0,adulto
ICB_04037_001,ICB_215,bronchiectasis,3M Littmann Classic II SE,56.0,0,0,4,0.32382113,0.09591218,0,0,adulto
ICB_04037_002,ICB_215,bronchiectasis,3M Littmann Classic II SE,56.0,0,0,4,0.12710276,0.01551905,0,0,adulto
ICB_04037_003,ICB_215,bronchiectasis,3M Littmann Classic II SE,56.0,0,0,4,0.16458578,0.04710458,0,0,adulto
ICB_04037_004,ICB_215,bronchiectasis,3M Littmann Classic II SE,56.0,0,0,4,0.13140395,0.0107436385,0,0,adulto
ICB_04037_005,ICB_215,bronchiectasis,3M Littmann Classic II SE,56.0,0,0,4,0.039341647,0.3459343,0,0,adulto
ICB_04040_000,ICB_217,normal_lung,3M Littmann Classic II SE,12.0,0,0,4,0.09948284,0.034497626,0,0,pediátrico (<18)
ICB_04040_001,ICB_217,normal_lung,3M Littmann Classic II SE,12.0,0,0,4,0.57174283,0.10894528,0,0,pediátrico (<18)
ICB_04040_002,ICB_217,normal_lung,3M Littmann Classic II SE,12.0,0,0,4,0.15982409,0.002473396,0,0,pediátrico (<18)
ICB_04040_003,ICB_217,normal_lung,3M Littmann Classic II SE,12.0,0,0,4,0.079902045,0.630515,0,0,pediátrico (<18)
ICB_04040_004,ICB_217,normal_lung,3M Littmann Classic II SE,12.0,0,0,4,0.24028267,0.0027546,0,0,pediátrico (<18)
ICB_04040_005,ICB_217,normal_lung,3M Littmann Classic II SE,12.0,0,0,4,0.018442301,0.03681849,0,0,pediátrico (<18)
ICB_04040_006,ICB_217,normal_lung,3M Littmann Classic II SE,12.0,0,0,4,0.09972691,0.011459529,0,0,pediátrico (<18)
ICB_04040_007,ICB_217,normal_lung,3M Littmann Classic II SE,12.0,0,0,4,0.17593224,0.016329417,0,0,pediátrico (<18)
ICB_04040_008,ICB_217,normal_lung,3M Littmann Classic II SE,12.0,0,0,4,0.46880698,0.01119937,0,0,pediátrico (<18)
ICB_04040_009,ICB_217,normal_lung,3M Littmann Classic II SE,12.0,0,0,4,0.35691372,0.04815027,0,0,pediátrico (<18)
ICB_04040_010,ICB_217,normal_lung,3M Littmann Classic II SE,12.0,0,0,4,1.0,0.99714607,3,0,pediátrico (<18)
ICB_04041_000,ICB_218,copd,WelchAllyn Meditron Master Elite,75.0,0,0,4,0.5398445,0.14358152,0,0,adulto
ICB_04041_001,ICB_218,copd,WelchAllyn Meditron Master Elite,75.0,0,0,4,0.636181,0.05893267,0,0,adulto
ICB_04041_002,ICB_218,copd,WelchAllyn Meditron Master Elite,75.0,0,0,4,0.5907376,0.59643805,0,0,adulto
ICB_04041_003,ICB_218,copd,WelchAllyn Meditron Master Elite,75.0,0,0,4,0.6290941,0.15710087,0,0,adulto
ICB_04041_004,ICB_218,copd,WelchAllyn Meditron Master Elite,75.0,0,1,4,0.5552841,0.9860438,2,2,adulto
ICB_04041_005,ICB_218,copd,WelchAllyn Meditron Master Elite,75.0,1,0,4,0.37394148,0.43239462,0,1,adulto
ICB_04041_006,ICB_218,copd,WelchAllyn Meditron Master Elite,75.0,1,0,4,0.25596052,0.506577,0,1,adulto
ICB_04041_007,ICB_218,copd,WelchAllyn Meditron Master Elite,75.0,1,0,4,0.5028457,0.27777112,0,1,adulto
ICB_04041_008,ICB_218,copd,WelchAllyn Meditron Master Elite,75.0,1,0,4,0.21033156,0.8093584,2,1,adulto
ICB_04041_009,ICB_218,copd,WelchAllyn Meditron Master Elite,75.0,1,1,4,0.19583456,0.38582987,0,3,adulto
ICB_04041_010,ICB_218,copd,WelchAllyn Meditron Master Elite,75.0,1,1,4,0.4795415,0.9727223,2,3,adulto
ICB_04041_011,ICB_218,copd,WelchAllyn Meditron Master Elite,75.0,1,1,4,0.30041477,0.93046635,2,3,adulto
ICB_04041_012,ICB_218,copd,WelchAllyn Meditron Master Elite,75.0,1,1,4,0.06562855,0.9998832,2,3,adulto
ICB_04041_013,ICB_218,copd,WelchAllyn Meditron Master Elite,75.0,0,0,4,0.2997125,0.99955136,2,0,adulto
ICB_04041_014,ICB_218,copd,WelchAllyn Meditron Master Elite,75.0,1,1,4,0.159342,0.94410765,2,3,adulto
ICB_04042_000,ICB_218,copd,WelchAllyn Meditron Master Elite,75.0,1,1,4,0.48851594,0.031342622,0,3,adulto
ICB_04042_001,ICB_218,copd,WelchAllyn Meditron Master Elite,75.0,1,1,4,0.49600887,0.16652839,0,3,adulto
ICB_04042_002,ICB_218,copd,WelchAllyn Meditron Master Elite,75.0,1,1,4,0.79674035,0.9500895,3,3,adulto
ICB_04042_003,ICB_218,copd,WelchAllyn Meditron Master Elite,75.0,0,0,4,0.38679802,0.2890645,0,0,adulto
ICB_04042_004,ICB_218,copd,WelchAllyn Meditron Master Elite,75.0,0,1,4,0.56054443,0.7714295,2,2,adulto
ICB_04042_005,ICB_218,copd,WelchAllyn Meditron Master Elite,75.0,1,1,4,0.38769716,0.0828495,0,3,adulto
ICB_04042_006,ICB_218,copd,WelchAllyn Meditron Master Elite,75.0,1,1,4,0.37110242,0.02792548,0,3,adulto
ICB_04042_007,ICB_218,copd,WelchAllyn Meditron Master Elite,75.0,1,1,4,0.45347905,0.019985942,0,3,adulto
ICB_04042_008,ICB_218,copd,WelchAllyn Meditron Master Elite,75.0,1,0,4,0.5858079,0.05056793,0,1,adulto
ICB_04042_009,ICB_218,copd,WelchAllyn Meditron Master Elite,75.0,1,0,4,0.20059013,0.6525133,0,1,adulto
ICB_04042_010,ICB_218,copd,WelchAllyn Meditron Master Elite,75.0,1,1,4,0.11753678,0.5826099,0,3,adulto
ICB_04042_011,ICB_218,copd,WelchAllyn Meditron Master Elite,75.0,1,1,4,0.64910114,0.99266195,2,3,adulto
ICB_04042_012,ICB_218,copd,WelchAllyn Meditron Master Elite,75.0,1,1,4,0.3718001,0.5074478,0,3,adulto
ICB_04042_013,ICB_218,copd,WelchAllyn Meditron Master Elite,75.0,1,1,4,0.29298303,0.8224602,2,3,adulto
ICB_04042_014,ICB_218,copd,WelchAllyn Meditron Master Elite,75.0,1,1,4,0.59345984,0.9970276,2,3,adulto
ICB_04042_015,ICB_218,copd,WelchAllyn Meditron Master Elite,75.0,0,0,4,0.09463433,0.992222,2,0,adulto
ICB_04043_000,ICB_218,copd,WelchAllyn Meditron Master Elite,75.0,1,0,4,0.7387578,0.006051195,1,1,adulto
ICB_04043_001,ICB_218,copd,WelchAllyn Meditron Master Elite,75.0,1,0,4,0.8967654,0.0090242615,1,1,adulto
ICB_04043_002,ICB_218,copd,WelchAllyn Meditron Master Elite,75.0,1,0,4,0.6394566,0.007383499,0,1,adulto
ICB_04043_003,ICB_218,copd,WelchAllyn Meditron Master Elite,75.0,1,0,4,0.38908508,0.0051561,0,1,adulto
ICB_04043_004,ICB_218,copd,WelchAllyn Meditron Master Elite,75.0,1,0,4,0.44413233,0.004784418,0,1,adulto
ICB_04043_005,ICB_218,copd,WelchAllyn Meditron Master Elite,75.0,1,0,4,0.25880605,0.027611414,0,1,adulto
ICB_04043_006,ICB_218,copd,WelchAllyn Meditron Master Elite,75.0,1,0,4,0.55582947,0.0010390398,0,1,adulto
ICB_04043_007,ICB_218,copd,WelchAllyn Meditron Master Elite,75.0,1,0,4,0.71680796,0.037103467,1,1,adulto
ICB_04043_008,ICB_218,copd,WelchAllyn Meditron Master Elite,75.0,1,0,4,3.1509285e-23,3.546518e-07,0,1,adulto
ICB_04043_009,ICB_218,copd,WelchAllyn Meditron Master Elite,75.0,0,0,4,0.070565894,0.07780545,0,0,adulto
ICB_04043_010,ICB_218,copd,WelchAllyn Meditron Master Elite,75.0,1,0,4,5.2536996e-36,3.612777e-05,0,1,adulto
ICB_04043_011,ICB_218,copd,WelchAllyn Meditron Master Elite,75.0,1,0,4,0.14388946,0.14577039,0,1,adulto
ICB_04043_012,ICB_218,copd,WelchAllyn Meditron Master Elite,75.0,1,1,4,0.1538175,0.116297096,0,3,adulto
ICB_04043_013,ICB_218,copd,WelchAllyn Meditron Master Elite,75.0,1,1,4,0.43555218,0.20316975,0,3,adulto
ICB_04043_014,ICB_218,copd,WelchAllyn Meditron Master Elite,75.0,1,1,4,0.7819101,0.08289602,1,3,adulto
ICB_04043_015,ICB_218,copd,WelchAllyn Meditron Master Elite,75.0,0,1,4,0.20383795,0.036998242,0,2,adulto
ICB_04043_016,ICB_218,copd,WelchAllyn Meditron Master Elite,75.0,0,1,4,0.35401478,0.049856827,0,2,adulto
ICB_04043_017,ICB_218,copd,WelchAllyn Meditron Master Elite,75.0,1,1,4,0.56069785,0.5242471,0,3,adulto
ICB_04043_018,ICB_218,copd,WelchAllyn Meditron Master Elite,75.0,0,0,4,0.07924758,0.64201736,0,0,adulto
ICB_04044_000,ICB_218,copd,WelchAllyn Meditron Master Elite,75.0,0,0,4,0.2123047,0.00074003654,0,0,adulto
ICB_04044_001,ICB_218,copd,WelchAllyn Meditron Master Elite,75.0,1,0,4,0.27695718,0.0019845217,0,1,adulto
ICB_04044_002,ICB_218,copd,WelchAllyn Meditron Master Elite,75.0,1,0,4,0.28206846,0.0015966882,0,1,adulto
ICB_04044_003,ICB_218,copd,WelchAllyn Meditron Master Elite,75.0,1,0,4,0.4173157,0.0037729198,0,1,adulto
ICB_04044_004,ICB_218,copd,WelchAllyn Meditron Master Elite,75.0,1,0,4,0.5958191,0.011884812,0,1,adulto
ICB_04044_005,ICB_218,copd,WelchAllyn Meditron Master Elite,75.0,1,0,4,0.316838,0.004159405,0,1,adulto
ICB_04044_006,ICB_218,copd,WelchAllyn Meditron Master Elite,75.0,1,0,4,0.60743535,0.0024674183,0,1,adulto
ICB_04044_007,ICB_218,copd,WelchAllyn Meditron Master Elite,75.0,1,0,4,0.36961222,0.15144879,0,1,adulto
ICB_04044_008,ICB_218,copd,WelchAllyn Meditron Master Elite,75.0,1,0,4,0.42031482,0.0027580315,0,1,adulto
ICB_04044_009,ICB_218,copd,WelchAllyn Meditron Master Elite,75.0,1,0,4,0.15342954,0.7766923,2,1,adulto
ICB_04044_010,ICB_218,copd,WelchAllyn Meditron Master Elite,75.0,1,1,4,0.14304194,0.11118428,0,3,adulto
ICB_04044_011,ICB_218,copd,WelchAllyn Meditron Master Elite,75.0,1,1,4,0.02196829,0.089623116,0,3,adulto
ICB_04044_012,ICB_218,copd,WelchAllyn Meditron Master Elite,75.0,1,1,4,0.1665353,0.89648384,2,3,adulto
ICB_04044_013,ICB_218,copd,WelchAllyn Meditron Master Elite,75.0,1,1,4,0.027058348,0.08232393,0,3,adulto
ICB_04044_014,ICB_218,copd,WelchAllyn Meditron Master Elite,75.0,0,1,4,0.2607318,0.98747694,2,2,adulto
ICB_04044_015,ICB_218,copd,WelchAllyn Meditron Master Elite,75.0,0,1,4,0.11814065,0.85501075,2,2,adulto
ICB_04044_016,ICB_218,copd,WelchAllyn Meditron Master Elite,75.0,0,1,4,0.4597741,0.19766167,0,2,adulto
ICB_04044_017,ICB_218,copd,WelchAllyn Meditron Master Elite,75.0,0,0,4,0.36408427,0.4326161,0,0,adulto
ICB_04045_000,ICB_218,copd,WelchAllyn Meditron Master Elite,75.0,1,0,4,9.822493e-07,0.08291623,0,1,adulto
ICB_04045_001,ICB_218,copd,WelchAllyn Meditron Master Elite,75.0,1,1,4,0.41019917,0.038112875,0,3,adulto
ICB_04045_002,ICB_218,copd,WelchAllyn Meditron Master Elite,75.0,0,1,4,0.55102456,0.088316604,0,2,adulto
ICB_04045_003,ICB_218,copd,WelchAllyn Meditron Master Elite,75.0,1,1,4,0.2908398,0.12397445,0,3,adulto
ICB_04045_004,ICB_218,copd,WelchAllyn Meditron Master Elite,75.0,1,0,4,0.39715782,0.15817985,0,1,adulto
ICB_04045_005,ICB_218,copd,WelchAllyn Meditron Master Elite,75.0,1,1,4,0.6568864,0.38404685,1,3,adulto
ICB_04045_006,ICB_218,copd,WelchAllyn Meditron Master Elite,75.0,1,1,4,0.3681989,0.055396438,0,3,adulto
ICB_04045_007,ICB_218,copd,WelchAllyn Meditron Master Elite,75.0,1,0,4,0.5114909,0.025215056,0,1,adulto
ICB_04045_008,ICB_218,copd,WelchAllyn Meditron Master Elite,75.0,1,1,4,0.37829366,0.13375098,0,3,adulto
ICB_04045_009,ICB_218,copd,WelchAllyn Meditron Master Elite,75.0,1,1,4,0.29565623,0.3613481,0,3,adulto
ICB_04045_010,ICB_218,copd,WelchAllyn Meditron Master Elite,75.0,1,1,4,0.25306427,0.06276765,0,3,adulto
ICB_04045_011,ICB_218,copd,WelchAllyn Meditron Master Elite,75.0,1,1,4,0.220376,0.04010257,0,3,adulto
ICB_04045_012,ICB_218,copd,WelchAllyn Meditron Master Elite,75.0,1,1,4,0.177048,0.122797735,0,3,adulto
ICB_04045_013,ICB_218,copd,WelchAllyn Meditron Master Elite,75.0,1,1,4,0.25576884,0.033515062,0,3,adulto
ICB_04045_014,ICB_218,copd,WelchAllyn Meditron Master Elite,75.0,1,1,4,0.5417567,0.87725186,2,3,adulto
ICB_04045_015,ICB_218,copd,WelchAllyn Meditron Master Elite,75.0,0,1,4,0.52643704,0.90571886,2,2,adulto
ICB_04045_016,ICB_218,copd,WelchAllyn Meditron Master Elite,75.0,0,0,4,0.40430343,0.26819494,0,0,adulto
ICB_04045_017,ICB_218,copd,WelchAllyn Meditron Master Elite,75.0,0,0,4,0.32603723,0.7198249,2,0,adulto
ICB_04046_000,ICB_218,copd,3M Littmann 3200 Electronic,75.0,0,0,4,0.13315357,0.05596748,0,0,adulto
ICB_04046_001,ICB_218,copd,3M Littmann 3200 Electronic,75.0,0,0,4,0.039725162,0.1149002,0,0,adulto
ICB_04046_002,ICB_218,copd,3M Littmann 3200 Electronic,75.0,0,0,4,0.2598567,0.43088973,0,0,adulto
ICB_04046_003,ICB_218,copd,3M Littmann 3200 Electronic,75.0,0,1,4,0.19530468,0.99972934,2,2,adulto
ICB_04046_004,ICB_218,copd,3M Littmann 3200 Electronic,75.0,0,1,4,0.19966313,0.9958948,2,2,adulto
ICB_04046_005,ICB_218,copd,3M Littmann 3200 Electronic,75.0,0,1,4,0.1362825,0.9992323,2,2,adulto
ICB_04047_000,ICB_218,copd,3M Littmann 3200 Electronic,75.0,0,0,4,0.056283522,0.78127,2,0,adulto
ICB_04047_001,ICB_218,copd,3M Littmann 3200 Electronic,75.0,1,0,4,0.54458,0.13598038,0,1,adulto
ICB_04047_002,ICB_218,copd,3M Littmann 3200 Electronic,75.0,1,0,4,0.1784571,0.5121277,0,1,adulto
ICB_04047_003,ICB_218,copd,3M Littmann 3200 Electronic,75.0,0,0,4,0.10222322,0.28244054,0,0,adulto
ICB_04047_004,ICB_218,copd,3M Littmann 3200 Electronic,75.0,1,1,4,0.43423134,0.9893329,2,3,adulto
ICB_04047_005,ICB_218,copd,3M Littmann 3200 Electronic,75.0,1,1,4,0.35347024,0.96630514,2,3,adulto
ICB_04047_006,ICB_218,copd,3M Littmann 3200 Electronic,75.0,1,1,4,0.28246677,0.96324766,2,3,adulto
ICB_04047_007,ICB_218,copd,3M Littmann 3200 Electronic,75.0,1,1,4,0.15690412,0.8906719,2,3,adulto
ICB_04048_000,ICB_218,copd,3M Littmann 3200 Electronic,75.0,1,0,4,0.448078,0.59015507,0,1,adulto
ICB_04048_001,ICB_218,copd,3M Littmann 3200 Electronic,75.0,1,0,4,0.2205103,0.53994507,0,1,adulto
ICB_04048_002,ICB_218,copd,3M Littmann 3200 Electronic,75.0,0,0,4,0.0043475083,0.0057848464,0,0,adulto
ICB_04048_003,ICB_218,copd,3M Littmann 3200 Electronic,75.0,1,1,4,0.11294762,0.99291223,2,3,adulto
ICB_04048_004,ICB_218,copd,3M Littmann 3200 Electronic,75.0,1,1,4,0.07897946,0.9913209,2,3,adulto
ICB_04048_005,ICB_218,copd,3M Littmann 3200 Electronic,75.0,1,1,4,0.8335395,0.96104056,3,3,adulto
ICB_04048_006,ICB_218,copd,3M Littmann 3200 Electronic,75.0,1,1,4,0.33872956,0.99275017,2,3,adulto
