cycle_id,subject_id,pathology_label,equipment,age_years,crackle,wheeze,fold,p_crackle,p_wheeze,pred_4class,true_4class,age_group
ICB_03174_000,ICB_106,copd,3M Littmann Classic II SE,73.0,1,0,0,0.4604876,0.27068016,0,1,adulto
ICB_03174_001,ICB_106,copd,3M Littmann Classic II SE,73.0,1,0,0,0.6312294,0.37208802,0,1,adulto
ICB_03174_002,ICB_106,copd,3M Littmann Classic II SE,73.0,0,0,0,0.5989738,0.49559045,0,0,adulto
ICB_03174_003,ICB_106,copd,3M Littmann Classic II SE,73.0,1,0,0,0.6198207,0.5213705,0,1,adulto
ICB_03174_004,ICB_106,copd,3M Littmann Classic II SE,73.0,1,0,0,0.5780547,0.5606496,0,1,adulto
ICB_03174_005,ICB_106,copd,3M Littmann Classic II SE,73.0,1,0,0,0.54031336,0.62494415,0,1,adulto
ICB_03174_006,ICB_106,copd,3M Littmann Classic II SE,73.0,1,0,0,0.5960402,0.4587049,0,1,adulto
ICB_03174_007,ICB_106,copd,3M Littmann Classic II SE,73.0,1,0,0,0.69610626,0.4597954,1,1,adulto
ICB_03174_008,ICB_106,copd,3M Littmann Classic II SE,73.0,1,0,0,0.5283087,0.53914964,0,1,adulto
ICB_03175_000,ICB_106,copd,3M Littmann Classic II SE,73.0,0,1,0,0.6376043,0.45956454,0,2,adulto
ICB_03175_001,ICB_106,copd,3M Littmann Classic II SE,73.0,0,1,0,0.64588714,0.6204103,0,2,adulto
ICB_03175_002,ICB_106,copd,3M Littmann Classic II SE,73.0,0,0,0,0.65500075,0.36909488,1,0,adulto
ICB_03175_003,ICB_106,copd,3M Littmann Classic II SE,73.0,0,1,0,0.615405,0.6966433,2,2,adulto
ICB_03175_004,ICB_106,copd,3M Littmann Classic II SE,73.0,0,1,0,0.668773,0.5614304,1,2,adulto
ICB_03175_005,ICB_106,copd,3M Littmann Classic II SE,73.0,0,1,0,0.58159745,0.6597574,2,2,adulto
ICB_03175_006,ICB_106,copd,3M Littmann Classic II SE,73.0,0,1,0,0.6922951,0.26787725,1,2,adulto
ICB_03175_007,ICB_106,copd,3M Littmann Classic II SE,73.0,0,1,0,0.62867385,0.45861802,0,2,adulto
ICB_03175_008,ICB_106,copd,3M Littmann Classic II SE,73.0,0,0,0,0.59798753,0.3414684,0,0,adulto
ICB_03234_000,ICB_115,respiratory_infection,3M Littmann Classic II SE,0.58,0,0,0,0.5045574,0.2479049,0,0,pediátrico (<18)
ICB_03234_001,ICB_115,respiratory_infection,3M Littmann Classic II SE,0.58,0,0,0,0.40171608,0.20023204,0,0,pediátrico (<18)
ICB_03234_002,ICB_115,respiratory_infection,3M Littmann Classic II SE,0.58,0,0,0,0.45430228,0.12637353,0,0,pediátrico (<18)
ICB_03234_003,ICB_115,respiratory_infection,3M Littmann Classic II SE,0.58,0,0,0,0.47489047,0.24997887,0,0,pediátrico (<18)
ICB_03234_004,ICB_115,respiratory_infection,3M Littmann Classic II SE,0.58,0,0,0,0.569381,0.25276205,0,0,pediátrico (<18)
ICB_03234_005,ICB_115,respiratory_infection,3M Littmann Classic II SE,0.58,0,0,0,0.28705174,0.14002156,0,0,pediátrico (<18)
ICB_03234_006,ICB_115,respiratory_infection,3M Littmann Classic II SE,0.58,0,0,0,0.42965302,0.21813276,0,0,pediátrico (<18)
ICB_03234_007,ICB_115,respiratory_infection,3M Littmann Classic II SE,0.58,0,0,0,0.36763033,0.14530155,0,0,pediátrico (<18)
ICB_03234_008,ICB_115,respiratory_infection,3M Littmann Classic II SE,0.58,0,0,0,0.3702252,0.14608897,0,0,pediátrico (<18)
ICB_03234_009,ICB_115,respiratory_infection,3M Littmann Classic II SE,0.58,0,0,0,0.38876298,0.13891499,0,0,pediátrico (<18)
ICB_03234_010,ICB_115,respiratory_infection,3M Littmann Classic II SE,0.58,0,0,0,0.4373841,0.19449572,0,0,pediátrico (<18)
ICB_03234_011,ICB_115,respiratory_infection,3M Littmann Classic II SE,0.58,0,0,0,0.40638566,0.17154999,0,0,pediátrico (<18)
ICB_03234_012,ICB_115,respiratory_infection,3M Littmann Classic II SE,0.58,0,1,0,0.37710428,0.35007778,0,2,pediátrico (<18)
ICB_03234_013,ICB_115,respiratory_infection,3M Littmann Classic II SE,0.58,0,0,0,0.3375374,0.18621181,0,0,pediátrico (<18)
ICB_03234_014,ICB_115,respiratory_infection,3M Littmann Classic II SE,0.58,0,0,0,0.41795552,0.08712637,0,0,pediátrico (<18)
ICB_03234_015,ICB_115,respiratory_infection,3M Littmann Classic II SE,0.58,0,0,0,0.4311635,0.13017,0,0,pediátrico (<18)
ICB_03234_016,ICB_115,respiratory_infection,3M Littmann Classic II SE,0.58,0,0,0,0.55976963,0.20242554,0,0,pediátrico (<18)
ICB_03234_017,ICB_115,respiratory_infection,3M Littmann Classic II SE,0.58,0,0,0,0.55957127,0.19165967,0,0,pediátrico (<18)
ICB_03234_018,ICB_115,respiratory_infection,3M Littmann Classic II SE,0.58,0,0,0,0.41957426,0.1388622,0,0,pediátrico (<18)
ICB_03234_019,ICB_115,respiratory_infection,3M Littmann Classic II SE,0.58,0,0,0,0.507696,0.14280435,0,0,pediátrico (<18)
ICB_03234_020,ICB_115,respiratory_infection,3M Littmann Classic II SE,0.58,0,0,0,0.5603311,0.22156121,0,0,pediátrico (<18)
ICB_03234_021,ICB_115,respiratory_infection,3M Littmann Classic II SE,0.58,0,0,0,0.55885834,0.1649137,0,0,pediátrico (<18)
ICB_03234_022,ICB_115,respiratory_infection,3M Littmann Classic II SE,0.58,0,0,0,0.46923447,0.10173961,0,0,pediátrico (<18)
ICB_03234_023,ICB_115,respiratory_infection,3M Littmann Classic II SE,0.58,0,0,0,0.39239997,0.13472329,0,0,pediátrico (<18)
ICB_03235_000,ICB_116,bronchiectasis,3M Littmann Classic II SE,56.0,0,0,0,0.60864323,0.32040647,0,0,adulto
ICB_03235_001,ICB_116,bronchiectasis,3M Littmann Classic II SE,56.0,0,1,0,0.5716326,0.98863703,2,2,adulto
ICB_03235_002,ICB_116,bronchiectasis,3M Littmann Classic II SE,56.0,0,1,0,0.6905272,0.9179959,3,2,adulto
ICB_03235_003,ICB_116,bronchiectasis,3M Littmann Classic II SE,56.0,0,0,0,0.49741492,0.20793921,0,0,adulto
ICB_03236_000,ICB_116,bronchiectasis,3M Littmann Classic II SE,56.0,0,0,0,0.39333484,0.1988539,0,0,adulto
ICB_03236_001,ICB_116,bronchiectasis,3M Littmann Classic II SE,56.0,0,0,0,0.4185456,0.20429672,0,0,adulto
ICB_03236_002,ICB_116,bronchiectasis,3M Littmann Classic II SE,56.0,0,0,0,0.4221088,0.14707188,0,0,adulto
ICB_03236_003,ICB_116,bronchiectasis,3M Littmann Classic II SE,56.0,0,0,0,0.30420232,0.07137884,0,0,adulto
ICB_03237_000,ICB_117,copd,3M Littmann Classic II SE,68.0,0,0,0,0.39928013,0.4536201,0,0,adulto
ICB_03237_001,ICB_117,copd,3M Littmann Classic II SE,68.0,0,0,0,0.45613867,0.33403063,0,0,adulto
ICB_03237_002,ICB_117,copd,3M Littmann Classic II SE,68.0,0,0,0,0.42523718,0.2962244,0,0,adulto
ICB_03237_003,ICB_117,copd,3M Littmann Classic II SE,68.0,0,0,0,0.4015823,0.4983152,0,0,adulto
ICB_03237_004,ICB_117,copd,3M Littmann Classic II SE,68.0,0,0,0,0.35877404,0.28891915,0,0,adulto
ICB_03237_005,ICB_117,copd,3M Littmann Classic II SE,68.0,0,0,0,0.4216693,0.24491279,0,0,adulto
ICB_03237_006,ICB_117,copd,3M Littmann Classic II SE,68.0,0,0,0,0.5876305,0.34740478,0,0,adulto
ICB_03238_000,ICB_117,copd,3M Littmann Classic II SE,68.0,0,1,0,0.4412898,0.43889514,0,2,adulto
ICB_03238_001,ICB_117,copd,3M Littmann Classic II SE,68.0,0,1,0,0.56300163,0.68291783,2,2,adulto
ICB_03238_002,ICB_117,copd,3M Littmann Classic II SE,68.0,0,1,0,0.46665236,0.4904022,0,2,adulto
ICB_03238_003,ICB_117,copd,3M Littmann Classic II SE,68.0,0,1,0,0.46375263,0.55718267,0,2,adulto
ICB_03238_004,ICB_117,copd,3M Littmann Classic II SE,68.0,0,1,0,0.5383388,0.37516075,0,2,adulto
ICB_03273_000,ICB_129,respiratory_infection,3M Littmann Classic II SE,6.0,0,0,0,0.5895878,0.13974449,0,0,pediátrico (<18)
ICB_03273_001,ICB_129,respiratory_infection,3M Littmann Classic II SE,6.0,1,0,0,0.5846984,0.29751435,0,1,pediátrico (<18)
ICB_03273_002,ICB_129,respiratory_infection,3M Littmann Classic II SE,6.0,0,0,0,0.6181871,0.27638176,0,0,pediátrico (<18)
ICB_03273_003,ICB_129,respiratory_infection,3M Littmann Classic II SE,6.0,1,0,0,0.55205756,0.1193149,0,1,pediátrico (<18)
ICB_03273_004,ICB_129,respiratory_infection,3M Littmann Classic II SE,6.0,1,0,0,0.5965101,0.28137103,0,1,pediátrico (<18)
ICB_03273_005,ICB_129,respiratory_infection,3M Littmann Classic II SE,6.0,1,0,0,0.5629546,0.36691895,0,1,pediátrico (<18)
ICB_03273_006,ICB_129,respiratory_infection,3M Littmann Classic II SE,6.0,1,0,0,0.54336935,0.21693075,0,1,pediátrico (<18)
ICB_03273_007,ICB_129,respiratory_infection,3M Littmann Classic II SE,6.0,0,0,0,0.518287,0.20373286,0,0,pediátrico (<18)
ICB_03273_008,ICB_129,respiratory_infection,3M Littmann Classic II SE,6.0,0,0,0,0.5972843,0.37617752,0,0,pediátrico (<18)
ICB_03380_000,ICB_136,normal_lung,AKG C417L Microphone,5.0,0,0,0,0.6002173,0.36202085,0,0,pediátrico (<18)
ICB_03380_001,ICB_136,normal_lung,AKG C417L Microphone,5.0,0,0,0,0.55254304,0.27512714,0,0,pediátrico (<18)
ICB_03380_002,ICB_136,normal_lung,AKG C417L Microphone,5.0,0,0,0,0.5058564,0.21901144,0,0,pediátrico (<18)
ICB_03380_003,ICB_136,normal_lung,AKG C417L Microphone,5.0,0,0,0,0.57896316,0.21076815,0,0,pediátrico (<18)
ICB_03380_004,ICB_136,normal_lung,AKG C417L Microphone,5.0,0,0,0,0.5339405,0.15932077,0,0,pediátrico (<18)
ICB_03380_005,ICB_136,normal_lung,AKG C417L Microphone,5.0,0,0,0,0.49261576,0.21418159,0,0,pediátrico (<18)
ICB_03380_006,ICB_136,normal_lung,AKG C417L Microphone,5.0,0,0,0,0.5186916,0.25174522,0,0,pediátrico (<18)
ICB_03380_007,ICB_136,normal_lung,AKG C417L Microphone,5.0,0,0,0,0.55262977,0.3679308,0,0,pediátrico (<18)
ICB_03380_008,ICB_136,normal_lung,AKG C417L Microphone,5.0,0,0,0,0.5636835,0.31165922,0,0,pediátrico (<18)
ICB_03381_000,ICB_137,respiratory_infection,3M Littmann Classic II SE,4.0,0,0,0,0.6306337,0.3802669,0,0,pediátrico (<18)
ICB_03381_001,ICB_137,respiratory_infection,3M Littmann Classic II SE,4.0,0,0,0,0.5875674,0.2591738,0,0,pediátrico (<18)
ICB_03381_002,ICB_137,respiratory_infection,3M Littmann Classic II SE,4.0,0,0,0,0.5630505,0.29032463,0,0,pediátrico (<18)
ICB_03381_003,ICB_137,respiratory_infection,3M Littmann Classic II SE,4.0,0,0,0,0.56828946,0.33063543,0,0,pediátrico (<18)
ICB_03381_004,ICB_137,respiratory_infection,3M Littmann Classic II SE,4.0,0,0,0,0.4368416,0.30564258,0,0,pediátrico (<18)
ICB_03381_005,ICB_137,respiratory_infection,3M Littmann Classic II SE,4.0,0,0,0,0.58879656,0.24036649,0,0,pediátrico (<18)
ICB_03381_006,ICB_137,respiratory_infection,3M Littmann Classic II SE,4.0,0,0,0,0.6283218,0.3695177,0,0,pediátrico (<18)
ICB_03381_007,ICB_137,respiratory_infection,3M Littmann Classic II SE,4.0,0,0,0,0.54260576,0.26360488,0,0,pediátrico (<18)
ICB_03382_000,ICB_137,respiratory_infection,3M Littmann Classic II SE,4.0,0,0,0,0.4222109,0.46057382,0,0,pediátrico (<18)
ICB_03382_001,ICB_137,respiratory_infection,3M Littmann Classic II SE,4.0,0,0,0,0.5618716,0.57928073,0,0,pediátrico (<18)
ICB_03382_002,ICB_137,respiratory_infection,3M Littmann Classic II SE,4.0,0,0,0,0.43902925,0.4490979,0,0,pediátrico (<18)
ICB_03382_003,ICB_137,respiratory_infection,3M Littmann Classic II SE,4.0,0,0,0,0.506329,0.5573725,0,0,pediátrico (<18)
ICB_03382_004,ICB_137,respiratory_infection,3M Littmann Classic II SE,4.0,0,0,0,0.4853869,0.28160483,0,0,pediátrico (<18)
ICB_03382_005,ICB_137,respiratory_infection,3M Littmann Classic II SE,4.0,0,0,0,0.49176764,0.37877947,0,0,pediátrico (<18)
ICB_03382_006,ICB_137,respiratory_infection,3M Littmann Classic II SE,4.0,0,0,0,0.53296036,0.49630156,0,0,pediátrico (<18)
ICB_03382_007,ICB_137,respiratory_infection,3M Littmann Classic II SE,4.0,0,0,0,0.47855893,0.61468154,0,0,pediátrico (<18)
ICB_03382_008,ICB_137,respiratory_infection,3M Littmann Classic II SE,4.0,0,0,0,0.5350761,0.57684433,0,0,pediátrico (<18)
ICB_03410_000,ICB_139,copd,3M Littmann 3200 Electronic,61.0,0,0,0,0.2881975,0.8073753,2,0,adulto
ICB_03410_001,ICB_139,copd,3M Littmann 3200 Electronic,61.0,0,0,0,0.40894872,0.7312947,2,0,adulto
ICB_03410_002,ICB_139,copd,3M Littmann 3200 Electronic,61.0,0,0,0,0.3062875,0.67860353,2,0,adulto
ICB_03410_003,ICB_139,copd,3M Littmann 3200 Electronic,61.0,0,0,0,0.39788845,0.7748442,2,0,adulto
ICB_03410_004,ICB_139,copd,3M Littmann 3200 Electronic,61.0,0,0,0,0.43776533,0.7517631,2,0,adulto
ICB_03410_005,ICB_139,copd,3M Littmann 3200 Electronic,61.0,0,0,0,0.36149088,0.992152,2,0,adulto
ICB_03410_006,ICB_139,copd,3M Littmann 3200 Electronic,61.0,0,0,0,0.34292203,0.97760504,2,0,adulto
ICB_03410_007,ICB_139,copd,3M Littmann 3200 Electronic,61.0,0,0,0,0.3813382,0.91705203,2,0,adulto
ICB_03410_008,ICB_139,copd,3M Littmann 3200 Electronic,61.0,0,0,0,0.25405207,0.86361635,2,0,adulto
ICB_03410_009,ICB_139,copd,3M Littmann 3200 Electronic,61.0,0,0,0,0.40580285,0.7199781,2,0,adulto
ICB_03411_000,ICB_139,copd,3M Littmann 3200 Electronic,61.0,0,0,0,0.35334593,0.81532496,2,0,adulto
ICB_03411_001,ICB_139,copd,3M Littmann 3200 Electronic,61.0,0,0,0,0.43589312,0.75332797,2,0,adulto
ICB_03411_002,ICB_139,copd,3M Littmann 3200 Electronic,61.0,0,0,0,0.47656882,0.811831,2,0,adulto
ICB_03411_003,ICB_139,copd,3M Littmann 3200 Electronic,61.0,0,0,0,0.40869802,0.7750791,2,0,adulto
ICB_03411_004,ICB_139,copd,3M Littmann 3200 Electronic,61.0,0,0,0,0.32305756,0.9003827,2,0,adulto
ICB_03411_005,ICB_139,copd,3M Littmann 3200 Electronic,61.0,0,0,0,0.36986881,0.89000076,2,0,adulto
ICB_03411_006,ICB_139,copd,3M Littmann 3200 Electronic,61.0,0,0,0,0.400255,0.84894335,2,0,adulto
ICB_03411_007,ICB_139,copd,3M Littmann 3200 Electronic,61.0,0,0,0,0.22786045,0.86295927,2,0,adulto
ICB_03411_008,ICB_139,copd,3M Littmann 3200 Electronic,61.0,0,0,0,0.54552716,0.50848544,0,0,adulto
ICB_03412_000,ICB_139,copd,3M Littmann 3200 Electronic,61.0,1,1,0,0.46978816,0.8592021,2,3,adulto
ICB_03412_001,ICB_139,copd,3M Littmann 3200 Electronic,61.0,0,0,0,0.37474903,0.9047415,2,0,adulto
ICB_03412_002,ICB_139,copd,3M Littmann 3200 Electronic,61.0,0,0,0,0.4152228,0.79724956,2,0,adulto
ICB_03412_003,ICB_139,copd,3M Littmann 3200 Electronic,61.0,0,0,0,0.36821884,0.7582954,2,0,adulto
ICB_03412_004,ICB_139,copd,3M Littmann 3200 Electronic,61.0,0,0,0,0.46021986,0.8894948,2,0,adulto
ICB_03412_005,ICB_139,copd,3M Littmann 3200 Electronic,61.0,0,0,0,0.39739138,0.9290692,2,0,adulto
ICB_03412_006,ICB_139,copd,3M Littmann 3200 Electronic,61.0,0,0,0,0.29030347,0.99107134,2,0,adulto
ICB_03412_007,ICB_139,copd,3M Littmann 3200 Electronic,61.0,0,0,0,0.5302637,0.9400789,2,0,adulto
ICB_03413_000,ICB_139,copd,3M Littmann 3200 Electronic,61.0,0,0,0,0.37396514,0.8303229,2,0,adulto
ICB_03413_001,ICB_139,copd,3M Littmann 3200 Electronic,61.0,1,0,0,0.3585958,0.50039166,0,1,adulto
ICB_03413_002,ICB_139,copd,3M Littmann 3200 Electronic,61.0,1,0,0,0.32339627,0.7918074,2,1,adulto
ICB_03413_003,ICB_139,copd,3M Littmann 3200 Electronic,61.0,1,0,0,0.4480824,0.7705837,2,1,adulto
ICB_03413_004,ICB_139,copd,3M Littmann 3200 Electronic,61.0,0,0,0,0.23021449,0.9830078,2,0,adulto
ICB_03413_005,ICB_139,copd,3M Littmann 3200 Electronic,61.0,0,0,0,0.4602018,0.5794046,0,0,adulto
ICB_03414_000,ICB_139,copd,3M Littmann 3200 Electronic,61.0,0,1,0,0.35180312,0.5973653,0,2,adulto
ICB_03414_001,ICB_139,copd,3M Littmann 3200 Electronic,61.0,0,1,0,0.44120678,0.67785776,2,2,adulto
ICB_03414_002,ICB_139,copd,3M Littmann 3200 Electronic,61.0,0,1,0,0.31907776,0.85928136,2,2,adulto
ICB_03414_003,ICB_139,copd,3M Littmann 3200 Electronic,61.0,0,0,0,0.3019556,0.76279473,2,0,adulto
ICB_03414_004,ICB_139,copd,3M Littmann 3200 Electronic,61.0,0,0,0,0.32015237,0.97215974,2,0,adulto
ICB_03414_005,ICB_139,copd,3M Littmann 3200 Electronic,61.0,0,0,0,0.61946595,0.6165732,0,0,adulto
ICB_03415_000,ICB_139,copd,3M Littmann 3200 Electronic,61.0,0,0,0,0.4328865,0.7350286,2,0,adulto
ICB_03415_001,ICB_139,copd,3M Littmann 3200 Electronic,61.0,0,0,0,0.42492828,0.7213695,2,0,adulto
ICB_03415_002,ICB_139,copd,3M Littmann 3200 Electronic,61.0,0,1,0,0.33091444,0.9073038,2,2,adulto
ICB_03415_003,ICB_139,copd,3M Littmann 3200 Electronic,61.0,0,1,0,0.40421018,0.8314661,2,2,adulto
ICB_03415_004,ICB_139,copd,3M Littmann 3200 Electronic,61.0,0,1,0,0.3783409,0.7798837,2,2,adulto
ICB_03415_005,ICB_139,copd,3M Littmann 3200 Electronic,61.0,0,1,0,0.13920157,0.97851884,2,2,adulto
ICB_03415_006,ICB_139,copd,3M Littmann 3200 Electronic,61.0,0,0,0,0.2561495,0.8901398,2,0,adulto
ICB_03430_000,ICB_144,normal_lung,AKG C417L Microphone,3.0,0,0,0,0.56097776,0.3995062,0,0,pediátrico (<18)
ICB_03430_001,ICB_144,normal_lung,AKG C417L Microphone,3.0,0,0,0,0.6407885,0.3341754,0,0,pediátrico (<18)
ICB_03430_002,ICB_144,normal_lung,AKG C417L Microphone,3.0,0,0,0,0.61233044,0.3763167,0,0,pediátrico (<18)
ICB_03430_003,ICB_144,normal_lung,AKG C417L Microphone,3.0,0,0,0,0.6819385,0.22093926,1,0,pediátrico (<18)
ICB_03430_004,ICB_144,normal_lung,AKG C417L Microphone,3.0,0,0,0,0.54746467,0.38926834,0,0,pediátrico (<18)
ICB_03430_005,ICB_144,normal_lung,AKG C417L Microphone,3.0,0,0,0,0.48650324,0.34595445,0,0,pediátrico (<18)
ICB_03430_006,ICB_144,normal_lung,AKG C417L Microphone,3.0,0,0,0,0.490189,0.3236887,0,0,pediátrico (<18)
ICB_03430_007,ICB_144,normal_lung,AKG C417L Microphone,3.0,0,0,0,0.5137809,0.16623338,0,0,pediátrico (<18)
ICB_03430_008,ICB_144,normal_lung,AKG C417L Microphone,3.0,0,0,0,0.5456691,0.6240316,0,0,pediátrico (<18)
ICB_03430_009,ICB_144,normal_lung,AKG C417L Microphone,3.0,0,0,0,0.48109153,0.23013446,0,0,pediátrico (<18)
ICB_03431_000,ICB_144,normal_lung,AKG C417L Microphone,3.0,0,0,0,0.2584333,0.24422258,0,0,pediátrico (<18)
ICB_03431_001,ICB_144,normal_lung,AKG C417L Microphone,3.0,0,0,0,0.34257632,0.22277242,0,0,pediátrico (<18)
ICB_03431_002,ICB_144,normal_lung,AKG C417L Microphone,3.0,0,0,0,0.34695917,0.23049876,0,0,pediátrico (<18)
ICB_03431_003,ICB_144,normal_lung,AKG C417L Microphone,3.0,0,0,0,0.38709795,0.2822958,0,0,pediátrico (<18)
ICB_03431_004,ICB_144,normal_lung,AKG C417L Microphone,3.0,0,0,0,0.36302137,0.4132398,0,0,pediátrico (<18)
ICB_03431_005,ICB_144,normal_lung,AKG C417L Microphone,3.0,0,0,0,0.47696593,0.30708417,0,0,pediátrico (<18)
ICB_03431_006,ICB_144,normal_lung,AKG C417L Microphone,3.0,0,0,0,0.5204055,0.34824115,0,0,pediátrico (<18)
ICB_03431_007,ICB_144,normal_lung,AKG C417L Microphone,3.0,0,0,0,0.5297867,0.3142196,0,0,pediátrico (<18)
ICB_03431_008,ICB_144,normal_lung,AKG C417L Microphone,3.0,0,0,0,0.30983472,0.4438385,0,0,pediátrico (<18)
ICB_03431_009,ICB_144,normal_lung,AKG C417L Microphone,3.0,0,0,0,0.49470484,0.2969586,0,0,pediátrico (<18)
ICB_03432_000,ICB_145,copd,AKG C417L Microphone,69.0,0,0,0,0.7197984,0.45770267,1,0,adulto
ICB_03432_001,ICB_145,copd,AKG C417L Microphone,69.0,0,0,0,0.66178036,0.59210545,1,0,adulto
ICB_03432_002,ICB_145,copd,AKG C417L Microphone,69.0,0,0,0,0.6566054,0.7134302,3,0,adulto
ICB_03432_003,ICB_145,copd,AKG C417L Microphone,69.0,0,0,0,0.72502494,0.5689606,1,0,adulto
ICB_03432_004,ICB_145,copd,AKG C417L Microphone,69.0,0,0,0,0.68542576,0.6023609,1,0,adulto
ICB_03433_000,ICB_145,copd,AKG C417L Microphone,69.0,1,0,0,0.6964322,0.5610461,1,1,adulto
ICB_03433_001,ICB_145,copd,AKG C417L Microphone,69.0,0,0,0,0.69666964,0.61275005,1,0,adulto
ICB_03433_002,ICB_145,copd,AKG C417L Microphone,69.0,1,0,0,0.6963513,0.30530244,1,1,adulto
ICB_03433_003,ICB_145,copd,AKG C417L Microphone,69.0,1,0,0,0.7203282,0.49164048,1,1,adulto
ICB_03433_004,ICB_145,copd,AKG C417L Microphone,69.0,0,0,0,0.6449387,0.3360261,0,0,adulto
ICB_03434_000,ICB_145,copd,AKG C417L Microphone,69.0,0,0,0,0.61946255,0.6847768,2,0,adulto
ICB_03434_001,ICB_145,copd,AKG C417L Microphone,69.0,0,0,0,0.71895534,0.4627055,1,0,adulto
ICB_03434_002,ICB_145,copd,AKG C417L Microphone,69.0,0,0,0,0.7028484,0.64874816,1,0,adulto
ICB_03434_003,ICB_145,copd,AKG C417L Microphone,69.0,0,0,0,0.6462478,0.63931775,0,0,adulto
ICB_03434_004,ICB_145,copd,AKG C417L Microphone,69.0,0,0,0,0.56500995,0.4525753,0,0,adulto
ICB_03435_000,ICB_145,copd,AKG C417L Microphone,69.0,0,0,0,0.7003211,0.42901155,1,0,adulto
ICB_03435_001,ICB_145,copd,AKG C417L Microphone,69.0,0,0,0,0.73903966,0.52239025,1,0,adulto
ICB_03435_002,ICB_145,copd,AKG C417L Microphone,69.0,0,0,0,0.6416833,0.32874104,0,0,adulto
ICB_03435_003,ICB_145,copd,AKG C417L Microphone,69.0,0,0,0,0.70026314,0.42009035,1,0,adulto
ICB_03435_004,ICB_145,copd,AKG C417L Microphone,69.0,0,0,0,0.69534117,0.34178454,1,0,adulto
ICB_03436_000,ICB_145,copd,AKG C417L Microphone,69.0,0,0,0,0.7077102,0.64191556,1,0,adulto
ICB_03436_001,ICB_145,copd,AKG C417L Microphone,69.0,0,0,0,0.6803712,0.8015613,3,0,adulto
ICB_03436_002,ICB_145,copd,AKG C417L Microphone,69.0,0,0,0,0.6994567,0.53616226,1,0,adulto
ICB_03436_003,ICB_145,copd,AKG C417L Microphone,69.0,0,0,0,0.73156387,0.79175234,3,0,adulto
ICB_03436_004,ICB_145,copd,AKG C417L Microphone,69.0,0,0,0,0.8515597,0.51672196,1,0,adulto
ICB_03436_005,ICB_145,copd,AKG C417L Microphone,69.0,0,0,0,0.67837155,0.7112555,3,0,adulto
ICB_03437_000,ICB_145,copd,AKG C417L Microphone,69.0,1,0,0,0.66458213,0.2558002,1,1,adulto
ICB_03437_001,ICB_145,copd,AKG C417L Microphone,69.0,1,0,0,0.6650944,0.6120527,1,1,adulto
ICB_03437_002,ICB_145,copd,AKG C417L Microphone,69.0,1,0,0,0.7393524,0.5984614,1,1,adulto
ICB_03437_003,ICB_145,copd,AKG C417L Microphone,69.0,1,0,0,0.72224313,0.4657596,1,1,adulto
ICB_03437_004,ICB_145,copd,AKG C417L Microphone,69.0,1,0,0,0.71843755,0.56574696,1,1,adulto
ICB_03437_005,ICB_145,copd,AKG C417L Microphone,69.0,1,0,0,0.71428615,0.71969426,3,1,adulto
ICB_03438_000,ICB_145,copd,AKG C417L Microphone,69.0,0,0,0,0.72382325,0.61738324,1,0,adulto
ICB_03438_001,ICB_145,copd,AKG C417L Microphone,69.0,0,0,0,0.7731804,0.6349251,1,0,adulto
ICB_03438_002,ICB_145,copd,AKG C417L Microphone,69.0,0,0,0,0.771306,0.7419921,3,0,adulto
ICB_03438_003,ICB_145,copd,AKG C417L Microphone,69.0,0,0,0,0.7303229,0.62488204,1,0,adulto
ICB_03438_004,ICB_145,copd,AKG C417L Microphone,69.0,0,0,0,0.72726446,0.50887424,1,0,adulto
ICB_03439_000,ICB_146,copd,AKG C417L Microphone,67.0,0,0,0,0.70912236,0.37631956,1,0,adulto
ICB_03439_001,ICB_146,copd,AKG C417L Microphone,67.0,0,0,0,0.67674184,0.31359142,1,0,adulto
ICB_03439_002,ICB_146,copd,AKG C417L Microphone,67.0,1,1,0,0.71642745,0.5186203,1,3,adulto
ICB_03439_003,ICB_146,copd,AKG C417L Microphone,67.0,1,1,0,0.64490134,0.6819097,2,3,adulto
ICB_03439_004,ICB_146,copd,AKG C417L Microphone,67.0,1,1,0,0.67190856,0.8088782,3,3,adulto
ICB_03440_000,ICB_146,copd,AKG C417L Microphone,67.0,0,0,0,0.5607076,0.16611668,0,0,adulto
ICB_03440_001,ICB_146,copd,AKG C417L Microphone,67.0,0,0,0,0.6757432,0.2679878,1,0,adulto
ICB_03440_002,ICB_146,copd,AKG C417L Microphone,67.0,0,0,0,0.729122,0.5474638,1,0,adulto
ICB_03440_003,ICB_146,copd,AKG C417L Microphone,67.0,0,0,0,0.7057676,0.3210696,1,0,adulto
ICB_03440_004,ICB_146,copd,AKG C417L Microphone,67.0,0,0,0,0.73744476,0.33166698,1,0,adulto
ICB_03440_005,ICB_146,copd,AKG C417L Microphone,67.0,0,0,0,0.67806655,0.44855762,1,0,adulto
ICB_03441_000,ICB_146,copd,AKG C417L Microphone,67.0,0,0,0,0.64520633,0.22540346,0,0,adulto
ICB_03441_001,ICB_146,copd,AKG C417L Microphone,67.0,0,0,0,0.61399734,0.25879684,0,0,adulto
ICB_03441_002,ICB_146,copd,AKG C417L Microphone,67.0,0,0,0,0.70303595,0.3716156,1,0,adulto
ICB_03441_003,ICB_146,copd,AKG C417L Microphone,67.0,0,0,0,0.70661837,0.2706434,1,0,adulto
ICB_03441_004,ICB_146,copd,AKG C417L Microphone,67.0,0,0,0,0.69898754,0.48901454,1,0,adulto
ICB_03441_005,ICB_146,copd,AKG C417L Microphone,67.0,0,0,0,0.6188015,0.39563927,0,0,adulto
ICB_03442_000,ICB_146,copd,AKG C417L Microphone,67.0,0,0,0,0.65170264,0.5581934,1,0,adulto
ICB_03442_001,ICB_146,copd,AKG C417L Microphone,67.0,0,0,0,0.7197634,0.755558,3,0,adulto
ICB_03442_002,ICB_146,copd,AKG C417L Microphone,67.0,0,0,0,0.72170424,0.7362608,3,0,adulto
ICB_03442_003,ICB_146,copd,AKG C417L Microphone,67.0,0,0,0,0.7076294,0.8727247,3,0,adulto
ICB_03442_004,ICB_146,copd,AKG C417L Microphone,67.0,0,0,0,0.6989413,0.7132805,3,0,adulto
ICB_03442_005,ICB_146,copd,AKG C417L Microphone,67.0,0,0,0,0.63907605,0.4899548,0,0,adulto
ICB_03443_000,ICB_146,copd,AKG C417L Microphone,67.0,0,0,0,0.61527735,0.34867832,0,0,adulto
ICB_03443_001,ICB_146,copd,AKG C417L Microphone,67.0,0,0,0,0.64592767,0.31529418,0,0,adulto
ICB_03443_002,ICB_146,copd,AKG C417L Microphone,67.0,0,0,0,0.5164976,0.386166,0,0,adulto
ICB_03443_003,ICB_146,copd,AKG C417L Microphone,67.0,0,0,0,0.538292,0.30996242,0,0,adulto
ICB_03443_004,ICB_146,copd,AKG C417L Microphone,67.0,0,0,0,0.7032022,0.41433868,1,0,adulto
ICB_03443_005,ICB_146,copd,AKG C417L Microphone,67.0,0,0,0,0.6715195,0.559104,1,0,adulto
ICB_03444_000,ICB_146,copd,AKG C417L Microphone,67.0,0,0,0,0.73530716,0.42081732,1,0,adulto
ICB_03444_001,ICB_146,copd,AKG C417L Microphone,67.0,0,0,0,0.7733881,0.60358554,1,0,adulto
ICB_03444_002,ICB_146,copd,AKG C417L Microphone,67.0,0,0,0,0.8396719,0.4630904,1,0,adulto
ICB_03444_003,ICB_146,copd,AKG C417L Microphone,67.0,0,0,0,0.74633026,0.41704142,1,0,adulto
ICB_03444_004,ICB_146,copd,AKG C417L Microphone,67.0,0,0,0,0.75833994,0.3359317,1,0,adulto
ICB_03444_005,ICB_146,copd,AKG C417L Microphone,67.0,0,0,0,0.60434556,0.4428468,0,0,adulto
ICB_03445_000,ICB_146,copd,AKG C417L Microphone,67.0,0,0,0,0.6909727,0.2756085,1,0,adulto
ICB_03445_001,ICB_146,copd,AKG C417L Microphone,67.0,0,0,0,0.6745351,0.97931194,3,0,adulto
ICB_03445_002,ICB_146,copd,AKG C417L Microphone,67.0,0,0,0,0.61197436,0.9443787,2,0,adulto
ICB_03445_003,ICB_146,copd,AKG C417L Microphone,67.0,0,0,0,0.5867146,0.94908184,2,0,adulto
ICB_03445_004,ICB_146,copd,AKG C417L Microphone,67.0,0,0,0,0.62804216,0.9765954,2,0,adulto
ICB_03445_005,ICB_146,copd,AKG C417L Microphone,67.0,0,0,0,0.6099973,0.9608653,2,0,adulto
ICB_03445_006,ICB_146,copd,AKG C417L Microphone,67.0,0,0,0,0.63485515,0.9678008,2,0,adulto
ICB_03445_007,ICB_146,copd,AKG C417L Microphone,67.0,0,0,0,0.7023803,0.95624983,3,0,adulto
ICB_03445_008,ICB_146,copd,AKG C417L Microphone,67.0,0,0,0,0.59922737,0.9932881,2,0,adulto
ICB_03446_000,ICB_146,copd,AKG C417L Microphone,67.0,0,0,0,0.63331115,0.3178184,0,0,adulto
ICB_03446_001,ICB_146,copd,AKG C417L Microphone,67.0,1,0,0,0.6752839,0.6186035,1,1,adulto
ICB_03446_002,ICB_146,copd,AKG C417L Microphone,67.0,1,0,0,0.6427073,0.61066484,0,1,adulto
ICB_03446_003,ICB_146,copd,AKG C417L Microphone,67.0,1,0,0,0.6498025,0.4977561,0,1,adulto
ICB_03446_004,ICB_146,copd,AKG C417L Microphone,67.0,1,0,0,0.59560907,0.4749277,0,1,adulto
ICB_03446_005,ICB_146,copd,AKG C417L Microphone,67.0,1,0,0,0.5992904,0.5201261,0,1,adulto
ICB_03446_006,ICB_146,copd,AKG C417L Microphone,67.0,1,0,0,0.59933186,0.51089805,0,1,adulto
ICB_03446_007,ICB_146,copd,AKG C417L Microphone,67.0,0,0,0,0.630245,0.5445722,0,0,adulto
ICB_03446_008,ICB_146,copd,AKG C417L Microphone,67.0,0,0,0,0.57415646,0.48919538,0,0,adulto
ICB_03447_000,ICB_146,copd,AKG C417L Microphone,67.0,0,0,0,0.45721084,0.7925917,2,0,adulto
ICB_03447_001,ICB_146,copd,AKG C417L Microphone,67.0,0,1,0,0.5829666,0.91157675,2,2,adulto
ICB_03447_002,ICB_146,copd,AKG C417L Microphone,67.0,0,1,0,0.53477806,0.89844054,2,2,adulto
ICB_03447_003,ICB_146,copd,AKG C417L Microphone,67.0,0,1,0,0.45745826,0.83547664,2,2,adulto
ICB_03447_004,ICB_146,copd,AKG C417L Microphone,67.0,0,1,0,0.4249173,0.809638,2,2,adulto
ICB_03447_005,ICB_146,copd,AKG C417L Microphone,67.0,0,1,0,0.45609555,0.8374907,2,2,adulto
ICB_03447_006,ICB_146,copd,AKG C417L Microphone,67.0,0,1,0,0.34135398,0.8148978,2,2,adulto
ICB_03447_007,ICB_146,copd,AKG C417L Microphone,67.0,0,1,0,0.5831229,0.72763747,2,2,adulto
ICB_03447_008,ICB_146,copd,AKG C417L Microphone,67.0,0,1,0,0.36755455,0.84925467,2,2,adulto
ICB_03448_000,ICB_146,copd,AKG C417L Microphone,67.0,0,0,0,0.52845764,0.8274216,2,0,adulto
ICB_03448_001,ICB_146,copd,AKG C417L Microphone,67.0,0,0,0,0.62406385,0.9545265,2,0,adulto
ICB_03448_002,ICB_146,copd,AKG C417L Microphone,67.0,0,0,0,0.62964964,0.97439617,2,0,adulto
ICB_03448_003,ICB_146,copd,AKG C417L Microphone,67.0,0,0,0,0.57223463,0.94156605,2,0,adulto
ICB_03448_004,ICB_146,copd,AKG C417L Microphone,67.0,0,0,0,0.61100507,0.9519582,2,0,adulto
ICB_03448_005,ICB_146,copd,AKG C417L Microphone,67.0,0,0,0,0.58768964,0.9721506,2,0,adulto
ICB_03448_006,ICB_146,copd,AKG C417L Microphone,67.0,0,0,0,0.6399023,0.95523554,2,0,adulto
ICB_03448_007,ICB_146,copd,AKG C417L Microphone,67.0,0,0,0,0.67727774,0.9301963,3,0,adulto
ICB_03448_008,ICB_146,copd,AKG C417L Microphone,67.0,0,0,0,0.56357247,0.875145,2,0,adulto
ICB_03449_000,ICB_146,copd,AKG C417L Microphone,67.0,0,0,0,0.7023124,0.22012758,1,0,adulto
ICB_03449_001,ICB_146,copd,AKG C417L Microphone,67.0,0,0,0,0.67141145,0.36919808,1,0,adulto
ICB_03449_002,ICB_146,copd,AKG C417L Microphone,67.0,0,0,0,0.7196608,0.25162575,1,0,adulto
ICB_03449_003,ICB_146,copd,AKG C417L Microphone,67.0,0,0,0,0.67083865,0.33889824,1,0,adulto
ICB_03449_004,ICB_146,copd,AKG C417L Microphone,67.0,0,0,0,0.6566615,0.24466683,1,0,adulto
ICB_03449_005,ICB_146,copd,AKG C417L Microphone,67.0,0,0,0,0.7328129,0.42310315,1,0,adulto
ICB_03449_006,ICB_146,copd,AKG C417L Microphone,67.0,0,0,0,0.69437397,0.32506555,1,0,adulto
ICB_03449_007,ICB_146,copd,AKG C417L Microphone,67.0,0,0,0,0.68769413,0.3426052,1,0,adulto
ICB_03449_008,ICB_146,copd,AKG C417L Microphone,67.0,0,0,0,0.59024316,0.255004,0,0,adulto
ICB_03648_000,ICB_168,bronchiectasis,3M Littmann Classic II SE,19.0,0,0,0,0.5589305,0.24633412,0,0,adulto
ICB_03648_001,ICB_168,bronchiectasis,3M Littmann Classic II SE,19.0,0,0,0,0.5918728,0.32497913,0,0,adulto
ICB_03648_002,ICB_168,bronchiectasis,3M Littmann Classic II SE,19.0,0,0,0,0.56839174,0.31611088,0,0,adulto
ICB_03648_003,ICB_168,bronchiectasis,3M Littmann Classic II SE,19.0,0,0,0,0.5740272,0.30868837,0,0,adulto
ICB_03648_004,ICB_168,bronchiectasis,3M Littmann Classic II SE,19.0,0,0,0,0.5670723,0.354432,0,0,adulto
ICB_03648_005,ICB_168,bronchiectasis,3M Littmann Classic II SE,19.0,0,0,0,0.6146568,0.4969819,0,0,adulto
ICB_03648_006,ICB_168,bronchiectasis,3M Littmann Classic II SE,19.0,0,0,0,0.61311466,0.33347768,0,0,adulto
ICB_03651_000,ICB_170,copd,AKG C417L Microphone,79.0,0,0,0,0.7202197,0.53018546,1,0,adulto
ICB_03651_001,ICB_170,copd,AKG C417L Microphone,79.0,0,0,0,0.6364114,0.78184533,2,0,adulto
ICB_03651_002,ICB_170,copd,AKG C417L Microphone,79.0,0,0,0,0.57524294,0.6894213,2,0,adulto
ICB_03651_003,ICB_170,copd,AKG C417L Microphone,79.0,0,0,0,0.50361925,0.76817757,2,0,adulto
ICB_03651_004,ICB_170,copd,AKG C417L Microphone,79.0,0,0,0,0.5353104,0.84383196,2,0,adulto
ICB_03652_000,ICB_170,copd,AKG C417L Microphone,79.0,0,0,0,0.579353,0.2654427,0,0,adulto
ICB_03652_001,ICB_170,copd,AKG C417L Microphone,79.0,0,0,0,0.5873132,0.34000307,0,0,adulto
ICB_03652_002,ICB_170,copd,AKG C417L Microphone,79.0,0,0,0,0.5573614,0.24683388,0,0,adulto
ICB_03652_003,ICB_170,copd,AKG C417L Microphone,79.0,0,0,0,0.5019582,0.39597103,0,0,adulto
ICB_03652_004,ICB_170,copd,AKG C417L Microphone,79.0,0,0,0,0.6296889,0.34703162,0,0,adulto
ICB_03653_000,ICB_170,copd,AKG C417L Microphone,79.0,0,0,0,0.6108372,0.37955803,0,0,adulto
ICB_03653_001,ICB_170,copd,AKG C417L Microphone,79.0,0,0,0,0.46173024,0.45050085,0,0,adulto
ICB_03653_002,ICB_170,copd,AKG C417L Microphone,79.0,0,0,0,0.45814103,0.4815697,0,0,adulto
ICB_03653_003,ICB_170,copd,AKG C417L Microphone,79.0,0,0,0,0.5257482,0.80873585,2,0,adulto
ICB_03653_004,ICB_170,copd,AKG C417L Microphone,79.0,0,0,0,0.58080536,0.5757832,0,0,adulto
ICB_03654_000,ICB_170,copd,AKG C417L Microphone,79.0,1,0,0,0.6575519,0.40745094,1,1,adulto
ICB_03654_001,ICB_170,copd,AKG C417L Microphone,79.0,1,0,0,0.70538604,0.5348992,1,1,adulto
ICB_03654_002,ICB_170,copd,AKG C417L Microphone,79.0,1,0,0,0.6364922,0.254875,0,1,adulto
ICB_03654_003,ICB_170,copd,AKG C417L Microphone,79.0,1,0,0,0.61713475,0.32311466,0,1,adulto
ICB_03654_004,ICB_170,copd,AKG C417L Microphone,79.0,0,0,0,0.6335174,0.40538958,0,0,adulto
ICB_03655_000,ICB_170,copd,AKG C417L Microphone,79.0,0,0,0,0.43675882,0.25665075,0,0,adulto
ICB_03655_001,ICB_170,copd,AKG C417L Microphone,79.0,0,0,0,0.48853767,0.28507015,0,0,adulto
ICB_03655_002,ICB_170,copd,AKG C417L Microphone,79.0,0,0,0,0.44335565,0.21216911,0,0,adulto
ICB_03655_003,ICB_170,copd,AKG C417L Microphone,79.0,0,0,0,0.50435185,0.23648688,0,0,adulto
ICB_03655_004,ICB_170,copd,AKG C417L Microphone,79.0,0,0,0,0.47873756,0.21673924,0,0,adulto
ICB_03656_000,ICB_170,copd,AKG C417L Microphone,79.0,0,0,0,0.47569034,0.2542885,0,0,adulto
ICB_03656_001,ICB_170,copd,AKG C417L Microphone,79.0,0,0,0,0.5209839,0.31882703,0,0,adulto
ICB_03656_002,ICB_170,copd,AKG C417L Microphone,79.0,0,0,0,0.5063642,0.24116433,0,0,adulto
ICB_03656_003,ICB_170,copd,AKG C417L Microphone,79.0,0,0,0,0.40178528,0.2566058,0,0,adulto
ICB_03656_004,ICB_170,copd,AKG C417L Microphone,79.0,0,0,0,0.37541345,0.13751204,0,0,adulto
ICB_03657_000,ICB_170,copd,AKG C417L Microphone,79.0,0,0,0,0.5983151,0.83431494,2,0,adulto
ICB_03657_001,ICB_170,copd,AKG C417L Microphone,79.0,0,0,0,0.56362283,0.700506,2,0,adulto
ICB_03657_002,ICB_170,copd,AKG C417L Microphone,79.0,0,0,0,0.5648602,0.59338784,0,0,adulto
ICB_03657_003,ICB_170,copd,AKG C417L Microphone,79.0,0,0,0,0.5240587,0.73508626,2,0,adulto
ICB_03657_004,ICB_170,copd,AKG C417L Microphone,79.0,0,0,0,0.6348024,0.7057785,2,0,adulto
ICB_03657_005,ICB_170,copd,AKG C417L Microphone,79.0,0,0,0,0.44835427,0.55906415,0,0,adulto
ICB_03658_000,ICB_170,copd,AKG C417L Microphone,79.0,0,0,0,0.6385981,0.4208338,0,0,adulto
ICB_03658_001,ICB_170,copd,AKG C417L Microphone,79.0,0,0,0,0.5924899,0.27916396,0,0,adulto
ICB_03658_002,ICB_170,copd,AKG C417L Microphone,79.0,0,0,0,0.55093807,0.34631175,0,0,adulto
ICB_03658_003,ICB_170,copd,AKG C417L Microphone,79.0,0,0,0,0.52316076,0.3135186,0,0,adulto
ICB_03658_004,ICB_170,copd,AKG C417L Microphone,79.0,0,0,0,0.5855332,0.31149092,0,0,adulto
ICB_03658_005,ICB_170,copd,AKG C417L Microphone,79.0,0,0,0,0.5136262,0.30064842,0,0,adulto
ICB_03659_000,ICB_170,copd,AKG C417L Microphone,79.0,0,0,0,0.76390326,0.777672,3,0,adulto
ICB_03659_001,ICB_170,copd,AKG C417L Microphone,79.0,0,0,0,0.76802254,0.73025787,3,0,adulto
ICB_03659_002,ICB_170,copd,AKG C417L Microphone,79.0,0,0,0,0.7658169,0.73187715,3,0,adulto
ICB_03659_003,ICB_170,copd,AKG C417L Microphone,79.0,0,0,0,0.6814478,0.48085517,1,0,adulto
ICB_03659_004,ICB_170,copd,AKG C417L Microphone,79.0,0,0,0,0.6042936,0.29289633,0,0,adulto
ICB_03659_005,ICB_170,copd,AKG C417L Microphone,79.0,0,0,0,0.70271826,0.6638331,3,0,adulto
ICB_03660_000,ICB_170,copd,AKG C417L Microphone,79.0,0,0,0,0.5561558,0.5223025,0,0,adulto
ICB_03660_001,ICB_170,copd,AKG C417L Microphone,79.0,0,0,0,0.56935704,0.630195,0,0,adulto
ICB_03660_002,ICB_170,copd,AKG C417L Microphone,79.0,0,0,0,0.48925456,0.3024222,0,0,adulto
ICB_03660_003,ICB_170,copd,AKG C417L Microphone,79.0,1,0,0,0.54690534,0.51926935,0,1,adulto
ICB_03660_004,ICB_170,copd,AKG C417L Microphone,79.0,0,0,0,0.59354955,0.3534043,0,0,adulto
ICB_03660_005,ICB_170,copd,AKG C417L Microphone,79.0,0,0,0,0.52154744,0.5112376,0,0,adulto
ICB_03661_000,ICB_170,copd,AKG C417L Microphone,79.0,1,0,0,0.56764525,0.3482005,0,1,adulto
ICB_03661_001,ICB_170,copd,AKG C417L Microphone,79.0,1,0,0,0.53691614,0.2657648,0,1,adulto
ICB_03661_002,ICB_170,copd,AKG C417L Microphone,79.0,1,0,0,0.55677146,0.29524297,0,1,adulto
ICB_03661_003,ICB_170,copd,AKG C417L Microphone,79.0,1,0,0,0.50174385,0.2735445,0,1,adulto
ICB_03661_004,ICB_170,copd,AKG C417L Microphone,79.0,1,0,0,0.5579671,0.27371284,0,1,adulto
ICB_03661_005,ICB_170,copd,AKG C417L Microphone,79.0,1,0,0,0.54179764,0.28456572,0,1,adulto
ICB_03662_000,ICB_170,copd,AKG C417L Microphone,79.0,1,0,0,0.52286243,0.3038865,0,1,adulto
ICB_03662_001,ICB_170,copd,AKG C417L Microphone,79.0,0,0,0,0.5323821,0.3352671,0,0,adulto
ICB_03662_002,ICB_170,copd,AKG C417L Microphone,79.0,0,0,0,0.5410404,0.15121561,0,0,adulto
ICB_03662_003,ICB_170,copd,AKG C417L Microphone,79.0,0,0,0,0.511314,0.26009116,0,0,adulto
ICB_03662_004,ICB_170,copd,AKG C417L Microphone,79.0,0,0,0,0.4852928,0.26247892,0,0,adulto
ICB_03662_005,ICB_170,copd,AKG C417L Microphone,79.0,0,0,0,0.44092432,0.28387105,0,0,adulto
ICB_03663_000,ICB_170,copd,AKG C417L Microphone,79.0,0,0,0,0.37146825,0.19554399,0,0,adulto
ICB_03663_001,ICB_170,copd,AKG C417L Microphone,79.0,0,0,0,0.41070828,0.27107385,0,0,adulto
ICB_03663_002,ICB_170,copd,AKG C417L Microphone,79.0,0,0,0,0.41296253,0.2194012,0,0,adulto
ICB_03663_003,ICB_170,copd,AKG C417L Microphone,79.0,0,0,0,0.33202395,0.18092614,0,0,adulto
ICB_03663_004,ICB_170,copd,AKG C417L Microphone,79.0,0,0,0,0.3781621,0.11902144,0,0,adulto
ICB_03663_005,ICB_170,copd,AKG C417L Microphone,79.0,0,0,0,0.3865273,0.19799165,0,0,adulto
ICB_03664_000,ICB_170,copd,AKG C417L Microphone,79.0,0,0,0,0.21582907,0.11431396,0,0,adulto
ICB_03664_001,ICB_170,copd,AKG C417L Microphone,79.0,0,0,0,0.53809124,0.5546627,0,0,adulto
ICB_03664_002,ICB_170,copd,AKG C417L Microphone,79.0,0,0,0,0.52609384,0.88658077,2,0,adulto
ICB_03664_003,ICB_170,copd,AKG C417L Microphone,79.0,0,0,0,0.5647042,0.55635893,0,0,adulto
ICB_03664_004,ICB_170,copd,AKG C417L Microphone,79.0,0,0,0,0.49308473,0.662494,2,0,adulto
ICB_03664_005,ICB_170,copd,AKG C417L Microphone,79.0,0,0,0,0.593627,0.6546568,2,0,adulto
ICB_03665_000,ICB_170,copd,AKG C417L Microphone,79.0,1,0,0,0.4713112,0.13033201,0,1,adulto
ICB_03665_001,ICB_170,copd,AKG C417L Microphone,79.0,1,1,0,0.5278022,0.24045956,0,3,adulto
ICB_03665_002,ICB_170,copd,AKG C417L Microphone,79.0,1,1,0,0.5942075,0.27557036,0,3,adulto
ICB_03665_003,ICB_170,copd,AKG C417L Microphone,79.0,1,1,0,0.5915979,0.3230675,0,3,adulto
ICB_03665_004,ICB_170,copd,AKG C417L Microphone,79.0,0,1,0,0.567569,0.2745287,0,2,adulto
ICB_03665_005,ICB_170,copd,AKG C417L Microphone,79.0,1,1,0,0.63820016,0.27601495,0,3,adulto
ICB_03666_000,ICB_170,copd,AKG C417L Microphone,79.0,0,0,0,0.34753978,0.15633357,0,0,adulto
ICB_03666_001,ICB_170,copd,AKG C417L Microphone,79.0,0,0,0,0.55359644,0.5399685,0,0,adulto
ICB_03666_002,ICB_170,copd,AKG C417L Microphone,79.0,0,0,0,0.5381927,0.685867,2,0,adulto
ICB_03666_003,ICB_170,copd,AKG C417L Microphone,79.0,0,0,0,0.5486686,0.5314376,0,0,adulto
ICB_03666_004,ICB_170,copd,AKG C417L Microphone,79.0,0,0,0,0.65248233,0.22319137,1,0,adulto
ICB_03666_005,ICB_170,copd,AKG C417L Microphone,79.0,0,0,0,0.5818772,0.3221003,0,0,adulto
ICB_03667_000,ICB_170,copd,AKG C417L Microphone,79.0,1,0,0,0.51522356,0.21756047,0,1,adulto
ICB_03667_001,ICB_170,copd,AKG C417L Microphone,79.0,1,0,0,0.5712041,0.24298297,0,1,adulto
ICB_03667_002,ICB_170,copd,AKG C417L Microphone,79.0,1,0,0,0.55293995,0.27849534,0,1,adulto
ICB_03667_003,ICB_170,copd,AKG C417L Microphone,79.0,1,0,0,0.54936695,0.26272425,0,1,adulto
ICB_03667_004,ICB_170,copd,AKG C417L Microphone,79.0,1,0,0,0.5075552,0.18321708,0,1,adulto
ICB_03667_005,ICB_170,copd,AKG C417L Microphone,79.0,1,0,0,0.6296875,0.17627981,0,1,adulto
ICB_03668_000,ICB_170,copd,AKG C417L Microphone,79.0,0,0,0,0.4133406,0.16108,0,0,adulto
ICB_03668_001,ICB_170,copd,AKG C417L Microphone,79.0,1,0,0,0.4311282,0.23288316,0,1,adulto
ICB_03668_002,ICB_170,copd,AKG C417L Microphone,79.0,0,0,0,0.55103755,0.39715916,0,0,adulto
ICB_03668_003,ICB_170,copd,AKG C417L Microphone,79.0,0,0,0,0.553633,0.21044405,0,0,adulto
ICB_03668_004,ICB_170,copd,AKG C417L Microphone,79.0,1,0,0,0.5129691,0.18078057,0,1,adulto
ICB_03668_005,ICB_170,copd,AKG C417L Microphone,79.0,0,0,0,0.4710409,0.23042686,0,0,adulto
ICB_03669_000,ICB_170,copd,AKG C417L Microphone,79.0,0,0,0,0.29679382,0.24148613,0,0,adulto
ICB_03669_001,ICB_170,copd,AKG C417L Microphone,79.0,0,0,0,0.4140533,0.1260305,0,0,adulto
ICB_03669_002,ICB_170,copd,AKG C417L Microphone,79.0,0,0,0,0.42675704,0.19507237,0,0,adulto
ICB_03669_003,ICB_170,copd,AKG C417L Microphone,79.0,0,0,0,0.46188116,0.227524,0,0,adulto
ICB_03669_004,ICB_170,copd,AKG C417L Microphone,79.0,0,0,0,0.35696533,0.19400425,0,0,adulto
ICB_03669_005,ICB_170,copd,AKG C417L Microphone,79.0,0,0,0,0.4142873,0.29588708,0,0,adulto
ICB_03670_000,ICB_170,copd,AKG C417L Microphone,79.0,0,0,0,0.735494,0.5111353,1,0,adulto
ICB_03670_001,ICB_170,copd,AKG C417L Microphone,79.0,0,0,0,0.62768006,0.87679803,2,0,adulto
ICB_03670_002,ICB_170,copd,AKG C417L Microphone,79.0,0,0,0,0.570864,0.7226099,2,0,adulto
ICB_03670_003,ICB_170,copd,AKG C417L Microphone,79.0,0,0,0,0.5075632,0.7134856,2,0,adulto
ICB_03670_004,ICB_170,copd,AKG C417L Microphone,79.0,0,0,0,0.43761063,0.6845437,2,0,adulto
ICB_03670_005,ICB_170,copd,AKG C417L Microphone,79.0,0,0,0,0.44263768,0.62528914,0,0,adulto
ICB_03670_006,ICB_170,copd,AKG C417L Microphone,79.0,0,0,0,0.38765287,0.8361393,2,0,adulto
ICB_03671_000,ICB_170,copd,AKG C417L Microphone,79.0,0,0,0,0.50905144,0.21586214,0,0,adulto
ICB_03671_001,ICB_170,copd,AKG C417L Microphone,79.0,1,0,0,0.5925527,0.630324,0,1,adulto
ICB_03671_002,ICB_170,copd,AKG C417L Microphone,79.0,1,0,0,0.5056766,0.62725526,0,1,adulto
ICB_03671_003,ICB_170,copd,AKG C417L Microphone,79.0,1,0,0,0.5184913,0.38820454,0,1,adulto
ICB_03671_004,ICB_170,copd,AKG C417L Microphone,79.0,0,0,0,0.5307707,0.4741892,0,0,adulto
ICB_03671_005,ICB_170,copd,AKG C417L Microphone,79.0,0,0,0,0.49438825,0.22058041,0,0,adulto
ICB_03671_006,ICB_170,copd,AKG C417L Microphone,79.0,0,0,0,0.34270057,0.4704508,0,0,adulto
ICB_03672_000,ICB_170,copd,AKG C417L Microphone,79.0,0,0,0,0.5547848,0.44997275,0,0,adulto
ICB_03672_001,ICB_170,copd,AKG C417L Microphone,79.0,0,0,0,0.68181473,0.823658,3,0,adulto
ICB_03672_002,ICB_170,copd,AKG C417L Microphone,79.0,0,0,0,0.6133921,0.5652506,0,0,adulto
ICB_03672_003,ICB_170,copd,AKG C417L Microphone,79.0,0,0,0,0.6161583,0.8275462,2,0,adulto
ICB_03672_004,ICB_170,copd,AKG C417L Microphone,79.0,0,0,0,0.5271986,0.3755722,0,0,adulto
ICB_03672_005,ICB_170,copd,AKG C417L Microphone,79.0,0,0,0,0.5261354,0.8856452,2,0,adulto
ICB_03672_006,ICB_170,copd,AKG C417L Microphone,79.0,0,0,0,0.5328659,0.67665404,2,0,adulto
ICB_03673_000,ICB_170,copd,AKG C417L Microphone,79.0,0,0,0,0.6129376,0.24446194,0,0,adulto
ICB_03673_001,ICB_170,copd,AKG C417L Microphone,79.0,0,0,0,0.56541014,0.20613877,0,0,adulto
ICB_03673_002,ICB_170,copd,AKG C417L Microphone,79.0,0,0,0,0.67205745,0.18651673,1,0,adulto
ICB_03673_003,ICB_170,copd,AKG C417L Microphone,79.0,0,0,0,0.56535786,0.35801318,0,0,adulto
ICB_03673_004,ICB_170,copd,AKG C417L Microphone,79.0,0,0,0,0.52341634,0.24647532,0,0,adulto
ICB_03673_005,ICB_170,copd,AKG C417L Microphone,79.0,0,0,0,0.6070913,0.29505828,0,0,adulto
ICB_03673_006,ICB_170,copd,AKG C417L Microphone,79.0,0,0,0,0.46694905,0.23821463,0,0,adulto
ICB_03674_000,ICB_170,copd,AKG C417L Microphone,79.0,0,0,0,0.51114833,0.26506433,0,0,adulto
ICB_03674_001,ICB_170,copd,AKG C417L Microphone,79.0,0,0,0,0.5191346,0.23143028,0,0,adulto
ICB_03674_002,ICB_170,copd,AKG C417L Microphone,79.0,0,0,0,0.51293665,0.3273674,0,0,adulto
ICB_03674_003,ICB_170,copd,AKG C417L Microphone,79.0,0,0,0,0.45321363,0.26840928,0,0,adulto
ICB_03674_004,ICB_170,copd,AKG C417L Microphone,79.0,0,0,0,0.43535015,0.3980226,0,0,adulto
ICB_03674_005,ICB_170,copd,AKG C417L Microphone,79.0,0,0,0,0.5710938,0.49319386,0,0,adulto
ICB_03674_006,ICB_170,copd,AKG C417L Microphone,79.0,0,0,0,0.50488573,0.36419857,0,0,adulto
ICB_03675_000,ICB_170,copd,AKG C417L Microphone,79.0,0,0,0,0.39613003,0.15166359,0,0,adulto
ICB_03675_001,ICB_170,copd,AKG C417L Microphone,79.0,0,0,0,0.47839236,0.31430304,0,0,adulto
ICB_03675_002,ICB_170,copd,AKG C417L Microphone,79.0,0,0,0,0.39273524,0.2902571,0,0,adulto
ICB_03675_003,ICB_170,copd,AKG C417L Microphone,79.0,0,0,0,0.36113963,0.18144439,0,0,adulto
ICB_03675_004,ICB_170,copd,AKG C417L Microphone,79.0,0,0,0,0.25460786,0.16333584,0,0,adulto
ICB_03675_005,ICB_170,copd,AKG C417L Microphone,79.0,0,1,0,0.4520688,0.209477,0,2,adulto
ICB_03675_006,ICB_170,copd,AKG C417L Microphone,79.0,0,0,0,0.18086828,0.112434834,0,0,adulto
ICB_03676_000,ICB_171,normal_lung,AKG C417L Microphone,9.0,0,0,0,0.56295747,0.23299187,0,0,pediátrico (<18)
ICB_03676_001,ICB_171,normal_lung,AKG C417L Microphone,9.0,0,0,0,0.507542,0.31839103,0,0,pediátrico (<18)
ICB_03676_002,ICB_171,normal_lung,AKG C417L Microphone,9.0,0,0,0,0.6284958,0.2913396,0,0,pediátrico (<18)
ICB_03676_003,ICB_171,normal_lung,AKG C417L Microphone,9.0,0,0,0,0.7038551,0.34547082,1,0,pediátrico (<18)
ICB_03676_004,ICB_171,normal_lung,AKG C417L Microphone,9.0,0,0,0,0.5400632,0.19009377,0,0,pediátrico (<18)
ICB_03676_005,ICB_171,normal_lung,AKG C417L Microphone,9.0,0,0,0,0.5132612,0.26575923,0,0,pediátrico (<18)
ICB_03676_006,ICB_171,normal_lung,AKG C417L Microphone,9.0,0,0,0,0.6376485,0.50260407,0,0,pediátrico (<18)
ICB_03676_007,ICB_171,normal_lung,AKG C417L Microphone,9.0,0,0,0,0.608121,0.22792207,0,0,pediátrico (<18)
ICB_03676_008,ICB_171,normal_lung,AKG C417L Microphone,9.0,0,0,0,0.51237154,0.14319086,0,0,pediátrico (<18)
ICB_03677_000,ICB_172,copd,AKG C417L Microphone,73.0,0,0,0,0.6566823,0.6021353,1,0,adulto
ICB_03677_001,ICB_172,copd,AKG C417L Microphone,73.0,0,0,0,0.6635233,0.4446698,1,0,adulto
ICB_03677_002,ICB_172,copd,AKG C417L Microphone,73.0,0,0,0,0.65925384,0.34643325,1,0,adulto
ICB_03677_003,ICB_172,copd,AKG C417L Microphone,73.0,0,0,0,0.6239012,0.43872193,0,0,adulto
ICB_03677_004,ICB_172,copd,AKG C417L Microphone,73.0,0,0,0,0.5371486,0.2998602,0,0,adulto
ICB_03677_005,ICB_172,copd,AKG C417L Microphone,73.0,0,0,0,0.6599157,0.5366483,1,0,adulto
ICB_03677_006,ICB_172,copd,AKG C417L Microphone,73.0,1,0,0,0.7245662,0.45133054,1,1,adulto
ICB_03678_000,ICB_172,copd,AKG C417L Microphone,73.0,0,0,0,0.60584456,0.6015502,0,0,adulto
ICB_03678_001,ICB_172,copd,AKG C417L Microphone,73.0,0,0,0,0.4690749,0.14711209,0,0,adulto
ICB_03678_002,ICB_172,copd,AKG C417L Microphone,73.0,0,0,0,0.5506285,0.27526832,0,0,adulto
ICB_03678_003,ICB_172,copd,AKG C417L Microphone,73.0,0,0,0,0.56869227,0.4017134,0,0,adulto
ICB_03678_004,ICB_172,copd,AKG C417L Microphone,73.0,0,0,0,0.5817482,0.28469273,0,0,adulto
ICB_03678_005,ICB_172,copd,AKG C417L Microphone,73.0,0,0,0,0.59278256,0.23649035,0,0,adulto
ICB_03678_006,ICB_172,copd,AKG C417L Microphone,73.0,0,0,0,0.5406648,0.32705352,0,0,adulto
ICB_03679_000,ICB_172,copd,AKG C417L Microphone,73.0,1,0,0,0.5274518,0.69590163,2,1,adulto
ICB_03679_001,ICB_172,copd,AKG C417L Microphone,73.0,0,0,0,0.52668285,0.58096087,0,0,adulto
ICB_03679_002,ICB_172,copd,AKG C417L Microphone,73.0,1,0,0,0.48849756,0.74886745,2,1,adulto
ICB_03679_003,ICB_172,copd,AKG C417L Microphone,73.0,1,0,0,0.5140793,0.59041333,0,1,adulto
ICB_03679_004,ICB_172,copd,AKG C417L Microphone,73.0,1,0,0,0.58906883,0.6822407,2,1,adulto
ICB_03679_005,ICB_172,copd,AKG C417L Microphone,73.0,1,0,0,0.62358004,0.58836657,0,1,adulto
ICB_03679_006,ICB_172,copd,AKG C417L Microphone,73.0,1,0,0,0.7249405,0.6943346,3,1,adulto
ICB_03680_000,ICB_172,copd,AKG C417L Microphone,73.0,0,0,0,0.6001206,0.23555762,0,0,adulto
ICB_03680_001,ICB_172,copd,AKG C417L Microphone,73.0,0,0,0,0.6047418,0.46019453,0,0,adulto
ICB_03680_002,ICB_172,copd,AKG C417L Microphone,73.0,0,0,0,0.6836671,0.44051847,1,0,adulto
ICB_03680_003,ICB_172,copd,AKG C417L Microphone,73.0,0,0,0,0.6105181,0.3506946,0,0,adulto
ICB_03680_004,ICB_172,copd,AKG C417L Microphone,73.0,0,0,0,0.56153435,0.34993315,0,0,adulto
ICB_03680_005,ICB_172,copd,AKG C417L Microphone,73.0,0,0,0,0.75055045,0.41320425,1,0,adulto
ICB_03680_006,ICB_172,copd,AKG C417L Microphone,73.0,0,0,0,0.40919784,0.21723656,0,0,adulto
ICB_03681_000,ICB_172,copd,AKG C417L Microphone,73.0,1,0,0,0.5012354,0.34539175,0,1,adulto
ICB_03681_001,ICB_172,copd,AKG C417L Microphone,73.0,0,0,0,0.5098895,0.29942837,0,0,adulto
ICB_03681_002,ICB_172,copd,AKG C417L Microphone,73.0,0,0,0,0.5652494,0.29255688,0,0,adulto
ICB_03681_003,ICB_172,copd,AKG C417L Microphone,73.0,1,0,0,0.522737,0.28335732,0,1,adulto
ICB_03681_004,ICB_172,copd,AKG C417L Microphone,73.0,0,0,0,0.5556885,0.31912303,0,0,adulto
ICB_03681_005,ICB_172,copd,AKG C417L Microphone,73.0,1,0,0,0.568671,0.22186346,0,1,adulto
ICB_03681_006,ICB_172,copd,AKG C417L Microphone,73.0,0,0,0,0.60568887,0.23090722,0,0,adulto
ICB_03682_000,ICB_172,copd,AKG C417L Microphone,73.0,1,0,0,0.48712882,0.26233435,0,1,adulto
ICB_03682_001,ICB_172,copd,AKG C417L Microphone,73.0,1,0,0,0.5559264,0.2934618,0,1,adulto
ICB_03682_002,ICB_172,copd,AKG C417L Microphone,73.0,1,0,0,0.51310456,0.29740715,0,1,adulto
ICB_03682_003,ICB_172,copd,AKG C417L Microphone,73.0,1,0,0,0.5424783,0.22684705,0,1,adulto
ICB_03682_004,ICB_172,copd,AKG C417L Microphone,73.0,1,0,0,0.5623379,0.43033487,0,1,adulto
ICB_03682_005,ICB_172,copd,AKG C417L Microphone,73.0,1,0,0,0.51552635,0.27098438,0,1,adulto
ICB_03682_006,ICB_172,copd,AKG C417L Microphone,73.0,1,0,0,0.50476193,0.2071512,0,1,adulto
ICB_03683_000,ICB_172,copd,AKG C417L Microphone,73.0,0,0,0,0.23044804,0.18937352,0,0,adulto
ICB_03683_001,ICB_172,copd,AKG C417L Microphone,73.0,0,0,0,0.23443076,0.17510676,0,0,adulto
ICB_03683_002,ICB_172,copd,AKG C417L Microphone,73.0,0,0,0,0.23024148,0.24048588,0,0,adulto
ICB_03683_003,ICB_172,copd,AKG C417L Microphone,73.0,0,0,0,0.22724465,0.21597199,0,0,adulto
ICB_03683_004,ICB_172,copd,AKG C417L Microphone,73.0,0,0,0,0.16760364,0.18067369,0,0,adulto
ICB_03683_005,ICB_172,copd,AKG C417L Microphone,73.0,0,0,0,0.23200694,0.20874499,0,0,adulto
ICB_03683_006,ICB_172,copd,AKG C417L Microphone,73.0,1,0,0,0.32358187,0.2142324,0,1,adulto
ICB_03684_000,ICB_172,copd,AKG C417L Microphone,73.0,1,0,0,0.4208633,0.28806344,0,1,adulto
ICB_03684_001,ICB_172,copd,AKG C417L Microphone,73.0,0,1,0,0.4482457,0.99603707,2,2,adulto
ICB_03684_002,ICB_172,copd,AKG C417L Microphone,73.0,0,1,0,0.4503735,0.9983925,2,2,adulto
ICB_03684_003,ICB_172,copd,AKG C417L Microphone,73.0,0,1,0,0.5300887,0.998936,2,2,adulto
ICB_03684_004,ICB_172,copd,AKG C417L Microphone,73.0,0,0,0,0.60579926,0.48034585,0,0,adulto
ICB_03684_005,ICB_172,copd,AKG C417L Microphone,73.0,1,0,0,0.6519186,0.98727036,3,1,adulto
ICB_03685_000,ICB_172,copd,AKG C417L Microphone,73.0,0,0,0,0.5947449,0.28974697,0,0,adulto
ICB_03685_001,ICB_172,copd,AKG C417L Microphone,73.0,1,1,0,0.5153274,0.90650916,2,3,adulto
ICB_03685_002,ICB_172,copd,AKG C417L Microphone,73.0,0,1,0,0.5665262,0.9938892,2,2,adulto
ICB_03685_003,ICB_172,copd,AKG C417L Microphone,73.0,0,1,0,0.5473182,0.97532475,2,2,adulto
ICB_03685_004,ICB_172,copd,AKG C417L Microphone,73.0,0,1,0,0.5636622,0.4974743,0,2,adulto
ICB_03685_005,ICB_172,copd,AKG C417L Microphone,73.0,0,0,0,0.6342975,0.9243434,2,0,adulto
ICB_03686_000,ICB_172,copd,AKG C417L Microphone,73.0,0,0,0,0.740564,0.68081915,3,0,adulto
ICB_03686_001,ICB_172,copd,AKG C417L Microphone,73.0,1,1,0,0.57903534,0.95511764,2,3,adulto
ICB_03686_002,ICB_172,copd,AKG C417L Microphone,73.0,1,1,0,0.6407816,0.98389524,2,3,adulto
ICB_03686_003,ICB_172,copd,AKG C417L Microphone,73.0,0,1,0,0.621975,0.9857453,2,2,adulto
ICB_03686_004,ICB_172,copd,AKG C417L Microphone,73.0,1,0,0,0.74708384,0.7760412,3,1,adulto
ICB_03686_005,ICB_172,copd,AKG C417L Microphone,73.0,0,0,0,0.7091874,0.7961226,3,0,adulto
ICB_03687_000,ICB_172,copd,AKG C417L Microphone,73.0,0,0,0,0.5291143,0.42161763,0,0,adulto
ICB_03687_001,ICB_172,copd,AKG C417L Microphone,73.0,0,1,0,0.5162546,0.3703827,0,2,adulto
ICB_03687_002,ICB_172,copd,AKG C417L Microphone,73.0,0,1,0,0.6226266,0.97450393,2,2,adulto
ICB_03687_003,ICB_172,copd,AKG C417L Microphone,73.0,0,1,0,0.5161301,0.9608177,2,2,adulto
ICB_03687_004,ICB_172,copd,AKG C417L Microphone,73.0,0,1,0,0.64329416,0.3846258,0,2,adulto
ICB_03687_005,ICB_172,copd,AKG C417L Microphone,73.0,0,0,0,0.7764548,0.533995,1,0,adulto
ICB_03688_000,ICB_172,copd,AKG C417L Microphone,73.0,1,0,0,0.7456849,0.51695645,1,1,adulto
ICB_03688_001,ICB_172,copd,AKG C417L Microphone,73.0,0,1,0,0.52526796,0.9970952,2,2,adulto
ICB_03688_002,ICB_172,copd,AKG C417L Microphone,73.0,0,1,0,0.52407795,0.9975222,2,2,adulto
ICB_03688_003,ICB_172,copd,AKG C417L Microphone,73.0,0,1,0,0.5211306,0.99808973,2,2,adulto
ICB_03688_004,ICB_172,copd,AKG C417L Microphone,73.0,0,0,0,0.68447244,0.47950763,1,0,adulto
ICB_03688_005,ICB_172,copd,AKG C417L Microphone,73.0,1,1,0,0.6677001,0.96981794,3,3,adulto
ICB_03689_000,ICB_172,copd,AKG C417L Microphone,73.0,0,0,0,0.54039806,0.3290582,0,0,adulto
ICB_03689_001,ICB_172,copd,AKG C417L Microphone,73.0,0,1,0,0.44004261,0.9826779,2,2,adulto
ICB_03689_002,ICB_172,copd,AKG C417L Microphone,73.0,0,1,0,0.37947997,0.99119544,2,2,adulto
ICB_03689_003,ICB_172,copd,AKG C417L Microphone,73.0,0,1,0,0.43211034,0.99486923,2,2,adulto
ICB_03689_004,ICB_172,copd,AKG C417L Microphone,73.0,0,0,0,0.5438258,0.28653082,0,0,adulto
ICB_03689_005,ICB_172,copd,AKG C417L Microphone,73.0,0,0,0,0.5387556,0.91215104,2,0,adulto
ICB_03690_000,ICB_172,copd,AKG C417L Microphone,73.0,0,0,0,0.267014,0.07566077,0,0,adulto
ICB_03690_001,ICB_172,copd,AKG C417L Microphone,73.0,1,1,0,0.2710592,0.8905745,2,3,adulto
ICB_03690_002,ICB_172,copd,AKG C417L Microphone,73.0,0,1,0,0.26480848,0.9868421,2,2,adulto
ICB_03690_003,ICB_172,copd,AKG C417L Microphone,73.0,1,1,0,0.2492044,0.9218647,2,3,adulto
ICB_03690_004,ICB_172,copd,AKG C417L Microphone,73.0,0,0,0,0.36815488,0.12104375,0,0,adulto
ICB_03690_005,ICB_172,copd,AKG C417L Microphone,73.0,0,0,0,0.5962743,0.99400747,2,0,adulto
ICB_03691_000,ICB_172,copd,AKG C417L Microphone,73.0,0,0,0,0.48342308,0.42887294,0,0,adulto
ICB_03691_001,ICB_172,copd,AKG C417L Microphone,73.0,0,1,0,0.5590128,0.99460125,2,2,adulto
ICB_03691_002,ICB_172,copd,AKG C417L Microphone,73.0,1,0,0,0.8075644,0.49026278,1,1,adulto
ICB_03691_003,ICB_172,copd,AKG C417L Microphone,73.0,0,0,0,0.5522166,0.6446276,0,0,adulto
ICB_03691_004,ICB_172,copd,AKG C417L Microphone,73.0,0,0,0,0.6090588,0.40847412,0,0,adulto
ICB_03691_005,ICB_172,copd,AKG C417L Microphone,73.0,0,0,0,0.6266123,0.72629255,2,0,adulto
ICB_03691_006,ICB_172,copd,AKG C417L Microphone,73.0,0,0,0,0.59329045,0.16912027,0,0,adulto
ICB_03692_000,ICB_172,copd,AKG C417L Microphone,73.0,0,0,0,0.6506362,0.36170095,1,0,adulto
ICB_03692_001,ICB_172,copd,AKG C417L Microphone,73.0,0,1,0,0.6158759,0.872245,2,2,adulto
ICB_03692_002,ICB_172,copd,AKG C417L Microphone,73.0,0,0,0,0.69205505,0.30096018,1,0,adulto
ICB_03692_003,ICB_172,copd,AKG C417L Microphone,73.0,0,0,0,0.59102905,0.25408518,0,0,adulto
ICB_03692_004,ICB_172,copd,AKG C417L Microphone,73.0,0,0,0,0.57964915,0.2881544,0,0,adulto
ICB_03692_005,ICB_172,copd,AKG C417L Microphone,73.0,0,0,0,0.62552595,0.25647658,0,0,adulto
ICB_03692_006,ICB_172,copd,AKG C417L Microphone,73.0,0,0,0,0.6272357,0.26390576,0,0,adulto
ICB_03693_000,ICB_172,copd,AKG C417L Microphone,73.0,1,0,0,0.68540347,0.8280146,3,1,adulto
ICB_03693_001,ICB_172,copd,AKG C417L Microphone,73.0,0,1,0,0.6310628,0.9946485,2,2,adulto
ICB_03693_002,ICB_172,copd,AKG C417L Microphone,73.0,1,0,0,0.74464625,0.92009073,3,1,adulto
ICB_03693_003,ICB_172,copd,AKG C417L Microphone,73.0,0,0,0,0.66893315,0.81788135,3,0,adulto
ICB_03693_004,ICB_172,copd,AKG C417L Microphone,73.0,1,0,0,0.7330205,0.85676223,3,1,adulto
ICB_03693_005,ICB_172,copd,AKG C417L Microphone,73.0,0,0,0,0.77005446,0.8014262,3,0,adulto
ICB_03693_006,ICB_172,copd,AKG C417L Microphone,73.0,0,0,0,0.6872526,0.6708159,3,0,adulto
ICB_03694_000,ICB_172,copd,AKG C417L Microphone,73.0,0,0,0,0.70614654,0.3663368,1,0,adulto
ICB_03694_001,ICB_172,copd,AKG C417L Microphone,73.0,0,1,0,0.6381759,0.5929816,0,2,adulto
ICB_03694_002,ICB_172,copd,AKG C417L Microphone,73.0,0,0,0,0.49896842,0.2686466,0,0,adulto
ICB_03694_003,ICB_172,copd,AKG C417L Microphone,73.0,1,0,0,0.68887234,0.3810411,1,1,adulto
ICB_03694_004,ICB_172,copd,AKG C417L Microphone,73.0,1,0,0,0.74889845,0.3909928,1,1,adulto
ICB_03694_005,ICB_172,copd,AKG C417L Microphone,73.0,0,0,0,0.7458418,0.34095916,1,0,adulto
ICB_03694_006,ICB_172,copd,AKG C417L Microphone,73.0,0,0,0,0.6352294,0.25152215,0,0,adulto
ICB_03695_000,ICB_172,copd,AKG C417L Microphone,73.0,1,0,0,0.69736,0.26754344,1,1,adulto
ICB_03695_001,ICB_172,copd,AKG C417L Microphone,73.0,0,1,0,0.69313973,0.9940303,3,2,adulto
ICB_03695_002,ICB_172,copd,AKG C417L Microphone,73.0,1,0,0,0.710382,0.31431153,1,1,adulto
ICB_03695_003,ICB_172,copd,AKG C417L Microphone,73.0,0,0,0,0.6989187,0.2742959,1,0,adulto
ICB_03695_004,ICB_172,copd,AKG C417L Microphone,73.0,1,1,0,0.62530935,0.3163245,0,3,adulto
ICB_03695_005,ICB_172,copd,AKG C417L Microphone,73.0,1,0,0,0.7456915,0.33562553,1,1,adulto
ICB_03695_006,ICB_172,copd,AKG C417L Microphone,73.0,0,0,0,0.56171733,0.21346879,0,0,adulto
ICB_03696_000,ICB_172,copd,AKG C417L Microphone,73.0,0,0,0,0.5180794,0.32884863,0,0,adulto
ICB_03696_001,ICB_172,copd,AKG C417L Microphone,73.0,0,1,0,0.5340857,0.9555672,2,2,adulto
ICB_03696_002,ICB_172,copd,AKG C417L Microphone,73.0,1,0,0,0.6193613,0.52898604,0,1,adulto
ICB_03696_003,ICB_172,copd,AKG C417L Microphone,73.0,0,0,0,0.50815284,0.2446787,0,0,adulto
ICB_03696_004,ICB_172,copd,AKG C417L Microphone,73.0,0,1,0,0.60083985,0.31247216,0,2,adulto
ICB_03696_005,ICB_172,copd,AKG C417L Microphone,73.0,0,0,0,0.5421065,0.36285973,0,0,adulto
ICB_03696_006,ICB_172,copd,AKG C417L Microphone,73.0,0,0,0,0.51826876,0.28748044,0,0,adulto
ICB_03697_000,ICB_172,copd,AKG C417L Microphone,73.0,0,0,0,0.36021322,0.58466494,0,0,adulto
ICB_03697_001,ICB_172,copd,AKG C417L Microphone,73.0,1,1,0,0.4264163,0.54006004,0,3,adulto
ICB_03697_002,ICB_172,copd,AKG C417L Microphone,73.0,0,0,0,0.5024114,0.19379945,0,0,adulto
ICB_03697_003,ICB_172,copd,AKG C417L Microphone,73.0,0,0,0,0.4086384,0.2512042,0,0,adulto
ICB_03697_004,ICB_172,copd,AKG C417L Microphone,73.0,0,0,0,0.6098417,0.16463223,0,0,adulto
ICB_03697_005,ICB_172,copd,AKG C417L Microphone,73.0,0,0,0,0.41548917,0.18773742,0,0,adulto
ICB_03697_006,ICB_172,copd,AKG C417L Microphone,73.0,0,0,0,0.2877595,0.2633552,0,0,adulto
ICB_03698_000,ICB_172,copd,AKG C417L Microphone,73.0,1,0,0,0.72530025,0.16995576,1,1,adulto
ICB_03698_001,ICB_172,copd,AKG C417L Microphone,73.0,1,0,0,0.704939,0.38371962,1,1,adulto
ICB_03698_002,ICB_172,copd,AKG C417L Microphone,73.0,1,0,0,0.64980465,0.45613927,0,1,adulto
ICB_03698_003,ICB_172,copd,AKG C417L Microphone,73.0,1,0,0,0.64678365,0.30476284,0,1,adulto
ICB_03698_004,ICB_172,copd,AKG C417L Microphone,73.0,1,0,0,0.65158415,0.33019644,1,1,adulto
ICB_03698_005,ICB_172,copd,AKG C417L Microphone,73.0,1,1,0,0.6502873,0.9440776,3,3,adulto
ICB_03699_000,ICB_172,copd,AKG C417L Microphone,73.0,0,0,0,0.58291286,0.34735686,0,0,adulto
ICB_03699_001,ICB_172,copd,AKG C417L Microphone,73.0,0,0,0,0.52220625,0.3341526,0,0,adulto
ICB_03699_002,ICB_172,copd,AKG C417L Microphone,73.0,0,0,0,0.6151932,0.3162609,0,0,adulto
ICB_03699_003,ICB_172,copd,AKG C417L Microphone,73.0,0,0,0,0.57786244,0.45886838,0,0,adulto
ICB_03699_004,ICB_172,copd,AKG C417L Microphone,73.0,0,1,0,0.45011067,0.17019896,0,2,adulto
ICB_03699_005,ICB_172,copd,AKG C417L Microphone,73.0,0,1,0,0.619851,0.93485105,2,2,adulto
ICB_03700_000,ICB_172,copd,AKG C417L Microphone,73.0,0,0,0,0.72746825,0.29798266,1,0,adulto
ICB_03700_001,ICB_172,copd,AKG C417L Microphone,73.0,1,0,0,0.75561565,0.29333058,1,1,adulto
ICB_03700_002,ICB_172,copd,AKG C417L Microphone,73.0,0,0,0,0.66203403,0.24535704,1,0,adulto
ICB_03700_003,ICB_172,copd,AKG C417L Microphone,73.0,0,0,0,0.6834349,0.33633634,1,0,adulto
ICB_03700_004,ICB_172,copd,AKG C417L Microphone,73.0,0,1,0,0.73303837,0.33173272,1,2,adulto
ICB_03700_005,ICB_172,copd,AKG C417L Microphone,73.0,0,0,0,0.81661266,0.34289214,1,0,adulto
ICB_03701_000,ICB_172,copd,AKG C417L Microphone,73.0,1,0,0,0.60654795,0.23927762,0,1,adulto
ICB_03701_001,ICB_172,copd,AKG C417L Microphone,73.0,1,0,0,0.64491343,0.3609364,0,1,adulto
ICB_03701_002,ICB_172,copd,AKG C417L Microphone,73.0,1,0,0,0.5785311,0.37532222,0,1,adulto
ICB_03701_003,ICB_172,copd,AKG C417L Microphone,73.0,0,0,0,0.6227781,0.20063537,0,0,adulto
ICB_03701_004,ICB_172,copd,AKG C417L Microphone,73.0,0,0,0,0.634635,0.23272063,0,0,adulto
ICB_03701_005,ICB_172,copd,AKG C417L Microphone,73.0,0,1,0,0.66830546,0.55780476,1,2,adulto
ICB_03702_000,ICB_172,copd,AKG C417L Microphone,73.0,1,0,0,0.65361285,0.30246675,1,1,adulto
ICB_03702_001,ICB_172,copd,AKG C417L Microphone,73.0,0,0,0,0.6438482,0.30235955,0,0,adulto
ICB_03702_002,ICB_172,copd,AKG C417L Microphone,73.0,0,0,0,0.5649571,0.22883613,0,0,adulto
ICB_03702_003,ICB_172,copd,AKG C417L Microphone,73.0,0,0,0,0.6061443,0.3086721,0,0,adulto
ICB_03702_004,ICB_172,copd,AKG C417L Microphone,73.0,1,1,0,0.57033587,0.86020094,2,3,adulto
ICB_03702_005,ICB_172,copd,AKG C417L Microphone,73.0,0,0,0,0.7239958,0.5160485,1,0,adulto
ICB_03703_000,ICB_172,copd,AKG C417L Microphone,73.0,0,0,0,0.28308323,0.18484673,0,0,adulto
ICB_03703_001,ICB_172,copd,AKG C417L Microphone,73.0,0,0,0,0.49305448,0.17031723,0,0,adulto
ICB_03703_002,ICB_172,copd,AKG C417L Microphone,73.0,0,0,0,0.37977093,0.35049903,0,0,adulto
ICB_03703_003,ICB_172,copd,AKG C417L Microphone,73.0,0,0,0,0.3548705,0.046979144,0,0,adulto
ICB_03703_004,ICB_172,copd,AKG C417L Microphone,73.0,0,0,0,0.28427282,0.052084547,0,0,adulto
ICB_03703_005,ICB_172,copd,AKG C417L Microphone,73.0,0,1,0,0.27424446,0.59663147,0,2,adulto
ICB_03704_000,ICB_173,bronchiolitis_asthma,AKG C417L Microphone,3.0,0,0,0,0.5433913,0.36937147,0,0,pediátrico (<18)
ICB_03704_001,ICB_173,bronchiolitis_asthma,AKG C417L Microphone,3.0,0,0,0,0.5618794,0.2945274,0,0,pediátrico (<18)
ICB_03704_002,ICB_173,bronchiolitis_asthma,AKG C417L Microphone,3.0,1,0,0,0.37538338,0.19998057,0,1,pediátrico (<18)
ICB_03704_003,ICB_173,bronchiolitis_asthma,AKG C417L Microphone,3.0,0,0,0,0.36158827,0.30056295,0,0,pediátrico (<18)
ICB_03704_004,ICB_173,bronchiolitis_asthma,AKG C417L Microphone,3.0,1,0,0,0.524302,0.37932685,0,1,pediátrico (<18)
ICB_03704_005,ICB_173,bronchiolitis_asthma,AKG C417L Microphone,3.0,0,0,0,0.5246514,0.31030118,0,0,pediátrico (<18)
ICB_03704_006,ICB_173,bronchiolitis_asthma,AKG C417L Microphone,3.0,0,0,0,0.605867,0.2808449,0,0,pediátrico (<18)
ICB_03704_007,ICB_173,bronchiolitis_asthma,AKG C417L Microphone,3.0,1,0,0,0.65368456,0.1952809,1,1,pediátrico (<18)
ICB_03704_008,ICB_173,bronchiolitis_asthma,AKG C417L Microphone,3.0,1,0,0,0.62233555,0.24287413,0,1,pediátrico (<18)
ICB_03704_009,ICB_173,bronchiolitis_asthma,AKG C417L Microphone,3.0,1,0,0,0.486921,0.16351205,0,1,pediátrico (<18)
ICB_03704_010,ICB_173,bronchiolitis_asthma,AKG C417L Microphone,3.0,0,0,0,0.48367837,0.1369822,0,0,pediátrico (<18)
ICB_03704_011,ICB_173,bronchiolitis_asthma,AKG C417L Microphone,3.0,0,0,0,0.4699267,0.26750678,0,0,pediátrico (<18)
ICB_03704_012,ICB_173,bronchiolitis_asthma,AKG C417L Microphone,3.0,0,0,0,0.5025077,0.2524595,0,0,pediátrico (<18)
ICB_03734_000,ICB_176,copd,AKG C417L Microphone,65.0,0,0,0,0.18722184,0.12548557,0,0,adulto
ICB_03734_001,ICB_176,copd,AKG C417L Microphone,65.0,1,0,0,0.72370505,0.68648624,3,1,adulto
ICB_03734_002,ICB_176,copd,AKG C417L Microphone,65.0,1,0,0,0.74062717,0.4749646,1,1,adulto
ICB_03734_003,ICB_176,copd,AKG C417L Microphone,65.0,1,0,0,0.712017,0.4154092,1,1,adulto
ICB_03734_004,ICB_176,copd,AKG C417L Microphone,65.0,1,0,0,0.7377807,0.51653117,1,1,adulto
ICB_03734_005,ICB_176,copd,AKG C417L Microphone,65.0,1,0,0,0.7172017,0.6557021,3,1,adulto
ICB_03735_000,ICB_176,copd,AKG C417L Microphone,65.0,1,0,0,0.5318529,0.22971663,0,1,adulto
ICB_03735_001,ICB_176,copd,AKG C417L Microphone,65.0,1,0,0,0.77327496,0.48893353,1,1,adulto
ICB_03735_002,ICB_176,copd,AKG C417L Microphone,65.0,1,0,0,0.8218574,0.38320914,1,1,adulto
ICB_03735_003,ICB_176,copd,AKG C417L Microphone,65.0,1,0,0,0.78801316,0.4539747,1,1,adulto
ICB_03735_004,ICB_176,copd,AKG C417L Microphone,65.0,1,0,0,0.8020565,0.38731673,1,1,adulto
ICB_03735_005,ICB_176,copd,AKG C417L Microphone,65.0,1,0,0,0.80557346,0.36875623,1,1,adulto
ICB_03736_000,ICB_176,copd,AKG C417L Microphone,65.0,0,0,0,0.2026094,0.061787333,0,0,adulto
ICB_03736_001,ICB_176,copd,AKG C417L Microphone,65.0,1,0,0,0.8256558,0.5934323,1,1,adulto
ICB_03736_002,ICB_176,copd,AKG C417L Microphone,65.0,1,0,0,0.8404734,0.467229,1,1,adulto
ICB_03736_003,ICB_176,copd,AKG C417L Microphone,65.0,1,0,0,0.8352103,0.5073105,1,1,adulto
ICB_03736_004,ICB_176,copd,AKG C417L Microphone,65.0,1,0,0,0.8124644,0.5891223,1,1,adulto
ICB_03736_005,ICB_176,copd,AKG C417L Microphone,65.0,1,0,0,0.7080785,0.4247435,1,1,adulto
ICB_03737_000,ICB_176,copd,AKG C417L Microphone,65.0,0,0,0,0.465798,0.074247986,0,0,adulto
ICB_03737_001,ICB_176,copd,AKG C417L Microphone,65.0,1,0,0,0.8060378,0.3221962,1,1,adulto
ICB_03737_002,ICB_176,copd,AKG C417L Microphone,65.0,1,0,0,0.8109012,0.27275315,1,1,adulto
ICB_03737_003,ICB_176,copd,AKG C417L Microphone,65.0,1,0,0,0.7666425,0.25888425,1,1,adulto
ICB_03737_004,ICB_176,copd,AKG C417L Microphone,65.0,1,0,0,0.788366,0.3057818,1,1,adulto
ICB_03737_005,ICB_176,copd,AKG C417L Microphone,65.0,1,0,0,0.6986547,0.250611,1,1,adulto
ICB_03738_000,ICB_176,copd,AKG C417L Microphone,65.0,0,0,0,0.18400076,0.065682724,0,0,adulto
ICB_03738_001,ICB_176,copd,AKG C417L Microphone,65.0,1,0,0,0.825573,0.37290844,1,1,adulto
ICB_03738_002,ICB_176,copd,AKG C417L Microphone,65.0,1,0,0,0.76894945,0.25550205,1,1,adulto
ICB_03738_003,ICB_176,copd,AKG C417L Microphone,65.0,1,0,0,0.8171909,0.22798476,1,1,adulto
ICB_03738_004,ICB_176,copd,AKG C417L Microphone,65.0,1,0,0,0.82899696,0.31914398,1,1,adulto
ICB_03738_005,ICB_176,copd,AKG C417L Microphone,65.0,1,0,0,0.7018815,0.4441616,1,1,adulto
ICB_03739_000,ICB_176,copd,AKG C417L Microphone,65.0,0,0,0,0.24597326,0.34712082,0,0,adulto
ICB_03739_001,ICB_176,copd,AKG C417L Microphone,65.0,1,0,0,0.7314211,0.33902854,1,1,adulto
ICB_03739_002,ICB_176,copd,AKG C417L Microphone,65.0,1,0,0,0.7531602,0.29276833,1,1,adulto
ICB_03739_003,ICB_176,copd,AKG C417L Microphone,65.0,1,0,0,0.74991083,0.30657136,1,1,adulto
ICB_03739_004,ICB_176,copd,AKG C417L Microphone,65.0,1,0,0,0.72980237,0.32548344,1,1,adulto
ICB_03739_005,ICB_176,copd,AKG C417L Microphone,65.0,1,0,0,0.60584235,0.22832303,0,1,adulto
ICB_03740_000,ICB_176,copd,AKG C417L Microphone,65.0,1,0,0,0.5167355,0.15719898,0,1,adulto
ICB_03740_001,ICB_176,copd,AKG C417L Microphone,65.0,1,0,0,0.59193105,0.21824586,0,1,adulto
ICB_03740_002,ICB_176,copd,AKG C417L Microphone,65.0,1,0,0,0.58807325,0.2757387,0,1,adulto
ICB_03740_003,ICB_176,copd,AKG C417L Microphone,65.0,1,0,0,0.5937598,0.12188787,0,1,adulto
ICB_03740_004,ICB_176,copd,AKG C417L Microphone,65.0,1,0,0,0.67687654,0.25707236,1,1,adulto
ICB_03740_005,ICB_176,copd,AKG C417L Microphone,65.0,1,0,0,0.60935366,0.28862587,0,1,adulto
ICB_03741_000,ICB_176,copd,AKG C417L Microphone,65.0,0,0,0,0.027049419,0.0887181,0,0,adulto
ICB_03741_001,ICB_176,copd,AKG C417L Microphone,65.0,1,0,0,0.7575059,0.50203073,1,1,adulto
ICB_03741_002,ICB_176,copd,AKG C417L Microphone,65.0,1,0,0,0.71352816,0.6632462,3,1,adulto
ICB_03741_003,ICB_176,copd,AKG C417L Microphone,65.0,1,0,0,0.7082202,0.42906478,1,1,adulto
ICB_03741_004,ICB_176,copd,AKG C417L Microphone,65.0,1,0,0,0.71851397,0.59470165,1,1,adulto
ICB_03741_005,ICB_176,copd,AKG C417L Microphone,65.0,1,0,0,0.65260893,0.67868245,3,1,adulto
ICB_03742_000,ICB_176,copd,AKG C417L Microphone,65.0,1,0,0,0.058111846,0.16264032,0,1,adulto
ICB_03742_001,ICB_176,copd,AKG C417L Microphone,65.0,1,0,0,0.70657223,0.4120873,1,1,adulto
ICB_03742_002,ICB_176,copd,AKG C417L Microphone,65.0,1,0,0,0.739682,0.43121353,1,1,adulto
ICB_03742_003,ICB_176,copd,AKG C417L Microphone,65.0,1,0,0,0.73517615,0.33898064,1,1,adulto
ICB_03742_004,ICB_176,copd,AKG C417L Microphone,65.0,1,0,0,0.75995284,0.516933,1,1,adulto
ICB_03742_005,ICB_176,copd,AKG C417L Microphone,65.0,1,0,0,0.7065948,0.44366038,1,1,adulto
ICB_03743_000,ICB_176,copd,AKG C417L Microphone,65.0,1,0,0,0.01185149,0.041647498,0,1,adulto
ICB_03743_001,ICB_176,copd,AKG C417L Microphone,65.0,1,0,0,0.85723233,0.4205265,1,1,adulto
ICB_03743_002,ICB_176,copd,AKG C417L Microphone,65.0,1,0,0,0.83759516,0.6247302,1,1,adulto
ICB_03743_003,ICB_176,copd,AKG C417L Microphone,65.0,1,0,0,0.8648472,0.3406175,1,1,adulto
ICB_03743_004,ICB_176,copd,AKG C417L Microphone,65.0,1,0,0,0.80457205,0.35660768,1,1,adulto
ICB_03743_005,ICB_176,copd,AKG C417L Microphone,65.0,1,0,0,0.6953304,0.23985645,1,1,adulto
ICB_03744_000,ICB_176,copd,AKG C417L Microphone,65.0,1,0,0,0.07920565,0.06349696,0,1,adulto
ICB_03744_001,ICB_176,copd,AKG C417L Microphone,65.0,1,0,0,0.8167548,0.29471058,1,1,adulto
ICB_03744_002,ICB_176,copd,AKG C417L Microphone,65.0,1,0,0,0.75377053,0.28141654,1,1,adulto
ICB_03744_003,ICB_176,copd,AKG C417L Microphone,65.0,1,0,0,0.8117984,0.33611017,1,1,adulto
ICB_03744_004,ICB_176,copd,AKG C417L Microphone,65.0,1,0,0,0.81726944,0.2706452,1,1,adulto
ICB_03744_005,ICB_176,copd,AKG C417L Microphone,65.0,1,0,0,0.7017561,0.32049564,1,1,adulto
ICB_03745_000,ICB_176,copd,AKG C417L Microphone,65.0,1,0,0,0.07932874,0.33488542,0,1,adulto
ICB_03745_001,ICB_176,copd,AKG C417L Microphone,65.0,1,0,0,0.81068987,0.29441753,1,1,adulto
ICB_03745_002,ICB_176,copd,AKG C417L Microphone,65.0,1,0,0,0.8158709,0.23213457,1,1,adulto
ICB_03745_003,ICB_176,copd,AKG C417L Microphone,65.0,1,0,0,0.775292,0.4207093,1,1,adulto
ICB_03745_004,ICB_176,copd,AKG C417L Microphone,65.0,1,0,0,0.8202335,0.27368703,1,1,adulto
ICB_03745_005,ICB_176,copd,AKG C417L Microphone,65.0,1,0,0,0.7922951,0.22925542,1,1,adulto
ICB_03746_000,ICB_176,copd,AKG C417L Microphone,65.0,1,0,0,0.02610315,0.024566596,0,1,adulto
ICB_03746_001,ICB_176,copd,AKG C417L Microphone,65.0,1,0,0,0.705989,0.38112786,1,1,adulto
ICB_03746_002,ICB_176,copd,AKG C417L Microphone,65.0,1,0,0,0.6640021,0.33395672,1,1,adulto
ICB_03746_003,ICB_176,copd,AKG C417L Microphone,65.0,1,0,0,0.6517685,0.2811515,1,1,adulto
ICB_03746_004,ICB_176,copd,AKG C417L Microphone,65.0,1,0,0,0.76681894,0.27396002,1,1,adulto
ICB_03746_005,ICB_176,copd,AKG C417L Microphone,65.0,1,0,0,0.7069106,0.3402435,1,1,adulto
ICB_03747_000,ICB_176,copd,AKG C417L Microphone,65.0,1,0,0,0.06766378,0.044795144,0,1,adulto
ICB_03747_001,ICB_176,copd,AKG C417L Microphone,65.0,1,0,0,0.63340557,0.3699178,0,1,adulto
ICB_03747_002,ICB_176,copd,AKG C417L Microphone,65.0,1,0,0,0.59960085,0.5246277,0,1,adulto
ICB_03747_003,ICB_176,copd,AKG C417L Microphone,65.0,0,0,0,0.46455264,0.24491428,0,0,adulto
ICB_03747_004,ICB_176,copd,AKG C417L Microphone,65.0,1,0,0,0.63643944,0.4026561,0,1,adulto
ICB_03747_005,ICB_176,copd,AKG C417L Microphone,65.0,1,0,0,0.5299613,0.38544708,0,1,adulto
ICB_03748_000,ICB_176,copd,AKG C417L Microphone,65.0,0,0,0,0.54517806,0.9360391,2,0,adulto
ICB_03748_001,ICB_176,copd,AKG C417L Microphone,65.0,1,0,0,0.6228843,0.5793889,0,1,adulto
ICB_03748_002,ICB_176,copd,AKG C417L Microphone,65.0,1,0,0,0.6907441,0.5171492,1,1,adulto
ICB_03748_003,ICB_176,copd,AKG C417L Microphone,65.0,1,0,0,0.72741014,0.8248501,3,1,adulto
ICB_03748_004,ICB_176,copd,AKG C417L Microphone,65.0,1,0,0,0.6887112,0.43780306,1,1,adulto
ICB_03748_005,ICB_176,copd,AKG C417L Microphone,65.0,1,0,0,0.7615876,0.51379263,1,1,adulto
ICB_03748_006,ICB_176,copd,AKG C417L Microphone,65.0,1,0,0,0.6758996,0.41162923,1,1,adulto
ICB_03749_000,ICB_176,copd,AKG C417L Microphone,65.0,0,0,0,0.55026805,0.7560225,2,0,adulto
ICB_03749_001,ICB_176,copd,AKG C417L Microphone,65.0,1,0,0,0.7580496,0.2706293,1,1,adulto
ICB_03749_002,ICB_176,copd,AKG C417L Microphone,65.0,1,0,0,0.7709799,0.42444074,1,1,adulto
ICB_03749_003,ICB_176,copd,AKG C417L Microphone,65.0,1,0,0,0.7287364,0.42754278,1,1,adulto
ICB_03749_004,ICB_176,copd,AKG C417L Microphone,65.0,1,0,0,0.8047931,0.3473214,1,1,adulto
ICB_03749_005,ICB_176,copd,AKG C417L Microphone,65.0,1,0,0,0.75810736,0.44148728,1,1,adulto
ICB_03749_006,ICB_176,copd,AKG C417L Microphone,65.0,1,0,0,0.8198328,0.71313465,3,1,adulto
ICB_03750_000,ICB_176,copd,AKG C417L Microphone,65.0,1,0,0,0.45855957,0.91654915,2,1,adulto
ICB_03750_001,ICB_176,copd,AKG C417L Microphone,65.0,1,0,0,0.65350914,0.35636055,1,1,adulto
ICB_03750_002,ICB_176,copd,AKG C417L Microphone,65.0,1,0,0,0.7380995,0.5142713,1,1,adulto
ICB_03750_003,ICB_176,copd,AKG C417L Microphone,65.0,1,0,0,0.7440794,0.35447314,1,1,adulto
ICB_03750_004,ICB_176,copd,AKG C417L Microphone,65.0,1,0,0,0.6944474,0.3489375,1,1,adulto
ICB_03750_005,ICB_176,copd,AKG C417L Microphone,65.0,1,0,0,0.6538621,0.45538545,1,1,adulto
ICB_03750_006,ICB_176,copd,AKG C417L Microphone,65.0,1,0,0,0.7499801,0.5259288,1,1,adulto
ICB_03751_000,ICB_176,copd,AKG C417L Microphone,65.0,0,0,0,0.6977285,0.4768095,1,0,adulto
ICB_03751_001,ICB_176,copd,AKG C417L Microphone,65.0,1,0,0,0.74180675,0.4311998,1,1,adulto
ICB_03751_002,ICB_176,copd,AKG C417L Microphone,65.0,1,0,0,0.72898835,0.6255923,1,1,adulto
ICB_03751_003,ICB_176,copd,AKG C417L Microphone,65.0,1,0,0,0.6618669,0.56425333,1,1,adulto
ICB_03751_004,ICB_176,copd,AKG C417L Microphone,65.0,1,0,0,0.6653678,0.577826,1,1,adulto
ICB_03751_005,ICB_176,copd,AKG C417L Microphone,65.0,1,0,0,0.69907403,0.3802346,1,1,adulto
ICB_03751_006,ICB_176,copd,AKG C417L Microphone,65.0,1,0,0,0.70623845,0.38867876,1,1,adulto
ICB_03752_000,ICB_176,copd,AKG C417L Microphone,65.0,1,0,0,0.52918977,0.8030152,2,1,adulto
ICB_03752_001,ICB_176,copd,AKG C417L Microphone,65.0,1,0,0,0.7656491,0.36799467,1,1,adulto
ICB_03752_002,ICB_176,copd,AKG C417L Microphone,65.0,1,0,0,0.7904859,0.2933567,1,1,adulto
ICB_03752_003,ICB_176,copd,AKG C417L Microphone,65.0,1,0,0,0.7508233,0.35781983,1,1,adulto
ICB_03752_004,ICB_176,copd,AKG C417L Microphone,65.0,1,0,0,0.7524506,0.16788289,1,1,adulto
ICB_03752_005,ICB_176,copd,AKG C417L Microphone,65.0,1,0,0,0.76734704,0.47160807,1,1,adulto
ICB_03752_006,ICB_176,copd,AKG C417L Microphone,65.0,1,0,0,0.74624324,0.5551901,1,1,adulto
ICB_03753_000,ICB_176,copd,AKG C417L Microphone,65.0,0,0,0,0.5194274,0.7491343,2,0,adulto
ICB_03753_001,ICB_176,copd,AKG C417L Microphone,65.0,1,0,0,0.7556361,0.3346788,1,1,adulto
ICB_03753_002,ICB_176,copd,AKG C417L Microphone,65.0,1,0,0,0.73492473,0.28027803,1,1,adulto
ICB_03753_003,ICB_176,copd,AKG C417L Microphone,65.0,1,0,0,0.71122104,0.24908748,1,1,adulto
ICB_03753_004,ICB_176,copd,AKG C417L Microphone,65.0,1,0,0,0.7864424,0.21125342,1,1,adulto
ICB_03753_005,ICB_176,copd,AKG C417L Microphone,65.0,1,0,0,0.75669533,0.2681787,1,1,adulto
ICB_03753_006,ICB_176,copd,AKG C417L Microphone,65.0,1,0,0,0.8014371,0.22292595,1,1,adulto
ICB_03754_000,ICB_176,copd,AKG C417L Microphone,65.0,1,0,0,0.50643486,0.38461214,0,1,adulto
ICB_03754_001,ICB_176,copd,AKG C417L Microphone,65.0,1,0,0,0.61125,0.31325507,0,1,adulto
ICB_03754_002,ICB_176,copd,AKG C417L Microphone,65.0,1,0,0,0.5546342,0.45133534,0,1,adulto
ICB_03754_003,ICB_176,copd,AKG C417L Microphone,65.0,1,0,0,0.5431696,0.25606042,0,1,adulto
ICB_03754_004,ICB_176,copd,AKG C417L Microphone,65.0,1,0,0,0.47789147,0.31504357,0,1,adulto
ICB_03754_005,ICB_176,copd,AKG C417L Microphone,65.0,1,0,0,0.51246554,0.27149147,0,1,adulto
ICB_03754_006,ICB_176,copd,AKG C417L Microphone,65.0,1,0,0,0.7876679,0.23792666,1,1,adulto
ICB_03755_000,ICB_177,copd,AKG C417L Microphone,56.0,1,0,0,0.5595253,0.4357234,0,1,adulto
ICB_03755_001,ICB_177,copd,AKG C417L Microphone,56.0,1,0,0,0.7217322,0.48270503,1,1,adulto
ICB_03755_002,ICB_177,copd,AKG C417L Microphone,56.0,1,0,0,0.72509724,0.3898923,1,1,adulto
ICB_03755_003,ICB_177,copd,AKG C417L Microphone,56.0,1,0,0,0.70202893,0.46651947,1,1,adulto
ICB_03756_000,ICB_177,copd,AKG C417L Microphone,56.0,1,0,0,0.59877175,0.53014827,0,1,adulto
ICB_03756_001,ICB_177,copd,AKG C417L Microphone,56.0,0,0,0,0.6815061,0.4180105,1,0,adulto
ICB_03756_002,ICB_177,copd,AKG C417L Microphone,56.0,0,0,0,0.6348128,0.395042,0,0,adulto
ICB_03756_003,ICB_177,copd,AKG C417L Microphone,56.0,1,0,0,0.732897,0.71824354,3,1,adulto
ICB_03757_000,ICB_177,copd,AKG C417L Microphone,56.0,1,0,0,0.603925,0.29456073,0,1,adulto
ICB_03757_001,ICB_177,copd,AKG C417L Microphone,56.0,1,0,0,0.74456316,0.37708986,1,1,adulto
ICB_03757_002,ICB_177,copd,AKG C417L Microphone,56.0,0,0,0,0.693542,0.3488441,1,0,adulto
ICB_03757_003,ICB_177,copd,AKG C417L Microphone,56.0,0,0,0,0.76109433,0.6787624,3,0,adulto
ICB_03758_000,ICB_177,copd,AKG C417L Microphone,56.0,1,0,0,0.65233976,0.4742609,1,1,adulto
ICB_03758_001,ICB_177,copd,AKG C417L Microphone,56.0,1,0,0,0.71153337,0.40832064,1,1,adulto
ICB_03758_002,ICB_177,copd,AKG C417L Microphone,56.0,1,0,0,0.7084256,0.6401951,1,1,adulto
ICB_03758_003,ICB_177,copd,AKG C417L Microphone,56.0,1,0,0,0.7090105,0.429719,1,1,adulto
ICB_03759_000,ICB_177,copd,AKG C417L Microphone,56.0,1,0,0,0.6450133,0.62017375,0,1,adulto
ICB_03759_001,ICB_177,copd,AKG C417L Microphone,56.0,0,1,0,0.73635876,0.61305153,1,2,adulto
ICB_03759_002,ICB_177,copd,AKG C417L Microphone,56.0,0,1,0,0.70188373,0.51402295,1,2,adulto
ICB_03759_003,ICB_177,copd,AKG C417L Microphone,56.0,0,1,0,0.75386506,0.40606812,1,2,adulto
ICB_03760_000,ICB_177,copd,AKG C417L Microphone,56.0,0,0,0,0.3852198,0.5887917,0,0,adulto
ICB_03760_001,ICB_177,copd,AKG C417L Microphone,56.0,0,0,0,0.27610266,0.68618244,2,0,adulto
ICB_03760_002,ICB_177,copd,AKG C417L Microphone,56.0,0,0,0,0.25105608,0.4118244,0,0,adulto
ICB_03760_003,ICB_177,copd,AKG C417L Microphone,56.0,0,0,0,0.25413972,0.7968524,2,0,adulto
ICB_03761_000,ICB_177,copd,AKG C417L Microphone,56.0,1,0,0,0.69791424,0.5018544,1,1,adulto
ICB_03761_001,ICB_177,copd,AKG C417L Microphone,56.0,1,0,0,0.5780761,0.4312376,0,1,adulto
ICB_03761_002,ICB_177,copd,AKG C417L Microphone,56.0,1,0,0,0.75429404,0.28898463,1,1,adulto
ICB_03761_003,ICB_177,copd,AKG C417L Microphone,56.0,1,0,0,0.6512753,0.3529478,1,1,adulto
ICB_03761_004,ICB_177,copd,AKG C417L Microphone,56.0,1,0,0,0.73834556,0.47950378,1,1,adulto
ICB_03762_000,ICB_177,copd,AKG C417L Microphone,56.0,0,0,0,0.6448719,0.550666,0,0,adulto
ICB_03762_001,ICB_177,copd,AKG C417L Microphone,56.0,0,0,0,0.755775,0.55078727,1,0,adulto
ICB_03762_002,ICB_177,copd,AKG C417L Microphone,56.0,0,0,0,0.66736877,0.3865687,1,0,adulto
ICB_03762_003,ICB_177,copd,AKG C417L Microphone,56.0,0,0,0,0.66740245,0.2139919,1,0,adulto
ICB_03762_004,ICB_177,copd,AKG C417L Microphone,56.0,0,0,0,0.69829255,0.54984426,1,0,adulto
ICB_03763_000,ICB_177,copd,AKG C417L Microphone,56.0,0,0,0,0.7743391,0.33669853,1,0,adulto
ICB_03763_001,ICB_177,copd,AKG C417L Microphone,56.0,0,0,0,0.75737417,0.32192725,1,0,adulto
ICB_03763_002,ICB_177,copd,AKG C417L Microphone,56.0,0,0,0,0.6080207,0.1712327,0,0,adulto
ICB_03763_003,ICB_177,copd,AKG C417L Microphone,56.0,0,0,0,0.86072487,0.29989722,1,0,adulto
ICB_03763_004,ICB_177,copd,AKG C417L Microphone,56.0,0,0,0,0.7770811,0.36889613,1,0,adulto
ICB_03764_000,ICB_177,copd,AKG C417L Microphone,56.0,1,0,0,0.7694343,0.51332855,1,1,adulto
ICB_03764_001,ICB_177,copd,AKG C417L Microphone,56.0,1,0,0,0.69011664,0.2603556,1,1,adulto
ICB_03764_002,ICB_177,copd,AKG C417L Microphone,56.0,1,0,0,0.7668911,0.23939802,1,1,adulto
ICB_03764_003,ICB_177,copd,AKG C417L Microphone,56.0,1,0,0,0.74106383,0.4358357,1,1,adulto
ICB_03764_004,ICB_177,copd,AKG C417L Microphone,56.0,1,0,0,0.792234,0.5194454,1,1,adulto
ICB_03765_000,ICB_177,copd,AKG C417L Microphone,56.0,0,1,0,0.6767561,0.40674627,1,2,adulto
ICB_03765_001,ICB_177,copd,AKG C417L Microphone,56.0,0,1,0,0.7089004,0.49907532,1,2,adulto
ICB_03765_002,ICB_177,copd,AKG C417L Microphone,56.0,1,1,0,0.73166096,0.32730216,1,3,adulto
ICB_03765_003,ICB_177,copd,AKG C417L Microphone,56.0,0,1,0,0.70282054,0.48237586,1,2,adulto
ICB_03765_004,ICB_177,copd,AKG C417L Microphone,56.0,1,1,0,0.7529604,0.33886454,1,3,adulto
ICB_03766_000,ICB_177,copd,AKG C417L Microphone,56.0,0,0,0,0.25057346,0.9218127,2,0,adulto
ICB_03766_001,ICB_177,copd,AKG C417L Microphone,56.0,0,0,0,0.2601548,0.61028415,0,0,adulto
ICB_03766_002,ICB_177,copd,AKG C417L Microphone,56.0,0,0,0,0.33450767,0.5112766,0,0,adulto
ICB_03766_003,ICB_177,copd,AKG C417L Microphone,56.0,0,0,0,0.42446348,0.55984455,0,0,adulto
ICB_03766_004,ICB_177,copd,AKG C417L Microphone,56.0,0,0,0,0.34000415,0.68654805,2,0,adulto
ICB_03767_000,ICB_177,copd,AKG C417L Microphone,56.0,0,0,0,0.65494674,0.47047853,1,0,adulto
ICB_03767_001,ICB_177,copd,AKG C417L Microphone,56.0,1,0,0,0.7884921,0.30680132,1,1,adulto
ICB_03767_002,ICB_177,copd,AKG C417L Microphone,56.0,1,0,0,0.7744055,0.5423591,1,1,adulto
ICB_03767_003,ICB_177,copd,AKG C417L Microphone,56.0,1,0,0,0.67231804,0.3969632,1,1,adulto
ICB_03767_004,ICB_177,copd,AKG C417L Microphone,56.0,0,0,0,0.67696005,0.40652192,1,0,adulto
ICB_03768_000,ICB_177,copd,AKG C417L Microphone,56.0,1,0,0,0.5880808,0.40062675,0,1,adulto
ICB_03768_001,ICB_177,copd,AKG C417L Microphone,56.0,0,0,0,0.610831,0.64122564,0,0,adulto
ICB_03768_002,ICB_177,copd,AKG C417L Microphone,56.0,1,0,0,0.46751928,0.31040272,0,1,adulto
ICB_03768_003,ICB_177,copd,AKG C417L Microphone,56.0,1,0,0,0.52074224,0.47410697,0,1,adulto
ICB_03768_004,ICB_177,copd,AKG C417L Microphone,56.0,1,0,0,0.5535985,0.2595094,0,1,adulto
ICB_03769_000,ICB_177,copd,AKG C417L Microphone,56.0,1,0,0,0.7336797,0.5145516,1,1,adulto
ICB_03769_001,ICB_177,copd,AKG C417L Microphone,56.0,1,0,0,0.75920755,0.4991042,1,1,adulto
ICB_03769_002,ICB_177,copd,AKG C417L Microphone,56.0,1,0,0,0.7125454,0.46946162,1,1,adulto
ICB_03769_003,ICB_177,copd,AKG C417L Microphone,56.0,1,0,0,0.73375756,0.503645,1,1,adulto
ICB_03769_004,ICB_177,copd,AKG C417L Microphone,56.0,1,0,0,0.69772726,0.2028167,1,1,adulto
ICB_03770_000,ICB_177,copd,AKG C417L Microphone,56.0,1,0,0,0.7342066,0.5559387,1,1,adulto
ICB_03770_001,ICB_177,copd,AKG C417L Microphone,56.0,1,0,0,0.7521273,0.43252555,1,1,adulto
ICB_03770_002,ICB_177,copd,AKG C417L Microphone,56.0,1,0,0,0.718683,0.4943151,1,1,adulto
ICB_03770_003,ICB_177,copd,AKG C417L Microphone,56.0,1,0,0,0.7342767,0.6703305,3,1,adulto
ICB_03770_004,ICB_177,copd,AKG C417L Microphone,56.0,1,0,0,0.64068216,0.53217894,0,1,adulto
ICB_03771_000,ICB_177,copd,AKG C417L Microphone,56.0,0,0,0,0.49607393,0.39352328,0,0,adulto
ICB_03771_001,ICB_177,copd,AKG C417L Microphone,56.0,0,0,0,0.52711403,0.39640814,0,0,adulto
ICB_03771_002,ICB_177,copd,AKG C417L Microphone,56.0,0,0,0,0.48589134,0.38531548,0,0,adulto
ICB_03771_003,ICB_177,copd,AKG C417L Microphone,56.0,0,0,0,0.4573645,0.38380063,0,0,adulto
ICB_03771_004,ICB_177,copd,AKG C417L Microphone,56.0,0,0,0,0.5364297,0.23116967,0,0,adulto
ICB_03798_000,ICB_180,copd,AKG C417L Microphone,93.0,1,1,0,0.6286301,0.98200274,2,3,adulto
ICB_03798_001,ICB_180,copd,AKG C417L Microphone,93.0,1,1,0,0.5434422,0.7232939,2,3,adulto
ICB_03798_002,ICB_180,copd,AKG C417L Microphone,93.0,1,1,0,0.5743333,0.9947095,2,3,adulto
ICB_03798_003,ICB_180,copd,AKG C417L Microphone,93.0,1,1,0,0.6091662,0.9221044,2,3,adulto
ICB_03798_004,ICB_180,copd,AKG C417L Microphone,93.0,1,1,0,0.64216626,0.7538581,2,3,adulto
ICB_03798_005,ICB_180,copd,AKG C417L Microphone,93.0,0,1,0,0.67166495,0.49089018,1,2,adulto
ICB_03799_000,ICB_180,copd,AKG C417L Microphone,93.0,1,1,0,0.27674693,0.9509804,2,3,adulto
ICB_03799_001,ICB_180,copd,AKG C417L Microphone,93.0,1,1,0,0.35703382,0.62738556,0,3,adulto
ICB_03799_002,ICB_180,copd,AKG C417L Microphone,93.0,1,1,0,0.30855733,0.66075945,2,3,adulto
ICB_03799_003,ICB_180,copd,AKG C417L Microphone,93.0,1,1,0,0.33764473,0.7662213,2,3,adulto
ICB_03799_004,ICB_180,copd,AKG C417L Microphone,93.0,1,1,0,0.3099157,0.8301794,2,3,adulto
ICB_03799_005,ICB_180,copd,AKG C417L Microphone,93.0,1,0,0,0.3345542,0.10006546,0,1,adulto
ICB_03800_000,ICB_180,copd,AKG C417L Microphone,93.0,1,1,0,0.70477116,0.9004253,3,3,adulto
ICB_03800_001,ICB_180,copd,AKG C417L Microphone,93.0,1,1,0,0.67217433,0.56661916,1,3,adulto
ICB_03800_002,ICB_180,copd,AKG C417L Microphone,93.0,1,1,0,0.61906344,0.8679242,2,3,adulto
ICB_03800_003,ICB_180,copd,AKG C417L Microphone,93.0,1,1,0,0.63829374,0.794237,2,3,adulto
ICB_03800_004,ICB_180,copd,AKG C417L Microphone,93.0,1,1,0,0.6378232,0.9437423,2,3,adulto
ICB_03800_005,ICB_180,copd,AKG C417L Microphone,93.0,1,0,0,0.69516754,0.3024294,1,1,adulto
ICB_03801_000,ICB_180,copd,AKG C417L Microphone,93.0,1,1,0,0.6315092,0.6242674,0,3,adulto
ICB_03801_001,ICB_180,copd,AKG C417L Microphone,93.0,1,1,0,0.6260503,0.5288667,0,3,adulto
ICB_03801_002,ICB_180,copd,AKG C417L Microphone,93.0,1,1,0,0.52003413,0.77143514,2,3,adulto
ICB_03801_003,ICB_180,copd,AKG C417L Microphone,93.0,1,1,0,0.6758889,0.7350054,3,3,adulto
ICB_03801_004,ICB_180,copd,AKG C417L Microphone,93.0,1,1,0,0.64951897,0.9862148,2,3,adulto
ICB_03801_005,ICB_180,copd,AKG C417L Microphone,93.0,1,0,0,0.6134188,0.20284343,0,1,adulto
ICB_03802_000,ICB_180,copd,AKG C417L Microphone,93.0,1,1,0,0.6561817,0.9880371,3,3,adulto
ICB_03802_001,ICB_180,copd,AKG C417L Microphone,93.0,1,1,0,0.5843483,0.64711154,0,3,adulto
ICB_03802_002,ICB_180,copd,AKG C417L Microphone,93.0,1,1,0,0.5879683,0.8565334,2,3,adulto
ICB_03802_003,ICB_180,copd,AKG C417L Microphone,93.0,1,1,0,0.6611435,0.74831617,3,3,adulto
ICB_03802_004,ICB_180,copd,AKG C417L Microphone,93.0,1,1,0,0.6286902,0.92776334,2,3,adulto
ICB_03802_005,ICB_180,copd,AKG C417L Microphone,93.0,1,0,0,0.70435554,0.30529523,1,1,adulto
ICB_03808_000,ICB_183,normal_lung,AKG C417L Microphone,14.0,1,0,0,0.52123547,0.324847,0,1,pediátrico (<18)
ICB_03808_001,ICB_183,normal_lung,AKG C417L Microphone,14.0,0,0,0,0.6999765,0.35446677,1,0,pediátrico (<18)
ICB_03808_002,ICB_183,normal_lung,AKG C417L Microphone,14.0,1,0,0,0.7160817,0.3758898,1,1,pediátrico (<18)
ICB_03808_003,ICB_183,normal_lung,AKG C417L Microphone,14.0,0,0,0,0.61038136,0.437093,0,0,pediátrico (<18)
ICB_03809_000,ICB_183,normal_lung,AKG C417L Microphone,14.0,0,0,0,0.5327039,0.15587084,0,0,pediátrico (<18)
ICB_03809_001,ICB_183,normal_lung,AKG C417L Microphone,14.0,0,0,0,0.48379993,0.14967345,0,0,pediátrico (<18)
ICB_03809_002,ICB_183,normal_lung,AKG C417L Microphone,14.0,0,0,0,0.4062387,0.15383309,0,0,pediátrico (<18)
ICB_03809_003,ICB_183,normal_lung,AKG C417L Microphone,14.0,0,0,0,0.23597173,0.051305216,0,0,pediátrico (<18)
ICB_03981_000,ICB_207,copd,AKG C417L Microphone,63.0,0,0,0,0.49226454,0.83686864,2,0,adulto
ICB_03981_001,ICB_207,copd,AKG C417L Microphone,63.0,0,0,0,0.5295136,0.4109242,0,0,adulto
ICB_03981_002,ICB_207,copd,AKG C417L Microphone,63.0,0,0,0,0.511581,0.45157397,0,0,adulto
ICB_03981_003,ICB_207,copd,AKG C417L Microphone,63.0,0,0,0,0.53230286,0.5512672,0,0,adulto
ICB_03981_004,ICB_207,copd,AKG C417L Microphone,63.0,0,0,0,0.5263502,0.2893222,0,0,adulto
ICB_03981_005,ICB_207,copd,AKG C417L Microphone,63.0,0,0,0,0.5412098,0.45116934,0,0,adulto
ICB_03982_000,ICB_207,copd,AKG C417L Microphone,63.0,0,0,0,0.47286782,0.25664392,0,0,adulto
ICB_03982_001,ICB_207,copd,AKG C417L Microphone,63.0,0,0,0,0.4685455,0.18300252,0,0,adulto
ICB_03982_002,ICB_207,copd,AKG C417L Microphone,63.0,0,0,0,0.5522416,0.28662053,0,0,adulto
ICB_03982_003,ICB_207,copd,AKG C417L Microphone,63.0,0,0,0,0.5668461,0.4744399,0,0,adulto
ICB_03982_004,ICB_207,copd,AKG C417L Microphone,63.0,0,0,0,0.4700346,0.26143926,0,0,adulto
ICB_03982_005,ICB_207,copd,AKG C417L Microphone,63.0,0,0,0,0.59577465,0.4216917,0,0,adulto
ICB_03983_000,ICB_207,copd,AKG C417L Microphone,63.0,0,0,0,0.48771232,0.27030072,0,0,adulto
ICB_03983_001,ICB_207,copd,AKG C417L Microphone,63.0,1,0,0,0.47089309,0.27975434,0,1,adulto
ICB_03983_002,ICB_207,copd,AKG C417L Microphone,63.0,0,0,0,0.4963956,0.29638413,0,0,adulto
ICB_03983_003,ICB_207,copd,AKG C417L Microphone,63.0,1,0,0,0.4213594,0.20124137,0,1,adulto
ICB_03983_004,ICB_207,copd,AKG C417L Microphone,63.0,0,0,0,0.41494316,0.24740879,0,0,adulto
ICB_03983_005,ICB_207,copd,AKG C417L Microphone,63.0,0,0,0,0.47327146,0.31488976,0,0,adulto
ICB_03984_000,ICB_207,copd,AKG C417L Microphone,63.0,0,0,0,0.5451784,0.49718177,0,0,adulto
ICB_03984_001,ICB_207,copd,AKG C417L Microphone,63.0,0,0,0,0.5846316,0.48376685,0,0,adulto
ICB_03984_002,ICB_207,copd,AKG C417L Microphone,63.0,0,0,0,0.6199709,0.39749497,0,0,adulto
ICB_03984_003,ICB_207,copd,AKG C417L Microphone,63.0,0,0,0,0.54076076,0.5801258,0,0,adulto
ICB_03984_004,ICB_207,copd,AKG C417L Microphone,63.0,0,0,0,0.60877883,0.29479837,0,0,adulto
ICB_03984_005,ICB_207,copd,AKG C417L Microphone,63.0,0,0,0,0.57695615,0.71833104,2,0,adulto
ICB_03985_000,ICB_207,copd,AKG C417L Microphone,63.0,0,0,0,0.20866022,0.33008122,0,0,adulto
ICB_03985_001,ICB_207,copd,AKG C417L Microphone,63.0,0,0,0,0.31110227,0.072211415,0,0,adulto
ICB_03985_002,ICB_207,copd,AKG C417L Microphone,63.0,0,0,0,0.4439608,0.1106744,0,0,adulto
ICB_03985_003,ICB_207,copd,AKG C417L Microphone,63.0,0,0,0,0.42125282,0.6298673,0,0,adulto
ICB_03985_004,ICB_207,copd,AKG C417L Microphone,63.0,0,0,0,0.35067695,0.06443307,0,0,adulto
ICB_03985_005,ICB_207,copd,AKG C417L Microphone,63.0,0,0,0,0.35784456,0.23884109,0,0,adulto
ICB_03986_000,ICB_207,copd,AKG C417L Microphone,63.0,0,0,0,0.46589205,0.48521486,0,0,adulto
ICB_03986_001,ICB_207,copd,AKG C417L Microphone,63.0,1,0,0,0.43844244,0.47948602,0,1,adulto
ICB_03986_002,ICB_207,copd,AKG C417L Microphone,63.0,1,0,0,0.38518298,0.3646156,0,1,adulto
ICB_03986_003,ICB_207,copd,AKG C417L Microphone,63.0,0,0,0,0.47064203,0.52559716,0,0,adulto
ICB_03986_004,ICB_207,copd,AKG C417L Microphone,63.0,0,0,0,0.5022907,0.39984664,0,0,adulto
ICB_03986_005,ICB_207,copd,AKG C417L Microphone,63.0,0,0,0,0.28497097,0.85044515,2,0,adulto
ICB_03987_000,ICB_207,copd,AKG C417L Microphone,63.0,0,0,0,0.45786786,0.24727702,0,0,adulto
ICB_03987_001,ICB_207,copd,AKG C417L Microphone,63.0,0,0,0,0.42517564,0.26371044,0,0,adulto
ICB_03987_002,ICB_207,copd,AKG C417L Microphone,63.0,1,0,0,0.45633548,0.19805369,0,1,adulto
ICB_03987_003,ICB_207,copd,AKG C417L Microphone,63.0,0,0,0,0.4792514,0.2718327,0,0,adulto
ICB_03987_004,ICB_207,copd,AKG C417L Microphone,63.0,0,0,0,0.5419758,0.3504031,0,0,adulto
ICB_03987_005,ICB_207,copd,AKG C417L Microphone,63.0,0,0,0,0.3484477,0.47953975,0,0,adulto
ICB_03988_000,ICB_207,copd,AKG C417L Microphone,63.0,0,0,0,0.4518201,0.35551456,0,0,adulto
ICB_03988_001,ICB_207,copd,AKG C417L Microphone,63.0,0,0,0,0.5756292,0.34149295,0,0,adulto
ICB_03988_002,ICB_207,copd,AKG C417L Microphone,63.0,0,0,0,0.51660365,0.34087285,0,0,adulto
ICB_03988_003,ICB_207,copd,AKG C417L Microphone,63.0,1,0,0,0.5703153,0.39641988,0,1,adulto
ICB_03988_004,ICB_207,copd,AKG C417L Microphone,63.0,0,0,0,0.474897,0.2781766,0,0,adulto
ICB_03988_005,ICB_207,copd,AKG C417L Microphone,63.0,1,0,0,0.3925872,0.84159106,2,1,adulto
ICB_03989_000,ICB_207,copd,AKG C417L Microphone,63.0,0,0,0,0.55902714,0.4172427,0,0,adulto
ICB_03989_001,ICB_207,copd,AKG C417L Microphone,63.0,0,0,0,0.5846559,0.61831146,0,0,adulto
ICB_03989_002,ICB_207,copd,AKG C417L Microphone,63.0,0,0,0,0.56208533,0.38379565,0,0,adulto
ICB_03989_003,ICB_207,copd,AKG C417L Microphone,63.0,0,0,0,0.50466275,0.5457374,0,0,adulto
ICB_03989_004,ICB_207,copd,AKG C417L Microphone,63.0,0,0,0,0.53315884,0.3108028,0,0,adulto
ICB_03989_005,ICB_207,copd,AKG C417L Microphone,63.0,0,0,0,0.30736524,0.9042732,2,0,adulto
ICB_03990_000,ICB_207,copd,AKG C417L Microphone,63.0,0,0,0,0.27048588,0.23298119,0,0,adulto
ICB_03990_001,ICB_207,copd,AKG C417L Microphone,63.0,0,0,0,0.24325895,0.26737118,0,0,adulto
ICB_03990_002,ICB_207,copd,AKG C417L Microphone,63.0,0,0,0,0.21636206,0.3857815,0,0,adulto
ICB_03990_003,ICB_207,copd,AKG C417L Microphone,63.0,0,0,0,0.19356243,0.09987615,0,0,adulto
ICB_03990_004,ICB_207,copd,AKG C417L Microphone,63.0,0,0,0,0.23471744,0.2533654,0,0,adulto
ICB_03990_005,ICB_207,copd,AKG C417L Microphone,63.0,0,0,0,0.20089787,0.17964584,0,0,adulto
ICB_03991_000,ICB_207,copd,AKG C417L Microphone,63.0,1,0,0,0.5053915,0.2671622,0,1,adulto
ICB_03991_001,ICB_207,copd,AKG C417L Microphone,63.0,1,0,0,0.59517133,0.6167013,0,1,adulto
ICB_03991_002,ICB_207,copd,AKG C417L Microphone,63.0,0,0,0,0.4144187,0.47837076,0,0,adulto
ICB_03991_003,ICB_207,copd,AKG C417L Microphone,63.0,1,0,0,0.5518195,0.46490014,0,1,adulto
ICB_03991_004,ICB_207,copd,AKG C417L Microphone,63.0,1,0,0,0.5479932,0.5230685,0,1,adulto
ICB_03992_000,ICB_207,copd,AKG C417L Microphone,63.0,1,0,0,0.5147684,0.26124084,0,1,adulto
ICB_03992_001,ICB_207,copd,AKG C417L Microphone,63.0,1,0,0,0.6428925,0.3961189,0,1,adulto
ICB_03992_002,ICB_207,copd,AKG C417L Microphone,63.0,1,0,0,0.48360267,0.294282,0,1,adulto
ICB_03992_003,ICB_207,copd,AKG C417L Microphone,63.0,1,0,0,0.5681093,0.40760136,0,1,adulto
ICB_03992_004,ICB_207,copd,AKG C417L Microphone,63.0,1,0,0,0.56436586,0.31738147,0,1,adulto
ICB_03993_000,ICB_207,copd,AKG C417L Microphone,63.0,0,0,0,0.50333023,0.21188225,0,0,adulto
ICB_03993_001,ICB_207,copd,AKG C417L Microphone,63.0,1,0,0,0.6334614,0.34736064,0,1,adulto
ICB_03993_002,ICB_207,copd,AKG C417L Microphone,63.0,1,0,0,0.49562168,0.44057393,0,1,adulto
ICB_03993_003,ICB_207,copd,AKG C417L Microphone,63.0,1,0,0,0.55857897,0.59265894,0,1,adulto
ICB_03993_004,ICB_207,copd,AKG C417L Microphone,63.0,0,0,0,0.608164,0.46103132,0,0,adulto
ICB_03994_000,ICB_207,copd,AKG C417L Microphone,63.0,1,0,0,0.6297477,0.54238486,0,1,adulto
ICB_03994_001,ICB_207,copd,AKG C417L Microphone,63.0,1,0,0,0.6527349,0.5305184,1,1,adulto
ICB_03994_002,ICB_207,copd,AKG C417L Microphone,63.0,1,0,0,0.59167635,0.4765691,0,1,adulto
ICB_03994_003,ICB_207,copd,AKG C417L Microphone,63.0,0,0,0,0.6760482,0.7490322,3,0,adulto
ICB_03994_004,ICB_207,copd,AKG C417L Microphone,63.0,0,0,0,0.65241295,0.7273343,3,0,adulto
ICB_03995_000,ICB_207,copd,AKG C417L Microphone,63.0,0,0,0,0.40203294,0.12703905,0,0,adulto
ICB_03995_001,ICB_207,copd,AKG C417L Microphone,63.0,0,0,0,0.5155498,0.33020082,0,0,adulto
ICB_03995_002,ICB_207,copd,AKG C417L Microphone,63.0,0,1,0,0.43758118,0.5313573,0,2,adulto
ICB_03995_003,ICB_207,copd,AKG C417L Microphone,63.0,0,0,0,0.51058596,0.3959393,0,0,adulto
ICB_03995_004,ICB_207,copd,AKG C417L Microphone,63.0,0,0,0,0.5010456,0.1323191,0,0,adulto
ICB_03996_000,ICB_207,copd,AKG C417L Microphone,63.0,0,0,0,0.377166,0.23247069,0,0,adulto
ICB_03996_001,ICB_207,copd,AKG C417L Microphone,63.0,0,0,0,0.60432446,0.3816834,0,0,adulto
ICB_03996_002,ICB_207,copd,AKG C417L Microphone,63.0,0,0,0,0.55070287,0.22372407,0,0,adulto
ICB_03996_003,ICB_207,copd,AKG C417L Microphone,63.0,0,0,0,0.59143734,0.3336453,0,0,adulto
ICB_03996_004,ICB_207,copd,AKG C417L Microphone,63.0,0,0,0,0.49047577,0.22109705,0,0,adulto
ICB_03996_005,ICB_207,copd,AKG C417L Microphone,63.0,0,0,0,0.5604617,0.33888146,0,0,adulto
ICB_03996_006,ICB_207,copd,AKG C417L Microphone,63.0,0,0,0,0.66315657,0.44785294,1,0,adulto
ICB_03996_007,ICB_207,copd,AKG C417L Microphone,63.0,0,0,0,0.5251643,0.24379858,0,0,adulto
ICB_03996_008,ICB_207,copd,AKG C417L Microphone,63.0,0,0,0,0.5928402,0.37121475,0,0,adulto
ICB_03997_000,ICB_207,copd,AKG C417L Microphone,63.0,0,0,0,0.37848485,0.23117937,0,0,adulto
ICB_03997_001,ICB_207,copd,AKG C417L Microphone,63.0,0,0,0,0.6364008,0.35578784,0,0,adulto
ICB_03997_002,ICB_207,copd,AKG C417L Microphone,63.0,0,0,0,0.4814272,0.3451075,0,0,adulto
ICB_03997_003,ICB_207,copd,AKG C417L Microphone,63.0,0,0,0,0.6142381,0.23605114,0,0,adulto
ICB_03997_004,ICB_207,copd,AKG C417L Microphone,63.0,0,0,0,0.56308156,0.3575152,0,0,adulto
ICB_03997_005,ICB_207,copd,AKG C417L Microphone,63.0,0,0,0,0.56239736,0.2702674,0,0,adulto
ICB_03997_006,ICB_207,copd,AKG C417L Microphone,63.0,0,0,0,0.56686246,0.32882538,0,0,adulto
ICB_03997_007,ICB_207,copd,AKG C417L Microphone,63.0,0,0,0,0.5549235,0.42519718,0,0,adulto
ICB_03997_008,ICB_207,copd,AKG C417L Microphone,63.0,0,0,0,0.5456666,0.4667264,0,0,adulto
ICB_03998_000,ICB_207,copd,AKG C417L Microphone,63.0,0,0,0,0.19505155,0.103089646,0,0,adulto
ICB_03998_001,ICB_207,copd,AKG C417L Microphone,63.0,0,0,0,0.6432378,0.32590368,0,0,adulto
ICB_03998_002,ICB_207,copd,AKG C417L Microphone,63.0,0,0,0,0.5967647,0.25436375,0,0,adulto
ICB_03998_003,ICB_207,copd,AKG C417L Microphone,63.0,0,0,0,0.56965035,0.35411838,0,0,adulto
ICB_03998_004,ICB_207,copd,AKG C417L Microphone,63.0,0,0,0,0.6127518,0.22102012,0,0,adulto
ICB_03998_005,ICB_207,copd,AKG C417L Microphone,63.0,0,0,0,0.58056706,0.3942081,0,0,adulto
ICB_03998_006,ICB_207,copd,AKG C417L Microphone,63.0,0,0,0,0.6930032,0.36843184,1,0,adulto
ICB_03998_007,ICB_207,copd,AKG C417L Microphone,63.0,0,0,0,0.6192593,0.3655016,0,0,adulto
ICB_03998_008,ICB_207,copd,AKG C417L Microphone,63.0,0,0,0,0.5367476,0.41872314,0,0,adulto
ICB_03999_000,ICB_207,copd,AKG C417L Microphone,63.0,0,0,0,0.33671078,0.15237911,0,0,adulto
ICB_03999_001,ICB_207,copd,AKG C417L Microphone,63.0,0,0,0,0.5597532,0.307447,0,0,adulto
ICB_03999_002,ICB_207,copd,AKG C417L Microphone,63.0,0,0,0,0.51658934,0.395207,0,0,adulto
ICB_03999_003,ICB_207,copd,AKG C417L Microphone,63.0,0,0,0,0.5505097,0.59205943,0,0,adulto
ICB_03999_004,ICB_207,copd,AKG C417L Microphone,63.0,0,0,0,0.6415138,0.4424536,0,0,adulto
ICB_03999_005,ICB_207,copd,AKG C417L Microphone,63.0,0,0,0,0.49594477,0.25203523,0,0,adulto
ICB_03999_006,ICB_207,copd,AKG C417L Microphone,63.0,0,0,0,0.6500105,0.29631105,1,0,adulto
ICB_03999_007,ICB_207,copd,AKG C417L Microphone,63.0,0,0,0,0.6078766,0.5295728,0,0,adulto
ICB_03999_008,ICB_207,copd,AKG C417L Microphone,63.0,0,0,0,0.52585757,0.5782918,0,0,adulto
ICB_04000_000,ICB_207,copd,AKG C417L Microphone,63.0,0,0,0,0.2369471,0.056449093,0,0,adulto
ICB_04000_001,ICB_207,copd,AKG C417L Microphone,63.0,0,0,0,0.5929061,0.41502988,0,0,adulto
ICB_04000_002,ICB_207,copd,AKG C417L Microphone,63.0,0,0,0,0.63947,0.6539084,2,0,adulto
ICB_04000_003,ICB_207,copd,AKG C417L Microphone,63.0,0,0,0,0.63497806,0.35106775,0,0,adulto
ICB_04000_004,ICB_207,copd,AKG C417L Microphone,63.0,0,0,0,0.51802814,0.38176188,0,0,adulto
ICB_04000_005,ICB_207,copd,AKG C417L Microphone,63.0,0,0,0,0.54668486,0.5251445,0,0,adulto
ICB_04000_006,ICB_207,copd,AKG C417L Microphone,63.0,0,0,0,0.62362444,0.42138064,0,0,adulto
ICB_04000_007,ICB_207,copd,AKG C417L Microphone,63.0,0,0,0,0.62885195,0.29036394,0,0,adulto
ICB_04000_008,ICB_207,copd,AKG C417L Microphone,63.0,0,0,0,0.5808613,0.22322205,0,0,adulto
ICB_04001_000,ICB_207,copd,AKG C417L Microphone,63.0,0,0,0,0.35097453,0.089624085,0,0,adulto
ICB_04001_001,ICB_207,copd,AKG C417L Microphone,63.0,0,0,0,0.37946066,0.22434722,0,0,adulto
ICB_04001_002,ICB_207,copd,AKG C417L Microphone,63.0,0,0,0,0.38296446,0.16790333,0,0,adulto
ICB_04001_003,ICB_207,copd,AKG C417L Microphone,63.0,0,0,0,0.44473734,0.23379913,0,0,adulto
ICB_04001_004,ICB_207,copd,AKG C417L Microphone,63.0,0,0,0,0.5551293,0.34138528,0,0,adulto
ICB_04001_005,ICB_207,copd,AKG C417L Microphone,63.0,0,0,0,0.44750708,0.23599446,0,0,adulto
ICB_04001_006,ICB_207,copd,AKG C417L Microphone,63.0,0,0,0,0.413968,0.18854007,0,0,adulto
ICB_04001_007,ICB_207,copd,AKG C417L Microphone,63.0,0,0,0,0.46688133,0.1864578,0,0,adulto
ICB_04001_008,ICB_207,copd,AKG C417L Microphone,63.0,0,0,0,0.39274213,0.21979399,0,0,adulto
ICB_04035_000,ICB_214,normal_lung,AKG C417L Microphone,5.0,0,0,0,0.44332448,0.2968443,0,0,pediátrico (<18)
ICB_04035_001,ICB_214,normal_lung,AKG C417L Microphone,5.0,0,0,0,0.66767406,0.43431482,1,0,pediátrico (<18)
ICB_04035_002,ICB_214,normal_lung,AKG C417L Microphone,5.0,0,0,0,0.6527732,0.41351002,1,0,pediátrico (<18)
ICB_04035_003,ICB_214,normal_lung,AKG C417L Microphone,5.0,0,0,0,0.5876553,0.33399278,0,0,pediátrico (<18)
ICB_04035_004,ICB_214,normal_lung,AKG C417L Microphone,5.0,0,0,0,0.53886884,0.35529497,0,0,pediátrico (<18)
ICB_04035_005,ICB_214,normal_lung,AKG C417L Microphone,5.0,0,0,0,0.58009905,0.726799,2,0,pediátrico (<18)
ICB_04035_006,ICB_214,normal_lung,AKG C417L Microphone,5.0,0,0,0,0.61592793,0.27647033,0,0,pediátrico (<18)
ICB_04038_000,ICB_216,bronchiolitis_asthma,AKG C417L Microphone,1.0,1,0,0,0.5349678,0.42633516,0,1,pediátrico (<18)
ICB_04038_001,ICB_216,bronchiolitis_asthma,AKG C417L Microphone,1.0,0,0,0,0.50142443,0.29033744,0,0,pediátrico (<18)
ICB_04038_002,ICB_216,bronchiolitis_asthma,AKG C417L Microphone,1.0,1,0,0,0.48955688,0.18693362,0,1,pediátrico (<18)
ICB_04038_003,ICB_216,bronchiolitis_asthma,AKG C417L Microphone,1.0,1,0,0,0.64893985,0.31431916,0,1,pediátrico (<18)
ICB_04038_004,ICB_216,bronchiolitis_asthma,AKG C417L Microphone,1.0,1,0,0,0.6079808,0.21304786,0,1,pediátrico (<18)
ICB_04038_005,ICB_216,bronchiolitis_asthma,AKG C417L Microphone,1.0,0,0,0,0.5710298,0.3636021,0,0,pediátrico (<18)
ICB_04038_006,ICB_216,bronchiolitis_asthma,AKG C417L Microphone,1.0,0,0,0,0.5956598,0.42519987,0,0,pediátrico (<18)
ICB_04038_007,ICB_216,bronchiolitis_asthma,AKG C417L Microphone,1.0,0,0,0,0.59521013,0.41045874,0,0,pediátrico (<18)
ICB_04038_008,ICB_216,bronchiolitis_asthma,AKG C417L Microphone,1.0,0,0,0,0.48587278,0.5027227,0,0,pediátrico (<18)
ICB_04038_009,ICB_216,bronchiolitis_asthma,AKG C417L Microphone,1.0,0,0,0,0.60926217,0.35795835,0,0,pediátrico (<18)
ICB_04038_010,ICB_216,bronchiolitis_asthma,AKG C417L Microphone,1.0,0,0,0,0.562602,0.46552905,0,0,pediátrico (<18)
ICB_04038_011,ICB_216,bronchiolitis_asthma,AKG C417L Microphone,1.0,0,0,0,0.6074631,0.36321774,0,0,pediátrico (<18)
ICB_04039_000,ICB_216,bronchiolitis_asthma,AKG C417L Microphone,1.0,0,1,0,0.6188672,0.65904516,2,2,pediátrico (<18)
ICB_04039_001,ICB_216,bronchiolitis_asthma,AKG C417L Microphone,1.0,0,1,0,0.52431947,0.6707408,2,2,pediátrico (<18)
ICB_04039_002,ICB_216,bronchiolitis_asthma,AKG C417L Microphone,1.0,0,1,0,0.6019157,0.9016844,2,2,pediátrico (<18)
ICB_04039_003,ICB_216,bronchiolitis_asthma,AKG C417L Microphone,1.0,0,1,0,0.48219213,0.33796835,0,2,pediátrico (<18)
ICB_04039_004,ICB_216,bronchiolitis_asthma,AKG C417L Microphone,1.0,0,1,0,0.5649068,0.66745687,2,2,pediátrico (<18)
ICB_04039_005,ICB_216,bronchiolitis_asthma,AKG C417L Microphone,1.0,0,1,0,0.5410796,0.7653697,2,2,pediátrico (<18)
ICB_04039_006,ICB_216,bronchiolitis_asthma,AKG C417L Microphone,1.0,0,1,0,0.290304,0.2811986,0,2,pediátrico (<18)
ICB_04039_007,ICB_216,bronchiolitis_asthma,AKG C417L Microphone,1.0,0,1,0,0.4803026,0.16866325,0,2,pediátrico (<18)
ICB_04039_008,ICB_216,bronchiolitis_asthma,AKG C417L Microphone,1.0,0,0,0,0.52318597,0.39633262,0,0,pediátrico (<18)
ICB_04039_009,ICB_216,bronchiolitis_asthma,AKG C417L Microphone,1.0,0,0,0,0.6204086,0.41905913,0,0,pediátrico (<18)
ICB_04049_000,ICB_219,pneumonia,3M Littmann Classic II SE,81.0,0,0,0,0.60711676,0.51244104,0,0,adulto
ICB_04049_001,ICB_219,pneumonia,3M Littmann Classic II SE,81.0,0,0,0,0.6318672,0.45886296,0,0,adulto
ICB_04049_002,ICB_219,pneumonia,3M Littmann Classic II SE,81.0,0,0,0,0.6974214,0.5405046,1,0,adulto
ICB_04049_003,ICB_219,pneumonia,3M Littmann Classic II SE,81.0,0,0,0,0.6644563,0.50345576,1,0,adulto
ICB_04049_004,ICB_219,pneumonia,3M Littmann Classic II SE,81.0,0,0,0,0.61157864,0.32972804,0,0,adulto
ICB_04050_000,ICB_219,pneumonia,3M Littmann Classic II SE,81.0,0,0,0,0.67407644,0.7529304,3,0,adulto
ICB_04050_001,ICB_219,pneumonia,3M Littmann Classic II SE,81.0,0,0,0,0.5779849,0.756091,2,0,adulto
ICB_04050_002,ICB_219,pneumonia,3M Littmann Classic II SE,81.0,0,0,0,0.6318143,0.6458823,0,0,adulto
ICB_04050_003,ICB_219,pneumonia,3M Littmann Classic II SE,81.0,0,0,0,0.5645031,0.40926227,0,0,adulto
ICB_04050_004,ICB_219,pneumonia,3M Littmann Classic II SE,81.0,0,0,0,0.61311036,0.55386126,0,0,adulto
ICB_04051_000,ICB_219,pneumonia,3M Littmann Classic II SE,81.0,0,0,0,0.65843076,0.46318555,1,0,adulto
ICB_04051_001,ICB_219,pneumonia,3M Littmann Classic II SE,81.0,0,0,0,0.7481923,0.48159298,1,0,adulto
ICB_04051_002,ICB_219,pneumonia,3M Littmann Classic II SE,81.0,1,0,0,0.64331406,0.49108973,0,1,adulto
ICB_04051_003,ICB_219,pneumonia,3M Littmann Classic II SE,81.0,0,0,0,0.713301,0.41480327,1,0,adulto
ICB_04051_004,ICB_219,pneumonia,3M Littmann Classic II SE,81.0,0,0,0,0.729317,0.4543628,1,0,adulto
ICB_04052_000,ICB_219,pneumonia,3M Littmann Classic II SE,81.0,0,0,0,0.492779,0.3276455,0,0,adulto
ICB_04052_001,ICB_219,pneumonia,3M Littmann Classic II SE,81.0,0,0,0,0.56861377,0.60548824,0,0,adulto
ICB_04052_002,ICB_219,pneumonia,3M Littmann Classic II SE,81.0,0,0,0,0.6191184,0.701676,2,0,adulto
ICB_04052_003,ICB_219,pneumonia,3M Littmann Classic II SE,81.0,0,0,0,0.56262034,0.5698824,0,0,adulto
ICB_04052_004,ICB_219,pneumonia,3M Littmann Classic II SE,81.0,0,0,0,0.5906523,0.4490082,0,0,adulto
ICB_04052_005,ICB_219,pneumonia,3M Littmann Classic II SE,81.0,0,0,0,0.4697292,0.3195099,0,0,adulto
ICB_04053_000,ICB_219,pneumonia,3M Littmann Classic II SE,81.0,0,0,0,0.7070671,0.3463814,1,0,adulto
ICB_04053_001,ICB_219,pneumonia,3M Littmann Classic II SE,81.0,0,0,0,0.60830206,0.55154943,0,0,adulto
ICB_04053_002,ICB_219,pneumonia,3M Littmann Classic II SE,81.0,0,0,0,0.586338,0.6407944,0,0,adulto
ICB_04053_003,ICB_219,pneumonia,3M Littmann Classic II SE,81.0,0,0,0,0.57838196,0.55245686,0,0,adulto
ICB_04053_004,ICB_219,pneumonia,3M Littmann Classic II SE,81.0,0,0,0,0.64198977,0.8281919,2,0,adulto
ICB_04071_000,ICB_223,copd,WelchAllyn Meditron Master Elite,,0,0,0,0.56138206,0.2606247,0,0,desconocida
ICB_04071_001,ICB_223,copd,WelchAllyn Meditron Master Elite,,0,0,0,0.48149884,0.2781941,0,0,desconocida
ICB_04071_002,ICB_223,copd,WelchAllyn Meditron Master Elite,,0,0,0,0.5301074,0.32547262,0,0,desconocida
ICB_04071_003,ICB_223,copd,WelchAllyn Meditron Master Elite,,0,0,0,0.5461457,0.28237596,0,0,desconocida
ICB_04071_004,ICB_223,copd,WelchAllyn Meditron Master Elite,,0,0,0,0.6807954,0.2700397,1,0,desconocida
ICB_04071_005,ICB_223,copd,WelchAllyn Meditron Master Elite,,0,0,0,0.03613047,0.025754416,0,0,desconocida
ICB_04071_006,ICB_223,copd,WelchAllyn Meditron Master Elite,,0,0,0,0.7324808,0.18222734,1,0,desconocida
ICB_04071_007,ICB_223,copd,WelchAllyn Meditron Master Elite,,0,0,0,0.5348121,0.47233653,0,0,desconocida
ICB_04071_008,ICB_223,copd,WelchAllyn Meditron Master Elite,,0,0,0,0.6182527,0.3127761,0,0,desconocida
ICB_04071_009,ICB_223,copd,WelchAllyn Meditron Master Elite,,0,0,0,0.67782784,0.63637507,1,0,desconocida
ICB_04072_000,ICB_223,copd,WelchAllyn Meditron Master Elite,,0,1,0,0.27560535,0.24762377,0,2,desconocida
ICB_04072_001,ICB_223,copd,WelchAllyn Meditron Master Elite,,0,1,0,0.2163518,0.13195612,0,2,desconocida
ICB_04072_002,ICB_223,copd,WelchAllyn Meditron Master Elite,,0,1,0,0.28893527,0.45526928,0,2,desconocida
ICB_04072_003,ICB_223,copd,WelchAllyn Meditron Master Elite,,0,1,0,0.1624366,0.08307874,0,2,desconocida
ICB_04072_004,ICB_223,copd,WelchAllyn Meditron Master Elite,,0,1,0,0.36609957,0.16964096,0,2,desconocida
ICB_04072_005,ICB_223,copd,WelchAllyn Meditron Master Elite,,0,1,0,0.32218304,0.2687376,0,2,desconocida
ICB_04072_006,ICB_223,copd,WelchAllyn Meditron Master Elite,,0,1,0,0.27982497,0.13269156,0,2,desconocida
ICB_04072_007,ICB_223,copd,WelchAllyn Meditron Master Elite,,0,1,0,0.41934457,0.2839887,0,2,desconocida
ICB_04072_008,ICB_223,copd,WelchAllyn Meditron Master Elite,,0,1,0,0.25496745,0.26007614,0,2,desconocida
ICB_04072_009,ICB_223,copd,WelchAllyn Meditron Master Elite,,0,1,0,0.3766775,0.39164606,0,2,desconocida
ICB_04073_000,ICB_223,copd,WelchAllyn Meditron Master Elite,,1,0,0,0.52417,0.5473659,0,1,desconocida
ICB_04073_001,ICB_223,copd,WelchAllyn Meditron Master Elite,,0,0,0,0.71815366,0.22942792,1,0,desconocida
ICB_04073_002,ICB_223,copd,WelchAllyn Meditron Master Elite,,1,0,0,0.66362256,0.27052498,1,1,desconocida
ICB_04073_003,ICB_223,copd,WelchAllyn Meditron Master Elite,,1,0,0,0.6862372,0.17460264,1,1,desconocida
ICB_04073_004,ICB_223,copd,WelchAllyn Meditron Master Elite,,1,0,0,0.56819296,0.2116625,0,1,desconocida
ICB_04073_005,ICB_223,copd,WelchAllyn Meditron Master Elite,,1,0,0,0.629819,0.35571927,0,1,desconocida
ICB_04073_006,ICB_223,copd,WelchAllyn Meditron Master Elite,,1,0,0,0.5327714,0.29736367,0,1,desconocida
ICB_04073_007,ICB_223,copd,WelchAllyn Meditron Master Elite,,1,0,0,0.7189435,0.34505028,1,1,desconocida
ICB_04073_008,ICB_223,copd,WelchAllyn Meditron Master Elite,,1,0,0,0.75335646,0.24713033,1,1,desconocida
ICB_04073_009,ICB_223,copd,WelchAllyn Meditron Master Elite,,1,0,0,0.6307911,0.16038828,0,1,desconocida
ICB_04074_000,ICB_223,copd,WelchAllyn Meditron Master Elite,,1,0,0,0.42953336,0.21319194,0,1,desconocida
ICB_04074_001,ICB_223,copd,WelchAllyn Meditron Master Elite,,1,0,0,0.2932237,0.20755419,0,1,desconocida
ICB_04074_002,ICB_223,copd,WelchAllyn Meditron Master Elite,,1,0,0,0.2812042,0.17339958,0,1,desconocida
ICB_04074_003,ICB_223,copd,WelchAllyn Meditron Master Elite,,1,0,0,0.3075089,0.10849824,0,1,desconocida
ICB_04074_004,ICB_223,copd,WelchAllyn Meditron Master Elite,,1,0,0,0.27318433,0.15182655,0,1,desconocida
ICB_04074_005,ICB_223,copd,WelchAllyn Meditron Master Elite,,1,0,0,0.4686699,0.37976488,0,1,desconocida
ICB_04074_006,ICB_223,copd,WelchAllyn Meditron Master Elite,,1,0,0,0.28436288,0.93740326,2,1,desconocida
ICB_04074_007,ICB_223,copd,WelchAllyn Meditron Master Elite,,1,0,0,0.37418213,0.24419144,0,1,desconocida
ICB_04074_008,ICB_223,copd,WelchAllyn Meditron Master Elite,,1,0,0,0.39028567,0.20412421,0,1,desconocida
ICB_04074_009,ICB_223,copd,WelchAllyn Meditron Master Elite,,1,0,0,0.6738045,0.3980696,1,1,desconocida
ICB_04075_000,ICB_223,copd,WelchAllyn Meditron Master Elite,,0,0,0,0.09800968,0.9228262,2,0,desconocida
ICB_04075_001,ICB_223,copd,WelchAllyn Meditron Master Elite,,0,0,0,0.5261055,0.36339012,0,0,desconocida
ICB_04075_002,ICB_223,copd,WelchAllyn Meditron Master Elite,,0,0,0,0.5861101,0.45342654,0,0,desconocida
ICB_04075_003,ICB_223,copd,WelchAllyn Meditron Master Elite,,0,0,0,0.6335181,0.8083492,2,0,desconocida
ICB_04075_004,ICB_223,copd,WelchAllyn Meditron Master Elite,,0,0,0,0.60059047,0.22847745,0,0,desconocida
ICB_04075_005,ICB_223,copd,WelchAllyn Meditron Master Elite,,0,0,0,0.5128242,0.29123908,0,0,desconocida
ICB_04075_006,ICB_223,copd,WelchAllyn Meditron Master Elite,,0,0,0,0.4371112,0.40415004,0,0,desconocida
ICB_04075_007,ICB_223,copd,WelchAllyn Meditron Master Elite,,0,0,0,0.45879984,0.6293457,0,0,desconocida
ICB_04075_008,ICB_223,copd,WelchAllyn Meditron Master Elite,,0,0,0,0.4612623,0.65977865,2,0,desconocida
ICB_04075_009,ICB_223,copd,WelchAllyn Meditron Master Elite,,0,0,0,0.40510795,0.6813731,2,0,desconocida
ICB_04075_010,ICB_223,copd,WelchAllyn Meditron Master Elite,,0,0,0,0.5411207,0.6691756,2,0,desconocida
ICB_04076_000,ICB_223,copd,WelchAllyn Meditron Master Elite,,0,0,0,0.4481912,0.31037095,0,0,desconocida
ICB_04076_001,ICB_223,copd,WelchAllyn Meditron Master Elite,,0,0,0,0.4068284,0.37365028,0,0,desconocida
ICB_04076_002,ICB_223,copd,WelchAllyn Meditron Master Elite,,0,0,0,0.5209204,0.9508015,2,0,desconocida
ICB_04076_003,ICB_223,copd,WelchAllyn Meditron Master Elite,,0,0,0,0.36167914,0.20195134,0,0,desconocida
ICB_04076_004,ICB_223,copd,WelchAllyn Meditron Master Elite,,0,0,0,0.27080885,0.4560153,0,0,desconocida
ICB_04076_005,ICB_223,copd,WelchAllyn Meditron Master Elite,,0,0,0,0.34445232,0.96244115,2,0,desconocida
ICB_04076_006,ICB_223,copd,WelchAllyn Meditron Master Elite,,0,0,0,0.47893688,0.23613976,0,0,desconocida
ICB_04076_007,ICB_223,copd,WelchAllyn Meditron Master Elite,,0,1,0,0.35151246,0.36943644,0,2,desconocida
ICB_04076_008,ICB_223,copd,WelchAllyn Meditron Master Elite,,0,1,0,0.31206858,0.7389906,2,2,desconocida
ICB_04076_009,ICB_223,copd,WelchAllyn Meditron Master Elite,,0,1,0,0.6067276,0.6416612,0,2,desconocida
ICB_03165_000,ICB_102,normal_lung,AKG C417L Microphone,0.75,0,0,1,0.72570646,0.078897305,0,0,pediátrico (<18)
ICB_03165_001,ICB_102,normal_lung,AKG C417L Microphone,0.75,0,0,1,0.5118384,0.08995042,0,0,pediátrico (<18)
ICB_03165_002,ICB_102,normal_lung,AKG C417L Microphone,0.75,0,0,1,0.56738955,0.09222253,0,0,pediátrico (<18)
ICB_03165_003,ICB_102,normal_lung,AKG C417L Microphone,0.75,0,0,1,0.61535877,0.07919122,0,0,pediátrico (<18)
ICB_03165_004,ICB_102,normal_lung,AKG C417L Microphone,0.75,0,0,1,0.52854323,0.04339456,0,0,pediátrico (<18)
ICB_03165_005,ICB_102,normal_lung,AKG C417L Microphone,0.75,0,0,1,0.43988737,0.06702358,0,0,pediátrico (<18)
ICB_03165_006,ICB_102,normal_lung,AKG C417L Microphone,0.75,0,0,1,0.5875913,0.053933606,0,0,pediátrico (<18)
ICB_03165_007,ICB_102,normal_lung,AKG C417L Microphone,0.75,0,0,1,0.65893537,0.1092914,0,0,pediátrico (<18)
ICB_03165_008,ICB_102,normal_lung,AKG C417L Microphone,0.75,0,0,1,0.59329325,0.061412863,0,0,pediátrico (<18)
ICB_03165_009,ICB_102,normal_lung,AKG C417L Microphone,0.75,0,0,1,0.58586675,0.05398022,0,0,pediátrico (<18)
ICB_03165_010,ICB_102,normal_lung,AKG C417L Microphone,0.75,0,0,1,0.52516717,0.06338979,0,0,pediátrico (<18)
ICB_03165_011,ICB_102,normal_lung,AKG C417L Microphone,0.75,0,0,1,0.5709028,0.044650886,0,0,pediátrico (<18)
ICB_03165_012,ICB_102,normal_lung,AKG C417L Microphone,0.75,0,0,1,0.5955872,0.058276653,0,0,pediátrico (<18)
ICB_03166_000,ICB_103,bronchiolitis_asthma,3M Littmann Classic II SE,70.0,0,1,1,0.5875599,0.4330927,0,2,adulto
ICB_03166_001,ICB_103,bronchiolitis_asthma,3M Littmann Classic II SE,70.0,0,0,1,0.7865831,0.07951205,1,0,adulto
ICB_03166_002,ICB_103,bronchiolitis_asthma,3M Littmann Classic II SE,70.0,0,1,1,0.7674677,0.58014125,1,2,adulto
ICB_03166_003,ICB_103,bronchiolitis_asthma,3M Littmann Classic II SE,70.0,0,1,1,0.5869752,0.09961971,0,2,adulto
ICB_03166_004,ICB_103,bronchiolitis_asthma,3M Littmann Classic II SE,70.0,0,1,1,0.56798005,0.06251883,0,2,adulto
ICB_03166_005,ICB_103,bronchiolitis_asthma,3M Littmann Classic II SE,70.0,0,0,1,0.7363387,0.05852138,0,0,adulto
ICB_03167_000,ICB_104,copd,3M Littmann 3200 Electronic,70.0,0,0,1,0.3841931,0.90291744,2,0,adulto
ICB_03167_001,ICB_104,copd,3M Littmann 3200 Electronic,70.0,0,0,1,0.37977374,0.8028726,2,0,adulto
ICB_03167_002,ICB_104,copd,3M Littmann 3200 Electronic,70.0,0,0,1,0.3182476,0.3764612,0,0,adulto
ICB_03167_003,ICB_104,copd,3M Littmann 3200 Electronic,70.0,0,0,1,0.31434098,0.80550873,2,0,adulto
ICB_03167_004,ICB_104,copd,3M Littmann 3200 Electronic,70.0,0,0,1,0.22415528,0.9527017,2,0,adulto
ICB_03167_005,ICB_104,copd,3M Littmann 3200 Electronic,70.0,0,0,1,0.22068441,0.78410524,2,0,adulto
ICB_03168_000,ICB_104,copd,3M Littmann 3200 Electronic,70.0,0,1,1,0.7485673,0.41447777,0,2,adulto
ICB_03168_001,ICB_104,copd,3M Littmann 3200 Electronic,70.0,0,1,1,0.42266735,0.7655369,2,2,adulto
ICB_03168_002,ICB_104,copd,3M Littmann 3200 Electronic,70.0,0,1,1,0.46241027,0.5077305,0,2,adulto
ICB_03168_003,ICB_104,copd,3M Littmann 3200 Electronic,70.0,0,1,1,0.49047628,0.8454298,2,2,adulto
ICB_03168_004,ICB_104,copd,3M Littmann 3200 Electronic,70.0,0,1,1,0.4684127,0.34616768,0,2,adulto
ICB_03168_005,ICB_104,copd,3M Littmann 3200 Electronic,70.0,0,1,1,0.31521344,0.7577605,2,2,adulto
ICB_03168_006,ICB_104,copd,3M Littmann 3200 Electronic,70.0,0,1,1,0.35976213,0.577991,0,2,adulto
ICB_03168_007,ICB_104,copd,3M Littmann 3200 Electronic,70.0,0,1,1,0.41668138,0.41736108,0,2,adulto
ICB_03168_008,ICB_104,copd,3M Littmann 3200 Electronic,70.0,0,1,1,0.5330819,0.40777013,0,2,adulto
ICB_03168_009,ICB_104,copd,3M Littmann 3200 Electronic,70.0,0,1,1,0.47962496,0.3691424,0,2,adulto
ICB_03168_010,ICB_104,copd,3M Littmann 3200 Electronic,70.0,0,0,1,0.30771485,0.9732282,2,0,adulto
ICB_03168_011,ICB_104,copd,3M Littmann 3200 Electronic,70.0,0,0,1,0.30112827,0.93391556,2,0,adulto
ICB_03168_012,ICB_104,copd,3M Littmann 3200 Electronic,70.0,0,0,1,0.32506713,0.87023747,2,0,adulto
ICB_03168_013,ICB_104,copd,3M Littmann 3200 Electronic,70.0,0,0,1,0.28398997,0.8240941,2,0,adulto
ICB_03169_000,ICB_104,copd,3M Littmann 3200 Electronic,70.0,0,0,1,0.5547006,0.91027415,2,0,adulto
ICB_03169_001,ICB_104,copd,3M Littmann 3200 Electronic,70.0,0,0,1,0.54196435,0.53909415,0,0,adulto
ICB_03169_002,ICB_104,copd,3M Littmann 3200 Electronic,70.0,0,0,1,0.523902,0.7535266,2,0,adulto
ICB_03169_003,ICB_104,copd,3M Littmann 3200 Electronic,70.0,0,0,1,0.437684,0.3031524,0,0,adulto
ICB_03169_004,ICB_104,copd,3M Littmann 3200 Electronic,70.0,1,0,1,0.70888716,0.77262115,2,1,adulto
ICB_03169_005,ICB_104,copd,3M Littmann 3200 Electronic,70.0,0,0,1,0.57134926,0.46318984,0,0,adulto
ICB_03169_006,ICB_104,copd,3M Littmann 3200 Electronic,70.0,0,0,1,0.4457118,0.99122953,2,0,adulto
ICB_03170_000,ICB_104,copd,3M Littmann 3200 Electronic,70.0,0,0,1,0.63272804,0.9052083,2,0,adulto
ICB_03170_001,ICB_104,copd,3M Littmann 3200 Electronic,70.0,0,0,1,0.58381456,0.67389375,0,0,adulto
ICB_03170_002,ICB_104,copd,3M Littmann 3200 Electronic,70.0,0,0,1,0.6166562,0.8324977,2,0,adulto
ICB_03170_003,ICB_104,copd,3M Littmann 3200 Electronic,70.0,0,0,1,0.5716993,0.49338165,0,0,adulto
ICB_03170_004,ICB_104,copd,3M Littmann 3200 Electronic,70.0,0,0,1,0.4609535,0.9885971,2,0,adulto
ICB_03171_000,ICB_104,copd,3M Littmann 3200 Electronic,70.0,0,0,1,0.6353693,0.43786705,0,0,adulto
ICB_03171_001,ICB_104,copd,3M Littmann 3200 Electronic,70.0,0,0,1,0.42736617,0.6307274,0,0,adulto
ICB_03171_002,ICB_104,copd,3M Littmann 3200 Electronic,70.0,0,0,1,0.52497,0.97984934,2,0,adulto
ICB_03171_003,ICB_104,copd,3M Littmann 3200 Electronic,70.0,0,0,1,0.5936211,0.51998264,0,0,adulto
ICB_03171_004,ICB_104,copd,3M Littmann 3200 Electronic,70.0,0,0,1,0.44981757,0.97761303,2,0,adulto
ICB_03171_005,ICB_104,copd,3M Littmann 3200 Electronic,70.0,0,0,1,0.2541149,0.69622093,0,0,adulto
ICB_03171_006,ICB_104,copd,3M Littmann 3200 Electronic,70.0,0,0,1,0.1540611,0.86511093,2,0,adulto
ICB_03171_007,ICB_104,copd,3M Littmann 3200 Electronic,70.0,0,0,1,0.34888786,0.7848239,2,0,adulto
ICB_03171_008,ICB_104,copd,3M Littmann 3200 Electronic,70.0,0,0,1,0.24112083,0.63156146,0,0,adulto
ICB_03171_009,ICB_104,copd,3M Littmann 3200 Electronic,70.0,0,0,1,0.1297218,0.87440246,2,0,adulto
ICB_03171_010,ICB_104,copd,3M Littmann 3200 Electronic,70.0,0,0,1,0.15599692,0.86779124,2,0,adulto
ICB_03171_011,ICB_104,copd,3M Littmann 3200 Electronic,70.0,0,0,1,0.33645457,0.74412006,2,0,adulto
ICB_03171_012,ICB_104,copd,3M Littmann 3200 Electronic,70.0,0,0,1,0.30283365,0.508395,0,0,adulto
ICB_03172_000,ICB_104,copd,3M Littmann 3200 Electronic,70.0,0,0,1,0.5964135,0.5326496,0,0,adulto
ICB_03172_001,ICB_104,copd,3M Littmann 3200 Electronic,70.0,0,0,1,0.36948577,0.4832623,0,0,adulto
ICB_03172_002,ICB_104,copd,3M Littmann 3200 Electronic,70.0,0,0,1,0.3758153,0.27877322,0,0,adulto
ICB_03172_003,ICB_104,copd,3M Littmann 3200 Electronic,70.0,0,0,1,0.3663701,0.36413693,0,0,adulto
ICB_03172_004,ICB_104,copd,3M Littmann 3200 Electronic,70.0,0,0,1,0.35384586,0.23598441,0,0,adulto
ICB_03172_005,ICB_104,copd,3M Littmann 3200 Electronic,70.0,0,0,1,0.073006034,0.9230141,2,0,adulto
ICB_03172_006,ICB_104,copd,3M Littmann 3200 Electronic,70.0,0,0,1,0.22330819,0.92952466,2,0,adulto
ICB_03172_007,ICB_104,copd,3M Littmann 3200 Electronic,70.0,0,0,1,0.1434962,0.9360516,2,0,adulto
ICB_03172_008,ICB_104,copd,3M Littmann 3200 Electronic,70.0,0,0,1,0.10122125,0.6065572,0,0,adulto
ICB_03172_009,ICB_104,copd,3M Littmann 3200 Electronic,70.0,0,0,1,0.2705772,0.6793799,0,0,adulto
ICB_03176_000,ICB_107,copd,AKG C417L Microphone,75.0,1,0,1,0.67177904,0.23797032,0,1,adulto
ICB_03176_001,ICB_107,copd,AKG C417L Microphone,75.0,1,0,1,0.6381416,0.15094668,0,1,adulto
ICB_03176_002,ICB_107,copd,AKG C417L Microphone,75.0,1,0,1,0.68629766,0.19035418,0,1,adulto
ICB_03176_003,ICB_107,copd,AKG C417L Microphone,75.0,1,0,1,0.6192856,0.19838862,0,1,adulto
ICB_03176_004,ICB_107,copd,AKG C417L Microphone,75.0,1,0,1,0.6543751,0.20182945,0,1,adulto
ICB_03176_005,ICB_107,copd,AKG C417L Microphone,75.0,1,0,1,0.62810904,0.18689296,0,1,adulto
ICB_03176_006,ICB_107,copd,AKG C417L Microphone,75.0,1,0,1,0.60212857,0.15518658,0,1,adulto
ICB_03176_007,ICB_107,copd,AKG C417L Microphone,75.0,0,0,1,0.6645358,0.12619534,0,0,adulto
ICB_03177_000,ICB_107,copd,AKG C417L Microphone,75.0,1,0,1,0.8530153,0.3078193,1,1,adulto
ICB_03177_001,ICB_107,copd,AKG C417L Microphone,75.0,1,1,1,0.8965293,0.1397128,1,3,adulto
ICB_03177_002,ICB_107,copd,AKG C417L Microphone,75.0,1,1,1,0.7676908,0.65396214,1,3,adulto
ICB_03177_003,ICB_107,copd,AKG C417L Microphone,75.0,1,1,1,0.8198861,0.5130496,1,3,adulto
ICB_03177_004,ICB_107,copd,AKG C417L Microphone,75.0,1,1,1,0.7981117,0.5409847,1,3,adulto
ICB_03177_005,ICB_107,copd,AKG C417L Microphone,75.0,1,1,1,0.7806787,0.2044252,1,3,adulto
ICB_03177_006,ICB_107,copd,AKG C417L Microphone,75.0,1,1,1,0.7210618,0.16951852,0,3,adulto
ICB_03177_007,ICB_107,copd,AKG C417L Microphone,75.0,1,1,1,0.77269745,0.17101039,1,3,adulto
ICB_03178_000,ICB_107,copd,AKG C417L Microphone,75.0,1,0,1,0.83263505,0.12791587,1,1,adulto
ICB_03178_001,ICB_107,copd,AKG C417L Microphone,75.0,1,0,1,0.8665495,0.15611571,1,1,adulto
ICB_03178_002,ICB_107,copd,AKG C417L Microphone,75.0,1,0,1,0.8952811,0.10749575,1,1,adulto
ICB_03178_003,ICB_107,copd,AKG C417L Microphone,75.0,1,0,1,0.84942484,0.18573017,1,1,adulto
ICB_03178_004,ICB_107,copd,AKG C417L Microphone,75.0,1,0,1,0.8665543,0.11340474,1,1,adulto
ICB_03178_005,ICB_107,copd,AKG C417L Microphone,75.0,1,0,1,0.7799075,0.14589995,1,1,adulto
ICB_03178_006,ICB_107,copd,AKG C417L Microphone,75.0,1,0,1,0.8533773,0.19357862,1,1,adulto
ICB_03178_007,ICB_107,copd,AKG C417L Microphone,75.0,1,0,1,0.8811081,0.07395585,1,1,adulto
ICB_03179_000,ICB_107,copd,AKG C417L Microphone,75.0,0,0,1,0.7070523,0.2268391,0,0,adulto
ICB_03179_001,ICB_107,copd,AKG C417L Microphone,75.0,1,0,1,0.8471254,0.056344923,1,1,adulto
ICB_03179_002,ICB_107,copd,AKG C417L Microphone,75.0,1,0,1,0.81080055,0.12643488,1,1,adulto
ICB_03179_003,ICB_107,copd,AKG C417L Microphone,75.0,1,0,1,0.86425537,0.14432831,1,1,adulto
ICB_03179_004,ICB_107,copd,AKG C417L Microphone,75.0,1,0,1,0.87999004,0.17505912,1,1,adulto
ICB_03179_005,ICB_107,copd,AKG C417L Microphone,75.0,1,0,1,0.78520435,0.19163235,1,1,adulto
ICB_03179_006,ICB_107,copd,AKG C417L Microphone,75.0,1,0,1,0.86108124,0.20436688,1,1,adulto
ICB_03179_007,ICB_107,copd,AKG C417L Microphone,75.0,1,0,1,0.7655953,0.56970865,1,1,adulto
ICB_03180_000,ICB_107,copd,AKG C417L Microphone,75.0,0,0,1,0.49597242,0.17766401,0,0,adulto
ICB_03180_001,ICB_107,copd,AKG C417L Microphone,75.0,0,0,1,0.5723593,0.08245053,0,0,adulto
ICB_03180_002,ICB_107,copd,AKG C417L Microphone,75.0,0,0,1,0.5807502,0.11998736,0,0,adulto
ICB_03180_003,ICB_107,copd,AKG C417L Microphone,75.0,0,0,1,0.6759915,0.13281605,0,0,adulto
ICB_03180_004,ICB_107,copd,AKG C417L Microphone,75.0,0,0,1,0.5523671,0.17824285,0,0,adulto
ICB_03180_005,ICB_107,copd,AKG C417L Microphone,75.0,0,0,1,0.5338421,0.18750139,0,0,adulto
ICB_03180_006,ICB_107,copd,AKG C417L Microphone,75.0,0,0,1,0.5749376,0.12613338,0,0,adulto
ICB_03180_007,ICB_107,copd,AKG C417L Microphone,75.0,0,0,1,0.48065472,0.7042945,2,0,adulto
ICB_03181_000,ICB_107,copd,AKG C417L Microphone,75.0,0,0,1,0.5467553,0.14620174,0,0,adulto
ICB_03181_001,ICB_107,copd,AKG C417L Microphone,75.0,1,0,1,0.7248424,0.08203469,0,1,adulto
ICB_03181_002,ICB_107,copd,AKG C417L Microphone,75.0,1,1,1,0.58630365,0.27880147,0,3,adulto
ICB_03181_003,ICB_107,copd,AKG C417L Microphone,75.0,0,0,1,0.64122874,0.10415222,0,0,adulto
ICB_03181_004,ICB_107,copd,AKG C417L Microphone,75.0,1,0,1,0.637035,0.0987471,0,1,adulto
ICB_03181_005,ICB_107,copd,AKG C417L Microphone,75.0,1,1,1,0.6895939,0.37998065,0,3,adulto
ICB_03181_006,ICB_107,copd,AKG C417L Microphone,75.0,1,0,1,0.5357862,0.10931257,0,1,adulto
ICB_03181_007,ICB_107,copd,AKG C417L Microphone,75.0,1,1,1,0.5356411,0.56017685,0,3,adulto
ICB_03182_000,ICB_107,copd,AKG C417L Microphone,75.0,0,0,1,0.49110535,0.12644815,0,0,adulto
ICB_03182_001,ICB_107,copd,AKG C417L Microphone,75.0,0,0,1,0.4090077,0.11374897,0,0,adulto
ICB_03182_002,ICB_107,copd,AKG C417L Microphone,75.0,0,0,1,0.32008675,0.07424476,0,0,adulto
ICB_03182_003,ICB_107,copd,AKG C417L Microphone,75.0,1,0,1,0.4351519,0.08744975,0,1,adulto
ICB_03182_004,ICB_107,copd,AKG C417L Microphone,75.0,0,0,1,0.49102724,0.08645741,0,0,adulto
ICB_03182_005,ICB_107,copd,AKG C417L Microphone,75.0,0,0,1,0.43587056,0.0939204,0,0,adulto
ICB_03182_006,ICB_107,copd,AKG C417L Microphone,75.0,0,0,1,0.6543758,0.06681007,0,0,adulto
ICB_03182_007,ICB_107,copd,AKG C417L Microphone,75.0,1,0,1,0.3885542,0.09856561,0,1,adulto
ICB_03183_000,ICB_107,copd,AKG C417L Microphone,75.0,1,0,1,0.6402748,0.11915228,0,1,adulto
ICB_03183_001,ICB_107,copd,AKG C417L Microphone,75.0,1,0,1,0.64531475,0.21219674,0,1,adulto
ICB_03183_002,ICB_107,copd,AKG C417L Microphone,75.0,1,1,1,0.6830439,0.33278716,0,3,adulto
ICB_03183_003,ICB_107,copd,AKG C417L Microphone,75.0,1,0,1,0.57000387,0.14589328,0,1,adulto
ICB_03183_004,ICB_107,copd,AKG C417L Microphone,75.0,0,1,1,0.66279006,0.24425814,0,2,adulto
ICB_03183_005,ICB_107,copd,AKG C417L Microphone,75.0,1,0,1,0.66752374,0.13080022,0,1,adulto
ICB_03183_006,ICB_107,copd,AKG C417L Microphone,75.0,1,0,1,0.586032,0.15017648,0,1,adulto
ICB_03183_007,ICB_107,copd,AKG C417L Microphone,75.0,1,0,1,0.5154052,0.070683986,0,1,adulto
ICB_03184_000,ICB_107,copd,AKG C417L Microphone,75.0,1,0,1,0.7493123,0.16548583,0,1,adulto
ICB_03184_001,ICB_107,copd,AKG C417L Microphone,75.0,1,0,1,0.74059916,0.13476191,0,1,adulto
ICB_03184_002,ICB_107,copd,AKG C417L Microphone,75.0,1,0,1,0.821834,0.13650663,1,1,adulto
ICB_03184_003,ICB_107,copd,AKG C417L Microphone,75.0,1,0,1,0.85894555,0.14676729,1,1,adulto
ICB_03184_004,ICB_107,copd,AKG C417L Microphone,75.0,1,0,1,0.796561,0.142254,1,1,adulto
ICB_03184_005,ICB_107,copd,AKG C417L Microphone,75.0,1,0,1,0.736841,0.09546187,0,1,adulto
ICB_03184_006,ICB_107,copd,AKG C417L Microphone,75.0,1,0,1,0.8769651,0.15071267,1,1,adulto
ICB_03184_007,ICB_107,copd,AKG C417L Microphone,75.0,1,0,1,0.8003991,0.14112112,1,1,adulto
ICB_03185_000,ICB_107,copd,AKG C417L Microphone,75.0,1,0,1,0.89287806,0.11813461,1,1,adulto
ICB_03185_001,ICB_107,copd,AKG C417L Microphone,75.0,1,0,1,0.8685519,0.121327944,1,1,adulto
ICB_03185_002,ICB_107,copd,AKG C417L Microphone,75.0,1,0,1,0.8830214,0.102984466,1,1,adulto
ICB_03185_003,ICB_107,copd,AKG C417L Microphone,75.0,1,0,1,0.8462389,0.10748778,1,1,adulto
ICB_03185_004,ICB_107,copd,AKG C417L Microphone,75.0,1,0,1,0.86361086,0.17120844,1,1,adulto
ICB_03185_005,ICB_107,copd,AKG C417L Microphone,75.0,1,0,1,0.8949034,0.071238875,1,1,adulto
ICB_03185_006,ICB_107,copd,AKG C417L Microphone,75.0,1,0,1,0.8790999,0.062167212,1,1,adulto
ICB_03185_007,ICB_107,copd,AKG C417L Microphone,75.0,1,0,1,0.8194389,0.100054406,1,1,adulto
ICB_03186_000,ICB_107,copd,AKG C417L Microphone,75.0,1,0,1,0.83547664,0.43556195,1,1,adulto
ICB_03186_001,ICB_107,copd,AKG C417L Microphone,75.0,1,0,1,0.8162654,0.122520685,1,1,adulto
ICB_03186_002,ICB_107,copd,AKG C417L Microphone,75.0,1,0,1,0.81178045,0.11612122,1,1,adulto
ICB_03186_003,ICB_107,copd,AKG C417L Microphone,75.0,1,0,1,0.56560093,0.0629019,0,1,adulto
ICB_03186_004,ICB_107,copd,AKG C417L Microphone,75.0,1,0,1,0.8230227,0.08820883,1,1,adulto
ICB_03186_005,ICB_107,copd,AKG C417L Microphone,75.0,1,0,1,0.7556572,0.047638673,1,1,adulto
ICB_03186_006,ICB_107,copd,AKG C417L Microphone,75.0,1,0,1,0.67899835,0.04900109,0,1,adulto
ICB_03186_007,ICB_107,copd,AKG C417L Microphone,75.0,1,0,1,0.72825533,0.11127721,0,1,adulto
ICB_03187_000,ICB_107,copd,AKG C417L Microphone,75.0,1,0,1,0.67175794,0.16562994,0,1,adulto
ICB_03187_001,ICB_107,copd,AKG C417L Microphone,75.0,0,0,1,0.68231463,0.117030166,0,0,adulto
ICB_03187_002,ICB_107,copd,AKG C417L Microphone,75.0,1,0,1,0.61773765,0.23981473,0,1,adulto
ICB_03187_003,ICB_107,copd,AKG C417L Microphone,75.0,0,0,1,0.6260929,0.088145636,0,0,adulto
ICB_03187_004,ICB_107,copd,AKG C417L Microphone,75.0,0,0,1,0.6996718,0.09391931,0,0,adulto
ICB_03187_005,ICB_107,copd,AKG C417L Microphone,75.0,1,0,1,0.47727624,0.1245574,0,1,adulto
ICB_03187_006,ICB_107,copd,AKG C417L Microphone,75.0,0,0,1,0.56858224,0.123071864,0,0,adulto
ICB_03187_007,ICB_107,copd,AKG C417L Microphone,75.0,0,0,1,0.5168399,0.1509486,0,0,adulto
ICB_03188_000,ICB_107,copd,AKG C417L Microphone,75.0,1,0,1,0.6643835,0.13851276,0,1,adulto
ICB_03188_001,ICB_107,copd,AKG C417L Microphone,75.0,1,0,1,0.67669046,0.12715705,0,1,adulto
ICB_03188_002,ICB_107,copd,AKG C417L Microphone,75.0,1,0,1,0.6338336,0.14214714,0,1,adulto
ICB_03188_003,ICB_107,copd,AKG C417L Microphone,75.0,1,0,1,0.7312123,0.070148624,0,1,adulto
ICB_03188_004,ICB_107,copd,AKG C417L Microphone,75.0,1,0,1,0.6284763,0.11685055,0,1,adulto
ICB_03188_005,ICB_107,copd,AKG C417L Microphone,75.0,1,0,1,0.60712063,0.15356964,0,1,adulto
ICB_03188_006,ICB_107,copd,AKG C417L Microphone,75.0,1,0,1,0.631082,0.104447946,0,1,adulto
ICB_03188_007,ICB_107,copd,AKG C417L Microphone,75.0,1,0,1,0.51500285,0.10249161,0,1,adulto
ICB_03189_000,ICB_107,copd,AKG C417L Microphone,75.0,0,0,1,0.45299125,0.06651644,0,0,adulto
ICB_03189_001,ICB_107,copd,AKG C417L Microphone,75.0,0,0,1,0.5711203,0.19970289,0,0,adulto
ICB_03189_002,ICB_107,copd,AKG C417L Microphone,75.0,0,0,1,0.4969094,0.18543704,0,0,adulto
ICB_03189_003,ICB_107,copd,AKG C417L Microphone,75.0,0,0,1,0.42749596,0.09497222,0,0,adulto
ICB_03189_004,ICB_107,copd,AKG C417L Microphone,75.0,0,0,1,0.50098324,0.0937511,0,0,adulto
ICB_03189_005,ICB_107,copd,AKG C417L Microphone,75.0,0,0,1,0.37093514,0.117209695,0,0,adulto
ICB_03189_006,ICB_107,copd,AKG C417L Microphone,75.0,0,0,1,0.54131985,0.12558232,0,0,adulto
ICB_03189_007,ICB_107,copd,AKG C417L Microphone,75.0,0,0,1,0.49529767,0.12081918,0,0,adulto
ICB_03190_000,ICB_107,copd,AKG C417L Microphone,75.0,0,0,1,0.77980447,0.30111593,1,0,adulto
ICB_03190_001,ICB_107,copd,AKG C417L Microphone,75.0,1,0,1,0.691463,0.13144612,0,1,adulto
ICB_03190_002,ICB_107,copd,AKG C417L Microphone,75.0,1,0,1,0.6262153,0.18459329,0,1,adulto
ICB_03190_003,ICB_107,copd,AKG C417L Microphone,75.0,1,0,1,0.6040848,0.16543734,0,1,adulto
ICB_03190_004,ICB_107,copd,AKG C417L Microphone,75.0,1,0,1,0.6441616,0.124888755,0,1,adulto
ICB_03190_005,ICB_107,copd,AKG C417L Microphone,75.0,1,0,1,0.59996575,0.1178638,0,1,adulto
ICB_03190_006,ICB_107,copd,AKG C417L Microphone,75.0,1,0,1,0.6468558,0.09828937,0,1,adulto
ICB_03190_007,ICB_107,copd,AKG C417L Microphone,75.0,1,0,1,0.5891581,0.1972799,0,1,adulto
ICB_03191_000,ICB_107,copd,AKG C417L Microphone,75.0,0,0,1,0.6892184,0.12857231,0,0,adulto
ICB_03191_001,ICB_107,copd,AKG C417L Microphone,75.0,0,0,1,0.7354514,0.075196944,0,0,adulto
ICB_03191_002,ICB_107,copd,AKG C417L Microphone,75.0,1,0,1,0.8748574,0.24981022,1,1,adulto
ICB_03191_003,ICB_107,copd,AKG C417L Microphone,75.0,0,0,1,0.86759204,0.12366695,1,0,adulto
ICB_03191_004,ICB_107,copd,AKG C417L Microphone,75.0,1,1,1,0.8093363,0.22374977,1,3,adulto
ICB_03191_005,ICB_107,copd,AKG C417L Microphone,75.0,1,0,1,0.7839205,0.18198675,1,1,adulto
ICB_03191_006,ICB_107,copd,AKG C417L Microphone,75.0,0,0,1,0.8568943,0.100641556,1,0,adulto
ICB_03191_007,ICB_107,copd,AKG C417L Microphone,75.0,0,1,1,0.7475874,0.16149935,0,2,adulto
ICB_03192_000,ICB_107,copd,AKG C417L Microphone,75.0,0,0,1,0.85154593,0.090392925,1,0,adulto
ICB_03192_001,ICB_107,copd,AKG C417L Microphone,75.0,1,0,1,0.8524331,0.07246811,1,1,adulto
ICB_03192_002,ICB_107,copd,AKG C417L Microphone,75.0,1,0,1,0.839228,0.1360622,1,1,adulto
ICB_03192_003,ICB_107,copd,AKG C417L Microphone,75.0,1,0,1,0.91592216,0.091863476,1,1,adulto
ICB_03192_004,ICB_107,copd,AKG C417L Microphone,75.0,1,0,1,0.8164861,0.16378798,1,1,adulto
ICB_03192_005,ICB_107,copd,AKG C417L Microphone,75.0,1,0,1,0.8802602,0.20555638,1,1,adulto
ICB_03192_006,ICB_107,copd,AKG C417L Microphone,75.0,0,0,1,0.8697138,0.08300781,1,0,adulto
ICB_03192_007,ICB_107,copd,AKG C417L Microphone,75.0,1,0,1,0.8601754,0.09727845,1,1,adulto
ICB_03193_000,ICB_107,copd,AKG C417L Microphone,75.0,0,0,1,0.73471403,0.060016632,0,0,adulto
ICB_03193_001,ICB_107,copd,AKG C417L Microphone,75.0,1,0,1,0.8694605,0.13631102,1,1,adulto
ICB_03193_002,ICB_107,copd,AKG C417L Microphone,75.0,1,0,1,0.78808904,0.16518524,1,1,adulto
ICB_03193_003,ICB_107,copd,AKG C417L Microphone,75.0,1,0,1,0.83210444,0.1849239,1,1,adulto
ICB_03193_004,ICB_107,copd,AKG C417L Microphone,75.0,1,0,1,0.7907867,0.11864331,1,1,adulto
ICB_03193_005,ICB_107,copd,AKG C417L Microphone,75.0,1,0,1,0.83111566,0.16719757,1,1,adulto
ICB_03193_006,ICB_107,copd,AKG C417L Microphone,75.0,1,0,1,0.8656418,0.13966788,1,1,adulto
ICB_03193_007,ICB_107,copd,AKG C417L Microphone,75.0,1,0,1,0.7947846,0.18033285,1,1,adulto
ICB_03194_000,ICB_107,copd,AKG C417L Microphone,75.0,0,0,1,0.54298806,0.122255154,0,0,adulto
ICB_03194_001,ICB_107,copd,AKG C417L Microphone,75.0,0,0,1,0.6121324,0.1676247,0,0,adulto
ICB_03194_002,ICB_107,copd,AKG C417L Microphone,75.0,0,0,1,0.6148571,0.23957112,0,0,adulto
ICB_03194_003,ICB_107,copd,AKG C417L Microphone,75.0,0,0,1,0.5677137,0.18307383,0,0,adulto
ICB_03194_004,ICB_107,copd,AKG C417L Microphone,75.0,0,0,1,0.7026567,0.18909061,0,0,adulto
ICB_03194_005,ICB_107,copd,AKG C417L Microphone,75.0,0,0,1,0.46486244,0.20772564,0,0,adulto
ICB_03194_006,ICB_107,copd,AKG C417L Microphone,75.0,0,0,1,0.65205836,0.08276195,0,0,adulto
ICB_03194_007,ICB_107,copd,AKG C417L Microphone,75.0,0,0,1,0.53431004,0.16190186,0,0,adulto
ICB_03195_000,ICB_107,copd,AKG C417L Microphone,75.0,0,0,1,0.5792349,0.12838174,0,0,adulto
ICB_03195_001,ICB_107,copd,AKG C417L Microphone,75.0,1,0,1,0.54516923,0.15488446,0,1,adulto
ICB_03195_002,ICB_107,copd,AKG C417L Microphone,75.0,0,0,1,0.62910473,0.16524446,0,0,adulto
ICB_03195_003,ICB_107,copd,AKG C417L Microphone,75.0,1,0,1,0.6288444,0.13445026,0,1,adulto
ICB_03195_004,ICB_107,copd,AKG C417L Microphone,75.0,1,0,1,0.7823337,0.08478046,1,1,adulto
ICB_03195_005,ICB_107,copd,AKG C417L Microphone,75.0,0,0,1,0.53768814,0.16947918,0,0,adulto
ICB_03195_006,ICB_107,copd,AKG C417L Microphone,75.0,1,0,1,0.7339694,0.08947882,0,1,adulto
ICB_03195_007,ICB_107,copd,AKG C417L Microphone,75.0,1,1,1,0.62018496,0.3938615,0,3,adulto
ICB_03196_000,ICB_107,copd,AKG C417L Microphone,75.0,0,0,1,0.54522246,0.09261245,0,0,adulto
ICB_03196_001,ICB_107,copd,AKG C417L Microphone,75.0,0,0,1,0.55596393,0.10428014,0,0,adulto
ICB_03196_002,ICB_107,copd,AKG C417L Microphone,75.0,1,0,1,0.54424787,0.12967294,0,1,adulto
ICB_03196_003,ICB_107,copd,AKG C417L Microphone,75.0,1,0,1,0.5033029,0.06690954,0,1,adulto
ICB_03196_004,ICB_107,copd,AKG C417L Microphone,75.0,0,0,1,0.4209341,0.08538438,0,0,adulto
ICB_03196_005,ICB_107,copd,AKG C417L Microphone,75.0,0,0,1,0.38811737,0.093572326,0,0,adulto
ICB_03196_006,ICB_107,copd,AKG C417L Microphone,75.0,0,0,1,0.47946268,0.07047913,0,0,adulto
ICB_03196_007,ICB_107,copd,AKG C417L Microphone,75.0,0,0,1,0.3664112,0.12856065,0,0,adulto
ICB_03197_000,ICB_107,copd,AKG C417L Microphone,75.0,1,1,1,0.8501513,0.15344079,1,3,adulto
ICB_03197_001,ICB_107,copd,AKG C417L Microphone,75.0,1,1,1,0.7610543,0.436347,1,3,adulto
ICB_03197_002,ICB_107,copd,AKG C417L Microphone,75.0,1,1,1,0.8664298,0.08391912,1,3,adulto
ICB_03197_003,ICB_107,copd,AKG C417L Microphone,75.0,1,0,1,0.8438986,0.09615042,1,1,adulto
ICB_03197_004,ICB_107,copd,AKG C417L Microphone,75.0,1,0,1,0.74202216,0.3396593,0,1,adulto
ICB_03197_005,ICB_107,copd,AKG C417L Microphone,75.0,1,0,1,0.7632929,0.27003264,1,1,adulto
ICB_03197_006,ICB_107,copd,AKG C417L Microphone,75.0,1,0,1,0.8036385,0.10547465,1,1,adulto
ICB_03197_007,ICB_107,copd,AKG C417L Microphone,75.0,1,0,1,0.7441917,0.083287135,0,1,adulto
ICB_03197_008,ICB_107,copd,AKG C417L Microphone,75.0,1,0,1,0.6944959,0.16549824,0,1,adulto
ICB_03198_000,ICB_107,copd,AKG C417L Microphone,75.0,0,1,1,0.6452782,0.939232,2,2,adulto
ICB_03198_001,ICB_107,copd,AKG C417L Microphone,75.0,0,1,1,0.5830896,0.85196394,2,2,adulto
ICB_03198_002,ICB_107,copd,AKG C417L Microphone,75.0,0,1,1,0.8047977,0.4335716,1,2,adulto
ICB_03198_003,ICB_107,copd,AKG C417L Microphone,75.0,1,1,1,0.7892798,0.67354846,1,3,adulto
ICB_03198_004,ICB_107,copd,AKG C417L Microphone,75.0,0,1,1,0.7055101,0.9596259,2,2,adulto
ICB_03198_005,ICB_107,copd,AKG C417L Microphone,75.0,1,1,1,0.9239594,0.7808495,3,3,adulto
ICB_03198_006,ICB_107,copd,AKG C417L Microphone,75.0,1,1,1,0.7875382,0.36816305,1,3,adulto
ICB_03198_007,ICB_107,copd,AKG C417L Microphone,75.0,1,1,1,0.8339058,0.3635448,1,3,adulto
ICB_03198_008,ICB_107,copd,AKG C417L Microphone,75.0,0,1,1,0.79531395,0.82979953,3,2,adulto
ICB_03199_000,ICB_107,copd,AKG C417L Microphone,75.0,1,0,1,0.7861932,0.058140345,1,1,adulto
ICB_03199_001,ICB_107,copd,AKG C417L Microphone,75.0,1,0,1,0.82002676,0.026689079,1,1,adulto
ICB_03199_002,ICB_107,copd,AKG C417L Microphone,75.0,1,0,1,0.9005856,0.043414082,1,1,adulto
ICB_03199_003,ICB_107,copd,AKG C417L Microphone,75.0,1,0,1,0.8791542,0.018680848,1,1,adulto
ICB_03199_004,ICB_107,copd,AKG C417L Microphone,75.0,1,0,1,0.9028793,0.023118995,1,1,adulto
ICB_03199_005,ICB_107,copd,AKG C417L Microphone,75.0,1,0,1,0.85841286,0.19184892,1,1,adulto
ICB_03199_006,ICB_107,copd,AKG C417L Microphone,75.0,1,0,1,0.76816636,0.020109024,1,1,adulto
ICB_03199_007,ICB_107,copd,AKG C417L Microphone,75.0,1,0,1,0.867609,0.028507791,1,1,adulto
ICB_03199_008,ICB_107,copd,AKG C417L Microphone,75.0,1,0,1,0.8534442,0.018339826,1,1,adulto
ICB_03200_000,ICB_107,copd,AKG C417L Microphone,75.0,0,1,1,0.69329876,0.11096202,0,2,adulto
ICB_03200_001,ICB_107,copd,AKG C417L Microphone,75.0,0,1,1,0.7591451,0.35808828,1,2,adulto
ICB_03200_002,ICB_107,copd,AKG C417L Microphone,75.0,0,1,1,0.82015425,0.05708614,1,2,adulto
ICB_03200_003,ICB_107,copd,AKG C417L Microphone,75.0,0,1,1,0.7829888,0.056233726,1,2,adulto
ICB_03200_004,ICB_107,copd,AKG C417L Microphone,75.0,0,1,1,0.6593395,0.078144185,0,2,adulto
ICB_03200_005,ICB_107,copd,AKG C417L Microphone,75.0,1,0,1,0.75066143,0.09946266,1,1,adulto
ICB_03200_006,ICB_107,copd,AKG C417L Microphone,75.0,1,0,1,0.79699856,0.0602792,1,1,adulto
ICB_03200_007,ICB_107,copd,AKG C417L Microphone,75.0,1,0,1,0.85276014,0.022226982,1,1,adulto
ICB_03200_008,ICB_107,copd,AKG C417L Microphone,75.0,1,1,1,0.75785166,0.04696541,1,3,adulto
ICB_03201_000,ICB_107,copd,AKG C417L Microphone,75.0,1,0,1,0.87858415,0.1289895,1,1,adulto
ICB_03201_001,ICB_107,copd,AKG C417L Microphone,75.0,1,0,1,0.8288673,0.06648621,1,1,adulto
ICB_03201_002,ICB_107,copd,AKG C417L Microphone,75.0,1,0,1,0.9001563,0.13488187,1,1,adulto
ICB_03201_003,ICB_107,copd,AKG C417L Microphone,75.0,1,0,1,0.8663839,0.09281259,1,1,adulto
ICB_03201_004,ICB_107,copd,AKG C417L Microphone,75.0,1,0,1,0.8620514,0.06680418,1,1,adulto
ICB_03201_005,ICB_107,copd,AKG C417L Microphone,75.0,1,0,1,0.8615757,0.083931,1,1,adulto
ICB_03201_006,ICB_107,copd,AKG C417L Microphone,75.0,1,0,1,0.8609577,0.13756464,1,1,adulto
ICB_03201_007,ICB_107,copd,AKG C417L Microphone,75.0,1,0,1,0.8213614,0.07719168,1,1,adulto
ICB_03201_008,ICB_107,copd,AKG C417L Microphone,75.0,1,0,1,0.7639989,0.15934545,1,1,adulto
ICB_03202_000,ICB_107,copd,AKG C417L Microphone,75.0,1,1,1,0.9256764,0.35914293,1,3,adulto
ICB_03202_001,ICB_107,copd,AKG C417L Microphone,75.0,1,1,1,0.7167214,0.6938472,0,3,adulto
ICB_03202_002,ICB_107,copd,AKG C417L Microphone,75.0,1,1,1,0.89225036,0.120288454,1,3,adulto
ICB_03202_003,ICB_107,copd,AKG C417L Microphone,75.0,1,1,1,0.80271995,0.0657988,1,3,adulto
ICB_03202_004,ICB_107,copd,AKG C417L Microphone,75.0,1,1,1,0.86099315,0.15060116,1,3,adulto
ICB_03202_005,ICB_107,copd,AKG C417L Microphone,75.0,1,0,1,0.8061856,0.09821253,1,1,adulto
ICB_03202_006,ICB_107,copd,AKG C417L Microphone,75.0,1,0,1,0.861812,0.11126722,1,1,adulto
ICB_03202_007,ICB_107,copd,AKG C417L Microphone,75.0,1,0,1,0.83754575,0.06307523,1,1,adulto
ICB_03202_008,ICB_107,copd,AKG C417L Microphone,75.0,1,0,1,0.7529003,0.049792577,1,1,adulto
ICB_03203_000,ICB_107,copd,AKG C417L Microphone,75.0,1,1,1,0.51325744,0.113623336,0,3,adulto
ICB_03203_001,ICB_107,copd,AKG C417L Microphone,75.0,1,1,1,0.5556483,0.090766594,0,3,adulto
ICB_03203_002,ICB_107,copd,AKG C417L Microphone,75.0,1,1,1,0.41512066,0.12248911,0,3,adulto
ICB_03203_003,ICB_107,copd,AKG C417L Microphone,75.0,1,1,1,0.43814233,0.075768776,0,3,adulto
ICB_03203_004,ICB_107,copd,AKG C417L Microphone,75.0,1,1,1,0.52854764,0.7038796,2,3,adulto
ICB_03203_005,ICB_107,copd,AKG C417L Microphone,75.0,1,1,1,0.6081824,0.099518746,0,3,adulto
ICB_03203_006,ICB_107,copd,AKG C417L Microphone,75.0,0,1,1,0.43450624,0.10364778,0,2,adulto
ICB_03203_007,ICB_107,copd,AKG C417L Microphone,75.0,0,1,1,0.37275168,0.10768646,0,2,adulto
ICB_03203_008,ICB_107,copd,AKG C417L Microphone,75.0,0,0,1,0.35673514,0.0891885,0,0,adulto
ICB_03216_000,ICB_111,bronchiectasis,3M Littmann Classic II SE,63.0,0,0,1,0.41330856,0.096109115,0,0,adulto
ICB_03216_001,ICB_111,bronchiectasis,3M Littmann Classic II SE,63.0,0,0,1,0.32890454,0.17201613,0,0,adulto
ICB_03216_002,ICB_111,bronchiectasis,3M Littmann Classic II SE,63.0,0,0,1,0.41267377,0.0713375,0,0,adulto
ICB_03216_003,ICB_111,bronchiectasis,3M Littmann Classic II SE,63.0,0,0,1,0.29612607,0.07466857,0,0,adulto
ICB_03216_004,ICB_111,bronchiectasis,3M Littmann Classic II SE,63.0,0,0,1,0.3059008,0.08792866,0,0,adulto
ICB_03216_005,ICB_111,bronchiectasis,3M Littmann Classic II SE,63.0,0,0,1,0.27696812,0.10055739,0,0,adulto
ICB_03216_006,ICB_111,bronchiectasis,3M Littmann Classic II SE,63.0,0,0,1,0.3468797,0.34129778,0,0,adulto
ICB_03216_007,ICB_111,bronchiectasis,3M Littmann Classic II SE,63.0,0,0,1,0.4031011,0.076625034,0,0,adulto
ICB_03217_000,ICB_111,bronchiectasis,3M Littmann Classic II SE,63.0,0,0,1,0.26661932,0.036094308,0,0,adulto
ICB_03217_001,ICB_111,bronchiectasis,3M Littmann Classic II SE,63.0,0,0,1,0.17921457,0.054303672,0,0,adulto
ICB_03217_002,ICB_111,bronchiectasis,3M Littmann Classic II SE,63.0,0,0,1,0.23619875,0.10642697,0,0,adulto
ICB_03217_003,ICB_111,bronchiectasis,3M Littmann Classic II SE,63.0,0,0,1,0.18633483,0.07221285,0,0,adulto
ICB_03217_004,ICB_111,bronchiectasis,3M Littmann Classic II SE,63.0,0,0,1,0.28439173,0.069447234,0,0,adulto
ICB_03217_005,ICB_111,bronchiectasis,3M Littmann Classic II SE,63.0,0,0,1,0.3118008,0.07400583,0,0,adulto
ICB_03217_006,ICB_111,bronchiectasis,3M Littmann Classic II SE,63.0,0,0,1,0.3531603,0.118245125,0,0,adulto
ICB_03217_007,ICB_111,bronchiectasis,3M Littmann Classic II SE,63.0,0,0,1,0.35282487,0.16055821,0,0,adulto
ICB_03217_008,ICB_111,bronchiectasis,3M Littmann Classic II SE,63.0,0,0,1,0.4181949,0.038396772,0,0,adulto
ICB_03239_000,ICB_118,copd,3M Littmann 3200 Electronic,81.0,0,0,1,0.3694868,0.50876635,0,0,adulto
ICB_03239_001,ICB_118,copd,3M Littmann 3200 Electronic,81.0,0,1,1,0.36881107,0.609571,0,2,adulto
ICB_03239_002,ICB_118,copd,3M Littmann 3200 Electronic,81.0,0,1,1,0.50025845,0.83134544,2,2,adulto
ICB_03239_003,ICB_118,copd,3M Littmann 3200 Electronic,81.0,0,1,1,0.43899274,0.54877526,0,2,adulto
ICB_03239_004,ICB_118,copd,3M Littmann 3200 Electronic,81.0,0,1,1,0.4417165,0.8296798,2,2,adulto
ICB_03239_005,ICB_118,copd,3M Littmann 3200 Electronic,81.0,0,1,1,0.40894178,0.917046,2,2,adulto
ICB_03239_006,ICB_118,copd,3M Littmann 3200 Electronic,81.0,0,1,1,0.4968005,0.79449433,2,2,adulto
ICB_03239_007,ICB_118,copd,3M Littmann 3200 Electronic,81.0,0,1,1,0.5046656,0.7181362,2,2,adulto
ICB_03239_008,ICB_118,copd,3M Littmann 3200 Electronic,81.0,0,0,1,0.38144466,0.89484423,2,0,adulto
ICB_03240_000,ICB_118,copd,3M Littmann 3200 Electronic,81.0,0,1,1,0.4747295,0.920205,2,2,adulto
ICB_03240_001,ICB_118,copd,3M Littmann 3200 Electronic,81.0,0,1,1,0.47775862,0.639971,0,2,adulto
ICB_03240_002,ICB_118,copd,3M Littmann 3200 Electronic,81.0,0,1,1,0.49979147,0.78983706,2,2,adulto
ICB_03240_003,ICB_118,copd,3M Littmann 3200 Electronic,81.0,0,1,1,0.445041,0.89579743,2,2,adulto
ICB_03240_004,ICB_118,copd,3M Littmann 3200 Electronic,81.0,0,1,1,0.40134007,0.66139627,0,2,adulto
ICB_03240_005,ICB_118,copd,3M Littmann 3200 Electronic,81.0,0,1,1,0.53002167,0.57064056,0,2,adulto
ICB_03240_006,ICB_118,copd,3M Littmann 3200 Electronic,81.0,0,1,1,0.37846565,0.609599,0,2,adulto
ICB_03240_007,ICB_118,copd,3M Littmann 3200 Electronic,81.0,0,1,1,0.39859283,0.8124611,2,2,adulto
ICB_03240_008,ICB_118,copd,3M Littmann 3200 Electronic,81.0,0,0,1,0.42470798,0.73191386,2,0,adulto
ICB_03241_000,ICB_118,copd,3M Littmann 3200 Electronic,81.0,0,0,1,0.5371043,0.75747865,2,0,adulto
ICB_03241_001,ICB_118,copd,3M Littmann 3200 Electronic,81.0,0,1,1,0.5684417,0.6391248,0,2,adulto
ICB_03241_002,ICB_118,copd,3M Littmann 3200 Electronic,81.0,0,0,1,0.43696344,0.88056916,2,0,adulto
ICB_03241_003,ICB_118,copd,3M Littmann 3200 Electronic,81.0,0,1,1,0.46372417,0.97143734,2,2,adulto
ICB_03241_004,ICB_118,copd,3M Littmann 3200 Electronic,81.0,0,0,1,0.46849808,0.9368102,2,0,adulto
ICB_03242_000,ICB_118,copd,3M Littmann 3200 Electronic,81.0,0,1,1,0.5019137,0.9221405,2,2,adulto
ICB_03242_001,ICB_118,copd,3M Littmann 3200 Electronic,81.0,0,1,1,0.42290524,0.9006906,2,2,adulto
ICB_03242_002,ICB_118,copd,3M Littmann 3200 Electronic,81.0,0,1,1,0.40710583,0.7034587,2,2,adulto
ICB_03242_003,ICB_118,copd,3M Littmann 3200 Electronic,81.0,0,1,1,0.3870638,0.8581907,2,2,adulto
ICB_03242_004,ICB_118,copd,3M Littmann 3200 Electronic,81.0,0,1,1,0.3705235,0.7578175,2,2,adulto
ICB_03242_005,ICB_118,copd,3M Littmann 3200 Electronic,81.0,0,0,1,0.54245704,0.35470977,0,0,adulto
ICB_03242_006,ICB_118,copd,3M Littmann 3200 Electronic,81.0,0,0,1,0.45514712,0.931151,2,0,adulto
ICB_03243_000,ICB_118,copd,3M Littmann 3200 Electronic,81.0,0,0,1,0.64562345,0.4545695,0,0,adulto
ICB_03243_001,ICB_118,copd,3M Littmann 3200 Electronic,81.0,0,0,1,0.5422153,0.87621516,2,0,adulto
ICB_03243_002,ICB_118,copd,3M Littmann 3200 Electronic,81.0,0,0,1,0.45525664,0.6901685,0,0,adulto
ICB_03243_003,ICB_118,copd,3M Littmann 3200 Electronic,81.0,0,0,1,0.4456148,0.61949253,0,0,adulto
ICB_03243_004,ICB_118,copd,3M Littmann 3200 Electronic,81.0,0,0,1,0.31015906,0.91442215,2,0,adulto
ICB_03244_000,ICB_118,copd,3M Littmann 3200 Electronic,81.0,0,0,1,0.29438165,0.1910101,0,0,adulto
ICB_03244_001,ICB_118,copd,3M Littmann 3200 Electronic,81.0,0,1,1,0.24504998,0.5861365,0,2,adulto
ICB_03244_002,ICB_118,copd,3M Littmann 3200 Electronic,81.0,0,1,1,0.280121,0.6733339,0,2,adulto
ICB_03244_003,ICB_118,copd,3M Littmann 3200 Electronic,81.0,0,1,1,0.18869585,0.77862364,2,2,adulto
ICB_03244_004,ICB_118,copd,3M Littmann 3200 Electronic,81.0,0,0,1,0.24770041,0.93077224,2,0,adulto
ICB_03245_000,ICB_119,respiratory_infection,AKG C417L Microphone,2.0,0,0,1,0.7797913,0.07907356,1,0,pediátrico (<18)
ICB_03245_001,ICB_119,respiratory_infection,AKG C417L Microphone,2.0,0,0,1,0.7277767,0.0920815,0,0,pediátrico (<18)
ICB_03245_002,ICB_119,respiratory_infection,AKG C417L Microphone,2.0,0,0,1,0.76670456,0.066850066,1,0,pediátrico (<18)
ICB_03245_003,ICB_119,respiratory_infection,AKG C417L Microphone,2.0,0,0,1,0.7229427,0.07390247,0,0,pediátrico (<18)
ICB_03245_004,ICB_119,respiratory_infection,AKG C417L Microphone,2.0,0,0,1,0.77702105,0.11480744,1,0,pediátrico (<18)
ICB_03245_005,ICB_119,respiratory_infection,AKG C417L Microphone,2.0,0,0,1,0.6875587,0.061351385,0,0,pediátrico (<18)
ICB_03245_006,ICB_119,respiratory_infection,AKG C417L Microphone,2.0,0,0,1,0.728303,0.10221352,0,0,pediátrico (<18)
ICB_03245_007,ICB_119,respiratory_infection,AKG C417L Microphone,2.0,0,0,1,0.65478283,0.0680996,0,0,pediátrico (<18)
ICB_03245_008,ICB_119,respiratory_infection,AKG C417L Microphone,2.0,0,0,1,0.51025623,0.025810346,0,0,pediátrico (<18)
ICB_03253_000,ICB_122,pneumonia,3M Littmann Classic II SE,66.0,0,0,1,0.8619937,0.069300376,1,0,adulto
ICB_03253_001,ICB_122,pneumonia,3M Littmann Classic II SE,66.0,0,1,1,0.80844134,0.70569324,3,2,adulto
ICB_03253_002,ICB_122,pneumonia,3M Littmann Classic II SE,66.0,0,1,1,0.8436323,0.52934444,1,2,adulto
ICB_03253_003,ICB_122,pneumonia,3M Littmann Classic II SE,66.0,0,0,1,0.74265754,0.062776685,0,0,adulto
ICB_03253_004,ICB_122,pneumonia,3M Littmann Classic II SE,66.0,0,0,1,0.7412866,0.12431677,0,0,adulto
ICB_03253_005,ICB_122,pneumonia,3M Littmann Classic II SE,66.0,0,0,1,0.6952525,0.11355926,0,0,adulto
ICB_03254_000,ICB_122,pneumonia,3M Littmann Classic II SE,66.0,0,0,1,0.76757854,0.16458994,1,0,adulto
ICB_03254_001,ICB_122,pneumonia,3M Littmann Classic II SE,66.0,0,1,1,0.666467,0.8065581,2,2,adulto
ICB_03254_002,ICB_122,pneumonia,3M Littmann Classic II SE,66.0,0,0,1,0.6936319,0.081568554,0,0,adulto
ICB_03254_003,ICB_122,pneumonia,3M Littmann Classic II SE,66.0,0,0,1,0.8387259,0.10572232,1,0,adulto
ICB_03254_004,ICB_122,pneumonia,3M Littmann Classic II SE,66.0,0,0,1,0.7106929,0.10202585,0,0,adulto
ICB_03254_005,ICB_122,pneumonia,3M Littmann Classic II SE,66.0,0,0,1,0.71296656,0.110273786,0,0,adulto
ICB_03255_000,ICB_122,pneumonia,3M Littmann Classic II SE,66.0,0,1,1,0.75386316,0.97100013,3,2,adulto
ICB_03255_001,ICB_122,pneumonia,3M Littmann Classic II SE,66.0,0,1,1,0.4631896,0.9019866,2,2,adulto
ICB_03255_002,ICB_122,pneumonia,3M Littmann Classic II SE,66.0,0,1,1,0.4206619,0.98123944,2,2,adulto
ICB_03255_003,ICB_122,pneumonia,3M Littmann Classic II SE,66.0,0,1,1,0.4971752,0.624099,0,2,adulto
ICB_03255_004,ICB_122,pneumonia,3M Littmann Classic II SE,66.0,0,1,1,0.50204885,0.80117476,2,2,adulto
ICB_03255_005,ICB_122,pneumonia,3M Littmann Classic II SE,66.0,0,0,1,0.3190558,0.09022436,0,0,adulto
ICB_03256_000,ICB_122,pneumonia,3M Littmann Classic II SE,66.0,0,0,1,0.7246881,0.056115445,0,0,adulto
ICB_03256_001,ICB_122,pneumonia,3M Littmann Classic II SE,66.0,0,0,1,0.73534375,0.12100044,0,0,adulto
ICB_03256_002,ICB_122,pneumonia,3M Littmann Classic II SE,66.0,0,0,1,0.73836356,0.06564435,0,0,adulto
ICB_03256_003,ICB_122,pneumonia,3M Littmann Classic II SE,66.0,0,0,1,0.76953393,0.15263362,1,0,adulto
ICB_03256_004,ICB_122,pneumonia,3M Littmann Classic II SE,66.0,0,0,1,0.7786753,0.09919052,1,0,adulto
ICB_03256_005,ICB_122,pneumonia,3M Littmann Classic II SE,66.0,0,0,1,0.7602477,0.14914691,1,0,adulto
ICB_03257_000,ICB_122,pneumonia,3M Littmann Classic II SE,66.0,0,0,1,0.7808941,0.21110469,1,0,adulto
ICB_03257_001,ICB_122,pneumonia,3M Littmann Classic II SE,66.0,0,0,1,0.6916548,0.08159882,0,0,adulto
ICB_03257_002,ICB_122,pneumonia,3M Littmann Classic II SE,66.0,0,0,1,0.7363913,0.1555738,0,0,adulto
ICB_03257_003,ICB_122,pneumonia,3M Littmann Classic II SE,66.0,0,0,1,0.7304725,0.40275496,0,0,adulto
ICB_03257_004,ICB_122,pneumonia,3M Littmann Classic II SE,66.0,0,0,1,0.7096811,0.118748166,0,0,adulto
ICB_03257_005,ICB_122,pneumonia,3M Littmann Classic II SE,66.0,0,0,1,0.71629214,0.15325457,0,0,adulto
ICB_03257_006,ICB_122,pneumonia,3M Littmann Classic II SE,66.0,0,0,1,0.6457375,0.06564561,0,0,adulto
ICB_03258_000,ICB_122,pneumonia,3M Littmann Classic II SE,66.0,0,0,1,0.65951264,0.5114018,0,0,adulto
ICB_03258_001,ICB_122,pneumonia,3M Littmann Classic II SE,66.0,0,1,1,0.6002841,0.9735309,2,2,adulto
ICB_03258_002,ICB_122,pneumonia,3M Littmann Classic II SE,66.0,0,1,1,0.4941562,0.8312762,2,2,adulto
ICB_03258_003,ICB_122,pneumonia,3M Littmann Classic II SE,66.0,0,1,1,0.74980557,0.9895824,2,2,adulto
ICB_03258_004,ICB_122,pneumonia,3M Littmann Classic II SE,66.0,0,1,1,0.5514254,0.6651386,0,2,adulto
ICB_03258_005,ICB_122,pneumonia,3M Littmann Classic II SE,66.0,0,1,1,0.52448726,0.95479226,2,2,adulto
ICB_03259_000,ICB_122,pneumonia,3M Littmann Classic II SE,66.0,0,0,1,0.5895787,0.088607326,0,0,adulto
ICB_03259_001,ICB_122,pneumonia,3M Littmann Classic II SE,66.0,0,1,1,0.7677355,0.16883479,1,2,adulto
ICB_03259_002,ICB_122,pneumonia,3M Littmann Classic II SE,66.0,0,0,1,0.74858695,0.08743392,0,0,adulto
ICB_03259_003,ICB_122,pneumonia,3M Littmann Classic II SE,66.0,0,0,1,0.78139555,0.16797183,1,0,adulto
ICB_03259_004,ICB_122,pneumonia,3M Littmann Classic II SE,66.0,0,0,1,0.7707382,0.08532193,1,0,adulto
ICB_03260_000,ICB_122,pneumonia,3M Littmann Classic II SE,66.0,0,0,1,0.5857701,0.20373295,0,0,adulto
ICB_03260_001,ICB_122,pneumonia,3M Littmann Classic II SE,66.0,0,1,1,0.7467616,0.4081596,0,2,adulto
ICB_03260_002,ICB_122,pneumonia,3M Littmann Classic II SE,66.0,0,0,1,0.7349409,0.12885323,0,0,adulto
ICB_03260_003,ICB_122,pneumonia,3M Littmann Classic II SE,66.0,0,0,1,0.72463834,0.22181113,0,0,adulto
ICB_03260_004,ICB_122,pneumonia,3M Littmann Classic II SE,66.0,0,0,1,0.6857138,0.22123837,0,0,adulto
ICB_03261_000,ICB_122,pneumonia,3M Littmann Classic II SE,66.0,0,0,1,0.56081504,0.33112743,0,0,adulto
ICB_03261_001,ICB_122,pneumonia,3M Littmann Classic II SE,66.0,0,0,1,0.3806775,0.44580394,0,0,adulto
ICB_03261_002,ICB_122,pneumonia,3M Littmann Classic II SE,66.0,0,0,1,0.32205224,0.1272662,0,0,adulto
ICB_03261_003,ICB_122,pneumonia,3M Littmann Classic II SE,66.0,0,0,1,0.835842,0.07618663,1,0,adulto
ICB_03261_004,ICB_122,pneumonia,3M Littmann Classic II SE,66.0,0,0,1,0.49758556,0.08036496,0,0,adulto
ICB_03428_000,ICB_142,copd,3M Littmann Classic II SE,78.0,1,0,1,0.81959176,0.09500768,1,1,adulto
ICB_03428_001,ICB_142,copd,3M Littmann Classic II SE,78.0,1,0,1,0.84698147,0.1410335,1,1,adulto
ICB_03428_002,ICB_142,copd,3M Littmann Classic II SE,78.0,1,0,1,0.8475626,0.09390401,1,1,adulto
ICB_03428_003,ICB_142,copd,3M Littmann Classic II SE,78.0,1,0,1,0.76494634,0.08392255,1,1,adulto
ICB_03428_004,ICB_142,copd,3M Littmann Classic II SE,78.0,1,0,1,0.8834567,0.13233148,1,1,adulto
ICB_03428_005,ICB_142,copd,3M Littmann Classic II SE,78.0,1,0,1,0.86661446,0.061705828,1,1,adulto
ICB_03428_006,ICB_142,copd,3M Littmann Classic II SE,78.0,1,0,1,0.80252236,0.22565162,1,1,adulto
ICB_03428_007,ICB_142,copd,3M Littmann Classic II SE,78.0,1,0,1,0.84546703,0.06884793,1,1,adulto
ICB_03428_008,ICB_142,copd,3M Littmann Classic II SE,78.0,1,0,1,0.7657504,0.16496344,1,1,adulto
ICB_03429_000,ICB_143,normal_lung,AKG C417L Microphone,0.25,0,0,1,0.74218,0.03052544,0,0,pediátrico (<18)
ICB_03429_001,ICB_143,normal_lung,AKG C417L Microphone,0.25,0,0,1,0.5530735,0.033868376,0,0,pediátrico (<18)
ICB_03429_002,ICB_143,normal_lung,AKG C417L Microphone,0.25,0,0,1,0.5864681,0.035243247,0,0,pediátrico (<18)
ICB_03429_003,ICB_143,normal_lung,AKG C417L Microphone,0.25,0,0,1,0.7113279,0.051758748,0,0,pediátrico (<18)
ICB_03429_004,ICB_143,normal_lung,AKG C417L Microphone,0.25,0,0,1,0.68435305,0.04644995,0,0,pediátrico (<18)
ICB_03429_005,ICB_143,normal_lung,AKG C417L Microphone,0.25,0,0,1,0.712122,0.05647528,0,0,pediátrico (<18)
ICB_03429_006,ICB_143,normal_lung,AKG C417L Microphone,0.25,0,0,1,0.7366779,0.04053192,0,0,pediátrico (<18)
ICB_03429_007,ICB_143,normal_lung,AKG C417L Microphone,0.25,0,0,1,0.73493767,0.058129907,0,0,pediátrico (<18)
ICB_03429_008,ICB_143,normal_lung,AKG C417L Microphone,0.25,0,0,1,0.4872872,0.053001434,0,0,pediátrico (<18)
ICB_03429_009,ICB_143,normal_lung,AKG C417L Microphone,0.25,0,0,1,0.4959652,0.026948733,0,0,pediátrico (<18)
ICB_03429_010,ICB_143,normal_lung,AKG C417L Microphone,0.25,0,0,1,0.558202,0.09852657,0,0,pediátrico (<18)
ICB_03429_011,ICB_143,normal_lung,AKG C417L Microphone,0.25,0,0,1,0.4907963,0.049743723,0,0,pediátrico (<18)
ICB_03429_012,ICB_143,normal_lung,AKG C417L Microphone,0.25,0,0,1,0.58550894,0.02908922,0,0,pediátrico (<18)
ICB_03429_013,ICB_143,normal_lung,AKG C417L Microphone,0.25,0,0,1,0.58598745,0.077177614,0,0,pediátrico (<18)
ICB_03429_014,ICB_143,normal_lung,AKG C417L Microphone,0.25,0,0,1,0.6225852,0.03032915,0,0,pediátrico (<18)
ICB_03429_015,ICB_143,normal_lung,AKG C417L Microphone,0.25,0,0,1,0.52476275,0.021032285,0,0,pediátrico (<18)
ICB_03429_016,ICB_143,normal_lung,AKG C417L Microphone,0.25,0,0,1,0.66994864,0.032353587,0,0,pediátrico (<18)
ICB_03429_017,ICB_143,normal_lung,AKG C417L Microphone,0.25,0,0,1,0.51813626,0.058268458,0,0,pediátrico (<18)
ICB_03467_000,ICB_149,bronchiolitis_asthma,3M Littmann Classic II SE,0.67,0,0,1,0.387785,0.021755526,0,0,pediátrico (<18)
ICB_03467_001,ICB_149,bronchiolitis_asthma,3M Littmann Classic II SE,0.67,0,0,1,0.49431363,0.029525653,0,0,pediátrico (<18)
ICB_03467_002,ICB_149,bronchiolitis_asthma,3M Littmann Classic II SE,0.67,0,1,1,0.4958378,0.007694194,0,2,pediátrico (<18)
ICB_03467_003,ICB_149,bronchiolitis_asthma,3M Littmann Classic II SE,0.67,0,1,1,0.4628818,0.013204071,0,2,pediátrico (<18)
ICB_03467_004,ICB_149,bronchiolitis_asthma,3M Littmann Classic II SE,0.67,1,1,1,0.41096595,0.0404874,0,3,pediátrico (<18)
ICB_03467_005,ICB_149,bronchiolitis_asthma,3M Littmann Classic II SE,0.67,0,1,1,0.534664,0.02288937,0,2,pediátrico (<18)
ICB_03467_006,ICB_149,bronchiolitis_asthma,3M Littmann Classic II SE,0.67,0,0,1,0.64753985,0.020779284,0,0,pediátrico (<18)
ICB_03467_007,ICB_149,bronchiolitis_asthma,3M Littmann Classic II SE,0.67,1,0,1,0.515667,0.016449735,0,1,pediátrico (<18)
ICB_03467_008,ICB_149,bronchiolitis_asthma,3M Littmann Classic II SE,0.67,0,1,1,0.63899165,0.023934014,0,2,pediátrico (<18)
ICB_03467_009,ICB_149,bronchiolitis_asthma,3M Littmann Classic II SE,0.67,0,1,1,0.5868608,0.028739303,0,2,pediátrico (<18)
ICB_03467_010,ICB_149,bronchiolitis_asthma,3M Littmann Classic II SE,0.67,0,1,1,0.41172513,0.025287148,0,2,pediátrico (<18)
ICB_03467_011,ICB_149,bronchiolitis_asthma,3M Littmann Classic II SE,0.67,0,1,1,0.5652734,0.03315082,0,2,pediátrico (<18)
ICB_03467_012,ICB_149,bronchiolitis_asthma,3M Littmann Classic II SE,0.67,0,1,1,0.45948786,0.01664219,0,2,pediátrico (<18)
ICB_03467_013,ICB_149,bronchiolitis_asthma,3M Littmann Classic II SE,0.67,0,1,1,0.42745686,0.03813014,0,2,pediátrico (<18)
ICB_03467_014,ICB_149,bronchiolitis_asthma,3M Littmann Classic II SE,0.67,0,1,1,0.49161837,0.027880633,0,2,pediátrico (<18)
ICB_03467_015,ICB_149,bronchiolitis_asthma,3M Littmann Classic II SE,0.67,0,1,1,0.51829785,0.025395181,0,2,pediátrico (<18)
ICB_03467_016,ICB_149,bronchiolitis_asthma,3M Littmann Classic II SE,0.67,1,1,1,0.65263706,0.03912007,0,3,pediátrico (<18)
ICB_03467_017,ICB_149,bronchiolitis_asthma,3M Littmann Classic II SE,0.67,0,1,1,0.5946948,0.03340401,0,2,pediátrico (<18)
ICB_03468_000,ICB_149,bronchiolitis_asthma,3M Littmann Classic II SE,0.67,0,0,1,0.8300594,0.015602442,1,0,pediátrico (<18)
ICB_03468_001,ICB_149,bronchiolitis_asthma,3M Littmann Classic II SE,0.67,0,0,1,0.49460876,0.014346831,0,0,pediátrico (<18)
ICB_03468_002,ICB_149,bronchiolitis_asthma,3M Littmann Classic II SE,0.67,0,0,1,0.5727969,0.008065935,0,0,pediátrico (<18)
ICB_03468_003,ICB_149,bronchiolitis_asthma,3M Littmann Classic II SE,0.67,0,0,1,0.78470856,0.047352847,1,0,pediátrico (<18)
ICB_03468_004,ICB_149,bronchiolitis_asthma,3M Littmann Classic II SE,0.67,0,0,1,0.7896017,0.07079307,1,0,pediátrico (<18)
ICB_03468_005,ICB_149,bronchiolitis_asthma,3M Littmann Classic II SE,0.67,0,0,1,0.69974446,0.023482228,0,0,pediátrico (<18)
ICB_03468_006,ICB_149,bronchiolitis_asthma,3M Littmann Classic II SE,0.67,0,0,1,0.70109594,0.020411255,0,0,pediátrico (<18)
ICB_03468_007,ICB_149,bronchiolitis_asthma,3M Littmann Classic II SE,0.67,0,0,1,0.6974979,0.026619345,0,0,pediátrico (<18)
ICB_03468_008,ICB_149,bronchiolitis_asthma,3M Littmann Classic II SE,0.67,1,0,1,0.69392097,0.013465184,0,1,pediátrico (<18)
ICB_03468_009,ICB_149,bronchiolitis_asthma,3M Littmann Classic II SE,0.67,1,0,1,0.7943458,0.021146853,1,1,pediátrico (<18)
ICB_03468_010,ICB_149,bronchiolitis_asthma,3M Littmann Classic II SE,0.67,0,0,1,0.83086103,0.0097194025,1,0,pediátrico (<18)
ICB_03468_011,ICB_149,bronchiolitis_asthma,3M Littmann Classic II SE,0.67,0,0,1,0.62518823,0.01954871,0,0,pediátrico (<18)
ICB_03468_012,ICB_149,bronchiolitis_asthma,3M Littmann Classic II SE,0.67,0,0,1,0.6035828,0.04338907,0,0,pediátrico (<18)
ICB_03468_013,ICB_149,bronchiolitis_asthma,3M Littmann Classic II SE,0.67,0,0,1,0.7406028,0.02910321,0,0,pediátrico (<18)
ICB_03468_014,ICB_149,bronchiolitis_asthma,3M Littmann Classic II SE,0.67,0,0,1,0.7062478,0.03180946,0,0,pediátrico (<18)
ICB_03468_015,ICB_149,bronchiolitis_asthma,3M Littmann Classic II SE,0.67,0,0,1,0.8667237,0.023578366,1,0,pediátrico (<18)
ICB_03469_000,ICB_149,bronchiolitis_asthma,3M Littmann Classic II SE,0.67,0,1,1,0.44531903,0.118679784,0,2,pediátrico (<18)
ICB_03469_001,ICB_149,bronchiolitis_asthma,3M Littmann Classic II SE,0.67,0,0,1,0.6668834,0.19256869,0,0,pediátrico (<18)
ICB_03469_002,ICB_149,bronchiolitis_asthma,3M Littmann Classic II SE,0.67,0,0,1,0.4473324,0.25007758,0,0,pediátrico (<18)
ICB_03469_003,ICB_149,bronchiolitis_asthma,3M Littmann Classic II SE,0.67,0,0,1,0.67677605,0.11610233,0,0,pediátrico (<18)
ICB_03469_004,ICB_149,bronchiolitis_asthma,3M Littmann Classic II SE,0.67,0,1,1,0.5654779,0.30526602,0,2,pediátrico (<18)
ICB_03469_005,ICB_149,bronchiolitis_asthma,3M Littmann Classic II SE,0.67,0,1,1,0.581486,0.12229463,0,2,pediátrico (<18)
ICB_03469_006,ICB_149,bronchiolitis_asthma,3M Littmann Classic II SE,0.67,0,1,1,0.5495096,0.16596445,0,2,pediátrico (<18)
ICB_03469_007,ICB_149,bronchiolitis_asthma,3M Littmann Classic II SE,0.67,0,1,1,0.5211804,0.105891645,0,2,pediátrico (<18)
ICB_03469_008,ICB_149,bronchiolitis_asthma,3M Littmann Classic II SE,0.67,0,0,1,0.5715402,0.93300617,2,0,pediátrico (<18)
ICB_03469_009,ICB_149,bronchiolitis_asthma,3M Littmann Classic II SE,0.67,1,0,1,0.5904083,0.20671836,0,1,pediátrico (<18)
ICB_03469_010,ICB_149,bronchiolitis_asthma,3M Littmann Classic II SE,0.67,0,1,1,0.674268,0.18430248,0,2,pediátrico (<18)
ICB_03469_011,ICB_149,bronchiolitis_asthma,3M Littmann Classic II SE,0.67,0,0,1,0.583281,0.16005737,0,0,pediátrico (<18)
ICB_03469_012,ICB_149,bronchiolitis_asthma,3M Littmann Classic II SE,0.67,0,0,1,0.61649567,0.12250198,0,0,pediátrico (<18)
ICB_03469_013,ICB_149,bronchiolitis_asthma,3M Littmann Classic II SE,0.67,0,0,1,0.6706441,0.068826534,0,0,pediátrico (<18)
ICB_03469_014,ICB_149,bronchiolitis_asthma,3M Littmann Classic II SE,0.67,0,0,1,0.60974836,0.2690002,0,0,pediátrico (<18)
ICB_03469_015,ICB_149,bronchiolitis_asthma,3M Littmann Classic II SE,0.67,0,0,1,0.60016435,0.086190864,0,0,pediátrico (<18)
ICB_03469_016,ICB_149,bronchiolitis_asthma,3M Littmann Classic II SE,0.67,0,0,1,0.7745776,0.040661704,1,0,pediátrico (<18)
ICB_03542_000,ICB_157,copd,WelchAllyn Meditron Master Elite,62.0,0,0,1,0.8707068,0.7589264,3,0,adulto
ICB_03542_001,ICB_157,copd,WelchAllyn Meditron Master Elite,62.0,0,0,1,0.87990934,0.66693145,1,0,adulto
ICB_03542_002,ICB_157,copd,WelchAllyn Meditron Master Elite,62.0,0,0,1,0.83258486,0.9159661,3,0,adulto
ICB_03542_003,ICB_157,copd,WelchAllyn Meditron Master Elite,62.0,0,0,1,0.8591946,0.9434644,3,0,adulto
ICB_03542_004,ICB_157,copd,WelchAllyn Meditron Master Elite,62.0,0,0,1,0.8543426,0.763063,3,0,adulto
ICB_03542_005,ICB_157,copd,WelchAllyn Meditron Master Elite,62.0,0,0,1,0.7992803,0.8031048,3,0,adulto
ICB_03542_006,ICB_157,copd,WelchAllyn Meditron Master Elite,62.0,0,0,1,0.68356234,0.17742673,0,0,adulto
ICB_03542_007,ICB_157,copd,WelchAllyn Meditron Master Elite,62.0,1,0,1,0.75641716,0.43376705,1,1,adulto
ICB_03542_008,ICB_157,copd,WelchAllyn Meditron Master Elite,62.0,0,0,1,0.8528109,0.08119223,1,0,adulto
ICB_03542_009,ICB_157,copd,WelchAllyn Meditron Master Elite,62.0,0,0,1,0.7591805,0.26301327,1,0,adulto
ICB_03542_010,ICB_157,copd,WelchAllyn Meditron Master Elite,62.0,0,0,1,0.71145624,0.13311216,0,0,adulto
ICB_03542_011,ICB_157,copd,WelchAllyn Meditron Master Elite,62.0,1,0,1,0.49573052,0.20066422,0,1,adulto
ICB_03542_012,ICB_157,copd,WelchAllyn Meditron Master Elite,62.0,0,0,1,0.67871344,0.4667156,0,0,adulto
ICB_03542_013,ICB_157,copd,WelchAllyn Meditron Master Elite,62.0,0,0,1,0.74042803,0.24575992,0,0,adulto
ICB_03542_014,ICB_157,copd,WelchAllyn Meditron Master Elite,62.0,0,0,1,0.65877897,0.31232014,0,0,adulto
ICB_03543_000,ICB_157,copd,WelchAllyn Meditron Master Elite,62.0,0,0,1,0.7637473,0.9452518,3,0,adulto
ICB_03543_001,ICB_157,copd,WelchAllyn Meditron Master Elite,62.0,0,0,1,0.7709758,0.5179081,1,0,adulto
ICB_03543_002,ICB_157,copd,WelchAllyn Meditron Master Elite,62.0,0,0,1,0.799953,0.52805567,1,0,adulto
ICB_03543_003,ICB_157,copd,WelchAllyn Meditron Master Elite,62.0,0,0,1,0.73577964,0.53639084,0,0,adulto
ICB_03543_004,ICB_157,copd,WelchAllyn Meditron Master Elite,62.0,0,0,1,0.8260172,0.9659232,3,0,adulto
ICB_03543_005,ICB_157,copd,WelchAllyn Meditron Master Elite,62.0,0,0,1,0.45257157,0.17412232,0,0,adulto
ICB_03543_006,ICB_157,copd,WelchAllyn Meditron Master Elite,62.0,0,0,1,0.5423375,0.1279779,0,0,adulto
ICB_03543_007,ICB_157,copd,WelchAllyn Meditron Master Elite,62.0,0,0,1,0.64695823,0.1367748,0,0,adulto
ICB_03543_008,ICB_157,copd,WelchAllyn Meditron Master Elite,62.0,0,0,1,0.6847907,0.1783972,0,0,adulto
ICB_03543_009,ICB_157,copd,WelchAllyn Meditron Master Elite,62.0,0,0,1,0.6375919,0.10479401,0,0,adulto
ICB_03543_010,ICB_157,copd,WelchAllyn Meditron Master Elite,62.0,0,0,1,0.6198501,0.13454255,0,0,adulto
ICB_03543_011,ICB_157,copd,WelchAllyn Meditron Master Elite,62.0,0,0,1,0.52257544,0.31418306,0,0,adulto
ICB_03544_000,ICB_157,copd,WelchAllyn Meditron Master Elite,62.0,1,0,1,0.7904669,0.13019283,1,1,adulto
ICB_03544_001,ICB_157,copd,WelchAllyn Meditron Master Elite,62.0,1,0,1,0.930009,0.47005284,1,1,adulto
ICB_03544_002,ICB_157,copd,WelchAllyn Meditron Master Elite,62.0,0,0,1,0.665668,0.46435818,0,0,adulto
ICB_03544_003,ICB_157,copd,WelchAllyn Meditron Master Elite,62.0,1,0,1,0.84696454,0.3560095,1,1,adulto
ICB_03544_004,ICB_157,copd,WelchAllyn Meditron Master Elite,62.0,1,0,1,0.8103949,0.36746067,1,1,adulto
ICB_03544_005,ICB_157,copd,WelchAllyn Meditron Master Elite,62.0,1,0,1,0.78513384,0.39312065,1,1,adulto
ICB_03544_006,ICB_157,copd,WelchAllyn Meditron Master Elite,62.0,1,0,1,0.7939415,0.25239334,1,1,adulto
ICB_03544_007,ICB_157,copd,WelchAllyn Meditron Master Elite,62.0,1,0,1,0.7307924,0.27612942,0,1,adulto
ICB_03544_008,ICB_157,copd,WelchAllyn Meditron Master Elite,62.0,0,0,1,0.67402667,0.54654753,0,0,adulto
ICB_03545_000,ICB_157,copd,WelchAllyn Meditron Master Elite,62.0,0,0,1,0.63826126,0.4790165,0,0,adulto
ICB_03545_001,ICB_157,copd,WelchAllyn Meditron Master Elite,62.0,0,0,1,0.6677788,0.55201316,0,0,adulto
ICB_03545_002,ICB_157,copd,WelchAllyn Meditron Master Elite,62.0,0,0,1,0.74940014,0.30364418,0,0,adulto
ICB_03545_003,ICB_157,copd,WelchAllyn Meditron Master Elite,62.0,0,0,1,0.76124495,0.31802955,1,0,adulto
ICB_03545_004,ICB_157,copd,WelchAllyn Meditron Master Elite,62.0,0,0,1,0.82302755,0.46550992,1,0,adulto
ICB_03545_005,ICB_157,copd,WelchAllyn Meditron Master Elite,62.0,0,0,1,0.824331,0.6006223,1,0,adulto
ICB_03545_006,ICB_157,copd,WelchAllyn Meditron Master Elite,62.0,1,0,1,0.76382786,0.13312717,1,1,adulto
ICB_03545_007,ICB_157,copd,WelchAllyn Meditron Master Elite,62.0,1,0,1,0.7206332,0.072543666,0,1,adulto
ICB_03545_008,ICB_157,copd,WelchAllyn Meditron Master Elite,62.0,0,0,1,0.6516079,0.24793163,0,0,adulto
ICB_03545_009,ICB_157,copd,WelchAllyn Meditron Master Elite,62.0,0,0,1,0.65026504,0.1567573,0,0,adulto
ICB_03545_010,ICB_157,copd,WelchAllyn Meditron Master Elite,62.0,1,0,1,0.5373427,0.20817386,0,1,adulto
ICB_03545_011,ICB_157,copd,WelchAllyn Meditron Master Elite,62.0,1,0,1,0.60211456,0.25620311,0,1,adulto
ICB_03545_012,ICB_157,copd,WelchAllyn Meditron Master Elite,62.0,0,0,1,0.8081719,0.28146288,1,0,adulto
ICB_03546_000,ICB_157,copd,WelchAllyn Meditron Master Elite,62.0,1,0,1,0.83309174,0.65576583,1,1,adulto
ICB_03546_001,ICB_157,copd,WelchAllyn Meditron Master Elite,62.0,1,0,1,0.73814476,0.8157607,2,1,adulto
ICB_03546_002,ICB_157,copd,WelchAllyn Meditron Master Elite,62.0,1,0,1,0.8232625,0.79602915,3,1,adulto
ICB_03546_003,ICB_157,copd,WelchAllyn Meditron Master Elite,62.0,1,0,1,0.7247216,0.39557728,0,1,adulto
ICB_03546_004,ICB_157,copd,WelchAllyn Meditron Master Elite,62.0,1,0,1,0.8187072,0.4117667,1,1,adulto
ICB_03546_005,ICB_157,copd,WelchAllyn Meditron Master Elite,62.0,0,0,1,0.5246975,0.9407719,2,0,adulto
ICB_03546_006,ICB_157,copd,WelchAllyn Meditron Master Elite,62.0,1,0,1,0.8609585,0.8075126,3,1,adulto
ICB_03546_007,ICB_157,copd,WelchAllyn Meditron Master Elite,62.0,0,0,1,0.609693,0.78871477,2,0,adulto
ICB_03546_008,ICB_157,copd,WelchAllyn Meditron Master Elite,62.0,0,0,1,0.5839928,0.33029377,0,0,adulto
ICB_03546_009,ICB_157,copd,WelchAllyn Meditron Master Elite,62.0,0,0,1,0.6013787,0.66753554,0,0,adulto
ICB_03546_010,ICB_157,copd,WelchAllyn Meditron Master Elite,62.0,0,0,1,0.42365488,0.13094978,0,0,adulto
ICB_03546_011,ICB_157,copd,WelchAllyn Meditron Master Elite,62.0,1,0,1,0.5130454,0.50329775,0,1,adulto
ICB_03546_012,ICB_157,copd,WelchAllyn Meditron Master Elite,62.0,1,0,1,0.48304525,0.34455806,0,1,adulto
ICB_03546_013,ICB_157,copd,WelchAllyn Meditron Master Elite,62.0,1,0,1,0.5479135,0.1800764,0,1,adulto
ICB_03546_014,ICB_157,copd,WelchAllyn Meditron Master Elite,62.0,1,0,1,0.66442263,0.35209265,0,1,adulto
ICB_03571_000,ICB_159,normal_lung,AKG C417L Microphone,0.83,0,0,1,0.5949383,0.048097275,0,0,pediátrico (<18)
ICB_03571_001,ICB_159,normal_lung,AKG C417L Microphone,0.83,0,0,1,0.44327834,0.015981019,0,0,pediátrico (<18)
ICB_03571_002,ICB_159,normal_lung,AKG C417L Microphone,0.83,0,1,1,0.6657526,0.31573945,0,2,pediátrico (<18)
ICB_03571_003,ICB_159,normal_lung,AKG C417L Microphone,0.83,0,0,1,0.7370309,0.079773456,0,0,pediátrico (<18)
ICB_03571_004,ICB_159,normal_lung,AKG C417L Microphone,0.83,0,0,1,0.49003208,0.07655699,0,0,pediátrico (<18)
ICB_03571_005,ICB_159,normal_lung,AKG C417L Microphone,0.83,0,0,1,0.7710132,0.038492322,1,0,pediátrico (<18)
ICB_03571_006,ICB_159,normal_lung,AKG C417L Microphone,0.83,0,0,1,0.6130017,0.08463947,0,0,pediátrico (<18)
ICB_03571_007,ICB_159,normal_lung,AKG C417L Microphone,0.83,0,0,1,0.6369135,0.12790236,0,0,pediátrico (<18)
ICB_03571_008,ICB_159,normal_lung,AKG C417L Microphone,0.83,0,0,1,0.5922664,0.056497745,0,0,pediátrico (<18)
ICB_03571_009,ICB_159,normal_lung,AKG C417L Microphone,0.83,0,0,1,0.693275,0.04025099,0,0,pediátrico (<18)
ICB_03571_010,ICB_159,normal_lung,AKG C417L Microphone,0.83,0,0,1,0.63046485,0.04870313,0,0,pediátrico (<18)
ICB_03571_011,ICB_159,normal_lung,AKG C417L Microphone,0.83,0,0,1,0.6399988,0.008482123,0,0,pediátrico (<18)
ICB_03572_000,ICB_159,normal_lung,AKG C417L Microphone,0.83,0,0,1,0.7301562,0.3530049,0,0,pediátrico (<18)
ICB_03572_001,ICB_159,normal_lung,AKG C417L Microphone,0.83,0,0,1,0.7205309,0.07079107,0,0,pediátrico (<18)
ICB_03572_002,ICB_159,normal_lung,AKG C417L Microphone,0.83,0,0,1,0.5745552,0.067104794,0,0,pediátrico (<18)
ICB_03572_003,ICB_159,normal_lung,AKG C417L Microphone,0.83,0,0,1,0.6630505,0.05407522,0,0,pediátrico (<18)
ICB_03572_004,ICB_159,normal_lung,AKG C417L Microphone,0.83,0,0,1,0.61845845,0.059812233,0,0,pediátrico (<18)
ICB_03572_005,ICB_159,normal_lung,AKG C417L Microphone,0.83,0,0,1,0.5863866,0.07286203,0,0,pediátrico (<18)
ICB_03572_006,ICB_159,normal_lung,AKG C417L Microphone,0.83,0,0,1,0.5863121,0.089655586,0,0,pediátrico (<18)
ICB_03572_007,ICB_159,normal_lung,AKG C417L Microphone,0.83,0,0,1,0.5272647,0.0227278,0,0,pediátrico (<18)
ICB_03572_008,ICB_159,normal_lung,AKG C417L Microphone,0.83,0,0,1,0.59233564,0.0847866,0,0,pediátrico (<18)
ICB_03573_000,ICB_159,normal_lung,AKG C417L Microphone,0.83,0,0,1,0.47678825,0.24199587,0,0,pediátrico (<18)
ICB_03573_001,ICB_159,normal_lung,AKG C417L Microphone,0.83,0,0,1,0.50876117,0.023237916,0,0,pediátrico (<18)
ICB_03573_002,ICB_159,normal_lung,AKG C417L Microphone,0.83,0,0,1,0.7983547,0.03286325,1,0,pediátrico (<18)
ICB_03573_003,ICB_159,normal_lung,AKG C417L Microphone,0.83,0,0,1,0.6572382,0.043148573,0,0,pediátrico (<18)
ICB_03573_004,ICB_159,normal_lung,AKG C417L Microphone,0.83,0,0,1,0.7671345,0.124077916,1,0,pediátrico (<18)
ICB_03573_005,ICB_159,normal_lung,AKG C417L Microphone,0.83,0,0,1,0.55557007,0.058768142,0,0,pediátrico (<18)
ICB_03573_006,ICB_159,normal_lung,AKG C417L Microphone,0.83,0,0,1,0.5520293,0.20609583,0,0,pediátrico (<18)
ICB_03573_007,ICB_159,normal_lung,AKG C417L Microphone,0.83,0,0,1,0.5076607,0.0290412,0,0,pediátrico (<18)
ICB_03573_008,ICB_159,normal_lung,AKG C417L Microphone,0.83,0,0,1,0.63000673,0.120171316,0,0,pediátrico (<18)
ICB_03573_009,ICB_159,normal_lung,AKG C417L Microphone,0.83,0,0,1,0.68386334,0.07689263,0,0,pediátrico (<18)
ICB_03573_010,ICB_159,normal_lung,AKG C417L Microphone,0.83,0,0,1,0.65824366,0.3296332,0,0,pediátrico (<18)
ICB_03573_011,ICB_159,normal_lung,AKG C417L Microphone,0.83,0,0,1,0.6912498,0.30867755,0,0,pediátrico (<18)
ICB_03574_000,ICB_159,normal_lung,AKG C417L Microphone,0.83,0,0,1,0.8034876,0.09312932,1,0,pediátrico (<18)
ICB_03574_001,ICB_159,normal_lung,AKG C417L Microphone,0.83,0,0,1,0.5574205,0.065317474,0,0,pediátrico (<18)
ICB_03574_002,ICB_159,normal_lung,AKG C417L Microphone,0.83,0,0,1,0.6505728,0.09133403,0,0,pediátrico (<18)
ICB_03574_003,ICB_159,normal_lung,AKG C417L Microphone,0.83,0,0,1,0.6621526,0.06181898,0,0,pediátrico (<18)
ICB_03574_004,ICB_159,normal_lung,AKG C417L Microphone,0.83,0,0,1,0.52942854,0.0715474,0,0,pediátrico (<18)
ICB_03574_005,ICB_159,normal_lung,AKG C417L Microphone,0.83,0,0,1,0.6269205,0.085220955,0,0,pediátrico (<18)
ICB_03574_006,ICB_159,normal_lung,AKG C417L Microphone,0.83,0,0,1,0.56125855,0.03212784,0,0,pediátrico (<18)
ICB_03574_007,ICB_159,normal_lung,AKG C417L Microphone,0.83,0,0,1,0.6894903,0.057199825,0,0,pediátrico (<18)
ICB_03574_008,ICB_159,normal_lung,AKG C417L Microphone,0.83,0,0,1,0.74042994,0.069180496,0,0,pediátrico (<18)
ICB_03641_000,ICB_166,copd,WelchAllyn Meditron Master Elite,71.0,0,0,1,0.7881354,0.7712407,3,0,adulto
ICB_03641_001,ICB_166,copd,WelchAllyn Meditron Master Elite,71.0,0,0,1,0.76971316,0.6997701,1,0,adulto
ICB_03641_002,ICB_166,copd,WelchAllyn Meditron Master Elite,71.0,0,0,1,0.82040375,0.68474257,1,0,adulto
ICB_03641_003,ICB_166,copd,WelchAllyn Meditron Master Elite,71.0,0,0,1,0.7328939,0.5349053,0,0,adulto
ICB_03641_004,ICB_166,copd,WelchAllyn Meditron Master Elite,71.0,0,0,1,0.822511,0.74148816,3,0,adulto
ICB_03641_005,ICB_166,copd,WelchAllyn Meditron Master Elite,71.0,0,0,1,0.67483675,1.0647312e-09,0,0,adulto
ICB_03641_006,ICB_166,copd,WelchAllyn Meditron Master Elite,71.0,0,0,1,0.6408337,0.825328,2,0,adulto
ICB_03641_007,ICB_166,copd,WelchAllyn Meditron Master Elite,71.0,0,0,1,0.81478035,0.5529042,1,0,adulto
ICB_03641_008,ICB_166,copd,WelchAllyn Meditron Master Elite,71.0,0,0,1,0.80942315,0.9051029,3,0,adulto
ICB_03641_009,ICB_166,copd,WelchAllyn Meditron Master Elite,71.0,0,0,1,0.77872205,0.48003194,1,0,adulto
ICB_03641_010,ICB_166,copd,WelchAllyn Meditron Master Elite,71.0,1,0,1,0.7959257,0.5743078,1,1,adulto
ICB_03641_011,ICB_166,copd,WelchAllyn Meditron Master Elite,71.0,1,0,1,0.7128796,0.37322363,0,1,adulto
ICB_03641_012,ICB_166,copd,WelchAllyn Meditron Master Elite,71.0,0,0,1,0.44553426,0.40871492,0,0,adulto
ICB_03641_013,ICB_166,copd,WelchAllyn Meditron Master Elite,71.0,1,0,1,0.80724496,0.47809157,1,1,adulto
ICB_03641_014,ICB_166,copd,WelchAllyn Meditron Master Elite,71.0,1,0,1,0.5587041,0.55135804,0,1,adulto
ICB_03641_015,ICB_166,copd,WelchAllyn Meditron Master Elite,71.0,1,0,1,0.4891935,0.39512956,0,1,adulto
ICB_03641_016,ICB_166,copd,WelchAllyn Meditron Master Elite,71.0,0,0,1,0.7152283,0.5455977,0,0,adulto
ICB_03642_000,ICB_166,copd,WelchAllyn Meditron Master Elite,71.0,0,0,1,0.7173231,0.33021462,0,0,adulto
ICB_03642_001,ICB_166,copd,WelchAllyn Meditron Master Elite,71.0,0,0,1,0.83062804,0.51967144,1,0,adulto
ICB_03642_002,ICB_166,copd,WelchAllyn Meditron Master Elite,71.0,0,0,1,0.8116635,0.44189456,1,0,adulto
ICB_03642_003,ICB_166,copd,WelchAllyn Meditron Master Elite,71.0,0,0,1,0.82749057,0.41275594,1,0,adulto
ICB_03642_004,ICB_166,copd,WelchAllyn Meditron Master Elite,71.0,0,0,1,0.85059327,0.34056905,1,0,adulto
ICB_03642_005,ICB_166,copd,WelchAllyn Meditron Master Elite,71.0,0,0,1,0.8583366,0.41739345,1,0,adulto
ICB_03642_006,ICB_166,copd,WelchAllyn Meditron Master Elite,71.0,0,0,1,0.82997084,0.21511078,1,0,adulto
ICB_03642_007,ICB_166,copd,WelchAllyn Meditron Master Elite,71.0,0,0,1,0.7987839,0.2625403,1,0,adulto
ICB_03642_008,ICB_166,copd,WelchAllyn Meditron Master Elite,71.0,0,0,1,0.8794852,0.49390733,1,0,adulto
ICB_03642_009,ICB_166,copd,WelchAllyn Meditron Master Elite,71.0,0,0,1,0.86813354,0.13650101,1,0,adulto
ICB_03642_010,ICB_166,copd,WelchAllyn Meditron Master Elite,71.0,0,0,1,0.8926823,0.24975854,1,0,adulto
ICB_03642_011,ICB_166,copd,WelchAllyn Meditron Master Elite,71.0,0,0,1,0.87249094,0.3290638,1,0,adulto
ICB_03642_012,ICB_166,copd,WelchAllyn Meditron Master Elite,71.0,0,0,1,0.8392274,0.3121741,1,0,adulto
ICB_03642_013,ICB_166,copd,WelchAllyn Meditron Master Elite,71.0,0,0,1,0.84883666,0.2258901,1,0,adulto
ICB_03642_014,ICB_166,copd,WelchAllyn Meditron Master Elite,71.0,0,0,1,0.7210244,0.76464206,2,0,adulto
ICB_03642_015,ICB_166,copd,WelchAllyn Meditron Master Elite,71.0,0,0,1,0.7612405,0.1587074,1,0,adulto
ICB_03642_016,ICB_166,copd,WelchAllyn Meditron Master Elite,71.0,0,0,1,0.807175,0.33041024,1,0,adulto
ICB_03642_017,ICB_166,copd,WelchAllyn Meditron Master Elite,71.0,0,0,1,0.7349144,0.2377532,0,0,adulto
ICB_03642_018,ICB_166,copd,WelchAllyn Meditron Master Elite,71.0,0,0,1,0.7738888,0.30062655,1,0,adulto
ICB_03642_019,ICB_166,copd,WelchAllyn Meditron Master Elite,71.0,0,0,1,0.6969171,0.16237482,0,0,adulto
ICB_03642_020,ICB_166,copd,WelchAllyn Meditron Master Elite,71.0,0,0,1,0.7447162,0.17689466,0,0,adulto
ICB_03642_021,ICB_166,copd,WelchAllyn Meditron Master Elite,71.0,0,0,1,0.6808493,0.22565953,0,0,adulto
ICB_03642_022,ICB_166,copd,WelchAllyn Meditron Master Elite,71.0,0,0,1,0.7650707,0.22166793,1,0,adulto
ICB_03642_023,ICB_166,copd,WelchAllyn Meditron Master Elite,71.0,0,0,1,0.79178214,0.2016542,1,0,adulto
ICB_03642_024,ICB_166,copd,WelchAllyn Meditron Master Elite,71.0,0,0,1,0.7293167,0.2640439,0,0,adulto
ICB_03643_000,ICB_166,copd,WelchAllyn Meditron Master Elite,71.0,1,0,1,0.8053008,0.37697908,1,1,adulto
ICB_03643_001,ICB_166,copd,WelchAllyn Meditron Master Elite,71.0,1,0,1,0.81626177,0.29201755,1,1,adulto
ICB_03643_002,ICB_166,copd,WelchAllyn Meditron Master Elite,71.0,1,0,1,0.8342417,0.34710923,1,1,adulto
ICB_03643_003,ICB_166,copd,WelchAllyn Meditron Master Elite,71.0,1,0,1,0.7926414,0.35672122,1,1,adulto
ICB_03643_004,ICB_166,copd,WelchAllyn Meditron Master Elite,71.0,1,0,1,0.8278926,0.44579566,1,1,adulto
ICB_03643_005,ICB_166,copd,WelchAllyn Meditron Master Elite,71.0,1,0,1,0.8217017,0.4609347,1,1,adulto
ICB_03643_006,ICB_166,copd,WelchAllyn Meditron Master Elite,71.0,1,0,1,0.8476554,0.40569603,1,1,adulto
ICB_03643_007,ICB_166,copd,WelchAllyn Meditron Master Elite,71.0,1,0,1,0.8223791,0.44605464,1,1,adulto
ICB_03643_008,ICB_166,copd,WelchAllyn Meditron Master Elite,71.0,1,0,1,0.85361946,0.35211474,1,1,adulto
ICB_03643_009,ICB_166,copd,WelchAllyn Meditron Master Elite,71.0,1,0,1,0.8136503,0.41305363,1,1,adulto
ICB_03643_010,ICB_166,copd,WelchAllyn Meditron Master Elite,71.0,1,0,1,0.8011354,0.41842166,1,1,adulto
ICB_03643_011,ICB_166,copd,WelchAllyn Meditron Master Elite,71.0,1,0,1,0.8709033,0.7103103,3,1,adulto
ICB_03643_012,ICB_166,copd,WelchAllyn Meditron Master Elite,71.0,1,0,1,0.8783404,0.32394546,1,1,adulto
ICB_03643_013,ICB_166,copd,WelchAllyn Meditron Master Elite,71.0,1,0,1,0.82533133,0.8228351,3,1,adulto
ICB_03643_014,ICB_166,copd,WelchAllyn Meditron Master Elite,71.0,1,0,1,0.8456704,0.2634892,1,1,adulto
ICB_03643_015,ICB_166,copd,WelchAllyn Meditron Master Elite,71.0,0,0,1,0.8713022,0.40558487,1,0,adulto
ICB_03643_016,ICB_166,copd,WelchAllyn Meditron Master Elite,71.0,0,0,1,0.8740729,0.5596135,1,0,adulto
ICB_03643_017,ICB_166,copd,WelchAllyn Meditron Master Elite,71.0,1,0,1,0.4678717,0.442389,0,1,adulto
ICB_03643_018,ICB_166,copd,WelchAllyn Meditron Master Elite,71.0,0,0,1,0.7412111,0.29004982,0,0,adulto
ICB_03643_019,ICB_166,copd,WelchAllyn Meditron Master Elite,71.0,0,0,1,0.76039845,0.27542022,1,0,adulto
ICB_03643_020,ICB_166,copd,WelchAllyn Meditron Master Elite,71.0,0,0,1,0.75590235,0.3467516,1,0,adulto
ICB_03643_021,ICB_166,copd,WelchAllyn Meditron Master Elite,71.0,0,0,1,0.7452681,0.25660458,0,0,adulto
ICB_03643_022,ICB_166,copd,WelchAllyn Meditron Master Elite,71.0,0,0,1,0.8075015,0.45225152,1,0,adulto
ICB_03643_023,ICB_166,copd,WelchAllyn Meditron Master Elite,71.0,0,0,1,0.80715907,0.40669653,1,0,adulto
ICB_03643_024,ICB_166,copd,WelchAllyn Meditron Master Elite,71.0,0,0,1,0.767885,0.24705619,1,0,adulto
ICB_03644_000,ICB_166,copd,WelchAllyn Meditron Master Elite,71.0,0,0,1,0.70296496,0.29900706,0,0,adulto
ICB_03644_001,ICB_166,copd,WelchAllyn Meditron Master Elite,71.0,0,0,1,0.7229548,0.34325886,0,0,adulto
ICB_03644_002,ICB_166,copd,WelchAllyn Meditron Master Elite,71.0,0,0,1,0.76404625,0.33556724,1,0,adulto
ICB_03644_003,ICB_166,copd,WelchAllyn Meditron Master Elite,71.0,0,0,1,0.6913079,0.21958984,0,0,adulto
ICB_03644_004,ICB_166,copd,WelchAllyn Meditron Master Elite,71.0,0,0,1,0.7252023,0.28673735,0,0,adulto
ICB_03644_005,ICB_166,copd,WelchAllyn Meditron Master Elite,71.0,0,0,1,0.7076603,0.30067065,0,0,adulto
ICB_03644_006,ICB_166,copd,WelchAllyn Meditron Master Elite,71.0,0,0,1,0.65569276,0.3358141,0,0,adulto
ICB_03644_007,ICB_166,copd,WelchAllyn Meditron Master Elite,71.0,0,0,1,0.7285151,0.4162187,0,0,adulto
ICB_03644_008,ICB_166,copd,WelchAllyn Meditron Master Elite,71.0,0,0,1,0.7281694,0.3486091,0,0,adulto
ICB_03644_009,ICB_166,copd,WelchAllyn Meditron Master Elite,71.0,0,0,1,0.7400933,0.30742598,0,0,adulto
ICB_03644_010,ICB_166,copd,WelchAllyn Meditron Master Elite,71.0,0,0,1,0.7084578,0.3080179,0,0,adulto
ICB_03644_011,ICB_166,copd,WelchAllyn Meditron Master Elite,71.0,0,0,1,0.82783633,0.1964403,1,0,adulto
ICB_03644_012,ICB_166,copd,WelchAllyn Meditron Master Elite,71.0,0,0,1,0.73358476,0.50961214,0,0,adulto
ICB_03644_013,ICB_166,copd,WelchAllyn Meditron Master Elite,71.0,0,0,1,0.7723489,0.22650282,1,0,adulto
ICB_03644_014,ICB_166,copd,WelchAllyn Meditron Master Elite,71.0,0,0,1,0.63701874,0.50451994,0,0,adulto
ICB_03644_015,ICB_166,copd,WelchAllyn Meditron Master Elite,71.0,0,0,1,0.68463653,0.442007,0,0,adulto
ICB_03644_016,ICB_166,copd,WelchAllyn Meditron Master Elite,71.0,1,0,1,0.70760477,0.16696022,0,1,adulto
ICB_03644_017,ICB_166,copd,WelchAllyn Meditron Master Elite,71.0,1,0,1,0.63215286,0.397357,0,1,adulto
ICB_03644_018,ICB_166,copd,WelchAllyn Meditron Master Elite,71.0,1,0,1,0.71052486,0.25908163,0,1,adulto
ICB_03644_019,ICB_166,copd,WelchAllyn Meditron Master Elite,71.0,1,0,1,0.681885,0.3139455,0,1,adulto
ICB_03644_020,ICB_166,copd,WelchAllyn Meditron Master Elite,71.0,1,0,1,0.6546448,0.3107291,0,1,adulto
ICB_03644_021,ICB_166,copd,WelchAllyn Meditron Master Elite,71.0,1,0,1,0.56764865,0.37042442,0,1,adulto
ICB_03644_022,ICB_166,copd,WelchAllyn Meditron Master Elite,71.0,0,0,1,0.42234713,0.29355022,0,0,adulto
ICB_03644_023,ICB_166,copd,WelchAllyn Meditron Master Elite,71.0,1,0,1,0.6141372,0.7351537,2,1,adulto
ICB_03645_000,ICB_166,copd,WelchAllyn Meditron Master Elite,71.0,0,0,1,0.609044,0.202943,0,0,adulto
ICB_03645_001,ICB_166,copd,WelchAllyn Meditron Master Elite,71.0,0,0,1,0.63359034,0.29106668,0,0,adulto
ICB_03645_002,ICB_166,copd,WelchAllyn Meditron Master Elite,71.0,0,0,1,0.7177462,0.10632492,0,0,adulto
ICB_03645_003,ICB_166,copd,WelchAllyn Meditron Master Elite,71.0,0,1,1,0.70079213,0.38368213,0,2,adulto
ICB_03645_004,ICB_166,copd,WelchAllyn Meditron Master Elite,71.0,0,1,1,0.69697005,0.36690775,0,2,adulto
ICB_03645_005,ICB_166,copd,WelchAllyn Meditron Master Elite,71.0,0,0,1,0.6901737,0.1995736,0,0,adulto
ICB_03645_006,ICB_166,copd,WelchAllyn Meditron Master Elite,71.0,0,0,1,0.728005,0.33199123,0,0,adulto
ICB_03645_007,ICB_166,copd,WelchAllyn Meditron Master Elite,71.0,0,0,1,0.70783526,0.3416045,0,0,adulto
ICB_03645_008,ICB_166,copd,WelchAllyn Meditron Master Elite,71.0,0,0,1,0.79030466,0.32760754,1,0,adulto
ICB_03645_009,ICB_166,copd,WelchAllyn Meditron Master Elite,71.0,0,0,1,0.70227087,0.2940088,0,0,adulto
ICB_03645_010,ICB_166,copd,WelchAllyn Meditron Master Elite,71.0,0,0,1,0.67286795,0.33350226,0,0,adulto
ICB_03645_011,ICB_166,copd,WelchAllyn Meditron Master Elite,71.0,0,0,1,0.7215856,0.26795632,0,0,adulto
ICB_03645_012,ICB_166,copd,WelchAllyn Meditron Master Elite,71.0,0,0,1,0.6930458,0.31939766,0,0,adulto
ICB_03645_013,ICB_166,copd,WelchAllyn Meditron Master Elite,71.0,0,0,1,0.71295553,0.29903975,0,0,adulto
ICB_03645_014,ICB_166,copd,WelchAllyn Meditron Master Elite,71.0,0,0,1,0.47273177,0.6616207,0,0,adulto
ICB_03645_015,ICB_166,copd,WelchAllyn Meditron Master Elite,71.0,0,1,1,0.7913187,0.5742559,1,2,adulto
ICB_03645_016,ICB_166,copd,WelchAllyn Meditron Master Elite,71.0,0,0,1,0.56122404,0.37454233,0,0,adulto
ICB_03645_017,ICB_166,copd,WelchAllyn Meditron Master Elite,71.0,0,0,1,0.6487343,0.22415705,0,0,adulto
ICB_03645_018,ICB_166,copd,WelchAllyn Meditron Master Elite,71.0,0,0,1,0.61536473,0.2319276,0,0,adulto
ICB_03645_019,ICB_166,copd,WelchAllyn Meditron Master Elite,71.0,0,0,1,0.6621934,0.33745456,0,0,adulto
ICB_03645_020,ICB_166,copd,WelchAllyn Meditron Master Elite,71.0,0,0,1,0.67491126,0.34976807,0,0,adulto
ICB_03645_021,ICB_166,copd,WelchAllyn Meditron Master Elite,71.0,0,0,1,0.6684886,0.4285503,0,0,adulto
ICB_03645_022,ICB_166,copd,WelchAllyn Meditron Master Elite,71.0,0,0,1,0.5429184,0.26945898,0,0,adulto
ICB_03645_023,ICB_166,copd,WelchAllyn Meditron Master Elite,71.0,0,0,1,0.76105845,0.43296114,1,0,adulto
ICB_03772_000,ICB_178,copd,AKG C417L Microphone,58.0,0,0,1,0.18602845,0.07550066,0,0,adulto
ICB_03772_001,ICB_178,copd,AKG C417L Microphone,58.0,0,1,1,0.5288664,0.2182819,0,2,adulto
ICB_03772_002,ICB_178,copd,AKG C417L Microphone,58.0,0,1,1,0.66154647,0.9978956,2,2,adulto
ICB_03772_003,ICB_178,copd,AKG C417L Microphone,58.0,0,1,1,0.5649835,0.7574423,2,2,adulto
ICB_03772_004,ICB_178,copd,AKG C417L Microphone,58.0,0,1,1,0.5064337,0.04201012,0,2,adulto
ICB_03772_005,ICB_178,copd,AKG C417L Microphone,58.0,0,0,1,0.1392401,0.041953973,0,0,adulto
ICB_03772_006,ICB_178,copd,AKG C417L Microphone,58.0,0,0,1,0.53321236,0.03963699,0,0,adulto
ICB_03772_007,ICB_178,copd,AKG C417L Microphone,58.0,0,1,1,0.6489092,0.75326204,2,2,adulto
ICB_03772_008,ICB_178,copd,AKG C417L Microphone,58.0,0,1,1,0.5390195,0.47808498,0,2,adulto
ICB_03772_009,ICB_178,copd,AKG C417L Microphone,58.0,0,0,1,0.38477308,0.051187623,0,0,adulto
ICB_03772_010,ICB_178,copd,AKG C417L Microphone,58.0,0,0,1,0.45558062,0.0354338,0,0,adulto
ICB_03772_011,ICB_178,copd,AKG C417L Microphone,58.0,0,0,1,0.37877667,0.096194044,0,0,adulto
ICB_03773_000,ICB_178,copd,AKG C417L Microphone,58.0,1,1,1,0.25153843,0.86122596,2,3,adulto
ICB_03773_001,ICB_178,copd,AKG C417L Microphone,58.0,0,1,1,0.6543281,0.8718157,2,2,adulto
ICB_03773_002,ICB_178,copd,AKG C417L Microphone,58.0,0,1,1,0.73182946,0.9999261,2,2,adulto
ICB_03773_003,ICB_178,copd,AKG C417L Microphone,58.0,0,0,1,0.7089393,0.99858654,2,0,adulto
ICB_03773_004,ICB_178,copd,AKG C417L Microphone,58.0,0,1,1,0.6355997,0.93354005,2,2,adulto
ICB_03773_005,ICB_178,copd,AKG C417L Microphone,58.0,0,1,1,0.15474407,0.029727528,0,2,adulto
ICB_03773_006,ICB_178,copd,AKG C417L Microphone,58.0,0,0,1,0.5755094,0.03867982,0,0,adulto
ICB_03773_007,ICB_178,copd,AKG C417L Microphone,58.0,0,1,1,0.76887023,0.99885035,3,2,adulto
ICB_03773_008,ICB_178,copd,AKG C417L Microphone,58.0,1,0,1,0.6026016,0.1604328,0,1,adulto
ICB_03773_009,ICB_178,copd,AKG C417L Microphone,58.0,0,0,1,0.51606697,0.06155599,0,0,adulto
ICB_03773_010,ICB_178,copd,AKG C417L Microphone,58.0,0,0,1,0.5278233,0.04398414,0,0,adulto
ICB_03773_011,ICB_178,copd,AKG C417L Microphone,58.0,1,0,1,0.2939583,0.062402654,0,1,adulto
ICB_03774_000,ICB_178,copd,AKG C417L Microphone,58.0,0,1,1,0.52396804,0.39416617,0,2,adulto
ICB_03774_001,ICB_178,copd,AKG C417L Microphone,58.0,1,1,1,0.8148505,0.19580266,1,3,adulto
ICB_03774_002,ICB_178,copd,AKG C417L Microphone,58.0,1,1,1,0.7245803,0.78859156,2,3,adulto
ICB_03774_003,ICB_178,copd,AKG C417L Microphone,58.0,0,1,1,0.7396892,0.16722174,0,2,adulto
ICB_03774_004,ICB_178,copd,AKG C417L Microphone,58.0,0,1,1,0.7782179,0.16864634,1,2,adulto
ICB_03774_005,ICB_178,copd,AKG C417L Microphone,58.0,0,0,1,0.21948685,0.4141877,0,0,adulto
ICB_03774_006,ICB_178,copd,AKG C417L Microphone,58.0,1,0,1,0.7281159,0.06703387,0,1,adulto
ICB_03774_007,ICB_178,copd,AKG C417L Microphone,58.0,1,1,1,0.8229061,0.54354596,1,3,adulto
ICB_03774_008,ICB_178,copd,AKG C417L Microphone,58.0,1,0,1,0.74093467,0.07036667,0,1,adulto
ICB_03774_009,ICB_178,copd,AKG C417L Microphone,58.0,1,0,1,0.8633882,0.5166893,1,1,adulto
ICB_03774_010,ICB_178,copd,AKG C417L Microphone,58.0,1,0,1,0.80832815,0.09557368,1,1,adulto
ICB_03774_011,ICB_178,copd,AKG C417L Microphone,58.0,1,0,1,0.8708775,0.1425752,1,1,adulto
ICB_03775_000,ICB_178,copd,AKG C417L Microphone,58.0,1,0,1,0.6187471,0.07542174,0,1,adulto
ICB_03775_001,ICB_178,copd,AKG C417L Microphone,58.0,1,0,1,0.78598255,0.07117458,1,1,adulto
ICB_03775_002,ICB_178,copd,AKG C417L Microphone,58.0,1,0,1,0.7760053,0.14610069,1,1,adulto
ICB_03775_003,ICB_178,copd,AKG C417L Microphone,58.0,1,0,1,0.6754998,0.12854406,0,1,adulto
ICB_03775_004,ICB_178,copd,AKG C417L Microphone,58.0,1,0,1,0.610202,0.08232036,0,1,adulto
ICB_03775_005,ICB_178,copd,AKG C417L Microphone,58.0,1,0,1,0.25225213,0.11835828,0,1,adulto
ICB_03775_006,ICB_178,copd,AKG C417L Microphone,58.0,1,0,1,0.57339025,0.11037031,0,1,adulto
ICB_03775_007,ICB_178,copd,AKG C417L Microphone,58.0,1,0,1,0.7041553,0.10495594,0,1,adulto
ICB_03775_008,ICB_178,copd,AKG C417L Microphone,58.0,1,0,1,0.7683176,0.096295826,1,1,adulto
ICB_03775_009,ICB_178,copd,AKG C417L Microphone,58.0,1,0,1,0.70976406,0.1086512,0,1,adulto
ICB_03775_010,ICB_178,copd,AKG C417L Microphone,58.0,1,0,1,0.7815183,0.06399192,1,1,adulto
ICB_03775_011,ICB_178,copd,AKG C417L Microphone,58.0,1,0,1,0.6805645,0.14004233,0,1,adulto
ICB_03776_000,ICB_178,copd,AKG C417L Microphone,58.0,0,0,1,0.18059306,0.07766507,0,0,adulto
ICB_03776_001,ICB_178,copd,AKG C417L Microphone,58.0,0,1,1,0.70201516,0.24023314,0,2,adulto
ICB_03776_002,ICB_178,copd,AKG C417L Microphone,58.0,1,1,1,0.64926887,0.6993046,0,3,adulto
ICB_03776_003,ICB_178,copd,AKG C417L Microphone,58.0,0,1,1,0.4493557,0.22539784,0,2,adulto
ICB_03776_004,ICB_178,copd,AKG C417L Microphone,58.0,0,1,1,0.55899614,0.6082371,0,2,adulto
ICB_03776_005,ICB_178,copd,AKG C417L Microphone,58.0,0,1,1,0.14083892,0.05120401,0,2,adulto
ICB_03776_006,ICB_178,copd,AKG C417L Microphone,58.0,0,0,1,0.68887955,0.10966388,0,0,adulto
ICB_03776_007,ICB_178,copd,AKG C417L Microphone,58.0,0,1,1,0.6914961,0.64178985,0,2,adulto
ICB_03776_008,ICB_178,copd,AKG C417L Microphone,58.0,0,0,1,0.627091,0.10958556,0,0,adulto
ICB_03776_009,ICB_178,copd,AKG C417L Microphone,58.0,0,0,1,0.5541078,0.15633297,0,0,adulto
ICB_03776_010,ICB_178,copd,AKG C417L Microphone,58.0,0,0,1,0.676267,0.07341236,0,0,adulto
ICB_03776_011,ICB_178,copd,AKG C417L Microphone,58.0,0,0,1,0.65645194,0.12863804,0,0,adulto
ICB_03777_000,ICB_178,copd,AKG C417L Microphone,58.0,0,0,1,0.19044955,0.037676755,0,0,adulto
ICB_03777_001,ICB_178,copd,AKG C417L Microphone,58.0,0,1,1,0.361546,0.07692706,0,2,adulto
ICB_03777_002,ICB_178,copd,AKG C417L Microphone,58.0,0,1,1,0.40920952,0.9945687,2,2,adulto
ICB_03777_003,ICB_178,copd,AKG C417L Microphone,58.0,0,1,1,0.39722466,0.28409404,0,2,adulto
ICB_03777_004,ICB_178,copd,AKG C417L Microphone,58.0,0,0,1,0.36319837,0.030691678,0,0,adulto
ICB_03777_005,ICB_178,copd,AKG C417L Microphone,58.0,0,0,1,0.32026377,0.069855876,0,0,adulto
ICB_03777_006,ICB_178,copd,AKG C417L Microphone,58.0,0,0,1,0.518376,0.03748449,0,0,adulto
ICB_03777_007,ICB_178,copd,AKG C417L Microphone,58.0,0,1,1,0.38657773,0.33421925,0,2,adulto
ICB_03777_008,ICB_178,copd,AKG C417L Microphone,58.0,0,1,1,0.40602782,0.12686233,0,2,adulto
ICB_03777_009,ICB_178,copd,AKG C417L Microphone,58.0,0,0,1,0.36987948,0.041905858,0,0,adulto
ICB_03777_010,ICB_178,copd,AKG C417L Microphone,58.0,0,0,1,0.45163018,0.041928858,0,0,adulto
ICB_03777_011,ICB_178,copd,AKG C417L Microphone,58.0,0,0,1,0.33988732,0.04302585,0,0,adulto
ICB_03778_000,ICB_178,copd,AKG C417L Microphone,58.0,1,1,1,0.4248303,0.0445172,0,3,adulto
ICB_03778_001,ICB_178,copd,AKG C417L Microphone,58.0,1,1,1,0.5475029,0.17186856,0,3,adulto
ICB_03778_002,ICB_178,copd,AKG C417L Microphone,58.0,0,1,1,0.69546056,0.17033827,0,2,adulto
ICB_03778_003,ICB_178,copd,AKG C417L Microphone,58.0,0,0,1,0.57799673,0.047117822,0,0,adulto
ICB_03778_004,ICB_178,copd,AKG C417L Microphone,58.0,0,0,1,0.56285816,0.050063983,0,0,adulto
ICB_03779_000,ICB_178,copd,AKG C417L Microphone,58.0,1,0,1,0.29186177,0.0407553,0,1,adulto
ICB_03779_001,ICB_178,copd,AKG C417L Microphone,58.0,1,0,1,0.41435447,0.09124677,0,1,adulto
ICB_03779_002,ICB_178,copd,AKG C417L Microphone,58.0,1,1,1,0.35128415,0.073149785,0,3,adulto
ICB_03779_003,ICB_178,copd,AKG C417L Microphone,58.0,1,0,1,0.49468553,0.09623586,0,1,adulto
ICB_03779_004,ICB_178,copd,AKG C417L Microphone,58.0,1,0,1,0.36946285,0.030137466,0,1,adulto
ICB_03780_000,ICB_178,copd,AKG C417L Microphone,58.0,0,0,1,0.8916834,0.088443615,1,0,adulto
ICB_03780_001,ICB_178,copd,AKG C417L Microphone,58.0,0,0,1,0.89964736,0.09928015,1,0,adulto
ICB_03780_002,ICB_178,copd,AKG C417L Microphone,58.0,0,0,1,0.8582592,0.07894861,1,0,adulto
ICB_03780_003,ICB_178,copd,AKG C417L Microphone,58.0,0,0,1,0.9110335,0.124145254,1,0,adulto
ICB_03780_004,ICB_178,copd,AKG C417L Microphone,58.0,0,0,1,0.88729596,0.07716471,1,0,adulto
ICB_03781_000,ICB_178,copd,AKG C417L Microphone,58.0,0,0,1,0.81939495,0.0521154,1,0,adulto
ICB_03781_001,ICB_178,copd,AKG C417L Microphone,58.0,0,0,1,0.7997504,0.04278655,1,0,adulto
ICB_03781_002,ICB_178,copd,AKG C417L Microphone,58.0,0,0,1,0.85020715,0.022547353,1,0,adulto
ICB_03781_003,ICB_178,copd,AKG C417L Microphone,58.0,0,0,1,0.8709246,0.08504576,1,0,adulto
ICB_03781_004,ICB_178,copd,AKG C417L Microphone,58.0,0,0,1,0.728861,0.09511745,0,0,adulto
ICB_03782_000,ICB_178,copd,AKG C417L Microphone,58.0,0,0,1,0.75983465,0.1338541,1,0,adulto
ICB_03782_001,ICB_178,copd,AKG C417L Microphone,58.0,0,0,1,0.6556422,0.048910744,0,0,adulto
ICB_03782_002,ICB_178,copd,AKG C417L Microphone,58.0,0,0,1,0.4212156,0.053822074,0,0,adulto
ICB_03782_003,ICB_178,copd,AKG C417L Microphone,58.0,0,0,1,0.65380913,0.062562734,0,0,adulto
ICB_03782_004,ICB_178,copd,AKG C417L Microphone,58.0,0,0,1,0.59224164,0.069543004,0,0,adulto
ICB_03783_000,ICB_178,copd,AKG C417L Microphone,58.0,0,0,1,0.49075237,0.05809645,0,0,adulto
ICB_03783_001,ICB_178,copd,AKG C417L Microphone,58.0,0,0,1,0.48146904,0.09760818,0,0,adulto
ICB_03783_002,ICB_178,copd,AKG C417L Microphone,58.0,1,0,1,0.56351924,0.050749645,0,1,adulto
ICB_03783_003,ICB_178,copd,AKG C417L Microphone,58.0,0,0,1,0.56624925,0.04950388,0,0,adulto
ICB_03783_004,ICB_178,copd,AKG C417L Microphone,58.0,0,0,1,0.600212,0.028015101,0,0,adulto
ICB_03784_000,ICB_178,copd,AKG C417L Microphone,58.0,0,0,1,0.3443659,0.061491605,0,0,adulto
ICB_03784_001,ICB_178,copd,AKG C417L Microphone,58.0,0,0,1,0.49323875,0.86277413,2,0,adulto
ICB_03784_002,ICB_178,copd,AKG C417L Microphone,58.0,0,0,1,0.58459014,0.08786515,0,0,adulto
ICB_03784_003,ICB_178,copd,AKG C417L Microphone,58.0,0,0,1,0.07834165,0.597837,0,0,adulto
ICB_03784_004,ICB_178,copd,AKG C417L Microphone,58.0,0,0,1,0.5621978,0.10952356,0,0,adulto
ICB_03784_005,ICB_178,copd,AKG C417L Microphone,58.0,0,0,1,0.59647965,0.074352905,0,0,adulto
ICB_03784_006,ICB_178,copd,AKG C417L Microphone,58.0,0,0,1,0.5392067,0.059795484,0,0,adulto
ICB_03784_007,ICB_178,copd,AKG C417L Microphone,58.0,0,0,1,0.54520077,0.08548875,0,0,adulto
ICB_03785_000,ICB_178,copd,AKG C417L Microphone,58.0,1,0,1,0.3146401,0.1616143,0,1,adulto
ICB_03785_001,ICB_178,copd,AKG C417L Microphone,58.0,1,0,1,0.36589926,0.99320036,2,1,adulto
ICB_03785_002,ICB_178,copd,AKG C417L Microphone,58.0,1,0,1,0.39332965,0.1484133,0,1,adulto
ICB_03785_003,ICB_178,copd,AKG C417L Microphone,58.0,1,0,1,0.031607848,0.91646236,2,1,adulto
ICB_03785_004,ICB_178,copd,AKG C417L Microphone,58.0,1,0,1,0.37291998,0.118877284,0,1,adulto
ICB_03785_005,ICB_178,copd,AKG C417L Microphone,58.0,1,0,1,0.30243757,0.087071516,0,1,adulto
ICB_03785_006,ICB_178,copd,AKG C417L Microphone,58.0,1,0,1,0.15376918,0.05551823,0,1,adulto
ICB_03785_007,ICB_178,copd,AKG C417L Microphone,58.0,1,0,1,0.19954309,0.09132501,0,1,adulto
ICB_03786_000,ICB_178,copd,AKG C417L Microphone,58.0,0,1,1,0.6531932,0.22876815,0,2,adulto
ICB_03786_001,ICB_178,copd,AKG C417L Microphone,58.0,0,1,1,0.52143365,0.9538133,2,2,adulto
ICB_03786_002,ICB_178,copd,AKG C417L Microphone,58.0,0,1,1,0.64426196,0.15269153,0,2,adulto
ICB_03786_003,ICB_178,copd,AKG C417L Microphone,58.0,0,1,1,0.09024034,0.42498922,0,2,adulto
ICB_03786_004,ICB_178,copd,AKG C417L Microphone,58.0,0,1,1,0.49123996,0.18136245,0,2,adulto
ICB_03786_005,ICB_178,copd,AKG C417L Microphone,58.0,0,1,1,0.7725097,0.11400371,1,2,adulto
ICB_03786_006,ICB_178,copd,AKG C417L Microphone,58.0,0,1,1,0.7039704,0.15668638,0,2,adulto
ICB_03786_007,ICB_178,copd,AKG C417L Microphone,58.0,0,1,1,0.54208255,0.2747615,0,2,adulto
ICB_03787_000,ICB_178,copd,AKG C417L Microphone,58.0,0,0,1,0.86750776,0.15731922,1,0,adulto
ICB_03787_001,ICB_178,copd,AKG C417L Microphone,58.0,0,0,1,0.83133036,0.9244566,3,0,adulto
ICB_03787_002,ICB_178,copd,AKG C417L Microphone,58.0,0,0,1,0.8245624,0.07202838,1,0,adulto
ICB_03787_003,ICB_178,copd,AKG C417L Microphone,58.0,0,0,1,0.44210392,0.750042,2,0,adulto
ICB_03787_004,ICB_178,copd,AKG C417L Microphone,58.0,0,0,1,0.7811892,0.08522175,1,0,adulto
ICB_03787_005,ICB_178,copd,AKG C417L Microphone,58.0,0,0,1,0.86082137,0.08000435,1,0,adulto
ICB_03787_006,ICB_178,copd,AKG C417L Microphone,58.0,0,0,1,0.8988067,0.043892678,1,0,adulto
ICB_03787_007,ICB_178,copd,AKG C417L Microphone,58.0,0,0,1,0.83804,0.105655715,1,0,adulto
ICB_03788_000,ICB_178,copd,AKG C417L Microphone,58.0,0,0,1,0.8088101,0.052234124,1,0,adulto
ICB_03788_001,ICB_178,copd,AKG C417L Microphone,58.0,0,0,1,0.69975734,0.88545656,2,0,adulto
ICB_03788_002,ICB_178,copd,AKG C417L Microphone,58.0,0,0,1,0.814018,0.19051684,1,0,adulto
ICB_03788_003,ICB_178,copd,AKG C417L Microphone,58.0,0,0,1,0.37906832,0.94766915,2,0,adulto
ICB_03788_004,ICB_178,copd,AKG C417L Microphone,58.0,0,0,1,0.77216065,0.38091415,1,0,adulto
ICB_03788_005,ICB_178,copd,AKG C417L Microphone,58.0,0,0,1,0.6705211,0.18494727,0,0,adulto
ICB_03788_006,ICB_178,copd,AKG C417L Microphone,58.0,0,0,1,0.70106274,0.15721557,0,0,adulto
ICB_03788_007,ICB_178,copd,AKG C417L Microphone,58.0,0,0,1,0.7237278,0.2099174,0,0,adulto
ICB_03789_000,ICB_178,copd,AKG C417L Microphone,58.0,0,0,1,0.6816704,0.055688784,0,0,adulto
ICB_03789_001,ICB_178,copd,AKG C417L Microphone,58.0,0,1,1,0.61044747,0.8743268,2,2,adulto
ICB_03789_002,ICB_178,copd,AKG C417L Microphone,58.0,0,0,1,0.70904595,0.057411984,0,0,adulto
ICB_03789_003,ICB_178,copd,AKG C417L Microphone,58.0,0,0,1,0.12931877,0.7051813,2,0,adulto
ICB_03789_004,ICB_178,copd,AKG C417L Microphone,58.0,0,0,1,0.6748994,0.09642309,0,0,adulto
ICB_03789_005,ICB_178,copd,AKG C417L Microphone,58.0,0,0,1,0.74171156,0.042908303,0,0,adulto
ICB_03789_006,ICB_178,copd,AKG C417L Microphone,58.0,0,0,1,0.75014585,0.041880507,1,0,adulto
ICB_03789_007,ICB_178,copd,AKG C417L Microphone,58.0,0,1,1,0.60950583,0.13210525,0,2,adulto
ICB_03790_000,ICB_178,copd,AKG C417L Microphone,58.0,0,0,1,0.38814506,0.046120938,0,0,adulto
ICB_03790_001,ICB_178,copd,AKG C417L Microphone,58.0,0,0,1,0.3973799,0.66725314,0,0,adulto
ICB_03790_002,ICB_178,copd,AKG C417L Microphone,58.0,0,0,1,0.4824682,0.04993909,0,0,adulto
ICB_03790_003,ICB_178,copd,AKG C417L Microphone,58.0,0,0,1,0.29267594,0.84759426,2,0,adulto
ICB_03790_004,ICB_178,copd,AKG C417L Microphone,58.0,0,0,1,0.3055216,0.021965431,0,0,adulto
ICB_03790_005,ICB_178,copd,AKG C417L Microphone,58.0,0,0,1,0.3443872,0.07511836,0,0,adulto
ICB_03790_006,ICB_178,copd,AKG C417L Microphone,58.0,0,0,1,0.34004864,0.04010271,0,0,adulto
ICB_03790_007,ICB_178,copd,AKG C417L Microphone,58.0,0,0,1,0.3454213,0.113919705,0,0,adulto
ICB_03791_000,ICB_178,copd,AKG C417L Microphone,58.0,1,0,1,0.7009925,0.12238178,0,1,adulto
ICB_03791_001,ICB_178,copd,AKG C417L Microphone,58.0,1,0,1,0.5905433,0.059780225,0,1,adulto
ICB_03791_002,ICB_178,copd,AKG C417L Microphone,58.0,1,0,1,0.57190806,0.023894735,0,1,adulto
ICB_03791_003,ICB_178,copd,AKG C417L Microphone,58.0,0,0,1,0.46043783,0.21952958,0,0,adulto
ICB_03791_004,ICB_178,copd,AKG C417L Microphone,58.0,1,0,1,0.729086,0.11925258,0,1,adulto
ICB_03791_005,ICB_178,copd,AKG C417L Microphone,58.0,0,0,1,0.56039983,0.18050843,0,0,adulto
ICB_03791_006,ICB_178,copd,AKG C417L Microphone,58.0,1,0,1,0.8129147,0.107328944,1,1,adulto
ICB_03791_007,ICB_178,copd,AKG C417L Microphone,58.0,1,0,1,0.76308304,0.12757367,1,1,adulto
ICB_03791_008,ICB_178,copd,AKG C417L Microphone,58.0,1,0,1,0.47711614,0.23742567,0,1,adulto
ICB_03791_009,ICB_178,copd,AKG C417L Microphone,58.0,0,0,1,0.79804796,0.18975505,1,0,adulto
ICB_03792_000,ICB_178,copd,AKG C417L Microphone,58.0,0,0,1,0.87281287,0.09049048,1,0,adulto
ICB_03792_001,ICB_178,copd,AKG C417L Microphone,58.0,0,0,1,0.7647994,0.052534193,1,0,adulto
ICB_03792_002,ICB_178,copd,AKG C417L Microphone,58.0,0,0,1,0.7653028,0.09512334,1,0,adulto
ICB_03792_003,ICB_178,copd,AKG C417L Microphone,58.0,1,0,1,0.8083394,0.11764477,1,1,adulto
ICB_03792_004,ICB_178,copd,AKG C417L Microphone,58.0,0,0,1,0.6745143,0.06815005,0,0,adulto
ICB_03792_005,ICB_178,copd,AKG C417L Microphone,58.0,1,0,1,0.9119937,0.086285405,1,1,adulto
ICB_03792_006,ICB_178,copd,AKG C417L Microphone,58.0,1,0,1,0.89668095,0.06408409,1,1,adulto
ICB_03792_007,ICB_178,copd,AKG C417L Microphone,58.0,1,0,1,0.7530971,0.07880724,1,1,adulto
ICB_03792_008,ICB_178,copd,AKG C417L Microphone,58.0,1,0,1,0.79189664,0.10506853,1,1,adulto
ICB_03792_009,ICB_178,copd,AKG C417L Microphone,58.0,1,0,1,0.9003857,0.12535825,1,1,adulto
ICB_03793_000,ICB_178,copd,AKG C417L Microphone,58.0,0,0,1,0.687912,0.07939365,0,0,adulto
ICB_03793_001,ICB_178,copd,AKG C417L Microphone,58.0,0,0,1,0.6356078,0.06866794,0,0,adulto
ICB_03793_002,ICB_178,copd,AKG C417L Microphone,58.0,0,0,1,0.7090617,0.07885303,0,0,adulto
ICB_03793_003,ICB_178,copd,AKG C417L Microphone,58.0,0,0,1,0.7090801,0.14812812,0,0,adulto
ICB_03793_004,ICB_178,copd,AKG C417L Microphone,58.0,0,0,1,0.692561,0.08373307,0,0,adulto
ICB_03793_005,ICB_178,copd,AKG C417L Microphone,58.0,0,0,1,0.65978354,0.17381383,0,0,adulto
ICB_03793_006,ICB_178,copd,AKG C417L Microphone,58.0,0,0,1,0.691059,0.07020713,0,0,adulto
ICB_03793_007,ICB_178,copd,AKG C417L Microphone,58.0,0,0,1,0.78398716,0.06108868,1,0,adulto
ICB_03793_008,ICB_178,copd,AKG C417L Microphone,58.0,0,0,1,0.60113573,0.052182723,0,0,adulto
ICB_03793_009,ICB_178,copd,AKG C417L Microphone,58.0,0,0,1,0.6424417,0.07508025,0,0,adulto
ICB_03794_000,ICB_178,copd,AKG C417L Microphone,58.0,0,0,1,0.81299746,0.084192164,1,0,adulto
ICB_03794_001,ICB_178,copd,AKG C417L Microphone,58.0,0,0,1,0.7496021,0.070810474,0,0,adulto
ICB_03794_002,ICB_178,copd,AKG C417L Microphone,58.0,0,0,1,0.76948524,0.04395155,1,0,adulto
ICB_03794_003,ICB_178,copd,AKG C417L Microphone,58.0,0,0,1,0.6985459,0.050063174,0,0,adulto
ICB_03794_004,ICB_178,copd,AKG C417L Microphone,58.0,0,0,1,0.7020321,0.094144896,0,0,adulto
ICB_03794_005,ICB_178,copd,AKG C417L Microphone,58.0,0,0,1,0.72209567,0.07949432,0,0,adulto
ICB_03794_006,ICB_178,copd,AKG C417L Microphone,58.0,0,0,1,0.6680683,0.086050734,0,0,adulto
ICB_03794_007,ICB_178,copd,AKG C417L Microphone,58.0,0,0,1,0.65391463,0.039066914,0,0,adulto
ICB_03794_008,ICB_178,copd,AKG C417L Microphone,58.0,0,0,1,0.3758789,0.028093874,0,0,adulto
ICB_03794_009,ICB_178,copd,AKG C417L Microphone,58.0,0,0,1,0.6670208,0.049768995,0,0,adulto
ICB_03795_000,ICB_178,copd,AKG C417L Microphone,58.0,0,0,1,0.40077007,0.08703552,0,0,adulto
ICB_03795_001,ICB_178,copd,AKG C417L Microphone,58.0,0,0,1,0.36479804,0.04300283,0,0,adulto
ICB_03795_002,ICB_178,copd,AKG C417L Microphone,58.0,0,0,1,0.58055043,0.08811272,0,0,adulto
ICB_03795_003,ICB_178,copd,AKG C417L Microphone,58.0,0,0,1,0.4270987,0.07582683,0,0,adulto
ICB_03795_004,ICB_178,copd,AKG C417L Microphone,58.0,0,0,1,0.43612978,0.10449771,0,0,adulto
ICB_03795_005,ICB_178,copd,AKG C417L Microphone,58.0,0,0,1,0.36244074,0.08711477,0,0,adulto
ICB_03795_006,ICB_178,copd,AKG C417L Microphone,58.0,0,0,1,0.47378725,0.103040904,0,0,adulto
ICB_03795_007,ICB_178,copd,AKG C417L Microphone,58.0,0,0,1,0.4524029,0.072005376,0,0,adulto
ICB_03795_008,ICB_178,copd,AKG C417L Microphone,58.0,0,0,1,0.5031993,0.095195994,0,0,adulto
ICB_03795_009,ICB_178,copd,AKG C417L Microphone,58.0,0,0,1,0.49411163,0.057126526,0,0,adulto
ICB_03810_000,ICB_184,normal_lung,3M Littmann Classic II SE,2.0,0,0,1,0.73639226,0.06268506,0,0,pediátrico (<18)
ICB_03810_001,ICB_184,normal_lung,3M Littmann Classic II SE,2.0,0,0,1,0.6077221,0.10031,0,0,pediátrico (<18)
ICB_03810_002,ICB_184,normal_lung,3M Littmann Classic II SE,2.0,0,0,1,0.6721992,0.0863589,0,0,pediátrico (<18)
ICB_03810_003,ICB_184,normal_lung,3M Littmann Classic II SE,2.0,0,0,1,0.8178803,0.042550508,1,0,pediátrico (<18)
ICB_03810_004,ICB_184,normal_lung,3M Littmann Classic II SE,2.0,0,0,1,0.54137146,0.041634016,0,0,pediátrico (<18)
ICB_03810_005,ICB_184,normal_lung,3M Littmann Classic II SE,2.0,0,0,1,0.6785016,0.052792404,0,0,pediátrico (<18)
ICB_03810_006,ICB_184,normal_lung,3M Littmann Classic II SE,2.0,0,0,1,0.78607416,0.07346588,1,0,pediátrico (<18)
ICB_03810_007,ICB_184,normal_lung,3M Littmann Classic II SE,2.0,0,0,1,0.7562556,0.07755737,1,0,pediátrico (<18)
ICB_03857_000,ICB_193,copd,AKG C417L Microphone,77.0,0,0,1,0.6717125,0.0902417,0,0,adulto
ICB_03857_001,ICB_193,copd,AKG C417L Microphone,77.0,0,1,1,0.6722638,0.83868474,2,2,adulto
ICB_03857_002,ICB_193,copd,AKG C417L Microphone,77.0,0,1,1,0.6295213,0.89541626,2,2,adulto
ICB_03857_003,ICB_193,copd,AKG C417L Microphone,77.0,0,1,1,0.7378217,0.48785523,0,2,adulto
ICB_03857_004,ICB_193,copd,AKG C417L Microphone,77.0,0,1,1,0.74631244,0.41516405,0,2,adulto
ICB_03857_005,ICB_193,copd,AKG C417L Microphone,77.0,0,1,1,0.5489405,0.6737028,0,2,adulto
ICB_03857_006,ICB_193,copd,AKG C417L Microphone,77.0,0,1,1,0.735654,0.6882868,0,2,adulto
ICB_03857_007,ICB_193,copd,AKG C417L Microphone,77.0,0,1,1,0.63106173,0.7199219,2,2,adulto
ICB_03857_008,ICB_193,copd,AKG C417L Microphone,77.0,0,1,1,0.6951594,0.6003296,0,2,adulto
ICB_03857_009,ICB_193,copd,AKG C417L Microphone,77.0,0,1,1,0.77888733,0.49167737,1,2,adulto
ICB_03857_010,ICB_193,copd,AKG C417L Microphone,77.0,0,1,1,0.67395365,0.6656639,0,2,adulto
ICB_03857_011,ICB_193,copd,AKG C417L Microphone,77.0,0,1,1,0.5746358,0.8418431,2,2,adulto
ICB_03858_000,ICB_193,copd,AKG C417L Microphone,77.0,0,0,1,0.64066577,0.22015153,0,0,adulto
ICB_03858_001,ICB_193,copd,AKG C417L Microphone,77.0,0,1,1,0.7225087,0.9906508,2,2,adulto
ICB_03858_002,ICB_193,copd,AKG C417L Microphone,77.0,0,1,1,0.53031814,0.9950399,2,2,adulto
ICB_03858_003,ICB_193,copd,AKG C417L Microphone,77.0,0,1,1,0.56555444,0.9990483,2,2,adulto
ICB_03858_004,ICB_193,copd,AKG C417L Microphone,77.0,0,1,1,0.78521717,0.9961434,3,2,adulto
ICB_03858_005,ICB_193,copd,AKG C417L Microphone,77.0,0,1,1,0.5664382,0.99360985,2,2,adulto
ICB_03858_006,ICB_193,copd,AKG C417L Microphone,77.0,0,1,1,0.55667377,0.99374455,2,2,adulto
ICB_03858_007,ICB_193,copd,AKG C417L Microphone,77.0,0,1,1,0.5329827,0.9979317,2,2,adulto
ICB_03858_008,ICB_193,copd,AKG C417L Microphone,77.0,0,1,1,0.6112802,0.9972615,2,2,adulto
ICB_03858_009,ICB_193,copd,AKG C417L Microphone,77.0,0,1,1,0.58975184,0.99473166,2,2,adulto
ICB_03858_010,ICB_193,copd,AKG C417L Microphone,77.0,0,1,1,0.5474626,0.9549351,2,2,adulto
ICB_03858_011,ICB_193,copd,AKG C417L Microphone,77.0,0,1,1,0.65532416,0.9751398,2,2,adulto
ICB_03859_000,ICB_193,copd,AKG C417L Microphone,77.0,0,0,1,0.6625567,0.058298822,0,0,adulto
ICB_03859_001,ICB_193,copd,AKG C417L Microphone,77.0,0,0,1,0.7025569,0.0806553,0,0,adulto
ICB_03859_002,ICB_193,copd,AKG C417L Microphone,77.0,0,0,1,0.6784031,0.07399083,0,0,adulto
ICB_03859_003,ICB_193,copd,AKG C417L Microphone,77.0,0,0,1,0.7059755,0.075469896,0,0,adulto
ICB_03859_004,ICB_193,copd,AKG C417L Microphone,77.0,0,0,1,0.67629725,0.07691602,0,0,adulto
ICB_03859_005,ICB_193,copd,AKG C417L Microphone,77.0,0,0,1,0.70118284,0.06908163,0,0,adulto
ICB_03859_006,ICB_193,copd,AKG C417L Microphone,77.0,0,0,1,0.68637943,0.08007436,0,0,adulto
ICB_03859_007,ICB_193,copd,AKG C417L Microphone,77.0,0,0,1,0.66275823,0.037866298,0,0,adulto
ICB_03859_008,ICB_193,copd,AKG C417L Microphone,77.0,0,0,1,0.6942207,0.09220291,0,0,adulto
ICB_03859_009,ICB_193,copd,AKG C417L Microphone,77.0,0,0,1,0.6663433,0.055743575,0,0,adulto
ICB_03859_010,ICB_193,copd,AKG C417L Microphone,77.0,0,0,1,0.47208315,0.029615536,0,0,adulto
ICB_03859_011,ICB_193,copd,AKG C417L Microphone,77.0,0,0,1,0.38351014,0.0079031335,0,0,adulto
ICB_03860_000,ICB_193,copd,AKG C417L Microphone,77.0,0,1,1,0.722895,0.5239081,0,2,adulto
ICB_03860_001,ICB_193,copd,AKG C417L Microphone,77.0,0,1,1,0.7263936,0.3703511,0,2,adulto
ICB_03860_002,ICB_193,copd,AKG C417L Microphone,77.0,0,1,1,0.7033474,0.39530322,0,2,adulto
ICB_03860_003,ICB_193,copd,AKG C417L Microphone,77.0,0,1,1,0.71056694,0.37548372,0,2,adulto
ICB_03860_004,ICB_193,copd,AKG C417L Microphone,77.0,0,1,1,0.7556698,0.58319896,1,2,adulto
ICB_03860_005,ICB_193,copd,AKG C417L Microphone,77.0,0,1,1,0.7316721,0.62159544,0,2,adulto
ICB_03860_006,ICB_193,copd,AKG C417L Microphone,77.0,0,1,1,0.70716465,0.3561888,0,2,adulto
ICB_03860_007,ICB_193,copd,AKG C417L Microphone,77.0,0,1,1,0.67042273,0.44547027,0,2,adulto
ICB_03860_008,ICB_193,copd,AKG C417L Microphone,77.0,0,1,1,0.7276004,0.64313316,0,2,adulto
ICB_03860_009,ICB_193,copd,AKG C417L Microphone,77.0,0,1,1,0.7757854,0.7778255,3,2,adulto
ICB_03860_010,ICB_193,copd,AKG C417L Microphone,77.0,0,1,1,0.7416073,0.61906,0,2,adulto
ICB_03860_011,ICB_193,copd,AKG C417L Microphone,77.0,0,1,1,0.73263246,0.3610635,0,2,adulto
ICB_03861_000,ICB_193,copd,AKG C417L Microphone,77.0,0,1,1,0.6565947,0.102803476,0,2,adulto
ICB_03861_001,ICB_193,copd,AKG C417L Microphone,77.0,0,1,1,0.68718225,0.27867642,0,2,adulto
ICB_03861_002,ICB_193,copd,AKG C417L Microphone,77.0,0,1,1,0.782505,0.35819688,1,2,adulto
ICB_03861_003,ICB_193,copd,AKG C417L Microphone,77.0,0,1,1,0.7749268,0.21899685,1,2,adulto
ICB_03861_004,ICB_193,copd,AKG C417L Microphone,77.0,0,1,1,0.7557061,0.30188227,1,2,adulto
ICB_03861_005,ICB_193,copd,AKG C417L Microphone,77.0,0,1,1,0.7637557,0.641001,1,2,adulto
ICB_03861_006,ICB_193,copd,AKG C417L Microphone,77.0,0,1,1,0.7916947,0.6967238,1,2,adulto
ICB_03861_007,ICB_193,copd,AKG C417L Microphone,77.0,0,1,1,0.70934784,0.53433865,0,2,adulto
ICB_03861_008,ICB_193,copd,AKG C417L Microphone,77.0,0,1,1,0.7524685,0.45874384,1,2,adulto
ICB_03861_009,ICB_193,copd,AKG C417L Microphone,77.0,0,1,1,0.75802225,0.3705188,1,2,adulto
ICB_03861_010,ICB_193,copd,AKG C417L Microphone,77.0,0,1,1,0.7798486,0.7044697,3,2,adulto
ICB_03861_011,ICB_193,copd,AKG C417L Microphone,77.0,0,1,1,0.7698657,0.5994845,1,2,adulto
ICB_03862_000,ICB_193,copd,AKG C417L Microphone,77.0,0,0,1,0.27533388,0.051403172,0,0,adulto
ICB_03862_001,ICB_193,copd,AKG C417L Microphone,77.0,0,1,1,0.21605112,0.11998797,0,2,adulto
ICB_03862_002,ICB_193,copd,AKG C417L Microphone,77.0,0,1,1,0.2465155,0.03255225,0,2,adulto
ICB_03862_003,ICB_193,copd,AKG C417L Microphone,77.0,0,0,1,0.18332686,0.11458134,0,0,adulto
ICB_03862_004,ICB_193,copd,AKG C417L Microphone,77.0,0,0,1,0.2986137,0.05484214,0,0,adulto
ICB_03862_005,ICB_193,copd,AKG C417L Microphone,77.0,0,1,1,0.19737351,0.0553399,0,2,adulto
ICB_03862_006,ICB_193,copd,AKG C417L Microphone,77.0,0,1,1,0.2551743,0.10453853,0,2,adulto
ICB_03862_007,ICB_193,copd,AKG C417L Microphone,77.0,0,1,1,0.20011912,0.08696954,0,2,adulto
ICB_03862_008,ICB_193,copd,AKG C417L Microphone,77.0,0,1,1,0.25098795,0.05795153,0,2,adulto
ICB_03862_009,ICB_193,copd,AKG C417L Microphone,77.0,0,1,1,0.2364734,0.091279864,0,2,adulto
ICB_03862_010,ICB_193,copd,AKG C417L Microphone,77.0,0,1,1,0.21257308,0.15615837,0,2,adulto
ICB_03862_011,ICB_193,copd,AKG C417L Microphone,77.0,0,1,1,0.24451861,0.068304725,0,2,adulto
ICB_03863_000,ICB_193,copd,AKG C417L Microphone,77.0,0,1,1,0.28834155,0.54072446,0,2,adulto
ICB_03863_001,ICB_193,copd,AKG C417L Microphone,77.0,0,1,1,0.6397344,0.90879935,2,2,adulto
ICB_03863_002,ICB_193,copd,AKG C417L Microphone,77.0,0,1,1,0.6591783,0.9123716,2,2,adulto
ICB_03863_003,ICB_193,copd,AKG C417L Microphone,77.0,0,1,1,0.76231605,0.79785544,3,2,adulto
ICB_03863_004,ICB_193,copd,AKG C417L Microphone,77.0,0,1,1,0.750685,0.6912473,1,2,adulto
ICB_03863_005,ICB_193,copd,AKG C417L Microphone,77.0,0,1,1,0.8083368,0.8310822,3,2,adulto
ICB_03863_006,ICB_193,copd,AKG C417L Microphone,77.0,0,1,1,0.62572813,0.9824426,2,2,adulto
ICB_03863_007,ICB_193,copd,AKG C417L Microphone,77.0,0,1,1,0.571846,0.8360587,2,2,adulto
ICB_03863_008,ICB_193,copd,AKG C417L Microphone,77.0,0,1,1,0.65172887,0.48002118,0,2,adulto
ICB_03863_009,ICB_193,copd,AKG C417L Microphone,77.0,0,1,1,0.6226472,0.9152707,2,2,adulto
ICB_03864_000,ICB_193,copd,AKG C417L Microphone,77.0,0,0,1,0.5260439,0.070446834,0,0,adulto
ICB_03864_001,ICB_193,copd,AKG C417L Microphone,77.0,0,0,1,0.6044087,0.22208564,0,0,adulto
ICB_03864_002,ICB_193,copd,AKG C417L Microphone,77.0,0,0,1,0.60326403,0.12811537,0,0,adulto
ICB_03864_003,ICB_193,copd,AKG C417L Microphone,77.0,0,0,1,0.6648022,0.11888745,0,0,adulto
ICB_03864_004,ICB_193,copd,AKG C417L Microphone,77.0,0,0,1,0.66402256,0.13780706,0,0,adulto
ICB_03864_005,ICB_193,copd,AKG C417L Microphone,77.0,0,0,1,0.67432284,0.13979012,0,0,adulto
ICB_03864_006,ICB_193,copd,AKG C417L Microphone,77.0,0,0,1,0.66948605,0.111590974,0,0,adulto
ICB_03864_007,ICB_193,copd,AKG C417L Microphone,77.0,0,0,1,0.6231256,0.07819225,0,0,adulto
ICB_03865_000,ICB_193,copd,AKG C417L Microphone,77.0,0,0,1,0.34549764,0.074015304,0,0,adulto
ICB_03865_001,ICB_193,copd,AKG C417L Microphone,77.0,1,0,1,0.54804814,0.0789022,0,1,adulto
ICB_03865_002,ICB_193,copd,AKG C417L Microphone,77.0,1,0,1,0.43641162,0.09684226,0,1,adulto
ICB_03865_003,ICB_193,copd,AKG C417L Microphone,77.0,1,0,1,0.49191374,0.04438121,0,1,adulto
ICB_03865_004,ICB_193,copd,AKG C417L Microphone,77.0,1,0,1,0.5345755,0.066757865,0,1,adulto
ICB_03865_005,ICB_193,copd,AKG C417L Microphone,77.0,0,0,1,0.51295966,0.08870302,0,0,adulto
ICB_03865_006,ICB_193,copd,AKG C417L Microphone,77.0,1,0,1,0.47281808,0.10773957,0,1,adulto
ICB_03865_007,ICB_193,copd,AKG C417L Microphone,77.0,1,0,1,0.568675,0.08501373,0,1,adulto
ICB_03866_000,ICB_193,copd,AKG C417L Microphone,77.0,0,0,1,0.7383614,0.067749985,0,0,adulto
ICB_03866_001,ICB_193,copd,AKG C417L Microphone,77.0,0,0,1,0.6874192,0.10234015,0,0,adulto
ICB_03866_002,ICB_193,copd,AKG C417L Microphone,77.0,0,0,1,0.71495634,0.14637128,0,0,adulto
ICB_03866_003,ICB_193,copd,AKG C417L Microphone,77.0,1,0,1,0.7503572,0.05124324,1,1,adulto
ICB_03866_004,ICB_193,copd,AKG C417L Microphone,77.0,0,0,1,0.7584815,0.088371046,1,0,adulto
ICB_03866_005,ICB_193,copd,AKG C417L Microphone,77.0,0,0,1,0.7173013,0.050699122,0,0,adulto
ICB_03866_006,ICB_193,copd,AKG C417L Microphone,77.0,0,0,1,0.7594876,0.06610513,1,0,adulto
ICB_03866_007,ICB_193,copd,AKG C417L Microphone,77.0,0,0,1,0.76499355,0.096194185,1,0,adulto
ICB_03867_000,ICB_193,copd,AKG C417L Microphone,77.0,1,0,1,0.42227706,0.054426745,0,1,adulto
ICB_03867_001,ICB_193,copd,AKG C417L Microphone,77.0,1,0,1,0.16473028,0.083269134,0,1,adulto
ICB_03867_002,ICB_193,copd,AKG C417L Microphone,77.0,1,0,1,0.45119467,0.20191145,0,1,adulto
ICB_03867_003,ICB_193,copd,AKG C417L Microphone,77.0,1,0,1,0.34723762,0.1694146,0,1,adulto
ICB_03867_004,ICB_193,copd,AKG C417L Microphone,77.0,1,0,1,0.55975676,0.1551347,0,1,adulto
ICB_03867_005,ICB_193,copd,AKG C417L Microphone,77.0,1,0,1,0.5740219,0.044352673,0,1,adulto
ICB_03867_006,ICB_193,copd,AKG C417L Microphone,77.0,1,0,1,0.46316198,0.09275806,0,1,adulto
ICB_03867_007,ICB_193,copd,AKG C417L Microphone,77.0,1,0,1,0.6186654,0.08284583,0,1,adulto
ICB_03868_000,ICB_193,copd,AKG C417L Microphone,77.0,1,0,1,0.6370439,0.05922344,0,1,adulto
ICB_03868_001,ICB_193,copd,AKG C417L Microphone,77.0,1,0,1,0.6616773,0.13569352,0,1,adulto
ICB_03868_002,ICB_193,copd,AKG C417L Microphone,77.0,1,0,1,0.71866786,0.09483476,0,1,adulto
ICB_03868_003,ICB_193,copd,AKG C417L Microphone,77.0,1,0,1,0.73353297,0.050819688,0,1,adulto
ICB_03868_004,ICB_193,copd,AKG C417L Microphone,77.0,1,0,1,0.71892965,0.13699852,0,1,adulto
ICB_03868_005,ICB_193,copd,AKG C417L Microphone,77.0,1,0,1,0.7931258,0.05720913,1,1,adulto
ICB_03868_006,ICB_193,copd,AKG C417L Microphone,77.0,1,0,1,0.7161406,0.05849594,0,1,adulto
ICB_03868_007,ICB_193,copd,AKG C417L Microphone,77.0,1,0,1,0.61448425,0.08107331,0,1,adulto
ICB_03869_000,ICB_193,copd,AKG C417L Microphone,77.0,0,0,1,0.6862064,0.21956906,0,0,adulto
ICB_03869_001,ICB_193,copd,AKG C417L Microphone,77.0,0,0,1,0.72326446,0.25181288,0,0,adulto
ICB_03869_002,ICB_193,copd,AKG C417L Microphone,77.0,0,0,1,0.68789077,0.2527616,0,0,adulto
ICB_03869_003,ICB_193,copd,AKG C417L Microphone,77.0,0,0,1,0.65320367,0.1911927,0,0,adulto
ICB_03869_004,ICB_193,copd,AKG C417L Microphone,77.0,0,0,1,0.7169068,0.23667574,0,0,adulto
ICB_03869_005,ICB_193,copd,AKG C417L Microphone,77.0,0,0,1,0.85709953,0.23390552,1,0,adulto
ICB_03869_006,ICB_193,copd,AKG C417L Microphone,77.0,0,0,1,0.81248856,0.1700829,1,0,adulto
ICB_03869_007,ICB_193,copd,AKG C417L Microphone,77.0,0,0,1,0.6557325,0.23087905,0,0,adulto
ICB_03870_000,ICB_193,copd,AKG C417L Microphone,77.0,0,0,1,0.42794758,0.080811344,0,0,adulto
ICB_03870_001,ICB_193,copd,AKG C417L Microphone,77.0,1,0,1,0.50988287,0.14098808,0,1,adulto
ICB_03870_002,ICB_193,copd,AKG C417L Microphone,77.0,1,0,1,0.44044566,0.19196096,0,1,adulto
ICB_03870_003,ICB_193,copd,AKG C417L Microphone,77.0,1,0,1,0.48073828,0.21882612,0,1,adulto
ICB_03870_004,ICB_193,copd,AKG C417L Microphone,77.0,0,0,1,0.50634414,0.22080907,0,0,adulto
ICB_03870_005,ICB_193,copd,AKG C417L Microphone,77.0,0,0,1,0.48844317,0.17365682,0,0,adulto
ICB_03870_006,ICB_193,copd,AKG C417L Microphone,77.0,1,0,1,0.45158973,0.24448694,0,1,adulto
ICB_03870_007,ICB_193,copd,AKG C417L Microphone,77.0,1,0,1,0.5868481,0.16114505,0,1,adulto
ICB_03873_000,ICB_195,copd,3M Littmann 3200 Electronic,67.0,0,1,1,0.34310398,0.27626044,0,2,adulto
ICB_03873_001,ICB_195,copd,3M Littmann 3200 Electronic,67.0,0,0,1,0.4688954,0.8928122,2,0,adulto
ICB_03873_002,ICB_195,copd,3M Littmann 3200 Electronic,67.0,0,1,1,0.4816266,0.78328574,2,2,adulto
ICB_03873_003,ICB_195,copd,3M Littmann 3200 Electronic,67.0,0,0,1,0.46113753,0.32950744,0,0,adulto
ICB_03873_004,ICB_195,copd,3M Littmann 3200 Electronic,67.0,0,0,1,0.50546044,0.7968161,2,0,adulto
ICB_03873_005,ICB_195,copd,3M Littmann 3200 Electronic,67.0,0,1,1,0.54475415,0.9471551,2,2,adulto
ICB_03873_006,ICB_195,copd,3M Littmann 3200 Electronic,67.0,0,0,1,0.5813374,0.618826,0,0,adulto
ICB_03873_007,ICB_195,copd,3M Littmann 3200 Electronic,67.0,0,1,1,0.5499165,0.71659285,2,2,adulto
ICB_03873_008,ICB_195,copd,3M Littmann 3200 Electronic,67.0,0,1,1,0.3031281,0.8097997,2,2,adulto
ICB_03873_009,ICB_195,copd,3M Littmann 3200 Electronic,67.0,0,0,1,0.37187237,0.30749962,0,0,adulto
ICB_03873_010,ICB_195,copd,3M Littmann 3200 Electronic,67.0,0,0,1,0.17146313,0.99787045,2,0,adulto
ICB_03873_011,ICB_195,copd,3M Littmann 3200 Electronic,67.0,0,0,1,0.41222954,0.99768865,2,0,adulto
ICB_03874_000,ICB_195,copd,3M Littmann 3200 Electronic,67.0,0,1,1,0.3551265,0.63031214,0,2,adulto
ICB_03874_001,ICB_195,copd,3M Littmann 3200 Electronic,67.0,0,0,1,0.35487646,0.29892024,0,0,adulto
ICB_03874_002,ICB_195,copd,3M Littmann 3200 Electronic,67.0,0,1,1,0.5332647,0.27544752,0,2,adulto
ICB_03874_003,ICB_195,copd,3M Littmann 3200 Electronic,67.0,0,0,1,0.34566537,0.6492342,0,0,adulto
ICB_03874_004,ICB_195,copd,3M Littmann 3200 Electronic,67.0,0,0,1,0.48973086,0.58443594,0,0,adulto
ICB_03874_005,ICB_195,copd,3M Littmann 3200 Electronic,67.0,0,0,1,0.44774032,0.43654153,0,0,adulto
ICB_03874_006,ICB_195,copd,3M Littmann 3200 Electronic,67.0,0,0,1,0.29380348,0.45887423,0,0,adulto
ICB_03874_007,ICB_195,copd,3M Littmann 3200 Electronic,67.0,0,0,1,0.40489,0.6946556,0,0,adulto
ICB_03874_008,ICB_195,copd,3M Littmann 3200 Electronic,67.0,0,0,1,0.54641485,0.41183263,0,0,adulto
ICB_03874_009,ICB_195,copd,3M Littmann 3200 Electronic,67.0,0,0,1,0.46539712,0.5953203,0,0,adulto
ICB_03874_010,ICB_195,copd,3M Littmann 3200 Electronic,67.0,0,0,1,0.45006168,0.9118336,2,0,adulto
ICB_03874_011,ICB_195,copd,3M Littmann 3200 Electronic,67.0,0,0,1,0.36098504,0.94205344,2,0,adulto
ICB_03874_012,ICB_195,copd,3M Littmann 3200 Electronic,67.0,0,0,1,0.36362278,0.51298326,0,0,adulto
ICB_03874_013,ICB_195,copd,3M Littmann 3200 Electronic,67.0,0,0,1,0.48135963,0.13465562,0,0,adulto
ICB_03874_014,ICB_195,copd,3M Littmann 3200 Electronic,67.0,0,0,1,0.43989313,0.32925072,0,0,adulto
ICB_03874_015,ICB_195,copd,3M Littmann 3200 Electronic,67.0,0,0,1,0.26249167,0.9913284,2,0,adulto
ICB_03874_016,ICB_195,copd,3M Littmann 3200 Electronic,67.0,0,0,1,0.28626812,0.915616,2,0,adulto
ICB_03875_000,ICB_195,copd,3M Littmann 3200 Electronic,67.0,0,1,1,0.6478361,0.42421734,0,2,adulto
ICB_03875_001,ICB_195,copd,3M Littmann 3200 Electronic,67.0,0,0,1,0.7751706,0.34384507,1,0,adulto
ICB_03875_002,ICB_195,copd,3M Littmann 3200 Electronic,67.0,1,0,1,0.7574118,0.5000372,1,1,adulto
ICB_03875_003,ICB_195,copd,3M Littmann 3200 Electronic,67.0,1,1,1,0.6027277,0.65843666,0,3,adulto
ICB_03875_004,ICB_195,copd,3M Littmann 3200 Electronic,67.0,1,1,1,0.65546715,0.7577506,2,3,adulto
ICB_03875_005,ICB_195,copd,3M Littmann 3200 Electronic,67.0,0,1,1,0.70721054,0.9993175,2,2,adulto
ICB_03875_006,ICB_195,copd,3M Littmann 3200 Electronic,67.0,1,1,1,0.6045426,0.6279807,0,3,adulto
ICB_03875_007,ICB_195,copd,3M Littmann 3200 Electronic,67.0,1,0,1,0.61207455,0.43785933,0,1,adulto
ICB_03875_008,ICB_195,copd,3M Littmann 3200 Electronic,67.0,0,0,1,0.3586847,0.99879885,2,0,adulto
ICB_03875_009,ICB_195,copd,3M Littmann 3200 Electronic,67.0,0,0,1,0.59585476,0.9985563,2,0,adulto
ICB_03875_010,ICB_195,copd,3M Littmann 3200 Electronic,67.0,1,0,1,0.439098,0.536748,0,1,adulto
ICB_03876_000,ICB_195,copd,3M Littmann 3200 Electronic,67.0,1,1,1,0.6214476,0.9266693,2,3,adulto
ICB_03876_001,ICB_195,copd,3M Littmann 3200 Electronic,67.0,0,1,1,0.48714152,0.78256494,2,2,adulto
ICB_03876_002,ICB_195,copd,3M Littmann 3200 Electronic,67.0,0,1,1,0.45879164,0.6363579,0,2,adulto
ICB_03876_003,ICB_195,copd,3M Littmann 3200 Electronic,67.0,1,1,1,0.5201389,0.6795981,0,3,adulto
ICB_03876_004,ICB_195,copd,3M Littmann 3200 Electronic,67.0,0,1,1,0.59247154,0.6177161,0,2,adulto
ICB_03876_005,ICB_195,copd,3M Littmann 3200 Electronic,67.0,0,1,1,0.68587893,0.6871112,0,2,adulto
ICB_03876_006,ICB_195,copd,3M Littmann 3200 Electronic,67.0,0,1,1,0.45308927,0.7242969,2,2,adulto
ICB_03876_007,ICB_195,copd,3M Littmann 3200 Electronic,67.0,1,0,1,0.32796198,0.9997024,2,1,adulto
ICB_03876_008,ICB_195,copd,3M Littmann 3200 Electronic,67.0,1,0,1,0.52855283,0.97231245,2,1,adulto
ICB_03877_000,ICB_195,copd,3M Littmann 3200 Electronic,67.0,0,1,1,0.5582719,0.38316476,0,2,adulto
ICB_03877_001,ICB_195,copd,3M Littmann 3200 Electronic,67.0,0,1,1,0.57161784,0.34482855,0,2,adulto
ICB_03877_002,ICB_195,copd,3M Littmann 3200 Electronic,67.0,0,0,1,0.6637626,0.45836318,0,0,adulto
ICB_03877_003,ICB_195,copd,3M Littmann 3200 Electronic,67.0,0,1,1,0.43137634,0.3504025,0,2,adulto
ICB_03877_004,ICB_195,copd,3M Littmann 3200 Electronic,67.0,0,1,1,0.47144884,0.4006285,0,2,adulto
ICB_03877_005,ICB_195,copd,3M Littmann 3200 Electronic,67.0,0,1,1,0.5198789,0.5294308,0,2,adulto
ICB_03877_006,ICB_195,copd,3M Littmann 3200 Electronic,67.0,0,1,1,0.41478857,0.94365627,2,2,adulto
ICB_03877_007,ICB_195,copd,3M Littmann 3200 Electronic,67.0,0,1,1,0.3873736,0.34243426,0,2,adulto
ICB_03877_008,ICB_195,copd,3M Littmann 3200 Electronic,67.0,0,0,1,0.24696891,0.9938566,2,0,adulto
ICB_03878_000,ICB_195,copd,3M Littmann 3200 Electronic,67.0,0,0,1,0.56092566,0.39766723,0,0,adulto
ICB_03878_001,ICB_195,copd,3M Littmann 3200 Electronic,67.0,0,0,1,0.71565276,0.82553005,2,0,adulto
ICB_03878_002,ICB_195,copd,3M Littmann 3200 Electronic,67.0,0,0,1,0.6502864,0.9297246,2,0,adulto
ICB_03878_003,ICB_195,copd,3M Littmann 3200 Electronic,67.0,0,0,1,0.58972424,0.95507294,2,0,adulto
ICB_03878_004,ICB_195,copd,3M Littmann 3200 Electronic,67.0,0,0,1,0.45545927,0.3509357,0,0,adulto
ICB_03878_005,ICB_195,copd,3M Littmann 3200 Electronic,67.0,0,0,1,0.37109154,0.815499,2,0,adulto
ICB_03878_006,ICB_195,copd,3M Littmann 3200 Electronic,67.0,0,1,1,0.47556376,0.7319431,2,2,adulto
ICB_03878_007,ICB_195,copd,3M Littmann 3200 Electronic,67.0,0,0,1,0.54227716,0.746438,2,0,adulto
ICB_03878_008,ICB_195,copd,3M Littmann 3200 Electronic,67.0,0,0,1,0.2984848,0.5380439,0,0,adulto
ICB_03878_009,ICB_195,copd,3M Littmann 3200 Electronic,67.0,0,0,1,0.55006397,0.49471015,0,0,adulto
ICB_03878_010,ICB_195,copd,3M Littmann 3200 Electronic,67.0,0,0,1,0.4831201,0.46629107,0,0,adulto
ICB_03878_011,ICB_195,copd,3M Littmann 3200 Electronic,67.0,0,0,1,0.60119945,0.25477493,0,0,adulto
ICB_03878_012,ICB_195,copd,3M Littmann 3200 Electronic,67.0,0,0,1,0.5708153,0.22799204,0,0,adulto
ICB_03878_013,ICB_195,copd,3M Littmann 3200 Electronic,67.0,0,0,1,0.45561963,0.4566221,0,0,adulto
ICB_03878_014,ICB_195,copd,3M Littmann 3200 Electronic,67.0,0,0,1,0.18476887,0.9210814,2,0,adulto
ICB_03878_015,ICB_195,copd,3M Littmann 3200 Electronic,67.0,0,0,1,0.3925497,0.9980039,2,0,adulto
ICB_03878_016,ICB_195,copd,3M Littmann 3200 Electronic,67.0,0,1,1,0.43641964,0.9967134,2,2,adulto
ICB_03880_000,ICB_197,respiratory_infection,AKG C417L Microphone,16.0,0,0,1,0.5344924,0.17136668,0,0,pediátrico (<18)
ICB_03880_001,ICB_197,respiratory_infection,AKG C417L Microphone,16.0,0,0,1,0.8700495,0.19350958,1,0,pediátrico (<18)
ICB_03880_002,ICB_197,respiratory_infection,AKG C417L Microphone,16.0,0,0,1,0.81863856,0.17651963,1,0,pediátrico (<18)
ICB_03881_000,ICB_197,respiratory_infection,AKG C417L Microphone,16.0,0,0,1,0.6177486,0.14378607,0,0,pediátrico (<18)
ICB_03881_001,ICB_197,respiratory_infection,AKG C417L Microphone,16.0,1,0,1,0.54246044,0.11220933,0,1,pediátrico (<18)
ICB_03881_002,ICB_197,respiratory_infection,AKG C417L Microphone,16.0,0,0,1,0.6813136,0.08418278,0,0,pediátrico (<18)
ICB_03881_003,ICB_197,respiratory_infection,AKG C417L Microphone,16.0,0,0,1,0.68491817,0.13778228,0,0,pediátrico (<18)
ICB_03881_004,ICB_197,respiratory_infection,AKG C417L Microphone,16.0,0,1,1,0.7889135,0.25014535,1,2,pediátrico (<18)
ICB_03898_000,ICB_200,copd,AKG C417L Microphone,72.0,0,0,1,0.71948624,0.027430113,0,0,adulto
ICB_03898_001,ICB_200,copd,AKG C417L Microphone,72.0,0,0,1,0.6914539,0.037606273,0,0,adulto
ICB_03898_002,ICB_200,copd,AKG C417L Microphone,72.0,0,0,1,0.60430074,0.06664548,0,0,adulto
ICB_03898_003,ICB_200,copd,AKG C417L Microphone,72.0,0,0,1,0.6322987,0.069060795,0,0,adulto
ICB_03898_004,ICB_200,copd,AKG C417L Microphone,72.0,0,0,1,0.6062963,0.079633705,0,0,adulto
ICB_03899_000,ICB_200,copd,AKG C417L Microphone,72.0,0,0,1,0.7531286,0.12669577,1,0,adulto
ICB_03899_001,ICB_200,copd,AKG C417L Microphone,72.0,0,0,1,0.68584466,0.13248096,0,0,adulto
ICB_03899_002,ICB_200,copd,AKG C417L Microphone,72.0,0,0,1,0.71712357,0.18193418,0,0,adulto
ICB_03899_003,ICB_200,copd,AKG C417L Microphone,72.0,0,0,1,0.7582868,0.24765722,1,0,adulto
ICB_03899_004,ICB_200,copd,AKG C417L Microphone,72.0,0,0,1,0.7401359,0.1740723,0,0,adulto
ICB_03900_000,ICB_200,copd,AKG C417L Microphone,72.0,0,0,1,0.60389507,0.04814598,0,0,adulto
ICB_03900_001,ICB_200,copd,AKG C417L Microphone,72.0,0,0,1,0.67882746,0.049600046,0,0,adulto
ICB_03900_002,ICB_200,copd,AKG C417L Microphone,72.0,0,0,1,0.85188365,0.014276753,1,0,adulto
ICB_03900_003,ICB_200,copd,AKG C417L Microphone,72.0,0,0,1,0.7647159,0.056471,1,0,adulto
ICB_03900_004,ICB_200,copd,AKG C417L Microphone,72.0,0,0,1,0.73594546,0.04566874,0,0,adulto
ICB_03901_000,ICB_200,copd,AKG C417L Microphone,72.0,0,0,1,0.7891448,0.21804063,1,0,adulto
ICB_03901_001,ICB_200,copd,AKG C417L Microphone,72.0,0,0,1,0.8054667,0.079366185,1,0,adulto
ICB_03901_002,ICB_200,copd,AKG C417L Microphone,72.0,0,0,1,0.76952654,0.07321468,1,0,adulto
ICB_03901_003,ICB_200,copd,AKG C417L Microphone,72.0,0,0,1,0.7666597,0.110325575,1,0,adulto
ICB_03901_004,ICB_200,copd,AKG C417L Microphone,72.0,0,0,1,0.8466192,0.09461915,1,0,adulto
ICB_03902_000,ICB_200,copd,AKG C417L Microphone,72.0,0,0,1,0.6925796,0.090730235,0,0,adulto
ICB_03902_001,ICB_200,copd,AKG C417L Microphone,72.0,0,0,1,0.7255976,0.08413689,0,0,adulto
ICB_03902_002,ICB_200,copd,AKG C417L Microphone,72.0,0,0,1,0.8190792,0.063596465,1,0,adulto
ICB_03902_003,ICB_200,copd,AKG C417L Microphone,72.0,1,0,1,0.8691925,0.12653875,1,1,adulto
ICB_03902_004,ICB_200,copd,AKG C417L Microphone,72.0,0,0,1,0.7791081,0.082720116,1,0,adulto
ICB_03903_000,ICB_200,copd,AKG C417L Microphone,72.0,1,0,1,0.84722435,0.07703737,1,1,adulto
ICB_03903_001,ICB_200,copd,AKG C417L Microphone,72.0,1,0,1,0.81940204,0.035316233,1,1,adulto
ICB_03903_002,ICB_200,copd,AKG C417L Microphone,72.0,1,0,1,0.78571576,0.027717855,1,1,adulto
ICB_03903_003,ICB_200,copd,AKG C417L Microphone,72.0,1,0,1,0.94191664,0.013230109,1,1,adulto
ICB_03903_004,ICB_200,copd,AKG C417L Microphone,72.0,0,0,1,0.8929358,0.018799048,1,0,adulto
ICB_03904_000,ICB_200,copd,AKG C417L Microphone,72.0,0,0,1,0.76852125,0.11918986,1,0,adulto
ICB_03904_001,ICB_200,copd,AKG C417L Microphone,72.0,0,0,1,0.66419554,0.08482811,0,0,adulto
ICB_03904_002,ICB_200,copd,AKG C417L Microphone,72.0,0,0,1,0.63635,0.06525862,0,0,adulto
ICB_03905_000,ICB_200,copd,AKG C417L Microphone,72.0,0,0,1,0.6111621,0.19748022,0,0,adulto
ICB_03905_001,ICB_200,copd,AKG C417L Microphone,72.0,0,0,1,0.6508979,0.15192506,0,0,adulto
ICB_03905_002,ICB_200,copd,AKG C417L Microphone,72.0,0,0,1,0.6729556,0.2022802,0,0,adulto
ICB_03906_000,ICB_200,copd,AKG C417L Microphone,72.0,0,0,1,0.76595086,0.07653884,1,0,adulto
ICB_03906_001,ICB_200,copd,AKG C417L Microphone,72.0,0,0,1,0.732236,0.034648485,0,0,adulto
ICB_03906_002,ICB_200,copd,AKG C417L Microphone,72.0,0,0,1,0.689538,0.034405567,0,0,adulto
ICB_03907_000,ICB_200,copd,AKG C417L Microphone,72.0,1,0,1,0.70946735,0.18448995,0,1,adulto
ICB_03907_001,ICB_200,copd,AKG C417L Microphone,72.0,0,0,1,0.7962326,0.120900795,1,0,adulto
ICB_03907_002,ICB_200,copd,AKG C417L Microphone,72.0,0,0,1,0.73979807,0.095550045,0,0,adulto
ICB_03908_000,ICB_200,copd,AKG C417L Microphone,72.0,0,0,1,0.7715506,0.06220537,1,0,adulto
ICB_03908_001,ICB_200,copd,AKG C417L Microphone,72.0,0,0,1,0.7410773,0.09179874,0,0,adulto
ICB_03908_002,ICB_200,copd,AKG C417L Microphone,72.0,0,0,1,0.69923854,0.055795364,0,0,adulto
ICB_03909_000,ICB_200,copd,AKG C417L Microphone,72.0,1,0,1,0.74145013,0.17686805,0,1,adulto
ICB_03909_001,ICB_200,copd,AKG C417L Microphone,72.0,0,0,1,0.6296141,0.14756791,0,0,adulto
ICB_03909_002,ICB_200,copd,AKG C417L Microphone,72.0,1,0,1,0.7579003,0.1741084,1,1,adulto
ICB_03910_000,ICB_200,copd,AKG C417L Microphone,72.0,0,0,1,0.6198946,0.09698649,0,0,adulto
ICB_03910_001,ICB_200,copd,AKG C417L Microphone,72.0,0,0,1,0.4913402,0.08528915,0,0,adulto
ICB_03910_002,ICB_200,copd,AKG C417L Microphone,72.0,0,0,1,0.5116011,0.02778334,0,0,adulto
ICB_03910_003,ICB_200,copd,AKG C417L Microphone,72.0,0,0,1,0.54012823,0.05063387,0,0,adulto
ICB_03910_004,ICB_200,copd,AKG C417L Microphone,72.0,0,0,1,0.46984136,0.0514838,0,0,adulto
ICB_03911_000,ICB_200,copd,AKG C417L Microphone,72.0,0,0,1,0.7736985,0.057626378,1,0,adulto
ICB_03911_001,ICB_200,copd,AKG C417L Microphone,72.0,0,0,1,0.58534634,0.031415764,0,0,adulto
ICB_03911_002,ICB_200,copd,AKG C417L Microphone,72.0,0,0,1,0.6016569,0.13225283,0,0,adulto
ICB_03911_003,ICB_200,copd,AKG C417L Microphone,72.0,0,0,1,0.65153235,0.067675404,0,0,adulto
ICB_03911_004,ICB_200,copd,AKG C417L Microphone,72.0,0,0,1,0.50933033,0.020377418,0,0,adulto
ICB_03912_000,ICB_200,copd,AKG C417L Microphone,72.0,0,0,1,0.8481795,0.0515489,1,0,adulto
ICB_03912_001,ICB_200,copd,AKG C417L Microphone,72.0,0,0,1,0.8301002,0.11340964,1,0,adulto
ICB_03912_002,ICB_200,copd,AKG C417L Microphone,72.0,0,0,1,0.8081987,0.05190897,1,0,adulto
ICB_03912_003,ICB_200,copd,AKG C417L Microphone,72.0,0,0,1,0.79536736,0.06582917,1,0,adulto
ICB_03912_004,ICB_200,copd,AKG C417L Microphone,72.0,0,0,1,0.76419073,0.061297636,1,0,adulto
ICB_03913_000,ICB_200,copd,AKG C417L Microphone,72.0,0,0,1,0.8076811,0.163509,1,0,adulto
ICB_03913_001,ICB_200,copd,AKG C417L Microphone,72.0,0,0,1,0.7634977,0.0933444,1,0,adulto
ICB_03913_002,ICB_200,copd,AKG C417L Microphone,72.0,0,0,1,0.7849131,0.04052011,1,0,adulto
ICB_03913_003,ICB_200,copd,AKG C417L Microphone,72.0,1,0,1,0.765803,0.12838432,1,1,adulto
ICB_03913_004,ICB_200,copd,AKG C417L Microphone,72.0,0,0,1,0.77352935,0.05234639,1,0,adulto
ICB_03914_000,ICB_200,copd,AKG C417L Microphone,72.0,1,0,1,0.7758531,0.066890664,1,1,adulto
ICB_03914_001,ICB_200,copd,AKG C417L Microphone,72.0,0,0,1,0.78584063,0.04725949,1,0,adulto
ICB_03914_002,ICB_200,copd,AKG C417L Microphone,72.0,0,0,1,0.7622968,0.032261174,1,0,adulto
ICB_03914_003,ICB_200,copd,AKG C417L Microphone,72.0,0,0,1,0.7305077,0.08959296,0,0,adulto
ICB_03914_004,ICB_200,copd,AKG C417L Microphone,72.0,0,0,1,0.680196,0.089224085,0,0,adulto
ICB_03915_000,ICB_200,copd,AKG C417L Microphone,72.0,0,0,1,0.7280374,0.07779964,0,0,adulto
ICB_03915_001,ICB_200,copd,AKG C417L Microphone,72.0,0,0,1,0.7719311,0.119001165,1,0,adulto
ICB_03915_002,ICB_200,copd,AKG C417L Microphone,72.0,0,0,1,0.67328835,0.08807491,0,0,adulto
ICB_03915_003,ICB_200,copd,AKG C417L Microphone,72.0,0,0,1,0.517627,0.09092352,0,0,adulto
ICB_03915_004,ICB_200,copd,AKG C417L Microphone,72.0,0,0,1,0.76204455,0.007841044,1,0,adulto
ICB_03916_000,ICB_200,copd,AKG C417L Microphone,72.0,0,0,1,0.74318796,0.1177718,0,0,adulto
ICB_03916_001,ICB_200,copd,AKG C417L Microphone,72.0,0,0,1,0.64808106,0.09784961,0,0,adulto
ICB_03916_002,ICB_200,copd,AKG C417L Microphone,72.0,0,0,1,0.46240023,0.27190128,0,0,adulto
ICB_03916_003,ICB_200,copd,AKG C417L Microphone,72.0,0,0,1,0.47278988,0.117807046,0,0,adulto
ICB_03917_000,ICB_200,copd,AKG C417L Microphone,72.0,0,0,1,0.73023677,0.05105548,0,0,adulto
ICB_03917_001,ICB_200,copd,AKG C417L Microphone,72.0,0,0,1,0.69302845,0.07692946,0,0,adulto
ICB_03917_002,ICB_200,copd,AKG C417L Microphone,72.0,0,0,1,0.58901286,0.07004343,0,0,adulto
ICB_03917_003,ICB_200,copd,AKG C417L Microphone,72.0,0,0,1,0.5656384,0.06391235,0,0,adulto
ICB_03918_000,ICB_200,copd,AKG C417L Microphone,72.0,0,0,1,0.68691504,0.10218791,0,0,adulto
ICB_03918_001,ICB_200,copd,AKG C417L Microphone,72.0,0,0,1,0.6858218,0.10893222,0,0,adulto
ICB_03918_002,ICB_200,copd,AKG C417L Microphone,72.0,0,0,1,0.7979977,0.08778947,1,0,adulto
ICB_03918_003,ICB_200,copd,AKG C417L Microphone,72.0,0,0,1,0.7314972,0.1493509,0,0,adulto
ICB_03919_000,ICB_200,copd,AKG C417L Microphone,72.0,0,0,1,0.7086608,0.086296454,0,0,adulto
ICB_03919_001,ICB_200,copd,AKG C417L Microphone,72.0,0,0,1,0.5557836,0.18790318,0,0,adulto
ICB_03919_002,ICB_200,copd,AKG C417L Microphone,72.0,0,0,1,0.61069244,0.05867833,0,0,adulto
ICB_03919_003,ICB_200,copd,AKG C417L Microphone,72.0,0,0,1,0.7591513,0.13140756,1,0,adulto
ICB_03920_000,ICB_200,copd,AKG C417L Microphone,72.0,1,0,1,0.70543075,0.14992921,0,1,adulto
ICB_03920_001,ICB_200,copd,AKG C417L Microphone,72.0,0,0,1,0.46202132,0.08682098,0,0,adulto
ICB_03920_002,ICB_200,copd,AKG C417L Microphone,72.0,0,0,1,0.56492364,0.024521332,0,0,adulto
ICB_03920_003,ICB_200,copd,AKG C417L Microphone,72.0,0,0,1,0.4798591,0.15152524,0,0,adulto
ICB_03927_000,ICB_202,normal_lung,AKG C417L Microphone,2.0,0,0,1,0.80266964,0.02992767,1,0,pediátrico (<18)
ICB_03927_001,ICB_202,normal_lung,AKG C417L Microphone,2.0,0,0,1,0.70522976,0.03554269,0,0,pediátrico (<18)
ICB_03927_002,ICB_202,normal_lung,AKG C417L Microphone,2.0,0,0,1,0.6748199,0.050311685,0,0,pediátrico (<18)
ICB_03927_003,ICB_202,normal_lung,AKG C417L Microphone,2.0,0,0,1,0.71228564,0.042782467,0,0,pediátrico (<18)
ICB_03927_004,ICB_202,normal_lung,AKG C417L Microphone,2.0,0,0,1,0.6426455,0.038848024,0,0,pediátrico (<18)
ICB_03927_005,ICB_202,normal_lung,AKG C417L Microphone,2.0,0,0,1,0.6770771,0.023329992,0,0,pediátrico (<18)
ICB_03927_006,ICB_202,normal_lung,AKG C417L Microphone,2.0,0,0,1,0.67037994,0.04605224,0,0,pediátrico (<18)
ICB_03927_007,ICB_202,normal_lung,AKG C417L Microphone,2.0,0,0,1,0.5919308,0.052100487,0,0,pediátrico (<18)
ICB_03927_008,ICB_202,normal_lung,AKG C417L Microphone,2.0,0,0,1,0.6807015,0.054308657,0,0,pediátrico (<18)
ICB_03927_009,ICB_202,normal_lung,AKG C417L Microphone,2.0,0,0,1,0.5709051,0.04108822,0,0,pediátrico (<18)
ICB_03928_000,ICB_203,copd,AKG C417L Microphone,57.0,1,0,1,0.7264031,0.09809187,0,1,adulto
ICB_03928_001,ICB_203,copd,AKG C417L Microphone,57.0,1,0,1,0.7700356,0.13991319,1,1,adulto
ICB_03928_002,ICB_203,copd,AKG C417L Microphone,57.0,1,0,1,0.78914016,0.089757785,1,1,adulto
ICB_03928_003,ICB_203,copd,AKG C417L Microphone,57.0,1,0,1,0.7869866,0.11925186,1,1,adulto
ICB_03928_004,ICB_203,copd,AKG C417L Microphone,57.0,1,0,1,0.8237867,0.05076464,1,1,adulto
ICB_03928_005,ICB_203,copd,AKG C417L Microphone,57.0,1,1,1,0.7587006,0.13313223,1,3,adulto
ICB_03928_006,ICB_203,copd,AKG C417L Microphone,57.0,1,0,1,0.71431005,0.1423811,0,1,adulto
ICB_03928_007,ICB_203,copd,AKG C417L Microphone,57.0,1,0,1,0.7559103,0.11978453,1,1,adulto
ICB_03928_008,ICB_203,copd,AKG C417L Microphone,57.0,1,0,1,0.6854463,0.06548575,0,1,adulto
ICB_03928_009,ICB_203,copd,AKG C417L Microphone,57.0,0,0,1,0.687366,0.07601716,0,0,adulto
ICB_03929_000,ICB_203,copd,AKG C417L Microphone,57.0,1,0,1,0.8718137,0.059372872,1,1,adulto
ICB_03929_001,ICB_203,copd,AKG C417L Microphone,57.0,1,0,1,0.7858279,0.14295766,1,1,adulto
ICB_03929_002,ICB_203,copd,AKG C417L Microphone,57.0,1,0,1,0.85821897,0.07137241,1,1,adulto
ICB_03929_003,ICB_203,copd,AKG C417L Microphone,57.0,1,0,1,0.7975438,0.0946795,1,1,adulto
ICB_03929_004,ICB_203,copd,AKG C417L Microphone,57.0,1,0,1,0.82043046,0.057165723,1,1,adulto
ICB_03929_005,ICB_203,copd,AKG C417L Microphone,57.0,1,0,1,0.7904615,0.07618354,1,1,adulto
ICB_03929_006,ICB_203,copd,AKG C417L Microphone,57.0,1,0,1,0.8481758,0.09933116,1,1,adulto
ICB_03929_007,ICB_203,copd,AKG C417L Microphone,57.0,1,0,1,0.8433363,0.12591472,1,1,adulto
ICB_03929_008,ICB_203,copd,AKG C417L Microphone,57.0,1,0,1,0.8356106,0.05580403,1,1,adulto
ICB_03929_009,ICB_203,copd,AKG C417L Microphone,57.0,1,0,1,0.7476751,0.043408062,0,1,adulto
ICB_03930_000,ICB_203,copd,AKG C417L Microphone,57.0,1,1,1,0.92257184,0.028848942,1,3,adulto
ICB_03930_001,ICB_203,copd,AKG C417L Microphone,57.0,1,1,1,0.7461404,0.06583247,0,3,adulto
ICB_03930_002,ICB_203,copd,AKG C417L Microphone,57.0,1,0,1,0.80362135,0.052560464,1,1,adulto
ICB_03930_003,ICB_203,copd,AKG C417L Microphone,57.0,1,1,1,0.7038526,0.06924338,0,3,adulto
ICB_03930_004,ICB_203,copd,AKG C417L Microphone,57.0,1,0,1,0.6471327,0.11164104,0,1,adulto
ICB_03930_005,ICB_203,copd,AKG C417L Microphone,57.0,1,0,1,0.59100914,0.025697634,0,1,adulto
ICB_03930_006,ICB_203,copd,AKG C417L Microphone,57.0,1,1,1,0.7321005,0.0444481,0,3,adulto
ICB_03930_007,ICB_203,copd,AKG C417L Microphone,57.0,1,1,1,0.67053914,0.058681514,0,3,adulto
ICB_03930_008,ICB_203,copd,AKG C417L Microphone,57.0,0,0,1,0.42584637,0.104690924,0,0,adulto
ICB_03930_009,ICB_203,copd,AKG C417L Microphone,57.0,1,0,1,0.6114576,0.014579413,0,1,adulto
ICB_03931_000,ICB_203,copd,AKG C417L Microphone,57.0,1,0,1,0.7988952,0.10327276,1,1,adulto
ICB_03931_001,ICB_203,copd,AKG C417L Microphone,57.0,1,0,1,0.7465199,0.120771796,0,1,adulto
ICB_03931_002,ICB_203,copd,AKG C417L Microphone,57.0,1,0,1,0.803021,0.16581365,1,1,adulto
ICB_03931_003,ICB_203,copd,AKG C417L Microphone,57.0,0,0,1,0.77349836,0.13299428,1,0,adulto
ICB_03931_004,ICB_203,copd,AKG C417L Microphone,57.0,1,0,1,0.8271765,0.08198398,1,1,adulto
ICB_03931_005,ICB_203,copd,AKG C417L Microphone,57.0,1,0,1,0.7723152,0.060130734,1,1,adulto
ICB_03931_006,ICB_203,copd,AKG C417L Microphone,57.0,1,0,1,0.78819764,0.09507903,1,1,adulto
ICB_03931_007,ICB_203,copd,AKG C417L Microphone,57.0,1,0,1,0.7732088,0.10397546,1,1,adulto
ICB_03931_008,ICB_203,copd,AKG C417L Microphone,57.0,1,0,1,0.760797,0.053892482,1,1,adulto
ICB_03931_009,ICB_203,copd,AKG C417L Microphone,57.0,0,0,1,0.68258333,0.057579126,0,0,adulto
ICB_03932_000,ICB_203,copd,AKG C417L Microphone,57.0,0,0,1,0.66178584,0.04977381,0,0,adulto
ICB_03932_001,ICB_203,copd,AKG C417L Microphone,57.0,1,0,1,0.68736166,0.12013996,0,1,adulto
ICB_03932_002,ICB_203,copd,AKG C417L Microphone,57.0,0,0,1,0.7494755,0.11881469,0,0,adulto
ICB_03932_003,ICB_203,copd,AKG C417L Microphone,57.0,0,0,1,0.69788384,0.17145221,0,0,adulto
ICB_03932_004,ICB_203,copd,AKG C417L Microphone,57.0,0,0,1,0.7416406,0.14187334,0,0,adulto
ICB_03932_005,ICB_203,copd,AKG C417L Microphone,57.0,0,0,1,0.67318815,0.12228981,0,0,adulto
ICB_03932_006,ICB_203,copd,AKG C417L Microphone,57.0,0,0,1,0.67828166,0.09848025,0,0,adulto
ICB_03932_007,ICB_203,copd,AKG C417L Microphone,57.0,1,0,1,0.6563079,0.11192018,0,1,adulto
ICB_03932_008,ICB_203,copd,AKG C417L Microphone,57.0,0,0,1,0.66919774,0.096779585,0,0,adulto
ICB_03932_009,ICB_203,copd,AKG C417L Microphone,57.0,0,0,1,0.59202635,0.04969668,0,0,adulto
ICB_03933_000,ICB_203,copd,AKG C417L Microphone,57.0,0,0,1,0.58387977,0.12010173,0,0,adulto
ICB_03933_001,ICB_203,copd,AKG C417L Microphone,57.0,0,0,1,0.59787995,0.14856051,0,0,adulto
ICB_03933_002,ICB_203,copd,AKG C417L Microphone,57.0,0,0,1,0.68101287,0.18763076,0,0,adulto
ICB_03933_003,ICB_203,copd,AKG C417L Microphone,57.0,0,0,1,0.5775384,0.16765332,0,0,adulto
ICB_03933_004,ICB_203,copd,AKG C417L Microphone,57.0,0,1,1,0.7241038,0.9315662,2,2,adulto
ICB_03933_005,ICB_203,copd,AKG C417L Microphone,57.0,0,1,1,0.7722773,0.800576,3,2,adulto
ICB_03933_006,ICB_203,copd,AKG C417L Microphone,57.0,0,0,1,0.68874794,0.13851428,0,0,adulto
ICB_03933_007,ICB_203,copd,AKG C417L Microphone,57.0,0,0,1,0.6321184,0.21031694,0,0,adulto
ICB_03933_008,ICB_203,copd,AKG C417L Microphone,57.0,0,0,1,0.568566,0.111593306,0,0,adulto
ICB_03933_009,ICB_203,copd,AKG C417L Microphone,57.0,0,0,1,0.5524593,0.23177876,0,0,adulto
ICB_03934_000,ICB_203,copd,AKG C417L Microphone,57.0,1,0,1,0.73502856,0.14734384,0,1,adulto
ICB_03934_001,ICB_203,copd,AKG C417L Microphone,57.0,1,0,1,0.68147594,0.13326305,0,1,adulto
ICB_03934_002,ICB_203,copd,AKG C417L Microphone,57.0,1,0,1,0.7313093,0.23441352,0,1,adulto
ICB_03934_003,ICB_203,copd,AKG C417L Microphone,57.0,0,0,1,0.6634011,0.12280185,0,0,adulto
ICB_03934_004,ICB_203,copd,AKG C417L Microphone,57.0,1,0,1,0.67403644,0.34571594,0,1,adulto
ICB_03934_005,ICB_203,copd,AKG C417L Microphone,57.0,1,0,1,0.6680543,0.18016548,0,1,adulto
ICB_03934_006,ICB_203,copd,AKG C417L Microphone,57.0,1,0,1,0.7417948,0.2574655,0,1,adulto
ICB_03934_007,ICB_203,copd,AKG C417L Microphone,57.0,1,0,1,0.6956228,0.14323081,0,1,adulto
ICB_03934_008,ICB_203,copd,AKG C417L Microphone,57.0,1,0,1,0.6784054,0.21664283,0,1,adulto
ICB_03934_009,ICB_203,copd,AKG C417L Microphone,57.0,0,0,1,0.73559695,0.117259435,0,0,adulto
ICB_03935_000,ICB_203,copd,AKG C417L Microphone,57.0,1,0,1,0.66930526,0.14149003,0,1,adulto
ICB_03935_001,ICB_203,copd,AKG C417L Microphone,57.0,1,0,1,0.69105,0.08443487,0,1,adulto
ICB_03935_002,ICB_203,copd,AKG C417L Microphone,57.0,1,0,1,0.7398531,0.09183518,0,1,adulto
ICB_03935_003,ICB_203,copd,AKG C417L Microphone,57.0,1,1,1,0.78327096,0.14229353,1,3,adulto
ICB_03935_004,ICB_203,copd,AKG C417L Microphone,57.0,1,0,1,0.7469874,0.16840686,0,1,adulto
ICB_03935_005,ICB_203,copd,AKG C417L Microphone,57.0,1,0,1,0.70182455,0.1289041,0,1,adulto
ICB_03935_006,ICB_203,copd,AKG C417L Microphone,57.0,1,0,1,0.73148113,0.07251495,0,1,adulto
ICB_03935_007,ICB_203,copd,AKG C417L Microphone,57.0,1,0,1,0.68127805,0.077808894,0,1,adulto
ICB_03935_008,ICB_203,copd,AKG C417L Microphone,57.0,1,0,1,0.7813614,0.075631835,1,1,adulto
ICB_03935_009,ICB_203,copd,AKG C417L Microphone,57.0,1,0,1,0.7916527,0.08896502,1,1,adulto
ICB_03936_000,ICB_203,copd,AKG C417L Microphone,57.0,0,0,1,0.6290593,0.12451386,0,0,adulto
ICB_03936_001,ICB_203,copd,AKG C417L Microphone,57.0,1,0,1,0.6602422,0.21636826,0,1,adulto
ICB_03936_002,ICB_203,copd,AKG C417L Microphone,57.0,1,0,1,0.63058984,0.15942208,0,1,adulto
ICB_03936_003,ICB_203,copd,AKG C417L Microphone,57.0,1,0,1,0.6948521,0.14903748,0,1,adulto
ICB_03936_004,ICB_203,copd,AKG C417L Microphone,57.0,1,0,1,0.57908785,0.106762715,0,1,adulto
ICB_03936_005,ICB_203,copd,AKG C417L Microphone,57.0,1,0,1,0.62107885,0.08644298,0,1,adulto
ICB_03936_006,ICB_203,copd,AKG C417L Microphone,57.0,1,0,1,0.6340571,0.12813872,0,1,adulto
ICB_03936_007,ICB_203,copd,AKG C417L Microphone,57.0,1,0,1,0.6508277,0.1027463,0,1,adulto
ICB_03936_008,ICB_203,copd,AKG C417L Microphone,57.0,1,0,1,0.65822864,0.09234501,0,1,adulto
ICB_03936_009,ICB_203,copd,AKG C417L Microphone,57.0,1,0,1,0.6301719,0.15096432,0,1,adulto
ICB_03937_000,ICB_203,copd,AKG C417L Microphone,57.0,1,0,1,0.6427491,0.14807041,0,1,adulto
ICB_03937_001,ICB_203,copd,AKG C417L Microphone,57.0,1,0,1,0.67560387,0.12177289,0,1,adulto
ICB_03937_002,ICB_203,copd,AKG C417L Microphone,57.0,1,0,1,0.65714455,0.09736264,0,1,adulto
ICB_03937_003,ICB_203,copd,AKG C417L Microphone,57.0,0,0,1,0.6638076,0.116104335,0,0,adulto
ICB_03937_004,ICB_203,copd,AKG C417L Microphone,57.0,0,0,1,0.63384354,0.06297734,0,0,adulto
ICB_03937_005,ICB_203,copd,AKG C417L Microphone,57.0,1,1,1,0.64577585,0.11040782,0,3,adulto
ICB_03937_006,ICB_203,copd,AKG C417L Microphone,57.0,1,0,1,0.6352825,0.053139795,0,1,adulto
ICB_03937_007,ICB_203,copd,AKG C417L Microphone,57.0,0,0,1,0.5829958,0.107023805,0,0,adulto
ICB_03937_008,ICB_203,copd,AKG C417L Microphone,57.0,1,0,1,0.65765715,0.08665024,0,1,adulto
ICB_03937_009,ICB_203,copd,AKG C417L Microphone,57.0,1,0,1,0.6513841,0.13702062,0,1,adulto
ICB_03938_000,ICB_203,copd,AKG C417L Microphone,57.0,0,0,1,0.49359676,0.07307027,0,0,adulto
ICB_03938_001,ICB_203,copd,AKG C417L Microphone,57.0,0,1,1,0.5398409,0.10826689,0,2,adulto
ICB_03938_002,ICB_203,copd,AKG C417L Microphone,57.0,0,0,1,0.5846956,0.081338696,0,0,adulto
ICB_03938_003,ICB_203,copd,AKG C417L Microphone,57.0,0,0,1,0.5135499,0.08859905,0,0,adulto
ICB_03938_004,ICB_203,copd,AKG C417L Microphone,57.0,0,0,1,0.5048035,0.122929156,0,0,adulto
ICB_03938_005,ICB_203,copd,AKG C417L Microphone,57.0,0,0,1,0.51701206,0.09531363,0,0,adulto
ICB_03938_006,ICB_203,copd,AKG C417L Microphone,57.0,0,0,1,0.5408928,0.09184403,0,0,adulto
ICB_03938_007,ICB_203,copd,AKG C417L Microphone,57.0,0,0,1,0.506139,0.110072225,0,0,adulto
ICB_03938_008,ICB_203,copd,AKG C417L Microphone,57.0,0,0,1,0.5946028,0.074044555,0,0,adulto
ICB_03938_009,ICB_203,copd,AKG C417L Microphone,57.0,0,0,1,0.57499284,0.12016688,0,0,adulto
ICB_03939_000,ICB_203,copd,AKG C417L Microphone,57.0,0,0,1,0.746837,0.11969081,0,0,adulto
ICB_03939_001,ICB_203,copd,AKG C417L Microphone,57.0,1,0,1,0.66374975,0.14793058,0,1,adulto
ICB_03939_002,ICB_203,copd,AKG C417L Microphone,57.0,1,0,1,0.72827756,0.09570757,0,1,adulto
ICB_03939_003,ICB_203,copd,AKG C417L Microphone,57.0,1,0,1,0.73559415,0.18651916,0,1,adulto
ICB_03939_004,ICB_203,copd,AKG C417L Microphone,57.0,0,0,1,0.6967613,0.10526334,0,0,adulto
ICB_03939_005,ICB_203,copd,AKG C417L Microphone,57.0,0,0,1,0.7219287,0.102407314,0,0,adulto
ICB_03939_006,ICB_203,copd,AKG C417L Microphone,57.0,0,0,1,0.7094888,0.07765786,0,0,adulto
ICB_03939_007,ICB_203,copd,AKG C417L Microphone,57.0,0,0,1,0.68518007,0.26141906,0,0,adulto
ICB_03939_008,ICB_203,copd,AKG C417L Microphone,57.0,0,0,1,0.6401654,0.08319202,0,0,adulto
ICB_03940_000,ICB_203,copd,AKG C417L Microphone,57.0,0,0,1,0.8159946,0.058469385,1,0,adulto
ICB_03940_001,ICB_203,copd,AKG C417L Microphone,57.0,1,0,1,0.7599057,0.1097614,1,1,adulto
ICB_03940_002,ICB_203,copd,AKG C417L Microphone,57.0,1,0,1,0.7814025,0.076437786,1,1,adulto
ICB_03940_003,ICB_203,copd,AKG C417L Microphone,57.0,1,0,1,0.8122748,0.09941203,1,1,adulto
ICB_03940_004,ICB_203,copd,AKG C417L Microphone,57.0,1,0,1,0.7544916,0.10493288,1,1,adulto
ICB_03940_005,ICB_203,copd,AKG C417L Microphone,57.0,1,0,1,0.8030623,0.0831047,1,1,adulto
ICB_03940_006,ICB_203,copd,AKG C417L Microphone,57.0,1,0,1,0.8134958,0.053313684,1,1,adulto
ICB_03940_007,ICB_203,copd,AKG C417L Microphone,57.0,0,0,1,0.7769503,0.102157414,1,0,adulto
ICB_03940_008,ICB_203,copd,AKG C417L Microphone,57.0,1,0,1,0.7037979,0.11677235,0,1,adulto
ICB_03941_000,ICB_203,copd,AKG C417L Microphone,57.0,1,0,1,0.7129113,0.10260582,0,1,adulto
ICB_03941_001,ICB_203,copd,AKG C417L Microphone,57.0,1,0,1,0.62196124,0.091390714,0,1,adulto
ICB_03941_002,ICB_203,copd,AKG C417L Microphone,57.0,1,0,1,0.65233916,0.0865271,0,1,adulto
ICB_03941_003,ICB_203,copd,AKG C417L Microphone,57.0,1,0,1,0.6658894,0.15677024,0,1,adulto
ICB_03941_004,ICB_203,copd,AKG C417L Microphone,57.0,1,0,1,0.6892037,0.14611787,0,1,adulto
ICB_03941_005,ICB_203,copd,AKG C417L Microphone,57.0,1,0,1,0.7203605,0.12063896,0,1,adulto
ICB_03941_006,ICB_203,copd,AKG C417L Microphone,57.0,1,1,1,0.6550044,0.10127497,0,3,adulto
ICB_03941_007,ICB_203,copd,AKG C417L Microphone,57.0,1,0,1,0.69402605,0.12140702,0,1,adulto
ICB_03941_008,ICB_203,copd,AKG C417L Microphone,57.0,0,0,1,0.62303543,0.12956288,0,0,adulto
ICB_03942_000,ICB_203,copd,AKG C417L Microphone,57.0,0,0,1,0.7123734,0.077877596,0,0,adulto
ICB_03942_001,ICB_203,copd,AKG C417L Microphone,57.0,1,0,1,0.6034851,0.07827737,0,1,adulto
ICB_03942_002,ICB_203,copd,AKG C417L Microphone,57.0,0,0,1,0.61713994,0.12492091,0,0,adulto
ICB_03942_003,ICB_203,copd,AKG C417L Microphone,57.0,1,0,1,0.6264311,0.08396177,0,1,adulto
ICB_03942_004,ICB_203,copd,AKG C417L Microphone,57.0,0,0,1,0.6548806,0.0882674,0,0,adulto
ICB_03942_005,ICB_203,copd,AKG C417L Microphone,57.0,0,0,1,0.6571622,0.10839234,0,0,adulto
ICB_03942_006,ICB_203,copd,AKG C417L Microphone,57.0,0,0,1,0.68594456,0.11644092,0,0,adulto
ICB_03942_007,ICB_203,copd,AKG C417L Microphone,57.0,0,0,1,0.66521835,0.09335864,0,0,adulto
ICB_03942_008,ICB_203,copd,AKG C417L Microphone,57.0,0,0,1,0.5553117,0.10423652,0,0,adulto
ICB_03943_000,ICB_203,copd,AKG C417L Microphone,57.0,0,0,1,0.39099154,0.09713268,0,0,adulto
ICB_03943_001,ICB_203,copd,AKG C417L Microphone,57.0,1,0,1,0.4604497,0.099044286,0,1,adulto
ICB_03943_002,ICB_203,copd,AKG C417L Microphone,57.0,1,0,1,0.3685183,0.119848214,0,1,adulto
ICB_03943_003,ICB_203,copd,AKG C417L Microphone,57.0,0,0,1,0.46779373,0.09996334,0,0,adulto
ICB_03943_004,ICB_203,copd,AKG C417L Microphone,57.0,0,0,1,0.42789555,0.09353824,0,0,adulto
ICB_03943_005,ICB_203,copd,AKG C417L Microphone,57.0,0,0,1,0.44592854,0.11835982,0,0,adulto
ICB_03943_006,ICB_203,copd,AKG C417L Microphone,57.0,1,0,1,0.3955289,0.09954249,0,1,adulto
ICB_03943_007,ICB_203,copd,AKG C417L Microphone,57.0,1,1,1,0.4790266,0.32546622,0,3,adulto
ICB_03943_008,ICB_203,copd,AKG C417L Microphone,57.0,0,0,1,0.41064563,0.08970118,0,0,adulto
ICB_03944_000,ICB_203,copd,AKG C417L Microphone,57.0,0,0,1,0.738963,0.15362428,0,0,adulto
ICB_03944_001,ICB_203,copd,AKG C417L Microphone,57.0,0,0,1,0.70219773,0.15155113,0,0,adulto
ICB_03944_002,ICB_203,copd,AKG C417L Microphone,57.0,0,0,1,0.697317,0.335014,0,0,adulto
ICB_03944_003,ICB_203,copd,AKG C417L Microphone,57.0,0,0,1,0.6780898,0.1041425,0,0,adulto
ICB_03944_004,ICB_203,copd,AKG C417L Microphone,57.0,0,0,1,0.7415848,0.14949259,0,0,adulto
ICB_03944_005,ICB_203,copd,AKG C417L Microphone,57.0,0,0,1,0.6530896,0.18924135,0,0,adulto
ICB_03945_000,ICB_203,copd,AKG C417L Microphone,57.0,0,0,1,0.7434888,0.09144296,0,0,adulto
ICB_03945_001,ICB_203,copd,AKG C417L Microphone,57.0,1,0,1,0.778309,0.09491363,1,1,adulto
ICB_03945_002,ICB_203,copd,AKG C417L Microphone,57.0,1,0,1,0.8477951,0.20235787,1,1,adulto
ICB_03945_003,ICB_203,copd,AKG C417L Microphone,57.0,1,0,1,0.8356767,0.10068665,1,1,adulto
ICB_03945_004,ICB_203,copd,AKG C417L Microphone,57.0,1,0,1,0.8177588,0.105003774,1,1,adulto
ICB_03945_005,ICB_203,copd,AKG C417L Microphone,57.0,1,0,1,0.77413434,0.14911757,1,1,adulto
ICB_03946_000,ICB_203,copd,AKG C417L Microphone,57.0,0,0,1,0.71296,0.39049911,0,0,adulto
ICB_03946_001,ICB_203,copd,AKG C417L Microphone,57.0,0,0,1,0.5785938,0.108181275,0,0,adulto
ICB_03946_002,ICB_203,copd,AKG C417L Microphone,57.0,1,0,1,0.58968836,0.1098512,0,1,adulto
ICB_03946_003,ICB_203,copd,AKG C417L Microphone,57.0,0,0,1,0.6824762,0.07829707,0,0,adulto
ICB_03946_004,ICB_203,copd,AKG C417L Microphone,57.0,0,0,1,0.6353411,0.10459085,0,0,adulto
ICB_03946_005,ICB_203,copd,AKG C417L Microphone,57.0,0,0,1,0.60965335,0.10253605,0,0,adulto
ICB_03947_000,ICB_203,copd,AKG C417L Microphone,57.0,0,0,1,0.71520346,0.1145294,0,0,adulto
ICB_03947_001,ICB_203,copd,AKG C417L Microphone,57.0,0,0,1,0.5913122,0.09905939,0,0,adulto
ICB_03947_002,ICB_203,copd,AKG C417L Microphone,57.0,0,0,1,0.6091491,0.12923028,0,0,adulto
ICB_03947_003,ICB_203,copd,AKG C417L Microphone,57.0,1,0,1,0.66655475,0.10761037,0,1,adulto
ICB_03947_004,ICB_203,copd,AKG C417L Microphone,57.0,0,0,1,0.65735394,0.06602859,0,0,adulto
ICB_03947_005,ICB_203,copd,AKG C417L Microphone,57.0,1,0,1,0.62930167,0.06842245,0,1,adulto
ICB_03948_000,ICB_203,copd,AKG C417L Microphone,57.0,0,0,1,0.45137715,0.16680096,0,0,adulto
ICB_03948_001,ICB_203,copd,AKG C417L Microphone,57.0,0,0,1,0.34820592,0.18170567,0,0,adulto
ICB_03948_002,ICB_203,copd,AKG C417L Microphone,57.0,0,0,1,0.46428677,0.15863954,0,0,adulto
ICB_03948_003,ICB_203,copd,AKG C417L Microphone,57.0,0,0,1,0.43807775,0.149839,0,0,adulto
ICB_03948_004,ICB_203,copd,AKG C417L Microphone,57.0,0,0,1,0.463172,0.16835216,0,0,adulto
ICB_03948_005,ICB_203,copd,AKG C417L Microphone,57.0,0,0,1,0.47882384,0.12539694,0,0,adulto
ICB_04004_000,ICB_210,respiratory_infection,3M Littmann Classic II SE,1.0,0,0,1,0.48973992,0.04980794,0,0,pediátrico (<18)
ICB_04004_001,ICB_210,respiratory_infection,3M Littmann Classic II SE,1.0,0,0,1,0.3371328,0.061203703,0,0,pediátrico (<18)
ICB_04004_002,ICB_210,respiratory_infection,3M Littmann Classic II SE,1.0,0,0,1,0.58228076,0.07161264,0,0,pediátrico (<18)
ICB_04004_003,ICB_210,respiratory_infection,3M Littmann Classic II SE,1.0,0,0,1,0.2536969,0.008297102,0,0,pediátrico (<18)
ICB_04004_004,ICB_210,respiratory_infection,3M Littmann Classic II SE,1.0,0,0,1,0.5106034,0.16131906,0,0,pediátrico (<18)
ICB_04004_005,ICB_210,respiratory_infection,3M Littmann Classic II SE,1.0,0,0,1,0.3604428,0.08687613,0,0,pediátrico (<18)
ICB_04004_006,ICB_210,respiratory_infection,3M Littmann Classic II SE,1.0,0,0,1,0.39325708,0.033515714,0,0,pediátrico (<18)
ICB_04004_007,ICB_210,respiratory_infection,3M Littmann Classic II SE,1.0,0,0,1,0.44902164,0.019701697,0,0,pediátrico (<18)
ICB_04004_008,ICB_210,respiratory_infection,3M Littmann Classic II SE,1.0,1,0,1,0.612804,0.04729048,0,1,pediátrico (<18)
ICB_04004_009,ICB_210,respiratory_infection,3M Littmann Classic II SE,1.0,0,0,1,0.40158504,0.07621179,0,0,pediátrico (<18)
ICB_04004_010,ICB_210,respiratory_infection,3M Littmann Classic II SE,1.0,0,0,1,0.4591488,0.017439926,0,0,pediátrico (<18)
ICB_04004_011,ICB_210,respiratory_infection,3M Littmann Classic II SE,1.0,0,0,1,0.35525644,0.07746092,0,0,pediátrico (<18)
ICB_04004_012,ICB_210,respiratory_infection,3M Littmann Classic II SE,1.0,0,0,1,0.24711132,0.14703874,0,0,pediátrico (<18)
ICB_04004_013,ICB_210,respiratory_infection,3M Littmann Classic II SE,1.0,0,0,1,0.27032575,0.04995954,0,0,pediátrico (<18)
ICB_04004_014,ICB_210,respiratory_infection,3M Littmann Classic II SE,1.0,0,0,1,0.5013821,0.041779052,0,0,pediátrico (<18)
ICB_04004_015,ICB_210,respiratory_infection,3M Littmann Classic II SE,1.0,0,0,1,0.3120636,0.053935144,0,0,pediátrico (<18)
ICB_04004_016,ICB_210,respiratory_infection,3M Littmann Classic II SE,1.0,0,0,1,0.37355587,0.0891333,0,0,pediátrico (<18)
ICB_04004_017,ICB_210,respiratory_infection,3M Littmann Classic II SE,1.0,0,0,1,0.3280804,0.039718896,0,0,pediátrico (<18)
ICB_04005_000,ICB_210,respiratory_infection,3M Littmann Classic II SE,1.0,0,0,1,0.4643302,0.042450167,0,0,pediátrico (<18)
ICB_04005_001,ICB_210,respiratory_infection,3M Littmann Classic II SE,1.0,0,0,1,0.43938595,0.028321784,0,0,pediátrico (<18)
ICB_04005_002,ICB_210,respiratory_infection,3M Littmann Classic II SE,1.0,0,0,1,0.5563644,0.028186915,0,0,pediátrico (<18)
ICB_04005_003,ICB_210,respiratory_infection,3M Littmann Classic II SE,1.0,0,0,1,0.2762821,0.11652237,0,0,pediátrico (<18)
ICB_04005_004,ICB_210,respiratory_infection,3M Littmann Classic II SE,1.0,0,0,1,0.44375572,0.04557151,0,0,pediátrico (<18)
ICB_04005_005,ICB_210,respiratory_infection,3M Littmann Classic II SE,1.0,1,0,1,0.54804486,0.049587563,0,1,pediátrico (<18)
ICB_04005_006,ICB_210,respiratory_infection,3M Littmann Classic II SE,1.0,0,0,1,0.50817055,0.037964523,0,0,pediátrico (<18)
ICB_04005_007,ICB_210,respiratory_infection,3M Littmann Classic II SE,1.0,0,0,1,0.404873,0.033464663,0,0,pediátrico (<18)
ICB_04005_008,ICB_210,respiratory_infection,3M Littmann Classic II SE,1.0,0,0,1,0.3934769,0.023237854,0,0,pediátrico (<18)
ICB_04005_009,ICB_210,respiratory_infection,3M Littmann Classic II SE,1.0,0,0,1,0.47248334,0.037234772,0,0,pediátrico (<18)
ICB_04005_010,ICB_210,respiratory_infection,3M Littmann Classic II SE,1.0,0,0,1,0.4325763,0.033475652,0,0,pediátrico (<18)
ICB_04005_011,ICB_210,respiratory_infection,3M Littmann Classic II SE,1.0,0,0,1,0.47107333,0.015585278,0,0,pediátrico (<18)
ICB_04005_012,ICB_210,respiratory_infection,3M Littmann Classic II SE,1.0,0,0,1,0.5774655,0.035150982,0,0,pediátrico (<18)
ICB_04054_000,ICB_220,copd,3M Littmann Classic II SE,66.0,0,0,1,0.41512826,0.06712462,0,0,adulto
ICB_04054_001,ICB_220,copd,3M Littmann Classic II SE,66.0,0,0,1,0.44082904,0.10683878,0,0,adulto
ICB_04054_002,ICB_220,copd,3M Littmann Classic II SE,66.0,0,0,1,0.46940306,0.06858061,0,0,adulto
ICB_04054_003,ICB_220,copd,3M Littmann Classic II SE,66.0,0,0,1,0.41601872,0.09071104,0,0,adulto
ICB_04054_004,ICB_220,copd,3M Littmann Classic II SE,66.0,0,0,1,0.42144153,0.07144528,0,0,adulto
ICB_04054_005,ICB_220,copd,3M Littmann Classic II SE,66.0,1,0,1,0.42985544,0.09986866,0,1,adulto
ICB_04054_006,ICB_220,copd,3M Littmann Classic II SE,66.0,1,0,1,0.47614908,0.08448567,0,1,adulto
ICB_04055_000,ICB_220,copd,3M Littmann Classic II SE,66.0,0,0,1,0.7223926,0.03650409,0,0,adulto
ICB_04055_001,ICB_220,copd,3M Littmann Classic II SE,66.0,0,0,1,0.7536069,0.17523228,1,0,adulto
ICB_04055_002,ICB_220,copd,3M Littmann Classic II SE,66.0,0,0,1,0.73158735,0.18080765,0,0,adulto
ICB_04055_003,ICB_220,copd,3M Littmann Classic II SE,66.0,0,0,1,0.7492841,0.09214832,0,0,adulto
ICB_04055_004,ICB_220,copd,3M Littmann Classic II SE,66.0,0,0,1,0.69585437,0.09023839,0,0,adulto
ICB_04055_005,ICB_220,copd,3M Littmann Classic II SE,66.0,0,0,1,0.71064895,0.06210069,0,0,adulto
ICB_04055_006,ICB_220,copd,3M Littmann Classic II SE,66.0,0,0,1,0.70951784,0.10884681,0,0,adulto
ICB_04056_000,ICB_221,copd,3M Littmann Classic II SE,74.0,0,1,1,0.5853013,0.9523154,2,2,adulto
ICB_04056_001,ICB_221,copd,3M Littmann Classic II SE,74.0,1,1,1,0.6851618,0.8601642,2,3,adulto
ICB_04056_002,ICB_221,copd,3M Littmann Classic II SE,74.0,1,1,1,0.7731381,0.9898073,3,3,adulto
ICB_04056_003,ICB_221,copd,3M Littmann Classic II SE,74.0,1,1,1,0.64604175,0.9635854,2,3,adulto
ICB_04056_004,ICB_221,copd,3M Littmann Classic II SE,74.0,1,1,1,0.6721662,0.9038549,2,3,adulto
ICB_04057_000,ICB_221,copd,3M Littmann Classic II SE,74.0,0,1,1,0.67560464,0.948769,2,2,adulto
ICB_04057_001,ICB_221,copd,3M Littmann Classic II SE,74.0,1,1,1,0.7667818,0.7421765,3,3,adulto
ICB_04057_002,ICB_221,copd,3M Littmann Classic II SE,74.0,0,1,1,0.86469674,0.90413713,3,2,adulto
ICB_04057_003,ICB_221,copd,3M Littmann Classic II SE,74.0,1,1,1,0.8117128,0.88003206,3,3,adulto
ICB_04057_004,ICB_221,copd,3M Littmann Classic II SE,74.0,1,1,1,0.76885694,0.6374539,1,3,adulto
ICB_04058_000,ICB_221,copd,3M Littmann Classic II SE,74.0,1,1,1,0.8219679,0.982534,3,3,adulto
ICB_04058_001,ICB_221,copd,3M Littmann Classic II SE,74.0,1,1,1,0.79019916,0.5276172,1,3,adulto
ICB_04058_002,ICB_221,copd,3M Littmann Classic II SE,74.0,0,1,1,0.7200439,0.945096,2,2,adulto
ICB_04058_003,ICB_221,copd,3M Littmann Classic II SE,74.0,1,1,1,0.7532236,0.9239175,3,3,adulto
ICB_04058_004,ICB_221,copd,3M Littmann Classic II SE,74.0,1,1,1,0.710755,0.6507752,0,3,adulto
ICB_04059_000,ICB_221,copd,3M Littmann Classic II SE,74.0,0,1,1,0.6753224,0.9674183,2,2,adulto
ICB_04059_001,ICB_221,copd,3M Littmann Classic II SE,74.0,0,1,1,0.6574931,0.799265,2,2,adulto
ICB_04059_002,ICB_221,copd,3M Littmann Classic II SE,74.0,0,1,1,0.61660224,0.97681355,2,2,adulto
ICB_04059_003,ICB_221,copd,3M Littmann Classic II SE,74.0,0,1,1,0.5977565,0.8923722,2,2,adulto
ICB_04059_004,ICB_221,copd,3M Littmann Classic II SE,74.0,0,1,1,0.6593047,0.5368486,0,2,adulto
ICB_04060_000,ICB_221,copd,3M Littmann Classic II SE,74.0,0,1,1,0.5571696,0.96771073,2,2,adulto
ICB_04060_001,ICB_221,copd,3M Littmann Classic II SE,74.0,0,1,1,0.6788041,0.98841757,2,2,adulto
ICB_04060_002,ICB_221,copd,3M Littmann Classic II SE,74.0,0,1,1,0.70856017,0.9541645,2,2,adulto
ICB_04060_003,ICB_221,copd,3M Littmann Classic II SE,74.0,0,1,1,0.66371,0.9475123,2,2,adulto
ICB_04060_004,ICB_221,copd,3M Littmann Classic II SE,74.0,0,1,1,0.58456326,0.9817145,2,2,adulto
ICB_04060_005,ICB_221,copd,3M Littmann Classic II SE,74.0,0,0,1,0.6622078,0.08755278,0,0,adulto
ICB_04061_000,ICB_221,copd,3M Littmann Classic II SE,74.0,0,0,1,0.7478646,0.20142516,0,0,adulto
ICB_04061_001,ICB_221,copd,3M Littmann Classic II SE,74.0,1,1,1,0.6445374,0.9158906,2,3,adulto
ICB_04061_002,ICB_221,copd,3M Littmann Classic II SE,74.0,1,1,1,0.7974821,0.9673634,3,3,adulto
ICB_04061_003,ICB_221,copd,3M Littmann Classic II SE,74.0,1,1,1,0.6481462,0.9462211,2,3,adulto
ICB_04061_004,ICB_221,copd,3M Littmann Classic II SE,74.0,1,1,1,0.7711426,0.97465193,3,3,adulto
ICB_04061_005,ICB_221,copd,3M Littmann Classic II SE,74.0,0,1,1,0.7962089,0.2984599,1,2,adulto
ICB_04062_000,ICB_221,copd,3M Littmann Classic II SE,74.0,0,0,1,0.8638675,0.05140327,1,0,adulto
ICB_04062_001,ICB_221,copd,3M Littmann Classic II SE,74.0,1,1,1,0.7336873,0.7308887,2,3,adulto
ICB_04062_002,ICB_221,copd,3M Littmann Classic II SE,74.0,1,1,1,0.82443863,0.8506493,3,3,adulto
ICB_04062_003,ICB_221,copd,3M Littmann Classic II SE,74.0,1,1,1,0.7781116,0.8290089,3,3,adulto
ICB_04062_004,ICB_221,copd,3M Littmann Classic II SE,74.0,1,1,1,0.8388723,0.95960724,3,3,adulto
ICB_04063_000,ICB_221,copd,3M Littmann Classic II SE,74.0,0,1,1,0.68308926,0.97735035,2,2,adulto
ICB_04063_001,ICB_221,copd,3M Littmann Classic II SE,74.0,0,1,1,0.6967266,0.9644457,2,2,adulto
ICB_04063_002,ICB_221,copd,3M Littmann Classic II SE,74.0,0,1,1,0.72627497,0.903686,2,2,adulto
ICB_04063_003,ICB_221,copd,3M Littmann Classic II SE,74.0,0,1,1,0.69475543,0.90730166,2,2,adulto
ICB_04063_004,ICB_221,copd,3M Littmann Classic II SE,74.0,0,1,1,0.6254486,0.9142623,2,2,adulto
ICB_04063_005,ICB_221,copd,3M Littmann Classic II SE,74.0,0,0,1,0.7230868,0.19258763,0,0,adulto
ICB_04064_000,ICB_221,copd,3M Littmann Classic II SE,74.0,0,1,1,0.5285852,0.8550117,2,2,adulto
ICB_04064_001,ICB_221,copd,3M Littmann Classic II SE,74.0,0,1,1,0.732162,0.97952497,2,2,adulto
ICB_04064_002,ICB_221,copd,3M Littmann Classic II SE,74.0,0,1,1,0.6933548,0.97106355,2,2,adulto
ICB_04064_003,ICB_221,copd,3M Littmann Classic II SE,74.0,0,1,1,0.6332248,0.9205336,2,2,adulto
ICB_04064_004,ICB_221,copd,3M Littmann Classic II SE,74.0,0,1,1,0.6632285,0.94645524,2,2,adulto
ICB_04065_000,ICB_221,copd,3M Littmann Classic II SE,74.0,0,1,1,0.6694673,0.73288023,2,2,adulto
ICB_04065_001,ICB_221,copd,3M Littmann Classic II SE,74.0,1,1,1,0.8307569,0.82937646,3,3,adulto
ICB_04065_002,ICB_221,copd,3M Littmann Classic II SE,74.0,1,1,1,0.7793097,0.8026862,3,3,adulto
ICB_04065_003,ICB_221,copd,3M Littmann Classic II SE,74.0,1,1,1,0.77387774,0.9412227,3,3,adulto
ICB_04065_004,ICB_221,copd,3M Littmann Classic II SE,74.0,1,1,1,0.76388717,0.9642139,3,3,adulto
ICB_04066_000,ICB_221,copd,3M Littmann Classic II SE,74.0,0,1,1,0.8795602,0.7595611,3,2,adulto
ICB_04066_001,ICB_221,copd,3M Littmann Classic II SE,74.0,1,1,1,0.8233497,0.658253,1,3,adulto
ICB_04066_002,ICB_221,copd,3M Littmann Classic II SE,74.0,1,1,1,0.7692049,0.8780531,3,3,adulto
ICB_04066_003,ICB_221,copd,3M Littmann Classic II SE,74.0,1,1,1,0.8081129,0.76917547,3,3,adulto
ICB_04066_004,ICB_221,copd,3M Littmann Classic II SE,74.0,1,1,1,0.6959838,0.92138624,2,3,adulto
ICB_04067_000,ICB_221,copd,3M Littmann Classic II SE,74.0,0,1,1,0.7232567,0.76051795,2,2,adulto
ICB_04067_001,ICB_221,copd,3M Littmann Classic II SE,74.0,0,1,1,0.8473715,0.892639,3,2,adulto
ICB_04067_002,ICB_221,copd,3M Littmann Classic II SE,74.0,1,1,1,0.8198142,0.8369237,3,3,adulto
ICB_04067_003,ICB_221,copd,3M Littmann Classic II SE,74.0,1,1,1,0.7240568,0.9455293,2,3,adulto
ICB_04067_004,ICB_221,copd,3M Littmann Classic II SE,74.0,1,1,1,0.7412918,0.94793355,2,3,adulto
ICB_03173_000,ICB_105,respiratory_infection,3M Littmann Classic II SE,7.0,0,0,2,0.47050515,0.035529878,0,0,pediátrico (<18)
ICB_03173_001,ICB_105,respiratory_infection,3M Littmann Classic II SE,7.0,0,0,2,0.466422,0.007531596,0,0,pediátrico (<18)
ICB_03173_002,ICB_105,respiratory_infection,3M Littmann Classic II SE,7.0,0,0,2,0.47197807,0.0081967665,0,0,pediátrico (<18)
ICB_03173_003,ICB_105,respiratory_infection,3M Littmann Classic II SE,7.0,0,0,2,0.42315254,0.008753801,0,0,pediátrico (<18)
ICB_03173_004,ICB_105,respiratory_infection,3M Littmann Classic II SE,7.0,0,0,2,0.2417655,0.0047820234,0,0,pediátrico (<18)
ICB_03173_005,ICB_105,respiratory_infection,3M Littmann Classic II SE,7.0,0,0,2,0.30537644,0.004771426,0,0,pediátrico (<18)
ICB_03173_006,ICB_105,respiratory_infection,3M Littmann Classic II SE,7.0,0,0,2,0.3920915,0.008520805,0,0,pediátrico (<18)
ICB_03173_007,ICB_105,respiratory_infection,3M Littmann Classic II SE,7.0,0,0,2,0.367604,0.023789993,0,0,pediátrico (<18)
ICB_03211_000,ICB_110,copd,WelchAllyn Meditron Master Elite,75.0,1,0,2,0.64572656,0.16029285,0,1,adulto
ICB_03211_001,ICB_110,copd,WelchAllyn Meditron Master Elite,75.0,1,0,2,0.51550823,0.10516862,0,1,adulto
ICB_03211_002,ICB_110,copd,WelchAllyn Meditron Master Elite,75.0,0,0,2,0.6401324,0.20414174,0,0,adulto
ICB_03211_003,ICB_110,copd,WelchAllyn Meditron Master Elite,75.0,0,0,2,0.61237466,0.16864821,0,0,adulto
ICB_03211_004,ICB_110,copd,WelchAllyn Meditron Master Elite,75.0,0,0,2,0.39117754,0.02488116,0,0,adulto
ICB_03211_005,ICB_110,copd,WelchAllyn Meditron Master Elite,75.0,0,0,2,0.5836852,0.03538288,0,0,adulto
ICB_03211_006,ICB_110,copd,WelchAllyn Meditron Master Elite,75.0,0,0,2,0.3949643,0.03856263,0,0,adulto
ICB_03211_007,ICB_110,copd,WelchAllyn Meditron Master Elite,75.0,0,0,2,0.63933086,0.06569938,0,0,adulto
ICB_03211_008,ICB_110,copd,WelchAllyn Meditron Master Elite,75.0,0,0,2,0.49908555,0.025983633,0,0,adulto
ICB_03211_009,ICB_110,copd,WelchAllyn Meditron Master Elite,75.0,0,0,2,0.21093707,0.3933569,2,0,adulto
ICB_03211_010,ICB_110,copd,WelchAllyn Meditron Master Elite,75.0,0,0,2,0.34510517,0.9128606,2,0,adulto
ICB_03211_011,ICB_110,copd,WelchAllyn Meditron Master Elite,75.0,0,0,2,0.3600044,0.19627579,0,0,adulto
ICB_03211_012,ICB_110,copd,WelchAllyn Meditron Master Elite,75.0,0,0,2,0.5785673,0.12865645,0,0,adulto
ICB_03211_013,ICB_110,copd,WelchAllyn Meditron Master Elite,75.0,0,0,2,0.8327492,0.04044752,1,0,adulto
ICB_03211_014,ICB_110,copd,WelchAllyn Meditron Master Elite,75.0,0,0,2,0.3979584,0.054048464,0,0,adulto
ICB_03212_000,ICB_110,copd,WelchAllyn Meditron Master Elite,75.0,1,1,2,0.5367747,0.18905051,0,3,adulto
ICB_03212_001,ICB_110,copd,WelchAllyn Meditron Master Elite,75.0,1,1,2,0.2290895,0.12613276,0,3,adulto
ICB_03212_002,ICB_110,copd,WelchAllyn Meditron Master Elite,75.0,1,1,2,0.76615775,0.14125717,0,3,adulto
ICB_03212_003,ICB_110,copd,WelchAllyn Meditron Master Elite,75.0,1,0,2,0.42362642,0.0412416,0,1,adulto
ICB_03212_004,ICB_110,copd,WelchAllyn Meditron Master Elite,75.0,0,0,2,0.51925176,0.038970463,0,0,adulto
ICB_03212_005,ICB_110,copd,WelchAllyn Meditron Master Elite,75.0,1,0,2,0.75232667,0.10758972,0,1,adulto
ICB_03212_006,ICB_110,copd,WelchAllyn Meditron Master Elite,75.0,1,0,2,0.6590009,0.08796635,0,1,adulto
ICB_03213_000,ICB_110,copd,WelchAllyn Meditron Master Elite,75.0,0,1,2,0.4880171,0.20989521,0,2,adulto
ICB_03213_001,ICB_110,copd,WelchAllyn Meditron Master Elite,75.0,0,1,2,0.63432914,0.58887076,2,2,adulto
ICB_03213_002,ICB_110,copd,WelchAllyn Meditron Master Elite,75.0,0,0,2,0.64834243,0.13312514,0,0,adulto
ICB_03213_003,ICB_110,copd,WelchAllyn Meditron Master Elite,75.0,0,0,2,0.7008686,0.09727266,0,0,adulto
ICB_03213_004,ICB_110,copd,WelchAllyn Meditron Master Elite,75.0,0,1,2,0.62566584,0.21558127,0,2,adulto
ICB_03213_005,ICB_110,copd,WelchAllyn Meditron Master Elite,75.0,0,0,2,0.59621584,0.24527365,0,0,adulto
ICB_03213_006,ICB_110,copd,WelchAllyn Meditron Master Elite,75.0,0,0,2,0.6224542,0.12396527,0,0,adulto
ICB_03214_000,ICB_110,copd,WelchAllyn Meditron Master Elite,75.0,1,0,2,0.5299747,0.021034122,0,1,adulto
ICB_03214_001,ICB_110,copd,WelchAllyn Meditron Master Elite,75.0,1,0,2,0.7683707,0.11122586,0,1,adulto
ICB_03214_002,ICB_110,copd,WelchAllyn Meditron Master Elite,75.0,1,0,2,0.60505426,0.0866282,0,1,adulto
ICB_03214_003,ICB_110,copd,WelchAllyn Meditron Master Elite,75.0,1,0,2,0.6828231,0.0842536,0,1,adulto
ICB_03214_004,ICB_110,copd,WelchAllyn Meditron Master Elite,75.0,1,0,2,0.7018365,0.10095103,0,1,adulto
ICB_03214_005,ICB_110,copd,WelchAllyn Meditron Master Elite,75.0,1,0,2,0.78221107,0.12104494,0,1,adulto
ICB_03214_006,ICB_110,copd,WelchAllyn Meditron Master Elite,75.0,1,0,2,0.6980678,0.089749575,0,1,adulto
ICB_03215_000,ICB_110,copd,WelchAllyn Meditron Master Elite,75.0,0,0,2,0.72589684,0.06146713,0,0,adulto
ICB_03215_001,ICB_110,copd,WelchAllyn Meditron Master Elite,75.0,0,0,2,0.8905079,0.027135897,1,0,adulto
ICB_03215_002,ICB_110,copd,WelchAllyn Meditron Master Elite,75.0,0,0,2,0.8024649,0.06025368,1,0,adulto
ICB_03215_003,ICB_110,copd,WelchAllyn Meditron Master Elite,75.0,0,0,2,0.6736417,0.06634469,0,0,adulto
ICB_03215_004,ICB_110,copd,WelchAllyn Meditron Master Elite,75.0,0,0,2,0.6340313,0.04845774,0,0,adulto
ICB_03215_005,ICB_110,copd,WelchAllyn Meditron Master Elite,75.0,0,0,2,0.52329785,0.6094953,2,0,adulto
ICB_03215_006,ICB_110,copd,WelchAllyn Meditron Master Elite,75.0,0,0,2,0.73792386,0.020223232,0,0,adulto
ICB_03215_007,ICB_110,copd,WelchAllyn Meditron Master Elite,75.0,0,0,2,0.74205196,0.02602906,0,0,adulto
ICB_03215_008,ICB_110,copd,WelchAllyn Meditron Master Elite,75.0,0,0,2,0.55634195,0.07409636,0,0,adulto
ICB_03215_009,ICB_110,copd,WelchAllyn Meditron Master Elite,75.0,0,0,2,0.4786485,0.011399177,0,0,adulto
ICB_03215_010,ICB_110,copd,WelchAllyn Meditron Master Elite,75.0,0,0,2,0.54578036,0.059537582,0,0,adulto
ICB_03215_011,ICB_110,copd,WelchAllyn Meditron Master Elite,75.0,0,0,2,0.15950829,0.0033449316,0,0,adulto
ICB_03215_012,ICB_110,copd,WelchAllyn Meditron Master Elite,75.0,0,0,2,0.5656438,0.0529251,0,0,adulto
ICB_03215_013,ICB_110,copd,WelchAllyn Meditron Master Elite,75.0,0,0,2,0.70193785,0.0282159,0,0,adulto
ICB_03215_014,ICB_110,copd,WelchAllyn Meditron Master Elite,75.0,0,0,2,0.46690872,0.02554586,0,0,adulto
ICB_03215_015,ICB_110,copd,WelchAllyn Meditron Master Elite,75.0,0,0,2,0.72479016,0.051217522,0,0,adulto
ICB_03246_000,ICB_120,copd,WelchAllyn Meditron Master Elite,78.0,0,0,2,0.6985107,0.16547729,0,0,adulto
ICB_03246_001,ICB_120,copd,WelchAllyn Meditron Master Elite,78.0,0,0,2,0.7612038,0.30897897,0,0,adulto
ICB_03246_002,ICB_120,copd,WelchAllyn Meditron Master Elite,78.0,0,0,2,0.73430103,0.18613543,0,0,adulto
ICB_03246_003,ICB_120,copd,WelchAllyn Meditron Master Elite,78.0,0,0,2,0.748552,0.20189628,0,0,adulto
ICB_03246_004,ICB_120,copd,WelchAllyn Meditron Master Elite,78.0,0,0,2,0.712709,0.1413601,0,0,adulto
ICB_03246_005,ICB_120,copd,WelchAllyn Meditron Master Elite,78.0,0,0,2,0.7938579,0.16256447,0,0,adulto
ICB_03246_006,ICB_120,copd,WelchAllyn Meditron Master Elite,78.0,0,0,2,0.8146303,0.21900524,1,0,adulto
ICB_03246_007,ICB_120,copd,WelchAllyn Meditron Master Elite,78.0,0,0,2,0.7382833,0.21104024,0,0,adulto
ICB_03246_008,ICB_120,copd,WelchAllyn Meditron Master Elite,78.0,0,0,2,0.7619052,0.33818722,0,0,adulto
ICB_03246_009,ICB_120,copd,WelchAllyn Meditron Master Elite,78.0,0,0,2,0.70980936,0.5124884,2,0,adulto
ICB_03246_010,ICB_120,copd,WelchAllyn Meditron Master Elite,78.0,0,0,2,0.70167166,0.22408405,0,0,adulto
ICB_03246_011,ICB_120,copd,WelchAllyn Meditron Master Elite,78.0,0,0,2,0.36026037,0.3625453,2,0,adulto
ICB_03246_012,ICB_120,copd,WelchAllyn Meditron Master Elite,78.0,0,0,2,0.7088168,0.45368326,2,0,adulto
ICB_03246_013,ICB_120,copd,WelchAllyn Meditron Master Elite,78.0,0,0,2,0.7050898,0.22244036,0,0,adulto
ICB_03246_014,ICB_120,copd,WelchAllyn Meditron Master Elite,78.0,0,0,2,0.50154793,0.28495485,0,0,adulto
ICB_03246_015,ICB_120,copd,WelchAllyn Meditron Master Elite,78.0,0,0,2,0.61370665,0.17874962,0,0,adulto
ICB_03246_016,ICB_120,copd,WelchAllyn Meditron Master Elite,78.0,0,0,2,0.088084795,0.0008922376,0,0,adulto
ICB_03246_017,ICB_120,copd,WelchAllyn Meditron Master Elite,78.0,0,0,2,0.38909847,0.012672101,0,0,adulto
ICB_03246_018,ICB_120,copd,WelchAllyn Meditron Master Elite,78.0,0,0,2,0.62623847,0.031866953,0,0,adulto
ICB_03247_000,ICB_120,copd,WelchAllyn Meditron Master Elite,78.0,0,0,2,0.67910635,0.12976025,0,0,adulto
ICB_03247_001,ICB_120,copd,WelchAllyn Meditron Master Elite,78.0,0,0,2,0.67417383,0.18338601,0,0,adulto
ICB_03247_002,ICB_120,copd,WelchAllyn Meditron Master Elite,78.0,0,0,2,0.68435407,0.23396358,0,0,adulto
ICB_03247_003,ICB_120,copd,WelchAllyn Meditron Master Elite,78.0,0,0,2,0.6423278,0.21557194,0,0,adulto
ICB_03247_004,ICB_120,copd,WelchAllyn Meditron Master Elite,78.0,0,0,2,0.6229757,0.14139684,0,0,adulto
ICB_03247_005,ICB_120,copd,WelchAllyn Meditron Master Elite,78.0,0,0,2,0.6445484,0.14863242,0,0,adulto
ICB_03247_006,ICB_120,copd,WelchAllyn Meditron Master Elite,78.0,0,0,2,0.70177317,0.19829689,0,0,adulto
ICB_03247_007,ICB_120,copd,WelchAllyn Meditron Master Elite,78.0,0,0,2,0.6152281,0.15108274,0,0,adulto
ICB_03247_008,ICB_120,copd,WelchAllyn Meditron Master Elite,78.0,0,0,2,0.6141951,0.18372023,0,0,adulto
ICB_03247_009,ICB_120,copd,WelchAllyn Meditron Master Elite,78.0,0,0,2,0.7504198,0.1437214,0,0,adulto
ICB_03247_010,ICB_120,copd,WelchAllyn Meditron Master Elite,78.0,0,0,2,0.6447917,0.27480564,0,0,adulto
ICB_03247_011,ICB_120,copd,WelchAllyn Meditron Master Elite,78.0,0,0,2,0.27762842,0.30925816,0,0,adulto
ICB_03247_012,ICB_120,copd,WelchAllyn Meditron Master Elite,78.0,0,0,2,0.6462138,0.18844405,0,0,adulto
ICB_03247_013,ICB_120,copd,WelchAllyn Meditron Master Elite,78.0,0,0,2,0.5894209,0.17534642,0,0,adulto
ICB_03247_014,ICB_120,copd,WelchAllyn Meditron Master Elite,78.0,0,0,2,0.6213826,0.35637578,2,0,adulto
ICB_03247_015,ICB_120,copd,WelchAllyn Meditron Master Elite,78.0,0,0,2,0.37157553,0.10843741,0,0,adulto
ICB_03247_016,ICB_120,copd,WelchAllyn Meditron Master Elite,78.0,0,0,2,0.5190827,0.17720921,0,0,adulto
ICB_03247_017,ICB_120,copd,WelchAllyn Meditron Master Elite,78.0,0,0,2,0.4384898,0.15464275,0,0,adulto
ICB_03247_018,ICB_120,copd,WelchAllyn Meditron Master Elite,78.0,0,0,2,0.3982498,0.04178567,0,0,adulto
ICB_03247_019,ICB_120,copd,WelchAllyn Meditron Master Elite,78.0,0,0,2,0.23351398,0.013351762,0,0,adulto
ICB_03248_000,ICB_120,copd,WelchAllyn Meditron Master Elite,78.0,0,0,2,0.54650086,0.2453354,0,0,adulto
ICB_03248_001,ICB_120,copd,WelchAllyn Meditron Master Elite,78.0,0,0,2,0.5885259,0.16805956,0,0,adulto
ICB_03248_002,ICB_120,copd,WelchAllyn Meditron Master Elite,78.0,0,0,2,0.51306903,0.30060253,0,0,adulto
ICB_03248_003,ICB_120,copd,WelchAllyn Meditron Master Elite,78.0,0,0,2,0.66984004,0.15453345,0,0,adulto
ICB_03248_004,ICB_120,copd,WelchAllyn Meditron Master Elite,78.0,0,0,2,0.6793228,0.08938559,0,0,adulto
ICB_03248_005,ICB_120,copd,WelchAllyn Meditron Master Elite,78.0,0,0,2,0.5925657,0.14887396,0,0,adulto
ICB_03248_006,ICB_120,copd,WelchAllyn Meditron Master Elite,78.0,0,0,2,0.5433577,0.089590035,0,0,adulto
ICB_03248_007,ICB_120,copd,WelchAllyn Meditron Master Elite,78.0,0,0,2,0.5498359,0.09398268,0,0,adulto
ICB_03248_008,ICB_120,copd,WelchAllyn Meditron Master Elite,78.0,0,0,2,0.6523881,0.088006414,0,0,adulto
ICB_03248_009,ICB_120,copd,WelchAllyn Meditron Master Elite,78.0,0,0,2,0.5985246,0.16706087,0,0,adulto
ICB_03248_010,ICB_120,copd,WelchAllyn Meditron Master Elite,78.0,0,0,2,0.571061,0.12991476,0,0,adulto
ICB_03248_011,ICB_120,copd,WelchAllyn Meditron Master Elite,78.0,0,0,2,0.6039971,0.09950607,0,0,adulto
ICB_03248_012,ICB_120,copd,WelchAllyn Meditron Master Elite,78.0,0,0,2,0.59296423,0.13356791,0,0,adulto
ICB_03248_013,ICB_120,copd,WelchAllyn Meditron Master Elite,78.0,0,0,2,0.5639086,0.14091127,0,0,adulto
ICB_03248_014,ICB_120,copd,WelchAllyn Meditron Master Elite,78.0,0,0,2,0.4605048,0.14189725,0,0,adulto
ICB_03248_015,ICB_120,copd,WelchAllyn Meditron Master Elite,78.0,0,0,2,0.38731998,0.05346758,0,0,adulto
ICB_03248_016,ICB_120,copd,WelchAllyn Meditron Master Elite,78.0,0,0,2,0.49198732,0.029957956,0,0,adulto
ICB_03248_017,ICB_120,copd,WelchAllyn Meditron Master Elite,78.0,0,0,2,0.4417241,0.0551635,0,0,adulto
ICB_03248_018,ICB_120,copd,WelchAllyn Meditron Master Elite,78.0,0,0,2,0.34400228,0.02243973,0,0,adulto
ICB_03248_019,ICB_120,copd,WelchAllyn Meditron Master Elite,78.0,0,0,2,0.46814334,0.11708941,0,0,adulto
ICB_03248_020,ICB_120,copd,WelchAllyn Meditron Master Elite,78.0,0,0,2,0.63520473,0.15514027,0,0,adulto
ICB_03248_021,ICB_120,copd,WelchAllyn Meditron Master Elite,78.0,0,0,2,0.48396266,0.058833297,0,0,adulto
ICB_03248_022,ICB_120,copd,WelchAllyn Meditron Master Elite,78.0,0,0,2,0.5606211,0.0038349128,0,0,adulto
ICB_03248_023,ICB_120,copd,WelchAllyn Meditron Master Elite,78.0,0,0,2,0.3465935,0.00447144,0,0,adulto
ICB_03248_024,ICB_120,copd,WelchAllyn Meditron Master Elite,78.0,0,0,2,0.40106902,0.013653919,0,0,adulto
ICB_03248_025,ICB_120,copd,WelchAllyn Meditron Master Elite,78.0,0,0,2,0.29751655,0.0013724804,0,0,adulto
ICB_03248_026,ICB_120,copd,WelchAllyn Meditron Master Elite,78.0,0,0,2,0.2588791,0.0063910913,0,0,adulto
ICB_03248_027,ICB_120,copd,WelchAllyn Meditron Master Elite,78.0,0,0,2,0.318234,0.0037283625,0,0,adulto
ICB_03248_028,ICB_120,copd,WelchAllyn Meditron Master Elite,78.0,0,0,2,0.09379011,0.010672974,0,0,adulto
ICB_03248_029,ICB_120,copd,WelchAllyn Meditron Master Elite,78.0,0,0,2,0.7396718,0.047267437,0,0,adulto
ICB_03248_030,ICB_120,copd,WelchAllyn Meditron Master Elite,78.0,0,0,2,0.73602206,0.11475415,0,0,adulto
ICB_03248_031,ICB_120,copd,WelchAllyn Meditron Master Elite,78.0,0,0,2,0.729789,0.09763137,0,0,adulto
ICB_03248_032,ICB_120,copd,WelchAllyn Meditron Master Elite,78.0,0,0,2,0.6375875,0.15067062,0,0,adulto
ICB_03249_000,ICB_120,copd,WelchAllyn Meditron Master Elite,78.0,0,0,2,0.6911349,0.11279326,0,0,adulto
ICB_03249_001,ICB_120,copd,WelchAllyn Meditron Master Elite,78.0,0,0,2,0.7030431,0.11130163,0,0,adulto
ICB_03249_002,ICB_120,copd,WelchAllyn Meditron Master Elite,78.0,0,0,2,0.63352,0.10640888,0,0,adulto
ICB_03249_003,ICB_120,copd,WelchAllyn Meditron Master Elite,78.0,0,0,2,0.63144,0.16271982,0,0,adulto
ICB_03249_004,ICB_120,copd,WelchAllyn Meditron Master Elite,78.0,0,0,2,0.63004315,0.10607249,0,0,adulto
ICB_03249_005,ICB_120,copd,WelchAllyn Meditron Master Elite,78.0,0,0,2,0.5753129,0.07001084,0,0,adulto
ICB_03249_006,ICB_120,copd,WelchAllyn Meditron Master Elite,78.0,0,0,2,0.6118902,0.09232195,0,0,adulto
ICB_03249_007,ICB_120,copd,WelchAllyn Meditron Master Elite,78.0,0,0,2,0.5985674,0.0982383,0,0,adulto
ICB_03249_008,ICB_120,copd,WelchAllyn Meditron Master Elite,78.0,0,0,2,0.6234604,0.09496374,0,0,adulto
ICB_03249_009,ICB_120,copd,WelchAllyn Meditron Master Elite,78.0,0,0,2,0.61746573,0.08451697,0,0,adulto
ICB_03249_010,ICB_120,copd,WelchAllyn Meditron Master Elite,78.0,0,0,2,0.6752215,0.12618758,0,0,adulto
ICB_03249_011,ICB_120,copd,WelchAllyn Meditron Master Elite,78.0,0,0,2,0.6892352,0.096232995,0,0,adulto
ICB_03249_012,ICB_120,copd,WelchAllyn Meditron Master Elite,78.0,0,0,2,0.21512398,0.02454819,0,0,adulto
ICB_03249_013,ICB_120,copd,WelchAllyn Meditron Master Elite,78.0,0,0,2,0.15196684,0.49217483,2,0,adulto
ICB_03249_014,ICB_120,copd,WelchAllyn Meditron Master Elite,78.0,0,0,2,0.47124982,0.16190033,0,0,adulto
ICB_03249_015,ICB_120,copd,WelchAllyn Meditron Master Elite,78.0,1,0,2,0.36186427,0.047991045,0,1,adulto
ICB_03249_016,ICB_120,copd,WelchAllyn Meditron Master Elite,78.0,1,0,2,0.6258687,0.08372716,0,1,adulto
ICB_03249_017,ICB_120,copd,WelchAllyn Meditron Master Elite,78.0,1,0,2,0.62234426,0.06001215,0,1,adulto
ICB_03249_018,ICB_120,copd,WelchAllyn Meditron Master Elite,78.0,1,0,2,0.5789042,0.06747909,0,1,adulto
ICB_03249_019,ICB_120,copd,WelchAllyn Meditron Master Elite,78.0,0,0,2,0.4922816,0.13149063,0,0,adulto
ICB_03249_020,ICB_120,copd,WelchAllyn Meditron Master Elite,78.0,1,0,2,0.6331946,0.13635445,0,1,adulto
ICB_03249_021,ICB_120,copd,WelchAllyn Meditron Master Elite,78.0,1,0,2,0.66180766,0.049702905,0,1,adulto
ICB_03249_022,ICB_120,copd,WelchAllyn Meditron Master Elite,78.0,1,0,2,0.656617,0.08858484,0,1,adulto
ICB_03249_023,ICB_120,copd,WelchAllyn Meditron Master Elite,78.0,1,0,2,0.5460356,0.07543266,0,1,adulto
ICB_03249_024,ICB_120,copd,WelchAllyn Meditron Master Elite,78.0,1,0,2,0.59249645,0.10739512,0,1,adulto
ICB_03249_025,ICB_120,copd,WelchAllyn Meditron Master Elite,78.0,1,0,2,0.5192336,0.054509237,0,1,adulto
ICB_03249_026,ICB_120,copd,WelchAllyn Meditron Master Elite,78.0,1,0,2,0.4871727,0.1153017,0,1,adulto
ICB_03249_027,ICB_120,copd,WelchAllyn Meditron Master Elite,78.0,1,0,2,0.5998829,0.060647085,0,1,adulto
ICB_03249_028,ICB_120,copd,WelchAllyn Meditron Master Elite,78.0,1,0,2,0.64458793,0.0890041,0,1,adulto
ICB_03249_029,ICB_120,copd,WelchAllyn Meditron Master Elite,78.0,1,0,2,0.5962313,0.063324206,0,1,adulto
ICB_03250_000,ICB_120,copd,WelchAllyn Meditron Master Elite,78.0,1,0,2,0.5271658,0.13451566,0,1,adulto
ICB_03250_001,ICB_120,copd,WelchAllyn Meditron Master Elite,78.0,0,0,2,0.55546576,0.14798394,0,0,adulto
ICB_03250_002,ICB_120,copd,WelchAllyn Meditron Master Elite,78.0,0,0,2,0.55518955,0.14385752,0,0,adulto
ICB_03250_003,ICB_120,copd,WelchAllyn Meditron Master Elite,78.0,0,0,2,0.58138275,0.104238704,0,0,adulto
ICB_03250_004,ICB_120,copd,WelchAllyn Meditron Master Elite,78.0,0,0,2,0.55789965,0.11735318,0,0,adulto
ICB_03250_005,ICB_120,copd,WelchAllyn Meditron Master Elite,78.0,0,0,2,0.5275629,0.06548219,0,0,adulto
ICB_03250_006,ICB_120,copd,WelchAllyn Meditron Master Elite,78.0,0,0,2,0.521053,0.065740585,0,0,adulto
ICB_03250_007,ICB_120,copd,WelchAllyn Meditron Master Elite,78.0,0,0,2,0.57063645,0.081174426,0,0,adulto
ICB_03250_008,ICB_120,copd,WelchAllyn Meditron Master Elite,78.0,0,0,2,0.46557978,0.0802581,0,0,adulto
ICB_03250_009,ICB_120,copd,WelchAllyn Meditron Master Elite,78.0,0,0,2,0.39006793,0.06243084,0,0,adulto
ICB_03250_010,ICB_120,copd,WelchAllyn Meditron Master Elite,78.0,0,0,2,0.12100683,0.52550995,2,0,adulto
ICB_03250_011,ICB_120,copd,WelchAllyn Meditron Master Elite,78.0,0,0,2,0.17409281,0.5808776,2,0,adulto
ICB_03250_012,ICB_120,copd,WelchAllyn Meditron Master Elite,78.0,0,0,2,0.27775016,0.15387475,0,0,adulto
ICB_03250_013,ICB_120,copd,WelchAllyn Meditron Master Elite,78.0,0,0,2,0.39310855,0.09301357,0,0,adulto
ICB_03250_014,ICB_120,copd,WelchAllyn Meditron Master Elite,78.0,0,0,2,0.34702805,0.1069141,0,0,adulto
ICB_03250_015,ICB_120,copd,WelchAllyn Meditron Master Elite,78.0,0,0,2,0.424482,0.1065711,0,0,adulto
ICB_03250_016,ICB_120,copd,WelchAllyn Meditron Master Elite,78.0,0,0,2,0.23047824,0.06247561,0,0,adulto
ICB_03250_017,ICB_120,copd,WelchAllyn Meditron Master Elite,78.0,0,0,2,0.598468,0.08448031,0,0,adulto
ICB_03250_018,ICB_120,copd,WelchAllyn Meditron Master Elite,78.0,0,0,2,0.3715807,0.07792065,0,0,adulto
ICB_03250_019,ICB_120,copd,WelchAllyn Meditron Master Elite,78.0,0,0,2,0.44068676,0.114858665,0,0,adulto
ICB_03250_020,ICB_120,copd,WelchAllyn Meditron Master Elite,78.0,0,0,2,0.4166989,0.056784905,0,0,adulto
ICB_03269_000,ICB_125,normal_lung,3M Littmann Classic II SE,14.0,0,0,2,0.50608975,0.0154856155,0,0,pediátrico (<18)
ICB_03269_001,ICB_125,normal_lung,3M Littmann Classic II SE,14.0,0,0,2,0.35481492,0.032612804,0,0,pediátrico (<18)
ICB_03269_002,ICB_125,normal_lung,3M Littmann Classic II SE,14.0,1,0,2,0.3755403,0.024416892,0,1,pediátrico (<18)
ICB_03269_003,ICB_125,normal_lung,3M Littmann Classic II SE,14.0,0,0,2,0.4437078,0.029217497,0,0,pediátrico (<18)
ICB_03269_004,ICB_125,normal_lung,3M Littmann Classic II SE,14.0,1,0,2,0.4031635,0.04294388,0,1,pediátrico (<18)
ICB_03269_005,ICB_125,normal_lung,3M Littmann Classic II SE,14.0,0,0,2,0.38401744,0.059367765,0,0,pediátrico (<18)
ICB_03341_000,ICB_132,copd,3M Littmann Classic II SE,71.0,1,0,2,0.82657933,0.08063405,1,1,adulto
ICB_03341_001,ICB_132,copd,3M Littmann Classic II SE,71.0,1,0,2,0.7123252,0.098896325,0,1,adulto
ICB_03341_002,ICB_132,copd,3M Littmann Classic II SE,71.0,0,0,2,0.7582466,0.09628292,0,0,adulto
ICB_03341_003,ICB_132,copd,3M Littmann Classic II SE,71.0,1,0,2,0.7735558,0.052249804,0,1,adulto
ICB_03341_004,ICB_132,copd,3M Littmann Classic II SE,71.0,1,0,2,0.76885474,0.05375186,0,1,adulto
ICB_03341_005,ICB_132,copd,3M Littmann Classic II SE,71.0,1,0,2,0.80342156,0.075260505,1,1,adulto
ICB_03341_006,ICB_132,copd,3M Littmann Classic II SE,71.0,1,0,2,0.8266878,0.07471667,1,1,adulto
ICB_03341_007,ICB_132,copd,3M Littmann Classic II SE,71.0,1,0,2,0.84336257,0.06717259,1,1,adulto
ICB_03341_008,ICB_132,copd,3M Littmann Classic II SE,71.0,1,0,2,0.828144,0.08123142,1,1,adulto
ICB_03342_000,ICB_132,copd,3M Littmann Classic II SE,71.0,0,0,2,0.761317,0.08297521,0,0,adulto
ICB_03342_001,ICB_132,copd,3M Littmann Classic II SE,71.0,1,0,2,0.8001144,0.07166354,1,1,adulto
ICB_03342_002,ICB_132,copd,3M Littmann Classic II SE,71.0,1,0,2,0.75532943,0.07877434,0,1,adulto
ICB_03342_003,ICB_132,copd,3M Littmann Classic II SE,71.0,1,0,2,0.7659727,0.07092426,0,1,adulto
ICB_03342_004,ICB_132,copd,3M Littmann Classic II SE,71.0,1,0,2,0.8359901,0.064326756,1,1,adulto
ICB_03342_005,ICB_132,copd,3M Littmann Classic II SE,71.0,1,0,2,0.8058399,0.086525746,1,1,adulto
ICB_03342_006,ICB_132,copd,3M Littmann Classic II SE,71.0,1,0,2,0.8224045,0.08093809,1,1,adulto
ICB_03342_007,ICB_132,copd,3M Littmann Classic II SE,71.0,1,0,2,0.8634889,0.06664443,1,1,adulto
ICB_03342_008,ICB_132,copd,3M Littmann Classic II SE,71.0,1,0,2,0.7734434,0.12285091,0,1,adulto
ICB_03342_009,ICB_132,copd,3M Littmann Classic II SE,71.0,1,0,2,0.86051226,0.07599124,1,1,adulto
ICB_03343_000,ICB_133,copd,AKG C417L Microphone,68.0,0,0,2,0.65370643,0.036322657,0,0,adulto
ICB_03343_001,ICB_133,copd,AKG C417L Microphone,68.0,0,0,2,0.7420338,0.046220303,0,0,adulto
ICB_03343_002,ICB_133,copd,AKG C417L Microphone,68.0,0,0,2,0.7432646,0.04473059,0,0,adulto
ICB_03343_003,ICB_133,copd,AKG C417L Microphone,68.0,1,0,2,0.70412445,0.051387414,0,1,adulto
ICB_03343_004,ICB_133,copd,AKG C417L Microphone,68.0,1,0,2,0.6930808,0.040268663,0,1,adulto
ICB_03343_005,ICB_133,copd,AKG C417L Microphone,68.0,0,0,2,0.70127255,0.038022317,0,0,adulto
ICB_03343_006,ICB_133,copd,AKG C417L Microphone,68.0,0,0,2,0.7035296,0.04483223,0,0,adulto
ICB_03343_007,ICB_133,copd,AKG C417L Microphone,68.0,0,0,2,0.7039773,0.047114298,0,0,adulto
ICB_03343_008,ICB_133,copd,AKG C417L Microphone,68.0,0,0,2,0.64448386,0.05166517,0,0,adulto
ICB_03344_000,ICB_133,copd,AKG C417L Microphone,68.0,0,0,2,0.69810593,0.03969821,0,0,adulto
ICB_03344_001,ICB_133,copd,AKG C417L Microphone,68.0,0,0,2,0.72115344,0.064200185,0,0,adulto
ICB_03344_002,ICB_133,copd,AKG C417L Microphone,68.0,0,0,2,0.72721267,0.046254434,0,0,adulto
ICB_03344_003,ICB_133,copd,AKG C417L Microphone,68.0,0,0,2,0.72004133,0.055964414,0,0,adulto
ICB_03344_004,ICB_133,copd,AKG C417L Microphone,68.0,0,0,2,0.6948945,0.044490922,0,0,adulto
ICB_03344_005,ICB_133,copd,AKG C417L Microphone,68.0,0,0,2,0.66920483,0.06741653,0,0,adulto
ICB_03344_006,ICB_133,copd,AKG C417L Microphone,68.0,0,0,2,0.7132793,0.041582312,0,0,adulto
ICB_03344_007,ICB_133,copd,AKG C417L Microphone,68.0,0,0,2,0.71013045,0.08121546,0,0,adulto
ICB_03344_008,ICB_133,copd,AKG C417L Microphone,68.0,0,0,2,0.7197617,0.049344044,0,0,adulto
ICB_03345_000,ICB_133,copd,AKG C417L Microphone,68.0,1,0,2,0.7784334,0.07035512,0,1,adulto
ICB_03345_001,ICB_133,copd,AKG C417L Microphone,68.0,1,0,2,0.7891333,0.06891682,0,1,adulto
ICB_03345_002,ICB_133,copd,AKG C417L Microphone,68.0,1,0,2,0.79285204,0.05230795,0,1,adulto
ICB_03345_003,ICB_133,copd,AKG C417L Microphone,68.0,1,0,2,0.8115654,0.06326037,1,1,adulto
ICB_03345_004,ICB_133,copd,AKG C417L Microphone,68.0,1,0,2,0.78464234,0.066913016,0,1,adulto
ICB_03345_005,ICB_133,copd,AKG C417L Microphone,68.0,1,0,2,0.78796506,0.064971566,0,1,adulto
ICB_03345_006,ICB_133,copd,AKG C417L Microphone,68.0,1,0,2,0.80343646,0.051797025,1,1,adulto
ICB_03345_007,ICB_133,copd,AKG C417L Microphone,68.0,1,0,2,0.7932584,0.05076398,0,1,adulto
ICB_03345_008,ICB_133,copd,AKG C417L Microphone,68.0,0,0,2,0.71317065,0.07134114,0,0,adulto
ICB_03346_000,ICB_133,copd,AKG C417L Microphone,68.0,0,0,2,0.39049128,0.08224234,0,0,adulto
ICB_03346_001,ICB_133,copd,AKG C417L Microphone,68.0,0,0,2,0.39663196,0.03543187,0,0,adulto
ICB_03346_002,ICB_133,copd,AKG C417L Microphone,68.0,1,0,2,0.4894962,0.055268746,0,1,adulto
ICB_03346_003,ICB_133,copd,AKG C417L Microphone,68.0,0,0,2,0.4511308,0.092028074,0,0,adulto
ICB_03346_004,ICB_133,copd,AKG C417L Microphone,68.0,0,0,2,0.43301612,0.057053607,0,0,adulto
ICB_03346_005,ICB_133,copd,AKG C417L Microphone,68.0,1,0,2,0.3739857,0.04523628,0,1,adulto
ICB_03346_006,ICB_133,copd,AKG C417L Microphone,68.0,0,0,2,0.3655714,0.07429021,0,0,adulto
ICB_03346_007,ICB_133,copd,AKG C417L Microphone,68.0,0,0,2,0.3663019,0.11395215,0,0,adulto
ICB_03346_008,ICB_133,copd,AKG C417L Microphone,68.0,0,0,2,0.37501782,0.05297616,0,0,adulto
ICB_03347_000,ICB_133,copd,AKG C417L Microphone,68.0,0,0,2,0.68102217,0.0007286324,0,0,adulto
ICB_03347_001,ICB_133,copd,AKG C417L Microphone,68.0,0,0,2,0.69070816,0.036717486,0,0,adulto
ICB_03347_002,ICB_133,copd,AKG C417L Microphone,68.0,0,0,2,0.7171572,0.04075518,0,0,adulto
ICB_03347_003,ICB_133,copd,AKG C417L Microphone,68.0,0,0,2,0.7220716,0.03367629,0,0,adulto
ICB_03347_004,ICB_133,copd,AKG C417L Microphone,68.0,0,0,2,0.71061,0.041292757,0,0,adulto
ICB_03347_005,ICB_133,copd,AKG C417L Microphone,68.0,0,0,2,0.7050951,0.0534048,0,0,adulto
ICB_03347_006,ICB_133,copd,AKG C417L Microphone,68.0,0,0,2,0.7456645,0.037028003,0,0,adulto
ICB_03347_007,ICB_133,copd,AKG C417L Microphone,68.0,0,0,2,0.70420766,0.042407963,0,0,adulto
ICB_03348_000,ICB_133,copd,AKG C417L Microphone,68.0,0,0,2,0.50047547,0.0020007999,0,0,adulto
ICB_03348_001,ICB_133,copd,AKG C417L Microphone,68.0,0,0,2,0.7112336,0.08247777,0,0,adulto
ICB_03348_002,ICB_133,copd,AKG C417L Microphone,68.0,0,0,2,0.72614205,0.07060833,0,0,adulto
ICB_03348_003,ICB_133,copd,AKG C417L Microphone,68.0,0,0,2,0.7153961,0.040694714,0,0,adulto
ICB_03348_004,ICB_133,copd,AKG C417L Microphone,68.0,0,0,2,0.76925874,0.049002867,0,0,adulto
ICB_03348_005,ICB_133,copd,AKG C417L Microphone,68.0,0,0,2,0.7079115,0.039769366,0,0,adulto
ICB_03348_006,ICB_133,copd,AKG C417L Microphone,68.0,0,0,2,0.72944957,0.045505755,0,0,adulto
ICB_03348_007,ICB_133,copd,AKG C417L Microphone,68.0,0,0,2,0.75844145,0.038449194,0,0,adulto
ICB_03349_000,ICB_133,copd,AKG C417L Microphone,68.0,1,0,2,0.70317477,0.0030620089,0,1,adulto
ICB_03349_001,ICB_133,copd,AKG C417L Microphone,68.0,1,0,2,0.844484,0.020877909,1,1,adulto
ICB_03349_002,ICB_133,copd,AKG C417L Microphone,68.0,0,0,2,0.8161579,0.053690918,1,0,adulto
ICB_03349_003,ICB_133,copd,AKG C417L Microphone,68.0,1,0,2,0.81478107,0.0573803,1,1,adulto
ICB_03349_004,ICB_133,copd,AKG C417L Microphone,68.0,1,0,2,0.8385237,0.050822493,1,1,adulto
ICB_03349_005,ICB_133,copd,AKG C417L Microphone,68.0,1,0,2,0.83283144,0.05861383,1,1,adulto
ICB_03349_006,ICB_133,copd,AKG C417L Microphone,68.0,1,0,2,0.82499504,0.05502605,1,1,adulto
ICB_03349_007,ICB_133,copd,AKG C417L Microphone,68.0,0,0,2,0.81438935,0.048658546,1,0,adulto
ICB_03350_000,ICB_133,copd,AKG C417L Microphone,68.0,0,0,2,0.5421909,0.00073490123,0,0,adulto
ICB_03350_001,ICB_133,copd,AKG C417L Microphone,68.0,0,0,2,0.7244356,0.044919908,0,0,adulto
ICB_03350_002,ICB_133,copd,AKG C417L Microphone,68.0,0,0,2,0.72516805,0.051219456,0,0,adulto
ICB_03350_003,ICB_133,copd,AKG C417L Microphone,68.0,0,0,2,0.74316597,0.054249898,0,0,adulto
ICB_03350_004,ICB_133,copd,AKG C417L Microphone,68.0,1,0,2,0.772378,0.043832846,0,1,adulto
ICB_03350_005,ICB_133,copd,AKG C417L Microphone,68.0,0,0,2,0.7283299,0.08929283,0,0,adulto
ICB_03350_006,ICB_133,copd,AKG C417L Microphone,68.0,0,0,2,0.7263044,0.051405672,0,0,adulto
ICB_03350_007,ICB_133,copd,AKG C417L Microphone,68.0,0,0,2,0.7554986,0.060563467,0,0,adulto
ICB_03351_000,ICB_133,copd,AKG C417L Microphone,68.0,0,0,2,0.3286437,0.010951837,0,0,adulto
ICB_03351_001,ICB_133,copd,AKG C417L Microphone,68.0,0,0,2,0.41240013,0.05414702,0,0,adulto
ICB_03351_002,ICB_133,copd,AKG C417L Microphone,68.0,0,0,2,0.34150106,0.056738917,0,0,adulto
ICB_03351_003,ICB_133,copd,AKG C417L Microphone,68.0,0,0,2,0.4455015,0.052910786,0,0,adulto
ICB_03351_004,ICB_133,copd,AKG C417L Microphone,68.0,1,0,2,0.41550002,0.041920688,0,1,adulto
ICB_03351_005,ICB_133,copd,AKG C417L Microphone,68.0,0,0,2,0.45776197,0.069545954,0,0,adulto
ICB_03351_006,ICB_133,copd,AKG C417L Microphone,68.0,1,0,2,0.41441384,0.051716473,0,1,adulto
ICB_03351_007,ICB_133,copd,AKG C417L Microphone,68.0,0,0,2,0.43611467,0.11613956,0,0,adulto
ICB_03352_000,ICB_133,copd,AKG C417L Microphone,68.0,0,0,2,0.6854054,0.028035775,0,0,adulto
ICB_03352_001,ICB_133,copd,AKG C417L Microphone,68.0,0,0,2,0.6757426,0.037910312,0,0,adulto
ICB_03352_002,ICB_133,copd,AKG C417L Microphone,68.0,0,0,2,0.7326506,0.04089776,0,0,adulto
ICB_03352_003,ICB_133,copd,AKG C417L Microphone,68.0,0,0,2,0.7415028,0.041328203,0,0,adulto
ICB_03352_004,ICB_133,copd,AKG C417L Microphone,68.0,0,0,2,0.70787716,0.037792258,0,0,adulto
ICB_03352_005,ICB_133,copd,AKG C417L Microphone,68.0,0,1,2,0.77510405,0.6273566,2,2,adulto
ICB_03352_006,ICB_133,copd,AKG C417L Microphone,68.0,0,1,2,0.7201967,0.10525358,0,2,adulto
ICB_03352_007,ICB_133,copd,AKG C417L Microphone,68.0,0,0,2,0.7441578,0.047324825,0,0,adulto
ICB_03353_000,ICB_133,copd,AKG C417L Microphone,68.0,1,0,2,0.74384016,0.027050886,0,1,adulto
ICB_03353_001,ICB_133,copd,AKG C417L Microphone,68.0,0,0,2,0.67724895,0.048385438,0,0,adulto
ICB_03353_002,ICB_133,copd,AKG C417L Microphone,68.0,0,0,2,0.7049524,0.0489033,0,0,adulto
ICB_03353_003,ICB_133,copd,AKG C417L Microphone,68.0,0,0,2,0.6620116,0.055205468,0,0,adulto
ICB_03353_004,ICB_133,copd,AKG C417L Microphone,68.0,0,0,2,0.7127596,0.032682344,0,0,adulto
ICB_03353_005,ICB_133,copd,AKG C417L Microphone,68.0,0,0,2,0.662669,0.063279815,0,0,adulto
ICB_03353_006,ICB_133,copd,AKG C417L Microphone,68.0,0,0,2,0.6822556,0.064190246,0,0,adulto
ICB_03353_007,ICB_133,copd,AKG C417L Microphone,68.0,0,0,2,0.72909516,0.04840299,0,0,adulto
ICB_03354_000,ICB_133,copd,AKG C417L Microphone,68.0,1,0,2,0.79592556,0.06794348,0,1,adulto
ICB_03354_001,ICB_133,copd,AKG C417L Microphone,68.0,1,0,2,0.842682,0.043571677,1,1,adulto
ICB_03354_002,ICB_133,copd,AKG C417L Microphone,68.0,1,0,2,0.8412062,0.04154311,1,1,adulto
ICB_03354_003,ICB_133,copd,AKG C417L Microphone,68.0,1,0,2,0.8429754,0.04992367,1,1,adulto
ICB_03354_004,ICB_133,copd,AKG C417L Microphone,68.0,1,0,2,0.83281124,0.06187035,1,1,adulto
ICB_03354_005,ICB_133,copd,AKG C417L Microphone,68.0,1,0,2,0.8341112,0.07725257,1,1,adulto
ICB_03354_006,ICB_133,copd,AKG C417L Microphone,68.0,1,0,2,0.87698895,0.03750945,1,1,adulto
ICB_03354_007,ICB_133,copd,AKG C417L Microphone,68.0,1,0,2,0.8385476,0.05446805,1,1,adulto
ICB_03355_000,ICB_133,copd,AKG C417L Microphone,68.0,1,0,2,0.7536554,0.057368435,0,1,adulto
ICB_03355_001,ICB_133,copd,AKG C417L Microphone,68.0,0,0,2,0.71345633,0.0641151,0,0,adulto
ICB_03355_002,ICB_133,copd,AKG C417L Microphone,68.0,0,0,2,0.75644135,0.0666863,0,0,adulto
ICB_03355_003,ICB_133,copd,AKG C417L Microphone,68.0,0,0,2,0.7821267,0.04413053,0,0,adulto
ICB_03355_004,ICB_133,copd,AKG C417L Microphone,68.0,0,0,2,0.767709,0.044756066,0,0,adulto
ICB_03355_005,ICB_133,copd,AKG C417L Microphone,68.0,0,0,2,0.74877906,0.056229148,0,0,adulto
ICB_03355_006,ICB_133,copd,AKG C417L Microphone,68.0,0,0,2,0.75539035,0.042188358,0,0,adulto
ICB_03355_007,ICB_133,copd,AKG C417L Microphone,68.0,0,0,2,0.7466501,0.055123053,0,0,adulto
ICB_03356_000,ICB_133,copd,AKG C417L Microphone,68.0,0,0,2,0.2972819,0.025128126,0,0,adulto
ICB_03356_001,ICB_133,copd,AKG C417L Microphone,68.0,1,0,2,0.46580026,0.056211714,0,1,adulto
ICB_03356_002,ICB_133,copd,AKG C417L Microphone,68.0,0,0,2,0.37967947,0.043536548,0,0,adulto
ICB_03356_003,ICB_133,copd,AKG C417L Microphone,68.0,0,0,2,0.34571147,0.043223448,0,0,adulto
ICB_03356_004,ICB_133,copd,AKG C417L Microphone,68.0,0,0,2,0.35639444,0.05364684,0,0,adulto
ICB_03356_005,ICB_133,copd,AKG C417L Microphone,68.0,0,1,2,0.47878593,0.04379613,0,2,adulto
ICB_03356_006,ICB_133,copd,AKG C417L Microphone,68.0,0,1,2,0.4077187,0.16223429,0,2,adulto
ICB_03356_007,ICB_133,copd,AKG C417L Microphone,68.0,0,0,2,0.34048387,0.064817786,0,0,adulto
ICB_03357_000,ICB_133,copd,AKG C417L Microphone,68.0,0,0,2,0.67449045,0.04397988,0,0,adulto
ICB_03357_001,ICB_133,copd,AKG C417L Microphone,68.0,0,1,2,0.7703458,0.060668547,0,2,adulto
ICB_03357_002,ICB_133,copd,AKG C417L Microphone,68.0,0,0,2,0.71543103,0.04607796,0,0,adulto
ICB_03357_003,ICB_133,copd,AKG C417L Microphone,68.0,0,1,2,0.7550713,0.13107172,0,2,adulto
ICB_03357_004,ICB_133,copd,AKG C417L Microphone,68.0,0,1,2,0.7694639,0.17629084,0,2,adulto
ICB_03357_005,ICB_133,copd,AKG C417L Microphone,68.0,0,1,2,0.65717846,0.9547716,2,2,adulto
ICB_03357_006,ICB_133,copd,AKG C417L Microphone,68.0,0,1,2,0.7218861,0.17165312,0,2,adulto
ICB_03357_007,ICB_133,copd,AKG C417L Microphone,68.0,0,1,2,0.60349804,0.40704587,2,2,adulto
ICB_03358_000,ICB_133,copd,AKG C417L Microphone,68.0,0,0,2,0.6668176,0.093897656,0,0,adulto
ICB_03358_001,ICB_133,copd,AKG C417L Microphone,68.0,0,1,2,0.69168824,0.17825222,0,2,adulto
ICB_03358_002,ICB_133,copd,AKG C417L Microphone,68.0,0,1,2,0.6869588,0.0866589,0,2,adulto
ICB_03358_003,ICB_133,copd,AKG C417L Microphone,68.0,0,1,2,0.6611842,0.3410769,0,2,adulto
ICB_03358_004,ICB_133,copd,AKG C417L Microphone,68.0,0,1,2,0.70396507,0.39119357,2,2,adulto
ICB_03358_005,ICB_133,copd,AKG C417L Microphone,68.0,0,1,2,0.6520122,0.9909871,2,2,adulto
ICB_03358_006,ICB_133,copd,AKG C417L Microphone,68.0,0,1,2,0.72748756,0.60801184,2,2,adulto
ICB_03358_007,ICB_133,copd,AKG C417L Microphone,68.0,0,0,2,0.42663595,0.612576,2,0,adulto
ICB_03359_000,ICB_133,copd,AKG C417L Microphone,68.0,1,1,2,0.82431966,0.05932202,1,3,adulto
ICB_03359_001,ICB_133,copd,AKG C417L Microphone,68.0,0,1,2,0.73233145,0.12477632,0,2,adulto
ICB_03359_002,ICB_133,copd,AKG C417L Microphone,68.0,0,0,2,0.7613944,0.06788509,0,0,adulto
ICB_03359_003,ICB_133,copd,AKG C417L Microphone,68.0,0,1,2,0.7010388,0.08823574,0,2,adulto
ICB_03359_004,ICB_133,copd,AKG C417L Microphone,68.0,0,0,2,0.7472218,0.15869121,0,0,adulto
ICB_03359_005,ICB_133,copd,AKG C417L Microphone,68.0,0,1,2,0.73461384,0.1230692,0,2,adulto
ICB_03359_006,ICB_133,copd,AKG C417L Microphone,68.0,0,1,2,0.7776909,0.061056975,0,2,adulto
ICB_03359_007,ICB_133,copd,AKG C417L Microphone,68.0,0,0,2,0.51872516,0.11299048,0,0,adulto
ICB_03360_000,ICB_133,copd,AKG C417L Microphone,68.0,0,1,2,0.6837241,0.8574512,2,2,adulto
ICB_03360_001,ICB_133,copd,AKG C417L Microphone,68.0,0,1,2,0.6836914,0.8277623,2,2,adulto
ICB_03360_002,ICB_133,copd,AKG C417L Microphone,68.0,1,1,2,0.6461447,0.7690785,2,3,adulto
ICB_03360_003,ICB_133,copd,AKG C417L Microphone,68.0,0,1,2,0.4945861,0.5276736,2,2,adulto
ICB_03360_004,ICB_133,copd,AKG C417L Microphone,68.0,0,1,2,0.6400884,0.7595705,2,2,adulto
ICB_03360_005,ICB_133,copd,AKG C417L Microphone,68.0,0,1,2,0.6345684,0.89739287,2,2,adulto
ICB_03360_006,ICB_133,copd,AKG C417L Microphone,68.0,1,1,2,0.696277,0.31687197,0,3,adulto
ICB_03360_007,ICB_133,copd,AKG C417L Microphone,68.0,0,1,2,0.39623138,0.5932259,2,2,adulto
ICB_03361_000,ICB_133,copd,AKG C417L Microphone,68.0,0,1,2,0.34010273,0.7275803,2,2,adulto
ICB_03361_001,ICB_133,copd,AKG C417L Microphone,68.0,0,0,2,0.38687816,0.065931275,0,0,adulto
ICB_03361_002,ICB_133,copd,AKG C417L Microphone,68.0,0,1,2,0.38942957,0.11211889,0,2,adulto
ICB_03361_003,ICB_133,copd,AKG C417L Microphone,68.0,0,1,2,0.4359095,0.5985527,2,2,adulto
ICB_03361_004,ICB_133,copd,AKG C417L Microphone,68.0,0,1,2,0.43083826,0.49779102,2,2,adulto
ICB_03361_005,ICB_133,copd,AKG C417L Microphone,68.0,0,1,2,0.59266114,0.5280437,2,2,adulto
ICB_03361_006,ICB_133,copd,AKG C417L Microphone,68.0,0,1,2,0.39757612,0.30374685,0,2,adulto
ICB_03361_007,ICB_133,copd,AKG C417L Microphone,68.0,0,0,2,0.5329555,0.075810045,0,0,adulto
ICB_03362_000,ICB_134,copd,3M Littmann Classic II SE,61.0,0,0,2,0.7589004,0.06797153,0,0,adulto
ICB_03362_001,ICB_134,copd,3M Littmann Classic II SE,61.0,0,0,2,0.7494137,0.07367004,0,0,adulto
ICB_03362_002,ICB_134,copd,3M Littmann Classic II SE,61.0,0,0,2,0.7339894,0.06409826,0,0,adulto
ICB_03362_003,ICB_134,copd,3M Littmann Classic II SE,61.0,0,0,2,0.70305246,0.064412706,0,0,adulto
ICB_03362_004,ICB_134,copd,3M Littmann Classic II SE,61.0,0,0,2,0.7223064,0.07104674,0,0,adulto
ICB_03363_000,ICB_134,copd,3M Littmann Classic II SE,61.0,0,0,2,0.6591062,0.25849771,0,0,adulto
ICB_03363_001,ICB_134,copd,3M Littmann Classic II SE,61.0,0,0,2,0.6491607,0.12720993,0,0,adulto
ICB_03363_002,ICB_134,copd,3M Littmann Classic II SE,61.0,0,0,2,0.71285605,0.3472647,0,0,adulto
ICB_03363_003,ICB_134,copd,3M Littmann Classic II SE,61.0,0,0,2,0.6610299,0.121300206,0,0,adulto
ICB_03363_004,ICB_134,copd,3M Littmann Classic II SE,61.0,0,0,2,0.6965212,0.17422193,0,0,adulto
ICB_03364_000,ICB_134,copd,3M Littmann Classic II SE,61.0,0,0,2,0.73784864,0.06820532,0,0,adulto
ICB_03364_001,ICB_134,copd,3M Littmann Classic II SE,61.0,0,0,2,0.7301599,0.055600967,0,0,adulto
ICB_03364_002,ICB_134,copd,3M Littmann Classic II SE,61.0,0,0,2,0.73602146,0.048895806,0,0,adulto
ICB_03364_003,ICB_134,copd,3M Littmann Classic II SE,61.0,0,0,2,0.7161996,0.052324444,0,0,adulto
ICB_03364_004,ICB_134,copd,3M Littmann Classic II SE,61.0,0,0,2,0.7355176,0.07647846,0,0,adulto
ICB_03364_005,ICB_134,copd,3M Littmann Classic II SE,61.0,0,0,2,0.66919786,0.06725625,0,0,adulto
ICB_03364_006,ICB_134,copd,3M Littmann Classic II SE,61.0,0,0,2,0.6676987,0.07523044,0,0,adulto
ICB_03365_000,ICB_134,copd,3M Littmann Classic II SE,61.0,0,0,2,0.73411083,0.097591594,0,0,adulto
ICB_03365_001,ICB_134,copd,3M Littmann Classic II SE,61.0,0,0,2,0.73421174,0.10686189,0,0,adulto
ICB_03365_002,ICB_134,copd,3M Littmann Classic II SE,61.0,0,0,2,0.75066286,0.109827995,0,0,adulto
ICB_03365_003,ICB_134,copd,3M Littmann Classic II SE,61.0,0,0,2,0.64614666,0.16072331,0,0,adulto
ICB_03365_004,ICB_134,copd,3M Littmann Classic II SE,61.0,0,0,2,0.76864856,0.11923492,0,0,adulto
ICB_03365_005,ICB_134,copd,3M Littmann Classic II SE,61.0,0,0,2,0.69859064,0.1738463,0,0,adulto
ICB_03365_006,ICB_134,copd,3M Littmann Classic II SE,61.0,0,0,2,0.7001568,0.15557103,0,0,adulto
ICB_03366_000,ICB_134,copd,3M Littmann Classic II SE,61.0,0,0,2,0.74843013,0.09355708,0,0,adulto
ICB_03366_001,ICB_134,copd,3M Littmann Classic II SE,61.0,0,0,2,0.7197197,0.17323029,0,0,adulto
ICB_03366_002,ICB_134,copd,3M Littmann Classic II SE,61.0,0,0,2,0.7258538,0.16594367,0,0,adulto
ICB_03366_003,ICB_134,copd,3M Littmann Classic II SE,61.0,0,1,2,0.72444195,0.103677996,0,2,adulto
ICB_03366_004,ICB_134,copd,3M Littmann Classic II SE,61.0,0,0,2,0.74579483,0.07413998,0,0,adulto
ICB_03366_005,ICB_134,copd,3M Littmann Classic II SE,61.0,0,0,2,0.76235276,0.098177984,0,0,adulto
ICB_03471_000,ICB_151,copd,AKG C417L Microphone,75.0,1,1,2,0.5982694,0.07346352,0,3,adulto
ICB_03471_001,ICB_151,copd,AKG C417L Microphone,75.0,0,1,2,0.6796881,0.06951292,0,2,adulto
ICB_03471_002,ICB_151,copd,AKG C417L Microphone,75.0,1,1,2,0.64370173,0.07927587,0,3,adulto
ICB_03471_003,ICB_151,copd,AKG C417L Microphone,75.0,0,0,2,0.7316933,0.036717445,0,0,adulto
ICB_03471_004,ICB_151,copd,AKG C417L Microphone,75.0,1,0,2,0.7518742,0.04779763,0,1,adulto
ICB_03471_005,ICB_151,copd,AKG C417L Microphone,75.0,0,1,2,0.6084669,0.23019935,0,2,adulto
ICB_03472_000,ICB_151,copd,AKG C417L Microphone,75.0,0,0,2,0.61531293,0.031743605,0,0,adulto
ICB_03472_001,ICB_151,copd,AKG C417L Microphone,75.0,0,0,2,0.64430916,0.07538089,0,0,adulto
ICB_03472_002,ICB_151,copd,AKG C417L Microphone,75.0,0,0,2,0.6633488,0.04943728,0,0,adulto
ICB_03472_003,ICB_151,copd,AKG C417L Microphone,75.0,0,0,2,0.69843674,0.08050893,0,0,adulto
ICB_03472_004,ICB_151,copd,AKG C417L Microphone,75.0,0,0,2,0.73904747,0.0685467,0,0,adulto
ICB_03472_005,ICB_151,copd,AKG C417L Microphone,75.0,0,0,2,0.6443656,0.063703775,0,0,adulto
ICB_03473_000,ICB_151,copd,AKG C417L Microphone,75.0,0,1,2,0.730928,0.050244905,0,2,adulto
ICB_03473_001,ICB_151,copd,AKG C417L Microphone,75.0,1,1,2,0.26108456,0.5693792,2,3,adulto
ICB_03473_002,ICB_151,copd,AKG C417L Microphone,75.0,1,1,2,0.4787781,0.9892181,2,3,adulto
ICB_03473_003,ICB_151,copd,AKG C417L Microphone,75.0,1,0,2,0.79837745,0.05767005,0,1,adulto
ICB_03473_004,ICB_151,copd,AKG C417L Microphone,75.0,1,0,2,0.7678184,0.057008382,0,1,adulto
ICB_03473_005,ICB_151,copd,AKG C417L Microphone,75.0,1,1,2,0.6180718,0.48754606,2,3,adulto
ICB_03474_000,ICB_151,copd,AKG C417L Microphone,75.0,0,1,2,0.6733823,0.057772446,0,2,adulto
ICB_03474_001,ICB_151,copd,AKG C417L Microphone,75.0,0,0,2,0.7591761,0.029904,0,0,adulto
ICB_03474_002,ICB_151,copd,AKG C417L Microphone,75.0,0,0,2,0.8264866,0.03890165,1,0,adulto
ICB_03474_003,ICB_151,copd,AKG C417L Microphone,75.0,1,0,2,0.8253646,0.022076173,1,1,adulto
ICB_03474_004,ICB_151,copd,AKG C417L Microphone,75.0,0,0,2,0.8674879,0.047313,1,0,adulto
ICB_03474_005,ICB_151,copd,AKG C417L Microphone,75.0,0,0,2,0.73694044,0.048113756,0,0,adulto
ICB_03475_000,ICB_151,copd,AKG C417L Microphone,75.0,0,1,2,0.68735653,0.267871,0,2,adulto
ICB_03475_001,ICB_151,copd,AKG C417L Microphone,75.0,0,1,2,0.7286049,0.08910556,0,2,adulto
ICB_03475_002,ICB_151,copd,AKG C417L Microphone,75.0,0,1,2,0.7667583,0.22933066,0,2,adulto
ICB_03475_003,ICB_151,copd,AKG C417L Microphone,75.0,0,0,2,0.8357768,0.07195839,1,0,adulto
ICB_03475_004,ICB_151,copd,AKG C417L Microphone,75.0,0,0,2,0.861444,0.05557291,1,0,adulto
ICB_03475_005,ICB_151,copd,AKG C417L Microphone,75.0,0,1,2,0.76109487,0.41329154,2,2,adulto
ICB_03476_000,ICB_151,copd,AKG C417L Microphone,75.0,0,1,2,0.7552211,0.07174203,0,2,adulto
ICB_03476_001,ICB_151,copd,AKG C417L Microphone,75.0,0,0,2,0.78692263,0.030281048,0,0,adulto
ICB_03476_002,ICB_151,copd,AKG C417L Microphone,75.0,0,0,2,0.76876795,0.095803656,0,0,adulto
ICB_03476_003,ICB_151,copd,AKG C417L Microphone,75.0,0,0,2,0.80540943,0.03762354,1,0,adulto
ICB_03476_004,ICB_151,copd,AKG C417L Microphone,75.0,0,0,2,0.76528066,0.039047513,0,0,adulto
ICB_03476_005,ICB_151,copd,AKG C417L Microphone,75.0,0,0,2,0.7516356,0.069049545,0,0,adulto
ICB_03477_000,ICB_151,copd,AKG C417L Microphone,75.0,0,0,2,0.5244839,0.063048154,0,0,adulto
ICB_03477_001,ICB_151,copd,AKG C417L Microphone,75.0,0,1,2,0.47857642,0.10730969,0,2,adulto
ICB_03477_002,ICB_151,copd,AKG C417L Microphone,75.0,0,0,2,0.50115526,0.063271075,0,0,adulto
ICB_03477_003,ICB_151,copd,AKG C417L Microphone,75.0,0,0,2,0.4972241,0.0887522,0,0,adulto
ICB_03477_004,ICB_151,copd,AKG C417L Microphone,75.0,0,0,2,0.5834346,0.08778684,0,0,adulto
ICB_03477_005,ICB_151,copd,AKG C417L Microphone,75.0,0,1,2,0.52187276,0.108872324,0,2,adulto
ICB_03478_000,ICB_151,copd,AKG C417L Microphone,75.0,1,1,2,0.65858525,0.12548882,0,3,adulto
ICB_03478_001,ICB_151,copd,AKG C417L Microphone,75.0,1,1,2,0.65831834,0.121885136,0,3,adulto
ICB_03478_002,ICB_151,copd,AKG C417L Microphone,75.0,1,1,2,0.6316141,0.2472498,0,3,adulto
ICB_03478_003,ICB_151,copd,AKG C417L Microphone,75.0,0,1,2,0.6547792,0.18642916,0,2,adulto
ICB_03478_004,ICB_151,copd,AKG C417L Microphone,75.0,0,0,2,0.57447714,0.33802852,0,0,adulto
ICB_03478_005,ICB_151,copd,AKG C417L Microphone,75.0,0,0,2,0.6225869,0.6040054,2,0,adulto
ICB_03479_000,ICB_151,copd,AKG C417L Microphone,75.0,0,1,2,0.6472742,0.15122128,0,2,adulto
ICB_03479_001,ICB_151,copd,AKG C417L Microphone,75.0,1,0,2,0.6762075,0.22532427,0,1,adulto
ICB_03479_002,ICB_151,copd,AKG C417L Microphone,75.0,0,1,2,0.604354,0.21560071,0,2,adulto
ICB_03479_003,ICB_151,copd,AKG C417L Microphone,75.0,1,0,2,0.6725598,0.2559708,0,1,adulto
ICB_03479_004,ICB_151,copd,AKG C417L Microphone,75.0,1,0,2,0.672145,0.6531899,2,1,adulto
ICB_03479_005,ICB_151,copd,AKG C417L Microphone,75.0,1,0,2,0.6642832,0.7552397,2,1,adulto
ICB_03480_000,ICB_151,copd,AKG C417L Microphone,75.0,0,1,2,0.5972155,0.33924502,0,2,adulto
ICB_03480_001,ICB_151,copd,AKG C417L Microphone,75.0,0,1,2,0.6642185,0.4906445,2,2,adulto
ICB_03480_002,ICB_151,copd,AKG C417L Microphone,75.0,0,1,2,0.68653375,0.6686157,2,2,adulto
ICB_03480_003,ICB_151,copd,AKG C417L Microphone,75.0,0,1,2,0.5511568,0.9043863,2,2,adulto
ICB_03480_004,ICB_151,copd,AKG C417L Microphone,75.0,1,1,2,0.67565334,0.866675,2,3,adulto
ICB_03480_005,ICB_151,copd,AKG C417L Microphone,75.0,1,1,2,0.54387283,0.8803333,2,3,adulto
ICB_03481_000,ICB_151,copd,AKG C417L Microphone,75.0,0,0,2,0.6362601,0.73710686,2,0,adulto
ICB_03481_001,ICB_151,copd,AKG C417L Microphone,75.0,0,0,2,0.6855297,0.34581074,0,0,adulto
ICB_03481_002,ICB_151,copd,AKG C417L Microphone,75.0,0,0,2,0.6538913,0.3485859,0,0,adulto
ICB_03481_003,ICB_151,copd,AKG C417L Microphone,75.0,0,0,2,0.6668152,0.58393043,2,0,adulto
ICB_03481_004,ICB_151,copd,AKG C417L Microphone,75.0,0,0,2,0.73414654,0.4082054,2,0,adulto
ICB_03481_005,ICB_151,copd,AKG C417L Microphone,75.0,0,0,2,0.6774609,0.77073646,2,0,adulto
ICB_03482_000,ICB_151,copd,AKG C417L Microphone,75.0,0,1,2,0.78289413,0.7232832,2,2,adulto
ICB_03482_001,ICB_151,copd,AKG C417L Microphone,75.0,0,1,2,0.8010492,0.41655368,3,2,adulto
ICB_03482_002,ICB_151,copd,AKG C417L Microphone,75.0,0,1,2,0.7003698,0.34073314,0,2,adulto
ICB_03482_003,ICB_151,copd,AKG C417L Microphone,75.0,0,1,2,0.75981534,0.5417193,2,2,adulto
ICB_03482_004,ICB_151,copd,AKG C417L Microphone,75.0,0,0,2,0.81486815,0.65892094,3,0,adulto
ICB_03482_005,ICB_151,copd,AKG C417L Microphone,75.0,0,1,2,0.7416241,0.6606247,2,2,adulto
ICB_03483_000,ICB_151,copd,AKG C417L Microphone,75.0,0,0,2,0.7340726,0.5020343,2,0,adulto
ICB_03483_001,ICB_151,copd,AKG C417L Microphone,75.0,0,0,2,0.70396763,0.39957446,2,0,adulto
ICB_03483_002,ICB_151,copd,AKG C417L Microphone,75.0,0,0,2,0.68094766,0.4554208,2,0,adulto
ICB_03483_003,ICB_151,copd,AKG C417L Microphone,75.0,0,0,2,0.68547606,0.6853811,2,0,adulto
ICB_03483_004,ICB_151,copd,AKG C417L Microphone,75.0,0,0,2,0.7252915,0.76702416,2,0,adulto
ICB_03483_005,ICB_151,copd,AKG C417L Microphone,75.0,0,0,2,0.6635752,0.63375336,2,0,adulto
ICB_03484_000,ICB_151,copd,AKG C417L Microphone,75.0,0,0,2,0.5438019,0.10639109,0,0,adulto
ICB_03484_001,ICB_151,copd,AKG C417L Microphone,75.0,0,0,2,0.57000935,0.10254227,0,0,adulto
ICB_03484_002,ICB_151,copd,AKG C417L Microphone,75.0,0,0,2,0.5251122,0.07732939,0,0,adulto
ICB_03484_003,ICB_151,copd,AKG C417L Microphone,75.0,0,1,2,0.49180835,0.2926468,0,2,adulto
ICB_03484_004,ICB_151,copd,AKG C417L Microphone,75.0,0,0,2,0.5363153,0.083086245,0,0,adulto
ICB_03484_005,ICB_151,copd,AKG C417L Microphone,75.0,0,1,2,0.62084335,0.4173127,2,2,adulto
ICB_03485_000,ICB_151,copd,AKG C417L Microphone,75.0,0,0,2,0.5393508,0.18345545,0,0,adulto
ICB_03485_001,ICB_151,copd,AKG C417L Microphone,75.0,0,0,2,0.6779362,0.1020638,0,0,adulto
ICB_03485_002,ICB_151,copd,AKG C417L Microphone,75.0,1,0,2,0.67581487,0.04192698,0,1,adulto
ICB_03485_003,ICB_151,copd,AKG C417L Microphone,75.0,1,0,2,0.7769646,0.3314178,0,1,adulto
ICB_03485_004,ICB_151,copd,AKG C417L Microphone,75.0,0,1,2,0.7901147,0.51618946,2,2,adulto
ICB_03485_005,ICB_151,copd,AKG C417L Microphone,75.0,0,0,2,0.71434116,0.037128408,0,0,adulto
ICB_03486_000,ICB_151,copd,AKG C417L Microphone,75.0,1,0,2,0.61967963,0.076947205,0,1,adulto
ICB_03486_001,ICB_151,copd,AKG C417L Microphone,75.0,0,1,2,0.57685655,0.1663843,0,2,adulto
ICB_03486_002,ICB_151,copd,AKG C417L Microphone,75.0,0,1,2,0.62160075,0.10582074,0,2,adulto
ICB_03486_003,ICB_151,copd,AKG C417L Microphone,75.0,0,0,2,0.74760234,0.1372817,0,0,adulto
ICB_03486_004,ICB_151,copd,AKG C417L Microphone,75.0,0,0,2,0.8072093,0.26028785,1,0,adulto
ICB_03486_005,ICB_151,copd,AKG C417L Microphone,75.0,0,0,2,0.72206014,0.04584958,0,0,adulto
ICB_03487_000,ICB_151,copd,AKG C417L Microphone,75.0,1,1,2,0.4273031,0.67737937,2,3,adulto
ICB_03487_001,ICB_151,copd,AKG C417L Microphone,75.0,1,1,2,0.57105726,0.8816718,2,3,adulto
ICB_03487_002,ICB_151,copd,AKG C417L Microphone,75.0,1,1,2,0.71886724,0.09073551,0,3,adulto
ICB_03487_003,ICB_151,copd,AKG C417L Microphone,75.0,1,1,2,0.84020555,0.3023643,1,3,adulto
ICB_03487_004,ICB_151,copd,AKG C417L Microphone,75.0,0,1,2,0.65773094,0.47920674,2,2,adulto
ICB_03487_005,ICB_151,copd,AKG C417L Microphone,75.0,1,0,2,0.70854735,0.052838728,0,1,adulto
ICB_03488_000,ICB_151,copd,AKG C417L Microphone,75.0,0,0,2,0.7105904,0.052135516,0,0,adulto
ICB_03488_001,ICB_151,copd,AKG C417L Microphone,75.0,0,1,2,0.6484017,0.12188883,0,2,adulto
ICB_03488_002,ICB_151,copd,AKG C417L Microphone,75.0,0,0,2,0.7956291,0.03960265,0,0,adulto
ICB_03488_003,ICB_151,copd,AKG C417L Microphone,75.0,0,0,2,0.8303945,0.35618916,3,0,adulto
ICB_03488_004,ICB_151,copd,AKG C417L Microphone,75.0,0,0,2,0.8160003,0.53071135,3,0,adulto
ICB_03488_005,ICB_151,copd,AKG C417L Microphone,75.0,0,0,2,0.75830585,0.025679534,0,0,adulto
ICB_03489_000,ICB_151,copd,AKG C417L Microphone,75.0,1,1,2,0.70947576,0.23564175,0,3,adulto
ICB_03489_001,ICB_151,copd,AKG C417L Microphone,75.0,1,1,2,0.73749244,0.13362391,0,3,adulto
ICB_03489_002,ICB_151,copd,AKG C417L Microphone,75.0,1,1,2,0.7802101,0.09126148,0,3,adulto
ICB_03489_003,ICB_151,copd,AKG C417L Microphone,75.0,1,1,2,0.8373154,0.07235416,1,3,adulto
ICB_03489_004,ICB_151,copd,AKG C417L Microphone,75.0,0,1,2,0.78830624,0.16844183,0,2,adulto
ICB_03489_005,ICB_151,copd,AKG C417L Microphone,75.0,0,0,2,0.8146101,0.03473158,1,0,adulto
ICB_03490_000,ICB_151,copd,AKG C417L Microphone,75.0,0,0,2,0.71699053,0.06125074,0,0,adulto
ICB_03490_001,ICB_151,copd,AKG C417L Microphone,75.0,0,1,2,0.7249853,0.29140365,0,2,adulto
ICB_03490_002,ICB_151,copd,AKG C417L Microphone,75.0,0,0,2,0.7749711,0.07361101,0,0,adulto
ICB_03490_003,ICB_151,copd,AKG C417L Microphone,75.0,0,0,2,0.8297178,0.062334143,1,0,adulto
ICB_03490_004,ICB_151,copd,AKG C417L Microphone,75.0,0,0,2,0.8593317,0.17413393,1,0,adulto
ICB_03490_005,ICB_151,copd,AKG C417L Microphone,75.0,0,0,2,0.73911417,0.03645694,0,0,adulto
ICB_03491_000,ICB_151,copd,AKG C417L Microphone,75.0,0,0,2,0.5035985,0.058482602,0,0,adulto
ICB_03491_001,ICB_151,copd,AKG C417L Microphone,75.0,0,1,2,0.5337831,0.08763303,0,2,adulto
ICB_03491_002,ICB_151,copd,AKG C417L Microphone,75.0,0,1,2,0.47274816,0.12613843,0,2,adulto
ICB_03491_003,ICB_151,copd,AKG C417L Microphone,75.0,0,0,2,0.6820615,0.10209483,0,0,adulto
ICB_03491_004,ICB_151,copd,AKG C417L Microphone,75.0,0,1,2,0.714223,0.22219856,0,2,adulto
ICB_03491_005,ICB_151,copd,AKG C417L Microphone,75.0,0,0,2,0.51001805,0.121082515,0,0,adulto
ICB_03492_000,ICB_151,copd,AKG C417L Microphone,75.0,1,0,2,0.6551091,0.023813248,0,1,adulto
ICB_03492_001,ICB_151,copd,AKG C417L Microphone,75.0,1,1,2,0.72896427,0.1737914,0,3,adulto
ICB_03492_002,ICB_151,copd,AKG C417L Microphone,75.0,1,0,2,0.704386,0.022411328,0,1,adulto
ICB_03492_003,ICB_151,copd,AKG C417L Microphone,75.0,1,0,2,0.79470545,0.027147746,0,1,adulto
ICB_03492_004,ICB_151,copd,AKG C417L Microphone,75.0,1,0,2,0.77402264,0.030306568,0,1,adulto
ICB_03492_005,ICB_151,copd,AKG C417L Microphone,75.0,0,0,2,0.7385722,0.06193407,0,0,adulto
ICB_03493_000,ICB_151,copd,AKG C417L Microphone,75.0,1,0,2,0.5998169,0.04255279,0,1,adulto
ICB_03493_001,ICB_151,copd,AKG C417L Microphone,75.0,1,1,2,0.71415055,0.49138314,2,3,adulto
ICB_03493_002,ICB_151,copd,AKG C417L Microphone,75.0,1,0,2,0.6630653,0.035378244,0,1,adulto
ICB_03493_003,ICB_151,copd,AKG C417L Microphone,75.0,1,0,2,0.6945585,0.039454635,0,1,adulto
ICB_03493_004,ICB_151,copd,AKG C417L Microphone,75.0,1,0,2,0.6178334,0.063357666,0,1,adulto
ICB_03493_005,ICB_151,copd,AKG C417L Microphone,75.0,0,0,2,0.6868345,0.08503322,0,0,adulto
ICB_03494_000,ICB_151,copd,AKG C417L Microphone,75.0,0,1,2,0.61491954,0.12123987,0,2,adulto
ICB_03494_001,ICB_151,copd,AKG C417L Microphone,75.0,1,1,2,0.5703605,0.8075859,2,3,adulto
ICB_03494_002,ICB_151,copd,AKG C417L Microphone,75.0,0,0,2,0.7344979,0.037014987,0,0,adulto
ICB_03494_003,ICB_151,copd,AKG C417L Microphone,75.0,0,0,2,0.7219598,0.034700874,0,0,adulto
ICB_03494_004,ICB_151,copd,AKG C417L Microphone,75.0,0,1,2,0.6858528,0.08449086,0,2,adulto
ICB_03494_005,ICB_151,copd,AKG C417L Microphone,75.0,0,0,2,0.72598547,0.050609868,0,0,adulto
ICB_03495_000,ICB_151,copd,AKG C417L Microphone,75.0,1,0,2,0.7235185,0.15432702,0,1,adulto
ICB_03495_001,ICB_151,copd,AKG C417L Microphone,75.0,1,1,2,0.7420002,0.7526109,2,3,adulto
ICB_03495_002,ICB_151,copd,AKG C417L Microphone,75.0,1,0,2,0.8946566,0.04049053,1,1,adulto
ICB_03495_003,ICB_151,copd,AKG C417L Microphone,75.0,1,0,2,0.8767111,0.034514632,1,1,adulto
ICB_03495_004,ICB_151,copd,AKG C417L Microphone,75.0,1,0,2,0.8126592,0.035683397,1,1,adulto
ICB_03495_005,ICB_151,copd,AKG C417L Microphone,75.0,1,0,2,0.83396757,0.050372846,1,1,adulto
ICB_03496_000,ICB_151,copd,AKG C417L Microphone,75.0,1,1,2,0.6545134,0.116076745,0,3,adulto
ICB_03496_001,ICB_151,copd,AKG C417L Microphone,75.0,1,1,2,0.6446397,0.8637945,2,3,adulto
ICB_03496_002,ICB_151,copd,AKG C417L Microphone,75.0,0,0,2,0.74039173,0.078658774,0,0,adulto
ICB_03496_003,ICB_151,copd,AKG C417L Microphone,75.0,0,0,2,0.68899924,0.07669179,0,0,adulto
ICB_03496_004,ICB_151,copd,AKG C417L Microphone,75.0,0,0,2,0.6358213,0.07563923,0,0,adulto
ICB_03496_005,ICB_151,copd,AKG C417L Microphone,75.0,0,0,2,0.64424044,0.11428872,0,0,adulto
ICB_03497_000,ICB_151,copd,AKG C417L Microphone,75.0,0,0,2,0.09307712,0.0066336994,0,0,adulto
ICB_03497_001,ICB_151,copd,AKG C417L Microphone,75.0,0,1,2,0.24612387,0.66454345,2,2,adulto
ICB_03497_002,ICB_151,copd,AKG C417L Microphone,75.0,0,0,2,0.2017626,0.030957365,0,0,adulto
ICB_03497_003,ICB_151,copd,AKG C417L Microphone,75.0,0,0,2,0.17121135,0.04192067,0,0,adulto
ICB_03497_004,ICB_151,copd,AKG C417L Microphone,75.0,0,0,2,0.10759366,0.064228125,0,0,adulto
ICB_03497_005,ICB_151,copd,AKG C417L Microphone,75.0,0,0,2,0.16308779,0.047612503,0,0,adulto
ICB_03498_000,ICB_151,copd,AKG C417L Microphone,75.0,1,0,2,0.79300797,0.029286265,0,1,adulto
ICB_03498_001,ICB_151,copd,AKG C417L Microphone,75.0,1,1,2,0.8068423,0.21099769,1,3,adulto
ICB_03498_002,ICB_151,copd,AKG C417L Microphone,75.0,1,1,2,0.82268655,0.057635367,1,3,adulto
ICB_03498_003,ICB_151,copd,AKG C417L Microphone,75.0,1,0,2,0.80626845,0.06700707,1,1,adulto
ICB_03498_004,ICB_151,copd,AKG C417L Microphone,75.0,1,0,2,0.8758339,0.057271607,1,1,adulto
ICB_03498_005,ICB_151,copd,AKG C417L Microphone,75.0,0,0,2,0.86204207,0.08313646,1,0,adulto
ICB_03501_000,ICB_154,copd,AKG C417L Microphone,65.0,1,0,2,0.7152954,0.09516979,0,1,adulto
ICB_03501_001,ICB_154,copd,AKG C417L Microphone,65.0,1,0,2,0.6633311,0.16873772,0,1,adulto
ICB_03501_002,ICB_154,copd,AKG C417L Microphone,65.0,1,0,2,0.6583123,0.14855318,0,1,adulto
ICB_03501_003,ICB_154,copd,AKG C417L Microphone,65.0,1,0,2,0.67077243,0.34303764,0,1,adulto
ICB_03501_004,ICB_154,copd,AKG C417L Microphone,65.0,0,0,2,0.69309217,0.16625284,0,0,adulto
ICB_03501_005,ICB_154,copd,AKG C417L Microphone,65.0,0,0,2,0.6545237,0.12308712,0,0,adulto
ICB_03501_006,ICB_154,copd,AKG C417L Microphone,65.0,1,0,2,0.6264443,0.1075722,0,1,adulto
ICB_03501_007,ICB_154,copd,AKG C417L Microphone,65.0,1,0,2,0.71954757,0.21922547,0,1,adulto
ICB_03501_008,ICB_154,copd,AKG C417L Microphone,65.0,0,0,2,0.672417,0.17618096,0,0,adulto
ICB_03501_009,ICB_154,copd,AKG C417L Microphone,65.0,1,0,2,0.6933566,0.15114978,0,1,adulto
ICB_03501_010,ICB_154,copd,AKG C417L Microphone,65.0,1,0,2,0.6838828,0.11275507,0,1,adulto
ICB_03501_011,ICB_154,copd,AKG C417L Microphone,65.0,1,0,2,0.61610436,0.12585162,0,1,adulto
ICB_03502_000,ICB_154,copd,AKG C417L Microphone,65.0,0,0,2,0.40091747,0.113243096,0,0,adulto
ICB_03502_001,ICB_154,copd,AKG C417L Microphone,65.0,0,0,2,0.43803942,0.117857285,0,0,adulto
ICB_03502_002,ICB_154,copd,AKG C417L Microphone,65.0,0,0,2,0.3926356,0.077588044,0,0,adulto
ICB_03502_003,ICB_154,copd,AKG C417L Microphone,65.0,0,0,2,0.42528713,0.074104115,0,0,adulto
ICB_03502_004,ICB_154,copd,AKG C417L Microphone,65.0,0,0,2,0.39432752,0.10554902,0,0,adulto
ICB_03502_005,ICB_154,copd,AKG C417L Microphone,65.0,1,0,2,0.40088746,0.07778789,0,1,adulto
ICB_03502_006,ICB_154,copd,AKG C417L Microphone,65.0,0,0,2,0.34812272,0.08191326,0,0,adulto
ICB_03502_007,ICB_154,copd,AKG C417L Microphone,65.0,0,0,2,0.42705896,0.092335716,0,0,adulto
ICB_03502_008,ICB_154,copd,AKG C417L Microphone,65.0,0,0,2,0.38493323,0.08126405,0,0,adulto
ICB_03502_009,ICB_154,copd,AKG C417L Microphone,65.0,0,0,2,0.3591646,0.06463831,0,0,adulto
ICB_03502_010,ICB_154,copd,AKG C417L Microphone,65.0,0,0,2,0.3791311,0.09462362,0,0,adulto
ICB_03502_011,ICB_154,copd,AKG C417L Microphone,65.0,0,0,2,0.4372871,0.08297301,0,0,adulto
ICB_03503_000,ICB_154,copd,AKG C417L Microphone,65.0,1,0,2,0.7127838,0.09462534,0,1,adulto
ICB_03503_001,ICB_154,copd,AKG C417L Microphone,65.0,1,0,2,0.7465361,0.1131081,0,1,adulto
ICB_03503_002,ICB_154,copd,AKG C417L Microphone,65.0,1,0,2,0.7246381,0.11969393,0,1,adulto
ICB_03503_003,ICB_154,copd,AKG C417L Microphone,65.0,1,0,2,0.73868895,0.12603697,0,1,adulto
ICB_03503_004,ICB_154,copd,AKG C417L Microphone,65.0,1,0,2,0.755842,0.1135238,0,1,adulto
ICB_03503_005,ICB_154,copd,AKG C417L Microphone,65.0,1,0,2,0.74093556,0.078605525,0,1,adulto
ICB_03503_006,ICB_154,copd,AKG C417L Microphone,65.0,1,0,2,0.71802026,0.07832881,0,1,adulto
ICB_03503_007,ICB_154,copd,AKG C417L Microphone,65.0,1,0,2,0.7197004,0.096409604,0,1,adulto
ICB_03503_008,ICB_154,copd,AKG C417L Microphone,65.0,1,0,2,0.723033,0.09746543,0,1,adulto
ICB_03503_009,ICB_154,copd,AKG C417L Microphone,65.0,1,0,2,0.7371371,0.083931044,0,1,adulto
ICB_03503_010,ICB_154,copd,AKG C417L Microphone,65.0,1,0,2,0.7230013,0.10815224,0,1,adulto
ICB_03503_011,ICB_154,copd,AKG C417L Microphone,65.0,0,0,2,0.65576106,0.13114701,0,0,adulto
ICB_03504_000,ICB_154,copd,AKG C417L Microphone,65.0,1,0,2,0.69361925,0.07747421,0,1,adulto
ICB_03504_001,ICB_154,copd,AKG C417L Microphone,65.0,0,0,2,0.6109449,0.21529451,0,0,adulto
ICB_03504_002,ICB_154,copd,AKG C417L Microphone,65.0,0,0,2,0.6746086,0.15263285,0,0,adulto
ICB_03504_003,ICB_154,copd,AKG C417L Microphone,65.0,0,0,2,0.7041909,0.34986988,0,0,adulto
ICB_03504_004,ICB_154,copd,AKG C417L Microphone,65.0,0,0,2,0.67418087,0.17928499,0,0,adulto
ICB_03504_005,ICB_154,copd,AKG C417L Microphone,65.0,1,0,2,0.67807406,0.09068332,0,1,adulto
ICB_03504_006,ICB_154,copd,AKG C417L Microphone,65.0,0,0,2,0.6082644,0.1325554,0,0,adulto
ICB_03504_007,ICB_154,copd,AKG C417L Microphone,65.0,0,0,2,0.67953676,0.23173247,0,0,adulto
ICB_03504_008,ICB_154,copd,AKG C417L Microphone,65.0,0,0,2,0.62094945,0.13284934,0,0,adulto
ICB_03504_009,ICB_154,copd,AKG C417L Microphone,65.0,0,0,2,0.68564,0.18159583,0,0,adulto
ICB_03504_010,ICB_154,copd,AKG C417L Microphone,65.0,0,0,2,0.6480501,0.109866366,0,0,adulto
ICB_03504_011,ICB_154,copd,AKG C417L Microphone,65.0,0,0,2,0.61348444,0.12528096,0,0,adulto
ICB_03505_000,ICB_154,copd,AKG C417L Microphone,65.0,1,0,2,0.72460705,0.111678876,0,1,adulto
ICB_03505_001,ICB_154,copd,AKG C417L Microphone,65.0,1,0,2,0.7148208,0.2057237,0,1,adulto
ICB_03505_002,ICB_154,copd,AKG C417L Microphone,65.0,1,0,2,0.7010295,0.09437552,0,1,adulto
ICB_03505_003,ICB_154,copd,AKG C417L Microphone,65.0,1,0,2,0.71187377,0.10948069,0,1,adulto
ICB_03505_004,ICB_154,copd,AKG C417L Microphone,65.0,1,0,2,0.7351166,0.15753987,0,1,adulto
ICB_03505_005,ICB_154,copd,AKG C417L Microphone,65.0,1,0,2,0.75137234,0.097493544,0,1,adulto
ICB_03505_006,ICB_154,copd,AKG C417L Microphone,65.0,1,0,2,0.71426696,0.104518555,0,1,adulto
ICB_03505_007,ICB_154,copd,AKG C417L Microphone,65.0,1,0,2,0.71676964,0.11470317,0,1,adulto
ICB_03505_008,ICB_154,copd,AKG C417L Microphone,65.0,1,0,2,0.6995671,0.09343205,0,1,adulto
ICB_03505_009,ICB_154,copd,AKG C417L Microphone,65.0,1,0,2,0.7305928,0.10720235,0,1,adulto
ICB_03505_010,ICB_154,copd,AKG C417L Microphone,65.0,0,0,2,0.6914939,0.109898895,0,0,adulto
ICB_03505_011,ICB_154,copd,AKG C417L Microphone,65.0,0,0,2,0.7208241,0.16146183,0,0,adulto
ICB_03506_000,ICB_154,copd,AKG C417L Microphone,65.0,1,0,2,0.60246015,0.10974935,0,1,adulto
ICB_03506_001,ICB_154,copd,AKG C417L Microphone,65.0,0,0,2,0.57555,0.11655788,0,0,adulto
ICB_03506_002,ICB_154,copd,AKG C417L Microphone,65.0,1,0,2,0.6303613,0.11715701,0,1,adulto
ICB_03506_003,ICB_154,copd,AKG C417L Microphone,65.0,1,0,2,0.61584777,0.16810606,0,1,adulto
ICB_03506_004,ICB_154,copd,AKG C417L Microphone,65.0,1,0,2,0.62040204,0.23942833,0,1,adulto
ICB_03506_005,ICB_154,copd,AKG C417L Microphone,65.0,1,0,2,0.62472874,0.11266406,0,1,adulto
ICB_03506_006,ICB_154,copd,AKG C417L Microphone,65.0,0,0,2,0.46976066,0.13419989,0,0,adulto
ICB_03506_007,ICB_154,copd,AKG C417L Microphone,65.0,0,0,2,0.5895522,0.11718034,0,0,adulto
ICB_03506_008,ICB_154,copd,AKG C417L Microphone,65.0,0,0,2,0.49465933,0.16079114,0,0,adulto
ICB_03506_009,ICB_154,copd,AKG C417L Microphone,65.0,1,0,2,0.63307744,0.063046746,0,1,adulto
ICB_03506_010,ICB_154,copd,AKG C417L Microphone,65.0,1,0,2,0.5500099,0.090336904,0,1,adulto
ICB_03506_011,ICB_154,copd,AKG C417L Microphone,65.0,1,0,2,0.5575583,0.21051562,0,1,adulto
ICB_03507_000,ICB_154,copd,AKG C417L Microphone,65.0,0,0,2,0.5278033,0.2819745,0,0,adulto
ICB_03507_001,ICB_154,copd,AKG C417L Microphone,65.0,0,0,2,0.46673787,0.3386158,0,0,adulto
ICB_03507_002,ICB_154,copd,AKG C417L Microphone,65.0,0,0,2,0.5104875,0.3930948,2,0,adulto
ICB_03507_003,ICB_154,copd,AKG C417L Microphone,65.0,0,0,2,0.452129,0.20516782,0,0,adulto
ICB_03507_004,ICB_154,copd,AKG C417L Microphone,65.0,0,0,2,0.5476649,0.7918455,2,0,adulto
ICB_03507_005,ICB_154,copd,AKG C417L Microphone,65.0,0,0,2,0.46759087,0.24982896,0,0,adulto
ICB_03507_006,ICB_154,copd,AKG C417L Microphone,65.0,0,0,2,0.48423722,0.26372302,0,0,adulto
ICB_03507_007,ICB_154,copd,AKG C417L Microphone,65.0,0,0,2,0.53812164,0.2510152,0,0,adulto
ICB_03507_008,ICB_154,copd,AKG C417L Microphone,65.0,0,0,2,0.5443547,0.80160385,2,0,adulto
ICB_03507_009,ICB_154,copd,AKG C417L Microphone,65.0,0,0,2,0.56173414,0.21326122,0,0,adulto
ICB_03507_010,ICB_154,copd,AKG C417L Microphone,65.0,0,0,2,0.44027528,0.39002377,2,0,adulto
ICB_03507_011,ICB_154,copd,AKG C417L Microphone,65.0,0,0,2,0.45871103,0.6316339,2,0,adulto
ICB_03508_000,ICB_154,copd,AKG C417L Microphone,65.0,0,0,2,0.76274645,0.05790215,0,0,adulto
ICB_03508_001,ICB_154,copd,AKG C417L Microphone,65.0,0,0,2,0.64452535,0.30861828,0,0,adulto
ICB_03508_002,ICB_154,copd,AKG C417L Microphone,65.0,1,0,2,0.7399185,0.063335344,0,1,adulto
ICB_03508_003,ICB_154,copd,AKG C417L Microphone,65.0,1,0,2,0.7539409,0.26378936,0,1,adulto
ICB_03508_004,ICB_154,copd,AKG C417L Microphone,65.0,1,0,2,0.7790891,0.1015913,0,1,adulto
ICB_03508_005,ICB_154,copd,AKG C417L Microphone,65.0,1,0,2,0.76944786,0.107520856,0,1,adulto
ICB_03508_006,ICB_154,copd,AKG C417L Microphone,65.0,1,0,2,0.80852914,0.13557713,1,1,adulto
ICB_03509_000,ICB_154,copd,AKG C417L Microphone,65.0,0,0,2,0.47907576,0.16664265,0,0,adulto
ICB_03509_001,ICB_154,copd,AKG C417L Microphone,65.0,0,0,2,0.39795032,0.44095084,2,0,adulto
ICB_03509_002,ICB_154,copd,AKG C417L Microphone,65.0,0,0,2,0.47922438,0.038353592,0,0,adulto
ICB_03509_003,ICB_154,copd,AKG C417L Microphone,65.0,0,0,2,0.49703196,0.23002902,0,0,adulto
ICB_03509_004,ICB_154,copd,AKG C417L Microphone,65.0,1,0,2,0.4957745,0.114253625,0,1,adulto
ICB_03509_005,ICB_154,copd,AKG C417L Microphone,65.0,1,0,2,0.61404854,0.13795915,0,1,adulto
ICB_03509_006,ICB_154,copd,AKG C417L Microphone,65.0,0,0,2,0.59667957,0.27800104,0,0,adulto
ICB_03510_000,ICB_154,copd,AKG C417L Microphone,65.0,1,0,2,0.7825768,0.06671231,0,1,adulto
ICB_03510_001,ICB_154,copd,AKG C417L Microphone,65.0,1,0,2,0.73738337,0.21917607,0,1,adulto
ICB_03510_002,ICB_154,copd,AKG C417L Microphone,65.0,1,0,2,0.81922257,0.09373794,1,1,adulto
ICB_03510_003,ICB_154,copd,AKG C417L Microphone,65.0,1,0,2,0.7773275,0.22565243,0,1,adulto
ICB_03510_004,ICB_154,copd,AKG C417L Microphone,65.0,1,0,2,0.78787327,0.078491926,0,1,adulto
ICB_03510_005,ICB_154,copd,AKG C417L Microphone,65.0,1,0,2,0.79182214,0.08281735,0,1,adulto
ICB_03510_006,ICB_154,copd,AKG C417L Microphone,65.0,1,0,2,0.75151163,0.21814656,0,1,adulto
ICB_03511_000,ICB_154,copd,AKG C417L Microphone,65.0,1,0,2,0.8034626,0.09836896,1,1,adulto
ICB_03511_001,ICB_154,copd,AKG C417L Microphone,65.0,1,0,2,0.6006567,0.1617433,0,1,adulto
ICB_03511_002,ICB_154,copd,AKG C417L Microphone,65.0,1,0,2,0.77951854,0.031460445,0,1,adulto
ICB_03511_003,ICB_154,copd,AKG C417L Microphone,65.0,1,0,2,0.7483156,0.14269735,0,1,adulto
ICB_03511_004,ICB_154,copd,AKG C417L Microphone,65.0,1,0,2,0.8373856,0.027296163,1,1,adulto
ICB_03511_005,ICB_154,copd,AKG C417L Microphone,65.0,1,0,2,0.8793992,0.036186624,1,1,adulto
ICB_03511_006,ICB_154,copd,AKG C417L Microphone,65.0,1,0,2,0.8611231,0.030031733,1,1,adulto
ICB_03512_000,ICB_154,copd,AKG C417L Microphone,65.0,1,0,2,0.78364074,0.047430452,0,1,adulto
ICB_03512_001,ICB_154,copd,AKG C417L Microphone,65.0,1,0,2,0.79441595,0.08997437,0,1,adulto
ICB_03512_002,ICB_154,copd,AKG C417L Microphone,65.0,1,0,2,0.81165546,0.04128572,1,1,adulto
ICB_03512_003,ICB_154,copd,AKG C417L Microphone,65.0,1,0,2,0.78991634,0.1929859,0,1,adulto
ICB_03512_004,ICB_154,copd,AKG C417L Microphone,65.0,1,0,2,0.81153464,0.04918381,1,1,adulto
ICB_03512_005,ICB_154,copd,AKG C417L Microphone,65.0,1,0,2,0.77856195,0.033306852,0,1,adulto
ICB_03512_006,ICB_154,copd,AKG C417L Microphone,65.0,1,0,2,0.7438082,0.05120841,0,1,adulto
ICB_03513_000,ICB_154,copd,AKG C417L Microphone,65.0,0,0,2,0.7841784,0.057842977,0,0,adulto
ICB_03513_001,ICB_154,copd,AKG C417L Microphone,65.0,0,0,2,0.52980584,0.16676651,0,0,adulto
ICB_03513_002,ICB_154,copd,AKG C417L Microphone,65.0,1,0,2,0.73216003,0.110187605,0,1,adulto
ICB_03513_003,ICB_154,copd,AKG C417L Microphone,65.0,0,0,2,0.61945695,0.30457786,0,0,adulto
ICB_03513_004,ICB_154,copd,AKG C417L Microphone,65.0,0,0,2,0.7459326,0.12368229,0,0,adulto
ICB_03513_005,ICB_154,copd,AKG C417L Microphone,65.0,1,0,2,0.7976786,0.109574735,0,1,adulto
ICB_03513_006,ICB_154,copd,AKG C417L Microphone,65.0,0,0,2,0.79814553,0.8797703,2,0,adulto
ICB_03514_000,ICB_154,copd,AKG C417L Microphone,65.0,0,0,2,0.64590806,0.2780882,0,0,adulto
ICB_03514_001,ICB_154,copd,AKG C417L Microphone,65.0,0,0,2,0.5179742,0.44923952,2,0,adulto
ICB_03514_002,ICB_154,copd,AKG C417L Microphone,65.0,0,0,2,0.60818744,0.21553838,0,0,adulto
ICB_03514_003,ICB_154,copd,AKG C417L Microphone,65.0,0,0,2,0.6321574,0.3397014,0,0,adulto
ICB_03514_004,ICB_154,copd,AKG C417L Microphone,65.0,0,0,2,0.7381704,0.23343347,0,0,adulto
ICB_03514_005,ICB_154,copd,AKG C417L Microphone,65.0,0,0,2,0.76652163,0.13704921,0,0,adulto
ICB_03514_006,ICB_154,copd,AKG C417L Microphone,65.0,0,0,2,0.67445445,0.41843683,2,0,adulto
ICB_03515_000,ICB_154,copd,AKG C417L Microphone,65.0,0,0,2,0.8726973,0.05139009,1,0,adulto
ICB_03515_001,ICB_154,copd,AKG C417L Microphone,65.0,0,0,2,0.7826873,0.044547774,0,0,adulto
ICB_03515_002,ICB_154,copd,AKG C417L Microphone,65.0,1,0,2,0.8118334,0.026357953,1,1,adulto
ICB_03515_003,ICB_154,copd,AKG C417L Microphone,65.0,0,0,2,0.8566754,0.03331975,1,0,adulto
ICB_03515_004,ICB_154,copd,AKG C417L Microphone,65.0,1,0,2,0.88801414,0.079947956,1,1,adulto
ICB_03516_000,ICB_154,copd,AKG C417L Microphone,65.0,0,0,2,0.6363656,0.15155573,0,0,adulto
ICB_03516_001,ICB_154,copd,AKG C417L Microphone,65.0,1,0,2,0.5380247,0.101130255,0,1,adulto
ICB_03516_002,ICB_154,copd,AKG C417L Microphone,65.0,1,0,2,0.54665923,0.17630234,0,1,adulto
ICB_03516_003,ICB_154,copd,AKG C417L Microphone,65.0,1,0,2,0.7774876,0.20723112,0,1,adulto
ICB_03516_004,ICB_154,copd,AKG C417L Microphone,65.0,1,0,2,0.64602494,0.27825797,0,1,adulto
ICB_03517_000,ICB_154,copd,AKG C417L Microphone,65.0,1,0,2,0.83889383,0.10223107,1,1,adulto
ICB_03517_001,ICB_154,copd,AKG C417L Microphone,65.0,1,0,2,0.8103555,0.045960866,1,1,adulto
ICB_03517_002,ICB_154,copd,AKG C417L Microphone,65.0,1,0,2,0.7802893,0.037324224,0,1,adulto
ICB_03517_003,ICB_154,copd,AKG C417L Microphone,65.0,1,0,2,0.73650944,0.0617007,0,1,adulto
ICB_03517_004,ICB_154,copd,AKG C417L Microphone,65.0,0,0,2,0.8145062,0.1774529,1,0,adulto
ICB_03518_000,ICB_154,copd,AKG C417L Microphone,65.0,1,0,2,0.7522425,0.07632026,0,1,adulto
ICB_03518_001,ICB_154,copd,AKG C417L Microphone,65.0,1,1,2,0.81361663,0.04960106,1,3,adulto
ICB_03518_002,ICB_154,copd,AKG C417L Microphone,65.0,1,0,2,0.7600541,0.10053893,0,1,adulto
ICB_03518_003,ICB_154,copd,AKG C417L Microphone,65.0,1,0,2,0.79294854,0.0594422,0,1,adulto
ICB_03518_004,ICB_154,copd,AKG C417L Microphone,65.0,1,0,2,0.7464206,0.084648006,0,1,adulto
ICB_03518_005,ICB_154,copd,AKG C417L Microphone,65.0,1,0,2,0.8229519,0.038512222,1,1,adulto
ICB_03518_006,ICB_154,copd,AKG C417L Microphone,65.0,0,0,2,0.72639894,0.074391164,0,0,adulto
ICB_03518_007,ICB_154,copd,AKG C417L Microphone,65.0,1,0,2,0.70381296,0.096206255,0,1,adulto
ICB_03518_008,ICB_154,copd,AKG C417L Microphone,65.0,1,0,2,0.71444976,0.042806953,0,1,adulto
ICB_03518_009,ICB_154,copd,AKG C417L Microphone,65.0,0,0,2,0.7190185,0.057985574,0,0,adulto
ICB_03519_000,ICB_154,copd,AKG C417L Microphone,65.0,1,0,2,0.5479876,0.074459255,0,1,adulto
ICB_03519_001,ICB_154,copd,AKG C417L Microphone,65.0,1,0,2,0.47710896,0.06675561,0,1,adulto
ICB_03519_002,ICB_154,copd,AKG C417L Microphone,65.0,1,0,2,0.4048606,0.20495635,0,1,adulto
ICB_03519_003,ICB_154,copd,AKG C417L Microphone,65.0,1,0,2,0.5324363,0.07036345,0,1,adulto
ICB_03519_004,ICB_154,copd,AKG C417L Microphone,65.0,0,0,2,0.54176676,0.17411393,0,0,adulto
ICB_03519_005,ICB_154,copd,AKG C417L Microphone,65.0,1,0,2,0.39213094,0.08682285,0,1,adulto
ICB_03519_006,ICB_154,copd,AKG C417L Microphone,65.0,1,0,2,0.6732276,0.08292956,0,1,adulto
ICB_03519_007,ICB_154,copd,AKG C417L Microphone,65.0,0,0,2,0.51104665,0.080375105,0,0,adulto
ICB_03519_008,ICB_154,copd,AKG C417L Microphone,65.0,1,0,2,0.53499526,0.06848662,0,1,adulto
ICB_03519_009,ICB_154,copd,AKG C417L Microphone,65.0,0,0,2,0.4620927,0.03778206,0,0,adulto
ICB_03520_000,ICB_154,copd,AKG C417L Microphone,65.0,0,0,2,0.6206535,0.07484828,0,0,adulto
ICB_03520_001,ICB_154,copd,AKG C417L Microphone,65.0,0,0,2,0.6534116,0.08423296,0,0,adulto
ICB_03520_002,ICB_154,copd,AKG C417L Microphone,65.0,0,0,2,0.73393995,0.20355798,0,0,adulto
ICB_03520_003,ICB_154,copd,AKG C417L Microphone,65.0,0,0,2,0.70371854,0.028896824,0,0,adulto
ICB_03520_004,ICB_154,copd,AKG C417L Microphone,65.0,0,0,2,0.72212446,0.05210581,0,0,adulto
ICB_03520_005,ICB_154,copd,AKG C417L Microphone,65.0,0,0,2,0.532811,0.14194861,0,0,adulto
ICB_03520_006,ICB_154,copd,AKG C417L Microphone,65.0,0,0,2,0.7504041,0.0790927,0,0,adulto
ICB_03520_007,ICB_154,copd,AKG C417L Microphone,65.0,0,0,2,0.71663845,0.029710786,0,0,adulto
ICB_03520_008,ICB_154,copd,AKG C417L Microphone,65.0,0,0,2,0.71464574,0.028649317,0,0,adulto
ICB_03520_009,ICB_154,copd,AKG C417L Microphone,65.0,0,0,2,0.7073829,0.05806854,0,0,adulto
ICB_03521_000,ICB_154,copd,AKG C417L Microphone,65.0,1,0,2,0.7169064,0.06169039,0,1,adulto
ICB_03521_001,ICB_154,copd,AKG C417L Microphone,65.0,1,0,2,0.7244176,0.06277051,0,1,adulto
ICB_03521_002,ICB_154,copd,AKG C417L Microphone,65.0,1,0,2,0.708972,0.04106292,0,1,adulto
ICB_03521_003,ICB_154,copd,AKG C417L Microphone,65.0,1,0,2,0.73871875,0.06776735,0,1,adulto
ICB_03521_004,ICB_154,copd,AKG C417L Microphone,65.0,1,0,2,0.6851844,0.13361202,0,1,adulto
ICB_03521_005,ICB_154,copd,AKG C417L Microphone,65.0,1,0,2,0.5843327,0.05655535,0,1,adulto
ICB_03521_006,ICB_154,copd,AKG C417L Microphone,65.0,1,0,2,0.7324124,0.05483804,0,1,adulto
ICB_03521_007,ICB_154,copd,AKG C417L Microphone,65.0,1,0,2,0.7443225,0.070262395,0,1,adulto
ICB_03521_008,ICB_154,copd,AKG C417L Microphone,65.0,1,0,2,0.69058466,0.052025396,0,1,adulto
ICB_03521_009,ICB_154,copd,AKG C417L Microphone,65.0,0,0,2,0.7069725,0.05114002,0,0,adulto
ICB_03522_000,ICB_154,copd,AKG C417L Microphone,65.0,1,0,2,0.7877052,0.071206056,0,1,adulto
ICB_03522_001,ICB_154,copd,AKG C417L Microphone,65.0,1,0,2,0.7369943,0.06265175,0,1,adulto
ICB_03522_002,ICB_154,copd,AKG C417L Microphone,65.0,1,0,2,0.72466326,0.07097746,0,1,adulto
ICB_03522_003,ICB_154,copd,AKG C417L Microphone,65.0,0,0,2,0.7428226,0.053598978,0,0,adulto
ICB_03522_004,ICB_154,copd,AKG C417L Microphone,65.0,0,0,2,0.70859176,0.05488364,0,0,adulto
ICB_03522_005,ICB_154,copd,AKG C417L Microphone,65.0,0,0,2,0.77295196,0.08977522,0,0,adulto
ICB_03522_006,ICB_154,copd,AKG C417L Microphone,65.0,0,0,2,0.7721155,0.0671199,0,0,adulto
ICB_03522_007,ICB_154,copd,AKG C417L Microphone,65.0,1,0,2,0.7284857,0.06323891,0,1,adulto
ICB_03522_008,ICB_154,copd,AKG C417L Microphone,65.0,1,0,2,0.7545673,0.051302847,0,1,adulto
ICB_03522_009,ICB_154,copd,AKG C417L Microphone,65.0,0,0,2,0.7048069,0.09386588,0,0,adulto
ICB_03523_000,ICB_154,copd,AKG C417L Microphone,65.0,1,0,2,0.7883544,0.03609956,0,1,adulto
ICB_03523_001,ICB_154,copd,AKG C417L Microphone,65.0,0,0,2,0.71176463,0.05170509,0,0,adulto
ICB_03523_002,ICB_154,copd,AKG C417L Microphone,65.0,0,0,2,0.73719716,0.35283938,2,0,adulto
ICB_03523_003,ICB_154,copd,AKG C417L Microphone,65.0,0,0,2,0.76571876,0.05551875,0,0,adulto
ICB_03523_004,ICB_154,copd,AKG C417L Microphone,65.0,0,0,2,0.74678475,0.088825,0,0,adulto
ICB_03523_005,ICB_154,copd,AKG C417L Microphone,65.0,0,0,2,0.6483832,0.113646545,0,0,adulto
ICB_03523_006,ICB_154,copd,AKG C417L Microphone,65.0,0,0,2,0.74024063,0.027970562,0,0,adulto
ICB_03523_007,ICB_154,copd,AKG C417L Microphone,65.0,1,0,2,0.7312457,0.059851676,0,1,adulto
ICB_03523_008,ICB_154,copd,AKG C417L Microphone,65.0,0,0,2,0.711351,0.046037182,0,0,adulto
ICB_03523_009,ICB_154,copd,AKG C417L Microphone,65.0,0,0,2,0.6994953,0.037473362,0,0,adulto
ICB_03547_000,ICB_158,copd,3M Littmann Classic II SE,63.0,0,0,2,0.6622764,0.09105899,0,0,adulto
ICB_03547_001,ICB_158,copd,3M Littmann Classic II SE,63.0,0,0,2,0.689769,0.1275112,0,0,adulto
ICB_03547_002,ICB_158,copd,3M Littmann Classic II SE,63.0,0,0,2,0.723908,0.08053763,0,0,adulto
ICB_03547_003,ICB_158,copd,3M Littmann Classic II SE,63.0,1,0,2,0.73870707,0.042358235,0,1,adulto
ICB_03547_004,ICB_158,copd,3M Littmann Classic II SE,63.0,0,0,2,0.71326894,0.06630864,0,0,adulto
ICB_03547_005,ICB_158,copd,3M Littmann Classic II SE,63.0,1,0,2,0.6942444,0.06496653,0,1,adulto
ICB_03547_006,ICB_158,copd,3M Littmann Classic II SE,63.0,1,0,2,0.77050275,0.054773323,0,1,adulto
ICB_03547_007,ICB_158,copd,3M Littmann Classic II SE,63.0,1,0,2,0.7741393,0.05403401,0,1,adulto
ICB_03547_008,ICB_158,copd,3M Littmann Classic II SE,63.0,1,0,2,0.8230568,0.047775704,1,1,adulto
ICB_03547_009,ICB_158,copd,3M Littmann Classic II SE,63.0,1,0,2,0.9170324,0.02610774,1,1,adulto
ICB_03547_010,ICB_158,copd,3M Littmann Classic II SE,63.0,0,0,2,0.70384276,0.07588281,0,0,adulto
ICB_03548_000,ICB_158,copd,AKG C417L Microphone,63.0,1,1,2,0.78186756,0.10018967,0,3,adulto
ICB_03548_001,ICB_158,copd,AKG C417L Microphone,63.0,1,1,2,0.8171044,0.048587807,1,3,adulto
ICB_03548_002,ICB_158,copd,AKG C417L Microphone,63.0,0,0,2,0.7565991,0.053434797,0,0,adulto
ICB_03548_003,ICB_158,copd,AKG C417L Microphone,63.0,1,1,2,0.6905017,0.17050618,0,3,adulto
ICB_03548_004,ICB_158,copd,AKG C417L Microphone,63.0,0,0,2,0.8028338,0.054263525,1,0,adulto
ICB_03548_005,ICB_158,copd,AKG C417L Microphone,63.0,0,0,2,0.8077788,0.03733214,1,0,adulto
ICB_03548_006,ICB_158,copd,AKG C417L Microphone,63.0,0,0,2,0.84598297,0.0577848,1,0,adulto
ICB_03548_007,ICB_158,copd,AKG C417L Microphone,63.0,0,0,2,0.6803153,0.09295573,0,0,adulto
ICB_03549_000,ICB_158,copd,AKG C417L Microphone,63.0,1,1,2,0.78141415,0.116900764,0,3,adulto
ICB_03549_001,ICB_158,copd,AKG C417L Microphone,63.0,1,1,2,0.7962191,0.079098806,0,3,adulto
ICB_03549_002,ICB_158,copd,AKG C417L Microphone,63.0,0,0,2,0.8099845,0.065564685,1,0,adulto
ICB_03549_003,ICB_158,copd,AKG C417L Microphone,63.0,1,1,2,0.80806714,0.07864853,1,3,adulto
ICB_03549_004,ICB_158,copd,AKG C417L Microphone,63.0,0,0,2,0.7670814,0.07871741,0,0,adulto
ICB_03549_005,ICB_158,copd,AKG C417L Microphone,63.0,0,0,2,0.73829603,0.069739975,0,0,adulto
ICB_03549_006,ICB_158,copd,AKG C417L Microphone,63.0,0,0,2,0.8510929,0.08634505,1,0,adulto
ICB_03549_007,ICB_158,copd,AKG C417L Microphone,63.0,0,0,2,0.77888757,0.3173439,0,0,adulto
ICB_03550_000,ICB_158,copd,AKG C417L Microphone,63.0,1,0,2,0.812329,0.04897293,1,1,adulto
ICB_03550_001,ICB_158,copd,AKG C417L Microphone,63.0,1,0,2,0.8547365,0.046761364,1,1,adulto
ICB_03550_002,ICB_158,copd,AKG C417L Microphone,63.0,1,0,2,0.8050071,0.07084484,1,1,adulto
ICB_03550_003,ICB_158,copd,AKG C417L Microphone,63.0,1,1,2,0.7515744,0.084235154,0,3,adulto
ICB_03550_004,ICB_158,copd,AKG C417L Microphone,63.0,1,0,2,0.7791757,0.07331149,0,1,adulto
ICB_03550_005,ICB_158,copd,AKG C417L Microphone,63.0,1,0,2,0.7709753,0.054296963,0,1,adulto
ICB_03550_006,ICB_158,copd,AKG C417L Microphone,63.0,0,0,2,0.806674,0.059758436,1,0,adulto
ICB_03550_007,ICB_158,copd,AKG C417L Microphone,63.0,0,0,2,0.7452051,0.0696162,0,0,adulto
ICB_03551_000,ICB_158,copd,AKG C417L Microphone,63.0,1,1,2,0.764459,0.062277924,0,3,adulto
ICB_03551_001,ICB_158,copd,AKG C417L Microphone,63.0,1,1,2,0.6597655,0.7710111,2,3,adulto
ICB_03551_002,ICB_158,copd,AKG C417L Microphone,63.0,1,1,2,0.70475954,0.13785495,0,3,adulto
ICB_03551_003,ICB_158,copd,AKG C417L Microphone,63.0,1,1,2,0.71757096,0.20001468,0,3,adulto
ICB_03551_004,ICB_158,copd,AKG C417L Microphone,63.0,0,0,2,0.76250327,0.060690783,0,0,adulto
ICB_03551_005,ICB_158,copd,AKG C417L Microphone,63.0,0,0,2,0.7071102,0.05371932,0,0,adulto
ICB_03551_006,ICB_158,copd,AKG C417L Microphone,63.0,0,0,2,0.7584444,0.077594355,0,0,adulto
ICB_03551_007,ICB_158,copd,AKG C417L Microphone,63.0,0,1,2,0.52773184,0.4641218,2,2,adulto
ICB_03552_000,ICB_158,copd,AKG C417L Microphone,63.0,1,1,2,0.74703974,0.11682592,0,3,adulto
ICB_03552_001,ICB_158,copd,AKG C417L Microphone,63.0,1,1,2,0.8368949,0.094759084,1,3,adulto
ICB_03552_002,ICB_158,copd,AKG C417L Microphone,63.0,1,0,2,0.79043376,0.115094975,0,1,adulto
ICB_03552_003,ICB_158,copd,AKG C417L Microphone,63.0,1,1,2,0.7813241,0.099319644,0,3,adulto
ICB_03552_004,ICB_158,copd,AKG C417L Microphone,63.0,0,1,2,0.7862922,0.082810186,0,2,adulto
ICB_03552_005,ICB_158,copd,AKG C417L Microphone,63.0,0,1,2,0.8070686,0.07742358,1,2,adulto
ICB_03552_006,ICB_158,copd,AKG C417L Microphone,63.0,0,0,2,0.7636254,0.06812711,0,0,adulto
ICB_03552_007,ICB_158,copd,AKG C417L Microphone,63.0,0,0,2,0.7373422,0.09301067,0,0,adulto
ICB_03553_000,ICB_158,copd,AKG C417L Microphone,63.0,1,0,2,0.76183957,0.0924033,0,1,adulto
ICB_03553_001,ICB_158,copd,AKG C417L Microphone,63.0,1,1,2,0.7580535,0.9367244,2,3,adulto
ICB_03553_002,ICB_158,copd,AKG C417L Microphone,63.0,1,1,2,0.7832899,0.6841232,2,3,adulto
ICB_03553_003,ICB_158,copd,AKG C417L Microphone,63.0,1,1,2,0.80871063,0.69613695,3,3,adulto
ICB_03553_004,ICB_158,copd,AKG C417L Microphone,63.0,1,1,2,0.8021664,0.25321457,1,3,adulto
ICB_03553_005,ICB_158,copd,AKG C417L Microphone,63.0,0,0,2,0.8046043,0.07484706,1,0,adulto
ICB_03553_006,ICB_158,copd,AKG C417L Microphone,63.0,1,0,2,0.817464,0.0828113,1,1,adulto
ICB_03553_007,ICB_158,copd,AKG C417L Microphone,63.0,0,1,2,0.7558331,0.8793422,2,2,adulto
ICB_03554_000,ICB_158,copd,AKG C417L Microphone,63.0,1,0,2,0.63715816,0.06745404,0,1,adulto
ICB_03554_001,ICB_158,copd,AKG C417L Microphone,63.0,1,0,2,0.51156974,0.06496786,0,1,adulto
ICB_03554_002,ICB_158,copd,AKG C417L Microphone,63.0,0,0,2,0.60611236,0.0995124,0,0,adulto
ICB_03554_003,ICB_158,copd,AKG C417L Microphone,63.0,0,0,2,0.48169938,0.07938023,0,0,adulto
ICB_03554_004,ICB_158,copd,AKG C417L Microphone,63.0,0,0,2,0.54447865,0.057733912,0,0,adulto
ICB_03554_005,ICB_158,copd,AKG C417L Microphone,63.0,0,0,2,0.54473865,0.05516842,0,0,adulto
ICB_03554_006,ICB_158,copd,AKG C417L Microphone,63.0,0,0,2,0.6911456,0.054812416,0,0,adulto
ICB_03554_007,ICB_158,copd,AKG C417L Microphone,63.0,0,0,2,0.5061232,0.10493328,0,0,adulto
ICB_03555_000,ICB_158,copd,AKG C417L Microphone,63.0,0,1,2,0.7526205,0.11089686,0,2,adulto
ICB_03555_001,ICB_158,copd,AKG C417L Microphone,63.0,1,1,2,0.76792735,0.13541661,0,3,adulto
ICB_03555_002,ICB_158,copd,AKG C417L Microphone,63.0,1,1,2,0.75531137,0.09074349,0,3,adulto
ICB_03555_003,ICB_158,copd,AKG C417L Microphone,63.0,1,0,2,0.81326073,0.05182195,1,1,adulto
ICB_03555_004,ICB_158,copd,AKG C417L Microphone,63.0,1,1,2,0.763093,0.07942202,0,3,adulto
ICB_03555_005,ICB_158,copd,AKG C417L Microphone,63.0,1,1,2,0.7232892,0.07083702,0,3,adulto
ICB_03555_006,ICB_158,copd,AKG C417L Microphone,63.0,0,1,2,0.69832194,0.08698052,0,2,adulto
ICB_03555_007,ICB_158,copd,AKG C417L Microphone,63.0,0,1,2,0.75878924,0.12544772,0,2,adulto
ICB_03555_008,ICB_158,copd,AKG C417L Microphone,63.0,0,0,2,0.69059706,0.054610513,0,0,adulto
ICB_03556_000,ICB_158,copd,AKG C417L Microphone,63.0,1,1,2,0.73678684,0.13555993,0,3,adulto
ICB_03556_001,ICB_158,copd,AKG C417L Microphone,63.0,0,1,2,0.7595769,0.1706749,0,2,adulto
ICB_03556_002,ICB_158,copd,AKG C417L Microphone,63.0,0,1,2,0.7777531,0.12613308,0,2,adulto
ICB_03556_003,ICB_158,copd,AKG C417L Microphone,63.0,1,1,2,0.822339,0.097931035,1,3,adulto
ICB_03556_004,ICB_158,copd,AKG C417L Microphone,63.0,1,1,2,0.7855654,0.09293246,0,3,adulto
ICB_03556_005,ICB_158,copd,AKG C417L Microphone,63.0,1,1,2,0.82274014,0.09696066,1,3,adulto
ICB_03556_006,ICB_158,copd,AKG C417L Microphone,63.0,0,1,2,0.8087887,0.07505676,1,2,adulto
ICB_03556_007,ICB_158,copd,AKG C417L Microphone,63.0,0,1,2,0.82520086,0.098984875,1,2,adulto
ICB_03556_008,ICB_158,copd,AKG C417L Microphone,63.0,0,0,2,0.77977663,0.17382613,0,0,adulto
ICB_03557_000,ICB_158,copd,AKG C417L Microphone,63.0,0,1,2,0.74618065,0.08979119,0,2,adulto
ICB_03557_001,ICB_158,copd,AKG C417L Microphone,63.0,0,1,2,0.67727023,0.07472172,0,2,adulto
ICB_03557_002,ICB_158,copd,AKG C417L Microphone,63.0,0,1,2,0.8094431,0.09589254,1,2,adulto
ICB_03557_003,ICB_158,copd,AKG C417L Microphone,63.0,1,0,2,0.83650005,0.043773487,1,1,adulto
ICB_03557_004,ICB_158,copd,AKG C417L Microphone,63.0,0,1,2,0.7960135,0.06066156,0,2,adulto
ICB_03557_005,ICB_158,copd,AKG C417L Microphone,63.0,1,1,2,0.82744265,0.041828565,1,3,adulto
ICB_03557_006,ICB_158,copd,AKG C417L Microphone,63.0,1,1,2,0.81550664,0.049724028,1,3,adulto
ICB_03557_007,ICB_158,copd,AKG C417L Microphone,63.0,0,1,2,0.7798815,0.13693918,0,2,adulto
ICB_03557_008,ICB_158,copd,AKG C417L Microphone,63.0,0,0,2,0.7759558,0.049106468,0,0,adulto
ICB_03558_000,ICB_158,copd,AKG C417L Microphone,63.0,1,1,2,0.73029184,0.107152745,0,3,adulto
ICB_03558_001,ICB_158,copd,AKG C417L Microphone,63.0,0,1,2,0.6489218,0.7458388,2,2,adulto
ICB_03558_002,ICB_158,copd,AKG C417L Microphone,63.0,0,1,2,0.5837788,0.09564287,0,2,adulto
ICB_03558_003,ICB_158,copd,AKG C417L Microphone,63.0,0,1,2,0.64285153,0.091293044,0,2,adulto
ICB_03558_004,ICB_158,copd,AKG C417L Microphone,63.0,1,1,2,0.66249436,0.8290713,2,3,adulto
ICB_03558_005,ICB_158,copd,AKG C417L Microphone,63.0,1,1,2,0.66803557,0.13343236,0,3,adulto
ICB_03558_006,ICB_158,copd,AKG C417L Microphone,63.0,1,1,2,0.69183564,0.44140625,2,3,adulto
ICB_03558_007,ICB_158,copd,AKG C417L Microphone,63.0,0,1,2,0.69801587,0.23050721,0,2,adulto
ICB_03558_008,ICB_158,copd,AKG C417L Microphone,63.0,0,1,2,0.5786544,0.8228788,2,2,adulto
ICB_03559_000,ICB_158,copd,AKG C417L Microphone,63.0,0,1,2,0.7148806,0.14057423,0,2,adulto
ICB_03559_001,ICB_158,copd,AKG C417L Microphone,63.0,0,1,2,0.7063506,0.12849553,0,2,adulto
ICB_03559_002,ICB_158,copd,AKG C417L Microphone,63.0,0,1,2,0.78737164,0.15787579,0,2,adulto
ICB_03559_003,ICB_158,copd,AKG C417L Microphone,63.0,0,1,2,0.8093156,0.11384835,1,2,adulto
ICB_03559_004,ICB_158,copd,AKG C417L Microphone,63.0,1,1,2,0.74209636,0.14884862,0,3,adulto
ICB_03559_005,ICB_158,copd,AKG C417L Microphone,63.0,1,1,2,0.7940107,0.12733077,0,3,adulto
ICB_03559_006,ICB_158,copd,AKG C417L Microphone,63.0,1,1,2,0.7996928,0.11903926,0,3,adulto
ICB_03559_007,ICB_158,copd,AKG C417L Microphone,63.0,0,1,2,0.78527933,0.09278109,0,2,adulto
ICB_03559_008,ICB_158,copd,AKG C417L Microphone,63.0,0,0,2,0.8155788,0.11375011,1,0,adulto
ICB_03560_000,ICB_158,copd,AKG C417L Microphone,63.0,0,1,2,0.7483002,0.15118237,0,2,adulto
ICB_03560_001,ICB_158,copd,AKG C417L Microphone,63.0,0,1,2,0.72303414,0.8503718,2,2,adulto
ICB_03560_002,ICB_158,copd,AKG C417L Microphone,63.0,0,1,2,0.79097474,0.26574102,0,2,adulto
ICB_03560_003,ICB_158,copd,AKG C417L Microphone,63.0,1,1,2,0.76230216,0.8565862,2,3,adulto
ICB_03560_004,ICB_158,copd,AKG C417L Microphone,63.0,0,1,2,0.7853268,0.76916146,2,2,adulto
ICB_03560_005,ICB_158,copd,AKG C417L Microphone,63.0,1,1,2,0.77321017,0.5274768,2,3,adulto
ICB_03560_006,ICB_158,copd,AKG C417L Microphone,63.0,0,1,2,0.8006042,0.52000606,3,2,adulto
ICB_03560_007,ICB_158,copd,AKG C417L Microphone,63.0,1,1,2,0.74268395,0.36803094,2,3,adulto
ICB_03560_008,ICB_158,copd,AKG C417L Microphone,63.0,0,1,2,0.75424194,0.74981195,2,2,adulto
ICB_03561_000,ICB_158,copd,AKG C417L Microphone,63.0,0,1,2,0.56415063,0.094526686,0,2,adulto
ICB_03561_001,ICB_158,copd,AKG C417L Microphone,63.0,0,1,2,0.469697,0.112962306,0,2,adulto
ICB_03561_002,ICB_158,copd,AKG C417L Microphone,63.0,0,1,2,0.53451693,0.06953408,0,2,adulto
ICB_03561_003,ICB_158,copd,AKG C417L Microphone,63.0,0,0,2,0.54401004,0.1467471,0,0,adulto
ICB_03561_004,ICB_158,copd,AKG C417L Microphone,63.0,0,1,2,0.54517543,0.114311576,0,2,adulto
ICB_03561_005,ICB_158,copd,AKG C417L Microphone,63.0,0,1,2,0.5172461,0.09895126,0,2,adulto
ICB_03561_006,ICB_158,copd,AKG C417L Microphone,63.0,0,1,2,0.5508639,0.36043677,2,2,adulto
ICB_03561_007,ICB_158,copd,AKG C417L Microphone,63.0,0,1,2,0.5150181,0.09777985,0,2,adulto
ICB_03561_008,ICB_158,copd,AKG C417L Microphone,63.0,0,0,2,0.4977213,0.5730687,2,0,adulto
ICB_03562_000,ICB_158,copd,AKG C417L Microphone,63.0,1,1,2,0.80654776,0.08419517,1,3,adulto
ICB_03562_001,ICB_158,copd,AKG C417L Microphone,63.0,1,1,2,0.7830334,0.04033869,0,3,adulto
ICB_03562_002,ICB_158,copd,AKG C417L Microphone,63.0,1,0,2,0.7877037,0.059099637,0,1,adulto
ICB_03562_003,ICB_158,copd,AKG C417L Microphone,63.0,0,0,2,0.8015452,0.05537311,1,0,adulto
ICB_03562_004,ICB_158,copd,AKG C417L Microphone,63.0,1,0,2,0.8546721,0.07128673,1,1,adulto
ICB_03562_005,ICB_158,copd,AKG C417L Microphone,63.0,1,0,2,0.7319924,0.06161681,0,1,adulto
ICB_03562_006,ICB_158,copd,AKG C417L Microphone,63.0,0,0,2,0.8221194,0.04864412,1,0,adulto
ICB_03562_007,ICB_158,copd,AKG C417L Microphone,63.0,1,1,2,0.76250714,0.068670385,0,3,adulto
ICB_03562_008,ICB_158,copd,AKG C417L Microphone,63.0,0,0,2,0.80553097,0.057848644,1,0,adulto
ICB_03563_000,ICB_158,copd,AKG C417L Microphone,63.0,1,1,2,0.817997,0.077176705,1,3,adulto
ICB_03563_001,ICB_158,copd,AKG C417L Microphone,63.0,1,0,2,0.8072971,0.20176183,1,1,adulto
ICB_03563_002,ICB_158,copd,AKG C417L Microphone,63.0,1,0,2,0.76540726,0.06555442,0,1,adulto
ICB_03563_003,ICB_158,copd,AKG C417L Microphone,63.0,0,0,2,0.79169846,0.12030328,0,0,adulto
ICB_03563_004,ICB_158,copd,AKG C417L Microphone,63.0,1,0,2,0.8292022,0.079684585,1,1,adulto
ICB_03563_005,ICB_158,copd,AKG C417L Microphone,63.0,1,0,2,0.78287196,0.14791225,0,1,adulto
ICB_03563_006,ICB_158,copd,AKG C417L Microphone,63.0,0,0,2,0.74368924,0.4119692,2,0,adulto
ICB_03563_007,ICB_158,copd,AKG C417L Microphone,63.0,1,0,2,0.7916012,0.12439911,0,1,adulto
ICB_03563_008,ICB_158,copd,AKG C417L Microphone,63.0,1,0,2,0.820166,0.1295953,1,1,adulto
ICB_03564_000,ICB_158,copd,AKG C417L Microphone,63.0,1,1,2,0.6195469,0.24100527,0,3,adulto
ICB_03564_001,ICB_158,copd,AKG C417L Microphone,63.0,1,1,2,0.65676606,0.90588695,2,3,adulto
ICB_03564_002,ICB_158,copd,AKG C417L Microphone,63.0,1,1,2,0.55526143,0.18231478,0,3,adulto
ICB_03564_003,ICB_158,copd,AKG C417L Microphone,63.0,0,1,2,0.6193288,0.66704726,2,2,adulto
ICB_03564_004,ICB_158,copd,AKG C417L Microphone,63.0,0,1,2,0.6465344,0.38068745,2,2,adulto
ICB_03564_005,ICB_158,copd,AKG C417L Microphone,63.0,0,1,2,0.5805848,0.4901954,2,2,adulto
ICB_03564_006,ICB_158,copd,AKG C417L Microphone,63.0,0,1,2,0.6483673,0.30654004,0,2,adulto
ICB_03564_007,ICB_158,copd,AKG C417L Microphone,63.0,1,1,2,0.6257347,0.43592605,2,3,adulto
ICB_03564_008,ICB_158,copd,AKG C417L Microphone,63.0,1,1,2,0.6795251,0.15756191,0,3,adulto
ICB_03565_000,ICB_158,copd,AKG C417L Microphone,63.0,0,1,2,0.79501176,0.100275844,0,2,adulto
ICB_03565_001,ICB_158,copd,AKG C417L Microphone,63.0,1,1,2,0.7746881,0.17457189,0,3,adulto
ICB_03565_002,ICB_158,copd,AKG C417L Microphone,63.0,1,0,2,0.8267233,0.090071514,1,1,adulto
ICB_03565_003,ICB_158,copd,AKG C417L Microphone,63.0,0,0,2,0.8059279,0.096349515,1,0,adulto
ICB_03565_004,ICB_158,copd,AKG C417L Microphone,63.0,1,0,2,0.82660466,0.1062534,1,1,adulto
ICB_03565_005,ICB_158,copd,AKG C417L Microphone,63.0,1,0,2,0.81103414,0.09894554,1,1,adulto
ICB_03565_006,ICB_158,copd,AKG C417L Microphone,63.0,0,0,2,0.78799266,0.12185181,0,0,adulto
ICB_03565_007,ICB_158,copd,AKG C417L Microphone,63.0,1,1,2,0.80068874,0.11862285,1,3,adulto
ICB_03565_008,ICB_158,copd,AKG C417L Microphone,63.0,1,1,2,0.81937265,0.4315069,3,3,adulto
ICB_03566_000,ICB_158,copd,AKG C417L Microphone,63.0,0,1,2,0.8315669,0.19477886,1,2,adulto
ICB_03566_001,ICB_158,copd,AKG C417L Microphone,63.0,1,1,2,0.78022635,0.8649898,2,3,adulto
ICB_03566_002,ICB_158,copd,AKG C417L Microphone,63.0,1,1,2,0.79381835,0.7456717,2,3,adulto
ICB_03566_003,ICB_158,copd,AKG C417L Microphone,63.0,1,1,2,0.7773027,0.8827495,2,3,adulto
ICB_03566_004,ICB_158,copd,AKG C417L Microphone,63.0,1,1,2,0.7651156,0.84204906,2,3,adulto
ICB_03566_005,ICB_158,copd,AKG C417L Microphone,63.0,1,1,2,0.7786457,0.7735061,2,3,adulto
ICB_03566_006,ICB_158,copd,AKG C417L Microphone,63.0,0,1,2,0.74544775,0.8808795,2,2,adulto
ICB_03566_007,ICB_158,copd,AKG C417L Microphone,63.0,1,1,2,0.77095777,0.8874293,2,3,adulto
ICB_03566_008,ICB_158,copd,AKG C417L Microphone,63.0,1,1,2,0.8136431,0.82880884,3,3,adulto
ICB_03567_000,ICB_158,copd,AKG C417L Microphone,63.0,1,0,2,0.5565141,0.06897978,0,1,adulto
ICB_03567_001,ICB_158,copd,AKG C417L Microphone,63.0,1,0,2,0.48053703,0.09509974,0,1,adulto
ICB_03567_002,ICB_158,copd,AKG C417L Microphone,63.0,0,0,2,0.5276088,0.06876211,0,0,adulto
ICB_03567_003,ICB_158,copd,AKG C417L Microphone,63.0,0,0,2,0.5448685,0.46139887,2,0,adulto
ICB_03567_004,ICB_158,copd,AKG C417L Microphone,63.0,1,0,2,0.51788354,0.28502056,0,1,adulto
ICB_03567_005,ICB_158,copd,AKG C417L Microphone,63.0,0,0,2,0.50316167,0.21533081,0,0,adulto
ICB_03567_006,ICB_158,copd,AKG C417L Microphone,63.0,0,0,2,0.49372855,0.79009813,2,0,adulto
ICB_03567_007,ICB_158,copd,AKG C417L Microphone,63.0,1,0,2,0.55535644,0.3300285,0,1,adulto
ICB_03567_008,ICB_158,copd,AKG C417L Microphone,63.0,0,0,2,0.5518686,0.59181356,2,0,adulto
ICB_03568_000,ICB_158,copd,AKG C417L Microphone,63.0,1,0,2,0.6326409,0.019971177,0,1,adulto
ICB_03568_001,ICB_158,copd,AKG C417L Microphone,63.0,1,1,2,0.7819055,0.04770899,0,3,adulto
ICB_03568_002,ICB_158,copd,AKG C417L Microphone,63.0,0,1,2,0.76213986,0.4992501,2,2,adulto
ICB_03568_003,ICB_158,copd,AKG C417L Microphone,63.0,0,0,2,0.66126794,0.016223697,0,0,adulto
ICB_03568_004,ICB_158,copd,AKG C417L Microphone,63.0,1,1,2,0.56164217,0.15795834,0,3,adulto
ICB_03568_005,ICB_158,copd,AKG C417L Microphone,63.0,1,0,2,0.5770691,0.026129318,0,1,adulto
ICB_03568_006,ICB_158,copd,AKG C417L Microphone,63.0,1,0,2,0.6880296,0.01319458,0,1,adulto
ICB_03568_007,ICB_158,copd,AKG C417L Microphone,63.0,1,0,2,0.7001646,0.039066665,0,1,adulto
ICB_03568_008,ICB_158,copd,AKG C417L Microphone,63.0,1,0,2,0.6897026,0.016035074,0,1,adulto
ICB_03569_000,ICB_158,copd,AKG C417L Microphone,63.0,1,0,2,0.76275516,0.094256364,0,1,adulto
ICB_03569_001,ICB_158,copd,AKG C417L Microphone,63.0,1,0,2,0.72296125,0.2347558,0,1,adulto
ICB_03569_002,ICB_158,copd,AKG C417L Microphone,63.0,1,1,2,0.7081886,0.21162382,0,3,adulto
ICB_03569_003,ICB_158,copd,AKG C417L Microphone,63.0,1,0,2,0.59620583,0.25770876,0,1,adulto
ICB_03569_004,ICB_158,copd,AKG C417L Microphone,63.0,1,0,2,0.7135871,0.08306747,0,1,adulto
ICB_03569_005,ICB_158,copd,AKG C417L Microphone,63.0,1,0,2,0.7010981,0.1408041,0,1,adulto
ICB_03569_006,ICB_158,copd,AKG C417L Microphone,63.0,1,0,2,0.6868875,0.15505749,0,1,adulto
ICB_03569_007,ICB_158,copd,AKG C417L Microphone,63.0,1,0,2,0.74464035,0.6242182,2,1,adulto
ICB_03569_008,ICB_158,copd,AKG C417L Microphone,63.0,1,1,2,0.829617,0.14698476,1,3,adulto
ICB_03569_009,ICB_158,copd,AKG C417L Microphone,63.0,1,1,2,0.8460231,0.58534575,3,3,adulto
ICB_03569_010,ICB_158,copd,AKG C417L Microphone,63.0,1,1,2,0.7641099,0.5513458,2,3,adulto
ICB_03569_011,ICB_158,copd,AKG C417L Microphone,63.0,1,1,2,0.745431,0.39255586,2,3,adulto
ICB_03570_000,ICB_158,copd,AKG C417L Microphone,63.0,0,1,2,0.60977876,0.8517827,2,2,adulto
ICB_03570_001,ICB_158,copd,AKG C417L Microphone,63.0,1,1,2,0.81294256,0.47596452,3,3,adulto
ICB_03570_002,ICB_158,copd,AKG C417L Microphone,63.0,0,1,2,0.56296283,0.23117714,0,2,adulto
ICB_03570_003,ICB_158,copd,AKG C417L Microphone,63.0,0,1,2,0.7262112,0.22626406,0,2,adulto
ICB_03570_004,ICB_158,copd,AKG C417L Microphone,63.0,0,1,2,0.66707784,0.44726142,2,2,adulto
ICB_03570_005,ICB_158,copd,AKG C417L Microphone,63.0,1,1,2,0.7276204,0.46330306,2,3,adulto
ICB_03570_006,ICB_158,copd,AKG C417L Microphone,63.0,0,1,2,0.6109113,0.59896713,2,2,adulto
ICB_03570_007,ICB_158,copd,AKG C417L Microphone,63.0,0,1,2,0.5968474,0.74852014,2,2,adulto
ICB_03570_008,ICB_158,copd,AKG C417L Microphone,63.0,0,1,2,0.7721192,0.8257554,2,2,adulto
ICB_03570_009,ICB_158,copd,AKG C417L Microphone,63.0,0,1,2,0.71479005,0.80965877,2,2,adulto
ICB_03570_010,ICB_158,copd,AKG C417L Microphone,63.0,0,1,2,0.67454624,0.8262612,2,2,adulto
ICB_03570_011,ICB_158,copd,AKG C417L Microphone,63.0,0,1,2,0.64283997,0.62988406,2,2,adulto
ICB_03598_000,ICB_161,bronchiolitis_asthma,3M Littmann Classic II SE,2.0,1,1,2,0.72762126,0.06939581,0,3,pediátrico (<18)
ICB_03598_001,ICB_161,bronchiolitis_asthma,3M Littmann Classic II SE,2.0,1,1,2,0.75117934,0.06413221,0,3,pediátrico (<18)
ICB_03598_002,ICB_161,bronchiolitis_asthma,3M Littmann Classic II SE,2.0,0,1,2,0.6867204,0.052755017,0,2,pediátrico (<18)
ICB_03598_003,ICB_161,bronchiolitis_asthma,3M Littmann Classic II SE,2.0,0,1,2,0.68111545,0.059483804,0,2,pediátrico (<18)
ICB_03598_004,ICB_161,bronchiolitis_asthma,3M Littmann Classic II SE,2.0,0,0,2,0.7349078,0.078041464,0,0,pediátrico (<18)
ICB_03598_005,ICB_161,bronchiolitis_asthma,3M Littmann Classic II SE,2.0,1,0,2,0.7805258,0.06387349,0,1,pediátrico (<18)
ICB_03598_006,ICB_161,bronchiolitis_asthma,3M Littmann Classic II SE,2.0,0,0,2,0.7052137,0.0996129,0,0,pediátrico (<18)
ICB_03598_007,ICB_161,bronchiolitis_asthma,3M Littmann Classic II SE,2.0,1,0,2,0.81089795,0.062344246,1,1,pediátrico (<18)
ICB_03598_008,ICB_161,bronchiolitis_asthma,3M Littmann Classic II SE,2.0,0,0,2,0.7663467,0.09310523,0,0,pediátrico (<18)
ICB_03599_000,ICB_161,bronchiolitis_asthma,3M Littmann Classic II SE,2.0,0,0,2,0.732361,0.06724884,0,0,pediátrico (<18)
ICB_03599_001,ICB_161,bronchiolitis_asthma,3M Littmann Classic II SE,2.0,0,0,2,0.53334475,0.08761052,0,0,pediátrico (<18)
ICB_03599_002,ICB_161,bronchiolitis_asthma,3M Littmann Classic II SE,2.0,0,0,2,0.5018637,0.08887053,0,0,pediátrico (<18)
ICB_03599_003,ICB_161,bronchiolitis_asthma,3M Littmann Classic II SE,2.0,0,1,2,0.5378477,0.05791446,0,2,pediátrico (<18)
ICB_03599_004,ICB_161,bronchiolitis_asthma,3M Littmann Classic II SE,2.0,0,1,2,0.62933654,0.08577488,0,2,pediátrico (<18)
ICB_03599_005,ICB_161,bronchiolitis_asthma,3M Littmann Classic II SE,2.0,0,1,2,0.57883257,0.10799312,0,2,pediátrico (<18)
ICB_03599_006,ICB_161,bronchiolitis_asthma,3M Littmann Classic II SE,2.0,0,1,2,0.5409781,0.07596155,0,2,pediátrico (<18)
ICB_03599_007,ICB_161,bronchiolitis_asthma,3M Littmann Classic II SE,2.0,0,1,2,0.6722908,0.0777262,0,2,pediátrico (<18)
ICB_03599_008,ICB_161,bronchiolitis_asthma,3M Littmann Classic II SE,2.0,0,1,2,0.6349065,0.10559667,0,2,pediátrico (<18)
ICB_03599_009,ICB_161,bronchiolitis_asthma,3M Littmann Classic II SE,2.0,0,1,2,0.61742955,0.12028916,0,2,pediátrico (<18)
ICB_03637_000,ICB_164,respiratory_infection,3M Littmann Classic II SE,1.0,0,1,2,0.61789817,0.29221627,0,2,pediátrico (<18)
ICB_03637_001,ICB_164,respiratory_infection,3M Littmann Classic II SE,1.0,0,1,2,0.70137286,0.2693242,0,2,pediátrico (<18)
ICB_03637_002,ICB_164,respiratory_infection,3M Littmann Classic II SE,1.0,1,0,2,0.745111,0.07113365,0,1,pediátrico (<18)
ICB_03637_003,ICB_164,respiratory_infection,3M Littmann Classic II SE,1.0,0,0,2,0.47923192,0.09849983,0,0,pediátrico (<18)
ICB_03637_004,ICB_164,respiratory_infection,3M Littmann Classic II SE,1.0,0,0,2,0.5146717,0.083531916,0,0,pediátrico (<18)
ICB_03637_005,ICB_164,respiratory_infection,3M Littmann Classic II SE,1.0,0,1,2,0.45712024,0.099413395,0,2,pediátrico (<18)
ICB_03637_006,ICB_164,respiratory_infection,3M Littmann Classic II SE,1.0,0,0,2,0.5704942,0.0728112,0,0,pediátrico (<18)
ICB_03637_007,ICB_164,respiratory_infection,3M Littmann Classic II SE,1.0,0,0,2,0.63088506,0.11162506,0,0,pediátrico (<18)
ICB_03637_008,ICB_164,respiratory_infection,3M Littmann Classic II SE,1.0,0,0,2,0.6911966,0.20625612,0,0,pediátrico (<18)
ICB_03637_009,ICB_164,respiratory_infection,3M Littmann Classic II SE,1.0,0,0,2,0.6817308,0.07085623,0,0,pediátrico (<18)
ICB_03638_000,ICB_165,respiratory_infection,AKG C417L Microphone,2.0,0,0,2,0.7821606,0.02210315,0,0,pediátrico (<18)
ICB_03638_001,ICB_165,respiratory_infection,AKG C417L Microphone,2.0,0,0,2,0.5466091,0.04608741,0,0,pediátrico (<18)
ICB_03638_002,ICB_165,respiratory_infection,AKG C417L Microphone,2.0,1,0,2,0.596434,0.040282417,0,1,pediátrico (<18)
ICB_03638_003,ICB_165,respiratory_infection,AKG C417L Microphone,2.0,1,0,2,0.5874243,0.04343597,0,1,pediátrico (<18)
ICB_03638_004,ICB_165,respiratory_infection,AKG C417L Microphone,2.0,0,0,2,0.5508906,0.026939714,0,0,pediátrico (<18)
ICB_03638_005,ICB_165,respiratory_infection,AKG C417L Microphone,2.0,0,0,2,0.5266218,0.05918702,0,0,pediátrico (<18)
ICB_03638_006,ICB_165,respiratory_infection,AKG C417L Microphone,2.0,0,0,2,0.540291,0.06035557,0,0,pediátrico (<18)
ICB_03639_000,ICB_165,respiratory_infection,AKG C417L Microphone,2.0,0,0,2,0.6916843,0.050821386,0,0,pediátrico (<18)
ICB_03639_001,ICB_165,respiratory_infection,AKG C417L Microphone,2.0,0,0,2,0.48613256,0.031508453,0,0,pediátrico (<18)
ICB_03639_002,ICB_165,respiratory_infection,AKG C417L Microphone,2.0,0,0,2,0.46030492,0.07907356,0,0,pediátrico (<18)
ICB_03639_003,ICB_165,respiratory_infection,AKG C417L Microphone,2.0,0,0,2,0.3986135,0.032153722,0,0,pediátrico (<18)
ICB_03639_004,ICB_165,respiratory_infection,AKG C417L Microphone,2.0,0,0,2,0.54005545,0.07615782,0,0,pediátrico (<18)
ICB_03639_005,ICB_165,respiratory_infection,AKG C417L Microphone,2.0,0,0,2,0.435958,0.051182278,0,0,pediátrico (<18)
ICB_03639_006,ICB_165,respiratory_infection,AKG C417L Microphone,2.0,0,0,2,0.48035312,0.050681055,0,0,pediátrico (<18)
ICB_03639_007,ICB_165,respiratory_infection,AKG C417L Microphone,2.0,0,0,2,0.4362405,0.095948026,0,0,pediátrico (<18)
ICB_03640_000,ICB_165,respiratory_infection,AKG C417L Microphone,2.0,0,0,2,0.7931221,0.022365374,0,0,pediátrico (<18)
ICB_03640_001,ICB_165,respiratory_infection,AKG C417L Microphone,2.0,1,0,2,0.74873203,0.038433798,0,1,pediátrico (<18)
ICB_03640_002,ICB_165,respiratory_infection,AKG C417L Microphone,2.0,0,0,2,0.664095,0.049802743,0,0,pediátrico (<18)
ICB_03640_003,ICB_165,respiratory_infection,AKG C417L Microphone,2.0,0,0,2,0.7767828,0.046034876,0,0,pediátrico (<18)
ICB_03640_004,ICB_165,respiratory_infection,AKG C417L Microphone,2.0,0,0,2,0.7141198,0.029853411,0,0,pediátrico (<18)
ICB_03640_005,ICB_165,respiratory_infection,AKG C417L Microphone,2.0,0,1,2,0.64168215,0.057201903,0,2,pediátrico (<18)
ICB_03640_006,ICB_165,respiratory_infection,AKG C417L Microphone,2.0,0,0,2,0.7476895,0.042107023,0,0,pediátrico (<18)
ICB_03640_007,ICB_165,respiratory_infection,AKG C417L Microphone,2.0,0,0,2,0.69897884,0.053039905,0,0,pediátrico (<18)
ICB_03649_000,ICB_169,bronchiectasis,AKG C417L Microphone,50.0,1,0,2,0.7186122,0.120501086,0,1,adulto
ICB_03649_001,ICB_169,bronchiectasis,AKG C417L Microphone,50.0,1,0,2,0.8141401,0.0998178,1,1,adulto
ICB_03649_002,ICB_169,bronchiectasis,AKG C417L Microphone,50.0,0,0,2,0.7872204,0.103325486,0,0,adulto
ICB_03649_003,ICB_169,bronchiectasis,AKG C417L Microphone,50.0,1,0,2,0.81662804,0.08550554,1,1,adulto
ICB_03649_004,ICB_169,bronchiectasis,AKG C417L Microphone,50.0,1,0,2,0.7814418,0.072746664,0,1,adulto
ICB_03649_005,ICB_169,bronchiectasis,AKG C417L Microphone,50.0,1,0,2,0.8045161,0.11428442,1,1,adulto
ICB_03649_006,ICB_169,bronchiectasis,AKG C417L Microphone,50.0,0,0,2,0.8331364,0.08082858,1,0,adulto
ICB_03650_000,ICB_169,bronchiectasis,AKG C417L Microphone,50.0,1,0,2,0.79348224,0.05964393,0,1,adulto
ICB_03650_001,ICB_169,bronchiectasis,AKG C417L Microphone,50.0,1,0,2,0.80225503,0.048917435,1,1,adulto
ICB_03650_002,ICB_169,bronchiectasis,AKG C417L Microphone,50.0,1,0,2,0.72995657,0.06429921,0,1,adulto
ICB_03650_003,ICB_169,bronchiectasis,AKG C417L Microphone,50.0,1,0,2,0.8587224,0.04761149,1,1,adulto
ICB_03650_004,ICB_169,bronchiectasis,AKG C417L Microphone,50.0,0,0,2,0.9499698,0.028370863,1,0,adulto
ICB_03650_005,ICB_169,bronchiectasis,AKG C417L Microphone,50.0,1,0,2,0.8675132,0.040310387,1,1,adulto
ICB_03650_006,ICB_169,bronchiectasis,AKG C417L Microphone,50.0,1,0,2,0.7210286,0.058465354,0,1,adulto
ICB_03728_000,ICB_175,copd,3M Littmann 3200 Electronic,63.0,0,1,2,0.3888983,0.30276766,0,2,adulto
ICB_03728_001,ICB_175,copd,3M Littmann 3200 Electronic,63.0,1,1,2,0.44802022,0.44211346,2,3,adulto
ICB_03728_002,ICB_175,copd,3M Littmann 3200 Electronic,63.0,1,1,2,0.40184128,0.78715974,2,3,adulto
ICB_03728_003,ICB_175,copd,3M Littmann 3200 Electronic,63.0,1,1,2,0.5153899,0.53775334,2,3,adulto
ICB_03729_000,ICB_175,copd,3M Littmann 3200 Electronic,63.0,0,0,2,0.55780655,0.7888137,2,0,adulto
ICB_03729_001,ICB_175,copd,3M Littmann 3200 Electronic,63.0,0,1,2,0.6378117,0.8422304,2,2,adulto
ICB_03729_002,ICB_175,copd,3M Littmann 3200 Electronic,63.0,0,1,2,0.57912445,0.8811423,2,2,adulto
ICB_03730_000,ICB_175,copd,3M Littmann 3200 Electronic,63.0,0,1,2,0.5271775,0.59862375,2,2,adulto
ICB_03730_001,ICB_175,copd,3M Littmann 3200 Electronic,63.0,0,0,2,0.46085656,0.41495436,2,0,adulto
ICB_03730_002,ICB_175,copd,3M Littmann 3200 Electronic,63.0,0,1,2,0.5052654,0.7039906,2,2,adulto
ICB_03730_003,ICB_175,copd,3M Littmann 3200 Electronic,63.0,1,1,2,0.61127657,0.7253854,2,3,adulto
ICB_03731_000,ICB_175,copd,3M Littmann 3200 Electronic,63.0,0,0,2,0.57728916,0.2462461,0,0,adulto
ICB_03731_001,ICB_175,copd,3M Littmann 3200 Electronic,63.0,1,1,2,0.6038366,0.40117735,2,3,adulto
ICB_03731_002,ICB_175,copd,3M Littmann 3200 Electronic,63.0,0,1,2,0.6503727,0.2768138,0,2,adulto
ICB_03731_003,ICB_175,copd,3M Littmann 3200 Electronic,63.0,0,1,2,0.59516746,0.61074454,2,2,adulto
ICB_03732_000,ICB_175,copd,3M Littmann 3200 Electronic,63.0,0,1,2,0.4881515,0.27397695,0,2,adulto
ICB_03732_001,ICB_175,copd,3M Littmann 3200 Electronic,63.0,0,1,2,0.5134417,0.6344217,2,2,adulto
ICB_03732_002,ICB_175,copd,3M Littmann 3200 Electronic,63.0,0,1,2,0.32618874,0.62964356,2,2,adulto
ICB_03732_003,ICB_175,copd,3M Littmann 3200 Electronic,63.0,0,1,2,0.5514085,0.6232809,2,2,adulto
ICB_03733_000,ICB_175,copd,3M Littmann 3200 Electronic,63.0,0,0,2,0.5363123,0.3705431,2,0,adulto
ICB_03733_001,ICB_175,copd,3M Littmann 3200 Electronic,63.0,0,1,2,0.6481148,0.7109015,2,2,adulto
ICB_03733_002,ICB_175,copd,3M Littmann 3200 Electronic,63.0,0,1,2,0.42365757,0.55389535,2,2,adulto
ICB_03733_003,ICB_175,copd,3M Littmann 3200 Electronic,63.0,0,1,2,0.5476567,0.8431922,2,2,adulto
ICB_03796_000,ICB_179,normal_lung,3M Littmann Classic II SE,10.0,1,0,2,0.7720761,0.072728045,0,1,pediátrico (<18)
ICB_03796_001,ICB_179,normal_lung,3M Littmann Classic II SE,10.0,1,1,2,0.8036583,0.048875686,1,3,pediátrico (<18)
ICB_03796_002,ICB_179,normal_lung,3M Littmann Classic II SE,10.0,1,0,2,0.7451879,0.03819499,0,1,pediátrico (<18)
ICB_03796_003,ICB_179,normal_lung,3M Littmann Classic II SE,10.0,0,0,2,0.637052,0.039268292,0,0,pediátrico (<18)
ICB_03796_004,ICB_179,normal_lung,3M Littmann Classic II SE,10.0,0,0,2,0.72881687,0.03939591,0,0,pediátrico (<18)
ICB_03796_005,ICB_179,normal_lung,3M Littmann Classic II SE,10.0,0,0,2,0.65941745,0.089363895,0,0,pediátrico (<18)
ICB_03796_006,ICB_179,normal_lung,3M Littmann Classic II SE,10.0,0,0,2,0.64331,0.06593163,0,0,pediátrico (<18)
ICB_03796_007,ICB_179,normal_lung,3M Littmann Classic II SE,10.0,0,0,2,0.74788433,0.025584446,0,0,pediátrico (<18)
ICB_03797_000,ICB_179,normal_lung,3M Littmann Classic II SE,10.0,0,0,2,0.39610034,0.022037284,0,0,pediátrico (<18)
ICB_03797_001,ICB_179,normal_lung,3M Littmann Classic II SE,10.0,0,0,2,0.27965,0.09233967,0,0,pediátrico (<18)
ICB_03797_002,ICB_179,normal_lung,3M Littmann Classic II SE,10.0,1,0,2,0.4695016,0.03307072,0,1,pediátrico (<18)
ICB_03797_003,ICB_179,normal_lung,3M Littmann Classic II SE,10.0,0,0,2,0.25699592,0.020072056,0,0,pediátrico (<18)
ICB_03797_004,ICB_179,normal_lung,3M Littmann Classic II SE,10.0,0,1,2,0.46947345,0.05361981,0,2,pediátrico (<18)
ICB_03797_005,ICB_179,normal_lung,3M Littmann Classic II SE,10.0,1,0,2,0.38916343,0.039883524,0,1,pediátrico (<18)
ICB_03797_006,ICB_179,normal_lung,3M Littmann Classic II SE,10.0,0,0,2,0.2588789,0.028789332,0,0,pediátrico (<18)
ICB_03841_000,ICB_187,normal_lung,AKG C417L Microphone,0.5,0,0,2,0.50619227,0.06295287,0,0,pediátrico (<18)
ICB_03841_001,ICB_187,normal_lung,AKG C417L Microphone,0.5,0,0,2,0.49028364,0.044238076,0,0,pediátrico (<18)
ICB_03841_002,ICB_187,normal_lung,AKG C417L Microphone,0.5,0,0,2,0.5569223,0.06066804,0,0,pediátrico (<18)
ICB_03841_003,ICB_187,normal_lung,AKG C417L Microphone,0.5,0,0,2,0.42737922,0.10397402,0,0,pediátrico (<18)
ICB_03841_004,ICB_187,normal_lung,AKG C417L Microphone,0.5,0,0,2,0.63703674,0.087103866,0,0,pediátrico (<18)
ICB_03841_005,ICB_187,normal_lung,AKG C417L Microphone,0.5,0,0,2,0.3077894,0.064882696,0,0,pediátrico (<18)
ICB_03841_006,ICB_187,normal_lung,AKG C417L Microphone,0.5,0,0,2,0.44000116,0.08789872,0,0,pediátrico (<18)
ICB_03841_007,ICB_187,normal_lung,AKG C417L Microphone,0.5,0,0,2,0.60073906,0.0394173,0,0,pediátrico (<18)
ICB_03841_008,ICB_187,normal_lung,AKG C417L Microphone,0.5,0,0,2,0.44528016,0.069200486,0,0,pediátrico (<18)
ICB_03841_009,ICB_187,normal_lung,AKG C417L Microphone,0.5,0,0,2,0.20406522,0.06957994,0,0,pediátrico (<18)
ICB_03841_010,ICB_187,normal_lung,AKG C417L Microphone,0.5,0,0,2,0.3368822,0.045353334,0,0,pediátrico (<18)
ICB_03841_011,ICB_187,normal_lung,AKG C417L Microphone,0.5,0,0,2,0.5467009,0.047397327,0,0,pediátrico (<18)
ICB_03841_012,ICB_187,normal_lung,AKG C417L Microphone,0.5,0,0,2,0.38241273,0.048173063,0,0,pediátrico (<18)
ICB_03841_013,ICB_187,normal_lung,AKG C417L Microphone,0.5,0,0,2,0.6075525,0.051786195,0,0,pediátrico (<18)
ICB_03841_014,ICB_187,normal_lung,AKG C417L Microphone,0.5,0,0,2,0.5157227,0.053312857,0,0,pediátrico (<18)
ICB_03841_015,ICB_187,normal_lung,AKG C417L Microphone,0.5,0,0,2,0.5882358,0.043474916,0,0,pediátrico (<18)
ICB_03841_016,ICB_187,normal_lung,AKG C417L Microphone,0.5,0,0,2,0.6915442,0.034850746,0,0,pediátrico (<18)
ICB_03848_000,ICB_191,pneumonia,3M Littmann Classic II SE,74.0,0,0,2,0.78343755,0.07851681,0,0,adulto
ICB_03848_001,ICB_191,pneumonia,3M Littmann Classic II SE,74.0,0,0,2,0.7551578,0.18595235,0,0,adulto
ICB_03848_002,ICB_191,pneumonia,3M Littmann Classic II SE,74.0,0,0,2,0.7830639,0.07347339,0,0,adulto
ICB_03848_003,ICB_191,pneumonia,3M Littmann Classic II SE,74.0,0,0,2,0.76497257,0.21176125,0,0,adulto
ICB_03848_004,ICB_191,pneumonia,3M Littmann Classic II SE,74.0,0,0,2,0.75639874,0.10600456,0,0,adulto
ICB_03848_005,ICB_191,pneumonia,3M Littmann Classic II SE,74.0,0,0,2,0.7985133,0.10341255,0,0,adulto
ICB_03848_006,ICB_191,pneumonia,3M Littmann Classic II SE,74.0,0,0,2,0.7748089,0.11009195,0,0,adulto
ICB_03848_007,ICB_191,pneumonia,3M Littmann Classic II SE,74.0,0,0,2,0.7355766,0.2213649,0,0,adulto
ICB_03849_000,ICB_191,pneumonia,3M Littmann Classic II SE,74.0,0,0,2,0.79358715,0.078929454,0,0,adulto
ICB_03849_001,ICB_191,pneumonia,3M Littmann Classic II SE,74.0,0,0,2,0.8048528,0.0927713,1,0,adulto
ICB_03849_002,ICB_191,pneumonia,3M Littmann Classic II SE,74.0,0,0,2,0.7817638,0.06662371,0,0,adulto
ICB_03849_003,ICB_191,pneumonia,3M Littmann Classic II SE,74.0,0,0,2,0.8149375,0.06999492,1,0,adulto
ICB_03849_004,ICB_191,pneumonia,3M Littmann Classic II SE,74.0,0,0,2,0.8015965,0.092107065,1,0,adulto
ICB_03849_005,ICB_191,pneumonia,3M Littmann Classic II SE,74.0,0,0,2,0.76569057,0.091212414,0,0,adulto
ICB_03849_006,ICB_191,pneumonia,3M Littmann Classic II SE,74.0,0,0,2,0.82473224,0.07549161,1,0,adulto
ICB_03849_007,ICB_191,pneumonia,3M Littmann Classic II SE,74.0,0,0,2,0.741298,0.12109963,0,0,adulto
ICB_03850_000,ICB_191,pneumonia,3M Littmann Classic II SE,74.0,0,0,2,0.7687081,0.074351214,0,0,adulto
ICB_03850_001,ICB_191,pneumonia,3M Littmann Classic II SE,74.0,0,0,2,0.6846864,0.12202703,0,0,adulto
ICB_03850_002,ICB_191,pneumonia,3M Littmann Classic II SE,74.0,0,0,2,0.71121055,0.14794818,0,0,adulto
ICB_03850_003,ICB_191,pneumonia,3M Littmann Classic II SE,74.0,0,0,2,0.7074473,0.11086348,0,0,adulto
ICB_03850_004,ICB_191,pneumonia,3M Littmann Classic II SE,74.0,0,0,2,0.80667573,0.05462626,1,0,adulto
ICB_03850_005,ICB_191,pneumonia,3M Littmann Classic II SE,74.0,0,0,2,0.7210258,0.10706594,0,0,adulto
ICB_03850_006,ICB_191,pneumonia,3M Littmann Classic II SE,74.0,0,0,2,0.6545333,0.074832216,0,0,adulto
ICB_03850_007,ICB_191,pneumonia,3M Littmann Classic II SE,74.0,0,0,2,0.7284446,0.08018619,0,0,adulto
ICB_03882_000,ICB_198,copd,AKG C417L Microphone,71.0,0,1,2,0.570504,0.039779335,0,2,adulto
ICB_03882_001,ICB_198,copd,AKG C417L Microphone,71.0,0,1,2,0.72228205,0.24897778,0,2,adulto
ICB_03882_002,ICB_198,copd,AKG C417L Microphone,71.0,0,1,2,0.7674688,0.174113,0,2,adulto
ICB_03882_003,ICB_198,copd,AKG C417L Microphone,71.0,0,1,2,0.7045403,0.17912196,0,2,adulto
ICB_03882_004,ICB_198,copd,AKG C417L Microphone,71.0,0,1,2,0.7237487,0.22435331,0,2,adulto
ICB_03882_005,ICB_198,copd,AKG C417L Microphone,71.0,0,1,2,0.71565557,0.2549946,0,2,adulto
ICB_03882_006,ICB_198,copd,AKG C417L Microphone,71.0,0,0,2,0.7044153,0.09097076,0,0,adulto
ICB_03883_000,ICB_198,copd,AKG C417L Microphone,71.0,0,1,2,0.47928357,0.1709267,0,2,adulto
ICB_03883_001,ICB_198,copd,AKG C417L Microphone,71.0,0,1,2,0.63492894,0.47639528,2,2,adulto
ICB_03883_002,ICB_198,copd,AKG C417L Microphone,71.0,0,1,2,0.65328604,0.76897424,2,2,adulto
ICB_03883_003,ICB_198,copd,AKG C417L Microphone,71.0,0,1,2,0.66657484,0.3972031,2,2,adulto
ICB_03883_004,ICB_198,copd,AKG C417L Microphone,71.0,0,1,2,0.7016693,0.24043657,0,2,adulto
ICB_03883_005,ICB_198,copd,AKG C417L Microphone,71.0,0,1,2,0.6914556,0.5819064,2,2,adulto
ICB_03883_006,ICB_198,copd,AKG C417L Microphone,71.0,0,0,2,0.75543576,0.09284487,0,0,adulto
ICB_03884_000,ICB_198,copd,AKG C417L Microphone,71.0,0,0,2,0.7010684,0.0043879617,0,0,adulto
ICB_03884_001,ICB_198,copd,AKG C417L Microphone,71.0,0,1,2,0.761185,0.16713972,0,2,adulto
ICB_03884_002,ICB_198,copd,AKG C417L Microphone,71.0,0,1,2,0.77740574,0.14720406,0,2,adulto
ICB_03884_003,ICB_198,copd,AKG C417L Microphone,71.0,0,1,2,0.83534515,0.11810283,1,2,adulto
ICB_03884_004,ICB_198,copd,AKG C417L Microphone,71.0,0,1,2,0.7806273,0.1544257,0,2,adulto
ICB_03884_005,ICB_198,copd,AKG C417L Microphone,71.0,0,1,2,0.7112991,0.24575742,0,2,adulto
ICB_03884_006,ICB_198,copd,AKG C417L Microphone,71.0,0,0,2,0.73927134,0.15436345,0,0,adulto
ICB_03885_000,ICB_198,copd,AKG C417L Microphone,71.0,0,1,2,0.5547848,0.05105191,0,2,adulto
ICB_03885_001,ICB_198,copd,AKG C417L Microphone,71.0,0,1,2,0.6588544,0.35679194,2,2,adulto
ICB_03885_002,ICB_198,copd,AKG C417L Microphone,71.0,0,1,2,0.7178939,0.28510156,0,2,adulto
ICB_03885_003,ICB_198,copd,AKG C417L Microphone,71.0,0,1,2,0.7079018,0.2773248,0,2,adulto
ICB_03885_004,ICB_198,copd,AKG C417L Microphone,71.0,0,1,2,0.70558864,0.18359013,0,2,adulto
ICB_03885_005,ICB_198,copd,AKG C417L Microphone,71.0,0,1,2,0.6803065,0.42187673,2,2,adulto
ICB_03885_006,ICB_198,copd,AKG C417L Microphone,71.0,0,0,2,0.696912,0.15145864,0,0,adulto
ICB_03886_000,ICB_198,copd,AKG C417L Microphone,71.0,0,1,2,0.5848856,0.015816098,0,2,adulto
ICB_03886_001,ICB_198,copd,AKG C417L Microphone,71.0,0,1,2,0.7524568,0.11482613,0,2,adulto
ICB_03886_002,ICB_198,copd,AKG C417L Microphone,71.0,0,1,2,0.7906729,0.1456513,0,2,adulto
ICB_03886_003,ICB_198,copd,AKG C417L Microphone,71.0,0,1,2,0.8047498,0.10900706,1,2,adulto
ICB_03886_004,ICB_198,copd,AKG C417L Microphone,71.0,0,1,2,0.7994464,0.09452511,0,2,adulto
ICB_03886_005,ICB_198,copd,AKG C417L Microphone,71.0,0,1,2,0.77660257,0.29165238,0,2,adulto
ICB_03886_006,ICB_198,copd,AKG C417L Microphone,71.0,0,0,2,0.7345212,0.080778316,0,0,adulto
ICB_03887_000,ICB_198,copd,AKG C417L Microphone,71.0,0,1,2,0.4331558,0.04480877,0,2,adulto
ICB_03887_001,ICB_198,copd,AKG C417L Microphone,71.0,0,1,2,0.5494457,0.46173695,2,2,adulto
ICB_03887_002,ICB_198,copd,AKG C417L Microphone,71.0,0,1,2,0.6357698,0.30085623,0,2,adulto
ICB_03887_003,ICB_198,copd,AKG C417L Microphone,71.0,0,1,2,0.6629382,0.26919708,0,2,adulto
ICB_03887_004,ICB_198,copd,AKG C417L Microphone,71.0,0,1,2,0.6680019,0.18625057,0,2,adulto
ICB_03887_005,ICB_198,copd,AKG C417L Microphone,71.0,0,1,2,0.61681634,0.46716213,2,2,adulto
ICB_03887_006,ICB_198,copd,AKG C417L Microphone,71.0,0,0,2,0.6871368,0.31869847,0,0,adulto
ICB_03888_000,ICB_198,copd,AKG C417L Microphone,71.0,0,1,2,0.2993183,0.012020199,0,2,adulto
ICB_03888_001,ICB_198,copd,AKG C417L Microphone,71.0,0,1,2,0.49294513,0.21967344,0,2,adulto
ICB_03888_002,ICB_198,copd,AKG C417L Microphone,71.0,0,1,2,0.5380719,0.2008862,0,2,adulto
ICB_03888_003,ICB_198,copd,AKG C417L Microphone,71.0,0,1,2,0.48558596,0.09987812,0,2,adulto
ICB_03888_004,ICB_198,copd,AKG C417L Microphone,71.0,0,1,2,0.59489065,0.0704798,0,2,adulto
ICB_03888_005,ICB_198,copd,AKG C417L Microphone,71.0,0,1,2,0.50005853,0.06674091,0,2,adulto
ICB_03888_006,ICB_198,copd,AKG C417L Microphone,71.0,0,0,2,0.6047405,0.025628362,0,0,adulto
ICB_03889_000,ICB_198,copd,AKG C417L Microphone,71.0,0,0,2,0.7206566,0.16485576,0,0,adulto
ICB_03889_001,ICB_198,copd,AKG C417L Microphone,71.0,0,0,2,0.76289064,0.13359828,0,0,adulto
ICB_03889_002,ICB_198,copd,AKG C417L Microphone,71.0,0,0,2,0.7781676,0.13162866,0,0,adulto
ICB_03889_003,ICB_198,copd,AKG C417L Microphone,71.0,0,0,2,0.6647255,0.10706004,0,0,adulto
ICB_03889_004,ICB_198,copd,AKG C417L Microphone,71.0,0,0,2,0.73212993,0.14538765,0,0,adulto
ICB_03889_005,ICB_198,copd,AKG C417L Microphone,71.0,0,0,2,0.7854465,0.12373889,0,0,adulto
ICB_03889_006,ICB_198,copd,AKG C417L Microphone,71.0,0,0,2,0.7382991,0.14877115,0,0,adulto
ICB_03890_000,ICB_198,copd,AKG C417L Microphone,71.0,1,0,2,0.7238234,0.11200855,0,1,adulto
ICB_03890_001,ICB_198,copd,AKG C417L Microphone,71.0,1,0,2,0.76129353,0.087730736,0,1,adulto
ICB_03890_002,ICB_198,copd,AKG C417L Microphone,71.0,1,0,2,0.7796598,0.11287779,0,1,adulto
ICB_03890_003,ICB_198,copd,AKG C417L Microphone,71.0,1,0,2,0.7570485,0.08128681,0,1,adulto
ICB_03890_004,ICB_198,copd,AKG C417L Microphone,71.0,1,0,2,0.77736306,0.10129452,0,1,adulto
ICB_03890_005,ICB_198,copd,AKG C417L Microphone,71.0,1,0,2,0.7672057,0.11632669,0,1,adulto
ICB_03891_000,ICB_198,copd,AKG C417L Microphone,71.0,0,0,2,0.7371604,0.16151203,0,0,adulto
ICB_03891_001,ICB_198,copd,AKG C417L Microphone,71.0,1,0,2,0.7093217,0.15890338,0,1,adulto
ICB_03891_002,ICB_198,copd,AKG C417L Microphone,71.0,0,0,2,0.7454115,0.13106321,0,0,adulto
ICB_03891_003,ICB_198,copd,AKG C417L Microphone,71.0,0,0,2,0.7784191,0.0935832,0,0,adulto
ICB_03891_004,ICB_198,copd,AKG C417L Microphone,71.0,0,0,2,0.7456231,0.15445735,0,0,adulto
ICB_03891_005,ICB_198,copd,AKG C417L Microphone,71.0,0,0,2,0.7409319,0.13482328,0,0,adulto
ICB_03891_006,ICB_198,copd,AKG C417L Microphone,71.0,0,0,2,0.73804253,0.16093764,0,0,adulto
ICB_03892_000,ICB_198,copd,AKG C417L Microphone,71.0,1,0,2,0.7619538,0.15920758,0,1,adulto
ICB_03892_001,ICB_198,copd,AKG C417L Microphone,71.0,1,0,2,0.76153505,0.1078557,0,1,adulto
ICB_03892_002,ICB_198,copd,AKG C417L Microphone,71.0,1,0,2,0.6866804,0.12375994,0,1,adulto
ICB_03892_003,ICB_198,copd,AKG C417L Microphone,71.0,1,0,2,0.7755246,0.08657792,0,1,adulto
ICB_03892_004,ICB_198,copd,AKG C417L Microphone,71.0,1,0,2,0.76942647,0.08563041,0,1,adulto
ICB_03892_005,ICB_198,copd,AKG C417L Microphone,71.0,1,0,2,0.8047014,0.08807594,1,1,adulto
ICB_03892_006,ICB_198,copd,AKG C417L Microphone,71.0,1,0,2,0.73253554,0.13996221,0,1,adulto
ICB_03893_000,ICB_198,copd,AKG C417L Microphone,71.0,1,0,2,0.7109727,0.1665932,0,1,adulto
ICB_03893_001,ICB_198,copd,AKG C417L Microphone,71.0,1,0,2,0.74922955,0.16726646,0,1,adulto
ICB_03893_002,ICB_198,copd,AKG C417L Microphone,71.0,1,0,2,0.75233096,0.1617889,0,1,adulto
ICB_03893_003,ICB_198,copd,AKG C417L Microphone,71.0,1,0,2,0.75449425,0.12262836,0,1,adulto
ICB_03893_004,ICB_198,copd,AKG C417L Microphone,71.0,1,0,2,0.7574462,0.1344949,0,1,adulto
ICB_03893_005,ICB_198,copd,AKG C417L Microphone,71.0,0,0,2,0.7155533,0.11577221,0,0,adulto
ICB_03893_006,ICB_198,copd,AKG C417L Microphone,71.0,1,0,2,0.7679739,0.15127558,0,1,adulto
ICB_03894_000,ICB_198,copd,AKG C417L Microphone,71.0,1,0,2,0.7487391,0.07610276,0,1,adulto
ICB_03894_001,ICB_198,copd,AKG C417L Microphone,71.0,1,0,2,0.8082945,0.084359914,1,1,adulto
ICB_03894_002,ICB_198,copd,AKG C417L Microphone,71.0,1,0,2,0.7965378,0.10251012,0,1,adulto
ICB_03894_003,ICB_198,copd,AKG C417L Microphone,71.0,0,0,2,0.72008544,0.13198982,0,0,adulto
ICB_03894_004,ICB_198,copd,AKG C417L Microphone,71.0,1,0,2,0.7820992,0.1386366,0,1,adulto
ICB_03894_005,ICB_198,copd,AKG C417L Microphone,71.0,1,0,2,0.75125486,0.10860956,0,1,adulto
ICB_03894_006,ICB_198,copd,AKG C417L Microphone,71.0,0,0,2,0.73295915,0.10924876,0,0,adulto
ICB_03895_000,ICB_198,copd,AKG C417L Microphone,71.0,0,0,2,0.7687606,0.13785382,0,0,adulto
ICB_03895_001,ICB_198,copd,AKG C417L Microphone,71.0,1,0,2,0.6894818,0.13836847,0,1,adulto
ICB_03895_002,ICB_198,copd,AKG C417L Microphone,71.0,1,0,2,0.7275071,0.14427194,0,1,adulto
ICB_03895_003,ICB_198,copd,AKG C417L Microphone,71.0,1,0,2,0.77437454,0.10829496,0,1,adulto
ICB_03895_004,ICB_198,copd,AKG C417L Microphone,71.0,0,0,2,0.7803884,0.10181658,0,0,adulto
ICB_03895_005,ICB_198,copd,AKG C417L Microphone,71.0,0,0,2,0.74572146,0.0832877,0,0,adulto
ICB_03895_006,ICB_198,copd,AKG C417L Microphone,71.0,0,0,2,0.7586291,0.113277785,0,0,adulto
ICB_03895_007,ICB_198,copd,AKG C417L Microphone,71.0,0,0,2,0.7251007,0.119965315,0,0,adulto
ICB_03949_000,ICB_204,copd,AKG C417L Microphone,66.0,0,0,2,0.6797108,0.06980655,0,0,adulto
ICB_03949_001,ICB_204,copd,AKG C417L Microphone,66.0,0,1,2,0.6731144,0.86406744,2,2,adulto
ICB_03949_002,ICB_204,copd,AKG C417L Microphone,66.0,0,1,2,0.5771426,0.45519483,2,2,adulto
ICB_03949_003,ICB_204,copd,AKG C417L Microphone,66.0,0,1,2,0.6758622,0.4119066,2,2,adulto
ICB_03949_004,ICB_204,copd,AKG C417L Microphone,66.0,0,0,2,0.64490736,0.22266766,0,0,adulto
ICB_03949_005,ICB_204,copd,AKG C417L Microphone,66.0,0,1,2,0.7226945,0.3556224,2,2,adulto
ICB_03949_006,ICB_204,copd,AKG C417L Microphone,66.0,0,0,2,0.7578147,0.07996353,0,0,adulto
ICB_03950_000,ICB_204,copd,AKG C417L Microphone,66.0,0,0,2,0.3202258,0.32815433,0,0,adulto
ICB_03950_001,ICB_204,copd,AKG C417L Microphone,66.0,0,1,2,0.47424164,0.4880506,2,2,adulto
ICB_03950_002,ICB_204,copd,AKG C417L Microphone,66.0,0,1,2,0.37862566,0.14060386,0,2,adulto
ICB_03950_003,ICB_204,copd,AKG C417L Microphone,66.0,0,0,2,0.6382207,0.42657185,2,0,adulto
ICB_03950_004,ICB_204,copd,AKG C417L Microphone,66.0,0,0,2,0.47862104,0.15975302,0,0,adulto
ICB_03950_005,ICB_204,copd,AKG C417L Microphone,66.0,0,0,2,0.55178416,0.54662365,2,0,adulto
ICB_03950_006,ICB_204,copd,AKG C417L Microphone,66.0,0,0,2,0.5232593,0.72688454,2,0,adulto
ICB_03951_000,ICB_204,copd,AKG C417L Microphone,66.0,0,0,2,0.71341795,0.4065707,2,0,adulto
ICB_03951_001,ICB_204,copd,AKG C417L Microphone,66.0,0,0,2,0.7445549,0.78472036,2,0,adulto
ICB_03951_002,ICB_204,copd,AKG C417L Microphone,66.0,0,0,2,0.5875739,0.4477729,2,0,adulto
ICB_03951_003,ICB_204,copd,AKG C417L Microphone,66.0,0,0,2,0.8081254,0.4410587,3,0,adulto
ICB_03951_004,ICB_204,copd,AKG C417L Microphone,66.0,0,0,2,0.7121608,0.14446858,0,0,adulto
ICB_03951_005,ICB_204,copd,AKG C417L Microphone,66.0,0,0,2,0.7021262,0.3249397,0,0,adulto
ICB_03951_006,ICB_204,copd,AKG C417L Microphone,66.0,0,0,2,0.74978137,0.14182116,0,0,adulto
ICB_03952_000,ICB_204,copd,AKG C417L Microphone,66.0,0,0,2,0.47032624,0.07328635,0,0,adulto
ICB_03952_001,ICB_204,copd,AKG C417L Microphone,66.0,0,0,2,0.43318608,0.031613294,0,0,adulto
ICB_03952_002,ICB_204,copd,AKG C417L Microphone,66.0,0,0,2,0.4125909,0.043750033,0,0,adulto
ICB_03952_003,ICB_204,copd,AKG C417L Microphone,66.0,0,0,2,0.29746157,0.081142016,0,0,adulto
ICB_03952_004,ICB_204,copd,AKG C417L Microphone,66.0,0,0,2,0.3960168,0.049762826,0,0,adulto
ICB_03952_005,ICB_204,copd,AKG C417L Microphone,66.0,0,0,2,0.4624721,0.03898033,0,0,adulto
ICB_03952_006,ICB_204,copd,AKG C417L Microphone,66.0,0,0,2,0.46407562,0.12408757,0,0,adulto
ICB_03953_000,ICB_204,copd,AKG C417L Microphone,66.0,0,0,2,0.40385982,0.104627475,0,0,adulto
ICB_03953_001,ICB_204,copd,AKG C417L Microphone,66.0,0,0,2,0.38067237,0.08925075,0,0,adulto
ICB_03953_002,ICB_204,copd,AKG C417L Microphone,66.0,0,0,2,0.4364665,0.09279975,0,0,adulto
ICB_03953_003,ICB_204,copd,AKG C417L Microphone,66.0,0,0,2,0.3176669,0.14703318,0,0,adulto
ICB_03953_004,ICB_204,copd,AKG C417L Microphone,66.0,0,0,2,0.43590716,0.037619952,0,0,adulto
ICB_03953_005,ICB_204,copd,AKG C417L Microphone,66.0,0,0,2,0.51866025,0.054013565,0,0,adulto
ICB_03953_006,ICB_204,copd,AKG C417L Microphone,66.0,0,0,2,0.5260943,0.06111738,0,0,adulto
ICB_03954_000,ICB_204,copd,AKG C417L Microphone,66.0,0,0,2,0.79070336,0.11225409,0,0,adulto
ICB_03954_001,ICB_204,copd,AKG C417L Microphone,66.0,0,0,2,0.75146216,0.17563549,0,0,adulto
ICB_03954_002,ICB_204,copd,AKG C417L Microphone,66.0,0,0,2,0.6727447,0.127442,0,0,adulto
ICB_03954_003,ICB_204,copd,AKG C417L Microphone,66.0,0,0,2,0.66461456,0.07632547,0,0,adulto
ICB_03954_004,ICB_204,copd,AKG C417L Microphone,66.0,0,0,2,0.7709928,0.1417926,0,0,adulto
ICB_03954_005,ICB_204,copd,AKG C417L Microphone,66.0,0,0,2,0.759297,0.08086639,0,0,adulto
ICB_03954_006,ICB_204,copd,AKG C417L Microphone,66.0,0,0,2,0.7418303,0.16784135,0,0,adulto
ICB_03955_000,ICB_204,copd,AKG C417L Microphone,66.0,0,0,2,0.5193576,0.04950993,0,0,adulto
ICB_03955_001,ICB_204,copd,AKG C417L Microphone,66.0,0,0,2,0.5079615,0.09667679,0,0,adulto
ICB_03955_002,ICB_204,copd,AKG C417L Microphone,66.0,0,0,2,0.58212703,0.07214062,0,0,adulto
ICB_03955_003,ICB_204,copd,AKG C417L Microphone,66.0,0,0,2,0.5676086,0.11633076,0,0,adulto
ICB_03955_004,ICB_204,copd,AKG C417L Microphone,66.0,0,0,2,0.5848117,0.090500176,0,0,adulto
ICB_03955_005,ICB_204,copd,AKG C417L Microphone,66.0,0,0,2,0.59719115,0.09453624,0,0,adulto
ICB_03955_006,ICB_204,copd,AKG C417L Microphone,66.0,0,0,2,0.62784094,0.16239057,0,0,adulto
ICB_03956_000,ICB_204,copd,AKG C417L Microphone,66.0,0,0,2,0.7943351,0.363533,2,0,adulto
ICB_03956_001,ICB_204,copd,AKG C417L Microphone,66.0,0,0,2,0.72943676,0.2502272,0,0,adulto
ICB_03956_002,ICB_204,copd,AKG C417L Microphone,66.0,0,0,2,0.75250566,0.19411086,0,0,adulto
ICB_03956_003,ICB_204,copd,AKG C417L Microphone,66.0,0,0,2,0.80360997,0.148611,1,0,adulto
ICB_03956_004,ICB_204,copd,AKG C417L Microphone,66.0,0,0,2,0.76752865,0.14489134,0,0,adulto
ICB_03956_005,ICB_204,copd,AKG C417L Microphone,66.0,0,0,2,0.75969195,0.20588578,0,0,adulto
ICB_03956_006,ICB_204,copd,AKG C417L Microphone,66.0,0,0,2,0.7853499,0.20417695,0,0,adulto
ICB_03957_000,ICB_204,copd,AKG C417L Microphone,66.0,0,0,2,0.46336755,0.12819658,0,0,adulto
ICB_03957_001,ICB_204,copd,AKG C417L Microphone,66.0,0,0,2,0.37184837,0.03532835,0,0,adulto
ICB_03957_002,ICB_204,copd,AKG C417L Microphone,66.0,0,0,2,0.41490608,0.0815161,0,0,adulto
ICB_03957_003,ICB_204,copd,AKG C417L Microphone,66.0,0,0,2,0.3265683,0.11705227,0,0,adulto
ICB_03957_004,ICB_204,copd,AKG C417L Microphone,66.0,0,0,2,0.42793518,0.10051187,0,0,adulto
ICB_03957_005,ICB_204,copd,AKG C417L Microphone,66.0,0,0,2,0.40127054,0.06266884,0,0,adulto
ICB_03957_006,ICB_204,copd,AKG C417L Microphone,66.0,0,0,2,0.48286423,0.15049018,0,0,adulto
ICB_04002_000,ICB_208,normal_lung,3M Littmann Classic II SE,5.0,0,0,2,0.7115623,0.02065529,0,0,pediátrico (<18)
ICB_04002_001,ICB_208,normal_lung,3M Littmann Classic II SE,5.0,0,0,2,0.64710075,0.030855209,0,0,pediátrico (<18)
ICB_04002_002,ICB_208,normal_lung,3M Littmann Classic II SE,5.0,0,0,2,0.6959879,0.03242042,0,0,pediátrico (<18)
ICB_04002_003,ICB_208,normal_lung,3M Littmann Classic II SE,5.0,0,0,2,0.7086187,0.044530608,0,0,pediátrico (<18)
ICB_04002_004,ICB_208,normal_lung,3M Littmann Classic II SE,5.0,0,0,2,0.72832865,0.03583367,0,0,pediátrico (<18)
ICB_04002_005,ICB_208,normal_lung,3M Littmann Classic II SE,5.0,0,0,2,0.47599897,0.030742744,0,0,pediátrico (<18)
ICB_04002_006,ICB_208,normal_lung,3M Littmann Classic II SE,5.0,0,0,2,0.8038081,0.03500915,1,0,pediátrico (<18)
ICB_04002_007,ICB_208,normal_lung,3M Littmann Classic II SE,5.0,0,0,2,0.7269116,0.083954506,0,0,pediátrico (<18)
ICB_04002_008,ICB_208,normal_lung,3M Littmann Classic II SE,5.0,0,0,2,0.7907394,0.012266705,0,0,pediátrico (<18)
ICB_04002_009,ICB_208,normal_lung,3M Littmann Classic II SE,5.0,0,0,2,0.67222595,0.051686738,0,0,pediátrico (<18)
ICB_04002_010,ICB_208,normal_lung,3M Littmann Classic II SE,5.0,0,0,2,0.7881643,0.056287922,0,0,pediátrico (<18)
ICB_04002_011,ICB_208,normal_lung,3M Littmann Classic II SE,5.0,0,0,2,0.76711935,0.04402191,0,0,pediátrico (<18)
ICB_04002_012,ICB_208,normal_lung,3M Littmann Classic II SE,5.0,0,0,2,0.75491107,0.053068604,0,0,pediátrico (<18)
ICB_04006_000,ICB_211,copd,AKG C417L Microphone,70.0,0,0,2,0.58968824,0.086375825,0,0,adulto
ICB_04006_001,ICB_211,copd,AKG C417L Microphone,70.0,0,0,2,0.65480363,0.22033747,0,0,adulto
ICB_04006_002,ICB_211,copd,AKG C417L Microphone,70.0,0,0,2,0.6490757,0.0753182,0,0,adulto
ICB_04006_003,ICB_211,copd,AKG C417L Microphone,70.0,0,0,2,0.58784044,0.14321344,0,0,adulto
ICB_04006_004,ICB_211,copd,AKG C417L Microphone,70.0,0,0,2,0.6373468,0.2217037,0,0,adulto
ICB_04006_005,ICB_211,copd,AKG C417L Microphone,70.0,0,0,2,0.7066746,0.16225997,0,0,adulto
ICB_04006_006,ICB_211,copd,AKG C417L Microphone,70.0,0,0,2,0.6286782,0.25442785,0,0,adulto
ICB_04006_007,ICB_211,copd,AKG C417L Microphone,70.0,0,0,2,0.6242219,0.14623792,0,0,adulto
ICB_04006_008,ICB_211,copd,AKG C417L Microphone,70.0,0,0,2,0.6513912,0.22714607,0,0,adulto
ICB_04006_009,ICB_211,copd,AKG C417L Microphone,70.0,0,0,2,0.7192169,0.18252799,0,0,adulto
ICB_04006_010,ICB_211,copd,AKG C417L Microphone,70.0,0,0,2,0.6201391,0.12844549,0,0,adulto
ICB_04006_011,ICB_211,copd,AKG C417L Microphone,70.0,0,0,2,0.71383345,0.1310471,0,0,adulto
ICB_04006_012,ICB_211,copd,AKG C417L Microphone,70.0,0,0,2,0.6767565,0.06761079,0,0,adulto
ICB_04007_000,ICB_211,copd,AKG C417L Microphone,70.0,0,1,2,0.6351554,0.12096197,0,2,adulto
ICB_04007_001,ICB_211,copd,AKG C417L Microphone,70.0,1,1,2,0.67018706,0.12602402,0,3,adulto
ICB_04007_002,ICB_211,copd,AKG C417L Microphone,70.0,1,1,2,0.6111869,0.09827404,0,3,adulto
ICB_04007_003,ICB_211,copd,AKG C417L Microphone,70.0,1,0,2,0.6001956,0.0868598,0,1,adulto
ICB_04007_004,ICB_211,copd,AKG C417L Microphone,70.0,1,0,2,0.6980544,0.11099178,0,1,adulto
ICB_04007_005,ICB_211,copd,AKG C417L Microphone,70.0,1,1,2,0.72039264,0.13520683,0,3,adulto
ICB_04007_006,ICB_211,copd,AKG C417L Microphone,70.0,1,0,2,0.6619748,0.15004997,0,1,adulto
ICB_04007_007,ICB_211,copd,AKG C417L Microphone,70.0,0,1,2,0.7004824,0.13530256,0,2,adulto
ICB_04007_008,ICB_211,copd,AKG C417L Microphone,70.0,1,1,2,0.49579743,0.107683204,0,3,adulto
ICB_04007_009,ICB_211,copd,AKG C417L Microphone,70.0,0,1,2,0.5281798,0.11982287,0,2,adulto
ICB_04007_010,ICB_211,copd,AKG C417L Microphone,70.0,0,1,2,0.6116892,0.092128195,0,2,adulto
ICB_04007_011,ICB_211,copd,AKG C417L Microphone,70.0,1,0,2,0.63452774,0.090254486,0,1,adulto
ICB_04007_012,ICB_211,copd,AKG C417L Microphone,70.0,1,0,2,0.5964138,0.16518585,0,1,adulto
ICB_04008_000,ICB_211,copd,AKG C417L Microphone,70.0,0,0,2,0.6611893,0.10016457,0,0,adulto
ICB_04008_001,ICB_211,copd,AKG C417L Microphone,70.0,0,0,2,0.623793,0.17910555,0,0,adulto
ICB_04008_002,ICB_211,copd,AKG C417L Microphone,70.0,0,0,2,0.60727394,0.16859327,0,0,adulto
ICB_04008_003,ICB_211,copd,AKG C417L Microphone,70.0,0,0,2,0.5993002,0.10129708,0,0,adulto
ICB_04008_004,ICB_211,copd,AKG C417L Microphone,70.0,0,0,2,0.5868509,0.12423096,0,0,adulto
ICB_04008_005,ICB_211,copd,AKG C417L Microphone,70.0,0,0,2,0.6355469,0.23907211,0,0,adulto
ICB_04008_006,ICB_211,copd,AKG C417L Microphone,70.0,0,0,2,0.60526276,0.14254476,0,0,adulto
ICB_04008_007,ICB_211,copd,AKG C417L Microphone,70.0,0,0,2,0.6637825,0.20480168,0,0,adulto
ICB_04008_008,ICB_211,copd,AKG C417L Microphone,70.0,0,0,2,0.5908168,0.13304031,0,0,adulto
ICB_04008_009,ICB_211,copd,AKG C417L Microphone,70.0,0,0,2,0.62003577,0.15122408,0,0,adulto
ICB_04008_010,ICB_211,copd,AKG C417L Microphone,70.0,0,0,2,0.56989306,0.1333186,0,0,adulto
ICB_04008_011,ICB_211,copd,AKG C417L Microphone,70.0,0,0,2,0.69064426,0.1985479,0,0,adulto
ICB_04008_012,ICB_211,copd,AKG C417L Microphone,70.0,0,0,2,0.60367626,0.29071948,0,0,adulto
ICB_04009_000,ICB_211,copd,AKG C417L Microphone,70.0,0,0,2,0.7783414,0.19328405,0,0,adulto
ICB_04009_001,ICB_211,copd,AKG C417L Microphone,70.0,0,0,2,0.6984877,0.1861394,0,0,adulto
ICB_04009_002,ICB_211,copd,AKG C417L Microphone,70.0,0,0,2,0.72125673,0.12755594,0,0,adulto
ICB_04009_003,ICB_211,copd,AKG C417L Microphone,70.0,0,0,2,0.68978137,0.17272918,0,0,adulto
ICB_04009_004,ICB_211,copd,AKG C417L Microphone,70.0,0,0,2,0.70742613,0.21641032,0,0,adulto
ICB_04009_005,ICB_211,copd,AKG C417L Microphone,70.0,0,0,2,0.7276509,0.16735677,0,0,adulto
ICB_04009_006,ICB_211,copd,AKG C417L Microphone,70.0,0,0,2,0.689527,0.18105656,0,0,adulto
ICB_04009_007,ICB_211,copd,AKG C417L Microphone,70.0,0,0,2,0.6875904,0.13324587,0,0,adulto
ICB_04009_008,ICB_211,copd,AKG C417L Microphone,70.0,0,0,2,0.6915621,0.16117005,0,0,adulto
ICB_04009_009,ICB_211,copd,AKG C417L Microphone,70.0,0,0,2,0.7323784,0.13161066,0,0,adulto
ICB_04009_010,ICB_211,copd,AKG C417L Microphone,70.0,0,0,2,0.7367125,0.22229996,0,0,adulto
ICB_04009_011,ICB_211,copd,AKG C417L Microphone,70.0,0,0,2,0.7434376,0.16062959,0,0,adulto
ICB_04009_012,ICB_211,copd,AKG C417L Microphone,70.0,0,0,2,0.73804194,0.21170525,0,0,adulto
ICB_04009_013,ICB_211,copd,AKG C417L Microphone,70.0,0,0,2,0.6831144,0.23365974,0,0,adulto
ICB_04010_000,ICB_211,copd,AKG C417L Microphone,70.0,0,0,2,0.7374662,0.0905097,0,0,adulto
ICB_04010_001,ICB_211,copd,AKG C417L Microphone,70.0,0,0,2,0.73265564,0.09762454,0,0,adulto
ICB_04010_002,ICB_211,copd,AKG C417L Microphone,70.0,0,0,2,0.73347783,0.11839194,0,0,adulto
ICB_04010_003,ICB_211,copd,AKG C417L Microphone,70.0,0,0,2,0.71418226,0.22688632,0,0,adulto
ICB_04010_004,ICB_211,copd,AKG C417L Microphone,70.0,0,0,2,0.74618405,0.22294773,0,0,adulto
ICB_04010_005,ICB_211,copd,AKG C417L Microphone,70.0,0,0,2,0.6844538,0.34377018,0,0,adulto
ICB_04010_006,ICB_211,copd,AKG C417L Microphone,70.0,0,0,2,0.7012804,0.1795194,0,0,adulto
ICB_04010_007,ICB_211,copd,AKG C417L Microphone,70.0,0,0,2,0.7540914,0.2491563,0,0,adulto
ICB_04010_008,ICB_211,copd,AKG C417L Microphone,70.0,0,0,2,0.6708725,0.107668675,0,0,adulto
ICB_04010_009,ICB_211,copd,AKG C417L Microphone,70.0,0,0,2,0.7432022,0.13809162,0,0,adulto
ICB_04010_010,ICB_211,copd,AKG C417L Microphone,70.0,0,0,2,0.7489865,0.17883663,0,0,adulto
ICB_04010_011,ICB_211,copd,AKG C417L Microphone,70.0,0,0,2,0.70341927,0.072266445,0,0,adulto
ICB_04010_012,ICB_211,copd,AKG C417L Microphone,70.0,0,0,2,0.72546875,0.16984533,0,0,adulto
ICB_04010_013,ICB_211,copd,AKG C417L Microphone,70.0,0,0,2,0.7243488,0.15671554,0,0,adulto
ICB_04011_000,ICB_211,copd,AKG C417L Microphone,70.0,0,0,2,0.45635092,0.08851088,0,0,adulto
ICB_04011_001,ICB_211,copd,AKG C417L Microphone,70.0,0,0,2,0.59270215,0.04271906,0,0,adulto
ICB_04011_002,ICB_211,copd,AKG C417L Microphone,70.0,0,0,2,0.4065806,0.076184325,0,0,adulto
ICB_04011_003,ICB_211,copd,AKG C417L Microphone,70.0,0,0,2,0.5443502,0.08493186,0,0,adulto
ICB_04011_004,ICB_211,copd,AKG C417L Microphone,70.0,0,0,2,0.62244457,0.07966041,0,0,adulto
ICB_04011_005,ICB_211,copd,AKG C417L Microphone,70.0,0,0,2,0.71504396,0.05143521,0,0,adulto
ICB_04011_006,ICB_211,copd,AKG C417L Microphone,70.0,0,0,2,0.5976574,0.07268445,0,0,adulto
ICB_04011_007,ICB_211,copd,AKG C417L Microphone,70.0,0,0,2,0.7346839,0.06385034,0,0,adulto
ICB_04011_008,ICB_211,copd,AKG C417L Microphone,70.0,0,0,2,0.6151986,0.06224425,0,0,adulto
ICB_04011_009,ICB_211,copd,AKG C417L Microphone,70.0,0,0,2,0.5939889,0.092608795,0,0,adulto
ICB_04011_010,ICB_211,copd,AKG C417L Microphone,70.0,0,0,2,0.5138091,0.115080655,0,0,adulto
ICB_04011_011,ICB_211,copd,AKG C417L Microphone,70.0,0,0,2,0.63854504,0.08888598,0,0,adulto
ICB_04011_012,ICB_211,copd,AKG C417L Microphone,70.0,0,0,2,0.7499888,0.047021914,0,0,adulto
ICB_04012_000,ICB_211,copd,AKG C417L Microphone,70.0,0,0,2,0.50166833,0.055482432,0,0,adulto
ICB_04012_001,ICB_211,copd,AKG C417L Microphone,70.0,0,0,2,0.71707076,0.07748894,0,0,adulto
ICB_04012_002,ICB_211,copd,AKG C417L Microphone,70.0,0,0,2,0.7781232,0.05305459,0,0,adulto
ICB_04012_003,ICB_211,copd,AKG C417L Microphone,70.0,0,0,2,0.58245045,0.058134194,0,0,adulto
ICB_04012_004,ICB_211,copd,AKG C417L Microphone,70.0,0,0,2,0.54157394,0.039112013,0,0,adulto
ICB_04012_005,ICB_211,copd,AKG C417L Microphone,70.0,0,0,2,0.46858612,0.09514578,0,0,adulto
ICB_04012_006,ICB_211,copd,AKG C417L Microphone,70.0,0,0,2,0.523264,0.07195597,0,0,adulto
ICB_04012_007,ICB_211,copd,AKG C417L Microphone,70.0,0,0,2,0.5220417,0.058480132,0,0,adulto
ICB_04012_008,ICB_211,copd,AKG C417L Microphone,70.0,0,0,2,0.45529747,0.09202714,0,0,adulto
ICB_04012_009,ICB_211,copd,AKG C417L Microphone,70.0,0,0,2,0.40347254,0.07168997,0,0,adulto
ICB_04012_010,ICB_211,copd,AKG C417L Microphone,70.0,0,0,2,0.43461835,0.09408438,0,0,adulto
ICB_04012_011,ICB_211,copd,AKG C417L Microphone,70.0,0,0,2,0.48099795,0.08408529,0,0,adulto
ICB_04012_012,ICB_211,copd,AKG C417L Microphone,70.0,0,0,2,0.533391,0.10190726,0,0,adulto
ICB_04012_013,ICB_211,copd,AKG C417L Microphone,70.0,0,0,2,0.45567676,0.12954345,0,0,adulto
ICB_04012_014,ICB_211,copd,AKG C417L Microphone,70.0,0,0,2,0.56027305,0.13621286,0,0,adulto
ICB_04012_015,ICB_211,copd,AKG C417L Microphone,70.0,0,0,2,0.51900846,0.101693004,0,0,adulto
ICB_04013_000,ICB_211,copd,AKG C417L Microphone,70.0,0,0,2,0.5253181,0.10518793,0,0,adulto
ICB_04013_001,ICB_211,copd,AKG C417L Microphone,70.0,0,0,2,0.4665196,0.08457026,0,0,adulto
ICB_04013_002,ICB_211,copd,AKG C417L Microphone,70.0,0,0,2,0.53708225,0.11861121,0,0,adulto
ICB_04013_003,ICB_211,copd,AKG C417L Microphone,70.0,0,0,2,0.57332444,0.084748514,0,0,adulto
ICB_04013_004,ICB_211,copd,AKG C417L Microphone,70.0,0,0,2,0.6382734,0.101607785,0,0,adulto
ICB_04013_005,ICB_211,copd,AKG C417L Microphone,70.0,0,0,2,0.5256641,0.10314849,0,0,adulto
ICB_04013_006,ICB_211,copd,AKG C417L Microphone,70.0,0,0,2,0.55945367,0.088382564,0,0,adulto
ICB_04013_007,ICB_211,copd,AKG C417L Microphone,70.0,0,0,2,0.5379175,0.09795098,0,0,adulto
ICB_04013_008,ICB_211,copd,AKG C417L Microphone,70.0,0,0,2,0.7847598,0.06802166,0,0,adulto
ICB_04013_009,ICB_211,copd,AKG C417L Microphone,70.0,0,0,2,0.58144075,0.09555447,0,0,adulto
ICB_04013_010,ICB_211,copd,AKG C417L Microphone,70.0,0,0,2,0.54332405,0.08452442,0,0,adulto
ICB_04013_011,ICB_211,copd,AKG C417L Microphone,70.0,0,0,2,0.4707318,0.09261588,0,0,adulto
ICB_04013_012,ICB_211,copd,AKG C417L Microphone,70.0,0,0,2,0.5287605,0.09545069,0,0,adulto
ICB_04013_013,ICB_211,copd,AKG C417L Microphone,70.0,0,0,2,0.5663948,0.108267024,0,0,adulto
ICB_04013_014,ICB_211,copd,AKG C417L Microphone,70.0,0,0,2,0.6043801,0.06201548,0,0,adulto
ICB_04014_000,ICB_212,copd,3M Littmann Classic II SE,83.0,0,0,2,0.8652175,0.04318286,1,0,adulto
ICB_04014_001,ICB_212,copd,3M Littmann Classic II SE,83.0,1,0,2,0.67202127,0.079209216,0,1,adulto
ICB_04014_002,ICB_212,copd,3M Littmann Classic II SE,83.0,0,0,2,0.6530102,0.09853478,0,0,adulto
ICB_04014_003,ICB_212,copd,3M Littmann Classic II SE,83.0,1,0,2,0.71040016,0.054718666,0,1,adulto
ICB_04014_004,ICB_212,copd,3M Littmann Classic II SE,83.0,0,0,2,0.68218154,0.15162832,0,0,adulto
ICB_04014_005,ICB_212,copd,3M Littmann Classic II SE,83.0,0,0,2,0.67387027,0.08028278,0,0,adulto
ICB_04014_006,ICB_212,copd,3M Littmann Classic II SE,83.0,0,0,2,0.67377436,0.07545187,0,0,adulto
ICB_04077_000,ICB_224,normal_lung,AKG C417L Microphone,10.0,0,0,2,0.73758715,0.06046907,0,0,pediátrico (<18)
ICB_04077_001,ICB_224,normal_lung,AKG C417L Microphone,10.0,0,0,2,0.7404287,0.08269326,0,0,pediátrico (<18)
ICB_04077_002,ICB_224,normal_lung,AKG C417L Microphone,10.0,0,0,2,0.8266882,0.23534699,1,0,pediátrico (<18)
ICB_04077_003,ICB_224,normal_lung,AKG C417L Microphone,10.0,0,0,2,0.79653376,0.08037201,0,0,pediátrico (<18)
ICB_04077_004,ICB_224,normal_lung,AKG C417L Microphone,10.0,0,0,2,0.7724691,0.052130353,0,0,pediátrico (<18)
ICB_04077_005,ICB_224,normal_lung,AKG C417L Microphone,10.0,0,0,2,0.7149859,0.06246524,0,0,pediátrico (<18)
ICB_04077_006,ICB_224,normal_lung,AKG C417L Microphone,10.0,0,0,2,0.73304725,0.025992831,0,0,pediátrico (<18)
ICB_04078_000,ICB_224,normal_lung,AKG C417L Microphone,10.0,0,0,2,0.74360013,0.04244005,0,0,pediátrico (<18)
ICB_04078_001,ICB_224,normal_lung,AKG C417L Microphone,10.0,0,0,2,0.65554875,0.1459176,0,0,pediátrico (<18)
ICB_04078_002,ICB_224,normal_lung,AKG C417L Microphone,10.0,0,0,2,0.69497305,0.05061793,0,0,pediátrico (<18)
ICB_04078_003,ICB_224,normal_lung,AKG C417L Microphone,10.0,0,0,2,0.70344746,0.05012143,0,0,pediátrico (<18)
ICB_04078_004,ICB_224,normal_lung,AKG C417L Microphone,10.0,0,0,2,0.66337216,0.07590829,0,0,pediátrico (<18)
ICB_04078_005,ICB_224,normal_lung,AKG C417L Microphone,10.0,0,0,2,0.77806,0.022081671,0,0,pediátrico (<18)
ICB_04078_006,ICB_224,normal_lung,AKG C417L Microphone,10.0,0,0,2,0.72288716,0.07308394,0,0,pediátrico (<18)
ICB_04079_000,ICB_225,normal_lung,AKG C417L Microphone,0.83,0,0,2,0.70395535,0.06696299,0,0,pediátrico (<18)
ICB_04079_001,ICB_225,normal_lung,AKG C417L Microphone,0.83,0,0,2,0.4325234,0.06431414,0,0,pediátrico (<18)
ICB_04079_002,ICB_225,normal_lung,AKG C417L Microphone,0.83,0,0,2,0.454322,0.08244794,0,0,pediátrico (<18)
ICB_04079_003,ICB_225,normal_lung,AKG C417L Microphone,0.83,0,0,2,0.57475364,0.08625406,0,0,pediátrico (<18)
ICB_04079_004,ICB_225,normal_lung,AKG C417L Microphone,0.83,0,0,2,0.50528187,0.0788085,0,0,pediátrico (<18)
ICB_04079_005,ICB_225,normal_lung,AKG C417L Microphone,0.83,0,0,2,0.5282653,0.087201394,0,0,pediátrico (<18)
ICB_04079_006,ICB_225,normal_lung,AKG C417L Microphone,0.83,0,0,2,0.4568667,0.05213898,0,0,pediátrico (<18)
ICB_04079_007,ICB_225,normal_lung,AKG C417L Microphone,0.83,0,0,2,0.44386527,0.070438,0,0,pediátrico (<18)
ICB_04079_008,ICB_225,normal_lung,AKG C417L Microphone,0.83,0,0,2,0.48176572,0.08060744,0,0,pediátrico (<18)
ICB_04079_009,ICB_225,normal_lung,AKG C417L Microphone,0.83,0,0,2,0.6287593,0.11555973,0,0,pediátrico (<18)
ICB_04079_010,ICB_225,normal_lung,AKG C417L Microphone,0.83,0,0,2,0.5203582,0.08592882,0,0,pediátrico (<18)
ICB_04079_011,ICB_225,normal_lung,AKG C417L Microphone,0.83,0,0,2,0.55972606,0.11486928,0,0,pediátrico (<18)
ICB_04079_012,ICB_225,normal_lung,AKG C417L Microphone,0.83,0,0,2,0.5491803,0.06758669,0,0,pediátrico (<18)
ICB_04079_013,ICB_225,normal_lung,AKG C417L Microphone,0.83,0,0,2,0.60914075,0.10249276,0,0,pediátrico (<18)
ICB_03205_000,ICB_109,copd,3M Littmann 3200 Electronic,84.0,0,0,3,0.46483153,0.83501124,0,0,adulto
ICB_03205_001,ICB_109,copd,3M Littmann 3200 Electronic,84.0,0,0,3,0.4714884,0.8448677,0,0,adulto
ICB_03205_002,ICB_109,copd,3M Littmann 3200 Electronic,84.0,0,0,3,0.48579696,0.82678366,0,0,adulto
ICB_03205_003,ICB_109,copd,3M Littmann 3200 Electronic,84.0,0,0,3,0.53183556,0.97224987,2,0,adulto
ICB_03205_004,ICB_109,copd,3M Littmann 3200 Electronic,84.0,0,0,3,0.3924083,0.9251309,0,0,adulto
ICB_03205_005,ICB_109,copd,3M Littmann 3200 Electronic,84.0,0,0,3,0.46639684,0.55761576,0,0,adulto
ICB_03205_006,ICB_109,copd,3M Littmann 3200 Electronic,84.0,0,0,3,0.52535415,0.8123959,0,0,adulto
ICB_03205_007,ICB_109,copd,3M Littmann 3200 Electronic,84.0,0,0,3,0.57978886,0.99961025,2,0,adulto
ICB_03205_008,ICB_109,copd,3M Littmann 3200 Electronic,84.0,0,0,3,0.6620095,0.9991405,3,0,adulto
ICB_03206_000,ICB_109,copd,3M Littmann 3200 Electronic,84.0,0,0,3,0.6700644,0.833601,1,0,adulto
ICB_03206_001,ICB_109,copd,3M Littmann 3200 Electronic,84.0,0,0,3,0.53519386,0.9528881,2,0,adulto
ICB_03206_002,ICB_109,copd,3M Littmann 3200 Electronic,84.0,0,0,3,0.791674,0.85568607,1,0,adulto
ICB_03206_003,ICB_109,copd,3M Littmann 3200 Electronic,84.0,0,0,3,0.7333952,0.778886,1,0,adulto
ICB_03206_004,ICB_109,copd,3M Littmann 3200 Electronic,84.0,0,0,3,0.63762504,0.8716984,1,0,adulto
ICB_03206_005,ICB_109,copd,3M Littmann 3200 Electronic,84.0,0,0,3,0.6376958,0.97713876,3,0,adulto
ICB_03206_006,ICB_109,copd,3M Littmann 3200 Electronic,84.0,0,0,3,0.51174515,0.9935082,2,0,adulto
ICB_03206_007,ICB_109,copd,3M Littmann 3200 Electronic,84.0,0,0,3,0.4733955,0.88620096,0,0,adulto
ICB_03206_008,ICB_109,copd,3M Littmann 3200 Electronic,84.0,0,0,3,0.6480959,0.99735284,3,0,adulto
ICB_03206_009,ICB_109,copd,3M Littmann 3200 Electronic,84.0,0,0,3,0.6729679,0.99816626,3,0,adulto
ICB_03207_000,ICB_109,copd,3M Littmann 3200 Electronic,84.0,0,0,3,0.33276966,0.7550289,0,0,adulto
ICB_03207_001,ICB_109,copd,3M Littmann 3200 Electronic,84.0,1,0,3,0.63952225,0.70749557,1,1,adulto
ICB_03207_002,ICB_109,copd,3M Littmann 3200 Electronic,84.0,1,0,3,0.6071054,0.6549311,1,1,adulto
ICB_03207_003,ICB_109,copd,3M Littmann 3200 Electronic,84.0,1,0,3,0.75197345,0.6678169,1,1,adulto
ICB_03207_004,ICB_109,copd,3M Littmann 3200 Electronic,84.0,1,0,3,0.7557175,0.8293598,1,1,adulto
ICB_03207_005,ICB_109,copd,3M Littmann 3200 Electronic,84.0,1,0,3,0.67137206,0.69280255,1,1,adulto
ICB_03207_006,ICB_109,copd,3M Littmann 3200 Electronic,84.0,1,0,3,0.8358796,0.9951735,3,1,adulto
ICB_03207_007,ICB_109,copd,3M Littmann 3200 Electronic,84.0,1,0,3,0.90144664,0.9815647,3,1,adulto
ICB_03208_000,ICB_109,copd,3M Littmann 3200 Electronic,84.0,1,0,3,0.6446961,0.8074366,1,1,adulto
ICB_03208_001,ICB_109,copd,3M Littmann 3200 Electronic,84.0,1,0,3,0.6587679,0.83865315,1,1,adulto
ICB_03208_002,ICB_109,copd,3M Littmann 3200 Electronic,84.0,1,0,3,0.76344967,0.8685659,1,1,adulto
ICB_03208_003,ICB_109,copd,3M Littmann 3200 Electronic,84.0,1,0,3,0.6947176,0.97049606,3,1,adulto
ICB_03208_004,ICB_109,copd,3M Littmann 3200 Electronic,84.0,1,0,3,0.5414833,0.9150199,0,1,adulto
ICB_03208_005,ICB_109,copd,3M Littmann 3200 Electronic,84.0,1,0,3,0.918609,0.9983687,3,1,adulto
ICB_03208_006,ICB_109,copd,3M Littmann 3200 Electronic,84.0,1,0,3,0.73624325,0.99391246,3,1,adulto
ICB_03208_007,ICB_109,copd,3M Littmann 3200 Electronic,84.0,1,0,3,0.77892566,0.4313461,1,1,adulto
ICB_03209_000,ICB_109,copd,3M Littmann 3200 Electronic,84.0,0,0,3,0.537921,0.66437787,0,0,adulto
ICB_03209_001,ICB_109,copd,3M Littmann 3200 Electronic,84.0,0,0,3,0.40349117,0.8519155,0,0,adulto
ICB_03209_002,ICB_109,copd,3M Littmann 3200 Electronic,84.0,0,0,3,0.55072534,0.67761993,0,0,adulto
ICB_03209_003,ICB_109,copd,3M Littmann 3200 Electronic,84.0,0,0,3,0.49443278,0.71890056,0,0,adulto
ICB_03209_004,ICB_109,copd,3M Littmann 3200 Electronic,84.0,0,0,3,0.5200129,0.8700382,0,0,adulto
ICB_03209_005,ICB_109,copd,3M Littmann 3200 Electronic,84.0,0,0,3,0.40713093,0.9953636,2,0,adulto
ICB_03209_006,ICB_109,copd,3M Littmann 3200 Electronic,84.0,0,0,3,0.40061244,0.95679224,2,0,adulto
ICB_03209_007,ICB_109,copd,3M Littmann 3200 Electronic,84.0,0,0,3,0.4726592,0.9335089,0,0,adulto
ICB_03209_008,ICB_109,copd,3M Littmann 3200 Electronic,84.0,0,0,3,0.44444585,0.9845249,2,0,adulto
ICB_03210_000,ICB_109,copd,3M Littmann 3200 Electronic,84.0,0,0,3,0.30005556,0.8645903,0,0,adulto
ICB_03210_001,ICB_109,copd,3M Littmann 3200 Electronic,84.0,0,0,3,0.24611387,0.91602904,0,0,adulto
ICB_03210_002,ICB_109,copd,3M Littmann 3200 Electronic,84.0,0,0,3,0.28374547,0.95765305,2,0,adulto
ICB_03210_003,ICB_109,copd,3M Littmann 3200 Electronic,84.0,0,0,3,0.33538148,0.9270794,0,0,adulto
ICB_03210_004,ICB_109,copd,3M Littmann 3200 Electronic,84.0,0,0,3,0.1974106,0.91038483,0,0,adulto
ICB_03210_005,ICB_109,copd,3M Littmann 3200 Electronic,84.0,0,0,3,0.31435272,0.95418787,2,0,adulto
ICB_03210_006,ICB_109,copd,3M Littmann 3200 Electronic,84.0,0,0,3,0.49117517,0.969223,2,0,adulto
ICB_03210_007,ICB_109,copd,3M Littmann 3200 Electronic,84.0,0,0,3,0.44022134,0.7857645,0,0,adulto
ICB_03210_008,ICB_109,copd,3M Littmann 3200 Electronic,84.0,0,0,3,0.51049054,0.99715984,2,0,adulto
ICB_03210_009,ICB_109,copd,3M Littmann 3200 Electronic,84.0,0,0,3,0.41468114,0.94112694,0,0,adulto
ICB_03210_010,ICB_109,copd,3M Littmann 3200 Electronic,84.0,0,0,3,0.40103415,0.96148294,2,0,adulto
ICB_03210_011,ICB_109,copd,3M Littmann 3200 Electronic,84.0,0,0,3,0.38178572,0.9840099,2,0,adulto
ICB_03210_012,ICB_109,copd,3M Littmann 3200 Electronic,84.0,0,0,3,0.4398068,0.99334645,2,0,adulto
ICB_03210_013,ICB_109,copd,3M Littmann 3200 Electronic,84.0,0,0,3,0.44695607,0.96397567,2,0,adulto
ICB_03210_014,ICB_109,copd,3M Littmann 3200 Electronic,84.0,0,0,3,0.3866883,0.9568048,2,0,adulto
ICB_03210_015,ICB_109,copd,3M Littmann 3200 Electronic,84.0,0,0,3,0.4371368,0.9555514,2,0,adulto
ICB_03210_016,ICB_109,copd,3M Littmann 3200 Electronic,84.0,0,0,3,0.42657813,0.95317554,2,0,adulto
ICB_03218_000,ICB_112,copd,WelchAllyn Meditron Master Elite,60.0,0,0,3,0.51719403,0.30217084,0,0,adulto
ICB_03218_001,ICB_112,copd,WelchAllyn Meditron Master Elite,60.0,0,0,3,0.59448755,0.33075273,0,0,adulto
ICB_03218_002,ICB_112,copd,WelchAllyn Meditron Master Elite,60.0,0,0,3,0.15322402,0.10476981,0,0,adulto
ICB_03218_003,ICB_112,copd,WelchAllyn Meditron Master Elite,60.0,0,0,3,0.29576102,0.2221556,0,0,adulto
ICB_03218_004,ICB_112,copd,WelchAllyn Meditron Master Elite,60.0,0,0,3,0.5878194,0.14073402,0,0,adulto
ICB_03218_005,ICB_112,copd,WelchAllyn Meditron Master Elite,60.0,0,0,3,0.66108257,0.32303035,1,0,adulto
ICB_03218_006,ICB_112,copd,WelchAllyn Meditron Master Elite,60.0,0,0,3,0.30914447,0.6554341,0,0,adulto
ICB_03218_007,ICB_112,copd,WelchAllyn Meditron Master Elite,60.0,0,0,3,0.61369056,0.43374065,1,0,adulto
ICB_03218_008,ICB_112,copd,WelchAllyn Meditron Master Elite,60.0,1,0,3,0.46574154,0.52873623,0,1,adulto
ICB_03218_009,ICB_112,copd,WelchAllyn Meditron Master Elite,60.0,0,0,3,0.9147058,0.29073846,1,0,adulto
ICB_03218_010,ICB_112,copd,WelchAllyn Meditron Master Elite,60.0,0,0,3,0.62662774,0.44750646,1,0,adulto
ICB_03218_011,ICB_112,copd,WelchAllyn Meditron Master Elite,60.0,0,0,3,0.36134884,0.3383759,0,0,adulto
ICB_03218_012,ICB_112,copd,WelchAllyn Meditron Master Elite,60.0,0,0,3,0.35921505,0.53224313,0,0,adulto
ICB_03218_013,ICB_112,copd,WelchAllyn Meditron Master Elite,60.0,0,0,3,0.34315342,0.57526463,0,0,adulto
ICB_03218_014,ICB_112,copd,WelchAllyn Meditron Master Elite,60.0,0,0,3,0.46783525,0.72870344,0,0,adulto
ICB_03218_015,ICB_112,copd,WelchAllyn Meditron Master Elite,60.0,0,0,3,0.63888794,0.989026,3,0,adulto
ICB_03218_016,ICB_112,copd,WelchAllyn Meditron Master Elite,60.0,0,0,3,0.11873991,0.59063226,0,0,adulto
ICB_03219_000,ICB_112,copd,WelchAllyn Meditron Master Elite,60.0,1,1,3,0.51183933,0.9908867,2,3,adulto
ICB_03219_001,ICB_112,copd,WelchAllyn Meditron Master Elite,60.0,1,0,3,0.34251592,0.28240904,0,1,adulto
ICB_03219_002,ICB_112,copd,WelchAllyn Meditron Master Elite,60.0,1,1,3,0.31212267,0.5004631,0,3,adulto
ICB_03219_003,ICB_112,copd,WelchAllyn Meditron Master Elite,60.0,1,0,3,0.4485661,0.31020567,0,1,adulto
ICB_03219_004,ICB_112,copd,WelchAllyn Meditron Master Elite,60.0,1,0,3,0.36890748,0.26435986,0,1,adulto
ICB_03219_005,ICB_112,copd,WelchAllyn Meditron Master Elite,60.0,0,0,3,0.2761074,0.4794178,0,0,adulto
ICB_03219_006,ICB_112,copd,WelchAllyn Meditron Master Elite,60.0,0,1,3,0.3249883,0.65834135,0,2,adulto
ICB_03219_007,ICB_112,copd,WelchAllyn Meditron Master Elite,60.0,0,1,3,0.38182238,0.7867855,0,2,adulto
ICB_03219_008,ICB_112,copd,WelchAllyn Meditron Master Elite,60.0,0,1,3,0.4002552,0.8510851,0,2,adulto
ICB_03219_009,ICB_112,copd,WelchAllyn Meditron Master Elite,60.0,0,1,3,0.27146763,0.7238269,0,2,adulto
ICB_03219_010,ICB_112,copd,WelchAllyn Meditron Master Elite,60.0,0,1,3,0.50632405,0.9983924,2,2,adulto
ICB_03219_011,ICB_112,copd,WelchAllyn Meditron Master Elite,60.0,0,1,3,0.44810796,0.96216804,2,2,adulto
ICB_03220_000,ICB_112,copd,3M Littmann 3200 Electronic,60.0,0,0,3,0.58425623,0.90279067,0,0,adulto
ICB_03220_001,ICB_112,copd,3M Littmann 3200 Electronic,60.0,0,0,3,0.4674153,0.5207337,0,0,adulto
ICB_03220_002,ICB_112,copd,3M Littmann 3200 Electronic,60.0,0,0,3,0.5255634,0.64813,0,0,adulto
ICB_03220_003,ICB_112,copd,3M Littmann 3200 Electronic,60.0,0,1,3,0.6099059,0.92173016,1,2,adulto
ICB_03220_004,ICB_112,copd,3M Littmann 3200 Electronic,60.0,0,1,3,0.5797568,0.40126827,0,2,adulto
ICB_03220_005,ICB_112,copd,3M Littmann 3200 Electronic,60.0,0,1,3,0.68198645,0.7282996,1,2,adulto
ICB_03220_006,ICB_112,copd,3M Littmann 3200 Electronic,60.0,0,0,3,0.5085298,0.3191625,0,0,adulto
ICB_03220_007,ICB_112,copd,3M Littmann 3200 Electronic,60.0,0,1,3,0.5711548,0.79822737,0,2,adulto
ICB_03220_008,ICB_112,copd,3M Littmann 3200 Electronic,60.0,0,1,3,0.65364915,0.7575732,1,2,adulto
ICB_03220_009,ICB_112,copd,3M Littmann 3200 Electronic,60.0,0,0,3,0.50882316,0.43719494,0,0,adulto
ICB_03221_000,ICB_112,copd,3M Littmann 3200 Electronic,60.0,1,0,3,0.5858721,0.35358006,0,1,adulto
ICB_03221_001,ICB_112,copd,3M Littmann 3200 Electronic,60.0,0,0,3,0.65769833,0.7684261,1,0,adulto
ICB_03221_002,ICB_112,copd,3M Littmann 3200 Electronic,60.0,1,1,3,0.59611434,0.79525113,0,3,adulto
ICB_03221_003,ICB_112,copd,3M Littmann 3200 Electronic,60.0,1,1,3,0.5929249,0.9385825,0,3,adulto
ICB_03221_004,ICB_112,copd,3M Littmann 3200 Electronic,60.0,1,1,3,0.7731443,0.93210596,1,3,adulto
ICB_03221_005,ICB_112,copd,3M Littmann 3200 Electronic,60.0,1,1,3,0.7791108,0.9029126,1,3,adulto
ICB_03221_006,ICB_112,copd,3M Littmann 3200 Electronic,60.0,0,1,3,0.57397735,0.9754598,2,2,adulto
ICB_03221_007,ICB_112,copd,3M Littmann 3200 Electronic,60.0,0,1,3,0.572206,0.98129857,2,2,adulto
ICB_03221_008,ICB_112,copd,3M Littmann 3200 Electronic,60.0,0,1,3,0.5903411,0.96642005,2,2,adulto
ICB_03222_000,ICB_112,copd,3M Littmann 3200 Electronic,60.0,0,0,3,0.47482818,0.85597533,0,0,adulto
ICB_03222_001,ICB_112,copd,3M Littmann 3200 Electronic,60.0,0,1,3,0.56384665,0.5144621,0,2,adulto
ICB_03222_002,ICB_112,copd,3M Littmann 3200 Electronic,60.0,0,1,3,0.48152894,0.6658599,0,2,adulto
ICB_03222_003,ICB_112,copd,3M Littmann 3200 Electronic,60.0,0,1,3,0.6338271,0.5669212,1,2,adulto
ICB_03222_004,ICB_112,copd,3M Littmann 3200 Electronic,60.0,0,1,3,0.5779474,0.7195418,0,2,adulto
ICB_03222_005,ICB_112,copd,3M Littmann 3200 Electronic,60.0,0,1,3,0.53764635,0.85341895,0,2,adulto
ICB_03222_006,ICB_112,copd,3M Littmann 3200 Electronic,60.0,0,1,3,0.5614188,0.88829964,0,2,adulto
ICB_03222_007,ICB_112,copd,3M Littmann 3200 Electronic,60.0,0,1,3,0.5926619,0.88049936,0,2,adulto
ICB_03222_008,ICB_112,copd,3M Littmann 3200 Electronic,60.0,0,1,3,0.53431475,0.7041956,0,2,adulto
ICB_03262_000,ICB_123,normal_lung,AKG C417L Microphone,5.0,0,0,3,0.52653354,0.43990222,0,0,pediátrico (<18)
ICB_03262_001,ICB_123,normal_lung,AKG C417L Microphone,5.0,0,0,3,0.59384745,0.36651886,0,0,pediátrico (<18)
ICB_03262_002,ICB_123,normal_lung,AKG C417L Microphone,5.0,0,0,3,0.5911336,0.3349005,0,0,pediátrico (<18)
ICB_03262_003,ICB_123,normal_lung,AKG C417L Microphone,5.0,0,0,3,0.6432512,0.29359755,1,0,pediátrico (<18)
ICB_03262_004,ICB_123,normal_lung,AKG C417L Microphone,5.0,0,0,3,0.5670852,0.29525605,0,0,pediátrico (<18)
ICB_03262_005,ICB_123,normal_lung,AKG C417L Microphone,5.0,0,0,3,0.5410486,0.25323752,0,0,pediátrico (<18)
ICB_03262_006,ICB_123,normal_lung,AKG C417L Microphone,5.0,0,0,3,0.5151934,0.3708727,0,0,pediátrico (<18)
ICB_03262_007,ICB_123,normal_lung,AKG C417L Microphone,5.0,0,0,3,0.39832667,0.29056004,0,0,pediátrico (<18)
ICB_03263_000,ICB_124,copd,3M Littmann 3200 Electronic,65.0,1,1,3,0.41915545,0.92304957,0,3,adulto
ICB_03263_001,ICB_124,copd,3M Littmann 3200 Electronic,65.0,0,1,3,0.4345802,0.9762329,2,2,adulto
ICB_03263_002,ICB_124,copd,3M Littmann 3200 Electronic,65.0,0,1,3,0.5009218,0.98412573,2,2,adulto
ICB_03263_003,ICB_124,copd,3M Littmann 3200 Electronic,65.0,0,1,3,0.37908882,0.9765361,2,2,adulto
ICB_03263_004,ICB_124,copd,3M Littmann 3200 Electronic,65.0,0,1,3,0.5188827,0.9948873,2,2,adulto
ICB_03263_005,ICB_124,copd,3M Littmann 3200 Electronic,65.0,0,1,3,0.42890894,0.99382037,2,2,adulto
ICB_03263_006,ICB_124,copd,3M Littmann 3200 Electronic,65.0,0,1,3,0.4903655,0.9800657,2,2,adulto
ICB_03263_007,ICB_124,copd,3M Littmann 3200 Electronic,65.0,0,0,3,0.28018034,0.8890085,0,0,adulto
ICB_03264_000,ICB_124,copd,3M Littmann 3200 Electronic,65.0,0,1,3,0.4874334,0.9937342,2,2,adulto
ICB_03264_001,ICB_124,copd,3M Littmann 3200 Electronic,65.0,0,1,3,0.5146239,0.9953177,2,2,adulto
ICB_03264_002,ICB_124,copd,3M Littmann 3200 Electronic,65.0,0,1,3,0.42418933,0.9968598,2,2,adulto
ICB_03264_003,ICB_124,copd,3M Littmann 3200 Electronic,65.0,0,1,3,0.40246868,0.9797492,2,2,adulto
ICB_03264_004,ICB_124,copd,3M Littmann 3200 Electronic,65.0,0,1,3,0.4426459,0.9967129,2,2,adulto
ICB_03264_005,ICB_124,copd,3M Littmann 3200 Electronic,65.0,0,1,3,0.4594204,0.99309456,2,2,adulto
ICB_03264_006,ICB_124,copd,3M Littmann 3200 Electronic,65.0,0,0,3,0.20359288,0.83205426,0,0,adulto
ICB_03265_000,ICB_124,copd,3M Littmann 3200 Electronic,65.0,0,0,3,0.54302007,0.9119557,0,0,adulto
ICB_03265_001,ICB_124,copd,3M Littmann 3200 Electronic,65.0,0,0,3,0.48626792,0.8670051,0,0,adulto
ICB_03265_002,ICB_124,copd,3M Littmann 3200 Electronic,65.0,0,0,3,0.5297453,0.97576547,2,0,adulto
ICB_03265_003,ICB_124,copd,3M Littmann 3200 Electronic,65.0,0,0,3,0.48727039,0.94843715,0,0,adulto
ICB_03265_004,ICB_124,copd,3M Littmann 3200 Electronic,65.0,0,0,3,0.45669577,0.9776234,2,0,adulto
ICB_03265_005,ICB_124,copd,3M Littmann 3200 Electronic,65.0,0,0,3,0.47651806,0.89738154,0,0,adulto
ICB_03265_006,ICB_124,copd,3M Littmann 3200 Electronic,65.0,0,0,3,0.5365214,0.9622952,2,0,adulto
ICB_03265_007,ICB_124,copd,3M Littmann 3200 Electronic,65.0,0,0,3,0.35385847,0.9896881,2,0,adulto
ICB_03265_008,ICB_124,copd,3M Littmann 3200 Electronic,65.0,0,0,3,0.72637933,0.9318708,1,0,adulto
ICB_03265_009,ICB_124,copd,3M Littmann 3200 Electronic,65.0,0,0,3,0.48415896,0.81871533,0,0,adulto
ICB_03266_000,ICB_124,copd,3M Littmann 3200 Electronic,65.0,0,0,3,0.65420616,0.6879035,1,0,adulto
ICB_03266_001,ICB_124,copd,3M Littmann 3200 Electronic,65.0,0,0,3,0.43110743,0.89214563,0,0,adulto
ICB_03266_002,ICB_124,copd,3M Littmann 3200 Electronic,65.0,0,0,3,0.37728608,0.86077976,0,0,adulto
ICB_03266_003,ICB_124,copd,3M Littmann 3200 Electronic,65.0,0,0,3,0.5168054,0.97913903,2,0,adulto
ICB_03266_004,ICB_124,copd,3M Littmann 3200 Electronic,65.0,0,0,3,0.49536827,0.95100796,2,0,adulto
ICB_03266_005,ICB_124,copd,3M Littmann 3200 Electronic,65.0,0,0,3,0.52028626,0.9208561,0,0,adulto
ICB_03266_006,ICB_124,copd,3M Littmann 3200 Electronic,65.0,0,0,3,0.66079617,0.7335724,1,0,adulto
ICB_03266_007,ICB_124,copd,3M Littmann 3200 Electronic,65.0,0,0,3,0.62182033,0.9689134,3,0,adulto
ICB_03266_008,ICB_124,copd,3M Littmann 3200 Electronic,65.0,0,0,3,0.8544244,0.82981324,1,0,adulto
ICB_03266_009,ICB_124,copd,3M Littmann 3200 Electronic,65.0,0,0,3,0.5145746,0.9123138,0,0,adulto
ICB_03267_000,ICB_124,copd,3M Littmann 3200 Electronic,65.0,0,0,3,0.35287938,0.41802567,0,0,adulto
ICB_03267_001,ICB_124,copd,3M Littmann 3200 Electronic,65.0,1,1,3,0.6598518,0.88286537,1,3,adulto
ICB_03267_002,ICB_124,copd,3M Littmann 3200 Electronic,65.0,0,0,3,0.42789412,0.9029302,0,0,adulto
ICB_03267_003,ICB_124,copd,3M Littmann 3200 Electronic,65.0,0,0,3,0.336985,0.9496455,0,0,adulto
ICB_03267_004,ICB_124,copd,3M Littmann 3200 Electronic,65.0,0,1,3,0.48888433,0.983256,2,2,adulto
ICB_03267_005,ICB_124,copd,3M Littmann 3200 Electronic,65.0,0,0,3,0.54756814,0.91047645,0,0,adulto
ICB_03267_006,ICB_124,copd,3M Littmann 3200 Electronic,65.0,0,0,3,0.36896175,0.95160615,2,0,adulto
ICB_03268_000,ICB_124,copd,3M Littmann 3200 Electronic,65.0,0,0,3,0.37280354,0.8699666,0,0,adulto
ICB_03268_001,ICB_124,copd,3M Littmann 3200 Electronic,65.0,0,0,3,0.5342889,0.5640792,0,0,adulto
ICB_03268_002,ICB_124,copd,3M Littmann 3200 Electronic,65.0,0,0,3,0.60683584,0.73619974,1,0,adulto
ICB_03268_003,ICB_124,copd,3M Littmann 3200 Electronic,65.0,0,0,3,0.5058666,0.6644004,0,0,adulto
ICB_03268_004,ICB_124,copd,3M Littmann 3200 Electronic,65.0,0,0,3,0.4654825,0.6024574,0,0,adulto
ICB_03268_005,ICB_124,copd,3M Littmann 3200 Electronic,65.0,0,0,3,0.44981393,0.9697233,2,0,adulto
ICB_03274_000,ICB_130,copd,AKG C417L Microphone,85.0,0,0,3,0.5234535,0.44671813,0,0,adulto
ICB_03274_001,ICB_130,copd,AKG C417L Microphone,85.0,0,0,3,0.50850105,0.45741686,0,0,adulto
ICB_03274_002,ICB_130,copd,AKG C417L Microphone,85.0,1,1,3,0.73786396,0.99833834,3,3,adulto
ICB_03274_003,ICB_130,copd,AKG C417L Microphone,85.0,1,0,3,0.67585,0.4050036,1,1,adulto
ICB_03274_004,ICB_130,copd,AKG C417L Microphone,85.0,1,1,3,0.67152303,0.9847786,3,3,adulto
ICB_03274_005,ICB_130,copd,AKG C417L Microphone,85.0,0,0,3,0.53786063,0.7521579,0,0,adulto
ICB_03274_006,ICB_130,copd,AKG C417L Microphone,85.0,0,1,3,0.55285734,0.8637707,0,2,adulto
ICB_03275_000,ICB_130,copd,AKG C417L Microphone,85.0,1,0,3,0.7361053,0.3270286,1,1,adulto
ICB_03275_001,ICB_130,copd,AKG C417L Microphone,85.0,1,0,3,0.76325154,0.30329072,1,1,adulto
ICB_03275_002,ICB_130,copd,AKG C417L Microphone,85.0,1,1,3,0.76409626,0.99351245,3,3,adulto
ICB_03275_003,ICB_130,copd,AKG C417L Microphone,85.0,1,0,3,0.60838604,0.29196942,1,1,adulto
ICB_03275_004,ICB_130,copd,AKG C417L Microphone,85.0,1,1,3,0.67699647,0.96942747,3,3,adulto
ICB_03275_005,ICB_130,copd,AKG C417L Microphone,85.0,1,1,3,0.6515214,0.98651916,3,3,adulto
ICB_03275_006,ICB_130,copd,AKG C417L Microphone,85.0,1,1,3,0.5616004,0.9788248,2,3,adulto
ICB_03276_000,ICB_130,copd,AKG C417L Microphone,85.0,1,1,3,0.32079205,0.8802254,0,3,adulto
ICB_03276_001,ICB_130,copd,AKG C417L Microphone,85.0,1,1,3,0.5145772,0.93088573,0,3,adulto
ICB_03276_002,ICB_130,copd,AKG C417L Microphone,85.0,1,1,3,0.67707056,0.9989889,3,3,adulto
ICB_03276_003,ICB_130,copd,AKG C417L Microphone,85.0,1,1,3,0.4623561,0.9169191,0,3,adulto
ICB_03276_004,ICB_130,copd,AKG C417L Microphone,85.0,1,1,3,0.58690214,0.99897754,2,3,adulto
ICB_03276_005,ICB_130,copd,AKG C417L Microphone,85.0,1,1,3,0.57922846,0.92681897,0,3,adulto
ICB_03276_006,ICB_130,copd,AKG C417L Microphone,85.0,1,1,3,0.67544496,0.9885898,3,3,adulto
ICB_03277_000,ICB_130,copd,AKG C417L Microphone,85.0,1,0,3,0.73208797,0.25172058,1,1,adulto
ICB_03277_001,ICB_130,copd,AKG C417L Microphone,85.0,1,0,3,0.6338194,0.44704977,1,1,adulto
ICB_03277_002,ICB_130,copd,AKG C417L Microphone,85.0,1,0,3,0.8103112,0.98237324,3,1,adulto
ICB_03277_003,ICB_130,copd,AKG C417L Microphone,85.0,1,0,3,0.76322794,0.43024147,1,1,adulto
ICB_03277_004,ICB_130,copd,AKG C417L Microphone,85.0,1,1,3,0.85533655,0.89742833,1,3,adulto
ICB_03277_005,ICB_130,copd,AKG C417L Microphone,85.0,1,1,3,0.72865164,0.7157569,1,3,adulto
ICB_03277_006,ICB_130,copd,AKG C417L Microphone,85.0,1,1,3,0.6103327,0.9679322,3,3,adulto
ICB_03278_000,ICB_130,copd,AKG C417L Microphone,85.0,1,0,3,0.71161443,0.38579422,1,1,adulto
ICB_03278_001,ICB_130,copd,AKG C417L Microphone,85.0,1,0,3,0.74997,0.31668612,1,1,adulto
ICB_03278_002,ICB_130,copd,AKG C417L Microphone,85.0,1,1,3,0.793668,0.9611575,3,3,adulto
ICB_03278_003,ICB_130,copd,AKG C417L Microphone,85.0,1,0,3,0.69405806,0.35237813,1,1,adulto
ICB_03278_004,ICB_130,copd,AKG C417L Microphone,85.0,1,1,3,0.8417883,0.96446437,3,3,adulto
ICB_03278_005,ICB_130,copd,AKG C417L Microphone,85.0,1,1,3,0.6998842,0.86487645,1,3,adulto
ICB_03278_006,ICB_130,copd,AKG C417L Microphone,85.0,1,1,3,0.66305673,0.70007193,1,3,adulto
ICB_03279_000,ICB_130,copd,AKG C417L Microphone,85.0,0,0,3,0.59845424,0.48733056,0,0,adulto
ICB_03279_001,ICB_130,copd,AKG C417L Microphone,85.0,1,0,3,0.6369465,0.3969009,1,1,adulto
ICB_03279_002,ICB_130,copd,AKG C417L Microphone,85.0,1,1,3,0.80956906,0.92546284,1,3,adulto
ICB_03279_003,ICB_130,copd,AKG C417L Microphone,85.0,1,0,3,0.6594576,0.3786251,1,1,adulto
ICB_03279_004,ICB_130,copd,AKG C417L Microphone,85.0,1,1,3,0.68652594,0.93151206,1,3,adulto
ICB_03279_005,ICB_130,copd,AKG C417L Microphone,85.0,1,1,3,0.6270885,0.79489875,1,3,adulto
ICB_03279_006,ICB_130,copd,AKG C417L Microphone,85.0,0,0,3,0.6839014,0.6811194,1,0,adulto
ICB_03280_000,ICB_130,copd,AKG C417L Microphone,85.0,1,0,3,0.33818835,0.1874054,0,1,adulto
ICB_03280_001,ICB_130,copd,AKG C417L Microphone,85.0,1,0,3,0.5306533,0.33647534,0,1,adulto
ICB_03280_002,ICB_130,copd,AKG C417L Microphone,85.0,1,1,3,0.41618434,0.9997737,2,3,adulto
ICB_03280_003,ICB_130,copd,AKG C417L Microphone,85.0,1,0,3,0.3021803,0.44288492,0,1,adulto
ICB_03280_004,ICB_130,copd,AKG C417L Microphone,85.0,1,1,3,0.19743,0.9960906,2,3,adulto
ICB_03280_005,ICB_130,copd,AKG C417L Microphone,85.0,1,1,3,0.51254916,0.99342257,2,3,adulto
ICB_03280_006,ICB_130,copd,AKG C417L Microphone,85.0,1,1,3,0.22871806,0.96827614,2,3,adulto
ICB_03281_000,ICB_130,copd,AKG C417L Microphone,85.0,1,1,3,0.71933,0.99581236,3,3,adulto
ICB_03281_001,ICB_130,copd,AKG C417L Microphone,85.0,1,1,3,0.7527629,0.9955342,3,3,adulto
ICB_03281_002,ICB_130,copd,AKG C417L Microphone,85.0,1,1,3,0.6269138,0.99442434,3,3,adulto
ICB_03281_003,ICB_130,copd,AKG C417L Microphone,85.0,1,1,3,0.67787516,0.95752126,3,3,adulto
ICB_03281_004,ICB_130,copd,AKG C417L Microphone,85.0,1,1,3,0.83454955,0.97849107,3,3,adulto
ICB_03281_005,ICB_130,copd,AKG C417L Microphone,85.0,0,0,3,0.5815622,0.29100502,0,0,adulto
ICB_03282_000,ICB_130,copd,AKG C417L Microphone,85.0,0,1,3,0.5850953,0.94002235,0,2,adulto
ICB_03282_001,ICB_130,copd,AKG C417L Microphone,85.0,1,1,3,0.6184078,0.9107716,1,3,adulto
ICB_03282_002,ICB_130,copd,AKG C417L Microphone,85.0,1,1,3,0.8505674,0.95029,3,3,adulto
ICB_03282_003,ICB_130,copd,AKG C417L Microphone,85.0,0,1,3,0.6047311,0.5854683,1,2,adulto
ICB_03282_004,ICB_130,copd,AKG C417L Microphone,85.0,1,1,3,0.7014378,0.86612916,1,3,adulto
ICB_03282_005,ICB_130,copd,AKG C417L Microphone,85.0,1,0,3,0.5512083,0.25548196,0,1,adulto
ICB_03283_000,ICB_130,copd,AKG C417L Microphone,85.0,0,1,3,0.674895,0.9983589,3,2,adulto
ICB_03283_001,ICB_130,copd,AKG C417L Microphone,85.0,0,1,3,0.73335326,0.99963236,3,2,adulto
ICB_03283_002,ICB_130,copd,AKG C417L Microphone,85.0,1,1,3,0.7526627,0.99982077,3,3,adulto
ICB_03283_003,ICB_130,copd,AKG C417L Microphone,85.0,0,1,3,0.72636706,0.9966208,3,2,adulto
ICB_03283_004,ICB_130,copd,AKG C417L Microphone,85.0,0,1,3,0.7381537,0.9986077,3,2,adulto
ICB_03283_005,ICB_130,copd,AKG C417L Microphone,85.0,0,0,3,0.62500423,0.9145081,1,0,adulto
ICB_03284_000,ICB_130,copd,AKG C417L Microphone,85.0,0,1,3,0.5377251,0.7526542,0,2,adulto
ICB_03284_001,ICB_130,copd,AKG C417L Microphone,85.0,0,0,3,0.49292237,0.7005446,0,0,adulto
ICB_03284_002,ICB_130,copd,AKG C417L Microphone,85.0,0,1,3,0.55187815,0.87496793,0,2,adulto
ICB_03284_003,ICB_130,copd,AKG C417L Microphone,85.0,0,0,3,0.6324764,0.6877102,1,0,adulto
ICB_03284_004,ICB_130,copd,AKG C417L Microphone,85.0,0,1,3,0.5335481,0.67234385,0,2,adulto
ICB_03284_005,ICB_130,copd,AKG C417L Microphone,85.0,0,0,3,0.4708827,0.31989577,0,0,adulto
ICB_03285_000,ICB_130,copd,AKG C417L Microphone,85.0,0,1,3,0.7247969,0.81512326,1,2,adulto
ICB_03285_001,ICB_130,copd,AKG C417L Microphone,85.0,0,1,3,0.6380699,0.6581215,1,2,adulto
ICB_03285_002,ICB_130,copd,AKG C417L Microphone,85.0,0,1,3,0.74890393,0.8791917,1,2,adulto
ICB_03285_003,ICB_130,copd,AKG C417L Microphone,85.0,0,1,3,0.7264226,0.7534542,1,2,adulto
ICB_03285_004,ICB_130,copd,AKG C417L Microphone,85.0,0,1,3,0.7442065,0.86653304,1,2,adulto
ICB_03285_005,ICB_130,copd,AKG C417L Microphone,85.0,0,0,3,0.6400709,0.32098973,1,0,adulto
ICB_03286_000,ICB_130,copd,AKG C417L Microphone,85.0,0,1,3,0.62488794,0.5230969,1,2,adulto
ICB_03286_001,ICB_130,copd,AKG C417L Microphone,85.0,0,0,3,0.7019399,0.36292914,1,0,adulto
ICB_03286_002,ICB_130,copd,AKG C417L Microphone,85.0,0,1,3,0.74380016,0.5252064,1,2,adulto
ICB_03286_003,ICB_130,copd,AKG C417L Microphone,85.0,0,0,3,0.7035487,0.41177553,1,0,adulto
ICB_03286_004,ICB_130,copd,AKG C417L Microphone,85.0,0,0,3,0.5885346,0.3390999,0,0,adulto
ICB_03286_005,ICB_130,copd,AKG C417L Microphone,85.0,0,0,3,0.7390982,0.31656265,1,0,adulto
ICB_03287_000,ICB_130,copd,AKG C417L Microphone,85.0,0,1,3,0.14615218,0.99543947,2,2,adulto
ICB_03287_001,ICB_130,copd,AKG C417L Microphone,85.0,0,1,3,0.17005007,0.99604994,2,2,adulto
ICB_03287_002,ICB_130,copd,AKG C417L Microphone,85.0,0,1,3,0.23702309,0.9998134,2,2,adulto
ICB_03287_003,ICB_130,copd,AKG C417L Microphone,85.0,0,1,3,0.17985317,0.97340584,2,2,adulto
ICB_03287_004,ICB_130,copd,AKG C417L Microphone,85.0,0,1,3,0.18105611,0.9989197,2,2,adulto
ICB_03287_005,ICB_130,copd,AKG C417L Microphone,85.0,0,0,3,0.3374851,0.37756053,0,0,adulto
ICB_03288_000,ICB_130,copd,AKG C417L Microphone,85.0,0,1,3,0.6668235,0.9958534,3,2,adulto
ICB_03288_001,ICB_130,copd,AKG C417L Microphone,85.0,0,1,3,0.79573846,0.94271946,1,2,adulto
ICB_03288_002,ICB_130,copd,AKG C417L Microphone,85.0,0,1,3,0.75219584,0.9991097,3,2,adulto
ICB_03288_003,ICB_130,copd,AKG C417L Microphone,85.0,0,1,3,0.6431003,0.966453,3,2,adulto
ICB_03288_004,ICB_130,copd,AKG C417L Microphone,85.0,0,1,3,0.5848698,0.99625814,2,2,adulto
ICB_03288_005,ICB_130,copd,AKG C417L Microphone,85.0,0,1,3,0.6927055,0.95410156,3,2,adulto
ICB_03288_006,ICB_130,copd,AKG C417L Microphone,85.0,0,1,3,0.5403587,0.91565347,0,2,adulto
ICB_03289_000,ICB_130,copd,AKG C417L Microphone,85.0,0,1,3,0.7269389,0.9868722,3,2,adulto
ICB_03289_001,ICB_130,copd,AKG C417L Microphone,85.0,0,1,3,0.70526403,0.9353458,1,2,adulto
ICB_03289_002,ICB_130,copd,AKG C417L Microphone,85.0,0,1,3,0.7152433,0.9848991,3,2,adulto
ICB_03289_003,ICB_130,copd,AKG C417L Microphone,85.0,0,1,3,0.66699415,0.956038,3,2,adulto
ICB_03289_004,ICB_130,copd,AKG C417L Microphone,85.0,0,0,3,0.6362801,0.9725503,3,0,adulto
ICB_03289_005,ICB_130,copd,AKG C417L Microphone,85.0,0,1,3,0.64202935,0.93706095,1,2,adulto
ICB_03289_006,ICB_130,copd,AKG C417L Microphone,85.0,0,0,3,0.61534435,0.83188397,1,0,adulto
ICB_03290_000,ICB_130,copd,AKG C417L Microphone,85.0,0,1,3,0.7479343,0.9975364,3,2,adulto
ICB_03290_001,ICB_130,copd,AKG C417L Microphone,85.0,0,1,3,0.6842531,0.9792373,3,2,adulto
ICB_03290_002,ICB_130,copd,AKG C417L Microphone,85.0,0,1,3,0.7186625,0.9993278,3,2,adulto
ICB_03290_003,ICB_130,copd,AKG C417L Microphone,85.0,0,1,3,0.6260503,0.98704356,3,2,adulto
ICB_03290_004,ICB_130,copd,AKG C417L Microphone,85.0,0,1,3,0.652683,0.99622077,3,2,adulto
ICB_03290_005,ICB_130,copd,AKG C417L Microphone,85.0,0,1,3,0.74510896,0.9827055,3,2,adulto
ICB_03290_006,ICB_130,copd,AKG C417L Microphone,85.0,0,1,3,0.629747,0.9544114,3,2,adulto
ICB_03291_000,ICB_130,copd,AKG C417L Microphone,85.0,0,0,3,0.67803985,0.33864394,1,0,adulto
ICB_03291_001,ICB_130,copd,AKG C417L Microphone,85.0,0,1,3,0.6101864,0.8626744,1,2,adulto
ICB_03291_002,ICB_130,copd,AKG C417L Microphone,85.0,0,1,3,0.8242979,0.9982803,3,2,adulto
ICB_03291_003,ICB_130,copd,AKG C417L Microphone,85.0,0,1,3,0.57869166,0.8629598,0,2,adulto
ICB_03291_004,ICB_130,copd,AKG C417L Microphone,85.0,0,1,3,0.7114779,0.9689659,3,2,adulto
ICB_03291_005,ICB_130,copd,AKG C417L Microphone,85.0,0,1,3,0.7316472,0.75209683,1,2,adulto
ICB_03291_006,ICB_130,copd,AKG C417L Microphone,85.0,0,0,3,0.72711796,0.7589938,1,0,adulto
ICB_03292_000,ICB_130,copd,AKG C417L Microphone,85.0,0,1,3,0.746547,0.9604803,3,2,adulto
ICB_03292_001,ICB_130,copd,AKG C417L Microphone,85.0,0,1,3,0.7596239,0.95035803,3,2,adulto
ICB_03292_002,ICB_130,copd,AKG C417L Microphone,85.0,0,1,3,0.75358844,0.93435997,1,2,adulto
ICB_03292_003,ICB_130,copd,AKG C417L Microphone,85.0,0,1,3,0.860077,0.9152713,1,2,adulto
ICB_03292_004,ICB_130,copd,AKG C417L Microphone,85.0,0,1,3,0.7239525,0.6127035,1,2,adulto
ICB_03292_005,ICB_130,copd,AKG C417L Microphone,85.0,0,0,3,0.6939,0.81205237,1,0,adulto
ICB_03292_006,ICB_130,copd,AKG C417L Microphone,85.0,0,1,3,0.7837649,0.6057178,1,2,adulto
ICB_03293_000,ICB_130,copd,AKG C417L Microphone,85.0,0,0,3,0.6592297,0.31135812,1,0,adulto
ICB_03293_001,ICB_130,copd,AKG C417L Microphone,85.0,0,0,3,0.7178089,0.5433778,1,0,adulto
ICB_03293_002,ICB_130,copd,AKG C417L Microphone,85.0,0,0,3,0.72811115,0.6776078,1,0,adulto
ICB_03293_003,ICB_130,copd,AKG C417L Microphone,85.0,0,0,3,0.6539008,0.3630557,1,0,adulto
ICB_03293_004,ICB_130,copd,AKG C417L Microphone,85.0,0,0,3,0.79281753,0.394797,1,0,adulto
ICB_03293_005,ICB_130,copd,AKG C417L Microphone,85.0,0,0,3,0.6280093,0.2564684,1,0,adulto
ICB_03293_006,ICB_130,copd,AKG C417L Microphone,85.0,0,0,3,0.73918605,0.43624684,1,0,adulto
ICB_03294_000,ICB_130,copd,AKG C417L Microphone,85.0,0,1,3,0.06419054,0.992971,2,2,adulto
ICB_03294_001,ICB_130,copd,AKG C417L Microphone,85.0,0,1,3,0.0747886,0.99409086,2,2,adulto
ICB_03294_002,ICB_130,copd,AKG C417L Microphone,85.0,0,1,3,0.12406919,0.99878794,2,2,adulto
ICB_03294_003,ICB_130,copd,AKG C417L Microphone,85.0,0,1,3,0.067755856,0.90626687,0,2,adulto
ICB_03294_004,ICB_130,copd,AKG C417L Microphone,85.0,0,1,3,0.09854726,0.9978643,2,2,adulto
ICB_03294_005,ICB_130,copd,AKG C417L Microphone,85.0,0,1,3,0.09063955,0.851317,0,2,adulto
ICB_03294_006,ICB_130,copd,AKG C417L Microphone,85.0,0,0,3,0.122340724,0.9756413,2,0,adulto
ICB_03294_007,ICB_130,copd,AKG C417L Microphone,85.0,0,1,3,0.23983058,0.6721939,0,2,adulto
ICB_03295_000,ICB_130,copd,AKG C417L Microphone,85.0,1,0,3,0.6078058,0.26158127,1,1,adulto
ICB_03295_001,ICB_130,copd,AKG C417L Microphone,85.0,1,0,3,0.45892778,0.35186136,0,1,adulto
ICB_03295_002,ICB_130,copd,AKG C417L Microphone,85.0,1,0,3,0.57200027,0.3885992,0,1,adulto
ICB_03295_003,ICB_130,copd,AKG C417L Microphone,85.0,1,0,3,0.5060208,0.33425227,0,1,adulto
ICB_03295_004,ICB_130,copd,AKG C417L Microphone,85.0,1,0,3,0.53208095,0.36465722,0,1,adulto
ICB_03295_005,ICB_130,copd,AKG C417L Microphone,85.0,1,0,3,0.52823186,0.30687526,0,1,adulto
ICB_03295_006,ICB_130,copd,AKG C417L Microphone,85.0,1,0,3,0.7328021,0.3530103,1,1,adulto
ICB_03295_007,ICB_130,copd,AKG C417L Microphone,85.0,1,0,3,0.67593145,0.3429924,1,1,adulto
ICB_03296_000,ICB_130,copd,AKG C417L Microphone,85.0,1,0,3,0.52903306,0.3122204,0,1,adulto
ICB_03296_001,ICB_130,copd,AKG C417L Microphone,85.0,1,0,3,0.45085368,0.32722577,0,1,adulto
ICB_03296_002,ICB_130,copd,AKG C417L Microphone,85.0,1,0,3,0.4682329,0.5080941,0,1,adulto
ICB_03296_003,ICB_130,copd,AKG C417L Microphone,85.0,1,0,3,0.4813092,0.3123812,0,1,adulto
ICB_03296_004,ICB_130,copd,AKG C417L Microphone,85.0,0,0,3,0.5253919,0.412412,0,0,adulto
ICB_03296_005,ICB_130,copd,AKG C417L Microphone,85.0,0,0,3,0.49255735,0.4039002,0,0,adulto
ICB_03296_006,ICB_130,copd,AKG C417L Microphone,85.0,1,0,3,0.5416084,0.48891655,0,1,adulto
ICB_03296_007,ICB_130,copd,AKG C417L Microphone,85.0,1,0,3,0.44757882,0.3506063,0,1,adulto
ICB_03297_000,ICB_130,copd,AKG C417L Microphone,85.0,1,0,3,0.6478643,0.58655465,1,1,adulto
ICB_03297_001,ICB_130,copd,AKG C417L Microphone,85.0,1,0,3,0.8436829,0.24672267,1,1,adulto
ICB_03297_002,ICB_130,copd,AKG C417L Microphone,85.0,1,0,3,0.6984234,0.23906673,1,1,adulto
ICB_03297_003,ICB_130,copd,AKG C417L Microphone,85.0,1,0,3,0.87051064,0.3496008,1,1,adulto
ICB_03297_004,ICB_130,copd,AKG C417L Microphone,85.0,1,0,3,0.81298584,0.31601092,1,1,adulto
ICB_03297_005,ICB_130,copd,AKG C417L Microphone,85.0,1,0,3,0.7860123,0.17868255,1,1,adulto
ICB_03297_006,ICB_130,copd,AKG C417L Microphone,85.0,1,0,3,0.8522874,0.26732308,1,1,adulto
ICB_03297_007,ICB_130,copd,AKG C417L Microphone,85.0,1,0,3,0.9216537,0.2104522,1,1,adulto
ICB_03298_000,ICB_130,copd,AKG C417L Microphone,85.0,1,0,3,0.8770782,0.28066057,1,1,adulto
ICB_03298_001,ICB_130,copd,AKG C417L Microphone,85.0,1,0,3,0.55902565,0.2785777,0,1,adulto
ICB_03298_002,ICB_130,copd,AKG C417L Microphone,85.0,1,0,3,0.6605599,0.28153777,1,1,adulto
ICB_03298_003,ICB_130,copd,AKG C417L Microphone,85.0,1,0,3,0.64680207,0.42795855,1,1,adulto
ICB_03298_004,ICB_130,copd,AKG C417L Microphone,85.0,1,0,3,0.5685065,0.4096953,0,1,adulto
ICB_03298_005,ICB_130,copd,AKG C417L Microphone,85.0,1,0,3,0.67802244,0.37522238,1,1,adulto
ICB_03298_006,ICB_130,copd,AKG C417L Microphone,85.0,1,0,3,0.6829938,0.20303214,1,1,adulto
ICB_03298_007,ICB_130,copd,AKG C417L Microphone,85.0,1,0,3,0.5333515,0.2513661,0,1,adulto
ICB_03299_000,ICB_130,copd,AKG C417L Microphone,85.0,1,0,3,0.6899983,0.39668632,1,1,adulto
ICB_03299_001,ICB_130,copd,AKG C417L Microphone,85.0,1,0,3,0.65970933,0.23564623,1,1,adulto
ICB_03299_002,ICB_130,copd,AKG C417L Microphone,85.0,1,0,3,0.596045,0.30934557,0,1,adulto
ICB_03299_003,ICB_130,copd,AKG C417L Microphone,85.0,1,0,3,0.6301192,0.2171477,1,1,adulto
ICB_03299_004,ICB_130,copd,AKG C417L Microphone,85.0,1,0,3,0.5705618,0.29511905,0,1,adulto
ICB_03299_005,ICB_130,copd,AKG C417L Microphone,85.0,1,0,3,0.5416641,0.33137608,0,1,adulto
ICB_03299_006,ICB_130,copd,AKG C417L Microphone,85.0,1,0,3,0.66881907,0.3179907,1,1,adulto
ICB_03299_007,ICB_130,copd,AKG C417L Microphone,85.0,1,0,3,0.678251,0.38776407,1,1,adulto
ICB_03300_000,ICB_130,copd,AKG C417L Microphone,85.0,1,0,3,0.63376546,0.38237947,1,1,adulto
ICB_03300_001,ICB_130,copd,AKG C417L Microphone,85.0,1,0,3,0.60847265,0.28406778,1,1,adulto
ICB_03300_002,ICB_130,copd,AKG C417L Microphone,85.0,1,0,3,0.6398338,0.28182063,1,1,adulto
ICB_03300_003,ICB_130,copd,AKG C417L Microphone,85.0,1,0,3,0.61251265,0.2256639,1,1,adulto
ICB_03300_004,ICB_130,copd,AKG C417L Microphone,85.0,1,0,3,0.4978146,0.27443096,0,1,adulto
ICB_03300_005,ICB_130,copd,AKG C417L Microphone,85.0,1,0,3,0.5473681,0.32922772,0,1,adulto
ICB_03300_006,ICB_130,copd,AKG C417L Microphone,85.0,1,0,3,0.7078226,0.30783552,1,1,adulto
ICB_03300_007,ICB_130,copd,AKG C417L Microphone,85.0,1,0,3,0.58332825,0.35892594,0,1,adulto
ICB_03301_000,ICB_130,copd,AKG C417L Microphone,85.0,0,0,3,0.77912325,0.20131925,1,0,adulto
ICB_03301_001,ICB_130,copd,AKG C417L Microphone,85.0,0,0,3,0.77697396,0.19193141,1,0,adulto
ICB_03301_002,ICB_130,copd,AKG C417L Microphone,85.0,0,0,3,0.85805464,0.16945751,1,0,adulto
ICB_03301_003,ICB_130,copd,AKG C417L Microphone,85.0,0,0,3,0.730748,0.19776872,1,0,adulto
ICB_03301_004,ICB_130,copd,AKG C417L Microphone,85.0,0,0,3,0.7275298,0.20172496,1,0,adulto
ICB_03301_005,ICB_130,copd,AKG C417L Microphone,85.0,0,0,3,0.49457398,0.12799422,0,0,adulto
ICB_03301_006,ICB_130,copd,AKG C417L Microphone,85.0,0,0,3,0.72560245,0.16084595,1,0,adulto
ICB_03301_007,ICB_130,copd,AKG C417L Microphone,85.0,0,0,3,0.39939386,0.12633622,0,0,adulto
ICB_03302_000,ICB_130,copd,AKG C417L Microphone,85.0,0,0,3,0.60197854,0.43857977,1,0,adulto
ICB_03302_001,ICB_130,copd,AKG C417L Microphone,85.0,1,0,3,0.56360793,0.36834714,0,1,adulto
ICB_03302_002,ICB_130,copd,AKG C417L Microphone,85.0,1,0,3,0.55032164,0.40878204,0,1,adulto
ICB_03302_003,ICB_130,copd,AKG C417L Microphone,85.0,1,0,3,0.5847562,0.35251844,0,1,adulto
ICB_03302_004,ICB_130,copd,AKG C417L Microphone,85.0,1,0,3,0.510666,0.37828305,0,1,adulto
ICB_03302_005,ICB_130,copd,AKG C417L Microphone,85.0,1,0,3,0.53448033,0.38237965,0,1,adulto
ICB_03302_006,ICB_130,copd,AKG C417L Microphone,85.0,1,0,3,0.48856625,0.39063033,0,1,adulto
ICB_03302_007,ICB_130,copd,AKG C417L Microphone,85.0,1,0,3,0.53745574,0.3885991,0,1,adulto
ICB_03302_008,ICB_130,copd,AKG C417L Microphone,85.0,1,0,3,0.5426941,0.35554126,0,1,adulto
ICB_03303_000,ICB_130,copd,AKG C417L Microphone,85.0,0,0,3,0.4425868,0.41694832,0,0,adulto
ICB_03303_001,ICB_130,copd,AKG C417L Microphone,85.0,1,0,3,0.4412051,0.388399,0,1,adulto
ICB_03303_002,ICB_130,copd,AKG C417L Microphone,85.0,1,0,3,0.47071424,0.3144157,0,1,adulto
ICB_03303_003,ICB_130,copd,AKG C417L Microphone,85.0,1,0,3,0.4900225,0.33772537,0,1,adulto
ICB_03303_004,ICB_130,copd,AKG C417L Microphone,85.0,1,0,3,0.45393378,0.461995,0,1,adulto
ICB_03303_005,ICB_130,copd,AKG C417L Microphone,85.0,1,0,3,0.4944571,0.3982281,0,1,adulto
ICB_03303_006,ICB_130,copd,AKG C417L Microphone,85.0,1,0,3,0.423093,0.33793166,0,1,adulto
ICB_03303_007,ICB_130,copd,AKG C417L Microphone,85.0,1,0,3,0.5331707,0.33063772,0,1,adulto
ICB_03303_008,ICB_130,copd,AKG C417L Microphone,85.0,1,0,3,0.4966157,0.43337873,0,1,adulto
ICB_03304_000,ICB_130,copd,AKG C417L Microphone,85.0,1,0,3,0.7632312,0.22346705,1,1,adulto
ICB_03304_001,ICB_130,copd,AKG C417L Microphone,85.0,1,0,3,0.81341064,0.2470934,1,1,adulto
ICB_03304_002,ICB_130,copd,AKG C417L Microphone,85.0,1,0,3,0.89061826,0.16242334,1,1,adulto
ICB_03304_003,ICB_130,copd,AKG C417L Microphone,85.0,1,0,3,0.847135,0.3225233,1,1,adulto
ICB_03304_004,ICB_130,copd,AKG C417L Microphone,85.0,1,0,3,0.9190699,0.19134156,1,1,adulto
ICB_03304_005,ICB_130,copd,AKG C417L Microphone,85.0,1,0,3,0.797544,0.26711428,1,1,adulto
ICB_03304_006,ICB_130,copd,AKG C417L Microphone,85.0,1,0,3,0.809509,0.20324333,1,1,adulto
ICB_03304_007,ICB_130,copd,AKG C417L Microphone,85.0,1,0,3,0.7617586,0.25425893,1,1,adulto
ICB_03304_008,ICB_130,copd,AKG C417L Microphone,85.0,1,0,3,0.7743291,0.2918961,1,1,adulto
ICB_03305_000,ICB_130,copd,AKG C417L Microphone,85.0,0,0,3,0.5086737,0.3115398,0,0,adulto
ICB_03305_001,ICB_130,copd,AKG C417L Microphone,85.0,1,0,3,0.688099,0.23805739,1,1,adulto
ICB_03305_002,ICB_130,copd,AKG C417L Microphone,85.0,1,0,3,0.6280802,0.3259456,1,1,adulto
ICB_03305_003,ICB_130,copd,AKG C417L Microphone,85.0,1,0,3,0.6991727,0.23865397,1,1,adulto
ICB_03305_004,ICB_130,copd,AKG C417L Microphone,85.0,1,0,3,0.77026135,0.28691766,1,1,adulto
ICB_03305_005,ICB_130,copd,AKG C417L Microphone,85.0,1,0,3,0.71929896,0.39491916,1,1,adulto
ICB_03305_006,ICB_130,copd,AKG C417L Microphone,85.0,1,0,3,0.64241505,0.33474803,1,1,adulto
ICB_03305_007,ICB_130,copd,AKG C417L Microphone,85.0,1,0,3,0.7174746,0.23182563,1,1,adulto
ICB_03305_008,ICB_130,copd,AKG C417L Microphone,85.0,1,0,3,0.64398223,0.35950184,1,1,adulto
ICB_03306_000,ICB_130,copd,AKG C417L Microphone,85.0,1,0,3,0.6206817,0.36503142,1,1,adulto
ICB_03306_001,ICB_130,copd,AKG C417L Microphone,85.0,1,0,3,0.6593618,0.3435834,1,1,adulto
ICB_03306_002,ICB_130,copd,AKG C417L Microphone,85.0,1,0,3,0.7538739,0.20860966,1,1,adulto
ICB_03306_003,ICB_130,copd,AKG C417L Microphone,85.0,1,0,3,0.6765858,0.25456306,1,1,adulto
ICB_03306_004,ICB_130,copd,AKG C417L Microphone,85.0,1,0,3,0.69168234,0.22055286,1,1,adulto
ICB_03306_005,ICB_130,copd,AKG C417L Microphone,85.0,1,0,3,0.7407354,0.31864402,1,1,adulto
ICB_03306_006,ICB_130,copd,AKG C417L Microphone,85.0,1,0,3,0.67601174,0.24987233,1,1,adulto
ICB_03306_007,ICB_130,copd,AKG C417L Microphone,85.0,1,0,3,0.6614328,0.23639694,1,1,adulto
ICB_03306_008,ICB_130,copd,AKG C417L Microphone,85.0,1,0,3,0.66838497,0.2511791,1,1,adulto
ICB_03307_000,ICB_130,copd,AKG C417L Microphone,85.0,1,0,3,0.5250081,0.32031468,0,1,adulto
ICB_03307_001,ICB_130,copd,AKG C417L Microphone,85.0,1,0,3,0.5656873,0.34826386,0,1,adulto
ICB_03307_002,ICB_130,copd,AKG C417L Microphone,85.0,1,0,3,0.61873144,0.27227056,1,1,adulto
ICB_03307_003,ICB_130,copd,AKG C417L Microphone,85.0,1,0,3,0.5608531,0.26062804,0,1,adulto
ICB_03307_004,ICB_130,copd,AKG C417L Microphone,85.0,1,0,3,0.5042926,0.322555,0,1,adulto
ICB_03307_005,ICB_130,copd,AKG C417L Microphone,85.0,1,0,3,0.5063106,0.2769562,0,1,adulto
ICB_03307_006,ICB_130,copd,AKG C417L Microphone,85.0,1,0,3,0.5915085,0.4130837,0,1,adulto
ICB_03307_007,ICB_130,copd,AKG C417L Microphone,85.0,1,0,3,0.48537123,0.28868496,0,1,adulto
ICB_03307_008,ICB_130,copd,AKG C417L Microphone,85.0,1,0,3,0.56847024,0.2420519,0,1,adulto
ICB_03308_000,ICB_130,copd,AKG C417L Microphone,85.0,0,0,3,0.47161996,0.2683251,0,0,adulto
ICB_03308_001,ICB_130,copd,AKG C417L Microphone,85.0,0,0,3,0.5997647,0.18408182,0,0,adulto
ICB_03308_002,ICB_130,copd,AKG C417L Microphone,85.0,0,0,3,0.7488231,0.11453546,1,0,adulto
ICB_03308_003,ICB_130,copd,AKG C417L Microphone,85.0,0,0,3,0.50481874,0.18397221,0,0,adulto
ICB_03308_004,ICB_130,copd,AKG C417L Microphone,85.0,0,0,3,0.7390632,0.09209673,1,0,adulto
ICB_03308_005,ICB_130,copd,AKG C417L Microphone,85.0,0,0,3,0.56223166,0.19066715,0,0,adulto
ICB_03308_006,ICB_130,copd,AKG C417L Microphone,85.0,0,0,3,0.65882504,0.17190334,1,0,adulto
ICB_03308_007,ICB_130,copd,AKG C417L Microphone,85.0,0,0,3,0.42194876,0.15644936,0,0,adulto
ICB_03308_008,ICB_130,copd,AKG C417L Microphone,85.0,0,0,3,0.80134934,0.085518636,1,0,adulto
ICB_03309_000,ICB_130,copd,AKG C417L Microphone,85.0,0,0,3,0.50605893,0.19237168,0,0,adulto
ICB_03309_001,ICB_130,copd,AKG C417L Microphone,85.0,1,0,3,0.48133454,0.4579086,0,1,adulto
ICB_03309_002,ICB_130,copd,AKG C417L Microphone,85.0,1,0,3,0.47678334,0.27952102,0,1,adulto
ICB_03309_003,ICB_130,copd,AKG C417L Microphone,85.0,1,0,3,0.5348057,0.36000955,0,1,adulto
ICB_03309_004,ICB_130,copd,AKG C417L Microphone,85.0,1,0,3,0.52948093,0.34881172,0,1,adulto
ICB_03309_005,ICB_130,copd,AKG C417L Microphone,85.0,1,0,3,0.51897514,0.39643294,0,1,adulto
ICB_03309_006,ICB_130,copd,AKG C417L Microphone,85.0,1,0,3,0.5963759,0.4583957,0,1,adulto
ICB_03309_007,ICB_130,copd,AKG C417L Microphone,85.0,1,0,3,0.5294952,0.3014176,0,1,adulto
ICB_03309_008,ICB_130,copd,AKG C417L Microphone,85.0,1,0,3,0.4970818,0.37428677,0,1,adulto
ICB_03310_000,ICB_130,copd,AKG C417L Microphone,85.0,1,0,3,0.6203125,0.37714612,1,1,adulto
ICB_03310_001,ICB_130,copd,AKG C417L Microphone,85.0,1,0,3,0.50760955,0.39338708,0,1,adulto
ICB_03310_002,ICB_130,copd,AKG C417L Microphone,85.0,1,0,3,0.48777363,0.21963419,0,1,adulto
ICB_03310_003,ICB_130,copd,AKG C417L Microphone,85.0,1,0,3,0.45743176,0.40281126,0,1,adulto
ICB_03310_004,ICB_130,copd,AKG C417L Microphone,85.0,1,0,3,0.5626808,0.33718288,0,1,adulto
ICB_03310_005,ICB_130,copd,AKG C417L Microphone,85.0,1,0,3,0.47481126,0.30432963,0,1,adulto
ICB_03310_006,ICB_130,copd,AKG C417L Microphone,85.0,1,0,3,0.46071044,0.40354407,0,1,adulto
ICB_03310_007,ICB_130,copd,AKG C417L Microphone,85.0,1,0,3,0.4839689,0.3056989,0,1,adulto
ICB_03310_008,ICB_130,copd,AKG C417L Microphone,85.0,1,0,3,0.49193862,0.3579069,0,1,adulto
ICB_03311_000,ICB_130,copd,AKG C417L Microphone,85.0,0,0,3,0.49616933,0.3389853,0,0,adulto
ICB_03311_001,ICB_130,copd,AKG C417L Microphone,85.0,1,0,3,0.92669266,0.26652,1,1,adulto
ICB_03311_002,ICB_130,copd,AKG C417L Microphone,85.0,1,0,3,0.85176605,0.2518618,1,1,adulto
ICB_03311_003,ICB_130,copd,AKG C417L Microphone,85.0,1,0,3,0.8675275,0.22451472,1,1,adulto
ICB_03311_004,ICB_130,copd,AKG C417L Microphone,85.0,1,0,3,0.80287,0.39370376,1,1,adulto
ICB_03311_005,ICB_130,copd,AKG C417L Microphone,85.0,1,0,3,0.84055907,0.41111204,1,1,adulto
ICB_03311_006,ICB_130,copd,AKG C417L Microphone,85.0,1,0,3,0.8009602,0.24745244,1,1,adulto
ICB_03311_007,ICB_130,copd,AKG C417L Microphone,85.0,1,0,3,0.773138,0.30296168,1,1,adulto
ICB_03311_008,ICB_130,copd,AKG C417L Microphone,85.0,1,0,3,0.89614624,0.3007378,1,1,adulto
ICB_03312_000,ICB_130,copd,AKG C417L Microphone,85.0,0,0,3,0.533363,0.5233933,0,0,adulto
ICB_03312_001,ICB_130,copd,AKG C417L Microphone,85.0,1,0,3,0.62693334,0.22738919,1,1,adulto
ICB_03312_002,ICB_130,copd,AKG C417L Microphone,85.0,1,0,3,0.5924473,0.3228097,0,1,adulto
ICB_03312_003,ICB_130,copd,AKG C417L Microphone,85.0,1,0,3,0.71184313,0.3456885,1,1,adulto
ICB_03312_004,ICB_130,copd,AKG C417L Microphone,85.0,1,0,3,0.78054416,0.22941507,1,1,adulto
ICB_03312_005,ICB_130,copd,AKG C417L Microphone,85.0,1,0,3,0.6705197,0.3085604,1,1,adulto
ICB_03312_006,ICB_130,copd,AKG C417L Microphone,85.0,1,0,3,0.73193634,0.2982584,1,1,adulto
ICB_03312_007,ICB_130,copd,AKG C417L Microphone,85.0,1,0,3,0.5535776,0.3005241,0,1,adulto
ICB_03312_008,ICB_130,copd,AKG C417L Microphone,85.0,1,0,3,0.5710257,0.32765624,0,1,adulto
ICB_03313_000,ICB_130,copd,AKG C417L Microphone,85.0,0,0,3,0.5124027,0.32740974,0,0,adulto
ICB_03313_001,ICB_130,copd,AKG C417L Microphone,85.0,1,0,3,0.73197746,0.3332782,1,1,adulto
ICB_03313_002,ICB_130,copd,AKG C417L Microphone,85.0,1,0,3,0.6158913,0.24215323,1,1,adulto
ICB_03313_003,ICB_130,copd,AKG C417L Microphone,85.0,1,0,3,0.75298655,0.29818466,1,1,adulto
ICB_03313_004,ICB_130,copd,AKG C417L Microphone,85.0,1,0,3,0.64503014,0.5344537,1,1,adulto
ICB_03313_005,ICB_130,copd,AKG C417L Microphone,85.0,0,1,3,0.6749438,0.89193153,1,2,adulto
ICB_03313_006,ICB_130,copd,AKG C417L Microphone,85.0,1,0,3,0.64613396,0.29951915,1,1,adulto
ICB_03313_007,ICB_130,copd,AKG C417L Microphone,85.0,1,0,3,0.71062964,0.58632207,1,1,adulto
ICB_03313_008,ICB_130,copd,AKG C417L Microphone,85.0,0,0,3,0.68810666,0.40086398,1,0,adulto
ICB_03314_000,ICB_130,copd,AKG C417L Microphone,85.0,1,0,3,0.47873265,0.20739967,0,1,adulto
ICB_03314_001,ICB_130,copd,AKG C417L Microphone,85.0,1,0,3,0.7526646,0.22239561,1,1,adulto
ICB_03314_002,ICB_130,copd,AKG C417L Microphone,85.0,1,0,3,0.68183345,0.25682217,1,1,adulto
ICB_03314_003,ICB_130,copd,AKG C417L Microphone,85.0,1,0,3,0.742393,0.3133509,1,1,adulto
ICB_03314_004,ICB_130,copd,AKG C417L Microphone,85.0,1,0,3,0.83385766,0.27177176,1,1,adulto
ICB_03314_005,ICB_130,copd,AKG C417L Microphone,85.0,1,0,3,0.76652336,0.2319376,1,1,adulto
ICB_03314_006,ICB_130,copd,AKG C417L Microphone,85.0,1,0,3,0.76197463,0.35762954,1,1,adulto
ICB_03314_007,ICB_130,copd,AKG C417L Microphone,85.0,1,0,3,0.7517166,0.27529386,1,1,adulto
ICB_03314_008,ICB_130,copd,AKG C417L Microphone,85.0,1,0,3,0.7436553,0.33807823,1,1,adulto
ICB_03314_009,ICB_130,copd,AKG C417L Microphone,85.0,1,0,3,0.7754937,0.34159577,1,1,adulto
ICB_03315_000,ICB_130,copd,AKG C417L Microphone,85.0,1,0,3,0.4527975,0.12880109,0,1,adulto
ICB_03315_001,ICB_130,copd,AKG C417L Microphone,85.0,1,0,3,0.7080245,0.19743441,1,1,adulto
ICB_03315_002,ICB_130,copd,AKG C417L Microphone,85.0,1,0,3,0.638935,0.32347903,1,1,adulto
ICB_03315_003,ICB_130,copd,AKG C417L Microphone,85.0,1,0,3,0.598953,0.32671142,0,1,adulto
ICB_03315_004,ICB_130,copd,AKG C417L Microphone,85.0,1,0,3,0.70960945,0.27436155,1,1,adulto
ICB_03315_005,ICB_130,copd,AKG C417L Microphone,85.0,1,0,3,0.57242936,0.47929972,0,1,adulto
ICB_03315_006,ICB_130,copd,AKG C417L Microphone,85.0,1,0,3,0.64242727,0.25767484,1,1,adulto
ICB_03315_007,ICB_130,copd,AKG C417L Microphone,85.0,1,0,3,0.74856406,0.23162486,1,1,adulto
ICB_03315_008,ICB_130,copd,AKG C417L Microphone,85.0,1,0,3,0.6070582,0.2097879,1,1,adulto
ICB_03315_009,ICB_130,copd,AKG C417L Microphone,85.0,1,0,3,0.58912957,0.32022834,0,1,adulto
ICB_03315_010,ICB_130,copd,AKG C417L Microphone,85.0,1,1,3,0.42301273,0.21541478,0,3,adulto
ICB_03316_000,ICB_130,copd,AKG C417L Microphone,85.0,1,0,3,0.16451642,0.17136185,0,1,adulto
ICB_03316_001,ICB_130,copd,AKG C417L Microphone,85.0,1,0,3,0.6444607,0.16100626,1,1,adulto
ICB_03316_002,ICB_130,copd,AKG C417L Microphone,85.0,1,0,3,0.41191435,0.15368415,0,1,adulto
ICB_03316_003,ICB_130,copd,AKG C417L Microphone,85.0,1,0,3,0.44541994,0.2551682,0,1,adulto
ICB_03316_004,ICB_130,copd,AKG C417L Microphone,85.0,1,0,3,0.78555554,0.13460366,1,1,adulto
ICB_03316_005,ICB_130,copd,AKG C417L Microphone,85.0,1,0,3,0.510753,0.43676564,0,1,adulto
ICB_03316_006,ICB_130,copd,AKG C417L Microphone,85.0,1,0,3,0.3283204,0.24650846,0,1,adulto
ICB_03316_007,ICB_130,copd,AKG C417L Microphone,85.0,1,0,3,0.55246854,0.68412507,0,1,adulto
ICB_03316_008,ICB_130,copd,AKG C417L Microphone,85.0,1,0,3,0.46215802,0.1441975,0,1,adulto
ICB_03316_009,ICB_130,copd,AKG C417L Microphone,85.0,1,0,3,0.27040458,0.16175385,0,1,adulto
ICB_03316_010,ICB_130,copd,AKG C417L Microphone,85.0,0,0,3,0.2635262,0.12311262,0,0,adulto
ICB_03317_000,ICB_130,copd,AKG C417L Microphone,85.0,1,0,3,0.3574356,0.16053638,0,1,adulto
ICB_03317_001,ICB_130,copd,AKG C417L Microphone,85.0,1,0,3,0.5971107,0.29027352,0,1,adulto
ICB_03317_002,ICB_130,copd,AKG C417L Microphone,85.0,1,0,3,0.33991462,0.13165769,0,1,adulto
ICB_03317_003,ICB_130,copd,AKG C417L Microphone,85.0,1,0,3,0.684871,0.21485385,1,1,adulto
ICB_03317_004,ICB_130,copd,AKG C417L Microphone,85.0,1,0,3,0.80640656,0.2894036,1,1,adulto
ICB_03317_005,ICB_130,copd,AKG C417L Microphone,85.0,1,0,3,0.47665432,0.1737295,0,1,adulto
ICB_03317_006,ICB_130,copd,AKG C417L Microphone,85.0,0,0,3,0.47923487,0.23830217,0,0,adulto
ICB_03317_007,ICB_130,copd,AKG C417L Microphone,85.0,1,0,3,0.45522046,0.08510664,0,1,adulto
ICB_03317_008,ICB_130,copd,AKG C417L Microphone,85.0,1,0,3,0.6806693,0.30002582,1,1,adulto
ICB_03317_009,ICB_130,copd,AKG C417L Microphone,85.0,1,0,3,0.6592224,0.20698287,1,1,adulto
ICB_03317_010,ICB_130,copd,AKG C417L Microphone,85.0,0,0,3,0.53713727,0.4031798,0,0,adulto
ICB_03318_000,ICB_130,copd,AKG C417L Microphone,85.0,1,0,3,0.56360775,0.19853765,0,1,adulto
ICB_03318_001,ICB_130,copd,AKG C417L Microphone,85.0,1,0,3,0.6491956,0.45097074,1,1,adulto
ICB_03318_002,ICB_130,copd,AKG C417L Microphone,85.0,1,0,3,0.75055194,0.25376698,1,1,adulto
ICB_03318_003,ICB_130,copd,AKG C417L Microphone,85.0,1,0,3,0.7756071,0.43705285,1,1,adulto
ICB_03318_004,ICB_130,copd,AKG C417L Microphone,85.0,1,0,3,0.73351383,0.17271893,1,1,adulto
ICB_03318_005,ICB_130,copd,AKG C417L Microphone,85.0,1,1,3,0.73123735,0.334794,1,3,adulto
ICB_03318_006,ICB_130,copd,AKG C417L Microphone,85.0,1,0,3,0.6085246,0.3418943,1,1,adulto
ICB_03318_007,ICB_130,copd,AKG C417L Microphone,85.0,1,1,3,0.7205337,0.23265518,1,3,adulto
ICB_03318_008,ICB_130,copd,AKG C417L Microphone,85.0,1,0,3,0.849147,0.37971804,1,1,adulto
ICB_03318_009,ICB_130,copd,AKG C417L Microphone,85.0,1,0,3,0.5319381,0.3338178,0,1,adulto
ICB_03318_010,ICB_130,copd,AKG C417L Microphone,85.0,1,0,3,0.60317916,0.28940567,1,1,adulto
ICB_03319_000,ICB_130,copd,AKG C417L Microphone,85.0,1,0,3,0.11888921,0.22023448,0,1,adulto
ICB_03319_001,ICB_130,copd,AKG C417L Microphone,85.0,1,1,3,0.54397523,0.60460186,0,3,adulto
ICB_03319_002,ICB_130,copd,AKG C417L Microphone,85.0,1,0,3,0.45231634,0.7428422,0,1,adulto
ICB_03319_003,ICB_130,copd,AKG C417L Microphone,85.0,1,0,3,0.42804375,0.6883183,0,1,adulto
ICB_03319_004,ICB_130,copd,AKG C417L Microphone,85.0,1,0,3,0.48594162,0.68840003,0,1,adulto
ICB_03319_005,ICB_130,copd,AKG C417L Microphone,85.0,1,0,3,0.5028152,0.5572226,0,1,adulto
ICB_03319_006,ICB_130,copd,AKG C417L Microphone,85.0,1,0,3,0.54110676,0.6778508,0,1,adulto
ICB_03319_007,ICB_130,copd,AKG C417L Microphone,85.0,1,0,3,0.5463268,0.65271854,0,1,adulto
ICB_03319_008,ICB_130,copd,AKG C417L Microphone,85.0,1,0,3,0.45381883,0.55328065,0,1,adulto
ICB_03319_009,ICB_130,copd,AKG C417L Microphone,85.0,1,0,3,0.42943618,0.49345362,0,1,adulto
ICB_03319_010,ICB_130,copd,AKG C417L Microphone,85.0,1,0,3,0.37978116,0.61731315,0,1,adulto
ICB_03320_000,ICB_130,copd,AKG C417L Microphone,85.0,0,0,3,0.075297914,0.21699391,0,0,adulto
ICB_03320_001,ICB_130,copd,AKG C417L Microphone,85.0,1,0,3,0.44082552,0.86138064,0,1,adulto
ICB_03320_002,ICB_130,copd,AKG C417L Microphone,85.0,1,0,3,0.39574823,0.52170223,0,1,adulto
ICB_03320_003,ICB_130,copd,AKG C417L Microphone,85.0,1,0,3,0.4450165,0.8126032,0,1,adulto
ICB_03320_004,ICB_130,copd,AKG C417L Microphone,85.0,1,0,3,0.444975,0.85103726,0,1,adulto
ICB_03320_005,ICB_130,copd,AKG C417L Microphone,85.0,1,0,3,0.38023677,0.6801374,0,1,adulto
ICB_03320_006,ICB_130,copd,AKG C417L Microphone,85.0,1,0,3,0.34942627,0.7259958,0,1,adulto
ICB_03320_007,ICB_130,copd,AKG C417L Microphone,85.0,1,1,3,0.42451274,0.83555436,0,3,adulto
ICB_03320_008,ICB_130,copd,AKG C417L Microphone,85.0,1,0,3,0.4307661,0.86344105,0,1,adulto
ICB_03320_009,ICB_130,copd,AKG C417L Microphone,85.0,0,0,3,0.44114175,0.7725078,0,0,adulto
ICB_03320_010,ICB_130,copd,AKG C417L Microphone,85.0,0,0,3,0.35734212,0.73167455,0,0,adulto
ICB_03321_000,ICB_130,copd,AKG C417L Microphone,85.0,1,0,3,0.5244291,0.45667982,0,1,adulto
ICB_03321_001,ICB_130,copd,AKG C417L Microphone,85.0,1,0,3,0.48339364,0.40575373,0,1,adulto
ICB_03321_002,ICB_130,copd,AKG C417L Microphone,85.0,1,0,3,0.58743113,0.49202737,0,1,adulto
ICB_03321_003,ICB_130,copd,AKG C417L Microphone,85.0,1,0,3,0.7158555,0.45615533,1,1,adulto
ICB_03321_004,ICB_130,copd,AKG C417L Microphone,85.0,1,0,3,0.65149575,0.42925492,1,1,adulto
ICB_03321_005,ICB_130,copd,AKG C417L Microphone,85.0,0,0,3,0.5050725,0.4057251,0,0,adulto
ICB_03322_000,ICB_130,copd,AKG C417L Microphone,85.0,0,0,3,0.43607482,0.35919675,0,0,adulto
ICB_03322_001,ICB_130,copd,AKG C417L Microphone,85.0,0,0,3,0.45186412,0.45015076,0,0,adulto
ICB_03322_002,ICB_130,copd,AKG C417L Microphone,85.0,0,0,3,0.48556402,0.39708775,0,0,adulto
ICB_03322_003,ICB_130,copd,AKG C417L Microphone,85.0,0,0,3,0.48019102,0.47426438,0,0,adulto
ICB_03322_004,ICB_130,copd,AKG C417L Microphone,85.0,0,0,3,0.5912669,0.39481148,0,0,adulto
ICB_03323_000,ICB_130,copd,AKG C417L Microphone,85.0,0,0,3,0.7179914,0.24388449,1,0,adulto
ICB_03323_001,ICB_130,copd,AKG C417L Microphone,85.0,0,0,3,0.84221977,0.42602172,1,0,adulto
ICB_03323_002,ICB_130,copd,AKG C417L Microphone,85.0,0,0,3,0.8388104,0.2961754,1,0,adulto
ICB_03323_003,ICB_130,copd,AKG C417L Microphone,85.0,0,0,3,0.8511395,0.2815011,1,0,adulto
ICB_03323_004,ICB_130,copd,AKG C417L Microphone,85.0,0,0,3,0.7930975,0.22440349,1,0,adulto
ICB_03324_000,ICB_130,copd,AKG C417L Microphone,85.0,1,0,3,0.4900419,0.2969476,0,1,adulto
ICB_03324_001,ICB_130,copd,AKG C417L Microphone,85.0,1,0,3,0.54385674,0.37080157,0,1,adulto
ICB_03324_002,ICB_130,copd,AKG C417L Microphone,85.0,1,0,3,0.64498895,0.3226746,1,1,adulto
ICB_03324_003,ICB_130,copd,AKG C417L Microphone,85.0,1,0,3,0.59630615,0.72088695,0,1,adulto
ICB_03324_004,ICB_130,copd,AKG C417L Microphone,85.0,1,0,3,0.49979886,0.32145578,0,1,adulto
ICB_03325_000,ICB_130,copd,AKG C417L Microphone,85.0,1,0,3,0.653928,0.35567093,1,1,adulto
ICB_03325_001,ICB_130,copd,AKG C417L Microphone,85.0,1,0,3,0.690652,0.48143637,1,1,adulto
ICB_03325_002,ICB_130,copd,AKG C417L Microphone,85.0,1,0,3,0.7854947,0.21180753,1,1,adulto
ICB_03325_003,ICB_130,copd,AKG C417L Microphone,85.0,1,0,3,0.7475282,0.4200105,1,1,adulto
ICB_03325_004,ICB_130,copd,AKG C417L Microphone,85.0,1,0,3,0.6167835,0.31178114,1,1,adulto
ICB_03326_000,ICB_130,copd,AKG C417L Microphone,85.0,1,0,3,0.74026495,0.16256244,1,1,adulto
ICB_03326_001,ICB_130,copd,AKG C417L Microphone,85.0,1,0,3,0.6717172,0.28979146,1,1,adulto
ICB_03326_002,ICB_130,copd,AKG C417L Microphone,85.0,1,0,3,0.87058634,0.1143975,1,1,adulto
ICB_03326_003,ICB_130,copd,AKG C417L Microphone,85.0,1,0,3,0.68792105,0.2512584,1,1,adulto
ICB_03326_004,ICB_130,copd,AKG C417L Microphone,85.0,1,0,3,0.5436402,0.24236202,0,1,adulto
ICB_03327_000,ICB_130,copd,AKG C417L Microphone,85.0,1,0,3,0.54235876,0.7004358,0,1,adulto
ICB_03327_001,ICB_130,copd,AKG C417L Microphone,85.0,1,0,3,0.61893547,0.6193395,1,1,adulto
ICB_03327_002,ICB_130,copd,AKG C417L Microphone,85.0,1,0,3,0.5517366,0.5448456,0,1,adulto
ICB_03327_003,ICB_130,copd,AKG C417L Microphone,85.0,1,0,3,0.52117944,0.6152071,0,1,adulto
ICB_03327_004,ICB_130,copd,AKG C417L Microphone,85.0,1,0,3,0.53623235,0.76721185,0,1,adulto
ICB_03327_005,ICB_130,copd,AKG C417L Microphone,85.0,1,0,3,0.5241962,0.38525593,0,1,adulto
ICB_03327_006,ICB_130,copd,AKG C417L Microphone,85.0,1,0,3,0.5793451,0.7808114,0,1,adulto
ICB_03328_000,ICB_130,copd,AKG C417L Microphone,85.0,0,0,3,0.5039867,0.29282063,0,0,adulto
ICB_03328_001,ICB_130,copd,AKG C417L Microphone,85.0,1,0,3,0.49011394,0.29246336,0,1,adulto
ICB_03328_002,ICB_130,copd,AKG C417L Microphone,85.0,0,0,3,0.6689703,0.3246819,1,0,adulto
ICB_03328_003,ICB_130,copd,AKG C417L Microphone,85.0,1,0,3,0.57022786,0.32526225,0,1,adulto
ICB_03328_004,ICB_130,copd,AKG C417L Microphone,85.0,1,0,3,0.60794336,0.2465657,1,1,adulto
ICB_03328_005,ICB_130,copd,AKG C417L Microphone,85.0,0,0,3,0.69687134,0.23847896,1,0,adulto
ICB_03328_006,ICB_130,copd,AKG C417L Microphone,85.0,0,0,3,0.833187,0.18329188,1,0,adulto
ICB_03329_000,ICB_130,copd,AKG C417L Microphone,85.0,1,0,3,0.53348285,0.24307388,0,1,adulto
ICB_03329_001,ICB_130,copd,AKG C417L Microphone,85.0,1,0,3,0.82065547,0.2569269,1,1,adulto
ICB_03329_002,ICB_130,copd,AKG C417L Microphone,85.0,1,0,3,0.70810723,0.53439724,1,1,adulto
ICB_03329_003,ICB_130,copd,AKG C417L Microphone,85.0,1,0,3,0.720015,0.2594931,1,1,adulto
ICB_03329_004,ICB_130,copd,AKG C417L Microphone,85.0,1,0,3,0.6947808,0.35755497,1,1,adulto
ICB_03329_005,ICB_130,copd,AKG C417L Microphone,85.0,1,0,3,0.68949026,0.27105954,1,1,adulto
ICB_03329_006,ICB_130,copd,AKG C417L Microphone,85.0,1,0,3,0.6154209,0.41232678,1,1,adulto
ICB_03330_000,ICB_130,copd,AKG C417L Microphone,85.0,1,0,3,0.24669181,0.9775198,2,1,adulto
ICB_03330_001,ICB_130,copd,AKG C417L Microphone,85.0,1,0,3,0.3023309,0.97875184,2,1,adulto
ICB_03330_002,ICB_130,copd,AKG C417L Microphone,85.0,1,0,3,0.30455768,0.97228175,2,1,adulto
ICB_03330_003,ICB_130,copd,AKG C417L Microphone,85.0,1,0,3,0.26174623,0.97374344,2,1,adulto
ICB_03330_004,ICB_130,copd,AKG C417L Microphone,85.0,1,0,3,0.29385027,0.9666903,2,1,adulto
ICB_03330_005,ICB_130,copd,AKG C417L Microphone,85.0,1,0,3,0.27374527,0.9660027,2,1,adulto
ICB_03330_006,ICB_130,copd,AKG C417L Microphone,85.0,1,0,3,0.28869075,0.9513697,2,1,adulto
ICB_03331_000,ICB_130,copd,AKG C417L Microphone,85.0,1,0,3,0.42513022,0.5623024,0,1,adulto
ICB_03331_001,ICB_130,copd,AKG C417L Microphone,85.0,1,0,3,0.48910943,0.79217374,0,1,adulto
ICB_03331_002,ICB_130,copd,AKG C417L Microphone,85.0,1,0,3,0.37773398,0.75691974,0,1,adulto
ICB_03331_003,ICB_130,copd,AKG C417L Microphone,85.0,1,0,3,0.41937226,0.7792911,0,1,adulto
ICB_03331_004,ICB_130,copd,AKG C417L Microphone,85.0,1,0,3,0.40313554,0.67095983,0,1,adulto
ICB_03331_005,ICB_130,copd,AKG C417L Microphone,85.0,1,0,3,0.40539145,0.66177803,0,1,adulto
ICB_03331_006,ICB_130,copd,AKG C417L Microphone,85.0,1,0,3,0.39563724,0.6002132,0,1,adulto
ICB_03332_000,ICB_130,copd,AKG C417L Microphone,85.0,1,0,3,0.3227242,0.43802208,0,1,adulto
ICB_03332_001,ICB_130,copd,AKG C417L Microphone,85.0,1,0,3,0.4320222,0.4557512,0,1,adulto
ICB_03332_002,ICB_130,copd,AKG C417L Microphone,85.0,1,0,3,0.52362275,0.37751043,0,1,adulto
ICB_03332_003,ICB_130,copd,AKG C417L Microphone,85.0,1,0,3,0.44916013,0.6514122,0,1,adulto
ICB_03332_004,ICB_130,copd,AKG C417L Microphone,85.0,1,0,3,0.43187425,0.67744625,0,1,adulto
ICB_03332_005,ICB_130,copd,AKG C417L Microphone,85.0,1,0,3,0.37951007,0.3739882,0,1,adulto
ICB_03332_006,ICB_130,copd,AKG C417L Microphone,85.0,1,1,3,0.33737412,0.47943243,0,3,adulto
ICB_03333_000,ICB_130,copd,AKG C417L Microphone,85.0,1,0,3,0.6871222,0.29000038,1,1,adulto
ICB_03333_001,ICB_130,copd,AKG C417L Microphone,85.0,1,0,3,0.65722674,0.353973,1,1,adulto
ICB_03333_002,ICB_130,copd,AKG C417L Microphone,85.0,1,0,3,0.70185256,0.25216013,1,1,adulto
ICB_03333_003,ICB_130,copd,AKG C417L Microphone,85.0,1,0,3,0.7006627,0.30530736,1,1,adulto
ICB_03333_004,ICB_130,copd,AKG C417L Microphone,85.0,1,0,3,0.76906246,0.26881537,1,1,adulto
ICB_03333_005,ICB_130,copd,AKG C417L Microphone,85.0,1,0,3,0.77661264,0.23599276,1,1,adulto
ICB_03333_006,ICB_130,copd,AKG C417L Microphone,85.0,1,1,3,0.76544744,0.31884673,1,3,adulto
ICB_03334_000,ICB_130,copd,AKG C417L Microphone,85.0,1,0,3,0.3642574,0.96911645,2,1,adulto
ICB_03334_001,ICB_130,copd,AKG C417L Microphone,85.0,1,0,3,0.28757837,0.94852597,0,1,adulto
ICB_03334_002,ICB_130,copd,AKG C417L Microphone,85.0,1,0,3,0.3265975,0.9656817,2,1,adulto
ICB_03334_003,ICB_130,copd,AKG C417L Microphone,85.0,1,1,3,0.31887004,0.9689331,2,3,adulto
ICB_03334_004,ICB_130,copd,AKG C417L Microphone,85.0,1,0,3,0.27104166,0.97277415,2,1,adulto
ICB_03334_005,ICB_130,copd,AKG C417L Microphone,85.0,1,0,3,0.38054258,0.9829555,2,1,adulto
ICB_03334_006,ICB_130,copd,AKG C417L Microphone,85.0,1,0,3,0.33808166,0.97008765,2,1,adulto
ICB_03335_000,ICB_130,copd,AKG C417L Microphone,85.0,0,0,3,0.43036282,0.78428316,0,0,adulto
ICB_03335_001,ICB_130,copd,AKG C417L Microphone,85.0,1,0,3,0.43998823,0.80915487,0,1,adulto
ICB_03335_002,ICB_130,copd,AKG C417L Microphone,85.0,1,0,3,0.45579848,0.64650303,0,1,adulto
ICB_03335_003,ICB_130,copd,AKG C417L Microphone,85.0,1,0,3,0.4493426,0.75767225,0,1,adulto
ICB_03335_004,ICB_130,copd,AKG C417L Microphone,85.0,1,0,3,0.4201214,0.56765896,0,1,adulto
ICB_03335_005,ICB_130,copd,AKG C417L Microphone,85.0,1,0,3,0.43656132,0.82020164,0,1,adulto
ICB_03335_006,ICB_130,copd,AKG C417L Microphone,85.0,1,1,3,0.47491598,0.80348873,0,3,adulto
ICB_03336_000,ICB_130,copd,AKG C417L Microphone,85.0,1,1,3,0.55575174,0.99995077,2,3,adulto
ICB_03336_001,ICB_130,copd,AKG C417L Microphone,85.0,1,1,3,0.610146,0.9997789,3,3,adulto
ICB_03336_002,ICB_130,copd,AKG C417L Microphone,85.0,1,0,3,0.38109645,0.49994242,0,1,adulto
ICB_03336_003,ICB_130,copd,AKG C417L Microphone,85.0,1,0,3,0.4252997,0.7280033,0,1,adulto
ICB_03336_004,ICB_130,copd,AKG C417L Microphone,85.0,1,0,3,0.45606142,0.6428663,0,1,adulto
ICB_03336_005,ICB_130,copd,AKG C417L Microphone,85.0,0,0,3,0.3092137,0.6298364,0,0,adulto
ICB_03336_006,ICB_130,copd,AKG C417L Microphone,85.0,1,0,3,0.4759173,0.43585867,0,1,adulto
ICB_03336_007,ICB_130,copd,AKG C417L Microphone,85.0,0,0,3,0.4705172,0.51445466,0,0,adulto
ICB_03337_000,ICB_130,copd,AKG C417L Microphone,85.0,1,0,3,0.7432969,0.6546656,1,1,adulto
ICB_03337_001,ICB_130,copd,AKG C417L Microphone,85.0,1,0,3,0.72177356,0.5408197,1,1,adulto
ICB_03337_002,ICB_130,copd,AKG C417L Microphone,85.0,1,1,3,0.56872684,0.2504229,0,3,adulto
ICB_03337_003,ICB_130,copd,AKG C417L Microphone,85.0,1,1,3,0.65042037,0.5470387,1,3,adulto
ICB_03337_004,ICB_130,copd,AKG C417L Microphone,85.0,1,1,3,0.73814034,0.26954958,1,3,adulto
ICB_03337_005,ICB_130,copd,AKG C417L Microphone,85.0,1,0,3,0.5059798,0.23334108,0,1,adulto
ICB_03337_006,ICB_130,copd,AKG C417L Microphone,85.0,1,0,3,0.71799445,0.28167456,1,1,adulto
ICB_03337_007,ICB_130,copd,AKG C417L Microphone,85.0,1,0,3,0.68304497,0.42572695,1,1,adulto
ICB_03338_000,ICB_130,copd,AKG C417L Microphone,85.0,1,1,3,0.47645193,0.9979488,2,3,adulto
ICB_03338_001,ICB_130,copd,AKG C417L Microphone,85.0,1,1,3,0.34393126,0.98319376,2,3,adulto
ICB_03338_002,ICB_130,copd,AKG C417L Microphone,85.0,1,0,3,0.36629033,0.98426497,2,1,adulto
ICB_03338_003,ICB_130,copd,AKG C417L Microphone,85.0,1,0,3,0.37948954,0.9774802,2,1,adulto
ICB_03338_004,ICB_130,copd,AKG C417L Microphone,85.0,1,0,3,0.33095366,0.97666806,2,1,adulto
ICB_03338_005,ICB_130,copd,AKG C417L Microphone,85.0,1,0,3,0.31825754,0.97085136,2,1,adulto
ICB_03338_006,ICB_130,copd,AKG C417L Microphone,85.0,1,0,3,0.3202494,0.97014344,2,1,adulto
ICB_03338_007,ICB_130,copd,AKG C417L Microphone,85.0,1,0,3,0.34759343,0.98048705,2,1,adulto
ICB_03339_000,ICB_130,copd,AKG C417L Microphone,85.0,1,1,3,0.5860384,0.99579453,2,3,adulto
ICB_03339_001,ICB_130,copd,AKG C417L Microphone,85.0,1,1,3,0.42683384,0.86197126,0,3,adulto
ICB_03339_002,ICB_130,copd,AKG C417L Microphone,85.0,1,1,3,0.41081464,0.7972522,0,3,adulto
ICB_03339_003,ICB_130,copd,AKG C417L Microphone,85.0,1,1,3,0.40888944,0.92548794,0,3,adulto
ICB_03339_004,ICB_130,copd,AKG C417L Microphone,85.0,1,1,3,0.41234443,0.6707625,0,3,adulto
ICB_03339_005,ICB_130,copd,AKG C417L Microphone,85.0,1,0,3,0.45718756,0.60040635,0,1,adulto
ICB_03339_006,ICB_130,copd,AKG C417L Microphone,85.0,1,0,3,0.46283814,0.7827983,0,1,adulto
ICB_03339_007,ICB_130,copd,AKG C417L Microphone,85.0,1,0,3,0.4002489,0.59859437,0,1,adulto
ICB_03340_000,ICB_131,respiratory_infection,3M Littmann Classic II SE,3.0,0,0,3,0.79075354,0.2977198,1,0,pediátrico (<18)
ICB_03340_001,ICB_131,respiratory_infection,3M Littmann Classic II SE,3.0,0,0,3,0.38282585,0.18072793,0,0,pediátrico (<18)
ICB_03340_002,ICB_131,respiratory_infection,3M Littmann Classic II SE,3.0,0,1,3,0.45086837,0.65091175,0,2,pediátrico (<18)
ICB_03340_003,ICB_131,respiratory_infection,3M Littmann Classic II SE,3.0,0,0,3,0.38628092,0.17422906,0,0,pediátrico (<18)
ICB_03340_004,ICB_131,respiratory_infection,3M Littmann Classic II SE,3.0,0,0,3,0.3709916,0.21339072,0,0,pediátrico (<18)
ICB_03340_005,ICB_131,respiratory_infection,3M Littmann Classic II SE,3.0,0,0,3,0.44951668,0.25192508,0,0,pediátrico (<18)
ICB_03340_006,ICB_131,respiratory_infection,3M Littmann Classic II SE,3.0,0,0,3,0.4369986,0.21909335,0,0,pediátrico (<18)
ICB_03340_007,ICB_131,respiratory_infection,3M Littmann Classic II SE,3.0,0,0,3,0.489358,0.1935484,0,0,pediátrico (<18)
ICB_03340_008,ICB_131,respiratory_infection,3M Littmann Classic II SE,3.0,0,0,3,0.3680965,0.2561019,0,0,pediátrico (<18)
ICB_03340_009,ICB_131,respiratory_infection,3M Littmann Classic II SE,3.0,0,1,3,0.7175937,0.47802013,1,2,pediátrico (<18)
ICB_03340_010,ICB_131,respiratory_infection,3M Littmann Classic II SE,3.0,0,0,3,0.3024341,0.28607604,0,0,pediátrico (<18)
ICB_03367_000,ICB_135,pneumonia,3M Littmann Classic II SE,70.0,0,0,3,0.5712726,0.381812,0,0,adulto
ICB_03367_001,ICB_135,pneumonia,3M Littmann Classic II SE,70.0,0,0,3,0.52233875,0.32082653,0,0,adulto
ICB_03367_002,ICB_135,pneumonia,3M Littmann Classic II SE,70.0,0,0,3,0.517917,0.36032405,0,0,adulto
ICB_03367_003,ICB_135,pneumonia,3M Littmann Classic II SE,70.0,0,0,3,0.5160305,0.31621358,0,0,adulto
ICB_03367_004,ICB_135,pneumonia,3M Littmann Classic II SE,70.0,0,0,3,0.5593967,0.52447164,0,0,adulto
ICB_03367_005,ICB_135,pneumonia,3M Littmann Classic II SE,70.0,0,0,3,0.547037,0.32540852,0,0,adulto
ICB_03367_006,ICB_135,pneumonia,3M Littmann Classic II SE,70.0,0,0,3,0.51962996,0.46900776,0,0,adulto
ICB_03367_007,ICB_135,pneumonia,3M Littmann Classic II SE,70.0,0,0,3,0.49945498,0.36026463,0,0,adulto
ICB_03367_008,ICB_135,pneumonia,3M Littmann Classic II SE,70.0,0,0,3,0.70197195,0.22702344,1,0,adulto
ICB_03368_000,ICB_135,pneumonia,3M Littmann Classic II SE,70.0,0,0,3,0.6185112,0.31989035,1,0,adulto
ICB_03368_001,ICB_135,pneumonia,3M Littmann Classic II SE,70.0,0,0,3,0.5821085,0.35060927,0,0,adulto
ICB_03368_002,ICB_135,pneumonia,3M Littmann Classic II SE,70.0,0,0,3,0.50826365,0.2780411,0,0,adulto
ICB_03368_003,ICB_135,pneumonia,3M Littmann Classic II SE,70.0,0,0,3,0.47770464,0.32078996,0,0,adulto
ICB_03368_004,ICB_135,pneumonia,3M Littmann Classic II SE,70.0,0,0,3,0.55932957,0.46181595,0,0,adulto
ICB_03368_005,ICB_135,pneumonia,3M Littmann Classic II SE,70.0,0,0,3,0.55202293,0.3623692,0,0,adulto
ICB_03368_006,ICB_135,pneumonia,3M Littmann Classic II SE,70.0,0,0,3,0.6093474,0.40771374,1,0,adulto
ICB_03368_007,ICB_135,pneumonia,3M Littmann Classic II SE,70.0,0,0,3,0.5441457,0.29403713,0,0,adulto
ICB_03368_008,ICB_135,pneumonia,3M Littmann Classic II SE,70.0,0,0,3,0.52474517,0.38513282,0,0,adulto
ICB_03369_000,ICB_135,pneumonia,3M Littmann Classic II SE,70.0,1,0,3,0.8947698,0.2104939,1,1,adulto
ICB_03369_001,ICB_135,pneumonia,3M Littmann Classic II SE,70.0,1,0,3,0.6689118,0.22838698,1,1,adulto
ICB_03369_002,ICB_135,pneumonia,3M Littmann Classic II SE,70.0,1,0,3,0.67206055,0.27903044,1,1,adulto
ICB_03369_003,ICB_135,pneumonia,3M Littmann Classic II SE,70.0,1,0,3,0.585801,0.27770805,0,1,adulto
ICB_03369_004,ICB_135,pneumonia,3M Littmann Classic II SE,70.0,1,0,3,0.57228965,0.43168542,0,1,adulto
ICB_03369_005,ICB_135,pneumonia,3M Littmann Classic II SE,70.0,0,0,3,0.5326911,0.19195497,0,0,adulto
ICB_03369_006,ICB_135,pneumonia,3M Littmann Classic II SE,70.0,0,0,3,0.5781735,0.18367295,0,0,adulto
ICB_03369_007,ICB_135,pneumonia,3M Littmann Classic II SE,70.0,0,0,3,0.53433955,0.16950168,0,0,adulto
ICB_03369_008,ICB_135,pneumonia,3M Littmann Classic II SE,70.0,0,0,3,0.48418087,0.18108255,0,0,adulto
ICB_03370_000,ICB_135,pneumonia,3M Littmann Classic II SE,70.0,0,0,3,0.42328262,0.28981492,0,0,adulto
ICB_03370_001,ICB_135,pneumonia,3M Littmann Classic II SE,70.0,0,0,3,0.45639592,0.37732846,0,0,adulto
ICB_03370_002,ICB_135,pneumonia,3M Littmann Classic II SE,70.0,0,0,3,0.4686353,0.56470895,0,0,adulto
ICB_03370_003,ICB_135,pneumonia,3M Littmann Classic II SE,70.0,0,0,3,0.46721938,0.35356075,0,0,adulto
ICB_03370_004,ICB_135,pneumonia,3M Littmann Classic II SE,70.0,0,0,3,0.46015337,0.5503711,0,0,adulto
ICB_03370_005,ICB_135,pneumonia,3M Littmann Classic II SE,70.0,0,0,3,0.45762476,0.39434826,0,0,adulto
ICB_03370_006,ICB_135,pneumonia,3M Littmann Classic II SE,70.0,0,0,3,0.49199054,0.5252718,0,0,adulto
ICB_03370_007,ICB_135,pneumonia,3M Littmann Classic II SE,70.0,0,0,3,0.41207913,0.4227339,0,0,adulto
ICB_03370_008,ICB_135,pneumonia,3M Littmann Classic II SE,70.0,0,0,3,0.40812045,0.46472573,0,0,adulto
ICB_03371_000,ICB_135,pneumonia,3M Littmann Classic II SE,70.0,0,0,3,0.6534616,0.17225012,1,0,adulto
ICB_03371_001,ICB_135,pneumonia,3M Littmann Classic II SE,70.0,0,0,3,0.7084625,0.371153,1,0,adulto
ICB_03371_002,ICB_135,pneumonia,3M Littmann Classic II SE,70.0,0,0,3,0.6138059,0.43920743,1,0,adulto
ICB_03371_003,ICB_135,pneumonia,3M Littmann Classic II SE,70.0,0,0,3,0.5647858,0.3640249,0,0,adulto
ICB_03371_004,ICB_135,pneumonia,3M Littmann Classic II SE,70.0,0,0,3,0.5569295,0.434799,0,0,adulto
ICB_03371_005,ICB_135,pneumonia,3M Littmann Classic II SE,70.0,0,0,3,0.50408715,0.26773942,0,0,adulto
ICB_03371_006,ICB_135,pneumonia,3M Littmann Classic II SE,70.0,0,0,3,0.57747525,0.32858366,0,0,adulto
ICB_03371_007,ICB_135,pneumonia,3M Littmann Classic II SE,70.0,0,0,3,0.54454976,0.30065808,0,0,adulto
ICB_03372_000,ICB_135,pneumonia,3M Littmann Classic II SE,70.0,0,0,3,0.43951318,0.2655496,0,0,adulto
ICB_03372_001,ICB_135,pneumonia,3M Littmann Classic II SE,70.0,0,0,3,0.44184473,0.61794764,0,0,adulto
ICB_03372_002,ICB_135,pneumonia,3M Littmann Classic II SE,70.0,0,0,3,0.5769631,0.33222735,0,0,adulto
ICB_03372_003,ICB_135,pneumonia,3M Littmann Classic II SE,70.0,0,0,3,0.5588863,0.3490851,0,0,adulto
ICB_03372_004,ICB_135,pneumonia,3M Littmann Classic II SE,70.0,0,0,3,0.53549325,0.42979157,0,0,adulto
ICB_03372_005,ICB_135,pneumonia,3M Littmann Classic II SE,70.0,0,0,3,0.6349853,0.4031462,1,0,adulto
ICB_03372_006,ICB_135,pneumonia,3M Littmann Classic II SE,70.0,0,0,3,0.7347583,0.29693526,1,0,adulto
ICB_03372_007,ICB_135,pneumonia,3M Littmann Classic II SE,70.0,0,0,3,0.5143957,0.29391754,0,0,adulto
ICB_03373_000,ICB_135,pneumonia,3M Littmann Classic II SE,70.0,0,0,3,0.8932814,0.10310271,1,0,adulto
ICB_03373_001,ICB_135,pneumonia,3M Littmann Classic II SE,70.0,0,0,3,0.7097582,0.10296934,1,0,adulto
ICB_03373_002,ICB_135,pneumonia,3M Littmann Classic II SE,70.0,0,0,3,0.5466156,0.2514133,0,0,adulto
ICB_03373_003,ICB_135,pneumonia,3M Littmann Classic II SE,70.0,0,0,3,0.5141665,0.19550598,0,0,adulto
ICB_03373_004,ICB_135,pneumonia,3M Littmann Classic II SE,70.0,0,0,3,0.5850065,0.1624678,0,0,adulto
ICB_03373_005,ICB_135,pneumonia,3M Littmann Classic II SE,70.0,0,0,3,0.48722345,0.14633575,0,0,adulto
ICB_03373_006,ICB_135,pneumonia,3M Littmann Classic II SE,70.0,0,0,3,0.43617553,0.28145424,0,0,adulto
ICB_03374_000,ICB_135,pneumonia,3M Littmann Classic II SE,70.0,0,0,3,0.45196393,0.37472388,0,0,adulto
ICB_03374_001,ICB_135,pneumonia,3M Littmann Classic II SE,70.0,0,0,3,0.6373428,0.537273,1,0,adulto
ICB_03374_002,ICB_135,pneumonia,3M Littmann Classic II SE,70.0,0,0,3,0.45769548,0.45022178,0,0,adulto
ICB_03374_003,ICB_135,pneumonia,3M Littmann Classic II SE,70.0,0,0,3,0.46354043,0.4046077,0,0,adulto
ICB_03374_004,ICB_135,pneumonia,3M Littmann Classic II SE,70.0,0,0,3,0.44814053,0.43479776,0,0,adulto
ICB_03374_005,ICB_135,pneumonia,3M Littmann Classic II SE,70.0,0,0,3,0.37528583,0.358928,0,0,adulto
ICB_03374_006,ICB_135,pneumonia,3M Littmann Classic II SE,70.0,0,0,3,0.40978044,0.45003995,0,0,adulto
ICB_03374_007,ICB_135,pneumonia,3M Littmann Classic II SE,70.0,0,0,3,0.50274694,0.43397677,0,0,adulto
ICB_03375_000,ICB_135,pneumonia,3M Littmann Classic II SE,70.0,0,0,3,0.5231286,0.3446626,0,0,adulto
ICB_03375_001,ICB_135,pneumonia,3M Littmann Classic II SE,70.0,0,0,3,0.5654246,0.3635197,0,0,adulto
ICB_03375_002,ICB_135,pneumonia,3M Littmann Classic II SE,70.0,0,0,3,0.58195716,0.49403235,0,0,adulto
ICB_03375_003,ICB_135,pneumonia,3M Littmann Classic II SE,70.0,0,0,3,0.5495521,0.38541412,0,0,adulto
ICB_03375_004,ICB_135,pneumonia,3M Littmann Classic II SE,70.0,0,0,3,0.55897504,0.336634,0,0,adulto
ICB_03375_005,ICB_135,pneumonia,3M Littmann Classic II SE,70.0,0,0,3,0.6529992,0.37217006,1,0,adulto
ICB_03375_006,ICB_135,pneumonia,3M Littmann Classic II SE,70.0,0,0,3,0.7526804,0.2921282,1,0,adulto
ICB_03375_007,ICB_135,pneumonia,3M Littmann Classic II SE,70.0,0,0,3,0.75123715,0.2690039,1,0,adulto
ICB_03375_008,ICB_135,pneumonia,3M Littmann Classic II SE,70.0,0,0,3,0.46282476,0.292008,0,0,adulto
ICB_03376_000,ICB_135,pneumonia,3M Littmann Classic II SE,70.0,0,0,3,0.52057797,0.46614337,0,0,adulto
ICB_03376_001,ICB_135,pneumonia,3M Littmann Classic II SE,70.0,0,0,3,0.49211296,0.40250462,0,0,adulto
ICB_03376_002,ICB_135,pneumonia,3M Littmann Classic II SE,70.0,0,0,3,0.52208257,0.34942266,0,0,adulto
ICB_03376_003,ICB_135,pneumonia,3M Littmann Classic II SE,70.0,0,0,3,0.46211016,0.44708186,0,0,adulto
ICB_03376_004,ICB_135,pneumonia,3M Littmann Classic II SE,70.0,0,0,3,0.568969,0.32733548,0,0,adulto
ICB_03376_005,ICB_135,pneumonia,3M Littmann Classic II SE,70.0,0,0,3,0.54112065,0.36569315,0,0,adulto
ICB_03376_006,ICB_135,pneumonia,3M Littmann Classic II SE,70.0,0,0,3,0.45791408,0.34743673,0,0,adulto
ICB_03376_007,ICB_135,pneumonia,3M Littmann Classic II SE,70.0,0,0,3,0.48809025,0.48384476,0,0,adulto
ICB_03376_008,ICB_135,pneumonia,3M Littmann Classic II SE,70.0,0,0,3,0.46983042,0.22654897,0,0,adulto
ICB_03377_000,ICB_135,pneumonia,3M Littmann Classic II SE,70.0,0,0,3,0.47935927,0.14709933,0,0,adulto
ICB_03377_001,ICB_135,pneumonia,3M Littmann Classic II SE,70.0,0,0,3,0.59813,0.15944862,0,0,adulto
ICB_03377_002,ICB_135,pneumonia,3M Littmann Classic II SE,70.0,0,0,3,0.4313826,0.17070709,0,0,adulto
ICB_03377_003,ICB_135,pneumonia,3M Littmann Classic II SE,70.0,0,0,3,0.5110817,0.20762332,0,0,adulto
ICB_03377_004,ICB_135,pneumonia,3M Littmann Classic II SE,70.0,0,0,3,0.5191785,0.28948432,0,0,adulto
ICB_03377_005,ICB_135,pneumonia,3M Littmann Classic II SE,70.0,0,0,3,0.53259534,0.34169158,0,0,adulto
ICB_03377_006,ICB_135,pneumonia,3M Littmann Classic II SE,70.0,0,0,3,0.49370506,0.1598718,0,0,adulto
ICB_03377_007,ICB_135,pneumonia,3M Littmann Classic II SE,70.0,0,0,3,0.5182548,0.22952002,0,0,adulto
ICB_03377_008,ICB_135,pneumonia,3M Littmann Classic II SE,70.0,0,0,3,0.3721364,0.23228061,0,0,adulto
ICB_03378_000,ICB_135,pneumonia,3M Littmann Classic II SE,70.0,0,0,3,0.59888846,0.4244216,0,0,adulto
ICB_03378_001,ICB_135,pneumonia,3M Littmann Classic II SE,70.0,0,0,3,0.5668281,0.45709932,0,0,adulto
ICB_03378_002,ICB_135,pneumonia,3M Littmann Classic II SE,70.0,0,0,3,0.69552547,0.27584627,1,0,adulto
ICB_03378_003,ICB_135,pneumonia,3M Littmann Classic II SE,70.0,0,0,3,0.5286222,0.35281283,0,0,adulto
ICB_03378_004,ICB_135,pneumonia,3M Littmann Classic II SE,70.0,0,0,3,0.63008136,0.35410228,1,0,adulto
ICB_03378_005,ICB_135,pneumonia,3M Littmann Classic II SE,70.0,0,0,3,0.5496599,0.39853367,0,0,adulto
ICB_03378_006,ICB_135,pneumonia,3M Littmann Classic II SE,70.0,0,0,3,0.51082414,0.39787045,0,0,adulto
ICB_03378_007,ICB_135,pneumonia,3M Littmann Classic II SE,70.0,0,0,3,0.569642,0.49152365,0,0,adulto
ICB_03378_008,ICB_135,pneumonia,3M Littmann Classic II SE,70.0,0,0,3,0.4251721,0.40381998,0,0,adulto
ICB_03379_000,ICB_135,pneumonia,3M Littmann Classic II SE,70.0,0,0,3,0.38004515,0.45115992,0,0,adulto
ICB_03379_001,ICB_135,pneumonia,3M Littmann Classic II SE,70.0,0,0,3,0.40633392,0.6339651,0,0,adulto
ICB_03379_002,ICB_135,pneumonia,3M Littmann Classic II SE,70.0,0,0,3,0.3848926,0.37326738,0,0,adulto
ICB_03379_003,ICB_135,pneumonia,3M Littmann Classic II SE,70.0,0,0,3,0.38335517,0.35138085,0,0,adulto
ICB_03379_004,ICB_135,pneumonia,3M Littmann Classic II SE,70.0,0,0,3,0.45966992,0.4165336,0,0,adulto
ICB_03379_005,ICB_135,pneumonia,3M Littmann Classic II SE,70.0,0,0,3,0.47365934,0.48515126,0,0,adulto
ICB_03379_006,ICB_135,pneumonia,3M Littmann Classic II SE,70.0,0,0,3,0.4183575,0.43021312,0,0,adulto
ICB_03379_007,ICB_135,pneumonia,3M Littmann Classic II SE,70.0,0,0,3,0.3984574,0.49390635,0,0,adulto
ICB_03379_008,ICB_135,pneumonia,3M Littmann Classic II SE,70.0,0,0,3,0.40596974,0.28653696,0,0,adulto
ICB_03450_000,ICB_147,copd,AKG C417L Microphone,77.0,0,0,3,0.44264948,0.40061772,0,0,adulto
ICB_03450_001,ICB_147,copd,AKG C417L Microphone,77.0,0,0,3,0.45737246,0.31903133,0,0,adulto
ICB_03450_002,ICB_147,copd,AKG C417L Microphone,77.0,0,0,3,0.3577646,0.4817577,0,0,adulto
ICB_03450_003,ICB_147,copd,AKG C417L Microphone,77.0,0,0,3,0.4989421,0.44087842,0,0,adulto
ICB_03450_004,ICB_147,copd,AKG C417L Microphone,77.0,0,0,3,0.4431821,0.32763,0,0,adulto
ICB_03450_005,ICB_147,copd,AKG C417L Microphone,77.0,0,0,3,0.37364623,0.3286981,0,0,adulto
ICB_03450_006,ICB_147,copd,AKG C417L Microphone,77.0,0,0,3,0.3596289,0.40712208,0,0,adulto
ICB_03450_007,ICB_147,copd,AKG C417L Microphone,77.0,0,1,3,0.26440302,0.37947595,0,2,adulto
ICB_03450_008,ICB_147,copd,AKG C417L Microphone,77.0,0,1,3,0.3305512,0.3752181,0,2,adulto
ICB_03450_009,ICB_147,copd,AKG C417L Microphone,77.0,0,1,3,0.31916875,0.3433661,0,2,adulto
ICB_03450_010,ICB_147,copd,AKG C417L Microphone,77.0,0,1,3,0.35837397,0.4039921,0,2,adulto
ICB_03450_011,ICB_147,copd,AKG C417L Microphone,77.0,0,0,3,0.3164069,0.23443641,0,0,adulto
ICB_03451_000,ICB_147,copd,AKG C417L Microphone,77.0,0,0,3,0.41825077,0.4338841,0,0,adulto
ICB_03451_001,ICB_147,copd,AKG C417L Microphone,77.0,0,0,3,0.43294933,0.41250393,0,0,adulto
ICB_03451_002,ICB_147,copd,AKG C417L Microphone,77.0,1,0,3,0.404496,0.330414,0,1,adulto
ICB_03451_003,ICB_147,copd,AKG C417L Microphone,77.0,1,0,3,0.45152244,0.4572814,0,1,adulto
ICB_03451_004,ICB_147,copd,AKG C417L Microphone,77.0,0,0,3,0.44917062,0.33981094,0,0,adulto
ICB_03451_005,ICB_147,copd,AKG C417L Microphone,77.0,0,0,3,0.42577285,0.35826492,0,0,adulto
ICB_03451_006,ICB_147,copd,AKG C417L Microphone,77.0,0,0,3,0.32324713,0.34979036,0,0,adulto
ICB_03451_007,ICB_147,copd,AKG C417L Microphone,77.0,0,0,3,0.39996436,0.38716522,0,0,adulto
ICB_03451_008,ICB_147,copd,AKG C417L Microphone,77.0,0,0,3,0.37729275,0.43904582,0,0,adulto
ICB_03451_009,ICB_147,copd,AKG C417L Microphone,77.0,0,0,3,0.32009518,0.4026107,0,0,adulto
ICB_03451_010,ICB_147,copd,AKG C417L Microphone,77.0,0,0,3,0.40045562,0.32360047,0,0,adulto
ICB_03452_000,ICB_147,copd,AKG C417L Microphone,77.0,0,1,3,0.35812163,0.36322433,0,2,adulto
ICB_03452_001,ICB_147,copd,AKG C417L Microphone,77.0,0,1,3,0.43830714,0.48016867,0,2,adulto
ICB_03452_002,ICB_147,copd,AKG C417L Microphone,77.0,0,0,3,0.36968577,0.37190214,0,0,adulto
ICB_03452_003,ICB_147,copd,AKG C417L Microphone,77.0,0,1,3,0.32451263,0.35833162,0,2,adulto
ICB_03452_004,ICB_147,copd,AKG C417L Microphone,77.0,0,1,3,0.39735943,0.41788846,0,2,adulto
ICB_03452_005,ICB_147,copd,AKG C417L Microphone,77.0,0,1,3,0.38205382,0.2942549,0,2,adulto
ICB_03452_006,ICB_147,copd,AKG C417L Microphone,77.0,0,1,3,0.345856,0.44292918,0,2,adulto
ICB_03452_007,ICB_147,copd,AKG C417L Microphone,77.0,0,1,3,0.3880807,0.3521585,0,2,adulto
ICB_03452_008,ICB_147,copd,AKG C417L Microphone,77.0,0,1,3,0.43017197,0.26811925,0,2,adulto
ICB_03452_009,ICB_147,copd,AKG C417L Microphone,77.0,0,0,3,0.4827177,0.28395593,0,0,adulto
ICB_03452_010,ICB_147,copd,AKG C417L Microphone,77.0,0,1,3,0.45748946,0.38623163,0,2,adulto
ICB_03452_011,ICB_147,copd,AKG C417L Microphone,77.0,0,0,3,0.3602298,0.4430935,0,0,adulto
ICB_03452_012,ICB_147,copd,AKG C417L Microphone,77.0,0,0,3,0.3925852,0.45626295,0,0,adulto
ICB_03452_013,ICB_147,copd,AKG C417L Microphone,77.0,0,1,3,0.38133898,0.38766867,0,2,adulto
ICB_03452_014,ICB_147,copd,AKG C417L Microphone,77.0,0,0,3,0.39391762,0.343264,0,0,adulto
ICB_03453_000,ICB_147,copd,AKG C417L Microphone,77.0,0,1,3,0.7398583,0.9133366,1,2,adulto
ICB_03453_001,ICB_147,copd,AKG C417L Microphone,77.0,0,1,3,0.60635275,0.4761573,1,2,adulto
ICB_03453_002,ICB_147,copd,AKG C417L Microphone,77.0,0,1,3,0.5180961,0.92697626,0,2,adulto
ICB_03453_003,ICB_147,copd,AKG C417L Microphone,77.0,0,0,3,0.5916452,0.37177858,0,0,adulto
ICB_03453_004,ICB_147,copd,AKG C417L Microphone,77.0,0,0,3,0.5123168,0.2409821,0,0,adulto
ICB_03454_000,ICB_147,copd,AKG C417L Microphone,77.0,0,1,3,0.83362,0.76137006,1,2,adulto
ICB_03454_001,ICB_147,copd,AKG C417L Microphone,77.0,0,1,3,0.5838149,0.6501131,0,2,adulto
ICB_03454_002,ICB_147,copd,AKG C417L Microphone,77.0,0,1,3,0.4868003,0.92461646,0,2,adulto
ICB_03454_003,ICB_147,copd,AKG C417L Microphone,77.0,0,0,3,0.6096732,0.50989926,1,0,adulto
ICB_03454_004,ICB_147,copd,AKG C417L Microphone,77.0,0,0,3,0.57720315,0.40334624,0,0,adulto
ICB_03455_000,ICB_147,copd,AKG C417L Microphone,77.0,0,0,3,0.70010674,0.5099105,1,0,adulto
ICB_03455_001,ICB_147,copd,AKG C417L Microphone,77.0,0,1,3,0.7276717,0.89232,1,2,adulto
ICB_03455_002,ICB_147,copd,AKG C417L Microphone,77.0,0,1,3,0.719662,0.72738373,1,2,adulto
ICB_03455_003,ICB_147,copd,AKG C417L Microphone,77.0,0,1,3,0.7345534,0.5432642,1,2,adulto
ICB_03455_004,ICB_147,copd,AKG C417L Microphone,77.0,0,0,3,0.6317198,0.28670922,1,0,adulto
ICB_03456_000,ICB_147,copd,AKG C417L Microphone,77.0,0,0,3,0.8057991,0.6139375,1,0,adulto
ICB_03456_001,ICB_147,copd,AKG C417L Microphone,77.0,0,1,3,0.5489388,0.9718161,2,2,adulto
ICB_03456_002,ICB_147,copd,AKG C417L Microphone,77.0,0,0,3,0.7606126,0.32466683,1,0,adulto
ICB_03456_003,ICB_147,copd,AKG C417L Microphone,77.0,0,1,3,0.634985,0.35552233,1,2,adulto
ICB_03456_004,ICB_147,copd,AKG C417L Microphone,77.0,0,0,3,0.46666294,0.52553505,0,0,adulto
ICB_03457_000,ICB_147,copd,AKG C417L Microphone,77.0,0,0,3,0.703322,0.40307507,1,0,adulto
ICB_03457_001,ICB_147,copd,AKG C417L Microphone,77.0,0,1,3,0.58942276,0.84063977,0,2,adulto
ICB_03457_002,ICB_147,copd,AKG C417L Microphone,77.0,0,0,3,0.7665252,0.35679153,1,0,adulto
ICB_03457_003,ICB_147,copd,AKG C417L Microphone,77.0,0,0,3,0.6227781,0.504096,1,0,adulto
ICB_03457_004,ICB_147,copd,AKG C417L Microphone,77.0,0,0,3,0.49637738,0.35634625,0,0,adulto
ICB_03458_000,ICB_147,copd,AKG C417L Microphone,77.0,0,0,3,0.888493,0.54574406,1,0,adulto
ICB_03458_001,ICB_147,copd,AKG C417L Microphone,77.0,0,0,3,0.497065,0.8209502,0,0,adulto
ICB_03458_002,ICB_147,copd,AKG C417L Microphone,77.0,0,0,3,0.80396897,0.5626742,1,0,adulto
ICB_03458_003,ICB_147,copd,AKG C417L Microphone,77.0,0,0,3,0.7964478,0.6594525,1,0,adulto
ICB_03458_004,ICB_147,copd,AKG C417L Microphone,77.0,0,0,3,0.5763077,0.6666887,0,0,adulto
ICB_03459_000,ICB_147,copd,AKG C417L Microphone,77.0,0,0,3,0.47143468,0.5284389,0,0,adulto
ICB_03459_001,ICB_147,copd,AKG C417L Microphone,77.0,0,0,3,0.38596958,0.9928477,2,0,adulto
ICB_03459_002,ICB_147,copd,AKG C417L Microphone,77.0,0,0,3,0.4757338,0.38029468,0,0,adulto
ICB_03459_003,ICB_147,copd,AKG C417L Microphone,77.0,0,0,3,0.4135846,0.93644357,0,0,adulto
ICB_03459_004,ICB_147,copd,AKG C417L Microphone,77.0,0,0,3,0.3744473,0.5260304,0,0,adulto
ICB_03460_000,ICB_147,copd,AKG C417L Microphone,77.0,0,1,3,0.7369266,0.5857043,1,2,adulto
ICB_03460_001,ICB_147,copd,AKG C417L Microphone,77.0,0,1,3,0.7604216,0.9848407,3,2,adulto
ICB_03460_002,ICB_147,copd,AKG C417L Microphone,77.0,0,1,3,0.7704325,0.86654055,1,2,adulto
ICB_03460_003,ICB_147,copd,AKG C417L Microphone,77.0,0,1,3,0.7867924,0.93613577,1,2,adulto
ICB_03460_004,ICB_147,copd,AKG C417L Microphone,77.0,0,0,3,0.65788835,0.2599015,1,0,adulto
ICB_03461_000,ICB_147,copd,AKG C417L Microphone,77.0,0,0,3,0.5870077,0.5951455,0,0,adulto
ICB_03461_001,ICB_147,copd,AKG C417L Microphone,77.0,0,0,3,0.622075,0.27106756,1,0,adulto
ICB_03461_002,ICB_147,copd,AKG C417L Microphone,77.0,0,0,3,0.6745701,0.43334895,1,0,adulto
ICB_03461_003,ICB_147,copd,AKG C417L Microphone,77.0,0,0,3,0.58469784,0.3163411,0,0,adulto
ICB_03461_004,ICB_147,copd,AKG C417L Microphone,77.0,0,0,3,0.44156295,0.49356726,0,0,adulto
ICB_03462_000,ICB_147,copd,AKG C417L Microphone,77.0,0,0,3,0.6387605,0.49896622,1,0,adulto
ICB_03462_001,ICB_147,copd,AKG C417L Microphone,77.0,0,0,3,0.6212376,0.23818806,1,0,adulto
ICB_03462_002,ICB_147,copd,AKG C417L Microphone,77.0,0,0,3,0.69484216,0.29604593,1,0,adulto
ICB_03462_003,ICB_147,copd,AKG C417L Microphone,77.0,0,0,3,0.7020536,0.2841001,1,0,adulto
ICB_03462_004,ICB_147,copd,AKG C417L Microphone,77.0,0,0,3,0.50619966,0.41242915,0,0,adulto
ICB_03463_000,ICB_147,copd,AKG C417L Microphone,77.0,0,0,3,0.70221573,0.6066078,1,0,adulto
ICB_03463_001,ICB_147,copd,AKG C417L Microphone,77.0,0,0,3,0.71933025,0.3511548,1,0,adulto
ICB_03463_002,ICB_147,copd,AKG C417L Microphone,77.0,0,0,3,0.7915581,0.40362749,1,0,adulto
ICB_03463_003,ICB_147,copd,AKG C417L Microphone,77.0,0,0,3,0.8070232,0.57957846,1,0,adulto
ICB_03463_004,ICB_147,copd,AKG C417L Microphone,77.0,0,0,3,0.51856196,0.39676332,0,0,adulto
ICB_03464_000,ICB_147,copd,AKG C417L Microphone,77.0,0,0,3,0.42566183,0.58147043,0,0,adulto
ICB_03464_001,ICB_147,copd,AKG C417L Microphone,77.0,0,0,3,0.39926702,0.261253,0,0,adulto
ICB_03464_002,ICB_147,copd,AKG C417L Microphone,77.0,0,0,3,0.39311194,0.4007252,0,0,adulto
ICB_03464_003,ICB_147,copd,AKG C417L Microphone,77.0,0,0,3,0.26785153,0.40219593,0,0,adulto
ICB_03464_004,ICB_147,copd,AKG C417L Microphone,77.0,0,0,3,0.36083606,0.5493151,0,0,adulto
ICB_03465_000,ICB_147,copd,AKG C417L Microphone,77.0,0,1,3,0.79815626,0.7823175,1,2,adulto
ICB_03465_001,ICB_147,copd,AKG C417L Microphone,77.0,0,0,3,0.5885116,0.3725278,0,0,adulto
ICB_03465_002,ICB_147,copd,AKG C417L Microphone,77.0,0,0,3,0.87099504,0.31917024,1,0,adulto
ICB_03465_003,ICB_147,copd,AKG C417L Microphone,77.0,0,0,3,0.7910196,0.3047924,1,0,adulto
ICB_03465_004,ICB_147,copd,AKG C417L Microphone,77.0,0,0,3,0.60434353,0.4144629,1,0,adulto
ICB_03466_000,ICB_148,respiratory_infection,3M Littmann Classic II SE,4.0,0,0,3,0.15591016,0.10447297,0,0,pediátrico (<18)
ICB_03466_001,ICB_148,respiratory_infection,3M Littmann Classic II SE,4.0,0,0,3,0.31385177,0.17922689,0,0,pediátrico (<18)
ICB_03466_002,ICB_148,respiratory_infection,3M Littmann Classic II SE,4.0,0,0,3,0.31650272,0.21049722,0,0,pediátrico (<18)
ICB_03466_003,ICB_148,respiratory_infection,3M Littmann Classic II SE,4.0,0,0,3,0.23535131,0.14211792,0,0,pediátrico (<18)
ICB_03466_004,ICB_148,respiratory_infection,3M Littmann Classic II SE,4.0,0,0,3,0.17989925,0.08752267,0,0,pediátrico (<18)
ICB_03466_005,ICB_148,respiratory_infection,3M Littmann Classic II SE,4.0,0,0,3,0.22171295,0.18265578,0,0,pediátrico (<18)
ICB_03466_006,ICB_148,respiratory_infection,3M Littmann Classic II SE,4.0,0,0,3,0.27087665,0.14637722,0,0,pediátrico (<18)
ICB_03466_007,ICB_148,respiratory_infection,3M Littmann Classic II SE,4.0,0,0,3,0.24199529,0.10449042,0,0,pediátrico (<18)
ICB_03466_008,ICB_148,respiratory_infection,3M Littmann Classic II SE,4.0,0,0,3,0.26220614,0.1247743,0,0,pediátrico (<18)
ICB_03466_009,ICB_148,respiratory_infection,3M Littmann Classic II SE,4.0,0,0,3,0.23896058,0.2538756,0,0,pediátrico (<18)
ICB_03466_010,ICB_148,respiratory_infection,3M Littmann Classic II SE,4.0,0,0,3,0.2683906,0.16959587,0,0,pediátrico (<18)
ICB_03499_000,ICB_152,normal_lung,3M Littmann Classic II SE,16.0,0,0,3,0.4353721,0.26756993,0,0,pediátrico (<18)
ICB_03499_001,ICB_152,normal_lung,3M Littmann Classic II SE,16.0,0,0,3,0.58447164,0.28352064,0,0,pediátrico (<18)
ICB_03499_002,ICB_152,normal_lung,3M Littmann Classic II SE,16.0,0,0,3,0.53179973,0.40161023,0,0,pediátrico (<18)
ICB_03499_003,ICB_152,normal_lung,3M Littmann Classic II SE,16.0,0,0,3,0.54958564,0.29014945,0,0,pediátrico (<18)
ICB_03499_004,ICB_152,normal_lung,3M Littmann Classic II SE,16.0,0,0,3,0.5890537,0.3273626,0,0,pediátrico (<18)
ICB_03499_005,ICB_152,normal_lung,3M Littmann Classic II SE,16.0,0,0,3,0.5667111,0.3176728,0,0,pediátrico (<18)
ICB_03499_006,ICB_152,normal_lung,3M Littmann Classic II SE,16.0,0,0,3,0.58450615,0.3624601,0,0,pediátrico (<18)
ICB_03524_000,ICB_155,copd,3M Littmann Classic II SE,69.0,0,0,3,0.62652236,0.31580013,1,0,adulto
ICB_03524_001,ICB_155,copd,3M Littmann Classic II SE,69.0,0,0,3,0.5402237,0.4299302,0,0,adulto
ICB_03524_002,ICB_155,copd,3M Littmann Classic II SE,69.0,0,0,3,0.6070438,0.4606848,1,0,adulto
ICB_03524_003,ICB_155,copd,3M Littmann Classic II SE,69.0,0,0,3,0.54818124,0.35499343,0,0,adulto
ICB_03524_004,ICB_155,copd,3M Littmann Classic II SE,69.0,0,0,3,0.76890886,0.55737495,1,0,adulto
ICB_03524_005,ICB_155,copd,3M Littmann Classic II SE,69.0,0,0,3,0.52231055,0.4297927,0,0,adulto
ICB_03575_000,ICB_160,copd,AKG C417L Microphone,74.0,1,1,3,0.69392526,0.89518046,1,3,adulto
ICB_03575_001,ICB_160,copd,AKG C417L Microphone,74.0,1,1,3,0.6908815,0.8330301,1,3,adulto
ICB_03576_000,ICB_160,copd,AKG C417L Microphone,74.0,0,1,3,0.5806306,0.74457526,0,2,adulto
ICB_03576_001,ICB_160,copd,AKG C417L Microphone,74.0,0,1,3,0.6301326,0.6397082,1,2,adulto
ICB_03577_000,ICB_160,copd,AKG C417L Microphone,74.0,1,0,3,0.6886096,0.44490626,1,1,adulto
ICB_03577_001,ICB_160,copd,AKG C417L Microphone,74.0,0,1,3,0.70244706,0.45167127,1,2,adulto
ICB_03578_000,ICB_160,copd,AKG C417L Microphone,74.0,0,1,3,0.69159216,0.85119987,1,2,adulto
ICB_03578_001,ICB_160,copd,AKG C417L Microphone,74.0,0,1,3,0.7017907,0.62366134,1,2,adulto
ICB_03579_000,ICB_160,copd,AKG C417L Microphone,74.0,1,1,3,0.49818605,0.6075944,0,3,adulto
ICB_03579_001,ICB_160,copd,AKG C417L Microphone,74.0,0,1,3,0.6417827,0.39214844,1,2,adulto
ICB_03580_000,ICB_160,copd,AKG C417L Microphone,74.0,0,0,3,0.7851075,0.2839467,1,0,adulto
ICB_03580_001,ICB_160,copd,AKG C417L Microphone,74.0,0,1,3,0.86528146,0.35277757,1,2,adulto
ICB_03581_000,ICB_160,copd,AKG C417L Microphone,74.0,0,1,3,0.6593015,0.7721798,1,2,adulto
ICB_03581_001,ICB_160,copd,AKG C417L Microphone,74.0,1,1,3,0.7761661,0.8932901,1,3,adulto
ICB_03581_002,ICB_160,copd,AKG C417L Microphone,74.0,0,1,3,0.6315193,0.9491274,1,2,adulto
ICB_03581_003,ICB_160,copd,AKG C417L Microphone,74.0,0,1,3,0.56902635,0.89441365,0,2,adulto
ICB_03581_004,ICB_160,copd,AKG C417L Microphone,74.0,0,0,3,0.5115807,0.48831904,0,0,adulto
ICB_03582_000,ICB_160,copd,AKG C417L Microphone,74.0,0,1,3,0.6801951,0.7872667,1,2,adulto
ICB_03582_001,ICB_160,copd,AKG C417L Microphone,74.0,0,1,3,0.5286234,0.7042046,0,2,adulto
ICB_03582_002,ICB_160,copd,AKG C417L Microphone,74.0,0,1,3,0.596853,0.781307,0,2,adulto
ICB_03582_003,ICB_160,copd,AKG C417L Microphone,74.0,0,1,3,0.6250721,0.61831933,1,2,adulto
ICB_03582_004,ICB_160,copd,AKG C417L Microphone,74.0,0,0,3,0.62896657,0.44663164,1,0,adulto
ICB_03583_000,ICB_160,copd,AKG C417L Microphone,74.0,0,1,3,0.79462606,0.42182985,1,2,adulto
ICB_03583_001,ICB_160,copd,AKG C417L Microphone,74.0,0,1,3,0.8234006,0.5325081,1,2,adulto
ICB_03583_002,ICB_160,copd,AKG C417L Microphone,74.0,0,1,3,0.8546177,0.47630924,1,2,adulto
ICB_03583_003,ICB_160,copd,AKG C417L Microphone,74.0,0,1,3,0.8479549,0.30685863,1,2,adulto
ICB_03583_004,ICB_160,copd,AKG C417L Microphone,74.0,0,0,3,0.72189504,0.2619485,1,0,adulto
ICB_03584_000,ICB_160,copd,AKG C417L Microphone,74.0,0,1,3,0.653872,0.68640643,1,2,adulto
ICB_03584_001,ICB_160,copd,AKG C417L Microphone,74.0,1,1,3,0.5617656,0.4659206,0,3,adulto
ICB_03584_002,ICB_160,copd,AKG C417L Microphone,74.0,1,1,3,0.64885956,0.8822545,1,3,adulto
ICB_03584_003,ICB_160,copd,AKG C417L Microphone,74.0,0,1,3,0.6178443,0.5788878,1,2,adulto
ICB_03584_004,ICB_160,copd,AKG C417L Microphone,74.0,0,0,3,0.55252486,0.3652386,0,0,adulto
ICB_03585_000,ICB_160,copd,AKG C417L Microphone,74.0,1,1,3,0.5940229,0.39429808,0,3,adulto
ICB_03585_001,ICB_160,copd,AKG C417L Microphone,74.0,1,1,3,0.58498704,0.31610242,0,3,adulto
ICB_03585_002,ICB_160,copd,AKG C417L Microphone,74.0,1,1,3,0.6030062,0.9154415,1,3,adulto
ICB_03585_003,ICB_160,copd,AKG C417L Microphone,74.0,1,1,3,0.5599871,0.34519964,0,3,adulto
ICB_03585_004,ICB_160,copd,AKG C417L Microphone,74.0,1,0,3,0.5777079,0.23589058,0,1,adulto
ICB_03586_000,ICB_160,copd,AKG C417L Microphone,74.0,0,0,3,0.8002225,0.4106006,1,0,adulto
ICB_03586_001,ICB_160,copd,AKG C417L Microphone,74.0,0,1,3,0.778253,0.3304631,1,2,adulto
ICB_03586_002,ICB_160,copd,AKG C417L Microphone,74.0,0,1,3,0.8004843,0.61203367,1,2,adulto
ICB_03586_003,ICB_160,copd,AKG C417L Microphone,74.0,0,1,3,0.84796774,0.37917787,1,2,adulto
ICB_03586_004,ICB_160,copd,AKG C417L Microphone,74.0,0,0,3,0.7303224,0.38727504,1,0,adulto
ICB_03587_000,ICB_160,copd,AKG C417L Microphone,74.0,1,1,3,0.7833279,0.3797131,1,3,adulto
ICB_03587_001,ICB_160,copd,AKG C417L Microphone,74.0,1,1,3,0.68440866,0.8791922,1,3,adulto
ICB_03587_002,ICB_160,copd,AKG C417L Microphone,74.0,1,1,3,0.8148152,0.7910681,1,3,adulto
ICB_03587_003,ICB_160,copd,AKG C417L Microphone,74.0,1,1,3,0.8592265,0.86374193,1,3,adulto
ICB_03588_000,ICB_160,copd,AKG C417L Microphone,74.0,0,1,3,0.6534378,0.6135191,1,2,adulto
ICB_03588_001,ICB_160,copd,AKG C417L Microphone,74.0,0,1,3,0.62597626,0.70442915,1,2,adulto
ICB_03588_002,ICB_160,copd,AKG C417L Microphone,74.0,1,1,3,0.65380657,0.68654984,1,3,adulto
ICB_03588_003,ICB_160,copd,AKG C417L Microphone,74.0,1,1,3,0.63353604,0.620405,1,3,adulto
ICB_03589_000,ICB_160,copd,AKG C417L Microphone,74.0,0,1,3,0.73516387,0.46020463,1,2,adulto
ICB_03589_001,ICB_160,copd,AKG C417L Microphone,74.0,0,1,3,0.8586543,0.3777035,1,2,adulto
ICB_03589_002,ICB_160,copd,AKG C417L Microphone,74.0,0,1,3,0.8631735,0.33676404,1,2,adulto
ICB_03589_003,ICB_160,copd,AKG C417L Microphone,74.0,0,1,3,0.8410307,0.45751166,1,2,adulto
ICB_03590_000,ICB_160,copd,AKG C417L Microphone,74.0,0,1,3,0.6263143,0.6541659,1,2,adulto
ICB_03590_001,ICB_160,copd,AKG C417L Microphone,74.0,1,1,3,0.54918367,0.6034965,0,3,adulto
ICB_03590_002,ICB_160,copd,AKG C417L Microphone,74.0,0,1,3,0.64006215,0.7438386,1,2,adulto
ICB_03590_003,ICB_160,copd,AKG C417L Microphone,74.0,0,1,3,0.5876253,0.73706704,0,2,adulto
ICB_03591_000,ICB_160,copd,AKG C417L Microphone,74.0,1,1,3,0.59459543,0.2915272,0,3,adulto
ICB_03591_001,ICB_160,copd,AKG C417L Microphone,74.0,1,1,3,0.5610603,0.22404023,0,3,adulto
ICB_03591_002,ICB_160,copd,AKG C417L Microphone,74.0,1,0,3,0.68486774,0.3015674,1,1,adulto
ICB_03591_003,ICB_160,copd,AKG C417L Microphone,74.0,1,0,3,0.6073945,0.3199444,1,1,adulto
ICB_03592_000,ICB_160,copd,AKG C417L Microphone,74.0,0,1,3,0.8126746,0.39580652,1,2,adulto
ICB_03592_001,ICB_160,copd,AKG C417L Microphone,74.0,0,1,3,0.75633836,0.4535734,1,2,adulto
ICB_03592_002,ICB_160,copd,AKG C417L Microphone,74.0,0,1,3,0.9186544,0.34992424,1,2,adulto
ICB_03592_003,ICB_160,copd,AKG C417L Microphone,74.0,0,1,3,0.71440506,0.659486,1,2,adulto
ICB_03593_000,ICB_160,copd,AKG C417L Microphone,74.0,0,0,3,0.7224,0.29662514,1,0,adulto
ICB_03593_001,ICB_160,copd,AKG C417L Microphone,74.0,0,0,3,0.59905994,0.32894242,0,0,adulto
ICB_03593_002,ICB_160,copd,AKG C417L Microphone,74.0,0,0,3,0.7178068,0.94428885,1,0,adulto
ICB_03593_003,ICB_160,copd,AKG C417L Microphone,74.0,1,0,3,0.7137693,0.26202488,1,1,adulto
ICB_03593_004,ICB_160,copd,AKG C417L Microphone,74.0,0,0,3,0.6099112,0.31741703,1,0,adulto
ICB_03593_005,ICB_160,copd,AKG C417L Microphone,74.0,0,0,3,0.65672016,0.28890204,1,0,adulto
ICB_03593_006,ICB_160,copd,AKG C417L Microphone,74.0,0,0,3,0.6304904,0.3199524,1,0,adulto
ICB_03594_000,ICB_160,copd,AKG C417L Microphone,74.0,1,0,3,0.66938853,0.26488268,1,1,adulto
ICB_03594_001,ICB_160,copd,AKG C417L Microphone,74.0,1,0,3,0.6404839,0.33689168,1,1,adulto
ICB_03594_002,ICB_160,copd,AKG C417L Microphone,74.0,1,0,3,0.6724153,0.32160234,1,1,adulto
ICB_03594_003,ICB_160,copd,AKG C417L Microphone,74.0,1,0,3,0.75516987,0.409629,1,1,adulto
ICB_03594_004,ICB_160,copd,AKG C417L Microphone,74.0,1,0,3,0.7683546,0.2498975,1,1,adulto
ICB_03594_005,ICB_160,copd,AKG C417L Microphone,74.0,1,0,3,0.66308284,0.2866644,1,1,adulto
ICB_03594_006,ICB_160,copd,AKG C417L Microphone,74.0,1,0,3,0.6980056,0.33531597,1,1,adulto
ICB_03595_000,ICB_160,copd,AKG C417L Microphone,74.0,1,0,3,0.8168925,0.24844855,1,1,adulto
ICB_03595_001,ICB_160,copd,AKG C417L Microphone,74.0,1,0,3,0.7190829,0.3677129,1,1,adulto
ICB_03595_002,ICB_160,copd,AKG C417L Microphone,74.0,1,0,3,0.7827184,0.31228736,1,1,adulto
ICB_03595_003,ICB_160,copd,AKG C417L Microphone,74.0,1,0,3,0.79228276,0.2235334,1,1,adulto
ICB_03595_004,ICB_160,copd,AKG C417L Microphone,74.0,1,0,3,0.7116027,0.2932426,1,1,adulto
ICB_03595_005,ICB_160,copd,AKG C417L Microphone,74.0,1,0,3,0.7195857,0.38443816,1,1,adulto
ICB_03595_006,ICB_160,copd,AKG C417L Microphone,74.0,1,0,3,0.76807207,0.17384914,1,1,adulto
ICB_03596_000,ICB_160,copd,AKG C417L Microphone,74.0,1,0,3,0.7046755,0.3017795,1,1,adulto
ICB_03596_001,ICB_160,copd,AKG C417L Microphone,74.0,1,0,3,0.75925976,0.2747701,1,1,adulto
ICB_03596_002,ICB_160,copd,AKG C417L Microphone,74.0,1,0,3,0.7764416,0.19007881,1,1,adulto
ICB_03596_003,ICB_160,copd,AKG C417L Microphone,74.0,1,0,3,0.7018453,0.28498343,1,1,adulto
ICB_03596_004,ICB_160,copd,AKG C417L Microphone,74.0,1,0,3,0.7035223,0.19474496,1,1,adulto
ICB_03596_005,ICB_160,copd,AKG C417L Microphone,74.0,1,0,3,0.7664995,0.23951887,1,1,adulto
ICB_03596_006,ICB_160,copd,AKG C417L Microphone,74.0,1,0,3,0.60073763,0.18624659,1,1,adulto
ICB_03597_000,ICB_160,copd,AKG C417L Microphone,74.0,0,0,3,0.5302621,0.6392017,0,0,adulto
ICB_03597_001,ICB_160,copd,AKG C417L Microphone,74.0,0,0,3,0.45350558,0.6737175,0,0,adulto
ICB_03597_002,ICB_160,copd,AKG C417L Microphone,74.0,0,0,3,0.4680868,0.7709033,0,0,adulto
ICB_03597_003,ICB_160,copd,AKG C417L Microphone,74.0,0,0,3,0.47992295,0.7070162,0,0,adulto
ICB_03597_004,ICB_160,copd,AKG C417L Microphone,74.0,0,0,3,0.47788736,0.85064083,0,0,adulto
ICB_03597_005,ICB_160,copd,AKG C417L Microphone,74.0,0,0,3,0.6132241,0.59916353,1,0,adulto
ICB_03597_006,ICB_160,copd,AKG C417L Microphone,74.0,0,0,3,0.40303358,0.63118833,0,0,adulto
ICB_03624_000,ICB_163,copd,AKG C417L Microphone,62.0,0,0,3,0.36770025,0.39162853,0,0,adulto
ICB_03624_001,ICB_163,copd,AKG C417L Microphone,62.0,0,0,3,0.48834234,0.57762796,0,0,adulto
ICB_03624_002,ICB_163,copd,AKG C417L Microphone,62.0,0,0,3,0.54341894,0.41437805,0,0,adulto
ICB_03624_003,ICB_163,copd,AKG C417L Microphone,62.0,0,0,3,0.53367424,0.58519137,0,0,adulto
ICB_03624_004,ICB_163,copd,AKG C417L Microphone,62.0,0,0,3,0.4864591,0.6381745,0,0,adulto
ICB_03625_000,ICB_163,copd,AKG C417L Microphone,62.0,0,0,3,0.2968066,0.32812843,0,0,adulto
ICB_03625_001,ICB_163,copd,AKG C417L Microphone,62.0,0,0,3,0.45209265,0.48324248,0,0,adulto
ICB_03625_002,ICB_163,copd,AKG C417L Microphone,62.0,0,0,3,0.48447543,0.6382799,0,0,adulto
ICB_03625_003,ICB_163,copd,AKG C417L Microphone,62.0,0,0,3,0.47214162,0.6071921,0,0,adulto
ICB_03625_004,ICB_163,copd,AKG C417L Microphone,62.0,0,0,3,0.50520664,0.7469233,0,0,adulto
ICB_03626_000,ICB_163,copd,AKG C417L Microphone,62.0,0,0,3,0.5251889,0.2507912,0,0,adulto
ICB_03626_001,ICB_163,copd,AKG C417L Microphone,62.0,1,0,3,0.71969485,0.34354332,1,1,adulto
ICB_03626_002,ICB_163,copd,AKG C417L Microphone,62.0,1,0,3,0.7770248,0.45931944,1,1,adulto
ICB_03626_003,ICB_163,copd,AKG C417L Microphone,62.0,0,0,3,0.59812814,0.40082195,0,0,adulto
ICB_03626_004,ICB_163,copd,AKG C417L Microphone,62.0,0,0,3,0.6394807,0.32597727,1,0,adulto
ICB_03627_000,ICB_163,copd,AKG C417L Microphone,62.0,1,0,3,0.35682315,0.44221216,0,1,adulto
ICB_03627_001,ICB_163,copd,AKG C417L Microphone,62.0,0,0,3,0.70976794,0.4336161,1,0,adulto
ICB_03627_002,ICB_163,copd,AKG C417L Microphone,62.0,1,0,3,0.7448329,0.2564755,1,1,adulto
ICB_03627_003,ICB_163,copd,AKG C417L Microphone,62.0,1,0,3,0.67074925,0.2949736,1,1,adulto
ICB_03627_004,ICB_163,copd,AKG C417L Microphone,62.0,0,0,3,0.6830562,0.30313772,1,0,adulto
ICB_03628_000,ICB_163,copd,AKG C417L Microphone,62.0,1,0,3,0.59108794,0.28706697,0,1,adulto
ICB_03628_001,ICB_163,copd,AKG C417L Microphone,62.0,1,0,3,0.81259835,0.17893153,1,1,adulto
ICB_03628_002,ICB_163,copd,AKG C417L Microphone,62.0,0,0,3,0.8374206,0.15470812,1,0,adulto
ICB_03628_003,ICB_163,copd,AKG C417L Microphone,62.0,0,0,3,0.8717165,0.1825013,1,0,adulto
ICB_03628_004,ICB_163,copd,AKG C417L Microphone,62.0,0,0,3,0.90356576,0.3876769,1,0,adulto
ICB_03629_000,ICB_163,copd,AKG C417L Microphone,62.0,0,0,3,0.36906758,0.5624916,0,0,adulto
ICB_03629_001,ICB_163,copd,AKG C417L Microphone,62.0,0,0,3,0.49272642,0.5310909,0,0,adulto
ICB_03629_002,ICB_163,copd,AKG C417L Microphone,62.0,0,0,3,0.5157958,0.5420121,0,0,adulto
ICB_03629_003,ICB_163,copd,AKG C417L Microphone,62.0,0,0,3,0.5109873,0.5857396,0,0,adulto
ICB_03629_004,ICB_163,copd,AKG C417L Microphone,62.0,0,0,3,0.573043,0.5449429,0,0,adulto
ICB_03630_000,ICB_163,copd,AKG C417L Microphone,62.0,0,0,3,0.33658126,0.33470434,0,0,adulto
ICB_03630_001,ICB_163,copd,AKG C417L Microphone,62.0,0,0,3,0.45160154,0.27418688,0,0,adulto
ICB_03630_002,ICB_163,copd,AKG C417L Microphone,62.0,0,0,3,0.42273152,0.41710457,0,0,adulto
ICB_03630_003,ICB_163,copd,AKG C417L Microphone,62.0,0,0,3,0.3844603,0.39853513,0,0,adulto
ICB_03630_004,ICB_163,copd,AKG C417L Microphone,62.0,0,0,3,0.4152989,0.5477478,0,0,adulto
ICB_03631_000,ICB_163,copd,AKG C417L Microphone,62.0,0,0,3,0.49929327,0.3726412,0,0,adulto
ICB_03631_001,ICB_163,copd,AKG C417L Microphone,62.0,0,0,3,0.578079,0.52262366,0,0,adulto
ICB_03631_002,ICB_163,copd,AKG C417L Microphone,62.0,0,0,3,0.5026288,0.5235181,0,0,adulto
ICB_03631_003,ICB_163,copd,AKG C417L Microphone,62.0,0,0,3,0.53101605,0.5631831,0,0,adulto
ICB_03631_004,ICB_163,copd,AKG C417L Microphone,62.0,0,0,3,0.4833182,0.5869027,0,0,adulto
ICB_03631_005,ICB_163,copd,AKG C417L Microphone,62.0,0,0,3,0.5502979,0.5566162,0,0,adulto
ICB_03632_000,ICB_163,copd,AKG C417L Microphone,62.0,0,0,3,0.44799545,0.373869,0,0,adulto
ICB_03632_001,ICB_163,copd,AKG C417L Microphone,62.0,0,0,3,0.5285375,0.4662819,0,0,adulto
ICB_03632_002,ICB_163,copd,AKG C417L Microphone,62.0,0,0,3,0.49484706,0.5835072,0,0,adulto
ICB_03632_003,ICB_163,copd,AKG C417L Microphone,62.0,0,0,3,0.5278128,0.55232024,0,0,adulto
ICB_03632_004,ICB_163,copd,AKG C417L Microphone,62.0,0,0,3,0.5031894,0.49853072,0,0,adulto
ICB_03632_005,ICB_163,copd,AKG C417L Microphone,62.0,0,0,3,0.51443875,0.6586503,0,0,adulto
ICB_03633_000,ICB_163,copd,AKG C417L Microphone,62.0,0,0,3,0.7648003,0.48852685,1,0,adulto
ICB_03633_001,ICB_163,copd,AKG C417L Microphone,62.0,0,0,3,0.7528641,0.8176156,1,0,adulto
ICB_03633_002,ICB_163,copd,AKG C417L Microphone,62.0,0,0,3,0.76638806,0.7582564,1,0,adulto
ICB_03633_003,ICB_163,copd,AKG C417L Microphone,62.0,0,0,3,0.75705385,0.7562369,1,0,adulto
ICB_03633_004,ICB_163,copd,AKG C417L Microphone,62.0,0,0,3,0.6759203,0.6557837,1,0,adulto
ICB_03633_005,ICB_163,copd,AKG C417L Microphone,62.0,0,0,3,0.85852665,0.65303624,1,0,adulto
ICB_03634_000,ICB_163,copd,AKG C417L Microphone,62.0,0,0,3,0.24424505,0.4474291,0,0,adulto
ICB_03634_001,ICB_163,copd,AKG C417L Microphone,62.0,0,0,3,0.31736133,0.67614883,0,0,adulto
ICB_03634_002,ICB_163,copd,AKG C417L Microphone,62.0,0,0,3,0.21713707,0.21415496,0,0,adulto
ICB_03634_003,ICB_163,copd,AKG C417L Microphone,62.0,0,0,3,0.32179964,0.46974897,0,0,adulto
ICB_03634_004,ICB_163,copd,AKG C417L Microphone,62.0,0,0,3,0.25987345,0.32057214,0,0,adulto
ICB_03634_005,ICB_163,copd,AKG C417L Microphone,62.0,0,0,3,0.2999808,0.6512221,0,0,adulto
ICB_03635_000,ICB_163,copd,AKG C417L Microphone,62.0,0,0,3,0.65529925,0.7618865,1,0,adulto
ICB_03635_001,ICB_163,copd,AKG C417L Microphone,62.0,0,0,3,0.7200939,0.55959904,1,0,adulto
ICB_03635_002,ICB_163,copd,AKG C417L Microphone,62.0,0,0,3,0.8527241,0.5786434,1,0,adulto
ICB_03635_003,ICB_163,copd,AKG C417L Microphone,62.0,0,0,3,0.7475729,0.45466483,1,0,adulto
ICB_03635_004,ICB_163,copd,AKG C417L Microphone,62.0,0,0,3,0.7267586,0.40624195,1,0,adulto
ICB_03635_005,ICB_163,copd,AKG C417L Microphone,62.0,0,0,3,0.74989474,0.6620404,1,0,adulto
ICB_03636_000,ICB_163,copd,AKG C417L Microphone,62.0,0,0,3,0.75551015,0.5120648,1,0,adulto
ICB_03636_001,ICB_163,copd,AKG C417L Microphone,62.0,0,0,3,0.740627,0.4213342,1,0,adulto
ICB_03636_002,ICB_163,copd,AKG C417L Microphone,62.0,0,0,3,0.7726535,0.3520686,1,0,adulto
ICB_03636_003,ICB_163,copd,AKG C417L Microphone,62.0,0,0,3,0.56543845,0.4829069,0,0,adulto
ICB_03636_004,ICB_163,copd,AKG C417L Microphone,62.0,0,0,3,0.573137,0.28033856,0,0,adulto
ICB_03636_005,ICB_163,copd,AKG C417L Microphone,62.0,0,0,3,0.57894003,0.3833878,0,0,adulto
ICB_03646_000,ICB_167,bronchiolitis_asthma,3M Littmann Classic II SE,1.0,0,0,3,0.6296574,0.31088346,1,0,pediátrico (<18)
ICB_03646_001,ICB_167,bronchiolitis_asthma,3M Littmann Classic II SE,1.0,0,0,3,0.30770126,0.15188082,0,0,pediátrico (<18)
ICB_03646_002,ICB_167,bronchiolitis_asthma,3M Littmann Classic II SE,1.0,0,0,3,0.40462285,0.16032727,0,0,pediátrico (<18)
ICB_03646_003,ICB_167,bronchiolitis_asthma,3M Littmann Classic II SE,1.0,0,0,3,0.3389552,0.14350602,0,0,pediátrico (<18)
ICB_03646_004,ICB_167,bronchiolitis_asthma,3M Littmann Classic II SE,1.0,0,0,3,0.35634556,0.1622727,0,0,pediátrico (<18)
ICB_03646_005,ICB_167,bronchiolitis_asthma,3M Littmann Classic II SE,1.0,0,0,3,0.2455878,0.158614,0,0,pediátrico (<18)
ICB_03646_006,ICB_167,bronchiolitis_asthma,3M Littmann Classic II SE,1.0,0,0,3,0.38697284,0.10910598,0,0,pediátrico (<18)
ICB_03646_007,ICB_167,bronchiolitis_asthma,3M Littmann Classic II SE,1.0,0,0,3,0.3357825,0.19399466,0,0,pediátrico (<18)
ICB_03646_008,ICB_167,bronchiolitis_asthma,3M Littmann Classic II SE,1.0,0,0,3,0.33598045,0.16148575,0,0,pediátrico (<18)
ICB_03646_009,ICB_167,bronchiolitis_asthma,3M Littmann Classic II SE,1.0,0,0,3,0.31043786,0.15244098,0,0,pediátrico (<18)
ICB_03646_010,ICB_167,bronchiolitis_asthma,3M Littmann Classic II SE,1.0,0,0,3,0.3250442,0.13939111,0,0,pediátrico (<18)
ICB_03646_011,ICB_167,bronchiolitis_asthma,3M Littmann Classic II SE,1.0,0,0,3,0.35970923,0.14768991,0,0,pediátrico (<18)
ICB_03646_012,ICB_167,bronchiolitis_asthma,3M Littmann Classic II SE,1.0,0,0,3,0.2843585,0.15212758,0,0,pediátrico (<18)
ICB_03647_000,ICB_167,bronchiolitis_asthma,3M Littmann Classic II SE,1.0,0,0,3,0.6028165,0.34981278,1,0,pediátrico (<18)
ICB_03647_001,ICB_167,bronchiolitis_asthma,3M Littmann Classic II SE,1.0,0,1,3,0.44890785,0.67960536,0,2,pediátrico (<18)
ICB_03647_002,ICB_167,bronchiolitis_asthma,3M Littmann Classic II SE,1.0,0,1,3,0.46573478,0.4800159,0,2,pediátrico (<18)
ICB_03647_003,ICB_167,bronchiolitis_asthma,3M Littmann Classic II SE,1.0,0,0,3,0.49269098,0.16976468,0,0,pediátrico (<18)
ICB_03647_004,ICB_167,bronchiolitis_asthma,3M Littmann Classic II SE,1.0,0,1,3,0.45243928,0.7097858,0,2,pediátrico (<18)
ICB_03647_005,ICB_167,bronchiolitis_asthma,3M Littmann Classic II SE,1.0,0,1,3,0.3790417,0.64381284,0,2,pediátrico (<18)
ICB_03647_006,ICB_167,bronchiolitis_asthma,3M Littmann Classic II SE,1.0,0,1,3,0.45726168,0.7304924,0,2,pediátrico (<18)
ICB_03647_007,ICB_167,bronchiolitis_asthma,3M Littmann Classic II SE,1.0,0,0,3,0.4002149,0.19055897,0,0,pediátrico (<18)
ICB_03647_008,ICB_167,bronchiolitis_asthma,3M Littmann Classic II SE,1.0,0,0,3,0.482589,0.26627135,0,0,pediátrico (<18)
ICB_03647_009,ICB_167,bronchiolitis_asthma,3M Littmann Classic II SE,1.0,0,1,3,0.42829794,0.5856837,0,2,pediátrico (<18)
ICB_03647_010,ICB_167,bronchiolitis_asthma,3M Littmann Classic II SE,1.0,0,1,3,0.5295475,0.7768959,0,2,pediátrico (<18)
ICB_03647_011,ICB_167,bronchiolitis_asthma,3M Littmann Classic II SE,1.0,0,0,3,0.50336224,0.17408004,0,0,pediátrico (<18)
ICB_03647_012,ICB_167,bronchiolitis_asthma,3M Littmann Classic II SE,1.0,0,0,3,0.49694762,0.2058017,0,0,pediátrico (<18)
ICB_03647_013,ICB_167,bronchiolitis_asthma,3M Littmann Classic II SE,1.0,0,0,3,0.5792943,0.61485785,0,0,pediátrico (<18)
ICB_03647_014,ICB_167,bronchiolitis_asthma,3M Littmann Classic II SE,1.0,0,1,3,0.51912415,0.59045535,0,2,pediátrico (<18)
ICB_03807_000,ICB_182,normal_lung,3M Littmann Classic II SE,11.0,1,0,3,0.55201465,0.40289053,0,1,pediátrico (<18)
ICB_03807_001,ICB_182,normal_lung,3M Littmann Classic II SE,11.0,1,0,3,0.55597174,0.2659506,0,1,pediátrico (<18)
ICB_03807_002,ICB_182,normal_lung,3M Littmann Classic II SE,11.0,0,0,3,0.4113864,0.35645527,0,0,pediátrico (<18)
ICB_03807_003,ICB_182,normal_lung,3M Littmann Classic II SE,11.0,1,0,3,0.32505107,0.37067333,0,1,pediátrico (<18)
ICB_03807_004,ICB_182,normal_lung,3M Littmann Classic II SE,11.0,0,0,3,0.42649278,0.4912563,0,0,pediátrico (<18)
ICB_03807_005,ICB_182,normal_lung,3M Littmann Classic II SE,11.0,1,0,3,0.62104225,0.3017951,1,1,pediátrico (<18)
ICB_03807_006,ICB_182,normal_lung,3M Littmann Classic II SE,11.0,1,0,3,0.50719273,0.33138308,0,1,pediátrico (<18)
ICB_03811_000,ICB_185,copd,3M Littmann 3200 Electronic,75.0,0,0,3,0.5541455,0.7320319,0,0,adulto
ICB_03811_001,ICB_185,copd,3M Littmann 3200 Electronic,75.0,0,0,3,0.5924647,0.8265003,0,0,adulto
ICB_03811_002,ICB_185,copd,3M Littmann 3200 Electronic,75.0,0,0,3,0.57308674,0.8221428,0,0,adulto
ICB_03811_003,ICB_185,copd,3M Littmann 3200 Electronic,75.0,0,0,3,0.51149696,0.9167414,0,0,adulto
ICB_03811_004,ICB_185,copd,3M Littmann 3200 Electronic,75.0,0,0,3,0.7365219,0.9287283,1,0,adulto
ICB_03811_005,ICB_185,copd,3M Littmann 3200 Electronic,75.0,0,0,3,0.48015514,0.93761545,0,0,adulto
ICB_03811_006,ICB_185,copd,3M Littmann 3200 Electronic,75.0,0,0,3,0.47259113,0.8939345,0,0,adulto
ICB_03812_000,ICB_185,copd,3M Littmann 3200 Electronic,75.0,0,0,3,0.55516994,0.60813177,0,0,adulto
ICB_03812_001,ICB_185,copd,3M Littmann 3200 Electronic,75.0,0,0,3,0.38577718,0.7937439,0,0,adulto
ICB_03812_002,ICB_185,copd,3M Littmann 3200 Electronic,75.0,0,0,3,0.4585554,0.8420194,0,0,adulto
ICB_03812_003,ICB_185,copd,3M Littmann 3200 Electronic,75.0,0,0,3,0.448384,0.88294464,0,0,adulto
ICB_03812_004,ICB_185,copd,3M Littmann 3200 Electronic,75.0,0,0,3,0.5052844,0.65267426,0,0,adulto
ICB_03812_005,ICB_185,copd,3M Littmann 3200 Electronic,75.0,0,0,3,0.45850873,0.9309499,0,0,adulto
ICB_03812_006,ICB_185,copd,3M Littmann 3200 Electronic,75.0,0,0,3,0.43827948,0.52985525,0,0,adulto
ICB_03812_007,ICB_185,copd,3M Littmann 3200 Electronic,75.0,0,0,3,0.42797604,0.6288962,0,0,adulto
ICB_03812_008,ICB_185,copd,3M Littmann 3200 Electronic,75.0,0,0,3,0.4657597,0.68663305,0,0,adulto
ICB_03812_009,ICB_185,copd,3M Littmann 3200 Electronic,75.0,0,0,3,0.36566123,0.8806762,0,0,adulto
ICB_03812_010,ICB_185,copd,3M Littmann 3200 Electronic,75.0,0,0,3,0.38166457,0.87083596,0,0,adulto
ICB_03813_000,ICB_185,copd,3M Littmann 3200 Electronic,75.0,0,0,3,0.5721491,0.92293656,0,0,adulto
ICB_03813_001,ICB_185,copd,3M Littmann 3200 Electronic,75.0,0,0,3,0.6448374,0.89880943,1,0,adulto
ICB_03813_002,ICB_185,copd,3M Littmann 3200 Electronic,75.0,0,0,3,0.6027063,0.94861454,1,0,adulto
ICB_03813_003,ICB_185,copd,3M Littmann 3200 Electronic,75.0,0,0,3,0.5697592,0.94045645,0,0,adulto
ICB_03813_004,ICB_185,copd,3M Littmann 3200 Electronic,75.0,0,0,3,0.67794025,0.57521015,1,0,adulto
ICB_03813_005,ICB_185,copd,3M Littmann 3200 Electronic,75.0,0,0,3,0.5711933,0.9437095,0,0,adulto
ICB_03813_006,ICB_185,copd,3M Littmann 3200 Electronic,75.0,0,0,3,0.5157893,0.61220247,0,0,adulto
ICB_03813_007,ICB_185,copd,3M Littmann 3200 Electronic,75.0,0,0,3,0.53839743,0.8807063,0,0,adulto
ICB_03813_008,ICB_185,copd,3M Littmann 3200 Electronic,75.0,0,1,3,0.67519003,0.722514,1,2,adulto
ICB_03813_009,ICB_185,copd,3M Littmann 3200 Electronic,75.0,0,0,3,0.38829646,0.9284127,0,0,adulto
ICB_03814_000,ICB_185,copd,3M Littmann 3200 Electronic,75.0,0,0,3,0.58273524,0.9157146,0,0,adulto
ICB_03814_001,ICB_185,copd,3M Littmann 3200 Electronic,75.0,0,0,3,0.6468161,0.820258,1,0,adulto
ICB_03814_002,ICB_185,copd,3M Littmann 3200 Electronic,75.0,0,0,3,0.5977496,0.9344226,0,0,adulto
ICB_03814_003,ICB_185,copd,3M Littmann 3200 Electronic,75.0,0,0,3,0.51180613,0.92824566,0,0,adulto
ICB_03814_004,ICB_185,copd,3M Littmann 3200 Electronic,75.0,0,0,3,0.6944968,0.8981014,1,0,adulto
ICB_03814_005,ICB_185,copd,3M Littmann 3200 Electronic,75.0,0,0,3,0.6011688,0.9015156,1,0,adulto
ICB_03814_006,ICB_185,copd,3M Littmann 3200 Electronic,75.0,0,0,3,0.53035307,0.8987733,0,0,adulto
ICB_03815_000,ICB_185,copd,3M Littmann 3200 Electronic,75.0,0,0,3,0.35646677,0.82914037,0,0,adulto
ICB_03815_001,ICB_185,copd,3M Littmann 3200 Electronic,75.0,0,0,3,0.447136,0.8983757,0,0,adulto
ICB_03815_002,ICB_185,copd,3M Littmann 3200 Electronic,75.0,0,0,3,0.35721615,0.7731577,0,0,adulto
ICB_03815_003,ICB_185,copd,3M Littmann 3200 Electronic,75.0,0,0,3,0.45824063,0.9126285,0,0,adulto
ICB_03815_004,ICB_185,copd,3M Littmann 3200 Electronic,75.0,0,0,3,0.39488748,0.6782946,0,0,adulto
ICB_03815_005,ICB_185,copd,3M Littmann 3200 Electronic,75.0,0,0,3,0.4781236,0.7883993,0,0,adulto
ICB_03815_006,ICB_185,copd,3M Littmann 3200 Electronic,75.0,0,0,3,0.4614178,0.6986869,0,0,adulto
ICB_03815_007,ICB_185,copd,3M Littmann 3200 Electronic,75.0,0,0,3,0.4757314,0.8333429,0,0,adulto
ICB_03815_008,ICB_185,copd,3M Littmann 3200 Electronic,75.0,0,0,3,0.32799822,0.91230017,0,0,adulto
ICB_03816_000,ICB_185,copd,3M Littmann 3200 Electronic,75.0,0,0,3,0.60575795,0.9893498,3,0,adulto
ICB_03816_001,ICB_185,copd,3M Littmann 3200 Electronic,75.0,0,0,3,0.51116776,0.94661707,0,0,adulto
ICB_03816_002,ICB_185,copd,3M Littmann 3200 Electronic,75.0,0,0,3,0.4516387,0.89602536,0,0,adulto
ICB_03816_003,ICB_185,copd,3M Littmann 3200 Electronic,75.0,0,0,3,0.43267217,0.9219284,0,0,adulto
ICB_03816_004,ICB_185,copd,3M Littmann 3200 Electronic,75.0,0,0,3,0.43798164,0.8762687,0,0,adulto
ICB_03816_005,ICB_185,copd,3M Littmann 3200 Electronic,75.0,0,0,3,0.41396123,0.8867095,0,0,adulto
ICB_03816_006,ICB_185,copd,3M Littmann 3200 Electronic,75.0,0,0,3,0.52723277,0.6267344,0,0,adulto
ICB_03816_007,ICB_185,copd,3M Littmann 3200 Electronic,75.0,0,0,3,0.50113636,0.94263875,0,0,adulto
ICB_03816_008,ICB_185,copd,3M Littmann 3200 Electronic,75.0,0,0,3,0.6831354,0.4412195,1,0,adulto
ICB_03816_009,ICB_185,copd,3M Littmann 3200 Electronic,75.0,0,0,3,0.44403774,0.8345828,0,0,adulto
ICB_03816_010,ICB_185,copd,3M Littmann 3200 Electronic,75.0,0,0,3,0.5211015,0.8242513,0,0,adulto
ICB_03817_000,ICB_186,copd,AKG C417L Microphone,71.0,0,1,3,0.70272803,0.96671015,3,2,adulto
ICB_03817_001,ICB_186,copd,AKG C417L Microphone,71.0,0,0,3,0.5587805,0.62517405,0,0,adulto
ICB_03817_002,ICB_186,copd,AKG C417L Microphone,71.0,0,0,3,0.56924236,0.65326494,0,0,adulto
ICB_03817_003,ICB_186,copd,AKG C417L Microphone,71.0,0,0,3,0.561295,0.8725802,0,0,adulto
ICB_03817_004,ICB_186,copd,AKG C417L Microphone,71.0,0,0,3,0.54227006,0.8089847,0,0,adulto
ICB_03818_000,ICB_186,copd,AKG C417L Microphone,71.0,1,0,3,0.66702396,0.8866037,1,1,adulto
ICB_03818_001,ICB_186,copd,AKG C417L Microphone,71.0,1,0,3,0.6338826,0.62563455,1,1,adulto
ICB_03818_002,ICB_186,copd,AKG C417L Microphone,71.0,1,0,3,0.6923124,0.87436014,1,1,adulto
ICB_03818_003,ICB_186,copd,AKG C417L Microphone,71.0,1,0,3,0.60277766,0.57933956,1,1,adulto
ICB_03818_004,ICB_186,copd,AKG C417L Microphone,71.0,1,0,3,0.600275,0.5199763,1,1,adulto
ICB_03819_000,ICB_186,copd,AKG C417L Microphone,71.0,1,0,3,0.6624405,0.944903,1,1,adulto
ICB_03819_001,ICB_186,copd,AKG C417L Microphone,71.0,1,0,3,0.6933518,0.6390646,1,1,adulto
ICB_03819_002,ICB_186,copd,AKG C417L Microphone,71.0,1,0,3,0.6004537,0.8282084,1,1,adulto
ICB_03819_003,ICB_186,copd,AKG C417L Microphone,71.0,1,0,3,0.6604774,0.76519036,1,1,adulto
ICB_03819_004,ICB_186,copd,AKG C417L Microphone,71.0,1,0,3,0.71159136,0.8877251,1,1,adulto
ICB_03820_000,ICB_186,copd,AKG C417L Microphone,71.0,1,0,3,0.7968997,0.9647088,3,1,adulto
ICB_03820_001,ICB_186,copd,AKG C417L Microphone,71.0,1,0,3,0.6940324,0.31385425,1,1,adulto
ICB_03820_002,ICB_186,copd,AKG C417L Microphone,71.0,1,0,3,0.7061262,0.74627846,1,1,adulto
ICB_03820_003,ICB_186,copd,AKG C417L Microphone,71.0,1,0,3,0.61037326,0.8077618,1,1,adulto
ICB_03820_004,ICB_186,copd,AKG C417L Microphone,71.0,1,0,3,0.60071486,0.35258412,1,1,adulto
ICB_03821_000,ICB_186,copd,AKG C417L Microphone,71.0,1,0,3,0.9363777,0.9530828,3,1,adulto
ICB_03821_001,ICB_186,copd,AKG C417L Microphone,71.0,1,0,3,0.8146825,0.3042596,1,1,adulto
ICB_03821_002,ICB_186,copd,AKG C417L Microphone,71.0,1,0,3,0.80018646,0.5405287,1,1,adulto
ICB_03821_003,ICB_186,copd,AKG C417L Microphone,71.0,1,0,3,0.79609185,0.69065404,1,1,adulto
ICB_03821_004,ICB_186,copd,AKG C417L Microphone,71.0,1,0,3,0.77797014,0.68171084,1,1,adulto
ICB_03822_000,ICB_186,copd,AKG C417L Microphone,71.0,0,0,3,0.7338415,0.26599732,1,0,adulto
ICB_03822_001,ICB_186,copd,AKG C417L Microphone,71.0,0,0,3,0.60747087,0.3649585,1,0,adulto
ICB_03822_002,ICB_186,copd,AKG C417L Microphone,71.0,0,0,3,0.85762286,0.43976912,1,0,adulto
ICB_03822_003,ICB_186,copd,AKG C417L Microphone,71.0,0,0,3,0.7004775,0.4886185,1,0,adulto
ICB_03822_004,ICB_186,copd,AKG C417L Microphone,71.0,0,0,3,0.6988884,0.2810634,1,0,adulto
ICB_03823_000,ICB_186,copd,AKG C417L Microphone,71.0,0,0,3,0.54329073,0.64043677,0,0,adulto
ICB_03823_001,ICB_186,copd,AKG C417L Microphone,71.0,0,0,3,0.61748594,0.91276294,1,0,adulto
ICB_03823_002,ICB_186,copd,AKG C417L Microphone,71.0,0,0,3,0.6289513,0.67927134,1,0,adulto
ICB_03823_003,ICB_186,copd,AKG C417L Microphone,71.0,0,0,3,0.58032,0.61373687,0,0,adulto
ICB_03823_004,ICB_186,copd,AKG C417L Microphone,71.0,1,0,3,0.6066409,0.2710091,1,1,adulto
ICB_03824_000,ICB_186,copd,AKG C417L Microphone,71.0,0,0,3,0.6924512,0.46107,1,0,adulto
ICB_03824_001,ICB_186,copd,AKG C417L Microphone,71.0,1,0,3,0.89466053,0.5104103,1,1,adulto
ICB_03824_002,ICB_186,copd,AKG C417L Microphone,71.0,1,0,3,0.65170115,0.73168516,1,1,adulto
ICB_03824_003,ICB_186,copd,AKG C417L Microphone,71.0,1,0,3,0.87619686,0.2475353,1,1,adulto
ICB_03824_004,ICB_186,copd,AKG C417L Microphone,71.0,1,0,3,0.53608096,0.2233873,0,1,adulto
ICB_03825_000,ICB_186,copd,AKG C417L Microphone,71.0,1,0,3,0.6299669,0.8792865,1,1,adulto
ICB_03825_001,ICB_186,copd,AKG C417L Microphone,71.0,1,0,3,0.8207455,0.78616804,1,1,adulto
ICB_03825_002,ICB_186,copd,AKG C417L Microphone,71.0,1,0,3,0.68110603,0.8928695,1,1,adulto
ICB_03825_003,ICB_186,copd,AKG C417L Microphone,71.0,1,0,3,0.69128555,0.58455354,1,1,adulto
ICB_03825_004,ICB_186,copd,AKG C417L Microphone,71.0,1,0,3,0.5713489,0.73992425,0,1,adulto
ICB_03826_000,ICB_186,copd,AKG C417L Microphone,71.0,1,0,3,0.7605586,0.8818657,1,1,adulto
ICB_03826_001,ICB_186,copd,AKG C417L Microphone,71.0,1,0,3,0.75999177,0.422813,1,1,adulto
ICB_03826_002,ICB_186,copd,AKG C417L Microphone,71.0,1,0,3,0.7844027,0.80430615,1,1,adulto
ICB_03826_003,ICB_186,copd,AKG C417L Microphone,71.0,1,0,3,0.6202716,0.28651148,1,1,adulto
ICB_03826_004,ICB_186,copd,AKG C417L Microphone,71.0,1,0,3,0.7153918,0.23821811,1,1,adulto
ICB_03827_000,ICB_186,copd,AKG C417L Microphone,71.0,1,0,3,0.80112016,0.72238284,1,1,adulto
ICB_03827_001,ICB_186,copd,AKG C417L Microphone,71.0,1,0,3,0.8992821,0.46401408,1,1,adulto
ICB_03827_002,ICB_186,copd,AKG C417L Microphone,71.0,1,0,3,0.84601146,0.5117155,1,1,adulto
ICB_03827_003,ICB_186,copd,AKG C417L Microphone,71.0,1,0,3,0.9106109,0.17306471,1,1,adulto
ICB_03827_004,ICB_186,copd,AKG C417L Microphone,71.0,1,0,3,0.76637423,0.23471838,1,1,adulto
ICB_03828_000,ICB_186,copd,AKG C417L Microphone,71.0,0,0,3,0.49156836,0.42579424,0,0,adulto
ICB_03828_001,ICB_186,copd,AKG C417L Microphone,71.0,0,0,3,0.63409936,0.54271245,1,0,adulto
ICB_03828_002,ICB_186,copd,AKG C417L Microphone,71.0,0,0,3,0.7072923,0.4022239,1,0,adulto
ICB_03828_003,ICB_186,copd,AKG C417L Microphone,71.0,0,0,3,0.72658646,0.3329798,1,0,adulto
ICB_03828_004,ICB_186,copd,AKG C417L Microphone,71.0,0,1,3,0.53073454,0.6572449,0,2,adulto
ICB_03829_000,ICB_186,copd,AKG C417L Microphone,71.0,1,0,3,0.56469387,0.49691623,0,1,adulto
ICB_03829_001,ICB_186,copd,AKG C417L Microphone,71.0,0,0,3,0.5494954,0.2664844,0,0,adulto
ICB_03829_002,ICB_186,copd,AKG C417L Microphone,71.0,1,0,3,0.77385885,0.3500444,1,1,adulto
ICB_03829_003,ICB_186,copd,AKG C417L Microphone,71.0,1,0,3,0.711984,0.33508432,1,1,adulto
ICB_03829_004,ICB_186,copd,AKG C417L Microphone,71.0,1,0,3,0.5763948,0.30720463,0,1,adulto
ICB_03830_000,ICB_186,copd,AKG C417L Microphone,71.0,1,0,3,0.5634248,0.44095844,0,1,adulto
ICB_03830_001,ICB_186,copd,AKG C417L Microphone,71.0,1,0,3,0.62639624,0.6432325,1,1,adulto
ICB_03830_002,ICB_186,copd,AKG C417L Microphone,71.0,1,0,3,0.6848069,0.4155103,1,1,adulto
ICB_03830_003,ICB_186,copd,AKG C417L Microphone,71.0,1,0,3,0.59202534,0.54578626,0,1,adulto
ICB_03830_004,ICB_186,copd,AKG C417L Microphone,71.0,1,0,3,0.5807113,0.23920298,0,1,adulto
ICB_03831_000,ICB_186,copd,AKG C417L Microphone,71.0,1,0,3,0.69814485,0.7518665,1,1,adulto
ICB_03831_001,ICB_186,copd,AKG C417L Microphone,71.0,1,0,3,0.72204405,0.7406594,1,1,adulto
ICB_03831_002,ICB_186,copd,AKG C417L Microphone,71.0,1,0,3,0.70128405,0.8603539,1,1,adulto
ICB_03831_003,ICB_186,copd,AKG C417L Microphone,71.0,1,0,3,0.6606156,0.50240535,1,1,adulto
ICB_03831_004,ICB_186,copd,AKG C417L Microphone,71.0,1,0,3,0.63095236,0.46301374,1,1,adulto
ICB_03832_000,ICB_186,copd,AKG C417L Microphone,71.0,1,0,3,0.8488495,0.23609783,1,1,adulto
ICB_03832_001,ICB_186,copd,AKG C417L Microphone,71.0,0,0,3,0.7319174,0.3011065,1,0,adulto
ICB_03832_002,ICB_186,copd,AKG C417L Microphone,71.0,1,0,3,0.65172887,0.26663607,1,1,adulto
ICB_03832_003,ICB_186,copd,AKG C417L Microphone,71.0,1,0,3,0.65281236,0.34452206,1,1,adulto
ICB_03832_004,ICB_186,copd,AKG C417L Microphone,71.0,1,0,3,0.68657714,0.30037877,1,1,adulto
ICB_03833_000,ICB_186,copd,AKG C417L Microphone,71.0,1,0,3,0.83964545,0.18869992,1,1,adulto
ICB_03833_001,ICB_186,copd,AKG C417L Microphone,71.0,1,0,3,0.82309073,0.26054305,1,1,adulto
ICB_03833_002,ICB_186,copd,AKG C417L Microphone,71.0,1,0,3,0.8058128,0.27566937,1,1,adulto
ICB_03833_003,ICB_186,copd,AKG C417L Microphone,71.0,1,0,3,0.7307192,0.31925374,1,1,adulto
ICB_03833_004,ICB_186,copd,AKG C417L Microphone,71.0,1,0,3,0.8067935,0.20745584,1,1,adulto
ICB_03834_000,ICB_186,copd,AKG C417L Microphone,71.0,0,0,3,0.7617528,0.3948102,1,0,adulto
ICB_03834_001,ICB_186,copd,AKG C417L Microphone,71.0,0,0,3,0.66304165,0.39574945,1,0,adulto
ICB_03834_002,ICB_186,copd,AKG C417L Microphone,71.0,0,0,3,0.7552116,0.3112493,1,0,adulto
ICB_03834_003,ICB_186,copd,AKG C417L Microphone,71.0,0,0,3,0.7972475,0.39259776,1,0,adulto
ICB_03834_004,ICB_186,copd,AKG C417L Microphone,71.0,0,0,3,0.84613764,0.25248995,1,0,adulto
ICB_03835_000,ICB_186,copd,AKG C417L Microphone,71.0,0,0,3,0.53382623,0.45285568,0,0,adulto
ICB_03835_001,ICB_186,copd,AKG C417L Microphone,71.0,0,0,3,0.5525522,0.42657405,0,0,adulto
ICB_03835_002,ICB_186,copd,AKG C417L Microphone,71.0,1,0,3,0.63001937,0.7868023,1,1,adulto
ICB_03835_003,ICB_186,copd,AKG C417L Microphone,71.0,0,0,3,0.594694,0.6421736,0,0,adulto
ICB_03835_004,ICB_186,copd,AKG C417L Microphone,71.0,0,0,3,0.5826843,0.55126286,0,0,adulto
ICB_03835_005,ICB_186,copd,AKG C417L Microphone,71.0,0,0,3,0.51662016,0.47921836,0,0,adulto
ICB_03836_000,ICB_186,copd,AKG C417L Microphone,71.0,0,0,3,0.54387105,0.4252557,0,0,adulto
ICB_03836_001,ICB_186,copd,AKG C417L Microphone,71.0,0,0,3,0.61690056,0.5003541,1,0,adulto
ICB_03836_002,ICB_186,copd,AKG C417L Microphone,71.0,1,0,3,0.5871214,0.5562493,0,1,adulto
ICB_03836_003,ICB_186,copd,AKG C417L Microphone,71.0,0,0,3,0.58511055,0.4153519,0,0,adulto
ICB_03836_004,ICB_186,copd,AKG C417L Microphone,71.0,1,0,3,0.5820627,0.46179587,0,1,adulto
ICB_03836_005,ICB_186,copd,AKG C417L Microphone,71.0,1,0,3,0.52888405,0.40185174,0,1,adulto
ICB_03837_000,ICB_186,copd,AKG C417L Microphone,71.0,0,0,3,0.67011833,0.57380605,1,0,adulto
ICB_03837_001,ICB_186,copd,AKG C417L Microphone,71.0,0,0,3,0.6973863,0.4938525,1,0,adulto
ICB_03837_002,ICB_186,copd,AKG C417L Microphone,71.0,0,0,3,0.5985519,0.7034135,0,0,adulto
ICB_03837_003,ICB_186,copd,AKG C417L Microphone,71.0,0,0,3,0.65064245,0.54730713,1,0,adulto
ICB_03837_004,ICB_186,copd,AKG C417L Microphone,71.0,1,0,3,0.78383225,0.7145477,1,1,adulto
ICB_03837_005,ICB_186,copd,AKG C417L Microphone,71.0,0,0,3,0.4941788,0.50692403,0,0,adulto
ICB_03838_000,ICB_186,copd,AKG C417L Microphone,71.0,1,0,3,0.6140242,0.30105254,1,1,adulto
ICB_03838_001,ICB_186,copd,AKG C417L Microphone,71.0,1,0,3,0.5522217,0.19080625,0,1,adulto
ICB_03838_002,ICB_186,copd,AKG C417L Microphone,71.0,1,0,3,0.6476739,0.2620671,1,1,adulto
ICB_03838_003,ICB_186,copd,AKG C417L Microphone,71.0,1,0,3,0.648924,0.3531778,1,1,adulto
ICB_03838_004,ICB_186,copd,AKG C417L Microphone,71.0,1,0,3,0.7436382,0.21186149,1,1,adulto
ICB_03838_005,ICB_186,copd,AKG C417L Microphone,71.0,1,0,3,0.56226844,0.22252597,0,1,adulto
ICB_03839_000,ICB_186,copd,AKG C417L Microphone,71.0,0,0,3,0.5499821,0.25584295,0,0,adulto
ICB_03839_001,ICB_186,copd,AKG C417L Microphone,71.0,0,0,3,0.53899235,0.27264315,0,0,adulto
ICB_03839_002,ICB_186,copd,AKG C417L Microphone,71.0,0,0,3,0.5636042,0.27355695,0,0,adulto
ICB_03839_003,ICB_186,copd,AKG C417L Microphone,71.0,0,0,3,0.6035694,0.2454498,1,0,adulto
ICB_03839_004,ICB_186,copd,AKG C417L Microphone,71.0,0,0,3,0.5674285,0.3142574,0,0,adulto
ICB_03839_005,ICB_186,copd,AKG C417L Microphone,71.0,0,0,3,0.501123,0.2496273,0,0,adulto
ICB_03840_000,ICB_186,copd,AKG C417L Microphone,71.0,0,0,3,0.72252953,0.50255346,1,0,adulto
ICB_03840_001,ICB_186,copd,AKG C417L Microphone,71.0,0,0,3,0.6031693,0.35469064,1,0,adulto
ICB_03840_002,ICB_186,copd,AKG C417L Microphone,71.0,0,0,3,0.6349021,0.56468976,1,0,adulto
ICB_03840_003,ICB_186,copd,AKG C417L Microphone,71.0,0,0,3,0.7891827,0.3059671,1,0,adulto
ICB_03840_004,ICB_186,copd,AKG C417L Microphone,71.0,0,0,3,0.6018702,0.6588397,1,0,adulto
ICB_03840_005,ICB_186,copd,AKG C417L Microphone,71.0,0,0,3,0.4998169,0.5498759,0,0,adulto
ICB_03842_000,ICB_188,respiratory_infection,3M Littmann Classic II SE,3.0,0,0,3,0.6037857,0.34300423,1,0,pediátrico (<18)
ICB_03842_001,ICB_188,respiratory_infection,3M Littmann Classic II SE,3.0,0,0,3,0.5343908,0.21475765,0,0,pediátrico (<18)
ICB_03842_002,ICB_188,respiratory_infection,3M Littmann Classic II SE,3.0,0,0,3,0.4911132,0.27754927,0,0,pediátrico (<18)
ICB_03842_003,ICB_188,respiratory_infection,3M Littmann Classic II SE,3.0,0,0,3,0.4430301,0.23492992,0,0,pediátrico (<18)
ICB_03842_004,ICB_188,respiratory_infection,3M Littmann Classic II SE,3.0,0,0,3,0.56378657,0.30609176,0,0,pediátrico (<18)
ICB_03842_005,ICB_188,respiratory_infection,3M Littmann Classic II SE,3.0,0,0,3,0.4285423,0.29223123,0,0,pediátrico (<18)
ICB_03842_006,ICB_188,respiratory_infection,3M Littmann Classic II SE,3.0,0,0,3,0.48474258,0.19201733,0,0,pediátrico (<18)
ICB_03842_007,ICB_188,respiratory_infection,3M Littmann Classic II SE,3.0,0,0,3,0.46358418,0.19266516,0,0,pediátrico (<18)
ICB_03842_008,ICB_188,respiratory_infection,3M Littmann Classic II SE,3.0,0,0,3,0.39356023,0.128273,0,0,pediátrico (<18)
ICB_03842_009,ICB_188,respiratory_infection,3M Littmann Classic II SE,3.0,0,0,3,0.41995627,0.17394418,0,0,pediátrico (<18)
ICB_03842_010,ICB_188,respiratory_infection,3M Littmann Classic II SE,3.0,0,0,3,0.5253704,0.22988538,0,0,pediátrico (<18)
ICB_03842_011,ICB_188,respiratory_infection,3M Littmann Classic II SE,3.0,0,0,3,0.43158832,0.16464855,0,0,pediátrico (<18)
ICB_03842_012,ICB_188,respiratory_infection,3M Littmann Classic II SE,3.0,0,0,3,0.5404943,0.36699203,0,0,pediátrico (<18)
ICB_03842_013,ICB_188,respiratory_infection,3M Littmann Classic II SE,3.0,0,0,3,0.5046889,0.1876026,0,0,pediátrico (<18)
ICB_03842_014,ICB_188,respiratory_infection,3M Littmann Classic II SE,3.0,0,0,3,0.41747063,0.26567194,0,0,pediátrico (<18)
ICB_03843_000,ICB_188,respiratory_infection,3M Littmann Classic II SE,3.0,0,0,3,0.43978855,0.1557861,0,0,pediátrico (<18)
ICB_03843_001,ICB_188,respiratory_infection,3M Littmann Classic II SE,3.0,0,0,3,0.2988114,0.1818876,0,0,pediátrico (<18)
ICB_03843_002,ICB_188,respiratory_infection,3M Littmann Classic II SE,3.0,0,0,3,0.2617274,0.14699249,0,0,pediátrico (<18)
ICB_03843_003,ICB_188,respiratory_infection,3M Littmann Classic II SE,3.0,0,0,3,0.2707405,0.11246278,0,0,pediátrico (<18)
ICB_03843_004,ICB_188,respiratory_infection,3M Littmann Classic II SE,3.0,0,0,3,0.21543275,0.17091984,0,0,pediátrico (<18)
ICB_03843_005,ICB_188,respiratory_infection,3M Littmann Classic II SE,3.0,0,0,3,0.32937184,0.17333469,0,0,pediátrico (<18)
ICB_03843_006,ICB_188,respiratory_infection,3M Littmann Classic II SE,3.0,0,0,3,0.39743167,0.17382589,0,0,pediátrico (<18)
ICB_03843_007,ICB_188,respiratory_infection,3M Littmann Classic II SE,3.0,0,0,3,0.27038842,0.18230687,0,0,pediátrico (<18)
ICB_03843_008,ICB_188,respiratory_infection,3M Littmann Classic II SE,3.0,0,0,3,0.40506098,0.18481155,0,0,pediátrico (<18)
ICB_03843_009,ICB_188,respiratory_infection,3M Littmann Classic II SE,3.0,0,0,3,0.5561475,0.20229557,0,0,pediátrico (<18)
ICB_03843_010,ICB_188,respiratory_infection,3M Littmann Classic II SE,3.0,0,0,3,0.5436066,0.13435252,0,0,pediátrico (<18)
ICB_03843_011,ICB_188,respiratory_infection,3M Littmann Classic II SE,3.0,0,0,3,0.3815904,0.1466808,0,0,pediátrico (<18)
ICB_03843_012,ICB_188,respiratory_infection,3M Littmann Classic II SE,3.0,0,0,3,0.39195627,0.17597176,0,0,pediátrico (<18)
ICB_03843_013,ICB_188,respiratory_infection,3M Littmann Classic II SE,3.0,0,0,3,0.40707257,0.14319214,0,0,pediátrico (<18)
ICB_03843_014,ICB_188,respiratory_infection,3M Littmann Classic II SE,3.0,0,0,3,0.38910186,0.13036092,0,0,pediátrico (<18)
ICB_03843_015,ICB_188,respiratory_infection,3M Littmann Classic II SE,3.0,0,0,3,0.3753205,0.13368179,0,0,pediátrico (<18)
ICB_03843_016,ICB_188,respiratory_infection,3M Littmann Classic II SE,3.0,0,0,3,0.27174643,0.17293686,0,0,pediátrico (<18)
ICB_03844_000,ICB_188,respiratory_infection,3M Littmann Classic II SE,3.0,0,0,3,0.4012568,0.21032345,0,0,pediátrico (<18)
ICB_03844_001,ICB_188,respiratory_infection,3M Littmann Classic II SE,3.0,0,0,3,0.41367364,0.16472866,0,0,pediátrico (<18)
ICB_03844_002,ICB_188,respiratory_infection,3M Littmann Classic II SE,3.0,0,0,3,0.36824217,0.19018419,0,0,pediátrico (<18)
ICB_03844_003,ICB_188,respiratory_infection,3M Littmann Classic II SE,3.0,0,0,3,0.40490836,0.21675223,0,0,pediátrico (<18)
ICB_03844_004,ICB_188,respiratory_infection,3M Littmann Classic II SE,3.0,0,0,3,0.4622009,0.15782095,0,0,pediátrico (<18)
ICB_03844_005,ICB_188,respiratory_infection,3M Littmann Classic II SE,3.0,0,0,3,0.5207629,0.16409272,0,0,pediátrico (<18)
ICB_03844_006,ICB_188,respiratory_infection,3M Littmann Classic II SE,3.0,0,0,3,0.42419237,0.1773293,0,0,pediátrico (<18)
ICB_03844_007,ICB_188,respiratory_infection,3M Littmann Classic II SE,3.0,0,0,3,0.5248135,0.26878268,0,0,pediátrico (<18)
ICB_03844_008,ICB_188,respiratory_infection,3M Littmann Classic II SE,3.0,0,0,3,0.4914538,0.14532387,0,0,pediátrico (<18)
ICB_03844_009,ICB_188,respiratory_infection,3M Littmann Classic II SE,3.0,0,0,3,0.4627169,0.22639579,0,0,pediátrico (<18)
ICB_03844_010,ICB_188,respiratory_infection,3M Littmann Classic II SE,3.0,0,0,3,0.4359907,0.31040245,0,0,pediátrico (<18)
ICB_03844_011,ICB_188,respiratory_infection,3M Littmann Classic II SE,3.0,0,0,3,0.4697383,0.21172695,0,0,pediátrico (<18)
ICB_03844_012,ICB_188,respiratory_infection,3M Littmann Classic II SE,3.0,0,0,3,0.6083662,0.32356405,1,0,pediátrico (<18)
ICB_03844_013,ICB_188,respiratory_infection,3M Littmann Classic II SE,3.0,0,0,3,0.4076408,0.325385,0,0,pediátrico (<18)
ICB_03845_000,ICB_188,respiratory_infection,3M Littmann Classic II SE,3.0,0,0,3,0.12670197,0.3289932,0,0,pediátrico (<18)
ICB_03845_001,ICB_188,respiratory_infection,3M Littmann Classic II SE,3.0,0,0,3,0.17399459,0.24146861,0,0,pediátrico (<18)
ICB_03845_002,ICB_188,respiratory_infection,3M Littmann Classic II SE,3.0,0,0,3,0.09933667,0.1157313,0,0,pediátrico (<18)
ICB_03845_003,ICB_188,respiratory_infection,3M Littmann Classic II SE,3.0,0,0,3,0.17448166,0.3915408,0,0,pediátrico (<18)
ICB_03845_004,ICB_188,respiratory_infection,3M Littmann Classic II SE,3.0,0,0,3,0.12317113,0.31650856,0,0,pediátrico (<18)
ICB_03845_005,ICB_188,respiratory_infection,3M Littmann Classic II SE,3.0,0,0,3,0.19310157,0.25847661,0,0,pediátrico (<18)
ICB_03845_006,ICB_188,respiratory_infection,3M Littmann Classic II SE,3.0,0,0,3,0.1517696,0.29825446,0,0,pediátrico (<18)
ICB_03845_007,ICB_188,respiratory_infection,3M Littmann Classic II SE,3.0,0,0,3,0.12997608,0.3036219,0,0,pediátrico (<18)
ICB_03845_008,ICB_188,respiratory_infection,3M Littmann Classic II SE,3.0,0,0,3,0.16552815,0.45694086,0,0,pediátrico (<18)
ICB_03845_009,ICB_188,respiratory_infection,3M Littmann Classic II SE,3.0,0,0,3,0.16439532,0.2564641,0,0,pediátrico (<18)
ICB_03845_010,ICB_188,respiratory_infection,3M Littmann Classic II SE,3.0,0,0,3,0.17384842,0.32872397,0,0,pediátrico (<18)
ICB_03845_011,ICB_188,respiratory_infection,3M Littmann Classic II SE,3.0,0,0,3,0.121066935,0.38046953,0,0,pediátrico (<18)
ICB_03845_012,ICB_188,respiratory_infection,3M Littmann Classic II SE,3.0,0,0,3,0.15930776,0.31351042,0,0,pediátrico (<18)
ICB_03845_013,ICB_188,respiratory_infection,3M Littmann Classic II SE,3.0,0,0,3,0.17686646,0.23228309,0,0,pediátrico (<18)
ICB_03845_014,ICB_188,respiratory_infection,3M Littmann Classic II SE,3.0,0,0,3,0.15876415,0.23911545,0,0,pediátrico (<18)
ICB_03845_015,ICB_188,respiratory_infection,3M Littmann Classic II SE,3.0,0,0,3,0.19346847,0.39450642,0,0,pediátrico (<18)
ICB_03871_000,ICB_194,normal_lung,AKG C417L Microphone,2.0,0,0,3,0.36762246,0.3590895,0,0,pediátrico (<18)
ICB_03871_001,ICB_194,normal_lung,AKG C417L Microphone,2.0,0,0,3,0.6301708,0.58559203,1,0,pediátrico (<18)
ICB_03871_002,ICB_194,normal_lung,AKG C417L Microphone,2.0,0,0,3,0.42801592,0.17987455,0,0,pediátrico (<18)
ICB_03871_003,ICB_194,normal_lung,AKG C417L Microphone,2.0,0,0,3,0.5170814,0.21013674,0,0,pediátrico (<18)
ICB_03871_004,ICB_194,normal_lung,AKG C417L Microphone,2.0,0,0,3,0.5280544,0.22610052,0,0,pediátrico (<18)
ICB_03871_005,ICB_194,normal_lung,AKG C417L Microphone,2.0,0,0,3,0.42939103,0.2538206,0,0,pediátrico (<18)
ICB_03871_006,ICB_194,normal_lung,AKG C417L Microphone,2.0,0,0,3,0.4436479,0.16524182,0,0,pediátrico (<18)
ICB_03871_007,ICB_194,normal_lung,AKG C417L Microphone,2.0,0,0,3,0.51388913,0.43311006,0,0,pediátrico (<18)
ICB_03871_008,ICB_194,normal_lung,AKG C417L Microphone,2.0,0,0,3,0.5337145,0.35292846,0,0,pediátrico (<18)
ICB_03872_000,ICB_194,normal_lung,AKG C417L Microphone,2.0,0,0,3,0.6350798,0.5530044,1,0,pediátrico (<18)
ICB_03872_001,ICB_194,normal_lung,AKG C417L Microphone,2.0,0,0,3,0.59207815,0.35827914,0,0,pediátrico (<18)
ICB_03872_002,ICB_194,normal_lung,AKG C417L Microphone,2.0,0,0,3,0.574389,0.308884,0,0,pediátrico (<18)
ICB_03872_003,ICB_194,normal_lung,AKG C417L Microphone,2.0,0,0,3,0.6254181,0.40029615,1,0,pediátrico (<18)
ICB_03872_004,ICB_194,normal_lung,AKG C417L Microphone,2.0,0,0,3,0.5541716,0.25567958,0,0,pediátrico (<18)
ICB_03872_005,ICB_194,normal_lung,AKG C417L Microphone,2.0,0,0,3,0.5455523,0.5581312,0,0,pediátrico (<18)
ICB_03872_006,ICB_194,normal_lung,AKG C417L Microphone,2.0,0,0,3,0.4477841,0.44242272,0,0,pediátrico (<18)
ICB_03872_007,ICB_194,normal_lung,AKG C417L Microphone,2.0,0,0,3,0.6346343,0.47153687,1,0,pediátrico (<18)
ICB_03872_008,ICB_194,normal_lung,AKG C417L Microphone,2.0,0,0,3,0.6938129,0.32284072,1,0,pediátrico (<18)
ICB_03896_000,ICB_199,copd,3M Littmann Classic II SE,71.0,0,0,3,0.5282362,0.60592836,0,0,adulto
ICB_03896_001,ICB_199,copd,3M Littmann Classic II SE,71.0,1,0,3,0.5987044,0.6161624,0,1,adulto
ICB_03896_002,ICB_199,copd,3M Littmann Classic II SE,71.0,1,0,3,0.5905111,0.5369279,0,1,adulto
ICB_03896_003,ICB_199,copd,3M Littmann Classic II SE,71.0,1,0,3,0.592689,0.66875464,0,1,adulto
ICB_03896_004,ICB_199,copd,3M Littmann Classic II SE,71.0,1,0,3,0.662098,0.5219987,1,1,adulto
ICB_03896_005,ICB_199,copd,3M Littmann Classic II SE,71.0,0,0,3,0.5902572,0.7095797,0,0,adulto
ICB_03896_006,ICB_199,copd,3M Littmann Classic II SE,71.0,0,0,3,0.56793433,0.3571111,0,0,adulto
ICB_03896_007,ICB_199,copd,3M Littmann Classic II SE,71.0,0,0,3,0.6418393,0.8557155,1,0,adulto
ICB_03896_008,ICB_199,copd,3M Littmann Classic II SE,71.0,0,0,3,0.5054681,0.76726246,0,0,adulto
ICB_03897_000,ICB_199,copd,3M Littmann Classic II SE,71.0,1,0,3,0.37097338,0.37705383,0,1,adulto
ICB_03897_001,ICB_199,copd,3M Littmann Classic II SE,71.0,1,0,3,0.335812,0.36294806,0,1,adulto
ICB_03897_002,ICB_199,copd,3M Littmann Classic II SE,71.0,1,0,3,0.48267037,0.36490807,0,1,adulto
ICB_03897_003,ICB_199,copd,3M Littmann Classic II SE,71.0,1,0,3,0.4400825,0.3772278,0,1,adulto
ICB_03897_004,ICB_199,copd,3M Littmann Classic II SE,71.0,1,0,3,0.4970968,0.49890822,0,1,adulto
ICB_03897_005,ICB_199,copd,3M Littmann Classic II SE,71.0,1,0,3,0.41213286,0.5285304,0,1,adulto
ICB_03897_006,ICB_199,copd,3M Littmann Classic II SE,71.0,1,0,3,0.47100782,0.7526352,0,1,adulto
ICB_03897_007,ICB_199,copd,3M Littmann Classic II SE,71.0,1,0,3,0.46262565,0.34577206,0,1,adulto
ICB_03897_008,ICB_199,copd,3M Littmann Classic II SE,71.0,0,0,3,0.31989685,0.4319856,0,0,adulto
ICB_03921_000,ICB_201,bronchiectasis,3M Littmann Classic II SE,73.0,0,0,3,0.786921,0.3794459,1,0,adulto
ICB_03921_001,ICB_201,bronchiectasis,3M Littmann Classic II SE,73.0,1,0,3,0.8845116,0.71788746,1,1,adulto
ICB_03921_002,ICB_201,bronchiectasis,3M Littmann Classic II SE,73.0,0,1,3,0.68243885,0.7956675,1,2,adulto
ICB_03921_003,ICB_201,bronchiectasis,3M Littmann Classic II SE,73.0,1,1,3,0.78392166,0.4463334,1,3,adulto
ICB_03921_004,ICB_201,bronchiectasis,3M Littmann Classic II SE,73.0,1,1,3,0.7210194,0.66696364,1,3,adulto
ICB_03921_005,ICB_201,bronchiectasis,3M Littmann Classic II SE,73.0,0,1,3,0.5498653,0.95398396,2,2,adulto
ICB_03921_006,ICB_201,bronchiectasis,3M Littmann Classic II SE,73.0,0,0,3,0.6524108,0.24876967,1,0,adulto
ICB_03922_000,ICB_201,bronchiectasis,3M Littmann Classic II SE,73.0,0,0,3,0.41626054,0.9676733,2,0,adulto
ICB_03922_001,ICB_201,bronchiectasis,3M Littmann Classic II SE,73.0,0,1,3,0.72971296,0.9949003,3,2,adulto
ICB_03922_002,ICB_201,bronchiectasis,3M Littmann Classic II SE,73.0,0,1,3,0.5921727,0.9939031,2,2,adulto
ICB_03922_003,ICB_201,bronchiectasis,3M Littmann Classic II SE,73.0,0,1,3,0.7656749,0.99967754,3,2,adulto
ICB_03922_004,ICB_201,bronchiectasis,3M Littmann Classic II SE,73.0,0,1,3,0.7706241,0.9994242,3,2,adulto
ICB_03922_005,ICB_201,bronchiectasis,3M Littmann Classic II SE,73.0,0,1,3,0.6108425,0.995086,3,2,adulto
ICB_03922_006,ICB_201,bronchiectasis,3M Littmann Classic II SE,73.0,0,1,3,0.78054506,0.9907443,3,2,adulto
ICB_03923_000,ICB_201,bronchiectasis,3M Littmann Classic II SE,73.0,0,1,3,0.69207615,0.8472867,1,2,adulto
ICB_03923_001,ICB_201,bronchiectasis,3M Littmann Classic II SE,73.0,1,1,3,0.6138721,0.53909904,1,3,adulto
ICB_03923_002,ICB_201,bronchiectasis,3M Littmann Classic II SE,73.0,1,1,3,0.7507449,0.8261971,1,3,adulto
ICB_03923_003,ICB_201,bronchiectasis,3M Littmann Classic II SE,73.0,1,1,3,0.7892783,0.7799146,1,3,adulto
ICB_03923_004,ICB_201,bronchiectasis,3M Littmann Classic II SE,73.0,1,1,3,0.7952975,0.46477824,1,3,adulto
ICB_03923_005,ICB_201,bronchiectasis,3M Littmann Classic II SE,73.0,1,1,3,0.6698724,0.7355551,1,3,adulto
ICB_03923_006,ICB_201,bronchiectasis,3M Littmann Classic II SE,73.0,0,0,3,0.474942,0.22635427,0,0,adulto
ICB_03924_000,ICB_201,bronchiectasis,3M Littmann Classic II SE,73.0,0,0,3,0.47762293,0.7337027,0,0,adulto
ICB_03924_001,ICB_201,bronchiectasis,3M Littmann Classic II SE,73.0,0,1,3,0.62006503,0.9938799,3,2,adulto
ICB_03924_002,ICB_201,bronchiectasis,3M Littmann Classic II SE,73.0,1,1,3,0.68158364,0.9934609,3,3,adulto
ICB_03924_003,ICB_201,bronchiectasis,3M Littmann Classic II SE,73.0,0,1,3,0.5183477,0.99140173,2,2,adulto
ICB_03924_004,ICB_201,bronchiectasis,3M Littmann Classic II SE,73.0,0,1,3,0.71010065,0.9834658,3,2,adulto
ICB_03924_005,ICB_201,bronchiectasis,3M Littmann Classic II SE,73.0,0,1,3,0.67373127,0.98339266,3,2,adulto
ICB_03924_006,ICB_201,bronchiectasis,3M Littmann Classic II SE,73.0,0,1,3,0.55759233,0.99081284,2,2,adulto
ICB_03925_000,ICB_201,bronchiectasis,3M Littmann Classic II SE,73.0,0,1,3,0.80480516,0.7525343,1,2,adulto
ICB_03925_001,ICB_201,bronchiectasis,3M Littmann Classic II SE,73.0,0,1,3,0.6841036,0.8554649,1,2,adulto
ICB_03925_002,ICB_201,bronchiectasis,3M Littmann Classic II SE,73.0,1,1,3,0.75556064,0.6365711,1,3,adulto
ICB_03925_003,ICB_201,bronchiectasis,3M Littmann Classic II SE,73.0,1,1,3,0.68962556,0.581626,1,3,adulto
ICB_03925_004,ICB_201,bronchiectasis,3M Littmann Classic II SE,73.0,0,1,3,0.76829404,0.9988433,3,2,adulto
ICB_03925_005,ICB_201,bronchiectasis,3M Littmann Classic II SE,73.0,0,1,3,0.5849198,0.9960394,2,2,adulto
ICB_03926_000,ICB_201,bronchiectasis,3M Littmann Classic II SE,73.0,0,1,3,0.4777349,0.8944886,0,2,adulto
ICB_03926_001,ICB_201,bronchiectasis,3M Littmann Classic II SE,73.0,0,1,3,0.6669805,0.9993437,3,2,adulto
ICB_03926_002,ICB_201,bronchiectasis,3M Littmann Classic II SE,73.0,0,1,3,0.55492836,0.9946503,2,2,adulto
ICB_03926_003,ICB_201,bronchiectasis,3M Littmann Classic II SE,73.0,0,1,3,0.75106144,0.9926697,3,2,adulto
ICB_03926_004,ICB_201,bronchiectasis,3M Littmann Classic II SE,73.0,0,1,3,0.7553065,0.995635,3,2,adulto
ICB_03926_005,ICB_201,bronchiectasis,3M Littmann Classic II SE,73.0,0,1,3,0.6088648,0.99224406,3,2,adulto
ICB_03926_006,ICB_201,bronchiectasis,3M Littmann Classic II SE,73.0,0,1,3,0.72941005,0.98607326,3,2,adulto
ICB_03958_000,ICB_205,copd,AKG C417L Microphone,45.0,0,0,3,0.6061384,0.6376793,1,0,adulto
ICB_03958_001,ICB_205,copd,AKG C417L Microphone,45.0,0,0,3,0.5903471,0.56859773,0,0,adulto
ICB_03958_002,ICB_205,copd,AKG C417L Microphone,45.0,0,0,3,0.553586,0.5535015,0,0,adulto
ICB_03958_003,ICB_205,copd,AKG C417L Microphone,45.0,1,0,3,0.58023214,0.64171255,0,1,adulto
ICB_03958_004,ICB_205,copd,AKG C417L Microphone,45.0,0,0,3,0.5200857,0.58709276,0,0,adulto
ICB_03958_005,ICB_205,copd,AKG C417L Microphone,45.0,0,0,3,0.5255397,0.3623009,0,0,adulto
ICB_03959_000,ICB_205,copd,AKG C417L Microphone,45.0,1,0,3,0.33645192,0.511608,0,1,adulto
ICB_03959_001,ICB_205,copd,AKG C417L Microphone,45.0,1,0,3,0.65066415,0.56126064,1,1,adulto
ICB_03959_002,ICB_205,copd,AKG C417L Microphone,45.0,1,0,3,0.7017143,0.47668624,1,1,adulto
ICB_03959_003,ICB_205,copd,AKG C417L Microphone,45.0,1,0,3,0.6173221,0.5552425,1,1,adulto
ICB_03959_004,ICB_205,copd,AKG C417L Microphone,45.0,1,0,3,0.5841193,0.4948132,0,1,adulto
ICB_03959_005,ICB_205,copd,AKG C417L Microphone,45.0,1,0,3,0.5078744,0.34734362,0,1,adulto
ICB_03960_000,ICB_205,copd,AKG C417L Microphone,45.0,0,0,3,0.5453066,0.27276587,0,0,adulto
ICB_03960_001,ICB_205,copd,AKG C417L Microphone,45.0,1,0,3,0.52828383,0.2575348,0,1,adulto
ICB_03960_002,ICB_205,copd,AKG C417L Microphone,45.0,1,0,3,0.6596646,0.26915905,1,1,adulto
ICB_03960_003,ICB_205,copd,AKG C417L Microphone,45.0,1,0,3,0.65762913,0.34666947,1,1,adulto
ICB_03960_004,ICB_205,copd,AKG C417L Microphone,45.0,1,0,3,0.74961305,0.23011215,1,1,adulto
ICB_03960_005,ICB_205,copd,AKG C417L Microphone,45.0,1,0,3,0.5299449,0.26085454,0,1,adulto
ICB_03961_000,ICB_205,copd,AKG C417L Microphone,45.0,0,0,3,0.5660272,0.554952,0,0,adulto
ICB_03961_001,ICB_205,copd,AKG C417L Microphone,45.0,1,0,3,0.6011202,0.5300372,1,1,adulto
ICB_03961_002,ICB_205,copd,AKG C417L Microphone,45.0,1,0,3,0.6226622,0.43987778,1,1,adulto
ICB_03961_003,ICB_205,copd,AKG C417L Microphone,45.0,0,0,3,0.6079258,0.6187411,1,0,adulto
ICB_03961_004,ICB_205,copd,AKG C417L Microphone,45.0,0,0,3,0.55259174,0.5721243,0,0,adulto
ICB_03961_005,ICB_205,copd,AKG C417L Microphone,45.0,0,0,3,0.46374372,0.5918994,0,0,adulto
ICB_03962_000,ICB_205,copd,AKG C417L Microphone,45.0,0,0,3,0.51177686,0.528504,0,0,adulto
ICB_03962_001,ICB_205,copd,AKG C417L Microphone,45.0,1,0,3,0.5334744,0.38365266,0,1,adulto
ICB_03962_002,ICB_205,copd,AKG C417L Microphone,45.0,1,0,3,0.57129586,0.34334102,0,1,adulto
ICB_03962_003,ICB_205,copd,AKG C417L Microphone,45.0,1,0,3,0.5686746,0.4443799,0,1,adulto
ICB_03962_004,ICB_205,copd,AKG C417L Microphone,45.0,1,0,3,0.480359,0.28208524,0,1,adulto
ICB_03962_005,ICB_205,copd,AKG C417L Microphone,45.0,0,0,3,0.48041433,0.3016313,0,0,adulto
ICB_03963_000,ICB_205,copd,AKG C417L Microphone,45.0,1,0,3,0.57155895,0.73288083,0,1,adulto
ICB_03963_001,ICB_205,copd,AKG C417L Microphone,45.0,1,0,3,0.53261006,0.6716226,0,1,adulto
ICB_03963_002,ICB_205,copd,AKG C417L Microphone,45.0,1,0,3,0.6254859,0.4808039,1,1,adulto
ICB_03963_003,ICB_205,copd,AKG C417L Microphone,45.0,0,0,3,0.551072,0.6500247,0,0,adulto
ICB_03963_004,ICB_205,copd,AKG C417L Microphone,45.0,1,0,3,0.6284155,0.52471924,1,1,adulto
ICB_03963_005,ICB_205,copd,AKG C417L Microphone,45.0,0,0,3,0.47557464,0.41046333,0,0,adulto
ICB_03964_000,ICB_205,copd,AKG C417L Microphone,45.0,0,0,3,0.6211801,0.54712445,1,0,adulto
ICB_03964_001,ICB_205,copd,AKG C417L Microphone,45.0,0,0,3,0.58595437,0.26778376,0,0,adulto
ICB_03964_002,ICB_205,copd,AKG C417L Microphone,45.0,0,0,3,0.56597877,0.37718117,0,0,adulto
ICB_03964_003,ICB_205,copd,AKG C417L Microphone,45.0,0,0,3,0.6746924,0.27539316,1,0,adulto
ICB_03964_004,ICB_205,copd,AKG C417L Microphone,45.0,0,0,3,0.684422,0.30276164,1,0,adulto
ICB_03965_000,ICB_205,copd,AKG C417L Microphone,45.0,0,0,3,0.5798577,0.4541699,0,0,adulto
ICB_03965_001,ICB_205,copd,AKG C417L Microphone,45.0,0,0,3,0.5619696,0.66663975,0,0,adulto
ICB_03965_002,ICB_205,copd,AKG C417L Microphone,45.0,1,0,3,0.58670336,0.4069532,0,1,adulto
ICB_03965_003,ICB_205,copd,AKG C417L Microphone,45.0,1,0,3,0.58927774,0.41654357,0,1,adulto
ICB_03965_004,ICB_205,copd,AKG C417L Microphone,45.0,0,0,3,0.5467505,0.44436657,0,0,adulto
ICB_03966_000,ICB_205,copd,AKG C417L Microphone,45.0,1,0,3,0.5339847,0.42940742,0,1,adulto
ICB_03966_001,ICB_205,copd,AKG C417L Microphone,45.0,1,0,3,0.5167919,0.35034597,0,1,adulto
ICB_03966_002,ICB_205,copd,AKG C417L Microphone,45.0,1,0,3,0.43929124,0.43938038,0,1,adulto
ICB_03966_003,ICB_205,copd,AKG C417L Microphone,45.0,1,0,3,0.55929416,0.34462693,0,1,adulto
ICB_03966_004,ICB_205,copd,AKG C417L Microphone,45.0,0,0,3,0.5238495,0.21207112,0,0,adulto
ICB_03967_000,ICB_205,copd,AKG C417L Microphone,45.0,1,0,3,0.77711093,0.38826007,1,1,adulto
ICB_03967_001,ICB_205,copd,AKG C417L Microphone,45.0,1,0,3,0.7464366,0.28153867,1,1,adulto
ICB_03967_002,ICB_205,copd,AKG C417L Microphone,45.0,1,0,3,0.6434527,0.3618303,1,1,adulto
ICB_03967_003,ICB_205,copd,AKG C417L Microphone,45.0,0,0,3,0.82802266,0.27406496,1,0,adulto
ICB_03967_004,ICB_205,copd,AKG C417L Microphone,45.0,0,0,3,0.70065486,0.33265364,1,0,adulto
ICB_03968_000,ICB_205,copd,AKG C417L Microphone,45.0,1,0,3,0.60344684,0.384784,1,1,adulto
ICB_03968_001,ICB_205,copd,AKG C417L Microphone,45.0,1,0,3,0.56684107,0.48064286,0,1,adulto
ICB_03968_002,ICB_205,copd,AKG C417L Microphone,45.0,1,0,3,0.57085603,0.35357827,0,1,adulto
ICB_03968_003,ICB_205,copd,AKG C417L Microphone,45.0,1,0,3,0.51006734,0.39472252,0,1,adulto
ICB_03968_004,ICB_205,copd,AKG C417L Microphone,45.0,1,0,3,0.5330848,0.42867127,0,1,adulto
ICB_03969_000,ICB_205,copd,AKG C417L Microphone,45.0,1,0,3,0.52032214,0.50210077,0,1,adulto
ICB_03969_001,ICB_205,copd,AKG C417L Microphone,45.0,1,0,3,0.5927926,0.57166165,0,1,adulto
ICB_03969_002,ICB_205,copd,AKG C417L Microphone,45.0,1,0,3,0.5507289,0.5553703,0,1,adulto
ICB_03969_003,ICB_205,copd,AKG C417L Microphone,45.0,1,0,3,0.6953108,0.6053213,1,1,adulto
ICB_03970_000,ICB_205,copd,AKG C417L Microphone,45.0,0,0,3,0.7878649,0.552213,1,0,adulto
ICB_03970_001,ICB_205,copd,AKG C417L Microphone,45.0,0,0,3,0.73586786,0.4757225,1,0,adulto
ICB_03970_002,ICB_205,copd,AKG C417L Microphone,45.0,1,0,3,0.78713346,0.5463362,1,1,adulto
ICB_03970_003,ICB_205,copd,AKG C417L Microphone,45.0,0,0,3,0.7895749,0.21986185,1,0,adulto
ICB_03971_000,ICB_205,copd,AKG C417L Microphone,45.0,0,0,3,0.5848238,0.5182536,0,0,adulto
ICB_03971_001,ICB_205,copd,AKG C417L Microphone,45.0,1,0,3,0.59564865,0.39795375,0,1,adulto
ICB_03971_002,ICB_205,copd,AKG C417L Microphone,45.0,0,0,3,0.5814991,0.44452724,0,0,adulto
ICB_03971_003,ICB_205,copd,AKG C417L Microphone,45.0,1,0,3,0.5738494,0.4680685,0,1,adulto
ICB_03972_000,ICB_205,copd,AKG C417L Microphone,45.0,0,0,3,0.6953254,0.479217,1,0,adulto
ICB_03972_001,ICB_205,copd,AKG C417L Microphone,45.0,0,0,3,0.7208664,0.2855399,1,0,adulto
ICB_03972_002,ICB_205,copd,AKG C417L Microphone,45.0,0,0,3,0.8020668,0.5141178,1,0,adulto
ICB_03972_003,ICB_205,copd,AKG C417L Microphone,45.0,0,0,3,0.75838125,0.41693816,1,0,adulto
ICB_03973_000,ICB_205,copd,AKG C417L Microphone,45.0,1,0,3,0.58538485,0.44948575,0,1,adulto
ICB_03973_001,ICB_205,copd,AKG C417L Microphone,45.0,1,0,3,0.5175225,0.34705776,0,1,adulto
ICB_03973_002,ICB_205,copd,AKG C417L Microphone,45.0,1,0,3,0.52296776,0.36709827,0,1,adulto
ICB_03973_003,ICB_205,copd,AKG C417L Microphone,45.0,1,0,3,0.5563663,0.40422767,0,1,adulto
ICB_03973_004,ICB_205,copd,AKG C417L Microphone,45.0,1,0,3,0.45498112,0.31994417,0,1,adulto
ICB_03974_000,ICB_205,copd,AKG C417L Microphone,45.0,1,0,3,0.863945,0.24210706,1,1,adulto
ICB_03974_001,ICB_205,copd,AKG C417L Microphone,45.0,1,0,3,0.7377409,0.2454931,1,1,adulto
ICB_03974_002,ICB_205,copd,AKG C417L Microphone,45.0,1,0,3,0.8070483,0.39404112,1,1,adulto
ICB_03974_003,ICB_205,copd,AKG C417L Microphone,45.0,0,0,3,0.5314311,0.62731856,0,0,adulto
ICB_03974_004,ICB_205,copd,AKG C417L Microphone,45.0,1,0,3,0.7086053,0.5139828,1,1,adulto
ICB_03975_000,ICB_205,copd,AKG C417L Microphone,45.0,1,0,3,0.69056535,0.34432912,1,1,adulto
ICB_03975_001,ICB_205,copd,AKG C417L Microphone,45.0,0,0,3,0.655324,0.49390948,1,0,adulto
ICB_03975_002,ICB_205,copd,AKG C417L Microphone,45.0,0,0,3,0.70710754,0.4593618,1,0,adulto
ICB_03975_003,ICB_205,copd,AKG C417L Microphone,45.0,0,0,3,0.69367915,0.524315,1,0,adulto
ICB_03975_004,ICB_205,copd,AKG C417L Microphone,45.0,0,0,3,0.7075377,0.42352435,1,0,adulto
ICB_03976_000,ICB_205,copd,AKG C417L Microphone,45.0,0,0,3,0.55985343,0.4100998,0,0,adulto
ICB_03976_001,ICB_205,copd,AKG C417L Microphone,45.0,0,0,3,0.52772933,0.37033108,0,0,adulto
ICB_03976_002,ICB_205,copd,AKG C417L Microphone,45.0,0,0,3,0.5409941,0.3453939,0,0,adulto
ICB_03976_003,ICB_205,copd,AKG C417L Microphone,45.0,0,0,3,0.58789873,0.3621309,0,0,adulto
ICB_03976_004,ICB_205,copd,AKG C417L Microphone,45.0,0,0,3,0.5490451,0.469875,0,0,adulto
ICB_03977_000,ICB_205,copd,AKG C417L Microphone,45.0,1,0,3,0.49650872,0.48748735,0,1,adulto
ICB_03977_001,ICB_205,copd,AKG C417L Microphone,45.0,1,0,3,0.51593995,0.4544344,0,1,adulto
ICB_03977_002,ICB_205,copd,AKG C417L Microphone,45.0,0,0,3,0.5091499,0.6403986,0,0,adulto
ICB_03977_003,ICB_205,copd,AKG C417L Microphone,45.0,1,0,3,0.5517245,0.56216264,0,1,adulto
ICB_03977_004,ICB_205,copd,AKG C417L Microphone,45.0,1,0,3,0.47024572,0.53376305,0,1,adulto
ICB_04003_000,ICB_209,normal_lung,3M Littmann Classic II SE,14.0,0,0,3,0.2032916,0.22872674,0,0,pediátrico (<18)
ICB_04003_001,ICB_209,normal_lung,3M Littmann Classic II SE,14.0,0,0,3,0.22722803,0.11095608,0,0,pediátrico (<18)
ICB_04003_002,ICB_209,normal_lung,3M Littmann Classic II SE,14.0,0,0,3,0.22475885,0.17145988,0,0,pediátrico (<18)
ICB_04003_003,ICB_209,normal_lung,3M Littmann Classic II SE,14.0,0,0,3,0.35843322,0.12932648,0,0,pediátrico (<18)
ICB_04068_000,ICB_222,copd,WelchAllyn Meditron Master Elite,60.0,0,0,3,0.44994554,0.24346712,0,0,adulto
ICB_04068_001,ICB_222,copd,WelchAllyn Meditron Master Elite,60.0,0,0,3,0.46369204,0.40490243,0,0,adulto
ICB_04068_002,ICB_222,copd,WelchAllyn Meditron Master Elite,60.0,0,0,3,0.45610487,0.31957576,0,0,adulto
ICB_04068_003,ICB_222,copd,WelchAllyn Meditron Master Elite,60.0,0,0,3,0.5815051,0.47779638,0,0,adulto
ICB_04068_004,ICB_222,copd,WelchAllyn Meditron Master Elite,60.0,0,0,3,0.6140258,0.29246166,1,0,adulto
ICB_04068_005,ICB_222,copd,WelchAllyn Meditron Master Elite,60.0,0,0,3,0.3394618,0.8045341,0,0,adulto
ICB_04068_006,ICB_222,copd,WelchAllyn Meditron Master Elite,60.0,0,0,3,0.3819871,0.39527833,0,0,adulto
ICB_04068_007,ICB_222,copd,WelchAllyn Meditron Master Elite,60.0,0,0,3,0.27588826,0.6455582,0,0,adulto
ICB_04068_008,ICB_222,copd,WelchAllyn Meditron Master Elite,60.0,0,0,3,0.37360224,0.2794554,0,0,adulto
ICB_04068_009,ICB_222,copd,WelchAllyn Meditron Master Elite,60.0,0,0,3,0.43223625,0.65506107,0,0,adulto
ICB_04069_000,ICB_222,copd,WelchAllyn Meditron Master Elite,60.0,1,0,3,0.7025312,0.2863876,1,1,adulto
ICB_04069_001,ICB_222,copd,WelchAllyn Meditron Master Elite,60.0,0,0,3,0.4932,0.34782994,0,0,adulto
ICB_04069_002,ICB_222,copd,WelchAllyn Meditron Master Elite,60.0,1,0,3,0.7836537,0.34161925,1,1,adulto
ICB_04069_003,ICB_222,copd,WelchAllyn Meditron Master Elite,60.0,0,0,3,0.3543287,0.3371356,0,0,adulto
ICB_04069_004,ICB_222,copd,WelchAllyn Meditron Master Elite,60.0,0,0,3,0.21178056,0.42401862,0,0,adulto
ICB_04069_005,ICB_222,copd,WelchAllyn Meditron Master Elite,60.0,1,0,3,0.87061226,0.16425768,1,1,adulto
ICB_04069_006,ICB_222,copd,WelchAllyn Meditron Master Elite,60.0,0,0,3,0.2923569,0.5516094,0,0,adulto
ICB_04069_007,ICB_222,copd,WelchAllyn Meditron Master Elite,60.0,1,0,3,0.8300985,0.25176013,1,1,adulto
ICB_04069_008,ICB_222,copd,WelchAllyn Meditron Master Elite,60.0,0,0,3,0.22742757,0.6203662,0,0,adulto
ICB_04069_009,ICB_222,copd,WelchAllyn Meditron Master Elite,60.0,1,0,3,0.7170424,0.2055854,1,1,adulto
ICB_04069_010,ICB_222,copd,WelchAllyn Meditron Master Elite,60.0,1,0,3,0.7203318,0.6038074,1,1,adulto
ICB_04069_011,ICB_222,copd,WelchAllyn Meditron Master Elite,60.0,1,0,3,0.6105683,0.5200795,1,1,adulto
ICB_04069_012,ICB_222,copd,WelchAllyn Meditron Master Elite,60.0,1,0,3,0.4760423,0.8511873,0,1,adulto
ICB_04069_013,ICB_222,copd,WelchAllyn Meditron Master Elite,60.0,1,0,3,0.48833176,0.36367404,0,1,adulto
ICB_04069_014,ICB_222,copd,WelchAllyn Meditron Master Elite,60.0,1,0,3,0.6288977,0.25833943,1,1,adulto
ICB_04069_015,ICB_222,copd,WelchAllyn Meditron Master Elite,60.0,1,0,3,0.36088732,0.2841084,0,1,adulto
ICB_04069_016,ICB_222,copd,WelchAllyn Meditron Master Elite,60.0,1,0,3,0.3633495,0.2914235,0,1,adulto
ICB_04069_017,ICB_222,copd,WelchAllyn Meditron Master Elite,60.0,0,0,3,0.43643594,0.29496148,0,0,adulto
ICB_04069_018,ICB_222,copd,WelchAllyn Meditron Master Elite,60.0,1,0,3,0.4178846,0.26523542,0,1,adulto
ICB_04069_019,ICB_222,copd,WelchAllyn Meditron Master Elite,60.0,0,0,3,0.52266175,0.41264397,0,0,adulto
ICB_04070_000,ICB_222,copd,WelchAllyn Meditron Master Elite,60.0,0,0,3,0.5573858,0.8670246,0,0,adulto
ICB_04070_001,ICB_222,copd,WelchAllyn Meditron Master Elite,60.0,0,0,3,0.3466352,0.34118465,0,0,adulto
ICB_04070_002,ICB_222,copd,WelchAllyn Meditron Master Elite,60.0,0,0,3,0.22445008,0.33868992,0,0,adulto
ICB_04070_003,ICB_222,copd,WelchAllyn Meditron Master Elite,60.0,0,0,3,0.25815725,0.21952085,0,0,adulto
ICB_04070_004,ICB_222,copd,WelchAllyn Meditron Master Elite,60.0,0,0,3,0.5289751,0.30315426,0,0,adulto
ICB_04070_005,ICB_222,copd,WelchAllyn Meditron Master Elite,60.0,0,0,3,0.3504004,0.6558407,0,0,adulto
ICB_04070_006,ICB_222,copd,WelchAllyn Meditron Master Elite,60.0,0,0,3,0.39307517,0.9776543,2,0,adulto
ICB_04070_007,ICB_222,copd,WelchAllyn Meditron Master Elite,60.0,0,1,3,0.35640633,0.5153925,0,2,adulto
ICB_04070_008,ICB_222,copd,WelchAllyn Meditron Master Elite,60.0,0,1,3,0.29257333,0.5921689,0,2,adulto
ICB_04070_009,ICB_222,copd,WelchAllyn Meditron Master Elite,60.0,0,1,3,0.10981338,0.4867896,0,2,adulto
ICB_04070_010,ICB_222,copd,WelchAllyn Meditron Master Elite,60.0,0,1,3,0.41661218,0.6496834,0,2,adulto
ICB_04070_011,ICB_222,copd,WelchAllyn Meditron Master Elite,60.0,0,1,3,0.404999,0.99569404,2,2,adulto
ICB_04070_012,ICB_222,copd,WelchAllyn Meditron Master Elite,60.0,0,1,3,0.38747853,0.999526,2,2,adulto
ICB_04070_013,ICB_222,copd,WelchAllyn Meditron Master Elite,60.0,0,1,3,0.40738112,0.9772159,2,2,adulto
ICB_04070_014,ICB_222,copd,WelchAllyn Meditron Master Elite,60.0,0,1,3,0.70829594,0.99886477,3,2,adulto
ICB_04080_000,ICB_226,pneumonia,3M Littmann Classic II SE,4.0,0,0,3,0.44023862,0.24544673,0,0,pediátrico (<18)
ICB_04080_001,ICB_226,pneumonia,3M Littmann Classic II SE,4.0,0,0,3,0.34425542,0.119599834,0,0,pediátrico (<18)
ICB_04080_002,ICB_226,pneumonia,3M Littmann Classic II SE,4.0,1,0,3,0.50185275,0.20769267,0,1,pediátrico (<18)
ICB_04080_003,ICB_226,pneumonia,3M Littmann Classic II SE,4.0,1,0,3,0.46371755,0.21994975,0,1,pediátrico (<18)
ICB_04080_004,ICB_226,pneumonia,3M Littmann Classic II SE,4.0,0,0,3,0.4221554,0.13367654,0,0,pediátrico (<18)
ICB_04080_005,ICB_226,pneumonia,3M Littmann Classic II SE,4.0,0,0,3,0.4298459,0.198155,0,0,pediátrico (<18)
ICB_04080_006,ICB_226,pneumonia,3M Littmann Classic II SE,4.0,0,0,3,0.3092469,0.17143309,0,0,pediátrico (<18)
ICB_04080_007,ICB_226,pneumonia,3M Littmann Classic II SE,4.0,0,0,3,0.35583407,0.14419441,0,0,pediátrico (<18)
ICB_04080_008,ICB_226,pneumonia,3M Littmann Classic II SE,4.0,0,0,3,0.46879947,0.28845888,0,0,pediátrico (<18)
ICB_04080_009,ICB_226,pneumonia,3M Littmann Classic II SE,4.0,0,0,3,0.43337995,0.19699284,0,0,pediátrico (<18)
ICB_04081_000,ICB_226,pneumonia,3M Littmann Classic II SE,4.0,0,0,3,0.4051567,0.17450768,0,0,pediátrico (<18)
ICB_04081_001,ICB_226,pneumonia,3M Littmann Classic II SE,4.0,1,0,3,0.4911524,0.25092924,0,1,pediátrico (<18)
ICB_04081_002,ICB_226,pneumonia,3M Littmann Classic II SE,4.0,1,0,3,0.44567272,0.1772874,0,1,pediátrico (<18)
ICB_04081_003,ICB_226,pneumonia,3M Littmann Classic II SE,4.0,1,0,3,0.41320473,0.17417213,0,1,pediátrico (<18)
ICB_04081_004,ICB_226,pneumonia,3M Littmann Classic II SE,4.0,0,0,3,0.4123656,0.18991216,0,0,pediátrico (<18)
ICB_04081_005,ICB_226,pneumonia,3M Littmann Classic II SE,4.0,1,0,3,0.4083814,0.26195532,0,1,pediátrico (<18)
ICB_04081_006,ICB_226,pneumonia,3M Littmann Classic II SE,4.0,1,0,3,0.40407595,0.23478927,0,1,pediátrico (<18)
ICB_04081_007,ICB_226,pneumonia,3M Littmann Classic II SE,4.0,1,0,3,0.50443417,0.22047171,0,1,pediátrico (<18)
ICB_04081_008,ICB_226,pneumonia,3M Littmann Classic II SE,4.0,0,0,3,0.496611,0.29397786,0,0,pediátrico (<18)
ICB_04081_009,ICB_226,pneumonia,3M Littmann Classic II SE,4.0,0,0,3,0.4192174,0.21120857,0,0,pediátrico (<18)
ICB_04082_000,ICB_226,pneumonia,3M Littmann Classic II SE,4.0,0,0,3,0.43062356,0.81174064,0,0,pediátrico (<18)
ICB_04082_001,ICB_226,pneumonia,3M Littmann Classic II SE,4.0,0,0,3,0.3738474,0.13886096,0,0,pediátrico (<18)
ICB_04082_002,ICB_226,pneumonia,3M Littmann Classic II SE,4.0,1,0,3,0.37996635,0.20523842,0,1,pediátrico (<18)
ICB_04082_003,ICB_226,pneumonia,3M Littmann Classic II SE,4.0,1,0,3,0.45153943,0.20531581,0,1,pediátrico (<18)
ICB_04082_004,ICB_226,pneumonia,3M Littmann Classic II SE,4.0,0,0,3,0.34224606,0.1454221,0,0,pediátrico (<18)
ICB_04082_005,ICB_226,pneumonia,3M Littmann Classic II SE,4.0,1,0,3,0.45924717,0.20516557,0,1,pediátrico (<18)
ICB_04082_006,ICB_226,pneumonia,3M Littmann Classic II SE,4.0,1,0,3,0.51828736,0.18765882,0,1,pediátrico (<18)
ICB_04082_007,ICB_226,pneumonia,3M Littmann Classic II SE,4.0,0,0,3,0.42336306,0.18631437,0,0,pediátrico (<18)
ICB_04082_008,ICB_226,pneumonia,3M Littmann Classic II SE,4.0,0,0,3,0.46841228,0.21216305,0,0,pediátrico (<18)
ICB_04082_009,ICB_226,pneumonia,3M Littmann Classic II SE,4.0,1,0,3,0.42292848,0.22454849,0,1,pediátrico (<18)
ICB_04082_010,ICB_226,pneumonia,3M Littmann Classic II SE,4.0,0,0,3,0.39272106,0.24091417,0,0,pediátrico (<18)
ICB_03163_000,ICB_101,respiratory_infection,AKG C417L Microphone,3.0,0,0,4,0.6551157,0.15349843,1,0,pediátrico (<18)
ICB_03163_001,ICB_101,respiratory_infection,AKG C417L Microphone,3.0,0,0,4,0.7114103,0.2981174,1,0,pediátrico (<18)
ICB_03163_002,ICB_101,respiratory_infection,AKG C417L Microphone,3.0,0,0,4,0.682158,0.68884295,1,0,pediátrico (<18)
ICB_03163_003,ICB_101,respiratory_infection,AKG C417L Microphone,3.0,0,0,4,0.6763201,0.2601498,1,0,pediátrico (<18)
ICB_03163_004,ICB_101,respiratory_infection,AKG C417L Microphone,3.0,0,0,4,0.6724735,0.27894148,1,0,pediátrico (<18)
ICB_03163_005,ICB_101,respiratory_infection,AKG C417L Microphone,3.0,0,0,4,0.6815612,0.25855958,1,0,pediátrico (<18)
ICB_03163_006,ICB_101,respiratory_infection,AKG C417L Microphone,3.0,0,0,4,0.71233654,0.4721599,1,0,pediátrico (<18)
ICB_03163_007,ICB_101,respiratory_infection,AKG C417L Microphone,3.0,0,0,4,0.66175014,0.38876933,1,0,pediátrico (<18)
ICB_03163_008,ICB_101,respiratory_infection,AKG C417L Microphone,3.0,0,0,4,0.6069118,0.26831302,0,0,pediátrico (<18)
ICB_03163_009,ICB_101,respiratory_infection,AKG C417L Microphone,3.0,0,0,4,0.7439566,0.19301453,1,0,pediátrico (<18)
ICB_03163_010,ICB_101,respiratory_infection,AKG C417L Microphone,3.0,0,0,4,0.60813373,0.12606353,0,0,pediátrico (<18)
ICB_03163_011,ICB_101,respiratory_infection,AKG C417L Microphone,3.0,0,0,4,0.7218332,0.23592874,1,0,pediátrico (<18)
ICB_03164_000,ICB_101,respiratory_infection,AKG C417L Microphone,3.0,0,0,4,0.34581542,0.7577701,0,0,pediátrico (<18)
ICB_03164_001,ICB_101,respiratory_infection,AKG C417L Microphone,3.0,0,0,4,0.57043314,0.36413488,0,0,pediátrico (<18)
ICB_03164_002,ICB_101,respiratory_infection,AKG C417L Microphone,3.0,0,0,4,0.5948608,0.39309707,0,0,pediátrico (<18)
ICB_03164_003,ICB_101,respiratory_infection,AKG C417L Microphone,3.0,0,0,4,0.7754902,0.3793943,1,0,pediátrico (<18)
ICB_03164_004,ICB_101,respiratory_infection,AKG C417L Microphone,3.0,0,0,4,0.7249887,0.3084333,1,0,pediátrico (<18)
ICB_03164_005,ICB_101,respiratory_infection,AKG C417L Microphone,3.0,0,0,4,0.74055076,0.5216118,1,0,pediátrico (<18)
ICB_03164_006,ICB_101,respiratory_infection,AKG C417L Microphone,3.0,0,0,4,0.57313985,0.6254473,0,0,pediátrico (<18)
ICB_03164_007,ICB_101,respiratory_infection,AKG C417L Microphone,3.0,0,0,4,0.68945396,0.250982,1,0,pediátrico (<18)
ICB_03164_008,ICB_101,respiratory_infection,AKG C417L Microphone,3.0,0,0,4,0.63198435,0.27131084,0,0,pediátrico (<18)
ICB_03164_009,ICB_101,respiratory_infection,AKG C417L Microphone,3.0,0,0,4,0.7766069,0.25179288,1,0,pediátrico (<18)
ICB_03164_010,ICB_101,respiratory_infection,AKG C417L Microphone,3.0,0,0,4,0.63601846,0.32138228,0,0,pediátrico (<18)
ICB_03204_000,ICB_108,respiratory_infection,3M Littmann Classic II SE,3.0,0,0,4,0.67405283,0.37108123,1,0,pediátrico (<18)
ICB_03204_001,ICB_108,respiratory_infection,3M Littmann Classic II SE,3.0,0,0,4,0.60253406,0.5040488,0,0,pediátrico (<18)
ICB_03204_002,ICB_108,respiratory_infection,3M Littmann Classic II SE,3.0,0,0,4,0.55747896,0.37496302,0,0,pediátrico (<18)
ICB_03204_003,ICB_108,respiratory_infection,3M Littmann Classic II SE,3.0,0,0,4,0.7574861,0.4835673,1,0,pediátrico (<18)
ICB_03204_004,ICB_108,respiratory_infection,3M Littmann Classic II SE,3.0,0,0,4,0.81249833,0.30957228,1,0,pediátrico (<18)
ICB_03204_005,ICB_108,respiratory_infection,3M Littmann Classic II SE,3.0,0,0,4,0.7939078,0.32619292,1,0,pediátrico (<18)
ICB_03204_006,ICB_108,respiratory_infection,3M Littmann Classic II SE,3.0,0,0,4,0.6552436,0.30313388,1,0,pediátrico (<18)
ICB_03204_007,ICB_108,respiratory_infection,3M Littmann Classic II SE,3.0,0,0,4,0.7282609,0.3034203,1,0,pediátrico (<18)
ICB_03223_000,ICB_113,copd,3M Littmann 3200 Electronic,58.0,0,0,4,0.24307334,0.5705418,0,0,adulto
ICB_03223_001,ICB_113,copd,3M Littmann 3200 Electronic,58.0,0,0,4,0.23051423,0.4561772,0,0,adulto
ICB_03223_002,ICB_113,copd,3M Littmann 3200 Electronic,58.0,0,0,4,0.3172965,0.5394122,0,0,adulto
ICB_03223_003,ICB_113,copd,3M Littmann 3200 Electronic,58.0,0,0,4,0.22946085,0.3161113,0,0,adulto
ICB_03223_004,ICB_113,copd,3M Littmann 3200 Electronic,58.0,0,0,4,0.2273301,0.5665787,0,0,adulto
ICB_03223_005,ICB_113,copd,3M Littmann 3200 Electronic,58.0,0,0,4,0.17007543,0.41522565,0,0,adulto
ICB_03223_006,ICB_113,copd,3M Littmann 3200 Electronic,58.0,0,0,4,0.31171125,0.93159527,2,0,adulto
ICB_03224_000,ICB_113,copd,3M Littmann 3200 Electronic,58.0,0,0,4,0.17819709,0.534235,0,0,adulto
ICB_03224_001,ICB_113,copd,3M Littmann 3200 Electronic,58.0,0,0,4,0.20985794,0.19696647,0,0,adulto
ICB_03224_002,ICB_113,copd,3M Littmann 3200 Electronic,58.0,0,0,4,0.2076153,0.4103075,0,0,adulto
ICB_03224_003,ICB_113,copd,3M Littmann 3200 Electronic,58.0,0,0,4,0.17948045,0.64337057,0,0,adulto
ICB_03224_004,ICB_113,copd,3M Littmann 3200 Electronic,58.0,0,0,4,0.40094787,0.5532045,0,0,adulto
ICB_03224_005,ICB_113,copd,3M Littmann 3200 Electronic,58.0,0,0,4,0.19163156,0.5605773,0,0,adulto
ICB_03224_006,ICB_113,copd,3M Littmann 3200 Electronic,58.0,0,0,4,0.3606269,0.6988752,0,0,adulto
ICB_03224_007,ICB_113,copd,3M Littmann 3200 Electronic,58.0,0,0,4,0.28863725,0.9043703,2,0,adulto
ICB_03225_000,ICB_113,copd,3M Littmann 3200 Electronic,58.0,0,0,4,0.26492867,0.75242037,0,0,adulto
ICB_03225_001,ICB_113,copd,3M Littmann 3200 Electronic,58.0,0,0,4,0.48207393,0.7672011,0,0,adulto
ICB_03225_002,ICB_113,copd,3M Littmann 3200 Electronic,58.0,0,0,4,0.3593164,0.55071896,0,0,adulto
ICB_03225_003,ICB_113,copd,3M Littmann 3200 Electronic,58.0,0,0,4,0.413951,0.8255246,0,0,adulto
ICB_03225_004,ICB_113,copd,3M Littmann 3200 Electronic,58.0,0,0,4,0.35909146,0.7607674,0,0,adulto
ICB_03225_005,ICB_113,copd,3M Littmann 3200 Electronic,58.0,0,0,4,0.49482968,0.6529931,0,0,adulto
ICB_03225_006,ICB_113,copd,3M Littmann 3200 Electronic,58.0,0,0,4,0.389678,0.6943458,0,0,adulto
ICB_03225_007,ICB_113,copd,3M Littmann 3200 Electronic,58.0,0,0,4,0.3483908,0.77750695,0,0,adulto
ICB_03225_008,ICB_113,copd,3M Littmann 3200 Electronic,58.0,0,0,4,0.3890326,0.4492692,0,0,adulto
ICB_03225_009,ICB_113,copd,3M Littmann 3200 Electronic,58.0,0,0,4,0.40480846,0.37704208,0,0,adulto
ICB_03225_010,ICB_113,copd,3M Littmann 3200 Electronic,58.0,0,0,4,0.3403118,0.76722795,0,0,adulto
ICB_03226_000,ICB_113,copd,3M Littmann 3200 Electronic,58.0,0,0,4,0.3634887,0.4117061,0,0,adulto
ICB_03226_001,ICB_113,copd,3M Littmann 3200 Electronic,58.0,0,0,4,0.4066018,0.40796384,0,0,adulto
ICB_03226_002,ICB_113,copd,3M Littmann 3200 Electronic,58.0,0,0,4,0.45202747,0.4991169,0,0,adulto
ICB_03226_003,ICB_113,copd,3M Littmann 3200 Electronic,58.0,0,0,4,0.32208723,0.63087314,0,0,adulto
ICB_03226_004,ICB_113,copd,3M Littmann 3200 Electronic,58.0,0,0,4,0.37003398,0.63496435,0,0,adulto
ICB_03226_005,ICB_113,copd,3M Littmann 3200 Electronic,58.0,0,0,4,0.24243797,0.772327,0,0,adulto
ICB_03226_006,ICB_113,copd,3M Littmann 3200 Electronic,58.0,0,0,4,0.24645063,0.9221096,2,0,adulto
ICB_03227_000,ICB_113,copd,3M Littmann 3200 Electronic,58.0,0,0,4,0.1370742,0.41591567,0,0,adulto
ICB_03227_001,ICB_113,copd,3M Littmann 3200 Electronic,58.0,0,0,4,0.15628731,0.26024494,0,0,adulto
ICB_03227_002,ICB_113,copd,3M Littmann 3200 Electronic,58.0,0,0,4,0.14623196,0.4043952,0,0,adulto
ICB_03227_003,ICB_113,copd,3M Littmann 3200 Electronic,58.0,0,0,4,0.28513232,0.298319,0,0,adulto
ICB_03227_004,ICB_113,copd,3M Littmann 3200 Electronic,58.0,0,0,4,0.18964942,0.16028,0,0,adulto
ICB_03227_005,ICB_113,copd,3M Littmann 3200 Electronic,58.0,0,0,4,0.24885206,0.35432783,0,0,adulto
ICB_03227_006,ICB_113,copd,3M Littmann 3200 Electronic,58.0,0,0,4,0.23253173,0.5848279,0,0,adulto
ICB_03227_007,ICB_113,copd,3M Littmann 3200 Electronic,58.0,0,0,4,0.2896874,0.6755094,0,0,adulto
ICB_03228_000,ICB_113,copd,3M Littmann 3200 Electronic,58.0,0,0,4,0.2139517,0.4189382,0,0,adulto
ICB_03228_001,ICB_113,copd,3M Littmann 3200 Electronic,58.0,0,0,4,0.3223621,0.39184523,0,0,adulto
ICB_03228_002,ICB_113,copd,3M Littmann 3200 Electronic,58.0,0,0,4,0.19069466,0.6252854,0,0,adulto
ICB_03228_003,ICB_113,copd,3M Littmann 3200 Electronic,58.0,0,0,4,0.26002008,0.36513668,0,0,adulto
ICB_03228_004,ICB_113,copd,3M Littmann 3200 Electronic,58.0,0,0,4,0.23215236,0.4624185,0,0,adulto
ICB_03228_005,ICB_113,copd,3M Littmann 3200 Electronic,58.0,0,0,4,0.22503084,0.74238753,0,0,adulto
ICB_03228_006,ICB_113,copd,3M Littmann 3200 Electronic,58.0,0,0,4,0.37806523,0.5891097,0,0,adulto
ICB_03228_007,ICB_113,copd,3M Littmann 3200 Electronic,58.0,0,0,4,0.18251094,0.3688281,0,0,adulto
ICB_03228_008,ICB_113,copd,3M Littmann 3200 Electronic,58.0,0,0,4,0.22760977,0.6848098,0,0,adulto
ICB_03229_000,ICB_114,copd,AKG C417L Microphone,77.0,0,1,4,0.2288404,0.5768056,0,2,adulto
ICB_03229_001,ICB_114,copd,AKG C417L Microphone,77.0,1,1,4,0.15771148,0.4620692,0,3,adulto
ICB_03229_002,ICB_114,copd,AKG C417L Microphone,77.0,1,1,4,0.16074274,0.8082609,0,3,adulto
ICB_03229_003,ICB_114,copd,AKG C417L Microphone,77.0,1,1,4,0.21697375,0.98700935,2,3,adulto
ICB_03229_004,ICB_114,copd,AKG C417L Microphone,77.0,1,0,4,0.26253626,0.70079774,0,1,adulto
ICB_03229_005,ICB_114,copd,AKG C417L Microphone,77.0,1,1,4,0.15926376,0.4523117,0,3,adulto
ICB_03229_006,ICB_114,copd,AKG C417L Microphone,77.0,1,0,4,0.4569408,0.17080432,0,1,adulto
ICB_03230_000,ICB_114,copd,AKG C417L Microphone,77.0,0,1,4,0.14120938,0.35299766,0,2,adulto
ICB_03230_001,ICB_114,copd,AKG C417L Microphone,77.0,1,1,4,0.15126991,0.53797823,0,3,adulto
ICB_03230_002,ICB_114,copd,AKG C417L Microphone,77.0,1,1,4,0.10573531,0.4527445,0,3,adulto
ICB_03230_003,ICB_114,copd,AKG C417L Microphone,77.0,1,1,4,0.10997799,0.7636619,0,3,adulto
ICB_03230_004,ICB_114,copd,AKG C417L Microphone,77.0,1,0,4,0.120056815,0.5370865,0,1,adulto
ICB_03230_005,ICB_114,copd,AKG C417L Microphone,77.0,1,1,4,0.04575827,0.14994214,0,3,adulto
ICB_03230_006,ICB_114,copd,AKG C417L Microphone,77.0,0,0,4,0.3639436,0.15320309,0,0,adulto
ICB_03231_000,ICB_114,copd,AKG C417L Microphone,77.0,1,1,4,0.24676208,0.7246345,0,3,adulto
ICB_03231_001,ICB_114,copd,AKG C417L Microphone,77.0,1,1,4,0.20889586,0.49637052,0,3,adulto
ICB_03231_002,ICB_114,copd,AKG C417L Microphone,77.0,1,1,4,0.3072588,0.96347857,2,3,adulto
ICB_03231_003,ICB_114,copd,AKG C417L Microphone,77.0,1,1,4,0.25945276,0.99307114,2,3,adulto
ICB_03231_004,ICB_114,copd,AKG C417L Microphone,77.0,1,0,4,0.20523766,0.5474853,0,1,adulto
ICB_03231_005,ICB_114,copd,AKG C417L Microphone,77.0,1,1,4,0.23649916,0.4412733,0,3,adulto
ICB_03231_006,ICB_114,copd,AKG C417L Microphone,77.0,1,0,4,0.5268642,0.3382327,0,1,adulto
ICB_03232_000,ICB_114,copd,AKG C417L Microphone,77.0,1,1,4,0.45080817,0.7331641,0,3,adulto
ICB_03232_001,ICB_114,copd,AKG C417L Microphone,77.0,1,1,4,0.5110856,0.44644234,0,3,adulto
ICB_03232_002,ICB_114,copd,AKG C417L Microphone,77.0,1,1,4,0.5498298,0.9115181,2,3,adulto
ICB_03232_003,ICB_114,copd,AKG C417L Microphone,77.0,1,1,4,0.49896216,0.8962091,2,3,adulto
ICB_03232_004,ICB_114,copd,AKG C417L Microphone,77.0,1,0,4,0.56775874,0.44749787,0,1,adulto
ICB_03232_005,ICB_114,copd,AKG C417L Microphone,77.0,1,1,4,0.5705473,0.49321333,0,3,adulto
ICB_03232_006,ICB_114,copd,AKG C417L Microphone,77.0,1,0,4,0.69468135,0.68554854,1,1,adulto
ICB_03233_000,ICB_114,copd,AKG C417L Microphone,77.0,0,1,4,0.38917044,0.5289675,0,2,adulto
ICB_03233_001,ICB_114,copd,AKG C417L Microphone,77.0,1,1,4,0.26657206,0.73459893,0,3,adulto
ICB_03233_002,ICB_114,copd,AKG C417L Microphone,77.0,1,1,4,0.40798008,0.873165,2,3,adulto
ICB_03233_003,ICB_114,copd,AKG C417L Microphone,77.0,1,1,4,0.41748333,0.77868915,0,3,adulto
ICB_03233_004,ICB_114,copd,AKG C417L Microphone,77.0,1,0,4,0.34430352,0.62571543,0,1,adulto
ICB_03233_005,ICB_114,copd,AKG C417L Microphone,77.0,1,1,4,0.46656576,0.6195878,0,3,adulto
ICB_03233_006,ICB_114,copd,AKG C417L Microphone,77.0,1,0,4,0.668329,0.61546004,1,1,adulto
ICB_03251_000,ICB_121,normal_lung,3M Littmann Classic II SE,13.0,0,0,4,0.047959954,0.41244105,0,0,pediátrico (<18)
ICB_03251_001,ICB_121,normal_lung,3M Littmann Classic II SE,13.0,0,0,4,0.081607364,0.3437769,0,0,pediátrico (<18)
ICB_03251_002,ICB_121,normal_lung,3M Littmann Classic II SE,13.0,0,0,4,0.12668705,0.75319964,0,0,pediátrico (<18)
ICB_03251_003,ICB_121,normal_lung,3M Littmann Classic II SE,13.0,0,0,4,0.12798867,0.83345526,0,0,pediátrico (<18)
ICB_03251_004,ICB_121,normal_lung,3M Littmann Classic II SE,13.0,0,0,4,0.13143942,0.43147954,0,0,pediátrico (<18)
ICB_03251_005,ICB_121,normal_lung,3M Littmann Classic II SE,13.0,0,0,4,0.12304054,0.8550256,2,0,pediátrico (<18)
ICB_03252_000,ICB_121,normal_lung,3M Littmann Classic II SE,13.0,0,0,4,0.08465787,0.5113699,0,0,pediátrico (<18)
ICB_03252_001,ICB_121,normal_lung,3M Littmann Classic II SE,13.0,0,0,4,0.10695132,0.4721093,0,0,pediátrico (<18)
ICB_03252_002,ICB_121,normal_lung,3M Littmann Classic II SE,13.0,0,0,4,0.09109418,0.321987,0,0,pediátrico (<18)
ICB_03252_003,ICB_121,normal_lung,3M Littmann Classic II SE,13.0,0,0,4,0.12102496,0.31460595,0,0,pediátrico (<18)
ICB_03252_004,ICB_121,normal_lung,3M Littmann Classic II SE,13.0,0,0,4,0.14013861,0.5369726,0,0,pediátrico (<18)
ICB_03252_005,ICB_121,normal_lung,3M Littmann Classic II SE,13.0,0,0,4,0.22359909,0.5866201,0,0,pediátrico (<18)
ICB_03252_006,ICB_121,normal_lung,3M Littmann Classic II SE,13.0,0,0,4,0.15723109,0.27881098,0,0,pediátrico (<18)
ICB_03252_007,ICB_121,normal_lung,3M Littmann Classic II SE,13.0,0,0,4,0.08139597,0.35961834,0,0,pediátrico (<18)
ICB_03270_000,ICB_126,normal_lung,AKG C417L Microphone,1.0,0,0,4,0.5532935,0.19069138,0,0,pediátrico (<18)
ICB_03270_001,ICB_126,normal_lung,AKG C417L Microphone,1.0,0,0,4,0.2296962,0.29842862,0,0,pediátrico (<18)
ICB_03270_002,ICB_126,normal_lung,AKG C417L Microphone,1.0,0,0,4,0.42770636,0.3397326,0,0,pediátrico (<18)
ICB_03270_003,ICB_126,normal_lung,AKG C417L Microphone,1.0,0,0,4,0.36412093,0.29945087,0,0,pediátrico (<18)
ICB_03270_004,ICB_126,normal_lung,AKG C417L Microphone,1.0,0,0,4,0.21893407,0.18273318,0,0,pediátrico (<18)
ICB_03270_005,ICB_126,normal_lung,AKG C417L Microphone,1.0,0,0,4,0.2633785,0.15382685,0,0,pediátrico (<18)
ICB_03270_006,ICB_126,normal_lung,AKG C417L Microphone,1.0,0,0,4,0.3225263,0.31958207,0,0,pediátrico (<18)
ICB_03270_007,ICB_126,normal_lung,AKG C417L Microphone,1.0,0,0,4,0.2502262,0.18657984,0,0,pediátrico (<18)
ICB_03270_008,ICB_126,normal_lung,AKG C417L Microphone,1.0,0,0,4,0.20470668,0.3342525,0,0,pediátrico (<18)
ICB_03270_009,ICB_126,normal_lung,AKG C417L Microphone,1.0,0,0,4,0.2556166,0.26508257,0,0,pediátrico (<18)
ICB_03270_010,ICB_126,normal_lung,AKG C417L Microphone,1.0,0,0,4,0.17331871,0.26484695,0,0,pediátrico (<18)
ICB_03271_000,ICB_127,normal_lung,3M Littmann Classic II SE,2.0,0,0,4,0.22896689,0.30845043,0,0,pediátrico (<18)
ICB_03271_001,ICB_127,normal_lung,3M Littmann Classic II SE,2.0,0,0,4,0.44241306,0.26047966,0,0,pediátrico (<18)
ICB_03271_002,ICB_127,normal_lung,3M Littmann Classic II SE,2.0,0,0,4,0.38169646,0.2833542,0,0,pediátrico (<18)
ICB_03271_003,ICB_127,normal_lung,3M Littmann Classic II SE,2.0,0,0,4,0.5065379,0.36606693,0,0,pediátrico (<18)
ICB_03271_004,ICB_127,normal_lung,3M Littmann Classic II SE,2.0,1,0,4,0.586674,0.34123635,0,1,pediátrico (<18)
ICB_03271_005,ICB_127,normal_lung,3M Littmann Classic II SE,2.0,0,0,4,0.5209936,0.18343933,0,0,pediátrico (<18)
ICB_03271_006,ICB_127,normal_lung,3M Littmann Classic II SE,2.0,1,0,4,0.67219734,0.19166416,1,1,pediátrico (<18)
ICB_03271_007,ICB_127,normal_lung,3M Littmann Classic II SE,2.0,0,0,4,0.4070887,0.22267528,0,0,pediátrico (<18)
ICB_03271_008,ICB_127,normal_lung,3M Littmann Classic II SE,2.0,1,0,4,0.52307945,0.18427795,0,1,pediátrico (<18)
ICB_03271_009,ICB_127,normal_lung,3M Littmann Classic II SE,2.0,0,0,4,0.3089282,0.28982633,0,0,pediátrico (<18)
ICB_03272_000,ICB_128,copd,3M Littmann Classic II SE,65.0,1,0,4,0.35812235,0.3994986,0,1,adulto
ICB_03272_001,ICB_128,copd,3M Littmann Classic II SE,65.0,0,0,4,0.31481767,0.29983076,0,0,adulto
ICB_03272_002,ICB_128,copd,3M Littmann Classic II SE,65.0,1,0,4,0.3396554,0.34186935,0,1,adulto
ICB_03272_003,ICB_128,copd,3M Littmann Classic II SE,65.0,1,0,4,0.29736346,0.2983817,0,1,adulto
ICB_03272_004,ICB_128,copd,3M Littmann Classic II SE,65.0,0,0,4,0.5077344,0.15027775,0,0,adulto
ICB_03383_000,ICB_138,copd,AKG C417L Microphone,56.0,0,1,4,0.6039565,0.14179291,0,2,adulto
ICB_03383_001,ICB_138,copd,AKG C417L Microphone,56.0,1,0,4,0.59251374,0.37949297,0,1,adulto
ICB_03383_002,ICB_138,copd,AKG C417L Microphone,56.0,1,0,4,0.6011719,0.38449982,0,1,adulto
ICB_03383_003,ICB_138,copd,AKG C417L Microphone,56.0,1,0,4,0.50136113,0.22264561,0,1,adulto
ICB_03383_004,ICB_138,copd,AKG C417L Microphone,56.0,1,0,4,0.62541556,0.23831211,0,1,adulto
ICB_03384_000,ICB_138,copd,AKG C417L Microphone,56.0,1,0,4,0.23035751,0.39259654,0,1,adulto
ICB_03384_001,ICB_138,copd,AKG C417L Microphone,56.0,1,0,4,0.35624704,0.2507493,0,1,adulto
ICB_03384_002,ICB_138,copd,AKG C417L Microphone,56.0,0,0,4,0.427373,0.29306754,0,0,adulto
ICB_03384_003,ICB_138,copd,AKG C417L Microphone,56.0,0,0,4,0.24469706,0.30831313,0,0,adulto
ICB_03384_004,ICB_138,copd,AKG C417L Microphone,56.0,0,0,4,0.2868252,0.33288154,0,0,adulto
ICB_03385_000,ICB_138,copd,AKG C417L Microphone,56.0,1,0,4,0.68123055,0.27714354,1,1,adulto
ICB_03385_001,ICB_138,copd,AKG C417L Microphone,56.0,1,0,4,0.77594817,0.6714441,1,1,adulto
ICB_03385_002,ICB_138,copd,AKG C417L Microphone,56.0,1,0,4,0.8394664,0.5483669,1,1,adulto
ICB_03385_003,ICB_138,copd,AKG C417L Microphone,56.0,1,0,4,0.77694106,0.38527384,1,1,adulto
ICB_03385_004,ICB_138,copd,AKG C417L Microphone,56.0,1,0,4,0.79653794,0.54318696,1,1,adulto
ICB_03386_000,ICB_138,copd,AKG C417L Microphone,56.0,1,1,4,0.50915676,0.44316489,0,3,adulto
ICB_03386_001,ICB_138,copd,AKG C417L Microphone,56.0,1,0,4,0.48960564,0.49630284,0,1,adulto
ICB_03386_002,ICB_138,copd,AKG C417L Microphone,56.0,1,0,4,0.8956813,0.29613945,1,1,adulto
ICB_03386_003,ICB_138,copd,AKG C417L Microphone,56.0,1,0,4,0.82344896,0.27243167,1,1,adulto
ICB_03386_004,ICB_138,copd,AKG C417L Microphone,56.0,1,0,4,0.7491794,0.39606372,1,1,adulto
ICB_03387_000,ICB_138,copd,AKG C417L Microphone,56.0,1,1,4,0.7109625,0.3738399,1,3,adulto
ICB_03387_001,ICB_138,copd,AKG C417L Microphone,56.0,1,0,4,0.77915573,0.48752928,1,1,adulto
ICB_03387_002,ICB_138,copd,AKG C417L Microphone,56.0,1,0,4,0.7993618,0.3360548,1,1,adulto
ICB_03387_003,ICB_138,copd,AKG C417L Microphone,56.0,1,0,4,0.77304095,0.30531225,1,1,adulto
ICB_03387_004,ICB_138,copd,AKG C417L Microphone,56.0,1,0,4,0.77109903,0.34806,1,1,adulto
ICB_03388_000,ICB_138,copd,AKG C417L Microphone,56.0,1,1,4,0.62468445,0.5352909,0,3,adulto
ICB_03388_001,ICB_138,copd,AKG C417L Microphone,56.0,1,1,4,0.7149952,0.8199652,1,3,adulto
ICB_03388_002,ICB_138,copd,AKG C417L Microphone,56.0,1,0,4,0.8849777,0.33597952,1,1,adulto
ICB_03388_003,ICB_138,copd,AKG C417L Microphone,56.0,1,0,4,0.8697603,0.59304863,1,1,adulto
ICB_03388_004,ICB_138,copd,AKG C417L Microphone,56.0,1,0,4,0.80784154,0.54447186,1,1,adulto
ICB_03389_000,ICB_138,copd,AKG C417L Microphone,56.0,0,0,4,0.24215831,0.09083999,0,0,adulto
ICB_03389_001,ICB_138,copd,AKG C417L Microphone,56.0,0,0,4,0.23291105,0.1753078,0,0,adulto
ICB_03389_002,ICB_138,copd,AKG C417L Microphone,56.0,0,0,4,0.20866115,0.519911,0,0,adulto
ICB_03389_003,ICB_138,copd,AKG C417L Microphone,56.0,0,1,4,0.26873294,0.14903314,0,2,adulto
ICB_03389_004,ICB_138,copd,AKG C417L Microphone,56.0,0,0,4,0.3532894,0.15201174,0,0,adulto
ICB_03390_000,ICB_138,copd,AKG C417L Microphone,56.0,0,0,4,0.561507,0.24435578,0,0,adulto
ICB_03390_001,ICB_138,copd,AKG C417L Microphone,56.0,0,0,4,0.6816855,0.52827924,1,0,adulto
ICB_03390_002,ICB_138,copd,AKG C417L Microphone,56.0,0,0,4,0.6457523,0.7287243,0,0,adulto
ICB_03390_003,ICB_138,copd,AKG C417L Microphone,56.0,0,0,4,0.50651157,0.48659015,0,0,adulto
ICB_03390_004,ICB_138,copd,AKG C417L Microphone,56.0,0,0,4,0.59682655,0.45959806,0,0,adulto
ICB_03391_000,ICB_138,copd,AKG C417L Microphone,56.0,1,0,4,0.8509202,0.45281264,1,1,adulto
ICB_03391_001,ICB_138,copd,AKG C417L Microphone,56.0,1,0,4,0.6897746,0.49435797,1,1,adulto
ICB_03391_002,ICB_138,copd,AKG C417L Microphone,56.0,1,0,4,0.73542374,0.42587578,1,1,adulto
ICB_03391_003,ICB_138,copd,AKG C417L Microphone,56.0,1,0,4,0.747684,0.49858496,1,1,adulto
ICB_03391_004,ICB_138,copd,AKG C417L Microphone,56.0,1,0,4,0.8204077,0.2715627,1,1,adulto
ICB_03392_000,ICB_138,copd,AKG C417L Microphone,56.0,1,0,4,0.76432407,0.44431978,1,1,adulto
ICB_03392_001,ICB_138,copd,AKG C417L Microphone,56.0,1,0,4,0.8211409,0.4970128,1,1,adulto
ICB_03392_002,ICB_138,copd,AKG C417L Microphone,56.0,1,0,4,0.75657374,0.50952935,1,1,adulto
ICB_03392_003,ICB_138,copd,AKG C417L Microphone,56.0,1,0,4,0.6949911,0.34379706,1,1,adulto
ICB_03392_004,ICB_138,copd,AKG C417L Microphone,56.0,1,0,4,0.7732655,0.27249467,1,1,adulto
ICB_03393_000,ICB_138,copd,AKG C417L Microphone,56.0,1,0,4,0.7665573,0.3347233,1,1,adulto
ICB_03393_001,ICB_138,copd,AKG C417L Microphone,56.0,1,0,4,0.69710666,0.33035317,1,1,adulto
ICB_03393_002,ICB_138,copd,AKG C417L Microphone,56.0,1,0,4,0.8241735,0.37664592,1,1,adulto
ICB_03393_003,ICB_138,copd,AKG C417L Microphone,56.0,1,0,4,0.8833658,0.32302183,1,1,adulto
ICB_03393_004,ICB_138,copd,AKG C417L Microphone,56.0,1,0,4,0.8492803,0.43345872,1,1,adulto
ICB_03394_000,ICB_138,copd,AKG C417L Microphone,56.0,0,1,4,0.73591393,0.22230367,1,2,adulto
ICB_03394_001,ICB_138,copd,AKG C417L Microphone,56.0,1,0,4,0.7091311,0.4886983,1,1,adulto
ICB_03394_002,ICB_138,copd,AKG C417L Microphone,56.0,1,0,4,0.6956487,0.41409317,1,1,adulto
ICB_03394_003,ICB_138,copd,AKG C417L Microphone,56.0,1,0,4,0.7937031,0.4750904,1,1,adulto
ICB_03394_004,ICB_138,copd,AKG C417L Microphone,56.0,1,0,4,0.82678366,0.3855036,1,1,adulto
ICB_03395_000,ICB_138,copd,AKG C417L Microphone,56.0,1,0,4,0.90070164,0.31449953,1,1,adulto
ICB_03395_001,ICB_138,copd,AKG C417L Microphone,56.0,1,0,4,0.84478563,0.70096385,1,1,adulto
ICB_03395_002,ICB_138,copd,AKG C417L Microphone,56.0,1,0,4,0.89673865,0.2981575,1,1,adulto
ICB_03395_003,ICB_138,copd,AKG C417L Microphone,56.0,1,0,4,0.92212594,0.5005299,1,1,adulto
ICB_03395_004,ICB_138,copd,AKG C417L Microphone,56.0,1,0,4,0.83770204,0.32061946,1,1,adulto
ICB_03396_000,ICB_138,copd,AKG C417L Microphone,56.0,1,0,4,0.08666986,0.3751853,0,1,adulto
ICB_03396_001,ICB_138,copd,AKG C417L Microphone,56.0,0,1,4,0.2874793,0.12061745,0,2,adulto
ICB_03396_002,ICB_138,copd,AKG C417L Microphone,56.0,1,0,4,0.20762134,0.4026759,0,1,adulto
ICB_03396_003,ICB_138,copd,AKG C417L Microphone,56.0,0,0,4,0.23548937,0.3012752,0,0,adulto
ICB_03396_004,ICB_138,copd,AKG C417L Microphone,56.0,0,0,4,0.041726697,0.15291624,0,0,adulto
ICB_03397_000,ICB_138,copd,AKG C417L Microphone,56.0,1,0,4,0.7685095,0.31316602,1,1,adulto
ICB_03397_001,ICB_138,copd,AKG C417L Microphone,56.0,1,0,4,0.76241344,0.5691259,1,1,adulto
ICB_03397_002,ICB_138,copd,AKG C417L Microphone,56.0,1,0,4,0.6962529,0.4144806,1,1,adulto
ICB_03397_003,ICB_138,copd,AKG C417L Microphone,56.0,1,0,4,0.75034213,0.3491804,1,1,adulto
ICB_03397_004,ICB_138,copd,AKG C417L Microphone,56.0,0,0,4,0.7057624,0.46064845,1,0,adulto
ICB_03398_000,ICB_138,copd,AKG C417L Microphone,56.0,1,0,4,0.59116536,0.45634055,0,1,adulto
ICB_03398_001,ICB_138,copd,AKG C417L Microphone,56.0,1,0,4,0.8648847,0.46324873,1,1,adulto
ICB_03398_002,ICB_138,copd,AKG C417L Microphone,56.0,1,0,4,0.42956477,0.3793889,0,1,adulto
ICB_03398_003,ICB_138,copd,AKG C417L Microphone,56.0,0,0,4,0.6573219,0.40484965,1,0,adulto
ICB_03398_004,ICB_138,copd,AKG C417L Microphone,56.0,1,0,4,0.788359,0.43414208,1,1,adulto
ICB_03399_000,ICB_138,copd,AKG C417L Microphone,56.0,1,0,4,0.71685916,0.32111296,1,1,adulto
ICB_03399_001,ICB_138,copd,AKG C417L Microphone,56.0,1,0,4,0.7018334,0.48721427,1,1,adulto
ICB_03399_002,ICB_138,copd,AKG C417L Microphone,56.0,1,0,4,0.5738353,0.54384124,0,1,adulto
ICB_03399_003,ICB_138,copd,AKG C417L Microphone,56.0,1,0,4,0.81838584,0.6830089,1,1,adulto
ICB_03399_004,ICB_138,copd,AKG C417L Microphone,56.0,1,0,4,0.62568337,0.28424382,0,1,adulto
ICB_03400_000,ICB_138,copd,AKG C417L Microphone,56.0,1,1,4,0.6651879,0.4650768,1,3,adulto
ICB_03400_001,ICB_138,copd,AKG C417L Microphone,56.0,1,0,4,0.7776967,0.4855935,1,1,adulto
ICB_03400_002,ICB_138,copd,AKG C417L Microphone,56.0,1,0,4,0.82573766,0.49643272,1,1,adulto
ICB_03400_003,ICB_138,copd,AKG C417L Microphone,56.0,1,0,4,0.798041,0.44155994,1,1,adulto
ICB_03400_004,ICB_138,copd,AKG C417L Microphone,56.0,0,0,4,0.7345011,0.5388541,1,0,adulto
ICB_03401_000,ICB_138,copd,AKG C417L Microphone,56.0,1,0,4,0.8308479,0.4111769,1,1,adulto
ICB_03401_001,ICB_138,copd,AKG C417L Microphone,56.0,1,0,4,0.8202269,0.56232035,1,1,adulto
ICB_03401_002,ICB_138,copd,AKG C417L Microphone,56.0,1,0,4,0.79738283,0.42977673,1,1,adulto
ICB_03401_003,ICB_138,copd,AKG C417L Microphone,56.0,1,0,4,0.84307677,0.52442,1,1,adulto
ICB_03401_004,ICB_138,copd,AKG C417L Microphone,56.0,1,0,4,0.8354361,0.42480984,1,1,adulto
ICB_03402_000,ICB_138,copd,AKG C417L Microphone,56.0,0,0,4,0.1080987,0.3605737,0,0,adulto
ICB_03402_001,ICB_138,copd,AKG C417L Microphone,56.0,0,0,4,0.10279934,0.5237225,0,0,adulto
ICB_03402_002,ICB_138,copd,AKG C417L Microphone,56.0,0,0,4,0.13101831,0.16856594,0,0,adulto
ICB_03402_003,ICB_138,copd,AKG C417L Microphone,56.0,0,0,4,0.15727003,0.35840505,0,0,adulto
ICB_03402_004,ICB_138,copd,AKG C417L Microphone,56.0,0,0,4,0.098501705,0.4755429,0,0,adulto
ICB_03403_000,ICB_138,copd,AKG C417L Microphone,56.0,1,0,4,0.7255378,0.2580755,1,1,adulto
ICB_03403_001,ICB_138,copd,AKG C417L Microphone,56.0,1,0,4,0.8733529,0.32288778,1,1,adulto
ICB_03403_002,ICB_138,copd,AKG C417L Microphone,56.0,1,0,4,0.7338339,0.37302145,1,1,adulto
ICB_03403_003,ICB_138,copd,AKG C417L Microphone,56.0,1,0,4,0.8374307,0.47077227,1,1,adulto
ICB_03403_004,ICB_138,copd,AKG C417L Microphone,56.0,1,0,4,0.7207871,0.30196598,1,1,adulto
ICB_03403_005,ICB_138,copd,AKG C417L Microphone,56.0,1,0,4,0.6883834,0.21898377,1,1,adulto
ICB_03403_006,ICB_138,copd,AKG C417L Microphone,56.0,1,0,4,0.7152891,0.24041753,1,1,adulto
ICB_03404_000,ICB_138,copd,AKG C417L Microphone,56.0,0,0,4,0.79437095,0.27006686,1,0,adulto
ICB_03404_001,ICB_138,copd,AKG C417L Microphone,56.0,1,0,4,0.76247597,0.29666317,1,1,adulto
ICB_03404_002,ICB_138,copd,AKG C417L Microphone,56.0,1,1,4,0.95326185,0.6138955,1,3,adulto
ICB_03404_003,ICB_138,copd,AKG C417L Microphone,56.0,1,0,4,0.96852267,0.40355915,1,1,adulto
ICB_03404_004,ICB_138,copd,AKG C417L Microphone,56.0,1,0,4,0.93152654,0.17612703,1,1,adulto
ICB_03404_005,ICB_138,copd,AKG C417L Microphone,56.0,1,0,4,0.80698436,0.3003101,1,1,adulto
ICB_03404_006,ICB_138,copd,AKG C417L Microphone,56.0,1,1,4,0.6996706,0.27204338,1,3,adulto
ICB_03405_000,ICB_138,copd,AKG C417L Microphone,56.0,0,0,4,0.7047264,0.29469913,1,0,adulto
ICB_03405_001,ICB_138,copd,AKG C417L Microphone,56.0,0,0,4,0.7137286,0.40858337,1,0,adulto
ICB_03405_002,ICB_138,copd,AKG C417L Microphone,56.0,1,0,4,0.71148974,0.3013927,1,1,adulto
ICB_03405_003,ICB_138,copd,AKG C417L Microphone,56.0,0,0,4,0.68165946,0.39257747,1,0,adulto
ICB_03405_004,ICB_138,copd,AKG C417L Microphone,56.0,0,0,4,0.73812467,0.33892286,1,0,adulto
ICB_03405_005,ICB_138,copd,AKG C417L Microphone,56.0,0,0,4,0.66510147,0.40317383,1,0,adulto
ICB_03405_006,ICB_138,copd,AKG C417L Microphone,56.0,0,0,4,0.74180937,0.31017956,1,0,adulto
ICB_03406_000,ICB_138,copd,AKG C417L Microphone,56.0,1,0,4,0.78572345,0.27667722,1,1,adulto
ICB_03406_001,ICB_138,copd,AKG C417L Microphone,56.0,0,0,4,0.7753353,0.30578992,1,0,adulto
ICB_03406_002,ICB_138,copd,AKG C417L Microphone,56.0,1,0,4,0.8996531,0.88773865,3,1,adulto
ICB_03406_003,ICB_138,copd,AKG C417L Microphone,56.0,1,0,4,0.8917659,0.30115065,1,1,adulto
ICB_03406_004,ICB_138,copd,AKG C417L Microphone,56.0,1,0,4,0.7764806,0.43352866,1,1,adulto
ICB_03406_005,ICB_138,copd,AKG C417L Microphone,56.0,0,0,4,0.86171335,0.33471242,1,0,adulto
ICB_03406_006,ICB_138,copd,AKG C417L Microphone,56.0,1,0,4,0.5910016,0.70841634,0,1,adulto
ICB_03407_000,ICB_138,copd,AKG C417L Microphone,56.0,1,0,4,0.67105967,0.42708495,1,1,adulto
ICB_03407_001,ICB_138,copd,AKG C417L Microphone,56.0,1,0,4,0.65394133,0.34790716,1,1,adulto
ICB_03407_002,ICB_138,copd,AKG C417L Microphone,56.0,1,0,4,0.73034817,0.4839473,1,1,adulto
ICB_03407_003,ICB_138,copd,AKG C417L Microphone,56.0,1,0,4,0.8412922,0.5004568,1,1,adulto
ICB_03407_004,ICB_138,copd,AKG C417L Microphone,56.0,1,0,4,0.66786355,0.35928047,1,1,adulto
ICB_03407_005,ICB_138,copd,AKG C417L Microphone,56.0,1,0,4,0.7074167,0.3806541,1,1,adulto
ICB_03407_006,ICB_138,copd,AKG C417L Microphone,56.0,0,0,4,0.68135995,0.28768152,1,0,adulto
ICB_03408_000,ICB_138,copd,AKG C417L Microphone,56.0,1,0,4,0.72471154,0.54071575,1,1,adulto
ICB_03408_001,ICB_138,copd,AKG C417L Microphone,56.0,1,0,4,0.8482639,0.31575766,1,1,adulto
ICB_03408_002,ICB_138,copd,AKG C417L Microphone,56.0,1,1,4,0.8508304,0.8684052,3,3,adulto
ICB_03408_003,ICB_138,copd,AKG C417L Microphone,56.0,1,0,4,0.88977253,0.55137974,1,1,adulto
ICB_03408_004,ICB_138,copd,AKG C417L Microphone,56.0,1,0,4,0.9169401,0.42674986,1,1,adulto
ICB_03408_005,ICB_138,copd,AKG C417L Microphone,56.0,1,0,4,0.8931821,0.50838983,1,1,adulto
ICB_03408_006,ICB_138,copd,AKG C417L Microphone,56.0,1,1,4,0.62716454,0.3899701,0,3,adulto
ICB_03409_000,ICB_138,copd,AKG C417L Microphone,56.0,1,0,4,0.447391,0.20375033,0,1,adulto
ICB_03409_001,ICB_138,copd,AKG C417L Microphone,56.0,0,0,4,0.30295855,0.14412592,0,0,adulto
ICB_03409_002,ICB_138,copd,AKG C417L Microphone,56.0,1,0,4,0.41464022,0.4391054,0,1,adulto
ICB_03409_003,ICB_138,copd,AKG C417L Microphone,56.0,0,0,4,0.37556094,0.2702039,0,0,adulto
ICB_03409_004,ICB_138,copd,AKG C417L Microphone,56.0,1,0,4,0.34639868,0.3768916,0,1,adulto
ICB_03409_005,ICB_138,copd,AKG C417L Microphone,56.0,0,0,4,0.36912203,0.25566614,0,0,adulto
ICB_03409_006,ICB_138,copd,AKG C417L Microphone,56.0,0,0,4,0.25514925,0.30382487,0,0,adulto
ICB_03416_000,ICB_140,pneumonia,3M Littmann Classic II SE,79.0,0,0,4,0.58416426,0.3554157,0,0,adulto
ICB_03416_001,ICB_140,pneumonia,3M Littmann Classic II SE,79.0,0,0,4,0.470689,0.29526356,0,0,adulto
ICB_03416_002,ICB_140,pneumonia,3M Littmann Classic II SE,79.0,0,0,4,0.64940375,0.39316604,0,0,adulto
ICB_03416_003,ICB_140,pneumonia,3M Littmann Classic II SE,79.0,0,0,4,0.59986293,0.5406526,0,0,adulto
ICB_03416_004,ICB_140,pneumonia,3M Littmann Classic II SE,79.0,0,0,4,0.5697884,0.38914517,0,0,adulto
ICB_03416_005,ICB_140,pneumonia,3M Littmann Classic II SE,79.0,0,0,4,0.5813026,0.42320478,0,0,adulto
ICB_03416_006,ICB_140,pneumonia,3M Littmann Classic II SE,79.0,1,0,4,0.6604389,0.6783623,1,1,adulto
ICB_03416_007,ICB_140,pneumonia,3M Littmann Classic II SE,79.0,0,0,4,0.53962576,0.32210895,0,0,adulto
ICB_03416_008,ICB_140,pneumonia,3M Littmann Classic II SE,79.0,0,0,4,0.53346604,0.5458999,0,0,adulto
ICB_03416_009,ICB_140,pneumonia,3M Littmann Classic II SE,79.0,0,0,4,0.6083047,0.4529548,0,0,adulto
ICB_03416_010,ICB_140,pneumonia,3M Littmann Classic II SE,79.0,0,0,4,0.5026203,0.15522419,0,0,adulto
ICB_03417_000,ICB_140,pneumonia,3M Littmann Classic II SE,79.0,0,0,4,0.30274564,0.48844358,0,0,adulto
ICB_03417_001,ICB_140,pneumonia,3M Littmann Classic II SE,79.0,1,0,4,0.7168484,0.4998773,1,1,adulto
ICB_03417_002,ICB_140,pneumonia,3M Littmann Classic II SE,79.0,0,0,4,0.49464387,0.46642393,0,0,adulto
ICB_03417_003,ICB_140,pneumonia,3M Littmann Classic II SE,79.0,0,0,4,0.28554565,0.286706,0,0,adulto
ICB_03417_004,ICB_140,pneumonia,3M Littmann Classic II SE,79.0,0,0,4,0.29613307,0.38115472,0,0,adulto
ICB_03417_005,ICB_140,pneumonia,3M Littmann Classic II SE,79.0,0,0,4,0.4774432,0.23129798,0,0,adulto
ICB_03417_006,ICB_140,pneumonia,3M Littmann Classic II SE,79.0,0,0,4,0.4807396,0.24954265,0,0,adulto
ICB_03417_007,ICB_140,pneumonia,3M Littmann Classic II SE,79.0,0,0,4,0.3943636,0.3524034,0,0,adulto
ICB_03417_008,ICB_140,pneumonia,3M Littmann Classic II SE,79.0,0,0,4,0.47296995,0.44909108,0,0,adulto
ICB_03417_009,ICB_140,pneumonia,3M Littmann Classic II SE,79.0,0,0,4,0.3561075,0.32134396,0,0,adulto
ICB_03418_000,ICB_140,pneumonia,3M Littmann Classic II SE,79.0,0,0,4,0.6439857,0.62138253,0,0,adulto
ICB_03418_001,ICB_140,pneumonia,3M Littmann Classic II SE,79.0,0,1,4,0.5960131,0.7070397,0,2,adulto
ICB_03418_002,ICB_140,pneumonia,3M Littmann Classic II SE,79.0,0,1,4,0.6213871,0.5154678,0,2,adulto
ICB_03418_003,ICB_140,pneumonia,3M Littmann Classic II SE,79.0,0,1,4,0.5362617,0.5804057,0,2,adulto
ICB_03418_004,ICB_140,pneumonia,3M Littmann Classic II SE,79.0,0,0,4,0.54817843,0.3772884,0,0,adulto
ICB_03418_005,ICB_140,pneumonia,3M Littmann Classic II SE,79.0,0,0,4,0.52898026,0.49372983,0,0,adulto
ICB_03418_006,ICB_140,pneumonia,3M Littmann Classic II SE,79.0,0,0,4,0.5912627,0.6654689,0,0,adulto
ICB_03418_007,ICB_140,pneumonia,3M Littmann Classic II SE,79.0,0,0,4,0.5121667,0.437717,0,0,adulto
ICB_03418_008,ICB_140,pneumonia,3M Littmann Classic II SE,79.0,0,0,4,0.5463006,0.4335904,0,0,adulto
ICB_03419_000,ICB_140,pneumonia,3M Littmann Classic II SE,79.0,0,0,4,0.61769223,0.20580147,0,0,adulto
ICB_03419_001,ICB_140,pneumonia,3M Littmann Classic II SE,79.0,0,1,4,0.5504491,0.9982503,2,2,adulto
ICB_03419_002,ICB_140,pneumonia,3M Littmann Classic II SE,79.0,0,1,4,0.31523925,0.99744177,2,2,adulto
ICB_03419_003,ICB_140,pneumonia,3M Littmann Classic II SE,79.0,0,1,4,0.41144583,0.82274795,0,2,adulto
ICB_03419_004,ICB_140,pneumonia,3M Littmann Classic II SE,79.0,0,1,4,0.38763875,0.8842428,2,2,adulto
ICB_03419_005,ICB_140,pneumonia,3M Littmann Classic II SE,79.0,0,0,4,0.54920167,0.38491854,0,0,adulto
ICB_03419_006,ICB_140,pneumonia,3M Littmann Classic II SE,79.0,0,0,4,0.42825398,0.20100364,0,0,adulto
ICB_03419_007,ICB_140,pneumonia,3M Littmann Classic II SE,79.0,0,1,4,0.71557796,0.63768184,1,2,adulto
ICB_03419_008,ICB_140,pneumonia,3M Littmann Classic II SE,79.0,0,1,4,0.5816212,0.6132501,0,2,adulto
ICB_03419_009,ICB_140,pneumonia,3M Littmann Classic II SE,79.0,0,0,4,0.36258963,0.14084707,0,0,adulto
ICB_03420_000,ICB_141,copd,3M Littmann Classic II SE,66.0,0,0,4,0.87816334,0.13902631,1,0,adulto
ICB_03420_001,ICB_141,copd,3M Littmann Classic II SE,66.0,0,1,4,0.49356243,0.9852298,2,2,adulto
ICB_03420_002,ICB_141,copd,3M Littmann Classic II SE,66.0,0,1,4,0.6610446,0.9910246,3,2,adulto
ICB_03420_003,ICB_141,copd,3M Littmann Classic II SE,66.0,1,1,4,0.6064532,0.99150944,2,3,adulto
ICB_03420_004,ICB_141,copd,3M Littmann Classic II SE,66.0,0,1,4,0.536764,0.7066652,0,2,adulto
ICB_03421_000,ICB_141,copd,3M Littmann Classic II SE,66.0,0,0,4,0.62938374,0.16324961,0,0,adulto
ICB_03421_001,ICB_141,copd,3M Littmann Classic II SE,66.0,0,0,4,0.57002574,0.38649675,0,0,adulto
ICB_03421_002,ICB_141,copd,3M Littmann Classic II SE,66.0,0,1,4,0.48760295,0.25511482,0,2,adulto
ICB_03421_003,ICB_141,copd,3M Littmann Classic II SE,66.0,1,1,4,0.5633224,0.32894367,0,3,adulto
ICB_03421_004,ICB_141,copd,3M Littmann Classic II SE,66.0,0,1,4,0.6173199,0.6749788,0,2,adulto
ICB_03421_005,ICB_141,copd,3M Littmann Classic II SE,66.0,0,0,4,0.7401429,0.30299783,1,0,adulto
ICB_03422_000,ICB_141,copd,3M Littmann Classic II SE,66.0,0,0,4,0.7329967,0.17184292,1,0,adulto
ICB_03422_001,ICB_141,copd,3M Littmann Classic II SE,66.0,0,1,4,0.6302764,0.8533195,2,2,adulto
ICB_03422_002,ICB_141,copd,3M Littmann Classic II SE,66.0,0,1,4,0.6465947,0.90187055,2,2,adulto
ICB_03422_003,ICB_141,copd,3M Littmann Classic II SE,66.0,0,1,4,0.59891564,0.91385204,2,2,adulto
ICB_03422_004,ICB_141,copd,3M Littmann Classic II SE,66.0,0,1,4,0.6174094,0.84830904,0,2,adulto
ICB_03423_000,ICB_141,copd,3M Littmann Classic II SE,66.0,0,0,4,0.61312807,0.28775293,0,0,adulto
ICB_03423_001,ICB_141,copd,3M Littmann Classic II SE,66.0,1,1,4,0.5095452,0.23743917,0,3,adulto
ICB_03423_002,ICB_141,copd,3M Littmann Classic II SE,66.0,1,1,4,0.48263636,0.4969204,0,3,adulto
ICB_03423_003,ICB_141,copd,3M Littmann Classic II SE,66.0,0,1,4,0.45005092,0.8746359,2,2,adulto
ICB_03423_004,ICB_141,copd,3M Littmann Classic II SE,66.0,1,1,4,0.5853556,0.4504448,0,3,adulto
ICB_03423_005,ICB_141,copd,3M Littmann Classic II SE,66.0,0,1,4,0.43033296,0.90284145,2,2,adulto
ICB_03424_000,ICB_141,copd,3M Littmann Classic II SE,66.0,0,0,4,0.22839434,0.41063958,0,0,adulto
ICB_03424_001,ICB_141,copd,3M Littmann Classic II SE,66.0,0,0,4,0.21000901,0.37620366,0,0,adulto
ICB_03424_002,ICB_141,copd,3M Littmann Classic II SE,66.0,0,0,4,0.20528872,0.38921285,0,0,adulto
ICB_03424_003,ICB_141,copd,3M Littmann Classic II SE,66.0,0,0,4,0.19384725,0.34379518,0,0,adulto
ICB_03424_004,ICB_141,copd,3M Littmann Classic II SE,66.0,0,0,4,0.34011757,0.38040435,0,0,adulto
ICB_03425_000,ICB_141,copd,3M Littmann Classic II SE,66.0,0,0,4,0.39807594,0.18725745,0,0,adulto
ICB_03425_001,ICB_141,copd,3M Littmann Classic II SE,66.0,0,1,4,0.4706993,0.99681807,2,2,adulto
ICB_03425_002,ICB_141,copd,3M Littmann Classic II SE,66.0,0,1,4,0.50867456,0.9936725,2,2,adulto
ICB_03425_003,ICB_141,copd,3M Littmann Classic II SE,66.0,0,1,4,0.57639575,0.99184215,2,2,adulto
ICB_03425_004,ICB_141,copd,3M Littmann Classic II SE,66.0,0,1,4,0.6968511,0.9720295,3,2,adulto
ICB_03426_000,ICB_141,copd,3M Littmann Classic II SE,66.0,0,0,4,0.6077489,0.32417598,0,0,adulto
ICB_03426_001,ICB_141,copd,3M Littmann Classic II SE,66.0,0,1,4,0.597895,0.8193695,0,2,adulto
ICB_03426_002,ICB_141,copd,3M Littmann Classic II SE,66.0,0,0,4,0.60429096,0.6038787,0,0,adulto
ICB_03426_003,ICB_141,copd,3M Littmann Classic II SE,66.0,0,1,4,0.5623991,0.4905858,0,2,adulto
ICB_03426_004,ICB_141,copd,3M Littmann Classic II SE,66.0,0,1,4,0.7347619,0.5821542,1,2,adulto
ICB_03427_000,ICB_141,copd,3M Littmann Classic II SE,66.0,1,1,4,0.42972735,0.8456978,0,3,adulto
ICB_03427_001,ICB_141,copd,3M Littmann Classic II SE,66.0,1,1,4,0.4305977,0.75949985,0,3,adulto
ICB_03427_002,ICB_141,copd,3M Littmann Classic II SE,66.0,1,1,4,0.6032161,0.25994492,0,3,adulto
ICB_03427_003,ICB_141,copd,3M Littmann Classic II SE,66.0,1,1,4,0.44381806,0.7592672,0,3,adulto
ICB_03427_004,ICB_141,copd,3M Littmann Classic II SE,66.0,1,1,4,0.3913869,0.9482142,2,3,adulto
ICB_03427_005,ICB_141,copd,3M Littmann Classic II SE,66.0,1,1,4,0.5513623,0.5466301,0,3,adulto
ICB_03470_000,ICB_150,respiratory_infection,AKG C417L Microphone,0.67,1,0,4,0.5670317,0.32178426,0,1,pediátrico (<18)
ICB_03470_001,ICB_150,respiratory_infection,AKG C417L Microphone,0.67,1,0,4,0.27246633,0.2495466,0,1,pediátrico (<18)
ICB_03470_002,ICB_150,respiratory_infection,AKG C417L Microphone,0.67,1,0,4,0.5153214,0.18735778,0,1,pediátrico (<18)
ICB_03470_003,ICB_150,respiratory_infection,AKG C417L Microphone,0.67,1,0,4,0.45249987,0.15994638,0,1,pediátrico (<18)
ICB_03470_004,ICB_150,respiratory_infection,AKG C417L Microphone,0.67,0,0,4,0.5021644,0.38154805,0,0,pediátrico (<18)
ICB_03470_005,ICB_150,respiratory_infection,AKG C417L Microphone,0.67,1,0,4,0.4072584,0.30985516,0,1,pediátrico (<18)
ICB_03470_006,ICB_150,respiratory_infection,AKG C417L Microphone,0.67,1,0,4,0.22702782,0.18279018,0,1,pediátrico (<18)
ICB_03470_007,ICB_150,respiratory_infection,AKG C417L Microphone,0.67,1,0,4,0.193212,0.11622916,0,1,pediátrico (<18)
ICB_03470_008,ICB_150,respiratory_infection,AKG C417L Microphone,0.67,1,0,4,0.23153782,0.16095269,0,1,pediátrico (<18)
ICB_03470_009,ICB_150,respiratory_infection,AKG C417L Microphone,0.67,0,0,4,0.23131227,0.1759992,0,0,pediátrico (<18)
ICB_03470_010,ICB_150,respiratory_infection,AKG C417L Microphone,0.67,1,0,4,0.3332038,0.17838517,0,1,pediátrico (<18)
ICB_03470_011,ICB_150,respiratory_infection,AKG C417L Microphone,0.67,0,0,4,0.19581993,0.16735826,0,0,pediátrico (<18)
ICB_03470_012,ICB_150,respiratory_infection,AKG C417L Microphone,0.67,0,0,4,0.29713276,0.18782745,0,0,pediátrico (<18)
ICB_03470_013,ICB_150,respiratory_infection,AKG C417L Microphone,0.67,0,0,4,0.21245609,0.11373079,0,0,pediátrico (<18)
ICB_03470_014,ICB_150,respiratory_infection,AKG C417L Microphone,0.67,0,1,4,0.22735268,0.998934,2,2,pediátrico (<18)
ICB_03470_015,ICB_150,respiratory_infection,AKG C417L Microphone,0.67,0,0,4,0.4154959,0.20383726,0,0,pediátrico (<18)
ICB_03470_016,ICB_150,respiratory_infection,AKG C417L Microphone,0.67,0,0,4,0.40872318,0.1318208,0,0,pediátrico (<18)
ICB_03500_000,ICB_153,normal_lung,3M Littmann Classic II SE,3.0,0,0,4,0.6117353,0.47567415,0,0,pediátrico (<18)
ICB_03500_001,ICB_153,normal_lung,3M Littmann Classic II SE,3.0,0,0,4,0.46544462,0.30175367,0,0,pediátrico (<18)
ICB_03500_002,ICB_153,normal_lung,3M Littmann Classic II SE,3.0,0,0,4,0.4470217,0.1793257,0,0,pediátrico (<18)
ICB_03500_003,ICB_153,normal_lung,3M Littmann Classic II SE,3.0,0,0,4,0.5254194,0.290157,0,0,pediátrico (<18)
ICB_03500_004,ICB_153,normal_lung,3M Littmann Classic II SE,3.0,0,0,4,0.2760327,0.2699389,0,0,pediátrico (<18)
ICB_03500_005,ICB_153,normal_lung,3M Littmann Classic II SE,3.0,0,0,4,0.35633242,0.35936505,0,0,pediátrico (<18)
ICB_03500_006,ICB_153,normal_lung,3M Littmann Classic II SE,3.0,0,0,4,0.43649423,0.37177074,0,0,pediátrico (<18)
ICB_03500_007,ICB_153,normal_lung,3M Littmann Classic II SE,3.0,0,0,4,0.3110755,0.5894733,0,0,pediátrico (<18)
ICB_03500_008,ICB_153,normal_lung,3M Littmann Classic II SE,3.0,0,0,4,0.35272995,0.17584732,0,0,pediátrico (<18)
ICB_03525_000,ICB_156,copd,AKG C417L Microphone,80.0,1,1,4,0.3317565,0.33609718,0,3,adulto
ICB_03525_001,ICB_156,copd,AKG C417L Microphone,80.0,1,1,4,0.35519302,0.6872043,0,3,adulto
ICB_03525_002,ICB_156,copd,AKG C417L Microphone,80.0,1,0,4,0.5094345,0.9629676,2,1,adulto
ICB_03525_003,ICB_156,copd,AKG C417L Microphone,80.0,1,1,4,0.39263564,0.7372114,0,3,adulto
ICB_03525_004,ICB_156,copd,AKG C417L Microphone,80.0,1,1,4,0.5193493,0.5807815,0,3,adulto
ICB_03525_005,ICB_156,copd,AKG C417L Microphone,80.0,1,1,4,0.58808243,0.41505912,0,3,adulto
ICB_03526_000,ICB_156,copd,AKG C417L Microphone,80.0,0,1,4,0.046136063,0.37855986,0,2,adulto
ICB_03526_001,ICB_156,copd,AKG C417L Microphone,80.0,1,1,4,0.12032031,0.8341396,0,3,adulto
ICB_03526_002,ICB_156,copd,AKG C417L Microphone,80.0,1,0,4,0.262231,0.76849735,0,1,adulto
ICB_03526_003,ICB_156,copd,AKG C417L Microphone,80.0,0,0,4,0.057769187,0.7551546,0,0,adulto
ICB_03526_004,ICB_156,copd,AKG C417L Microphone,80.0,1,0,4,0.12705784,0.53038055,0,1,adulto
ICB_03526_005,ICB_156,copd,AKG C417L Microphone,80.0,1,0,4,0.15607604,0.75583714,0,1,adulto
ICB_03527_000,ICB_156,copd,AKG C417L Microphone,80.0,1,1,4,0.4728424,0.7306293,0,3,adulto
ICB_03527_001,ICB_156,copd,AKG C417L Microphone,80.0,1,1,4,0.52200395,0.6465772,0,3,adulto
ICB_03527_002,ICB_156,copd,AKG C417L Microphone,80.0,1,1,4,0.4009709,0.83183926,0,3,adulto
ICB_03527_003,ICB_156,copd,AKG C417L Microphone,80.0,1,1,4,0.5146417,0.57253337,0,3,adulto
ICB_03527_004,ICB_156,copd,AKG C417L Microphone,80.0,1,1,4,0.578079,0.5935239,0,3,adulto
ICB_03527_005,ICB_156,copd,AKG C417L Microphone,80.0,1,1,4,0.53505987,0.60038376,0,3,adulto
ICB_03528_000,ICB_156,copd,AKG C417L Microphone,80.0,1,1,4,0.59665835,0.28706282,0,3,adulto
ICB_03528_001,ICB_156,copd,AKG C417L Microphone,80.0,1,1,4,0.5855041,0.25417373,0,3,adulto
ICB_03528_002,ICB_156,copd,AKG C417L Microphone,80.0,1,0,4,0.56024474,0.58156544,0,1,adulto
ICB_03528_003,ICB_156,copd,AKG C417L Microphone,80.0,1,0,4,0.53313375,0.46374536,0,1,adulto
ICB_03528_004,ICB_156,copd,AKG C417L Microphone,80.0,1,0,4,0.5443595,0.31966755,0,1,adulto
ICB_03528_005,ICB_156,copd,AKG C417L Microphone,80.0,1,1,4,0.62424386,0.48713213,0,3,adulto
ICB_03529_000,ICB_156,copd,AKG C417L Microphone,80.0,1,1,4,0.6151763,0.8873921,2,3,adulto
ICB_03529_001,ICB_156,copd,AKG C417L Microphone,80.0,1,1,4,0.55769676,0.61120254,0,3,adulto
ICB_03529_002,ICB_156,copd,AKG C417L Microphone,80.0,1,0,4,0.68901134,0.8041173,1,1,adulto
ICB_03529_003,ICB_156,copd,AKG C417L Microphone,80.0,1,1,4,0.63011664,0.790375,0,3,adulto
ICB_03529_004,ICB_156,copd,AKG C417L Microphone,80.0,1,1,4,0.5761502,0.58536816,0,3,adulto
ICB_03529_005,ICB_156,copd,AKG C417L Microphone,80.0,1,1,4,0.58090955,0.6357031,0,3,adulto
ICB_03530_000,ICB_156,copd,AKG C417L Microphone,80.0,1,0,4,0.5578128,0.510071,0,1,adulto
ICB_03530_001,ICB_156,copd,AKG C417L Microphone,80.0,1,0,4,0.6816269,0.5292608,1,1,adulto
ICB_03530_002,ICB_156,copd,AKG C417L Microphone,80.0,1,0,4,0.35323355,0.48204052,0,1,adulto
ICB_03530_003,ICB_156,copd,AKG C417L Microphone,80.0,1,0,4,0.44234768,0.52081555,0,1,adulto
ICB_03530_004,ICB_156,copd,AKG C417L Microphone,80.0,1,0,4,0.5197491,0.46377745,0,1,adulto
ICB_03530_005,ICB_156,copd,AKG C417L Microphone,80.0,1,0,4,0.4809155,0.2157011,0,1,adulto
ICB_03531_000,ICB_156,copd,AKG C417L Microphone,80.0,0,1,4,0.34131375,0.5030813,0,2,adulto
ICB_03531_001,ICB_156,copd,AKG C417L Microphone,80.0,1,1,4,0.37890786,0.5144852,0,3,adulto
ICB_03531_002,ICB_156,copd,AKG C417L Microphone,80.0,1,1,4,0.44836202,0.753277,0,3,adulto
ICB_03531_003,ICB_156,copd,AKG C417L Microphone,80.0,1,1,4,0.29214668,0.6751985,0,3,adulto
ICB_03531_004,ICB_156,copd,AKG C417L Microphone,80.0,1,1,4,0.4640686,0.9346706,2,3,adulto
ICB_03531_005,ICB_156,copd,AKG C417L Microphone,80.0,1,1,4,0.62876296,0.28673756,0,3,adulto
ICB_03531_006,ICB_156,copd,AKG C417L Microphone,80.0,1,1,4,0.5075087,0.42761862,0,3,adulto
ICB_03531_007,ICB_156,copd,AKG C417L Microphone,80.0,1,1,4,0.49423236,0.43321496,0,3,adulto
ICB_03531_008,ICB_156,copd,AKG C417L Microphone,80.0,1,1,4,0.5601237,0.15976387,0,3,adulto
ICB_03532_000,ICB_156,copd,AKG C417L Microphone,80.0,0,1,4,0.3501434,0.191688,0,2,adulto
ICB_03532_001,ICB_156,copd,AKG C417L Microphone,80.0,1,1,4,0.29277438,0.49791482,0,3,adulto
ICB_03532_002,ICB_156,copd,AKG C417L Microphone,80.0,1,1,4,0.14065436,0.33079022,0,3,adulto
ICB_03532_003,ICB_156,copd,AKG C417L Microphone,80.0,0,1,4,0.12503494,0.6663941,0,2,adulto
ICB_03532_004,ICB_156,copd,AKG C417L Microphone,80.0,1,1,4,0.29416996,0.40957996,0,3,adulto
ICB_03532_005,ICB_156,copd,AKG C417L Microphone,80.0,1,1,4,0.25530246,0.23922898,0,3,adulto
ICB_03532_006,ICB_156,copd,AKG C417L Microphone,80.0,1,1,4,0.53855133,0.33310458,0,3,adulto
ICB_03532_007,ICB_156,copd,AKG C417L Microphone,80.0,1,1,4,0.18732116,0.82732344,0,3,adulto
ICB_03532_008,ICB_156,copd,AKG C417L Microphone,80.0,1,1,4,0.41532788,0.3746121,0,3,adulto
ICB_03533_000,ICB_156,copd,AKG C417L Microphone,80.0,1,1,4,0.34575978,0.37056977,0,3,adulto
ICB_03533_001,ICB_156,copd,AKG C417L Microphone,80.0,1,1,4,0.37938848,0.30257347,0,3,adulto
ICB_03533_002,ICB_156,copd,AKG C417L Microphone,80.0,1,0,4,0.23571686,0.4951105,0,1,adulto
ICB_03533_003,ICB_156,copd,AKG C417L Microphone,80.0,1,0,4,0.2119503,0.41803816,0,1,adulto
ICB_03533_004,ICB_156,copd,AKG C417L Microphone,80.0,1,0,4,0.16067411,0.631046,0,1,adulto
ICB_03533_005,ICB_156,copd,AKG C417L Microphone,80.0,1,0,4,0.2996229,0.48248458,0,1,adulto
ICB_03533_006,ICB_156,copd,AKG C417L Microphone,80.0,1,0,4,0.35998031,0.36974522,0,1,adulto
ICB_03533_007,ICB_156,copd,AKG C417L Microphone,80.0,1,0,4,0.50755453,0.24086624,0,1,adulto
ICB_03533_008,ICB_156,copd,AKG C417L Microphone,80.0,1,0,4,0.5856305,0.6110064,0,1,adulto
ICB_03534_000,ICB_156,copd,AKG C417L Microphone,80.0,1,0,4,0.41720456,0.22939952,0,1,adulto
ICB_03534_001,ICB_156,copd,AKG C417L Microphone,80.0,1,1,4,0.588245,0.2835827,0,3,adulto
ICB_03534_002,ICB_156,copd,AKG C417L Microphone,80.0,1,1,4,0.45338476,0.4661223,0,3,adulto
ICB_03534_003,ICB_156,copd,AKG C417L Microphone,80.0,1,1,4,0.63873535,0.3856192,0,3,adulto
ICB_03534_004,ICB_156,copd,AKG C417L Microphone,80.0,1,1,4,0.33870903,0.9862531,2,3,adulto
ICB_03534_005,ICB_156,copd,AKG C417L Microphone,80.0,1,1,4,0.45173186,0.37791976,0,3,adulto
ICB_03534_006,ICB_156,copd,AKG C417L Microphone,80.0,1,1,4,0.5582609,0.99326867,2,3,adulto
ICB_03534_007,ICB_156,copd,AKG C417L Microphone,80.0,1,1,4,0.68394876,0.9988914,3,3,adulto
ICB_03534_008,ICB_156,copd,AKG C417L Microphone,80.0,1,1,4,0.6100096,0.8971204,2,3,adulto
ICB_03535_000,ICB_156,copd,AKG C417L Microphone,80.0,1,1,4,0.6486162,0.66953987,0,3,adulto
ICB_03535_001,ICB_156,copd,AKG C417L Microphone,80.0,1,1,4,0.58775246,0.44559512,0,3,adulto
ICB_03535_002,ICB_156,copd,AKG C417L Microphone,80.0,1,1,4,0.44106147,0.42687857,0,3,adulto
ICB_03535_003,ICB_156,copd,AKG C417L Microphone,80.0,1,1,4,0.47928545,0.37199968,0,3,adulto
ICB_03535_004,ICB_156,copd,AKG C417L Microphone,80.0,1,1,4,0.67726713,0.36036575,1,3,adulto
ICB_03535_005,ICB_156,copd,AKG C417L Microphone,80.0,1,1,4,0.60018975,0.5043434,0,3,adulto
ICB_03535_006,ICB_156,copd,AKG C417L Microphone,80.0,1,0,4,0.57419705,0.22718394,0,1,adulto
ICB_03535_007,ICB_156,copd,AKG C417L Microphone,80.0,1,1,4,0.6474236,0.3713473,0,3,adulto
ICB_03535_008,ICB_156,copd,AKG C417L Microphone,80.0,1,0,4,0.6284066,0.264557,0,1,adulto
ICB_03536_000,ICB_156,copd,AKG C417L Microphone,80.0,1,1,4,0.6904837,0.66264063,1,3,adulto
ICB_03536_001,ICB_156,copd,AKG C417L Microphone,80.0,1,1,4,0.6482991,0.66945964,0,3,adulto
ICB_03536_002,ICB_156,copd,AKG C417L Microphone,80.0,1,1,4,0.7444365,0.8500426,3,3,adulto
ICB_03536_003,ICB_156,copd,AKG C417L Microphone,80.0,1,1,4,0.69955444,0.7854286,1,3,adulto
ICB_03536_004,ICB_156,copd,AKG C417L Microphone,80.0,1,1,4,0.6879334,0.9827391,3,3,adulto
ICB_03536_005,ICB_156,copd,AKG C417L Microphone,80.0,1,1,4,0.5894648,0.8135454,0,3,adulto
ICB_03536_006,ICB_156,copd,AKG C417L Microphone,80.0,1,1,4,0.63450253,0.9837302,2,3,adulto
ICB_03536_007,ICB_156,copd,AKG C417L Microphone,80.0,1,1,4,0.6811329,0.97274345,3,3,adulto
ICB_03536_008,ICB_156,copd,AKG C417L Microphone,80.0,1,1,4,0.65967363,0.95036685,3,3,adulto
ICB_03537_000,ICB_156,copd,AKG C417L Microphone,80.0,0,0,4,0.6822666,0.39779678,1,0,adulto
ICB_03537_001,ICB_156,copd,AKG C417L Microphone,80.0,1,1,4,0.5359361,0.9713978,2,3,adulto
ICB_03537_002,ICB_156,copd,AKG C417L Microphone,80.0,1,1,4,0.49209213,0.74955595,0,3,adulto
ICB_03537_003,ICB_156,copd,AKG C417L Microphone,80.0,1,1,4,0.44191238,0.91838455,2,3,adulto
ICB_03537_004,ICB_156,copd,AKG C417L Microphone,80.0,1,1,4,0.5414507,0.9924723,2,3,adulto
ICB_03537_005,ICB_156,copd,AKG C417L Microphone,80.0,0,1,4,0.47024244,0.24691904,0,2,adulto
ICB_03537_006,ICB_156,copd,AKG C417L Microphone,80.0,0,1,4,0.47403497,0.79819894,0,2,adulto
ICB_03537_007,ICB_156,copd,AKG C417L Microphone,80.0,0,1,4,0.5753021,0.95491606,2,2,adulto
ICB_03538_000,ICB_156,copd,AKG C417L Microphone,80.0,1,0,4,0.15765548,0.42414853,0,1,adulto
ICB_03538_001,ICB_156,copd,AKG C417L Microphone,80.0,0,1,4,0.026415965,0.8815384,2,2,adulto
ICB_03538_002,ICB_156,copd,AKG C417L Microphone,80.0,0,1,4,0.03080449,0.9118363,2,2,adulto
ICB_03538_003,ICB_156,copd,AKG C417L Microphone,80.0,0,1,4,0.07791608,0.74531883,0,2,adulto
ICB_03538_004,ICB_156,copd,AKG C417L Microphone,80.0,0,1,4,0.03653663,0.9787123,2,2,adulto
ICB_03538_005,ICB_156,copd,AKG C417L Microphone,80.0,0,0,4,0.053205762,0.6356639,0,0,adulto
ICB_03538_006,ICB_156,copd,AKG C417L Microphone,80.0,0,1,4,0.042511545,0.8097956,0,2,adulto
ICB_03538_007,ICB_156,copd,AKG C417L Microphone,80.0,0,1,4,0.039403845,0.9296278,2,2,adulto
ICB_03539_000,ICB_156,copd,AKG C417L Microphone,80.0,1,0,4,0.6305197,0.34918052,0,1,adulto
ICB_03539_001,ICB_156,copd,AKG C417L Microphone,80.0,1,1,4,0.5141662,0.95591617,2,3,adulto
ICB_03539_002,ICB_156,copd,AKG C417L Microphone,80.0,1,1,4,0.3469175,0.97273207,2,3,adulto
ICB_03539_003,ICB_156,copd,AKG C417L Microphone,80.0,1,1,4,0.5128739,0.99835914,2,3,adulto
ICB_03539_004,ICB_156,copd,AKG C417L Microphone,80.0,1,1,4,0.52345616,0.9924442,2,3,adulto
ICB_03539_005,ICB_156,copd,AKG C417L Microphone,80.0,1,1,4,0.5416935,0.5465708,0,3,adulto
ICB_03539_006,ICB_156,copd,AKG C417L Microphone,80.0,1,1,4,0.57573545,0.9431383,2,3,adulto
ICB_03539_007,ICB_156,copd,AKG C417L Microphone,80.0,1,1,4,0.50223565,0.9860692,2,3,adulto
ICB_03540_000,ICB_156,copd,AKG C417L Microphone,80.0,0,0,4,0.18053108,0.6250561,0,0,adulto
ICB_03540_001,ICB_156,copd,AKG C417L Microphone,80.0,0,0,4,0.07031349,0.7218343,0,0,adulto
ICB_03540_002,ICB_156,copd,AKG C417L Microphone,80.0,0,0,4,0.03069534,0.68692887,0,0,adulto
ICB_03540_003,ICB_156,copd,AKG C417L Microphone,80.0,0,0,4,0.056956876,0.59629375,0,0,adulto
ICB_03540_004,ICB_156,copd,AKG C417L Microphone,80.0,0,0,4,0.05512237,0.78858095,0,0,adulto
ICB_03540_005,ICB_156,copd,AKG C417L Microphone,80.0,0,0,4,0.093698025,0.21011285,0,0,adulto
ICB_03540_006,ICB_156,copd,AKG C417L Microphone,80.0,0,0,4,0.33848247,0.46336347,0,0,adulto
ICB_03540_007,ICB_156,copd,AKG C417L Microphone,80.0,0,1,4,0.111590765,0.78226095,0,2,adulto
ICB_03541_000,ICB_156,copd,AKG C417L Microphone,80.0,1,0,4,0.52796,0.4905177,0,1,adulto
ICB_03541_001,ICB_156,copd,AKG C417L Microphone,80.0,0,1,4,0.5376536,0.99558926,2,2,adulto
ICB_03541_002,ICB_156,copd,AKG C417L Microphone,80.0,1,1,4,0.5133954,0.9845717,2,3,adulto
ICB_03541_003,ICB_156,copd,AKG C417L Microphone,80.0,1,1,4,0.47172397,0.990849,2,3,adulto
ICB_03541_004,ICB_156,copd,AKG C417L Microphone,80.0,1,1,4,0.4677134,0.98181665,2,3,adulto
ICB_03541_005,ICB_156,copd,AKG C417L Microphone,80.0,1,0,4,0.4467728,0.36151248,0,1,adulto
ICB_03541_006,ICB_156,copd,AKG C417L Microphone,80.0,1,1,4,0.59916204,0.9490231,2,3,adulto
ICB_03541_007,ICB_156,copd,AKG C417L Microphone,80.0,1,1,4,0.5934663,0.9982223,2,3,adulto
ICB_03600_000,ICB_162,copd,AKG C417L Microphone,67.0,0,0,4,0.5620402,0.27695483,0,0,adulto
ICB_03600_001,ICB_162,copd,AKG C417L Microphone,67.0,0,0,4,0.5291598,0.42486975,0,0,adulto
ICB_03600_002,ICB_162,copd,AKG C417L Microphone,67.0,0,0,4,0.57806677,0.25660658,0,0,adulto
ICB_03601_000,ICB_162,copd,AKG C417L Microphone,67.0,0,0,4,0.59419024,0.3002876,0,0,adulto
ICB_03601_001,ICB_162,copd,AKG C417L Microphone,67.0,1,1,4,0.5538702,0.194825,0,3,adulto
ICB_03601_002,ICB_162,copd,AKG C417L Microphone,67.0,0,0,4,0.5461375,0.2394485,0,0,adulto
ICB_03602_000,ICB_162,copd,AKG C417L Microphone,67.0,0,0,4,0.40359634,0.6959838,0,0,adulto
ICB_03602_001,ICB_162,copd,AKG C417L Microphone,67.0,0,0,4,0.48321998,0.473105,0,0,adulto
ICB_03602_002,ICB_162,copd,AKG C417L Microphone,67.0,0,0,4,0.42891684,0.27862868,0,0,adulto
ICB_03603_000,ICB_162,copd,AKG C417L Microphone,67.0,0,0,4,0.4994563,0.47680122,0,0,adulto
ICB_03603_001,ICB_162,copd,AKG C417L Microphone,67.0,0,0,4,0.6443502,0.18277515,0,0,adulto
ICB_03603_002,ICB_162,copd,AKG C417L Microphone,67.0,0,0,4,0.55904317,0.24291238,0,0,adulto
ICB_03604_000,ICB_162,copd,AKG C417L Microphone,67.0,0,0,4,0.55186903,0.22877988,0,0,adulto
ICB_03604_001,ICB_162,copd,AKG C417L Microphone,67.0,0,0,4,0.6009719,0.66020554,0,0,adulto
ICB_03604_002,ICB_162,copd,AKG C417L Microphone,67.0,0,0,4,0.50052583,0.22953585,0,0,adulto
ICB_03605_000,ICB_162,copd,AKG C417L Microphone,67.0,0,0,4,0.5196831,0.39678946,0,0,adulto
ICB_03605_001,ICB_162,copd,AKG C417L Microphone,67.0,0,0,4,0.62815756,0.4620766,0,0,adulto
ICB_03605_002,ICB_162,copd,AKG C417L Microphone,67.0,0,0,4,0.6557988,0.54705495,1,0,adulto
ICB_03606_000,ICB_162,copd,AKG C417L Microphone,67.0,1,0,4,0.34026882,0.34143555,0,1,adulto
ICB_03606_001,ICB_162,copd,AKG C417L Microphone,67.0,1,0,4,0.23506278,0.3698275,0,1,adulto
ICB_03606_002,ICB_162,copd,AKG C417L Microphone,67.0,1,0,4,0.35286337,0.271578,0,1,adulto
ICB_03607_000,ICB_162,copd,AKG C417L Microphone,67.0,0,0,4,0.5524777,0.44885433,0,0,adulto
ICB_03607_001,ICB_162,copd,AKG C417L Microphone,67.0,0,0,4,0.6815885,0.4608556,1,0,adulto
ICB_03607_002,ICB_162,copd,AKG C417L Microphone,67.0,0,0,4,0.5089809,0.56155306,0,0,adulto
ICB_03607_003,ICB_162,copd,AKG C417L Microphone,67.0,0,0,4,0.3925666,0.9159705,2,0,adulto
ICB_03608_000,ICB_162,copd,AKG C417L Microphone,67.0,0,0,4,0.541037,0.70583016,0,0,adulto
ICB_03608_001,ICB_162,copd,AKG C417L Microphone,67.0,0,0,4,0.51204246,0.31112564,0,0,adulto
ICB_03608_002,ICB_162,copd,AKG C417L Microphone,67.0,0,0,4,0.5195228,0.78156847,0,0,adulto
ICB_03608_003,ICB_162,copd,AKG C417L Microphone,67.0,0,0,4,0.54665035,0.8938818,2,0,adulto
ICB_03609_000,ICB_162,copd,AKG C417L Microphone,67.0,0,0,4,0.58691865,0.9035685,2,0,adulto
ICB_03609_001,ICB_162,copd,AKG C417L Microphone,67.0,0,0,4,0.59784406,0.62781936,0,0,adulto
ICB_03609_002,ICB_162,copd,AKG C417L Microphone,67.0,0,0,4,0.4523901,0.6700785,0,0,adulto
ICB_03609_003,ICB_162,copd,AKG C417L Microphone,67.0,0,0,4,0.50820655,0.9211679,2,0,adulto
ICB_03610_000,ICB_162,copd,AKG C417L Microphone,67.0,0,0,4,0.469402,0.87114656,2,0,adulto
ICB_03610_001,ICB_162,copd,AKG C417L Microphone,67.0,0,0,4,0.46157902,0.7945393,0,0,adulto
ICB_03610_002,ICB_162,copd,AKG C417L Microphone,67.0,0,0,4,0.33018306,0.770876,0,0,adulto
ICB_03610_003,ICB_162,copd,AKG C417L Microphone,67.0,0,0,4,0.40282986,0.9032387,2,0,adulto
ICB_03611_000,ICB_162,copd,AKG C417L Microphone,67.0,0,0,4,0.20392488,0.24659215,0,0,adulto
ICB_03611_001,ICB_162,copd,AKG C417L Microphone,67.0,0,0,4,0.30779317,0.40730217,0,0,adulto
ICB_03611_002,ICB_162,copd,AKG C417L Microphone,67.0,0,0,4,0.34055057,0.15892142,0,0,adulto
ICB_03611_003,ICB_162,copd,AKG C417L Microphone,67.0,0,0,4,0.29393336,0.6939363,0,0,adulto
ICB_03612_000,ICB_162,copd,AKG C417L Microphone,67.0,0,0,4,0.53424954,0.5243491,0,0,adulto
ICB_03612_001,ICB_162,copd,AKG C417L Microphone,67.0,0,0,4,0.38747066,0.647848,0,0,adulto
ICB_03612_002,ICB_162,copd,AKG C417L Microphone,67.0,0,0,4,0.43654296,0.41192734,0,0,adulto
ICB_03612_003,ICB_162,copd,AKG C417L Microphone,67.0,0,0,4,0.4966722,0.37505138,0,0,adulto
ICB_03613_000,ICB_162,copd,AKG C417L Microphone,67.0,0,0,4,0.56963724,0.2985982,0,0,adulto
ICB_03613_001,ICB_162,copd,AKG C417L Microphone,67.0,0,0,4,0.45736837,0.41430095,0,0,adulto
ICB_03613_002,ICB_162,copd,AKG C417L Microphone,67.0,0,0,4,0.5304991,0.34514368,0,0,adulto
ICB_03613_003,ICB_162,copd,AKG C417L Microphone,67.0,0,0,4,0.4938412,0.21597466,0,0,adulto
ICB_03614_000,ICB_162,copd,AKG C417L Microphone,67.0,0,0,4,0.56276613,0.8652829,2,0,adulto
ICB_03614_001,ICB_162,copd,AKG C417L Microphone,67.0,0,0,4,0.49756527,0.99094033,2,0,adulto
ICB_03614_002,ICB_162,copd,AKG C417L Microphone,67.0,0,0,4,0.61900604,0.940519,2,0,adulto
ICB_03614_003,ICB_162,copd,AKG C417L Microphone,67.0,0,0,4,0.29869226,0.53351873,0,0,adulto
ICB_03615_000,ICB_162,copd,AKG C417L Microphone,67.0,0,0,4,0.6435461,0.5193171,0,0,adulto
ICB_03615_001,ICB_162,copd,AKG C417L Microphone,67.0,0,0,4,0.42761344,0.52750057,0,0,adulto
ICB_03615_002,ICB_162,copd,AKG C417L Microphone,67.0,0,0,4,0.52849597,0.2845469,0,0,adulto
ICB_03615_003,ICB_162,copd,AKG C417L Microphone,67.0,0,0,4,0.41131845,0.30748668,0,0,adulto
ICB_03616_000,ICB_162,copd,AKG C417L Microphone,67.0,0,0,4,0.34563583,0.653178,0,0,adulto
ICB_03616_001,ICB_162,copd,AKG C417L Microphone,67.0,0,0,4,0.41249335,0.86043423,2,0,adulto
ICB_03616_002,ICB_162,copd,AKG C417L Microphone,67.0,0,0,4,0.33767906,0.52492577,0,0,adulto
ICB_03616_003,ICB_162,copd,AKG C417L Microphone,67.0,0,0,4,0.42810836,0.35038617,0,0,adulto
ICB_03617_000,ICB_162,copd,AKG C417L Microphone,67.0,0,0,4,0.07136514,0.4098578,0,0,adulto
ICB_03617_001,ICB_162,copd,AKG C417L Microphone,67.0,0,0,4,0.06315359,0.3975473,0,0,adulto
ICB_03617_002,ICB_162,copd,AKG C417L Microphone,67.0,0,0,4,0.11843657,0.63716584,0,0,adulto
ICB_03617_003,ICB_162,copd,AKG C417L Microphone,67.0,0,0,4,0.061239026,0.54014754,0,0,adulto
ICB_03618_000,ICB_162,copd,AKG C417L Microphone,67.0,0,0,4,0.56610817,0.5782493,0,0,adulto
ICB_03618_001,ICB_162,copd,AKG C417L Microphone,67.0,0,0,4,0.49022233,0.36349127,0,0,adulto
ICB_03618_002,ICB_162,copd,AKG C417L Microphone,67.0,0,0,4,0.51815957,0.94336635,2,0,adulto
ICB_03618_003,ICB_162,copd,AKG C417L Microphone,67.0,0,0,4,0.5569673,0.74834234,0,0,adulto
ICB_03619_000,ICB_162,copd,AKG C417L Microphone,67.0,0,0,4,0.51685053,0.43461004,0,0,adulto
ICB_03619_001,ICB_162,copd,AKG C417L Microphone,67.0,0,0,4,0.5141977,0.38103637,0,0,adulto
ICB_03619_002,ICB_162,copd,AKG C417L Microphone,67.0,0,0,4,0.58610904,0.94832844,2,0,adulto
ICB_03619_003,ICB_162,copd,AKG C417L Microphone,67.0,0,0,4,0.5564726,0.36923718,0,0,adulto
ICB_03620_000,ICB_162,copd,AKG C417L Microphone,67.0,0,0,4,0.3489523,0.88342917,2,0,adulto
ICB_03620_001,ICB_162,copd,AKG C417L Microphone,67.0,0,0,4,0.28250027,0.49517488,0,0,adulto
ICB_03620_002,ICB_162,copd,AKG C417L Microphone,67.0,0,0,4,0.38228717,0.9136715,2,0,adulto
ICB_03620_003,ICB_162,copd,AKG C417L Microphone,67.0,0,0,4,0.48476768,0.85137856,2,0,adulto
ICB_03621_000,ICB_162,copd,AKG C417L Microphone,67.0,0,0,4,0.48728287,0.94376343,2,0,adulto
ICB_03621_001,ICB_162,copd,AKG C417L Microphone,67.0,0,0,4,0.3788294,0.31632164,0,0,adulto
ICB_03621_002,ICB_162,copd,AKG C417L Microphone,67.0,0,0,4,0.5106974,0.7103028,0,0,adulto
ICB_03621_003,ICB_162,copd,AKG C417L Microphone,67.0,0,0,4,0.44281048,0.6530547,0,0,adulto
ICB_03622_000,ICB_162,copd,AKG C417L Microphone,67.0,0,1,4,0.546359,0.94594646,2,2,adulto
ICB_03622_001,ICB_162,copd,AKG C417L Microphone,67.0,0,0,4,0.5396104,0.529232,0,0,adulto
ICB_03622_002,ICB_162,copd,AKG C417L Microphone,67.0,0,0,4,0.48966748,0.9506933,2,0,adulto
ICB_03622_003,ICB_162,copd,AKG C417L Microphone,67.0,0,0,4,0.4472534,0.61047757,0,0,adulto
ICB_03623_000,ICB_162,copd,AKG C417L Microphone,67.0,1,0,4,0.08412264,0.7535621,0,1,adulto
ICB_03623_001,ICB_162,copd,AKG C417L Microphone,67.0,1,0,4,0.08151585,0.46342233,0,1,adulto
ICB_03623_002,ICB_162,copd,AKG C417L Microphone,67.0,1,0,4,0.10147542,0.9142914,2,1,adulto
ICB_03623_003,ICB_162,copd,AKG C417L Microphone,67.0,0,0,4,0.09951948,0.740318,0,0,adulto
ICB_03705_000,ICB_174,copd,AKG C417L Microphone,68.0,0,1,4,0.5846221,0.29383105,0,2,adulto
ICB_03705_001,ICB_174,copd,AKG C417L Microphone,68.0,0,0,4,0.6104746,0.2003804,0,0,adulto
ICB_03705_002,ICB_174,copd,AKG C417L Microphone,68.0,1,0,4,0.5659797,0.37278652,0,1,adulto
ICB_03705_003,ICB_174,copd,AKG C417L Microphone,68.0,0,0,4,0.47274518,0.23509534,0,0,adulto
ICB_03705_004,ICB_174,copd,AKG C417L Microphone,68.0,0,0,4,0.43239,0.24618554,0,0,adulto
ICB_03706_000,ICB_174,copd,AKG C417L Microphone,68.0,0,1,4,0.2867099,0.9716491,2,2,adulto
ICB_03706_001,ICB_174,copd,AKG C417L Microphone,68.0,1,0,4,0.6379827,0.8951756,2,1,adulto
ICB_03706_002,ICB_174,copd,AKG C417L Microphone,68.0,1,0,4,0.43760702,0.8405474,0,1,adulto
ICB_03706_003,ICB_174,copd,AKG C417L Microphone,68.0,1,0,4,0.4792694,0.524664,0,1,adulto
ICB_03706_004,ICB_174,copd,AKG C417L Microphone,68.0,1,0,4,0.66516054,0.72266316,1,1,adulto
ICB_03707_000,ICB_174,copd,AKG C417L Microphone,68.0,0,1,4,0.08059118,0.99709904,2,2,adulto
ICB_03707_001,ICB_174,copd,AKG C417L Microphone,68.0,1,0,4,0.54776156,0.8015023,0,1,adulto
ICB_03707_002,ICB_174,copd,AKG C417L Microphone,68.0,1,0,4,0.41386318,0.9563292,2,1,adulto
ICB_03707_003,ICB_174,copd,AKG C417L Microphone,68.0,1,0,4,0.44836885,0.5254078,0,1,adulto
ICB_03707_004,ICB_174,copd,AKG C417L Microphone,68.0,1,0,4,0.6675279,0.4192614,1,1,adulto
ICB_03708_000,ICB_174,copd,AKG C417L Microphone,68.0,0,1,4,0.5699945,0.94500434,2,2,adulto
ICB_03708_001,ICB_174,copd,AKG C417L Microphone,68.0,1,0,4,0.7225528,0.34022656,1,1,adulto
ICB_03708_002,ICB_174,copd,AKG C417L Microphone,68.0,1,0,4,0.71454155,0.72315085,1,1,adulto
ICB_03708_003,ICB_174,copd,AKG C417L Microphone,68.0,1,0,4,0.6956752,0.21278405,1,1,adulto
ICB_03708_004,ICB_174,copd,AKG C417L Microphone,68.0,1,0,4,0.7435316,0.25317165,1,1,adulto
ICB_03709_000,ICB_174,copd,AKG C417L Microphone,68.0,0,1,4,0.6487384,0.9398529,2,2,adulto
ICB_03709_001,ICB_174,copd,AKG C417L Microphone,68.0,1,0,4,0.672013,0.27410248,1,1,adulto
ICB_03709_002,ICB_174,copd,AKG C417L Microphone,68.0,1,0,4,0.64455724,0.5870962,0,1,adulto
ICB_03709_003,ICB_174,copd,AKG C417L Microphone,68.0,1,0,4,0.5173654,0.35583174,0,1,adulto
ICB_03709_004,ICB_174,copd,AKG C417L Microphone,68.0,1,0,4,0.7076603,0.34658244,1,1,adulto
ICB_03710_000,ICB_174,copd,AKG C417L Microphone,68.0,1,0,4,0.2541849,0.39001867,0,1,adulto
ICB_03710_001,ICB_174,copd,AKG C417L Microphone,68.0,1,0,4,0.25942746,0.30013475,0,1,adulto
ICB_03710_002,ICB_174,copd,AKG C417L Microphone,68.0,0,0,4,0.24256971,0.60796046,0,0,adulto
ICB_03710_003,ICB_174,copd,AKG C417L Microphone,68.0,1,0,4,0.31539178,0.28858283,0,1,adulto
ICB_03710_004,ICB_174,copd,AKG C417L Microphone,68.0,1,0,4,0.18007104,0.3258379,0,1,adulto
ICB_03711_000,ICB_174,copd,AKG C417L Microphone,68.0,1,0,4,0.55254906,0.8384372,0,1,adulto
ICB_03711_001,ICB_174,copd,AKG C417L Microphone,68.0,1,0,4,0.5874405,0.18690993,0,1,adulto
ICB_03711_002,ICB_174,copd,AKG C417L Microphone,68.0,1,0,4,0.5502367,0.26024225,0,1,adulto
ICB_03711_003,ICB_174,copd,AKG C417L Microphone,68.0,1,0,4,0.54557204,0.19521669,0,1,adulto
ICB_03711_004,ICB_174,copd,AKG C417L Microphone,68.0,1,0,4,0.49928173,0.23800291,0,1,adulto
ICB_03712_000,ICB_174,copd,AKG C417L Microphone,68.0,1,0,4,0.7061981,0.8597318,3,1,adulto
ICB_03712_001,ICB_174,copd,AKG C417L Microphone,68.0,1,0,4,0.8208553,0.65600765,1,1,adulto
ICB_03712_002,ICB_174,copd,AKG C417L Microphone,68.0,1,0,4,0.73465025,0.87973475,3,1,adulto
ICB_03712_003,ICB_174,copd,AKG C417L Microphone,68.0,1,0,4,0.8718303,0.45448378,1,1,adulto
ICB_03712_004,ICB_174,copd,AKG C417L Microphone,68.0,1,0,4,0.85363257,0.38865408,1,1,adulto
ICB_03713_000,ICB_174,copd,AKG C417L Microphone,68.0,1,0,4,0.73645544,0.8555718,3,1,adulto
ICB_03713_001,ICB_174,copd,AKG C417L Microphone,68.0,1,0,4,0.6785012,0.38579538,1,1,adulto
ICB_03713_002,ICB_174,copd,AKG C417L Microphone,68.0,1,0,4,0.5118807,0.78507423,0,1,adulto
ICB_03713_003,ICB_174,copd,AKG C417L Microphone,68.0,1,0,4,0.6183522,0.9462697,2,1,adulto
ICB_03713_004,ICB_174,copd,AKG C417L Microphone,68.0,1,0,4,0.6303553,0.78575385,0,1,adulto
ICB_03714_000,ICB_174,copd,AKG C417L Microphone,68.0,1,0,4,0.7574355,0.707414,1,1,adulto
ICB_03714_001,ICB_174,copd,AKG C417L Microphone,68.0,1,0,4,0.6988501,0.15996535,1,1,adulto
ICB_03714_002,ICB_174,copd,AKG C417L Microphone,68.0,1,0,4,0.5668143,0.24329993,0,1,adulto
ICB_03714_003,ICB_174,copd,AKG C417L Microphone,68.0,1,0,4,0.6510712,0.26009414,1,1,adulto
ICB_03714_004,ICB_174,copd,AKG C417L Microphone,68.0,1,0,4,0.7845061,0.4090461,1,1,adulto
ICB_03715_000,ICB_174,copd,AKG C417L Microphone,68.0,1,1,4,0.62949884,0.27628964,0,3,adulto
ICB_03715_001,ICB_174,copd,AKG C417L Microphone,68.0,1,0,4,0.6522369,0.30629534,1,1,adulto
ICB_03715_002,ICB_174,copd,AKG C417L Microphone,68.0,1,1,4,0.40877265,0.2225897,0,3,adulto
ICB_03715_003,ICB_174,copd,AKG C417L Microphone,68.0,1,0,4,0.4140791,0.11679451,0,1,adulto
ICB_03715_004,ICB_174,copd,AKG C417L Microphone,68.0,1,0,4,0.38390303,0.2861498,0,1,adulto
ICB_03716_000,ICB_174,copd,AKG C417L Microphone,68.0,0,0,4,0.48392278,0.6078241,0,0,adulto
ICB_03716_001,ICB_174,copd,AKG C417L Microphone,68.0,1,0,4,0.47994965,0.43098187,0,1,adulto
ICB_03716_002,ICB_174,copd,AKG C417L Microphone,68.0,1,0,4,0.48775944,0.23098768,0,1,adulto
ICB_03716_003,ICB_174,copd,AKG C417L Microphone,68.0,1,0,4,0.538534,0.3493935,0,1,adulto
ICB_03716_004,ICB_174,copd,AKG C417L Microphone,68.0,0,0,4,0.5485394,0.33208662,0,0,adulto
ICB_03717_000,ICB_174,copd,AKG C417L Microphone,68.0,0,0,4,0.50325763,0.2073482,0,0,adulto
ICB_03717_001,ICB_174,copd,AKG C417L Microphone,68.0,0,0,4,0.6269491,0.46733713,0,0,adulto
ICB_03717_002,ICB_174,copd,AKG C417L Microphone,68.0,1,0,4,0.73823947,0.21639702,1,1,adulto
ICB_03717_003,ICB_174,copd,AKG C417L Microphone,68.0,1,0,4,0.63555133,0.6628708,0,1,adulto
ICB_03717_004,ICB_174,copd,AKG C417L Microphone,68.0,1,0,4,0.41531804,0.23079626,0,1,adulto
ICB_03718_000,ICB_174,copd,AKG C417L Microphone,68.0,0,0,4,0.59137046,0.79558814,0,0,adulto
ICB_03718_001,ICB_174,copd,AKG C417L Microphone,68.0,1,0,4,0.5223527,0.80562747,0,1,adulto
ICB_03718_002,ICB_174,copd,AKG C417L Microphone,68.0,1,0,4,0.55721945,0.44133446,0,1,adulto
ICB_03718_003,ICB_174,copd,AKG C417L Microphone,68.0,1,0,4,0.7157449,0.38045084,1,1,adulto
ICB_03718_004,ICB_174,copd,AKG C417L Microphone,68.0,1,0,4,0.60356325,0.5161586,0,1,adulto
ICB_03719_000,ICB_174,copd,AKG C417L Microphone,68.0,0,0,4,0.2734487,0.8806773,2,0,adulto
ICB_03719_001,ICB_174,copd,AKG C417L Microphone,68.0,1,0,4,0.63991,0.85595053,2,1,adulto
ICB_03719_002,ICB_174,copd,AKG C417L Microphone,68.0,1,0,4,0.6955855,0.69236046,1,1,adulto
ICB_03719_003,ICB_174,copd,AKG C417L Microphone,68.0,1,0,4,0.44014037,0.865888,2,1,adulto
ICB_03719_004,ICB_174,copd,AKG C417L Microphone,68.0,1,0,4,0.56075096,0.50210124,0,1,adulto
ICB_03720_000,ICB_174,copd,AKG C417L Microphone,68.0,1,0,4,0.55865014,0.4331457,0,1,adulto
ICB_03720_001,ICB_174,copd,AKG C417L Microphone,68.0,1,0,4,0.665683,0.26982453,1,1,adulto
ICB_03720_002,ICB_174,copd,AKG C417L Microphone,68.0,1,0,4,0.69280744,0.4824191,1,1,adulto
ICB_03720_003,ICB_174,copd,AKG C417L Microphone,68.0,1,0,4,0.607472,0.7695851,0,1,adulto
ICB_03720_004,ICB_174,copd,AKG C417L Microphone,68.0,1,0,4,0.5893724,0.14526424,0,1,adulto
ICB_03721_000,ICB_174,copd,AKG C417L Microphone,68.0,1,0,4,0.5951149,0.23592024,0,1,adulto
ICB_03721_001,ICB_174,copd,AKG C417L Microphone,68.0,1,0,4,0.6560087,0.278492,1,1,adulto
ICB_03721_002,ICB_174,copd,AKG C417L Microphone,68.0,1,0,4,0.7621355,0.40325972,1,1,adulto
ICB_03721_003,ICB_174,copd,AKG C417L Microphone,68.0,1,0,4,0.65398306,0.23298073,1,1,adulto
ICB_03721_004,ICB_174,copd,AKG C417L Microphone,68.0,1,0,4,0.6497874,0.16657913,0,1,adulto
ICB_03722_000,ICB_174,copd,AKG C417L Microphone,68.0,1,0,4,0.27217224,0.33283418,0,1,adulto
ICB_03722_001,ICB_174,copd,AKG C417L Microphone,68.0,0,0,4,0.40359136,0.4050785,0,0,adulto
ICB_03722_002,ICB_174,copd,AKG C417L Microphone,68.0,1,0,4,0.4805603,0.39329264,0,1,adulto
ICB_03722_003,ICB_174,copd,AKG C417L Microphone,68.0,1,0,4,0.60925347,0.5205273,0,1,adulto
ICB_03722_004,ICB_174,copd,AKG C417L Microphone,68.0,0,0,4,0.33850574,0.58539057,0,0,adulto
ICB_03723_000,ICB_174,copd,AKG C417L Microphone,68.0,1,0,4,0.6892706,0.29190975,1,1,adulto
ICB_03723_001,ICB_174,copd,AKG C417L Microphone,68.0,0,0,4,0.6498606,0.26103526,0,0,adulto
ICB_03723_002,ICB_174,copd,AKG C417L Microphone,68.0,0,0,4,0.59041095,0.4343802,0,0,adulto
ICB_03723_003,ICB_174,copd,AKG C417L Microphone,68.0,0,0,4,0.6484706,0.3190228,0,0,adulto
ICB_03724_000,ICB_174,copd,AKG C417L Microphone,68.0,1,0,4,0.2859305,0.92139804,2,1,adulto
ICB_03724_001,ICB_174,copd,AKG C417L Microphone,68.0,1,0,4,0.41408503,0.5851526,0,1,adulto
ICB_03724_002,ICB_174,copd,AKG C417L Microphone,68.0,1,0,4,0.25330848,0.9353032,2,1,adulto
ICB_03724_003,ICB_174,copd,AKG C417L Microphone,68.0,1,0,4,0.22614086,0.98418564,2,1,adulto
ICB_03725_000,ICB_174,copd,AKG C417L Microphone,68.0,1,0,4,0.76696086,0.79831064,1,1,adulto
ICB_03725_001,ICB_174,copd,AKG C417L Microphone,68.0,1,0,4,0.54796976,0.5431231,0,1,adulto
ICB_03725_002,ICB_174,copd,AKG C417L Microphone,68.0,1,0,4,0.49342546,0.8936404,2,1,adulto
ICB_03725_003,ICB_174,copd,AKG C417L Microphone,68.0,1,0,4,0.6138252,0.7096404,0,1,adulto
ICB_03726_000,ICB_174,copd,AKG C417L Microphone,68.0,1,0,4,0.7552322,0.44355974,1,1,adulto
ICB_03726_001,ICB_174,copd,AKG C417L Microphone,68.0,1,0,4,0.5103746,0.41124368,0,1,adulto
ICB_03726_002,ICB_174,copd,AKG C417L Microphone,68.0,1,0,4,0.5319345,0.85260504,2,1,adulto
ICB_03726_003,ICB_174,copd,AKG C417L Microphone,68.0,1,0,4,0.66505915,0.64082986,1,1,adulto
ICB_03727_000,ICB_174,copd,AKG C417L Microphone,68.0,1,0,4,0.4625873,0.5626238,0,1,adulto
ICB_03727_001,ICB_174,copd,AKG C417L Microphone,68.0,1,0,4,0.483748,0.2564681,0,1,adulto
ICB_03727_002,ICB_174,copd,AKG C417L Microphone,68.0,0,0,4,0.50612634,0.38506427,0,0,adulto
ICB_03727_003,ICB_174,copd,AKG C417L Microphone,68.0,1,0,4,0.5624545,0.45087895,0,1,adulto
ICB_03803_000,ICB_181,copd,3M Littmann Classic II SE,65.0,0,0,4,0.6212816,0.56415385,0,0,adulto
ICB_03803_001,ICB_181,copd,3M Littmann Classic II SE,65.0,0,0,4,0.57747895,0.3289541,0,0,adulto
ICB_03803_002,ICB_181,copd,3M Littmann Classic II SE,65.0,0,0,4,0.6399091,0.19187748,0,0,adulto
ICB_03803_003,ICB_181,copd,3M Littmann Classic II SE,65.0,0,0,4,0.6090698,0.27502677,0,0,adulto
ICB_03804_000,ICB_181,copd,3M Littmann Classic II SE,65.0,0,0,4,0.19536735,0.37089524,0,0,adulto
ICB_03804_001,ICB_181,copd,3M Littmann Classic II SE,65.0,0,0,4,0.23987892,0.30108717,0,0,adulto
ICB_03804_002,ICB_181,copd,3M Littmann Classic II SE,65.0,0,0,4,0.27440175,0.25762558,0,0,adulto
ICB_03804_003,ICB_181,copd,3M Littmann Classic II SE,65.0,0,0,4,0.26393998,0.41796377,0,0,adulto
ICB_03805_000,ICB_181,copd,3M Littmann Classic II SE,65.0,1,0,4,0.670472,0.13334104,1,1,adulto
ICB_03805_001,ICB_181,copd,3M Littmann Classic II SE,65.0,1,0,4,0.63927156,0.3986052,0,1,adulto
ICB_03805_002,ICB_181,copd,3M Littmann Classic II SE,65.0,0,0,4,0.6317442,0.31504095,0,0,adulto
ICB_03805_003,ICB_181,copd,3M Littmann Classic II SE,65.0,0,0,4,0.54041505,0.42750764,0,0,adulto
ICB_03806_000,ICB_181,copd,3M Littmann Classic II SE,65.0,0,0,4,0.24753001,0.35302868,0,0,adulto
ICB_03806_001,ICB_181,copd,3M Littmann Classic II SE,65.0,0,0,4,0.23489146,0.2992215,0,0,adulto
ICB_03806_002,ICB_181,copd,3M Littmann Classic II SE,65.0,0,0,4,0.23630995,0.6909686,0,0,adulto
ICB_03806_003,ICB_181,copd,3M Littmann Classic II SE,65.0,0,0,4,0.24688941,0.33921754,0,0,adulto
ICB_03806_004,ICB_181,copd,3M Littmann Classic II SE,65.0,0,0,4,0.33337945,0.36011198,0,0,adulto
ICB_03846_000,ICB_189,copd,3M Littmann Classic II SE,75.0,1,0,4,0.37888402,0.2941542,0,1,adulto
ICB_03846_001,ICB_189,copd,3M Littmann Classic II SE,75.0,1,0,4,0.61695004,0.74349755,0,1,adulto
ICB_03846_002,ICB_189,copd,3M Littmann Classic II SE,75.0,0,0,4,0.4122246,0.3069125,0,0,adulto
ICB_03846_003,ICB_189,copd,3M Littmann Classic II SE,75.0,0,0,4,0.48105732,0.24482699,0,0,adulto
ICB_03846_004,ICB_189,copd,3M Littmann Classic II SE,75.0,0,0,4,0.3776753,0.1398211,0,0,adulto
ICB_03847_000,ICB_190,respiratory_infection,AKG C417L Microphone,3.0,0,0,4,0.68194973,0.2085292,1,0,pediátrico (<18)
ICB_03847_001,ICB_190,respiratory_infection,AKG C417L Microphone,3.0,0,0,4,0.5405435,0.25927657,0,0,pediátrico (<18)
ICB_03847_002,ICB_190,respiratory_infection,AKG C417L Microphone,3.0,0,0,4,0.3953621,0.43939295,0,0,pediátrico (<18)
ICB_03847_003,ICB_190,respiratory_infection,AKG C417L Microphone,3.0,0,0,4,0.43091074,0.25701755,0,0,pediátrico (<18)
ICB_03851_000,ICB_192,copd,3M Littmann Classic II SE,69.0,0,0,4,0.6168876,0.31143534,0,0,adulto
ICB_03851_001,ICB_192,copd,3M Littmann Classic II SE,69.0,0,1,4,0.43825704,0.99576485,2,2,adulto
ICB_03851_002,ICB_192,copd,3M Littmann Classic II SE,69.0,0,1,4,0.62885344,0.99049324,2,2,adulto
ICB_03851_003,ICB_192,copd,3M Littmann Classic II SE,69.0,0,1,4,0.47361735,0.97452784,2,2,adulto
ICB_03851_004,ICB_192,copd,3M Littmann Classic II SE,69.0,0,1,4,0.61165833,0.9946866,2,2,adulto
ICB_03851_005,ICB_192,copd,3M Littmann Classic II SE,69.0,1,1,4,0.70605814,0.9985337,3,3,adulto
ICB_03851_006,ICB_192,copd,3M Littmann Classic II SE,69.0,0,1,4,0.45442173,0.99900454,2,2,adulto
ICB_03851_007,ICB_192,copd,3M Littmann Classic II SE,69.0,0,1,4,0.49497414,0.98611605,2,2,adulto
ICB_03852_000,ICB_192,copd,3M Littmann Classic II SE,69.0,0,0,4,0.8311339,0.1799451,1,0,adulto
ICB_03852_001,ICB_192,copd,3M Littmann Classic II SE,69.0,0,1,4,0.4675201,0.9271096,2,2,adulto
ICB_03852_002,ICB_192,copd,3M Littmann Classic II SE,69.0,0,1,4,0.5116589,0.49465984,0,2,adulto
ICB_03852_003,ICB_192,copd,3M Littmann Classic II SE,69.0,0,1,4,0.77900153,0.46397763,1,2,adulto
ICB_03852_004,ICB_192,copd,3M Littmann Classic II SE,69.0,0,1,4,0.79900074,0.8242883,1,2,adulto
ICB_03852_005,ICB_192,copd,3M Littmann Classic II SE,69.0,0,1,4,0.6748916,0.49974087,1,2,adulto
ICB_03852_006,ICB_192,copd,3M Littmann Classic II SE,69.0,0,1,4,0.51590526,0.90756905,2,2,adulto
ICB_03852_007,ICB_192,copd,3M Littmann Classic II SE,69.0,0,1,4,0.43272278,0.69070196,0,2,adulto
ICB_03853_000,ICB_192,copd,3M Littmann Classic II SE,69.0,0,1,4,0.48923734,0.97547555,2,2,adulto
ICB_03853_001,ICB_192,copd,3M Littmann Classic II SE,69.0,1,1,4,0.29579625,0.99366176,2,3,adulto
ICB_03853_002,ICB_192,copd,3M Littmann Classic II SE,69.0,0,1,4,0.5073733,0.99054646,2,2,adulto
ICB_03853_003,ICB_192,copd,3M Littmann Classic II SE,69.0,1,1,4,0.671784,0.9869104,3,3,adulto
ICB_03853_004,ICB_192,copd,3M Littmann Classic II SE,69.0,0,1,4,0.49875048,0.9971397,2,2,adulto
ICB_03853_005,ICB_192,copd,3M Littmann Classic II SE,69.0,0,1,4,0.41304415,0.9978682,2,2,adulto
ICB_03853_006,ICB_192,copd,3M Littmann Classic II SE,69.0,0,1,4,0.55595624,0.9995529,2,2,adulto
ICB_03853_007,ICB_192,copd,3M Littmann Classic II SE,69.0,0,1,4,0.6731972,0.19634002,1,2,adulto
ICB_03854_000,ICB_192,copd,3M Littmann Classic II SE,69.0,0,0,4,0.8483732,0.19594052,1,0,adulto
ICB_03854_001,ICB_192,copd,3M Littmann Classic II SE,69.0,0,1,4,0.61383545,0.5409514,0,2,adulto
ICB_03854_002,ICB_192,copd,3M Littmann Classic II SE,69.0,0,1,4,0.5489061,0.9614004,2,2,adulto
ICB_03854_003,ICB_192,copd,3M Littmann Classic II SE,69.0,0,1,4,0.766348,0.8942929,3,2,adulto
ICB_03854_004,ICB_192,copd,3M Littmann Classic II SE,69.0,0,1,4,0.72688806,0.5372605,1,2,adulto
ICB_03854_005,ICB_192,copd,3M Littmann Classic II SE,69.0,0,1,4,0.5268769,0.8360681,0,2,adulto
ICB_03854_006,ICB_192,copd,3M Littmann Classic II SE,69.0,0,1,4,0.7029523,0.619921,1,2,adulto
ICB_03854_007,ICB_192,copd,3M Littmann Classic II SE,69.0,0,1,4,0.64063317,0.49096474,0,2,adulto
ICB_03855_000,ICB_192,copd,3M Littmann Classic II SE,69.0,1,0,4,0.559202,0.40399638,0,1,adulto
ICB_03855_001,ICB_192,copd,3M Littmann Classic II SE,69.0,0,1,4,0.4671013,0.9037933,2,2,adulto
ICB_03855_002,ICB_192,copd,3M Littmann Classic II SE,69.0,0,1,4,0.43715686,0.9911419,2,2,adulto
ICB_03855_003,ICB_192,copd,3M Littmann Classic II SE,69.0,0,1,4,0.41106656,0.99943954,2,2,adulto
ICB_03855_004,ICB_192,copd,3M Littmann Classic II SE,69.0,0,1,4,0.47590998,0.99977094,2,2,adulto
ICB_03855_005,ICB_192,copd,3M Littmann Classic II SE,69.0,0,1,4,0.3304078,0.9976689,2,2,adulto
ICB_03855_006,ICB_192,copd,3M Littmann Classic II SE,69.0,0,1,4,0.52219236,0.9991862,2,2,adulto
ICB_03856_000,ICB_192,copd,3M Littmann Classic II SE,69.0,0,0,4,0.663252,0.6150743,1,0,adulto
ICB_03856_001,ICB_192,copd,3M Littmann Classic II SE,69.0,0,1,4,0.60266775,0.81389165,0,2,adulto
ICB_03856_002,ICB_192,copd,3M Littmann Classic II SE,69.0,0,1,4,0.5558504,0.34728715,0,2,adulto
ICB_03856_003,ICB_192,copd,3M Littmann Classic II SE,69.0,0,1,4,0.66668427,0.7069614,1,2,adulto
ICB_03856_004,ICB_192,copd,3M Littmann Classic II SE,69.0,0,1,4,0.6130116,0.6433851,0,2,adulto
ICB_03856_005,ICB_192,copd,3M Littmann Classic II SE,69.0,0,1,4,0.5584217,0.64166474,0,2,adulto
ICB_03856_006,ICB_192,copd,3M Littmann Classic II SE,69.0,0,1,4,0.6666648,0.64277446,1,2,adulto
ICB_03879_000,ICB_196,bronchiectasis,3M Littmann Classic II SE,21.0,0,0,4,0.54855525,0.5215297,0,0,adulto
ICB_03879_001,ICB_196,bronchiectasis,3M Littmann Classic II SE,21.0,0,0,4,0.6466906,0.3431207,0,0,adulto
ICB_03879_002,ICB_196,bronchiectasis,3M Littmann Classic II SE,21.0,0,0,4,0.5208396,0.4524545,0,0,adulto
ICB_03879_003,ICB_196,bronchiectasis,3M Littmann Classic II SE,21.0,0,0,4,0.6567273,0.38526857,1,0,adulto
ICB_03879_004,ICB_196,bronchiectasis,3M Littmann Classic II SE,21.0,0,0,4,0.4561486,0.5296005,0,0,adulto
ICB_03879_005,ICB_196,bronchiectasis,3M Littmann Classic II SE,21.0,0,0,4,0.68804055,0.51077944,1,0,adulto
ICB_03978_000,ICB_206,bronchiolitis_asthma,3M Littmann Classic II SE,3.0,0,0,4,0.26260823,0.755399,0,0,pediátrico (<18)
ICB_03978_001,ICB_206,bronchiolitis_asthma,3M Littmann Classic II SE,3.0,0,0,4,0.4902024,0.8971827,2,0,pediátrico (<18)
ICB_03978_002,ICB_206,bronchiolitis_asthma,3M Littmann Classic II SE,3.0,0,1,4,0.27547976,0.9020087,2,2,pediátrico (<18)
ICB_03978_003,ICB_206,bronchiolitis_asthma,3M Littmann Classic II SE,3.0,0,1,4,0.27762064,0.9764348,2,2,pediátrico (<18)
ICB_03978_004,ICB_206,bronchiolitis_asthma,3M Littmann Classic II SE,3.0,0,1,4,0.24405342,0.9980367,2,2,pediátrico (<18)
ICB_03978_005,ICB_206,bronchiolitis_asthma,3M Littmann Classic II SE,3.0,0,1,4,0.19746207,0.5101241,0,2,pediátrico (<18)
ICB_03978_006,ICB_206,bronchiolitis_asthma,3M Littmann Classic II SE,3.0,1,1,4,0.24828719,0.81310457,0,3,pediátrico (<18)
ICB_03978_007,ICB_206,bronchiolitis_asthma,3M Littmann Classic II SE,3.0,0,1,4,0.24201459,0.4401587,0,2,pediátrico (<18)
ICB_03978_008,ICB_206,bronchiolitis_asthma,3M Littmann Classic II SE,3.0,0,0,4,0.3284171,0.29985183,0,0,pediátrico (<18)
ICB_03978_009,ICB_206,bronchiolitis_asthma,3M Littmann Classic II SE,3.0,0,1,4,0.2174895,0.44520345,0,2,pediátrico (<18)
ICB_03978_010,ICB_206,bronchiolitis_asthma,3M Littmann Classic II SE,3.0,0,0,4,0.28469887,0.5372207,0,0,pediátrico (<18)
ICB_03979_000,ICB_206,bronchiolitis_asthma,3M Littmann Classic II SE,3.0,0,0,4,0.51390845,0.9209193,2,0,pediátrico (<18)
ICB_03979_001,ICB_206,bronchiolitis_asthma,3M Littmann Classic II SE,3.0,0,1,4,0.22355667,0.7691738,0,2,pediátrico (<18)
ICB_03979_002,ICB_206,bronchiolitis_asthma,3M Littmann Classic II SE,3.0,0,1,4,0.21279581,0.92219675,2,2,pediátrico (<18)
ICB_03979_003,ICB_206,bronchiolitis_asthma,3M Littmann Classic II SE,3.0,0,1,4,0.2759422,0.6679268,0,2,pediátrico (<18)
ICB_03979_004,ICB_206,bronchiolitis_asthma,3M Littmann Classic II SE,3.0,0,1,4,0.17313793,0.70238537,0,2,pediátrico (<18)
ICB_03979_005,ICB_206,bronchiolitis_asthma,3M Littmann Classic II SE,3.0,0,1,4,0.48348445,0.69041455,0,2,pediátrico (<18)
ICB_03979_006,ICB_206,bronchiolitis_asthma,3M Littmann Classic II SE,3.0,0,1,4,0.15439335,0.9973031,2,2,pediátrico (<18)
ICB_03979_007,ICB_206,bronchiolitis_asthma,3M Littmann Classic II SE,3.0,0,1,4,0.16259997,0.9762254,2,2,pediátrico (<18)
ICB_03980_000,ICB_206,bronchiolitis_asthma,3M Littmann Classic II SE,3.0,0,1,4,0.60463816,0.72028166,0,2,pediátrico (<18)
ICB_03980_001,ICB_206,bronchiolitis_asthma,3M Littmann Classic II SE,3.0,0,1,4,0.35028458,0.9482118,2,2,pediátrico (<18)
ICB_03980_002,ICB_206,bronchiolitis_asthma,3M Littmann Classic II SE,3.0,0,1,4,0.33718476,0.9701189,2,2,pediátrico (<18)
ICB_03980_003,ICB_206,bronchiolitis_asthma,3M Littmann Classic II SE,3.0,0,1,4,0.33707568,0.9564112,2,2,pediátrico (<18)
ICB_03980_004,ICB_206,bronchiolitis_asthma,3M Littmann Classic II SE,3.0,0,1,4,0.28714827,0.9709819,2,2,pediátrico (<18)
ICB_03980_005,ICB_206,bronchiolitis_asthma,3M Littmann Classic II SE,3.0,0,1,4,0.30687138,0.97777724,2,2,pediátrico (<18)
ICB_03980_006,ICB_206,bronchiolitis_asthma,3M Littmann Classic II SE,3.0,0,1,4,0.38800552,0.96755534,2,2,pediátrico (<18)
ICB_03980_007,ICB_206,bronchiolitis_asthma,3M Littmann Classic II SE,3.0,0,1,4,0.36330727,0.9819734,2,2,pediátrico (<18)
ICB_04015_000,ICB_213,copd,AKG C417L Microphone,58.0,0,0,4,0.6478414,0.44703993,0,0,adulto
ICB_04015_001,ICB_213,copd,AKG C417L Microphone,58.0,0,0,4,0.69008994,0.5979324,1,0,adulto
ICB_04015_002,ICB_213,copd,AKG C417L Microphone,58.0,0,0,4,0.58228123,0.42505002,0,0,adulto
ICB_04015_003,ICB_213,copd,AKG C417L Microphone,58.0,0,0,4,0.6942496,0.34945947,1,0,adulto
ICB_04015_004,ICB_213,copd,AKG C417L Microphone,58.0,0,0,4,0.78451157,0.24456546,1,0,adulto
ICB_04015_005,ICB_213,copd,AKG C417L Microphone,58.0,0,0,4,0.67902356,0.27024907,1,0,adulto
ICB_04016_000,ICB_213,copd,AKG C417L Microphone,58.0,0,0,4,0.42032376,0.21679841,0,0,adulto
ICB_04016_001,ICB_213,copd,AKG C417L Microphone,58.0,0,0,4,0.63671255,0.5457735,0,0,adulto
ICB_04016_002,ICB_213,copd,AKG C417L Microphone,58.0,0,0,4,0.46663943,0.19882269,0,0,adulto
ICB_04016_003,ICB_213,copd,AKG C417L Microphone,58.0,0,0,4,0.6438142,0.46548527,0,0,adulto
ICB_04016_004,ICB_213,copd,AKG C417L Microphone,58.0,0,0,4,0.750624,0.36143005,1,0,adulto
ICB_04016_005,ICB_213,copd,AKG C417L Microphone,58.0,0,0,4,0.7924319,0.30262908,1,0,adulto
ICB_04017_000,ICB_213,copd,AKG C417L Microphone,58.0,0,0,4,0.65576875,0.3408672,1,0,adulto
ICB_04017_001,ICB_213,copd,AKG C417L Microphone,58.0,0,0,4,0.73342276,0.5322794,1,0,adulto
ICB_04017_002,ICB_213,copd,AKG C417L Microphone,58.0,0,0,4,0.70586276,0.36539444,1,0,adulto
ICB_04017_003,ICB_213,copd,AKG C417L Microphone,58.0,0,0,4,0.4728733,0.2629869,0,0,adulto
ICB_04017_004,ICB_213,copd,AKG C417L Microphone,58.0,0,0,4,0.48835614,0.45620957,0,0,adulto
ICB_04017_005,ICB_213,copd,AKG C417L Microphone,58.0,0,0,4,0.7941445,0.46671343,1,0,adulto
ICB_04018_000,ICB_213,copd,AKG C417L Microphone,58.0,0,0,4,0.84406114,0.34029284,1,0,adulto
ICB_04018_001,ICB_213,copd,AKG C417L Microphone,58.0,0,0,4,0.9474238,0.34228873,1,0,adulto
ICB_04018_002,ICB_213,copd,AKG C417L Microphone,58.0,1,0,4,0.7555201,0.42837557,1,1,adulto
ICB_04018_003,ICB_213,copd,AKG C417L Microphone,58.0,0,0,4,0.7975008,0.37593603,1,0,adulto
ICB_04018_004,ICB_213,copd,AKG C417L Microphone,58.0,1,0,4,0.69256246,0.20820807,1,1,adulto
ICB_04018_005,ICB_213,copd,AKG C417L Microphone,58.0,1,0,4,0.75426865,0.50380296,1,1,adulto
ICB_04019_000,ICB_213,copd,AKG C417L Microphone,58.0,0,0,4,0.7868048,0.38503543,1,0,adulto
ICB_04019_001,ICB_213,copd,AKG C417L Microphone,58.0,1,0,4,0.74922156,0.24406967,1,1,adulto
ICB_04019_002,ICB_213,copd,AKG C417L Microphone,58.0,1,0,4,0.7082929,0.30537486,1,1,adulto
ICB_04019_003,ICB_213,copd,AKG C417L Microphone,58.0,1,0,4,0.61814094,0.39092043,0,1,adulto
ICB_04019_004,ICB_213,copd,AKG C417L Microphone,58.0,1,0,4,0.64616996,0.38744524,0,1,adulto
ICB_04019_005,ICB_213,copd,AKG C417L Microphone,58.0,0,0,4,0.6344066,0.18270497,0,0,adulto
ICB_04020_000,ICB_213,copd,AKG C417L Microphone,58.0,0,0,4,0.13076754,0.18675375,0,0,adulto
ICB_04020_001,ICB_213,copd,AKG C417L Microphone,58.0,0,0,4,0.23785496,0.16733511,0,0,adulto
ICB_04020_002,ICB_213,copd,AKG C417L Microphone,58.0,0,0,4,0.2440593,0.15614387,0,0,adulto
ICB_04020_003,ICB_213,copd,AKG C417L Microphone,58.0,0,0,4,0.2701564,0.22231741,0,0,adulto
ICB_04020_004,ICB_213,copd,AKG C417L Microphone,58.0,0,0,4,0.2472175,0.3334591,0,0,adulto
ICB_04020_005,ICB_213,copd,AKG C417L Microphone,58.0,0,0,4,0.37596285,0.108565286,0,0,adulto
ICB_04021_000,ICB_213,copd,AKG C417L Microphone,58.0,0,0,4,0.7159709,0.3285309,1,0,adulto
ICB_04021_001,ICB_213,copd,AKG C417L Microphone,58.0,0,0,4,0.6155525,0.28516635,0,0,adulto
ICB_04021_002,ICB_213,copd,AKG C417L Microphone,58.0,0,0,4,0.72734904,0.36580506,1,0,adulto
ICB_04021_003,ICB_213,copd,AKG C417L Microphone,58.0,0,0,4,0.69604933,0.445635,1,0,adulto
ICB_04021_004,ICB_213,copd,AKG C417L Microphone,58.0,0,0,4,0.6866255,0.4507547,1,0,adulto
ICB_04021_005,ICB_213,copd,AKG C417L Microphone,58.0,0,0,4,0.53036916,0.4813652,0,0,adulto
ICB_04021_006,ICB_213,copd,AKG C417L Microphone,58.0,0,0,4,0.57321006,0.3364382,0,0,adulto
ICB_04022_000,ICB_213,copd,AKG C417L Microphone,58.0,0,0,4,0.78730655,0.30596292,1,0,adulto
ICB_04022_001,ICB_213,copd,AKG C417L Microphone,58.0,0,0,4,0.7710332,0.48608473,1,0,adulto
ICB_04022_002,ICB_213,copd,AKG C417L Microphone,58.0,0,0,4,0.8148449,0.43334082,1,0,adulto
ICB_04022_003,ICB_213,copd,AKG C417L Microphone,58.0,0,0,4,0.8442031,0.55451286,1,0,adulto
ICB_04022_004,ICB_213,copd,AKG C417L Microphone,58.0,0,0,4,0.7058202,0.4020003,1,0,adulto
ICB_04022_005,ICB_213,copd,AKG C417L Microphone,58.0,0,0,4,0.8280084,0.35595056,1,0,adulto
ICB_04022_006,ICB_213,copd,AKG C417L Microphone,58.0,0,0,4,0.5417366,0.33366707,0,0,adulto
ICB_04023_000,ICB_213,copd,AKG C417L Microphone,58.0,0,0,4,0.856597,0.28537905,1,0,adulto
ICB_04023_001,ICB_213,copd,AKG C417L Microphone,58.0,0,0,4,0.693856,0.51570517,1,0,adulto
ICB_04023_002,ICB_213,copd,AKG C417L Microphone,58.0,0,0,4,0.7077627,0.34336036,1,0,adulto
ICB_04023_003,ICB_213,copd,AKG C417L Microphone,58.0,0,0,4,0.77331394,0.2757451,1,0,adulto
ICB_04023_004,ICB_213,copd,AKG C417L Microphone,58.0,0,0,4,0.65528476,0.4584082,1,0,adulto
ICB_04023_005,ICB_213,copd,AKG C417L Microphone,58.0,0,0,4,0.7482921,0.3871162,1,0,adulto
ICB_04023_006,ICB_213,copd,AKG C417L Microphone,58.0,0,0,4,0.5534116,0.5308504,0,0,adulto
ICB_04024_000,ICB_213,copd,AKG C417L Microphone,58.0,0,0,4,0.6042397,0.23355758,0,0,adulto
ICB_04024_001,ICB_213,copd,AKG C417L Microphone,58.0,0,0,4,0.647464,0.20886262,0,0,adulto
ICB_04024_002,ICB_213,copd,AKG C417L Microphone,58.0,0,0,4,0.6858294,0.2092845,1,0,adulto
ICB_04024_003,ICB_213,copd,AKG C417L Microphone,58.0,0,0,4,0.6416072,0.23519437,0,0,adulto
ICB_04024_004,ICB_213,copd,AKG C417L Microphone,58.0,0,0,4,0.66024923,0.2603306,1,0,adulto
ICB_04024_005,ICB_213,copd,AKG C417L Microphone,58.0,0,0,4,0.6310456,0.20829666,0,0,adulto
ICB_04024_006,ICB_213,copd,AKG C417L Microphone,58.0,0,0,4,0.46914646,0.18063594,0,0,adulto
ICB_04025_000,ICB_213,copd,AKG C417L Microphone,58.0,0,0,4,0.5111605,0.41449103,0,0,adulto
ICB_04025_001,ICB_213,copd,AKG C417L Microphone,58.0,0,0,4,0.5448155,0.4356834,0,0,adulto
ICB_04025_002,ICB_213,copd,AKG C417L Microphone,58.0,0,0,4,0.6433546,0.38912213,0,0,adulto
ICB_04025_003,ICB_213,copd,AKG C417L Microphone,58.0,0,0,4,0.5988532,0.18405913,0,0,adulto
ICB_04025_004,ICB_213,copd,AKG C417L Microphone,58.0,0,0,4,0.74425554,0.36284113,1,0,adulto
ICB_04025_005,ICB_213,copd,AKG C417L Microphone,58.0,0,0,4,0.779835,0.38935897,1,0,adulto
ICB_04026_000,ICB_213,copd,AKG C417L Microphone,58.0,0,0,4,0.7205818,0.53322256,1,0,adulto
ICB_04026_001,ICB_213,copd,AKG C417L Microphone,58.0,0,0,4,0.7674572,0.23991975,1,0,adulto
ICB_04026_002,ICB_213,copd,AKG C417L Microphone,58.0,0,0,4,0.7580227,0.20400244,1,0,adulto
ICB_04026_003,ICB_213,copd,AKG C417L Microphone,58.0,0,0,4,0.72993374,0.279692,1,0,adulto
ICB_04026_004,ICB_213,copd,AKG C417L Microphone,58.0,0,0,4,0.6981705,0.39164597,1,0,adulto
ICB_04026_005,ICB_213,copd,AKG C417L Microphone,58.0,0,0,4,0.74624103,0.5781348,1,0,adulto
ICB_04027_000,ICB_213,copd,AKG C417L Microphone,58.0,0,0,4,0.7649046,0.3573979,1,0,adulto
ICB_04027_001,ICB_213,copd,AKG C417L Microphone,58.0,1,0,4,0.7463381,0.4495405,1,1,adulto
ICB_04027_002,ICB_213,copd,AKG C417L Microphone,58.0,0,0,4,0.62107354,0.36903116,0,0,adulto
ICB_04027_003,ICB_213,copd,AKG C417L Microphone,58.0,0,0,4,0.85156643,0.18460253,1,0,adulto
ICB_04027_004,ICB_213,copd,AKG C417L Microphone,58.0,0,0,4,0.7856909,0.40600845,1,0,adulto
ICB_04027_005,ICB_213,copd,AKG C417L Microphone,58.0,0,0,4,0.7823852,0.4944476,1,0,adulto
ICB_04028_000,ICB_213,copd,AKG C417L Microphone,58.0,0,0,4,0.5480926,0.17956717,0,0,adulto
ICB_04028_001,ICB_213,copd,AKG C417L Microphone,58.0,1,0,4,0.6649473,0.20858504,1,1,adulto
ICB_04028_002,ICB_213,copd,AKG C417L Microphone,58.0,0,0,4,0.608853,0.28972745,0,0,adulto
ICB_04028_003,ICB_213,copd,AKG C417L Microphone,58.0,0,0,4,0.63370675,0.13879679,0,0,adulto
ICB_04028_004,ICB_213,copd,AKG C417L Microphone,58.0,0,0,4,0.58857787,0.33035454,0,0,adulto
ICB_04028_005,ICB_213,copd,AKG C417L Microphone,58.0,1,0,4,0.62592334,0.25449884,0,1,adulto
ICB_04029_000,ICB_213,copd,AKG C417L Microphone,58.0,0,0,4,0.14705068,0.53705436,0,0,adulto
ICB_04029_001,ICB_213,copd,AKG C417L Microphone,58.0,0,0,4,0.23079592,0.53717107,0,0,adulto
ICB_04029_002,ICB_213,copd,AKG C417L Microphone,58.0,0,0,4,0.15746266,0.30284676,0,0,adulto
ICB_04029_003,ICB_213,copd,AKG C417L Microphone,58.0,0,0,4,0.093980856,0.3761548,0,0,adulto
ICB_04029_004,ICB_213,copd,AKG C417L Microphone,58.0,0,0,4,0.19099763,0.56219745,0,0,adulto
ICB_04029_005,ICB_213,copd,AKG C417L Microphone,58.0,0,0,4,0.14790452,0.7397351,0,0,adulto
ICB_04030_000,ICB_213,copd,AKG C417L Microphone,58.0,0,0,4,0.2665456,0.7118148,0,0,adulto
ICB_04030_001,ICB_213,copd,AKG C417L Microphone,58.0,0,0,4,0.31620732,0.26972362,0,0,adulto
ICB_04030_002,ICB_213,copd,AKG C417L Microphone,58.0,0,0,4,0.30419877,0.41353595,0,0,adulto
ICB_04030_003,ICB_213,copd,AKG C417L Microphone,58.0,0,0,4,0.5523653,0.29210764,0,0,adulto
ICB_04030_004,ICB_213,copd,AKG C417L Microphone,58.0,0,0,4,0.3002772,0.47927016,0,0,adulto
ICB_04030_005,ICB_213,copd,AKG C417L Microphone,58.0,0,0,4,0.52151364,0.20144418,0,0,adulto
ICB_04030_006,ICB_213,copd,AKG C417L Microphone,58.0,0,0,4,0.2775639,0.42766482,0,0,adulto
ICB_04031_000,ICB_213,copd,AKG C417L Microphone,58.0,1,0,4,0.622189,0.49690282,0,1,adulto
ICB_04031_001,ICB_213,copd,AKG C417L Microphone,58.0,0,0,4,0.57875925,0.426058,0,0,adulto
ICB_04031_002,ICB_213,copd,AKG C417L Microphone,58.0,0,0,4,0.62154365,0.30234987,0,0,adulto
ICB_04031_003,ICB_213,copd,AKG C417L Microphone,58.0,0,0,4,0.6123212,0.44460556,0,0,adulto
ICB_04031_004,ICB_213,copd,AKG C417L Microphone,58.0,0,0,4,0.58028084,0.37685877,0,0,adulto
ICB_04031_005,ICB_213,copd,AKG C417L Microphone,58.0,0,0,4,0.6778394,0.17727959,1,0,adulto
ICB_04031_006,ICB_213,copd,AKG C417L Microphone,58.0,0,0,4,0.624899,0.2611669,0,0,adulto
ICB_04032_000,ICB_213,copd,AKG C417L Microphone,58.0,1,0,4,0.79232025,0.31142992,1,1,adulto
ICB_04032_001,ICB_213,copd,AKG C417L Microphone,58.0,1,0,4,0.7242568,0.25351974,1,1,adulto
ICB_04032_002,ICB_213,copd,AKG C417L Microphone,58.0,1,0,4,0.76710665,0.17971599,1,1,adulto
ICB_04032_003,ICB_213,copd,AKG C417L Microphone,58.0,0,0,4,0.73353195,0.22891045,1,0,adulto
ICB_04032_004,ICB_213,copd,AKG C417L Microphone,58.0,1,0,4,0.7758198,0.14723901,1,1,adulto
ICB_04032_005,ICB_213,copd,AKG C417L Microphone,58.0,0,0,4,0.8111522,0.18373041,1,0,adulto
ICB_04032_006,ICB_213,copd,AKG C417L Microphone,58.0,1,0,4,0.7677339,0.29225028,1,1,adulto
ICB_04033_000,ICB_213,copd,AKG C417L Microphone,58.0,0,0,4,0.6902516,0.46394336,1,0,adulto
ICB_04033_001,ICB_213,copd,AKG C417L Microphone,58.0,0,0,4,0.90328836,0.30037206,1,0,adulto
ICB_04033_002,ICB_213,copd,AKG C417L Microphone,58.0,0,0,4,0.81804657,0.20680083,1,0,adulto
ICB_04033_003,ICB_213,copd,AKG C417L Microphone,58.0,0,0,4,0.7410883,0.3726488,1,0,adulto
ICB_04033_004,ICB_213,copd,AKG C417L Microphone,58.0,0,0,4,0.761008,0.23053601,1,0,adulto
ICB_04033_005,ICB_213,copd,AKG C417L Microphone,58.0,1,0,4,0.85302275,0.2234835,1,1,adulto
ICB_04033_006,ICB_213,copd,AKG C417L Microphone,58.0,1,0,4,0.7811342,0.30932635,1,1,adulto
ICB_04034_000,ICB_213,copd,AKG C417L Microphone,58.0,0,0,4,0.3203077,0.44928572,0,0,adulto
ICB_04034_001,ICB_213,copd,AKG C417L Microphone,58.0,0,0,4,0.37901244,0.18309307,0,0,adulto
ICB_04034_002,ICB_213,copd,AKG C417L Microphone,58.0,0,0,4,0.21332692,0.12294944,0,0,adulto
ICB_04034_003,ICB_213,copd,AKG C417L Microphone,58.0,0,0,4,0.3807183,0.2991828,0,0,adulto
ICB_04034_004,ICB_213,copd,AKG C417L Microphone,58.0,0,0,4,0.20516738,0.17445555,0,0,adulto
ICB_04034_005,ICB_213,copd,AKG C417L Microphone,58.0,0,0,4,0.409708,0.4244081,0,0,adulto
ICB_04034_006,ICB_213,copd,AKG C417L Microphone,58.0,0,0,4,0.16154462,0.1897125,0,0,adulto
ICB_04036_000,ICB_215,bronchiectasis,3M Littmann Classic II SE,56.0,0,0,4,0.49641174,0.622985,0,0,adulto
ICB_04036_001,ICB_215,bronchiectasis,3M Littmann Classic II SE,56.0,0,1,4,0.73929495,0.6908791,1,2,adulto
ICB_04036_002,ICB_215,bronchiectasis,3M Littmann Classic II SE,56.0,0,1,4,0.4572534,0.52237195,0,2,adulto
ICB_04036_003,ICB_215,bronchiectasis,3M Littmann Classic II SE,56.0,0,1,4,0.3888655,0.86567634,2,2,adulto
ICB_04036_004,ICB_215,bronchiectasis,3M Littmann Classic II SE,56.0,0,1,4,0.38817516,0.7646953,0,2,adulto
ICB_04037_000,ICB_215,bronchiectasis,3M Littmann Classic II SE,56.0,0,0,4,0.09789073,0.40678,0,0,adulto
ICB_04037_001,ICB_215,bronchiectasis,3M Littmann Classic II SE,56.0,0,0,4,0.35703835,0.11302337,0,0,adulto
ICB_04037_002,ICB_215,bronchiectasis,3M Littmann Classic II SE,56.0,0,0,4,0.23969992,0.18066032,0,0,adulto
ICB_04037_003,ICB_215,bronchiectasis,3M Littmann Classic II SE,56.0,0,0,4,0.23967838,0.30500042,0,0,adulto
ICB_04037_004,ICB_215,bronchiectasis,3M Littmann Classic II SE,56.0,0,0,4,0.25600475,0.46584067,0,0,adulto
ICB_04037_005,ICB_215,bronchiectasis,3M Littmann Classic II SE,56.0,0,0,4,0.36119604,0.2788296,0,0,adulto
ICB_04040_000,ICB_217,normal_lung,3M Littmann Classic II SE,12.0,0,0,4,0.2635558,0.20168076,0,0,pediátrico (<18)
ICB_04040_001,ICB_217,normal_lung,3M Littmann Classic II SE,12.0,0,0,4,0.24207708,0.21361472,0,0,pediátrico (<18)
ICB_04040_002,ICB_217,normal_lung,3M Littmann Classic II SE,12.0,0,0,4,0.40556127,0.2815974,0,0,pediátrico (<18)
ICB_04040_003,ICB_217,normal_lung,3M Littmann Classic II SE,12.0,0,0,4,0.3218517,0.42330533,0,0,pediátrico (<18)
ICB_04040_004,ICB_217,normal_lung,3M Littmann Classic II SE,12.0,0,0,4,0.23516646,0.32536903,0,0,pediátrico (<18)
ICB_04040_005,ICB_217,normal_lung,3M Littmann Classic II SE,12.0,0,0,4,0.14592445,0.20141277,0,0,pediátrico (<18)
ICB_04040_006,ICB_217,normal_lung,3M Littmann Classic II SE,12.0,0,0,4,0.28057158,0.14238572,0,0,pediátrico (<18)
ICB_04040_007,ICB_217,normal_lung,3M Littmann Classic II SE,12.0,0,0,4,0.28104186,0.2007611,0,0,pediátrico (<18)
ICB_04040_008,ICB_217,normal_lung,3M Littmann Classic II SE,12.0,0,0,4,0.33733553,0.31001717,0,0,pediátrico (<18)
ICB_04040_009,ICB_217,normal_lung,3M Littmann Classic II SE,12.0,0,0,4,0.37036556,0.2553793,0,0,pediátrico (<18)
ICB_04040_010,ICB_217,normal_lung,3M Littmann Classic II SE,12.0,0,0,4,0.3860468,0.10661502,0,0,pediátrico (<18)
ICB_04041_000,ICB_218,copd,WelchAllyn Meditron Master Elite,75.0,0,0,4,0.5509216,0.49632987,0,0,adulto
ICB_04041_001,ICB_218,copd,WelchAllyn Meditron Master Elite,75.0,0,0,4,0.76211435,0.6536218,1,0,adulto
ICB_04041_002,ICB_218,copd,WelchAllyn Meditron Master Elite,75.0,0,0,4,0.5339834,0.5861851,0,0,adulto
ICB_04041_003,ICB_218,copd,WelchAllyn Meditron Master Elite,75.0,0,0,4,0.55266374,0.7730232,0,0,adulto
ICB_04041_004,ICB_218,copd,WelchAllyn Meditron Master Elite,75.0,0,1,4,0.4980912,0.9998084,2,2,adulto
ICB_04041_005,ICB_218,copd,WelchAllyn Meditron Master Elite,75.0,1,0,4,0.699761,0.8047956,1,1,adulto
ICB_04041_006,ICB_218,copd,WelchAllyn Meditron Master Elite,75.0,1,0,4,0.69238836,0.62562776,1,1,adulto
ICB_04041_007,ICB_218,copd,WelchAllyn Meditron Master Elite,75.0,1,0,4,0.57977647,0.63616383,0,1,adulto
ICB_04041_008,ICB_218,copd,WelchAllyn Meditron Master Elite,75.0,1,0,4,0.6642172,0.72334296,1,1,adulto
ICB_04041_009,ICB_218,copd,WelchAllyn Meditron Master Elite,75.0,1,1,4,0.06915339,0.48545286,0,3,adulto
ICB_04041_010,ICB_218,copd,WelchAllyn Meditron Master Elite,75.0,1,1,4,0.32555106,0.9515713,2,3,adulto
ICB_04041_011,ICB_218,copd,WelchAllyn Meditron Master Elite,75.0,1,1,4,0.55942935,0.8156763,0,3,adulto
ICB_04041_012,ICB_218,copd,WelchAllyn Meditron Master Elite,75.0,1,1,4,0.26130277,0.96603376,2,3,adulto
ICB_04041_013,ICB_218,copd,WelchAllyn Meditron Master Elite,75.0,0,0,4,0.3294537,0.87449646,2,0,adulto
ICB_04041_014,ICB_218,copd,WelchAllyn Meditron Master Elite,75.0,1,1,4,0.04691123,0.66099685,0,3,adulto
ICB_04042_000,ICB_218,copd,WelchAllyn Meditron Master Elite,75.0,1,1,4,0.653843,0.96305335,3,3,adulto
ICB_04042_001,ICB_218,copd,WelchAllyn Meditron Master Elite,75.0,1,1,4,0.6575822,0.99749255,3,3,adulto
ICB_04042_002,ICB_218,copd,WelchAllyn Meditron Master Elite,75.0,1,1,4,0.19244671,0.9978441,2,3,adulto
ICB_04042_003,ICB_218,copd,WelchAllyn Meditron Master Elite,75.0,0,0,4,0.74190956,0.97982407,3,0,adulto
ICB_04042_004,ICB_218,copd,WelchAllyn Meditron Master Elite,75.0,0,1,4,0.55728686,0.9974548,2,2,adulto
ICB_04042_005,ICB_218,copd,WelchAllyn Meditron Master Elite,75.0,1,1,4,0.53257227,0.954813,2,3,adulto
ICB_04042_006,ICB_218,copd,WelchAllyn Meditron Master Elite,75.0,1,1,4,0.43263882,0.8474979,0,3,adulto
ICB_04042_007,ICB_218,copd,WelchAllyn Meditron Master Elite,75.0,1,1,4,0.4819952,0.9288787,2,3,adulto
ICB_04042_008,ICB_218,copd,WelchAllyn Meditron Master Elite,75.0,1,0,4,0.6069248,0.6238507,0,1,adulto
ICB_04042_009,ICB_218,copd,WelchAllyn Meditron Master Elite,75.0,1,0,4,0.31569964,0.7767718,0,1,adulto
ICB_04042_010,ICB_218,copd,WelchAllyn Meditron Master Elite,75.0,1,1,4,0.12397804,0.72877663,0,3,adulto
ICB_04042_011,ICB_218,copd,WelchAllyn Meditron Master Elite,75.0,1,1,4,0.074309975,0.8713454,2,3,adulto
ICB_04042_012,ICB_218,copd,WelchAllyn Meditron Master Elite,75.0,1,1,4,0.6794,0.9352381,3,3,adulto
ICB_04042_013,ICB_218,copd,WelchAllyn Meditron Master Elite,75.0,1,1,4,0.3055055,0.7872523,0,3,adulto
ICB_04042_014,ICB_218,copd,WelchAllyn Meditron Master Elite,75.0,1,1,4,0.23375207,0.99828064,2,3,adulto
ICB_04042_015,ICB_218,copd,WelchAllyn Meditron Master Elite,75.0,0,0,4,0.1364198,0.832346,0,0,adulto
ICB_04043_000,ICB_218,copd,WelchAllyn Meditron Master Elite,75.0,1,0,4,0.47593135,0.5951683,0,1,adulto
ICB_04043_001,ICB_218,copd,WelchAllyn Meditron Master Elite,75.0,1,0,4,0.87375915,0.8597986,3,1,adulto
ICB_04043_002,ICB_218,copd,WelchAllyn Meditron Master Elite,75.0,1,0,4,0.68507326,0.6181062,1,1,adulto
ICB_04043_003,ICB_218,copd,WelchAllyn Meditron Master Elite,75.0,1,0,4,0.8061581,0.464939,1,1,adulto
ICB_04043_004,ICB_218,copd,WelchAllyn Meditron Master Elite,75.0,1,0,4,0.52764267,0.31465936,0,1,adulto
ICB_04043_005,ICB_218,copd,WelchAllyn Meditron Master Elite,75.0,1,0,4,0.83467525,0.6929242,1,1,adulto
ICB_04043_006,ICB_218,copd,WelchAllyn Meditron Master Elite,75.0,1,0,4,0.88281894,0.6771779,1,1,adulto
ICB_04043_007,ICB_218,copd,WelchAllyn Meditron Master Elite,75.0,1,0,4,0.419888,0.509285,0,1,adulto
ICB_04043_008,ICB_218,copd,WelchAllyn Meditron Master Elite,75.0,1,0,4,0.0770126,0.5668988,0,1,adulto
ICB_04043_009,ICB_218,copd,WelchAllyn Meditron Master Elite,75.0,0,0,4,0.006081749,0.02245127,0,0,adulto
ICB_04043_010,ICB_218,copd,WelchAllyn Meditron Master Elite,75.0,1,0,4,0.09530427,0.37435624,0,1,adulto
ICB_04043_011,ICB_218,copd,WelchAllyn Meditron Master Elite,75.0,1,0,4,0.48851928,0.7258265,0,1,adulto
ICB_04043_012,ICB_218,copd,WelchAllyn Meditron Master Elite,75.0,1,1,4,0.27397323,0.93322706,2,3,adulto
ICB_04043_013,ICB_218,copd,WelchAllyn Meditron Master Elite,75.0,1,1,4,0.7091444,0.66515666,1,3,adulto
ICB_04043_014,ICB_218,copd,WelchAllyn Meditron Master Elite,75.0,1,1,4,0.54400873,0.70188475,0,3,adulto
ICB_04043_015,ICB_218,copd,WelchAllyn Meditron Master Elite,75.0,0,1,4,0.058417596,0.32239598,0,2,adulto
ICB_04043_016,ICB_218,copd,WelchAllyn Meditron Master Elite,75.0,0,1,4,0.12551282,0.92815423,2,2,adulto
ICB_04043_017,ICB_218,copd,WelchAllyn Meditron Master Elite,75.0,1,1,4,0.5121739,0.65665734,0,3,adulto
ICB_04043_018,ICB_218,copd,WelchAllyn Meditron Master Elite,75.0,0,0,4,0.08537965,0.9035922,2,0,adulto
ICB_04044_000,ICB_218,copd,WelchAllyn Meditron Master Elite,75.0,0,0,4,0.4785404,0.5767942,0,0,adulto
ICB_04044_001,ICB_218,copd,WelchAllyn Meditron Master Elite,75.0,1,0,4,0.48124442,0.8082725,0,1,adulto
ICB_04044_002,ICB_218,copd,WelchAllyn Meditron Master Elite,75.0,1,0,4,0.6943371,0.49289793,1,1,adulto
ICB_04044_003,ICB_218,copd,WelchAllyn Meditron Master Elite,75.0,1,0,4,0.42483646,0.8100789,0,1,adulto
ICB_04044_004,ICB_218,copd,WelchAllyn Meditron Master Elite,75.0,1,0,4,0.5631644,0.6562435,0,1,adulto
ICB_04044_005,ICB_218,copd,WelchAllyn Meditron Master Elite,75.0,1,0,4,0.43896785,0.8613779,2,1,adulto
ICB_04044_006,ICB_218,copd,WelchAllyn Meditron Master Elite,75.0,1,0,4,0.63024515,0.64347786,0,1,adulto
ICB_04044_007,ICB_218,copd,WelchAllyn Meditron Master Elite,75.0,1,0,4,0.6188292,0.90771574,2,1,adulto
ICB_04044_008,ICB_218,copd,WelchAllyn Meditron Master Elite,75.0,1,0,4,0.3296276,0.6582688,0,1,adulto
ICB_04044_009,ICB_218,copd,WelchAllyn Meditron Master Elite,75.0,1,0,4,0.21134403,0.7684593,0,1,adulto
ICB_04044_010,ICB_218,copd,WelchAllyn Meditron Master Elite,75.0,1,1,4,0.008907174,0.33460206,0,3,adulto
ICB_04044_011,ICB_218,copd,WelchAllyn Meditron Master Elite,75.0,1,1,4,0.014347263,0.433788,0,3,adulto
ICB_04044_012,ICB_218,copd,WelchAllyn Meditron Master Elite,75.0,1,1,4,0.013130283,0.965433,2,3,adulto
ICB_04044_013,ICB_218,copd,WelchAllyn Meditron Master Elite,75.0,1,1,4,0.034850135,0.6134313,0,3,adulto
ICB_04044_014,ICB_218,copd,WelchAllyn Meditron Master Elite,75.0,0,1,4,0.0058900216,0.95971,2,2,adulto
ICB_04044_015,ICB_218,copd,WelchAllyn Meditron Master Elite,75.0,0,1,4,0.01090171,0.8989277,2,2,adulto
ICB_04044_016,ICB_218,copd,WelchAllyn Meditron Master Elite,75.0,0,1,4,0.007837903,0.37501028,0,2,adulto
ICB_04044_017,ICB_218,copd,WelchAllyn Meditron Master Elite,75.0,0,0,4,0.026209107,0.10560958,0,0,adulto
ICB_04045_000,ICB_218,copd,WelchAllyn Meditron Master Elite,75.0,1,0,4,0.28753603,0.29027635,0,1,adulto
ICB_04045_001,ICB_218,copd,WelchAllyn Meditron Master Elite,75.0,1,1,4,0.44740412,0.3711282,0,3,adulto
ICB_04045_002,ICB_218,copd,WelchAllyn Meditron Master Elite,75.0,0,1,4,0.57571083,0.647446,0,2,adulto
ICB_04045_003,ICB_218,copd,WelchAllyn Meditron Master Elite,75.0,1,1,4,0.4512341,0.38839033,0,3,adulto
ICB_04045_004,ICB_218,copd,WelchAllyn Meditron Master Elite,75.0,1,0,4,0.30879074,0.6562092,0,1,adulto
ICB_04045_005,ICB_218,copd,WelchAllyn Meditron Master Elite,75.0,1,1,4,0.38559747,0.7989117,0,3,adulto
ICB_04045_006,ICB_218,copd,WelchAllyn Meditron Master Elite,75.0,1,1,4,0.40076536,0.653411,0,3,adulto
ICB_04045_007,ICB_218,copd,WelchAllyn Meditron Master Elite,75.0,1,0,4,0.4150451,0.43955785,0,1,adulto
ICB_04045_008,ICB_218,copd,WelchAllyn Meditron Master Elite,75.0,1,1,4,0.3560185,0.604281,0,3,adulto
ICB_04045_009,ICB_218,copd,WelchAllyn Meditron Master Elite,75.0,1,1,4,0.26560694,0.83972514,0,3,adulto
ICB_04045_010,ICB_218,copd,WelchAllyn Meditron Master Elite,75.0,1,1,4,0.22122365,0.3605246,0,3,adulto
ICB_04045_011,ICB_218,copd,WelchAllyn Meditron Master Elite,75.0,1,1,4,0.2285646,0.6202047,0,3,adulto
ICB_04045_012,ICB_218,copd,WelchAllyn Meditron Master Elite,75.0,1,1,4,0.2512861,0.95282334,2,3,adulto
ICB_04045_013,ICB_218,copd,WelchAllyn Meditron Master Elite,75.0,1,1,4,0.06903364,0.5332656,0,3,adulto
ICB_04045_014,ICB_218,copd,WelchAllyn Meditron Master Elite,75.0,1,1,4,0.263323,0.79686636,0,3,adulto
ICB_04045_015,ICB_218,copd,WelchAllyn Meditron Master Elite,75.0,0,1,4,0.3083031,0.9693888,2,2,adulto
ICB_04045_016,ICB_218,copd,WelchAllyn Meditron Master Elite,75.0,0,0,4,0.35918605,0.43767068,0,0,adulto
ICB_04045_017,ICB_218,copd,WelchAllyn Meditron Master Elite,75.0,0,0,4,0.10744408,0.7681653,0,0,adulto
ICB_04046_000,ICB_218,copd,3M Littmann 3200 Electronic,75.0,0,0,4,0.47000754,0.71680737,0,0,adulto
ICB_04046_001,ICB_218,copd,3M Littmann 3200 Electronic,75.0,0,0,4,0.55229235,0.7883429,0,0,adulto
ICB_04046_002,ICB_218,copd,3M Littmann 3200 Electronic,75.0,0,0,4,0.53225386,0.35453123,0,0,adulto
ICB_04046_003,ICB_218,copd,3M Littmann 3200 Electronic,75.0,0,1,4,0.42986253,0.8964405,2,2,adulto
ICB_04046_004,ICB_218,copd,3M Littmann 3200 Electronic,75.0,0,1,4,0.49791777,0.83915216,0,2,adulto
ICB_04046_005,ICB_218,copd,3M Littmann 3200 Electronic,75.0,0,1,4,0.41627595,0.9530169,2,2,adulto
ICB_04047_000,ICB_218,copd,3M Littmann 3200 Electronic,75.0,0,0,4,0.4986211,0.3265017,0,0,adulto
ICB_04047_001,ICB_218,copd,3M Littmann 3200 Electronic,75.0,1,0,4,0.6005586,0.35806733,0,1,adulto
ICB_04047_002,ICB_218,copd,3M Littmann 3200 Electronic,75.0,1,0,4,0.7012108,0.30394217,1,1,adulto
ICB_04047_003,ICB_218,copd,3M Littmann 3200 Electronic,75.0,0,0,4,0.4892865,0.37626743,0,0,adulto
ICB_04047_004,ICB_218,copd,3M Littmann 3200 Electronic,75.0,1,1,4,0.52013427,0.4684604,0,3,adulto
ICB_04047_005,ICB_218,copd,3M Littmann 3200 Electronic,75.0,1,1,4,0.41896048,0.6572651,0,3,adulto
ICB_04047_006,ICB_218,copd,3M Littmann 3200 Electronic,75.0,1,1,4,0.44147342,0.25189131,0,3,adulto
ICB_04047_007,ICB_218,copd,3M Littmann 3200 Electronic,75.0,1,1,4,0.45102382,0.24399203,0,3,adulto
ICB_04048_000,ICB_218,copd,3M Littmann 3200 Electronic,75.0,1,0,4,0.66133904,0.24900675,1,1,adulto
ICB_04048_001,ICB_218,copd,3M Littmann 3200 Electronic,75.0,1,0,4,0.52139723,0.252679,0,1,adulto
ICB_04048_002,ICB_218,copd,3M Littmann 3200 Electronic,75.0,0,0,4,0.44763824,0.6107168,0,0,adulto
ICB_04048_003,ICB_218,copd,3M Littmann 3200 Electronic,75.0,1,1,4,0.42525375,0.995346,2,3,adulto
ICB_04048_004,ICB_218,copd,3M Littmann 3200 Electronic,75.0,1,1,4,0.44948292,0.9888496,2,3,adulto
ICB_04048_005,ICB_218,copd,3M Littmann 3200 Electronic,75.0,1,1,4,0.6432877,0.9794262,2,3,adulto
ICB_04048_006,ICB_218,copd,3M Littmann 3200 Electronic,75.0,1,1,4,0.48965198,0.98204386,2,3,adulto
