cycle_id,subject_id,pathology_label,equipment,age_years,crackle,wheeze,fold,p_crackle,p_wheeze,pred_4class,true_4class,age_group
ICB_03174_000,ICB_106,copd,3M Littmann Classic II SE,73.0,1,0,0,0.4491671,0.37798086,0,1,adulto
ICB_03174_001,ICB_106,copd,3M Littmann Classic II SE,73.0,1,0,0,0.48672104,0.4311032,0,1,adulto
ICB_03174_002,ICB_106,copd,3M Littmann Classic II SE,73.0,0,0,0,0.4521755,0.2561675,0,0,adulto
ICB_03174_003,ICB_106,copd,3M Littmann Classic II SE,73.0,1,0,0,0.4624356,0.45564407,0,1,adulto
ICB_03174_004,ICB_106,copd,3M Littmann Classic II SE,73.0,1,0,0,0.45492175,0.49586636,0,1,adulto
ICB_03174_005,ICB_106,copd,3M Littmann Classic II SE,73.0,1,0,0,0.47120535,0.6578296,0,1,adulto
ICB_03174_006,ICB_106,copd,3M Littmann Classic II SE,73.0,1,0,0,0.52486295,0.53246856,0,1,adulto
ICB_03174_007,ICB_106,copd,3M Littmann Classic II SE,73.0,1,0,0,0.48178765,0.41904593,0,1,adulto
ICB_03174_008,ICB_106,copd,3M Littmann Classic II SE,73.0,1,0,0,0.35554042,0.48576394,0,1,adulto
ICB_03175_000,ICB_106,copd,3M Littmann Classic II SE,73.0,0,1,0,0.5490456,0.6584014,0,2,adulto
ICB_03175_001,ICB_106,copd,3M Littmann Classic II SE,73.0,0,1,0,0.58975685,0.782496,1,2,adulto
ICB_03175_002,ICB_106,copd,3M Littmann Classic II SE,73.0,0,0,0,0.54939884,0.6437068,0,0,adulto
ICB_03175_003,ICB_106,copd,3M Littmann Classic II SE,73.0,0,1,0,0.57264894,0.8763322,1,2,adulto
ICB_03175_004,ICB_106,copd,3M Littmann Classic II SE,73.0,0,1,0,0.5753807,0.8781701,1,2,adulto
ICB_03175_005,ICB_106,copd,3M Littmann Classic II SE,73.0,0,1,0,0.5577683,0.85486037,1,2,adulto
ICB_03175_006,ICB_106,copd,3M Littmann Classic II SE,73.0,0,1,0,0.61179286,0.77114064,1,2,adulto
ICB_03175_007,ICB_106,copd,3M Littmann Classic II SE,73.0,0,1,0,0.59897727,0.7149465,1,2,adulto
ICB_03175_008,ICB_106,copd,3M Littmann Classic II SE,73.0,0,0,0,0.41834322,0.5169274,0,0,adulto
ICB_03234_000,ICB_115,respiratory_infection,3M Littmann Classic II SE,0.58,0,0,0,0.35183442,0.43330714,0,0,pediátrico (<18)
ICB_03234_001,ICB_115,respiratory_infection,3M Littmann Classic II SE,0.58,0,0,0,0.33369416,0.39319625,0,0,pediátrico (<18)
ICB_03234_002,ICB_115,respiratory_infection,3M Littmann Classic II SE,0.58,0,0,0,0.35177344,0.35267508,0,0,pediátrico (<18)
ICB_03234_003,ICB_115,respiratory_infection,3M Littmann Classic II SE,0.58,0,0,0,0.35301438,0.31433553,0,0,pediátrico (<18)
ICB_03234_004,ICB_115,respiratory_infection,3M Littmann Classic II SE,0.58,0,0,0,0.36364707,0.37902188,0,0,pediátrico (<18)
ICB_03234_005,ICB_115,respiratory_infection,3M Littmann Classic II SE,0.58,0,0,0,0.32953042,0.3620587,0,0,pediátrico (<18)
ICB_03234_006,ICB_115,respiratory_infection,3M Littmann Classic II SE,0.58,0,0,0,0.3398142,0.37283927,0,0,pediátrico (<18)
ICB_03234_007,ICB_115,respiratory_infection,3M Littmann Classic II SE,0.58,0,0,0,0.31419867,0.34162876,0,0,pediátrico (<18)
ICB_03234_008,ICB_115,respiratory_infection,3M Littmann Classic II SE,0.58,0,0,0,0.31495497,0.35012498,0,0,pediátrico (<18)
ICB_03234_009,ICB_115,respiratory_infection,3M Littmann Classic II SE,0.58,0,0,0,0.3276261,0.3718499,0,0,pediátrico (<18)
ICB_03234_010,ICB_115,respiratory_infection,3M Littmann Classic II SE,0.58,0,0,0,0.31207278,0.38585258,0,0,pediátrico (<18)
ICB_03234_011,ICB_115,respiratory_infection,3M Littmann Classic II SE,0.58,0,0,0,0.32742482,0.35650155,0,0,pediátrico (<18)
ICB_03234_012,ICB_115,respiratory_infection,3M Littmann Classic II SE,0.58,0,1,0,0.32478973,0.3442348,0,2,pediátrico (<18)
ICB_03234_013,ICB_115,respiratory_infection,3M Littmann Classic II SE,0.58,0,0,0,0.30313057,0.34353673,0,0,pediátrico (<18)
ICB_03234_014,ICB_115,respiratory_infection,3M Littmann Classic II SE,0.58,0,0,0,0.3301045,0.3103662,0,0,pediátrico (<18)
ICB_03234_015,ICB_115,respiratory_infection,3M Littmann Classic II SE,0.58,0,0,0,0.308774,0.36804357,0,0,pediátrico (<18)
ICB_03234_016,ICB_115,respiratory_infection,3M Littmann Classic II SE,0.58,0,0,0,0.32959053,0.3797886,0,0,pediátrico (<18)
ICB_03234_017,ICB_115,respiratory_infection,3M Littmann Classic II SE,0.58,0,0,0,0.3423323,0.35981366,0,0,pediátrico (<18)
ICB_03234_018,ICB_115,respiratory_infection,3M Littmann Classic II SE,0.58,0,0,0,0.3314553,0.35794586,0,0,pediátrico (<18)
ICB_03234_019,ICB_115,respiratory_infection,3M Littmann Classic II SE,0.58,0,0,0,0.3202084,0.32901534,0,0,pediátrico (<18)
ICB_03234_020,ICB_115,respiratory_infection,3M Littmann Classic II SE,0.58,0,0,0,0.33118495,0.32842696,0,0,pediátrico (<18)
ICB_03234_021,ICB_115,respiratory_infection,3M Littmann Classic II SE,0.58,0,0,0,0.30697078,0.32271296,0,0,pediátrico (<18)
ICB_03234_022,ICB_115,respiratory_infection,3M Littmann Classic II SE,0.58,0,0,0,0.31775403,0.34892744,0,0,pediátrico (<18)
ICB_03234_023,ICB_115,respiratory_infection,3M Littmann Classic II SE,0.58,0,0,0,0.28805456,0.34232885,0,0,pediátrico (<18)
ICB_03235_000,ICB_116,bronchiectasis,3M Littmann Classic II SE,56.0,0,0,0,0.60082734,0.53838766,1,0,adulto
ICB_03235_001,ICB_116,bronchiectasis,3M Littmann Classic II SE,56.0,0,1,0,0.6212168,0.67705834,1,2,adulto
ICB_03235_002,ICB_116,bronchiectasis,3M Littmann Classic II SE,56.0,0,1,0,0.53522426,0.53803194,0,2,adulto
ICB_03235_003,ICB_116,bronchiectasis,3M Littmann Classic II SE,56.0,0,0,0,0.36397344,0.38280737,0,0,adulto
ICB_03236_000,ICB_116,bronchiectasis,3M Littmann Classic II SE,56.0,0,0,0,0.12973647,0.25061026,0,0,adulto
ICB_03236_001,ICB_116,bronchiectasis,3M Littmann Classic II SE,56.0,0,0,0,0.117112406,0.14094718,0,0,adulto
ICB_03236_002,ICB_116,bronchiectasis,3M Littmann Classic II SE,56.0,0,0,0,0.106079295,0.16366343,0,0,adulto
ICB_03236_003,ICB_116,bronchiectasis,3M Littmann Classic II SE,56.0,0,0,0,0.21383847,0.18690002,0,0,adulto
ICB_03237_000,ICB_117,copd,3M Littmann Classic II SE,68.0,0,0,0,0.22237067,0.2353529,0,0,adulto
ICB_03237_001,ICB_117,copd,3M Littmann Classic II SE,68.0,0,0,0,0.28359914,0.27890134,0,0,adulto
ICB_03237_002,ICB_117,copd,3M Littmann Classic II SE,68.0,0,0,0,0.22388536,0.20004342,0,0,adulto
ICB_03237_003,ICB_117,copd,3M Littmann Classic II SE,68.0,0,0,0,0.20353419,0.27041215,0,0,adulto
ICB_03237_004,ICB_117,copd,3M Littmann Classic II SE,68.0,0,0,0,0.20379417,0.31050214,0,0,adulto
ICB_03237_005,ICB_117,copd,3M Littmann Classic II SE,68.0,0,0,0,0.23777848,0.17431767,0,0,adulto
ICB_03237_006,ICB_117,copd,3M Littmann Classic II SE,68.0,0,0,0,0.31900278,0.39351425,0,0,adulto
ICB_03238_000,ICB_117,copd,3M Littmann Classic II SE,68.0,0,1,0,0.19087884,0.18654208,0,2,adulto
ICB_03238_001,ICB_117,copd,3M Littmann Classic II SE,68.0,0,1,0,0.18175493,0.25136533,0,2,adulto
ICB_03238_002,ICB_117,copd,3M Littmann Classic II SE,68.0,0,1,0,0.14883833,0.24965304,0,2,adulto
ICB_03238_003,ICB_117,copd,3M Littmann Classic II SE,68.0,0,1,0,0.13613133,0.26624635,0,2,adulto
ICB_03238_004,ICB_117,copd,3M Littmann Classic II SE,68.0,0,1,0,0.16619714,0.25593823,0,2,adulto
ICB_03273_000,ICB_129,respiratory_infection,3M Littmann Classic II SE,6.0,0,0,0,0.38358366,0.41687587,0,0,pediátrico (<18)
ICB_03273_001,ICB_129,respiratory_infection,3M Littmann Classic II SE,6.0,1,0,0,0.48139918,0.46729887,0,1,pediátrico (<18)
ICB_03273_002,ICB_129,respiratory_infection,3M Littmann Classic II SE,6.0,0,0,0,0.4373851,0.34138906,0,0,pediátrico (<18)
ICB_03273_003,ICB_129,respiratory_infection,3M Littmann Classic II SE,6.0,1,0,0,0.43095022,0.38171116,0,1,pediátrico (<18)
ICB_03273_004,ICB_129,respiratory_infection,3M Littmann Classic II SE,6.0,1,0,0,0.46129352,0.35430866,0,1,pediátrico (<18)
ICB_03273_005,ICB_129,respiratory_infection,3M Littmann Classic II SE,6.0,1,0,0,0.4847094,0.35228828,0,1,pediátrico (<18)
ICB_03273_006,ICB_129,respiratory_infection,3M Littmann Classic II SE,6.0,1,0,0,0.45851636,0.44061333,0,1,pediátrico (<18)
ICB_03273_007,ICB_129,respiratory_infection,3M Littmann Classic II SE,6.0,0,0,0,0.44809666,0.325494,0,0,pediátrico (<18)
ICB_03273_008,ICB_129,respiratory_infection,3M Littmann Classic II SE,6.0,0,0,0,0.36348385,0.45227975,0,0,pediátrico (<18)
ICB_03380_000,ICB_136,normal_lung,AKG C417L Microphone,5.0,0,0,0,0.4769903,0.82238793,0,0,pediátrico (<18)
ICB_03380_001,ICB_136,normal_lung,AKG C417L Microphone,5.0,0,0,0,0.45405304,0.8040632,0,0,pediátrico (<18)
ICB_03380_002,ICB_136,normal_lung,AKG C417L Microphone,5.0,0,0,0,0.49329323,0.8088011,0,0,pediátrico (<18)
ICB_03380_003,ICB_136,normal_lung,AKG C417L Microphone,5.0,0,0,0,0.44691753,0.79070085,0,0,pediátrico (<18)
ICB_03380_004,ICB_136,normal_lung,AKG C417L Microphone,5.0,0,0,0,0.4465557,0.6970434,0,0,pediátrico (<18)
ICB_03380_005,ICB_136,normal_lung,AKG C417L Microphone,5.0,0,0,0,0.43357456,0.74697876,0,0,pediátrico (<18)
ICB_03380_006,ICB_136,normal_lung,AKG C417L Microphone,5.0,0,0,0,0.44189233,0.69233876,0,0,pediátrico (<18)
ICB_03380_007,ICB_136,normal_lung,AKG C417L Microphone,5.0,0,0,0,0.46741378,0.7382541,0,0,pediátrico (<18)
ICB_03380_008,ICB_136,normal_lung,AKG C417L Microphone,5.0,0,0,0,0.41047934,0.70622855,0,0,pediátrico (<18)
ICB_03381_000,ICB_137,respiratory_infection,3M Littmann Classic II SE,4.0,0,0,0,0.74531275,0.9553381,3,0,pediátrico (<18)
ICB_03381_001,ICB_137,respiratory_infection,3M Littmann Classic II SE,4.0,0,0,0,0.49297926,0.6355348,0,0,pediátrico (<18)
ICB_03381_002,ICB_137,respiratory_infection,3M Littmann Classic II SE,4.0,0,0,0,0.46806788,0.6366374,0,0,pediátrico (<18)
ICB_03381_003,ICB_137,respiratory_infection,3M Littmann Classic II SE,4.0,0,0,0,0.513165,0.6963354,0,0,pediátrico (<18)
ICB_03381_004,ICB_137,respiratory_infection,3M Littmann Classic II SE,4.0,0,0,0,0.43562162,0.5848379,0,0,pediátrico (<18)
ICB_03381_005,ICB_137,respiratory_infection,3M Littmann Classic II SE,4.0,0,0,0,0.5105203,0.6202524,0,0,pediátrico (<18)
ICB_03381_006,ICB_137,respiratory_infection,3M Littmann Classic II SE,4.0,0,0,0,0.55644405,0.7175837,1,0,pediátrico (<18)
ICB_03381_007,ICB_137,respiratory_infection,3M Littmann Classic II SE,4.0,0,0,0,0.40396422,0.56217474,0,0,pediátrico (<18)
ICB_03382_000,ICB_137,respiratory_infection,3M Littmann Classic II SE,4.0,0,0,0,0.43486652,0.7150965,0,0,pediátrico (<18)
ICB_03382_001,ICB_137,respiratory_infection,3M Littmann Classic II SE,4.0,0,0,0,0.5304036,0.69400233,0,0,pediátrico (<18)
ICB_03382_002,ICB_137,respiratory_infection,3M Littmann Classic II SE,4.0,0,0,0,0.43386003,0.61477435,0,0,pediátrico (<18)
ICB_03382_003,ICB_137,respiratory_infection,3M Littmann Classic II SE,4.0,0,0,0,0.4303343,0.5579416,0,0,pediátrico (<18)
ICB_03382_004,ICB_137,respiratory_infection,3M Littmann Classic II SE,4.0,0,0,0,0.4121372,0.5959079,0,0,pediátrico (<18)
ICB_03382_005,ICB_137,respiratory_infection,3M Littmann Classic II SE,4.0,0,0,0,0.5248954,0.80785346,0,0,pediátrico (<18)
ICB_03382_006,ICB_137,respiratory_infection,3M Littmann Classic II SE,4.0,0,0,0,0.46707296,0.61610603,0,0,pediátrico (<18)
ICB_03382_007,ICB_137,respiratory_infection,3M Littmann Classic II SE,4.0,0,0,0,0.4584369,0.69059104,0,0,pediátrico (<18)
ICB_03382_008,ICB_137,respiratory_infection,3M Littmann Classic II SE,4.0,0,0,0,0.4754592,0.64777225,0,0,pediátrico (<18)
ICB_03410_000,ICB_139,copd,3M Littmann 3200 Electronic,61.0,0,0,0,0.31579012,0.86785614,0,0,adulto
ICB_03410_001,ICB_139,copd,3M Littmann 3200 Electronic,61.0,0,0,0,0.29222015,0.5989034,0,0,adulto
ICB_03410_002,ICB_139,copd,3M Littmann 3200 Electronic,61.0,0,0,0,0.29091838,0.643621,0,0,adulto
ICB_03410_003,ICB_139,copd,3M Littmann 3200 Electronic,61.0,0,0,0,0.27939263,0.572132,0,0,adulto
ICB_03410_004,ICB_139,copd,3M Littmann 3200 Electronic,61.0,0,0,0,0.26284254,0.6550374,0,0,adulto
ICB_03410_005,ICB_139,copd,3M Littmann 3200 Electronic,61.0,0,0,0,0.28855765,0.7516088,0,0,adulto
ICB_03410_006,ICB_139,copd,3M Littmann 3200 Electronic,61.0,0,0,0,0.30120614,0.68683743,0,0,adulto
ICB_03410_007,ICB_139,copd,3M Littmann 3200 Electronic,61.0,0,0,0,0.28972575,0.66139823,0,0,adulto
ICB_03410_008,ICB_139,copd,3M Littmann 3200 Electronic,61.0,0,0,0,0.16640602,0.71418566,0,0,adulto
ICB_03410_009,ICB_139,copd,3M Littmann 3200 Electronic,61.0,0,0,0,0.2627217,0.47611016,0,0,adulto
ICB_03411_000,ICB_139,copd,3M Littmann 3200 Electronic,61.0,0,0,0,0.2875945,0.6843177,0,0,adulto
ICB_03411_001,ICB_139,copd,3M Littmann 3200 Electronic,61.0,0,0,0,0.274682,0.6340955,0,0,adulto
ICB_03411_002,ICB_139,copd,3M Littmann 3200 Electronic,61.0,0,0,0,0.30748555,0.726898,0,0,adulto
ICB_03411_003,ICB_139,copd,3M Littmann 3200 Electronic,61.0,0,0,0,0.29574358,0.7314673,0,0,adulto
ICB_03411_004,ICB_139,copd,3M Littmann 3200 Electronic,61.0,0,0,0,0.30945772,0.7931858,0,0,adulto
ICB_03411_005,ICB_139,copd,3M Littmann 3200 Electronic,61.0,0,0,0,0.3243823,0.75941175,0,0,adulto
ICB_03411_006,ICB_139,copd,3M Littmann 3200 Electronic,61.0,0,0,0,0.28862247,0.649618,0,0,adulto
ICB_03411_007,ICB_139,copd,3M Littmann 3200 Electronic,61.0,0,0,0,0.20590475,0.9287803,0,0,adulto
ICB_03411_008,ICB_139,copd,3M Littmann 3200 Electronic,61.0,0,0,0,0.2951416,0.5428394,0,0,adulto
ICB_03412_000,ICB_139,copd,3M Littmann 3200 Electronic,61.0,1,1,0,0.2638282,0.52424777,0,3,adulto
ICB_03412_001,ICB_139,copd,3M Littmann 3200 Electronic,61.0,0,0,0,0.29238546,0.53487086,0,0,adulto
ICB_03412_002,ICB_139,copd,3M Littmann 3200 Electronic,61.0,0,0,0,0.28830406,0.6066114,0,0,adulto
ICB_03412_003,ICB_139,copd,3M Littmann 3200 Electronic,61.0,0,0,0,0.25510755,0.5409318,0,0,adulto
ICB_03412_004,ICB_139,copd,3M Littmann 3200 Electronic,61.0,0,0,0,0.28248167,0.6191211,0,0,adulto
ICB_03412_005,ICB_139,copd,3M Littmann 3200 Electronic,61.0,0,0,0,0.3057435,0.731508,0,0,adulto
ICB_03412_006,ICB_139,copd,3M Littmann 3200 Electronic,61.0,0,0,0,0.17650619,0.98102176,2,0,adulto
ICB_03412_007,ICB_139,copd,3M Littmann 3200 Electronic,61.0,0,0,0,0.27075312,0.61177796,0,0,adulto
ICB_03413_000,ICB_139,copd,3M Littmann 3200 Electronic,61.0,0,0,0,0.28230613,0.66886526,0,0,adulto
ICB_03413_001,ICB_139,copd,3M Littmann 3200 Electronic,61.0,1,0,0,0.28878677,0.667484,0,1,adulto
ICB_03413_002,ICB_139,copd,3M Littmann 3200 Electronic,61.0,1,0,0,0.28151435,0.67563653,0,1,adulto
ICB_03413_003,ICB_139,copd,3M Littmann 3200 Electronic,61.0,1,0,0,0.26988536,0.70557106,0,1,adulto
ICB_03413_004,ICB_139,copd,3M Littmann 3200 Electronic,61.0,0,0,0,0.19977257,0.9685731,2,0,adulto
ICB_03413_005,ICB_139,copd,3M Littmann 3200 Electronic,61.0,0,0,0,0.3152428,0.59653306,0,0,adulto
ICB_03414_000,ICB_139,copd,3M Littmann 3200 Electronic,61.0,0,1,0,0.31976745,0.6838057,0,2,adulto
ICB_03414_001,ICB_139,copd,3M Littmann 3200 Electronic,61.0,0,1,0,0.3379469,0.701961,0,2,adulto
ICB_03414_002,ICB_139,copd,3M Littmann 3200 Electronic,61.0,0,1,0,0.3825982,0.73610854,0,2,adulto
ICB_03414_003,ICB_139,copd,3M Littmann 3200 Electronic,61.0,0,0,0,0.4008171,0.7981945,0,0,adulto
ICB_03414_004,ICB_139,copd,3M Littmann 3200 Electronic,61.0,0,0,0,0.29323518,0.90739304,0,0,adulto
ICB_03414_005,ICB_139,copd,3M Littmann 3200 Electronic,61.0,0,0,0,0.42869148,0.8961641,0,0,adulto
ICB_03415_000,ICB_139,copd,3M Littmann 3200 Electronic,61.0,0,0,0,0.30911836,0.68502486,0,0,adulto
ICB_03415_001,ICB_139,copd,3M Littmann 3200 Electronic,61.0,0,0,0,0.3050724,0.67948467,0,0,adulto
ICB_03415_002,ICB_139,copd,3M Littmann 3200 Electronic,61.0,0,1,0,0.31409088,0.7026193,0,2,adulto
ICB_03415_003,ICB_139,copd,3M Littmann 3200 Electronic,61.0,0,1,0,0.3115117,0.76384175,0,2,adulto
ICB_03415_004,ICB_139,copd,3M Littmann 3200 Electronic,61.0,0,1,0,0.3332911,0.8334343,0,2,adulto
ICB_03415_005,ICB_139,copd,3M Littmann 3200 Electronic,61.0,0,1,0,0.17142358,0.98976225,2,2,adulto
ICB_03415_006,ICB_139,copd,3M Littmann 3200 Electronic,61.0,0,0,0,0.35580397,0.69964993,0,0,adulto
ICB_03430_000,ICB_144,normal_lung,AKG C417L Microphone,3.0,0,0,0,0.4703403,0.38371015,0,0,pediátrico (<18)
ICB_03430_001,ICB_144,normal_lung,AKG C417L Microphone,3.0,0,0,0,0.4209242,0.4054687,0,0,pediátrico (<18)
ICB_03430_002,ICB_144,normal_lung,AKG C417L Microphone,3.0,0,0,0,0.42979148,0.47751677,0,0,pediátrico (<18)
ICB_03430_003,ICB_144,normal_lung,AKG C417L Microphone,3.0,0,0,0,0.4466108,0.36683044,0,0,pediátrico (<18)
ICB_03430_004,ICB_144,normal_lung,AKG C417L Microphone,3.0,0,0,0,0.36985418,0.3750794,0,0,pediátrico (<18)
ICB_03430_005,ICB_144,normal_lung,AKG C417L Microphone,3.0,0,0,0,0.3986939,0.36695707,0,0,pediátrico (<18)
ICB_03430_006,ICB_144,normal_lung,AKG C417L Microphone,3.0,0,0,0,0.43446335,0.3780408,0,0,pediátrico (<18)
ICB_03430_007,ICB_144,normal_lung,AKG C417L Microphone,3.0,0,0,0,0.39488626,0.36705965,0,0,pediátrico (<18)
ICB_03430_008,ICB_144,normal_lung,AKG C417L Microphone,3.0,0,0,0,0.45850235,0.48405102,0,0,pediátrico (<18)
ICB_03430_009,ICB_144,normal_lung,AKG C417L Microphone,3.0,0,0,0,0.37265614,0.354789,0,0,pediátrico (<18)
ICB_03431_000,ICB_144,normal_lung,AKG C417L Microphone,3.0,0,0,0,0.28982335,0.28272048,0,0,pediátrico (<18)
ICB_03431_001,ICB_144,normal_lung,AKG C417L Microphone,3.0,0,0,0,0.22371678,0.15032753,0,0,pediátrico (<18)
ICB_03431_002,ICB_144,normal_lung,AKG C417L Microphone,3.0,0,0,0,0.22295825,0.16924767,0,0,pediátrico (<18)
ICB_03431_003,ICB_144,normal_lung,AKG C417L Microphone,3.0,0,0,0,0.26409835,0.15632421,0,0,pediátrico (<18)
ICB_03431_004,ICB_144,normal_lung,AKG C417L Microphone,3.0,0,0,0,0.33152732,0.23382351,0,0,pediátrico (<18)
ICB_03431_005,ICB_144,normal_lung,AKG C417L Microphone,3.0,0,0,0,0.31929913,0.16843836,0,0,pediátrico (<18)
ICB_03431_006,ICB_144,normal_lung,AKG C417L Microphone,3.0,0,0,0,0.36592668,0.23349392,0,0,pediátrico (<18)
ICB_03431_007,ICB_144,normal_lung,AKG C417L Microphone,3.0,0,0,0,0.436982,0.24493453,0,0,pediátrico (<18)
ICB_03431_008,ICB_144,normal_lung,AKG C417L Microphone,3.0,0,0,0,0.23975323,0.17485085,0,0,pediátrico (<18)
ICB_03431_009,ICB_144,normal_lung,AKG C417L Microphone,3.0,0,0,0,0.29207593,0.2227942,0,0,pediátrico (<18)
ICB_03432_000,ICB_145,copd,AKG C417L Microphone,69.0,0,0,0,0.6986338,0.2453525,1,0,adulto
ICB_03432_001,ICB_145,copd,AKG C417L Microphone,69.0,0,0,0,0.7106399,0.28231186,1,0,adulto
ICB_03432_002,ICB_145,copd,AKG C417L Microphone,69.0,0,0,0,0.7152054,0.24883665,1,0,adulto
ICB_03432_003,ICB_145,copd,AKG C417L Microphone,69.0,0,0,0,0.73099524,0.24237537,1,0,adulto
ICB_03432_004,ICB_145,copd,AKG C417L Microphone,69.0,0,0,0,0.66333544,0.33102345,1,0,adulto
ICB_03433_000,ICB_145,copd,AKG C417L Microphone,69.0,1,0,0,0.5698333,0.26880014,1,1,adulto
ICB_03433_001,ICB_145,copd,AKG C417L Microphone,69.0,0,0,0,0.5947767,0.21554434,1,0,adulto
ICB_03433_002,ICB_145,copd,AKG C417L Microphone,69.0,1,0,0,0.6134706,0.25187063,1,1,adulto
ICB_03433_003,ICB_145,copd,AKG C417L Microphone,69.0,1,0,0,0.6130617,0.18762992,1,1,adulto
ICB_03433_004,ICB_145,copd,AKG C417L Microphone,69.0,0,0,0,0.5668592,0.3070253,1,0,adulto
ICB_03434_000,ICB_145,copd,AKG C417L Microphone,69.0,0,0,0,0.56597185,0.22303681,1,0,adulto
ICB_03434_001,ICB_145,copd,AKG C417L Microphone,69.0,0,0,0,0.5921365,0.16627978,1,0,adulto
ICB_03434_002,ICB_145,copd,AKG C417L Microphone,69.0,0,0,0,0.5820823,0.14338084,1,0,adulto
ICB_03434_003,ICB_145,copd,AKG C417L Microphone,69.0,0,0,0,0.556132,0.17760406,1,0,adulto
ICB_03434_004,ICB_145,copd,AKG C417L Microphone,69.0,0,0,0,0.5737839,0.21383888,1,0,adulto
ICB_03435_000,ICB_145,copd,AKG C417L Microphone,69.0,0,0,0,0.5540515,0.24978046,1,0,adulto
ICB_03435_001,ICB_145,copd,AKG C417L Microphone,69.0,0,0,0,0.6006807,0.14966677,1,0,adulto
ICB_03435_002,ICB_145,copd,AKG C417L Microphone,69.0,0,0,0,0.594739,0.18065704,1,0,adulto
ICB_03435_003,ICB_145,copd,AKG C417L Microphone,69.0,0,0,0,0.5534417,0.1644609,1,0,adulto
ICB_03435_004,ICB_145,copd,AKG C417L Microphone,69.0,0,0,0,0.47349736,0.29854205,0,0,adulto
ICB_03436_000,ICB_145,copd,AKG C417L Microphone,69.0,0,0,0,0.52589625,0.34128478,0,0,adulto
ICB_03436_001,ICB_145,copd,AKG C417L Microphone,69.0,0,0,0,0.57544315,0.3620344,1,0,adulto
ICB_03436_002,ICB_145,copd,AKG C417L Microphone,69.0,0,0,0,0.622691,0.29569444,1,0,adulto
ICB_03436_003,ICB_145,copd,AKG C417L Microphone,69.0,0,0,0,0.5843251,0.36413288,1,0,adulto
ICB_03436_004,ICB_145,copd,AKG C417L Microphone,69.0,0,0,0,0.60360485,0.24131924,1,0,adulto
ICB_03436_005,ICB_145,copd,AKG C417L Microphone,69.0,0,0,0,0.39008427,0.31829503,0,0,adulto
ICB_03437_000,ICB_145,copd,AKG C417L Microphone,69.0,1,0,0,0.36612278,0.23939638,0,1,adulto
ICB_03437_001,ICB_145,copd,AKG C417L Microphone,69.0,1,0,0,0.7028471,0.46422556,1,1,adulto
ICB_03437_002,ICB_145,copd,AKG C417L Microphone,69.0,1,0,0,0.75470203,0.33562046,1,1,adulto
ICB_03437_003,ICB_145,copd,AKG C417L Microphone,69.0,1,0,0,0.71237445,0.45100886,1,1,adulto
ICB_03437_004,ICB_145,copd,AKG C417L Microphone,69.0,1,0,0,0.7389374,0.3524777,1,1,adulto
ICB_03437_005,ICB_145,copd,AKG C417L Microphone,69.0,1,0,0,0.44949102,0.38163996,0,1,adulto
ICB_03438_000,ICB_145,copd,AKG C417L Microphone,69.0,0,0,0,0.5890564,0.3423517,1,0,adulto
ICB_03438_001,ICB_145,copd,AKG C417L Microphone,69.0,0,0,0,0.63472605,0.3569824,1,0,adulto
ICB_03438_002,ICB_145,copd,AKG C417L Microphone,69.0,0,0,0,0.6170963,0.3696985,1,0,adulto
ICB_03438_003,ICB_145,copd,AKG C417L Microphone,69.0,0,0,0,0.6181863,0.28846785,1,0,adulto
ICB_03438_004,ICB_145,copd,AKG C417L Microphone,69.0,0,0,0,0.62135196,0.25822154,1,0,adulto
ICB_03439_000,ICB_146,copd,AKG C417L Microphone,67.0,0,0,0,0.47973165,0.47705698,0,0,adulto
ICB_03439_001,ICB_146,copd,AKG C417L Microphone,67.0,0,0,0,0.47546995,0.3596132,0,0,adulto
ICB_03439_002,ICB_146,copd,AKG C417L Microphone,67.0,1,1,0,0.4272352,0.29644135,0,3,adulto
ICB_03439_003,ICB_146,copd,AKG C417L Microphone,67.0,1,1,0,0.45683485,0.24391958,0,3,adulto
ICB_03439_004,ICB_146,copd,AKG C417L Microphone,67.0,1,1,0,0.40553474,0.22334762,0,3,adulto
ICB_03440_000,ICB_146,copd,AKG C417L Microphone,67.0,0,0,0,0.5940265,0.23106007,1,0,adulto
ICB_03440_001,ICB_146,copd,AKG C417L Microphone,67.0,0,0,0,0.5796528,0.20097099,1,0,adulto
ICB_03440_002,ICB_146,copd,AKG C417L Microphone,67.0,0,0,0,0.5786294,0.21330085,1,0,adulto
ICB_03440_003,ICB_146,copd,AKG C417L Microphone,67.0,0,0,0,0.58998984,0.21916097,1,0,adulto
ICB_03440_004,ICB_146,copd,AKG C417L Microphone,67.0,0,0,0,0.5929653,0.22066674,1,0,adulto
ICB_03440_005,ICB_146,copd,AKG C417L Microphone,67.0,0,0,0,0.37716457,0.34487247,0,0,adulto
ICB_03441_000,ICB_146,copd,AKG C417L Microphone,67.0,0,0,0,0.49753174,0.18417867,0,0,adulto
ICB_03441_001,ICB_146,copd,AKG C417L Microphone,67.0,0,0,0,0.53710824,0.24280919,0,0,adulto
ICB_03441_002,ICB_146,copd,AKG C417L Microphone,67.0,0,0,0,0.51367646,0.172541,0,0,adulto
ICB_03441_003,ICB_146,copd,AKG C417L Microphone,67.0,0,0,0,0.5296615,0.19553268,0,0,adulto
ICB_03441_004,ICB_146,copd,AKG C417L Microphone,67.0,0,0,0,0.5214573,0.21743788,0,0,adulto
ICB_03441_005,ICB_146,copd,AKG C417L Microphone,67.0,0,0,0,0.3730024,0.34972653,0,0,adulto
ICB_03442_000,ICB_146,copd,AKG C417L Microphone,67.0,0,0,0,0.49695557,0.1895947,0,0,adulto
ICB_03442_001,ICB_146,copd,AKG C417L Microphone,67.0,0,0,0,0.51925963,0.16521375,0,0,adulto
ICB_03442_002,ICB_146,copd,AKG C417L Microphone,67.0,0,0,0,0.52994305,0.20980813,0,0,adulto
ICB_03442_003,ICB_146,copd,AKG C417L Microphone,67.0,0,0,0,0.51564324,0.19628909,0,0,adulto
ICB_03442_004,ICB_146,copd,AKG C417L Microphone,67.0,0,0,0,0.5233272,0.16975917,0,0,adulto
ICB_03442_005,ICB_146,copd,AKG C417L Microphone,67.0,0,0,0,0.36341947,0.3327854,0,0,adulto
ICB_03443_000,ICB_146,copd,AKG C417L Microphone,67.0,0,0,0,0.304149,0.10202815,0,0,adulto
ICB_03443_001,ICB_146,copd,AKG C417L Microphone,67.0,0,0,0,0.28196368,0.09178279,0,0,adulto
ICB_03443_002,ICB_146,copd,AKG C417L Microphone,67.0,0,0,0,0.2931472,0.094197124,0,0,adulto
ICB_03443_003,ICB_146,copd,AKG C417L Microphone,67.0,0,0,0,0.38361382,0.09654338,0,0,adulto
ICB_03443_004,ICB_146,copd,AKG C417L Microphone,67.0,0,0,0,0.4332392,0.08904668,0,0,adulto
ICB_03443_005,ICB_146,copd,AKG C417L Microphone,67.0,0,0,0,0.3652413,0.27913368,0,0,adulto
ICB_03444_000,ICB_146,copd,AKG C417L Microphone,67.0,0,0,0,0.60446894,0.15770945,1,0,adulto
ICB_03444_001,ICB_146,copd,AKG C417L Microphone,67.0,0,0,0,0.62933576,0.14138763,1,0,adulto
ICB_03444_002,ICB_146,copd,AKG C417L Microphone,67.0,0,0,0,0.62754774,0.11501453,1,0,adulto
ICB_03444_003,ICB_146,copd,AKG C417L Microphone,67.0,0,0,0,0.61437297,0.109819464,1,0,adulto
ICB_03444_004,ICB_146,copd,AKG C417L Microphone,67.0,0,0,0,0.54448885,0.11940146,0,0,adulto
ICB_03444_005,ICB_146,copd,AKG C417L Microphone,67.0,0,0,0,0.37920114,0.3268892,0,0,adulto
ICB_03445_000,ICB_146,copd,AKG C417L Microphone,67.0,0,0,0,0.43521702,0.3834082,0,0,adulto
ICB_03445_001,ICB_146,copd,AKG C417L Microphone,67.0,0,0,0,0.49507856,0.4217759,0,0,adulto
ICB_03445_002,ICB_146,copd,AKG C417L Microphone,67.0,0,0,0,0.46728954,0.43978995,0,0,adulto
ICB_03445_003,ICB_146,copd,AKG C417L Microphone,67.0,0,0,0,0.46713808,0.42466015,0,0,adulto
ICB_03445_004,ICB_146,copd,AKG C417L Microphone,67.0,0,0,0,0.4971087,0.4335707,0,0,adulto
ICB_03445_005,ICB_146,copd,AKG C417L Microphone,67.0,0,0,0,0.48386925,0.40899163,0,0,adulto
ICB_03445_006,ICB_146,copd,AKG C417L Microphone,67.0,0,0,0,0.470634,0.42229745,0,0,adulto
ICB_03445_007,ICB_146,copd,AKG C417L Microphone,67.0,0,0,0,0.49393624,0.41348326,0,0,adulto
ICB_03445_008,ICB_146,copd,AKG C417L Microphone,67.0,0,0,0,0.33366963,0.46262035,0,0,adulto
ICB_03446_000,ICB_146,copd,AKG C417L Microphone,67.0,0,0,0,0.38019338,0.36482564,0,0,adulto
ICB_03446_001,ICB_146,copd,AKG C417L Microphone,67.0,1,0,0,0.43098494,0.36376405,0,1,adulto
ICB_03446_002,ICB_146,copd,AKG C417L Microphone,67.0,1,0,0,0.43069956,0.34080228,0,1,adulto
ICB_03446_003,ICB_146,copd,AKG C417L Microphone,67.0,1,0,0,0.43809372,0.373648,0,1,adulto
ICB_03446_004,ICB_146,copd,AKG C417L Microphone,67.0,1,0,0,0.43122298,0.42472157,0,1,adulto
ICB_03446_005,ICB_146,copd,AKG C417L Microphone,67.0,1,0,0,0.44101426,0.4025703,0,1,adulto
ICB_03446_006,ICB_146,copd,AKG C417L Microphone,67.0,1,0,0,0.44925818,0.3443099,0,1,adulto
ICB_03446_007,ICB_146,copd,AKG C417L Microphone,67.0,0,0,0,0.41322306,0.32208163,0,0,adulto
ICB_03446_008,ICB_146,copd,AKG C417L Microphone,67.0,0,0,0,0.38107747,0.37728673,0,0,adulto
ICB_03447_000,ICB_146,copd,AKG C417L Microphone,67.0,0,0,0,0.37117505,0.28568295,0,0,adulto
ICB_03447_001,ICB_146,copd,AKG C417L Microphone,67.0,0,1,0,0.48987857,0.16509499,0,2,adulto
ICB_03447_002,ICB_146,copd,AKG C417L Microphone,67.0,0,1,0,0.41847703,0.24549769,0,2,adulto
ICB_03447_003,ICB_146,copd,AKG C417L Microphone,67.0,0,1,0,0.4247748,0.26647088,0,2,adulto
ICB_03447_004,ICB_146,copd,AKG C417L Microphone,67.0,0,1,0,0.44575766,0.22355221,0,2,adulto
ICB_03447_005,ICB_146,copd,AKG C417L Microphone,67.0,0,1,0,0.44994286,0.1806404,0,2,adulto
ICB_03447_006,ICB_146,copd,AKG C417L Microphone,67.0,0,1,0,0.43003282,0.22172688,0,2,adulto
ICB_03447_007,ICB_146,copd,AKG C417L Microphone,67.0,0,1,0,0.52329504,0.1622532,0,2,adulto
ICB_03447_008,ICB_146,copd,AKG C417L Microphone,67.0,0,1,0,0.37992433,0.28942388,0,2,adulto
ICB_03448_000,ICB_146,copd,AKG C417L Microphone,67.0,0,0,0,0.34509927,0.39134657,0,0,adulto
ICB_03448_001,ICB_146,copd,AKG C417L Microphone,67.0,0,0,0,0.393118,0.40646112,0,0,adulto
ICB_03448_002,ICB_146,copd,AKG C417L Microphone,67.0,0,0,0,0.3889711,0.4267072,0,0,adulto
ICB_03448_003,ICB_146,copd,AKG C417L Microphone,67.0,0,0,0,0.3761622,0.38053238,0,0,adulto
ICB_03448_004,ICB_146,copd,AKG C417L Microphone,67.0,0,0,0,0.3974381,0.41013244,0,0,adulto
ICB_03448_005,ICB_146,copd,AKG C417L Microphone,67.0,0,0,0,0.41226065,0.34777555,0,0,adulto
ICB_03448_006,ICB_146,copd,AKG C417L Microphone,67.0,0,0,0,0.39217034,0.40083727,0,0,adulto
ICB_03448_007,ICB_146,copd,AKG C417L Microphone,67.0,0,0,0,0.40215465,0.30387852,0,0,adulto
ICB_03448_008,ICB_146,copd,AKG C417L Microphone,67.0,0,0,0,0.33424044,0.4379669,0,0,adulto
ICB_03449_000,ICB_146,copd,AKG C417L Microphone,67.0,0,0,0,0.39041093,0.3492189,0,0,adulto
ICB_03449_001,ICB_146,copd,AKG C417L Microphone,67.0,0,0,0,0.41035172,0.379031,0,0,adulto
ICB_03449_002,ICB_146,copd,AKG C417L Microphone,67.0,0,0,0,0.41044736,0.29279387,0,0,adulto
ICB_03449_003,ICB_146,copd,AKG C417L Microphone,67.0,0,0,0,0.41096634,0.40189308,0,0,adulto
ICB_03449_004,ICB_146,copd,AKG C417L Microphone,67.0,0,0,0,0.40413955,0.3606917,0,0,adulto
ICB_03449_005,ICB_146,copd,AKG C417L Microphone,67.0,0,0,0,0.41452995,0.32777643,0,0,adulto
ICB_03449_006,ICB_146,copd,AKG C417L Microphone,67.0,0,0,0,0.40187776,0.32614687,0,0,adulto
ICB_03449_007,ICB_146,copd,AKG C417L Microphone,67.0,0,0,0,0.4172578,0.34283638,0,0,adulto
ICB_03449_008,ICB_146,copd,AKG C417L Microphone,67.0,0,0,0,0.32094035,0.37489626,0,0,adulto
ICB_03648_000,ICB_168,bronchiectasis,3M Littmann Classic II SE,19.0,0,0,0,0.5436878,0.44682977,0,0,adulto
ICB_03648_001,ICB_168,bronchiectasis,3M Littmann Classic II SE,19.0,0,0,0,0.5728609,0.43143454,1,0,adulto
ICB_03648_002,ICB_168,bronchiectasis,3M Littmann Classic II SE,19.0,0,0,0,0.5814702,0.54003036,1,0,adulto
ICB_03648_003,ICB_168,bronchiectasis,3M Littmann Classic II SE,19.0,0,0,0,0.5611433,0.4136035,1,0,adulto
ICB_03648_004,ICB_168,bronchiectasis,3M Littmann Classic II SE,19.0,0,0,0,0.540191,0.4204724,0,0,adulto
ICB_03648_005,ICB_168,bronchiectasis,3M Littmann Classic II SE,19.0,0,0,0,0.60449934,0.44215673,1,0,adulto
ICB_03648_006,ICB_168,bronchiectasis,3M Littmann Classic II SE,19.0,0,0,0,0.57968557,0.42961392,1,0,adulto
ICB_03651_000,ICB_170,copd,AKG C417L Microphone,79.0,0,0,0,0.5665223,0.132101,1,0,adulto
ICB_03651_001,ICB_170,copd,AKG C417L Microphone,79.0,0,0,0,0.56496155,0.17425218,1,0,adulto
ICB_03651_002,ICB_170,copd,AKG C417L Microphone,79.0,0,0,0,0.5778713,0.16234802,1,0,adulto
ICB_03651_003,ICB_170,copd,AKG C417L Microphone,79.0,0,0,0,0.51376265,0.120167255,0,0,adulto
ICB_03651_004,ICB_170,copd,AKG C417L Microphone,79.0,0,0,0,0.52868956,0.14294699,0,0,adulto
ICB_03652_000,ICB_170,copd,AKG C417L Microphone,79.0,0,0,0,0.54663354,0.59321374,0,0,adulto
ICB_03652_001,ICB_170,copd,AKG C417L Microphone,79.0,0,0,0,0.5533497,0.52918,1,0,adulto
ICB_03652_002,ICB_170,copd,AKG C417L Microphone,79.0,0,0,0,0.51486814,0.43223742,0,0,adulto
ICB_03652_003,ICB_170,copd,AKG C417L Microphone,79.0,0,0,0,0.5384022,0.48080266,0,0,adulto
ICB_03652_004,ICB_170,copd,AKG C417L Microphone,79.0,0,0,0,0.52762717,0.44867447,0,0,adulto
ICB_03653_000,ICB_170,copd,AKG C417L Microphone,79.0,0,0,0,0.59299904,0.19466563,1,0,adulto
ICB_03653_001,ICB_170,copd,AKG C417L Microphone,79.0,0,0,0,0.6024038,0.24802858,1,0,adulto
ICB_03653_002,ICB_170,copd,AKG C417L Microphone,79.0,0,0,0,0.5390595,0.23015891,0,0,adulto
ICB_03653_003,ICB_170,copd,AKG C417L Microphone,79.0,0,0,0,0.54024273,0.24754246,0,0,adulto
ICB_03653_004,ICB_170,copd,AKG C417L Microphone,79.0,0,0,0,0.58031327,0.21659406,1,0,adulto
ICB_03654_000,ICB_170,copd,AKG C417L Microphone,79.0,1,0,0,0.4820611,0.2753864,0,1,adulto
ICB_03654_001,ICB_170,copd,AKG C417L Microphone,79.0,1,0,0,0.4457399,0.25304654,0,1,adulto
ICB_03654_002,ICB_170,copd,AKG C417L Microphone,79.0,1,0,0,0.40305775,0.23738644,0,1,adulto
ICB_03654_003,ICB_170,copd,AKG C417L Microphone,79.0,1,0,0,0.41684777,0.24568316,0,1,adulto
ICB_03654_004,ICB_170,copd,AKG C417L Microphone,79.0,0,0,0,0.40084752,0.27884546,0,0,adulto
ICB_03655_000,ICB_170,copd,AKG C417L Microphone,79.0,0,0,0,0.42466506,0.25826156,0,0,adulto
ICB_03655_001,ICB_170,copd,AKG C417L Microphone,79.0,0,0,0,0.45690247,0.2583236,0,0,adulto
ICB_03655_002,ICB_170,copd,AKG C417L Microphone,79.0,0,0,0,0.41533142,0.27697992,0,0,adulto
ICB_03655_003,ICB_170,copd,AKG C417L Microphone,79.0,0,0,0,0.43723992,0.247322,0,0,adulto
ICB_03655_004,ICB_170,copd,AKG C417L Microphone,79.0,0,0,0,0.43414775,0.28654766,0,0,adulto
ICB_03656_000,ICB_170,copd,AKG C417L Microphone,79.0,0,0,0,0.2820296,0.4167625,0,0,adulto
ICB_03656_001,ICB_170,copd,AKG C417L Microphone,79.0,0,0,0,0.2785582,0.36346197,0,0,adulto
ICB_03656_002,ICB_170,copd,AKG C417L Microphone,79.0,0,0,0,0.256394,0.33119708,0,0,adulto
ICB_03656_003,ICB_170,copd,AKG C417L Microphone,79.0,0,0,0,0.23950869,0.41044056,0,0,adulto
ICB_03656_004,ICB_170,copd,AKG C417L Microphone,79.0,0,0,0,0.2204771,0.32700238,0,0,adulto
ICB_03657_000,ICB_170,copd,AKG C417L Microphone,79.0,0,0,0,0.4955425,0.19001938,0,0,adulto
ICB_03657_001,ICB_170,copd,AKG C417L Microphone,79.0,0,0,0,0.4616664,0.21395701,0,0,adulto
ICB_03657_002,ICB_170,copd,AKG C417L Microphone,79.0,0,0,0,0.5134593,0.15607977,0,0,adulto
ICB_03657_003,ICB_170,copd,AKG C417L Microphone,79.0,0,0,0,0.4874892,0.1766139,0,0,adulto
ICB_03657_004,ICB_170,copd,AKG C417L Microphone,79.0,0,0,0,0.47899845,0.15868574,0,0,adulto
ICB_03657_005,ICB_170,copd,AKG C417L Microphone,79.0,0,0,0,0.44447553,0.20660149,0,0,adulto
ICB_03658_000,ICB_170,copd,AKG C417L Microphone,79.0,0,0,0,0.4977879,0.4491825,0,0,adulto
ICB_03658_001,ICB_170,copd,AKG C417L Microphone,79.0,0,0,0,0.4648454,0.4028105,0,0,adulto
ICB_03658_002,ICB_170,copd,AKG C417L Microphone,79.0,0,0,0,0.47330374,0.45523915,0,0,adulto
ICB_03658_003,ICB_170,copd,AKG C417L Microphone,79.0,0,0,0,0.48777318,0.4720609,0,0,adulto
ICB_03658_004,ICB_170,copd,AKG C417L Microphone,79.0,0,0,0,0.51165116,0.40101987,0,0,adulto
ICB_03658_005,ICB_170,copd,AKG C417L Microphone,79.0,0,0,0,0.4548613,0.45608187,0,0,adulto
ICB_03659_000,ICB_170,copd,AKG C417L Microphone,79.0,0,0,0,0.57637894,0.18162803,1,0,adulto
ICB_03659_001,ICB_170,copd,AKG C417L Microphone,79.0,0,0,0,0.5445687,0.20379171,0,0,adulto
ICB_03659_002,ICB_170,copd,AKG C417L Microphone,79.0,0,0,0,0.53895926,0.18331666,0,0,adulto
ICB_03659_003,ICB_170,copd,AKG C417L Microphone,79.0,0,0,0,0.5618466,0.18267013,1,0,adulto
ICB_03659_004,ICB_170,copd,AKG C417L Microphone,79.0,0,0,0,0.5785463,0.14423566,1,0,adulto
ICB_03659_005,ICB_170,copd,AKG C417L Microphone,79.0,0,0,0,0.51912946,0.23320994,0,0,adulto
ICB_03660_000,ICB_170,copd,AKG C417L Microphone,79.0,0,0,0,0.5744657,0.28358838,1,0,adulto
ICB_03660_001,ICB_170,copd,AKG C417L Microphone,79.0,0,0,0,0.53948075,0.26973596,0,0,adulto
ICB_03660_002,ICB_170,copd,AKG C417L Microphone,79.0,0,0,0,0.5357631,0.29951316,0,0,adulto
ICB_03660_003,ICB_170,copd,AKG C417L Microphone,79.0,1,0,0,0.5781925,0.2977732,1,1,adulto
ICB_03660_004,ICB_170,copd,AKG C417L Microphone,79.0,0,0,0,0.6021074,0.21798603,1,0,adulto
ICB_03660_005,ICB_170,copd,AKG C417L Microphone,79.0,0,0,0,0.57843435,0.25323415,1,0,adulto
ICB_03661_000,ICB_170,copd,AKG C417L Microphone,79.0,1,0,0,0.35965067,0.332554,0,1,adulto
ICB_03661_001,ICB_170,copd,AKG C417L Microphone,79.0,1,0,0,0.32176358,0.305343,0,1,adulto
ICB_03661_002,ICB_170,copd,AKG C417L Microphone,79.0,1,0,0,0.32003617,0.27868977,0,1,adulto
ICB_03661_003,ICB_170,copd,AKG C417L Microphone,79.0,1,0,0,0.33837748,0.2772498,0,1,adulto
ICB_03661_004,ICB_170,copd,AKG C417L Microphone,79.0,1,0,0,0.34672242,0.27949587,0,1,adulto
ICB_03661_005,ICB_170,copd,AKG C417L Microphone,79.0,1,0,0,0.337221,0.2306773,0,1,adulto
ICB_03662_000,ICB_170,copd,AKG C417L Microphone,79.0,1,0,0,0.4404807,0.26610956,0,1,adulto
ICB_03662_001,ICB_170,copd,AKG C417L Microphone,79.0,0,0,0,0.39563027,0.30392644,0,0,adulto
ICB_03662_002,ICB_170,copd,AKG C417L Microphone,79.0,0,0,0,0.42015493,0.30480933,0,0,adulto
ICB_03662_003,ICB_170,copd,AKG C417L Microphone,79.0,0,0,0,0.41959932,0.2754791,0,0,adulto
ICB_03662_004,ICB_170,copd,AKG C417L Microphone,79.0,0,0,0,0.4277354,0.23999782,0,0,adulto
ICB_03662_005,ICB_170,copd,AKG C417L Microphone,79.0,0,0,0,0.42288095,0.2857416,0,0,adulto
ICB_03663_000,ICB_170,copd,AKG C417L Microphone,79.0,0,0,0,0.208704,0.25798535,0,0,adulto
ICB_03663_001,ICB_170,copd,AKG C417L Microphone,79.0,0,0,0,0.19275358,0.2568579,0,0,adulto
ICB_03663_002,ICB_170,copd,AKG C417L Microphone,79.0,0,0,0,0.19223486,0.20661378,0,0,adulto
ICB_03663_003,ICB_170,copd,AKG C417L Microphone,79.0,0,0,0,0.19721003,0.21903664,0,0,adulto
ICB_03663_004,ICB_170,copd,AKG C417L Microphone,79.0,0,0,0,0.19884732,0.2051198,0,0,adulto
ICB_03663_005,ICB_170,copd,AKG C417L Microphone,79.0,0,0,0,0.20039089,0.23437415,0,0,adulto
ICB_03664_000,ICB_170,copd,AKG C417L Microphone,79.0,0,0,0,0.52883214,0.16946357,0,0,adulto
ICB_03664_001,ICB_170,copd,AKG C417L Microphone,79.0,0,0,0,0.41028282,0.14119396,0,0,adulto
ICB_03664_002,ICB_170,copd,AKG C417L Microphone,79.0,0,0,0,0.47113788,0.1311493,0,0,adulto
ICB_03664_003,ICB_170,copd,AKG C417L Microphone,79.0,0,0,0,0.4466415,0.11831901,0,0,adulto
ICB_03664_004,ICB_170,copd,AKG C417L Microphone,79.0,0,0,0,0.46758044,0.11928248,0,0,adulto
ICB_03664_005,ICB_170,copd,AKG C417L Microphone,79.0,0,0,0,0.52961445,0.1427712,0,0,adulto
ICB_03665_000,ICB_170,copd,AKG C417L Microphone,79.0,1,0,0,0.49891284,0.43461427,0,1,adulto
ICB_03665_001,ICB_170,copd,AKG C417L Microphone,79.0,1,1,0,0.45460758,0.4234415,0,3,adulto
ICB_03665_002,ICB_170,copd,AKG C417L Microphone,79.0,1,1,0,0.48962307,0.37181106,0,3,adulto
ICB_03665_003,ICB_170,copd,AKG C417L Microphone,79.0,1,1,0,0.47199008,0.413453,0,3,adulto
ICB_03665_004,ICB_170,copd,AKG C417L Microphone,79.0,0,1,0,0.49847698,0.39365888,0,2,adulto
ICB_03665_005,ICB_170,copd,AKG C417L Microphone,79.0,1,1,0,0.4741518,0.4561901,0,3,adulto
ICB_03666_000,ICB_170,copd,AKG C417L Microphone,79.0,0,0,0,0.54679865,0.25154653,0,0,adulto
ICB_03666_001,ICB_170,copd,AKG C417L Microphone,79.0,0,0,0,0.4649524,0.32084423,0,0,adulto
ICB_03666_002,ICB_170,copd,AKG C417L Microphone,79.0,0,0,0,0.5571545,0.21069561,1,0,adulto
ICB_03666_003,ICB_170,copd,AKG C417L Microphone,79.0,0,0,0,0.50928044,0.3041658,0,0,adulto
ICB_03666_004,ICB_170,copd,AKG C417L Microphone,79.0,0,0,0,0.52846307,0.21449505,0,0,adulto
ICB_03666_005,ICB_170,copd,AKG C417L Microphone,79.0,0,0,0,0.5552693,0.26071385,1,0,adulto
ICB_03667_000,ICB_170,copd,AKG C417L Microphone,79.0,1,0,0,0.3507647,0.18751653,0,1,adulto
ICB_03667_001,ICB_170,copd,AKG C417L Microphone,79.0,1,0,0,0.3045204,0.27342752,0,1,adulto
ICB_03667_002,ICB_170,copd,AKG C417L Microphone,79.0,1,0,0,0.34269464,0.23016734,0,1,adulto
ICB_03667_003,ICB_170,copd,AKG C417L Microphone,79.0,1,0,0,0.32898408,0.31291786,0,1,adulto
ICB_03667_004,ICB_170,copd,AKG C417L Microphone,79.0,1,0,0,0.33726528,0.23283982,0,1,adulto
ICB_03667_005,ICB_170,copd,AKG C417L Microphone,79.0,1,0,0,0.35962614,0.27923942,0,1,adulto
ICB_03668_000,ICB_170,copd,AKG C417L Microphone,79.0,0,0,0,0.39031604,0.21786958,0,0,adulto
ICB_03668_001,ICB_170,copd,AKG C417L Microphone,79.0,1,0,0,0.30591115,0.25808096,0,1,adulto
ICB_03668_002,ICB_170,copd,AKG C417L Microphone,79.0,0,0,0,0.39340287,0.2637902,0,0,adulto
ICB_03668_003,ICB_170,copd,AKG C417L Microphone,79.0,0,0,0,0.38227952,0.22933958,0,0,adulto
ICB_03668_004,ICB_170,copd,AKG C417L Microphone,79.0,1,0,0,0.38477316,0.23304239,0,1,adulto
ICB_03668_005,ICB_170,copd,AKG C417L Microphone,79.0,0,0,0,0.3942748,0.2874342,0,0,adulto
ICB_03669_000,ICB_170,copd,AKG C417L Microphone,79.0,0,0,0,0.21714735,0.31915733,0,0,adulto
ICB_03669_001,ICB_170,copd,AKG C417L Microphone,79.0,0,0,0,0.20532559,0.21898466,0,0,adulto
ICB_03669_002,ICB_170,copd,AKG C417L Microphone,79.0,0,0,0,0.199696,0.253742,0,0,adulto
ICB_03669_003,ICB_170,copd,AKG C417L Microphone,79.0,0,0,0,0.19216928,0.26364917,0,0,adulto
ICB_03669_004,ICB_170,copd,AKG C417L Microphone,79.0,0,0,0,0.19883916,0.28014025,0,0,adulto
ICB_03669_005,ICB_170,copd,AKG C417L Microphone,79.0,0,0,0,0.20972499,0.36940035,0,0,adulto
ICB_03670_000,ICB_170,copd,AKG C417L Microphone,79.0,0,0,0,0.507074,0.26307485,0,0,adulto
ICB_03670_001,ICB_170,copd,AKG C417L Microphone,79.0,0,0,0,0.5804839,0.35916626,1,0,adulto
ICB_03670_002,ICB_170,copd,AKG C417L Microphone,79.0,0,0,0,0.5674372,0.36377963,1,0,adulto
ICB_03670_003,ICB_170,copd,AKG C417L Microphone,79.0,0,0,0,0.57238126,0.36021438,1,0,adulto
ICB_03670_004,ICB_170,copd,AKG C417L Microphone,79.0,0,0,0,0.56087476,0.27522516,1,0,adulto
ICB_03670_005,ICB_170,copd,AKG C417L Microphone,79.0,0,0,0,0.5318489,0.30179933,0,0,adulto
ICB_03670_006,ICB_170,copd,AKG C417L Microphone,79.0,0,0,0,0.3608318,0.48685676,0,0,adulto
ICB_03671_000,ICB_170,copd,AKG C417L Microphone,79.0,0,0,0,0.47533065,0.24302138,0,0,adulto
ICB_03671_001,ICB_170,copd,AKG C417L Microphone,79.0,1,0,0,0.47173145,0.20195909,0,1,adulto
ICB_03671_002,ICB_170,copd,AKG C417L Microphone,79.0,1,0,0,0.46782994,0.2624618,0,1,adulto
ICB_03671_003,ICB_170,copd,AKG C417L Microphone,79.0,1,0,0,0.4641711,0.30151635,0,1,adulto
ICB_03671_004,ICB_170,copd,AKG C417L Microphone,79.0,0,0,0,0.49325174,0.24439529,0,0,adulto
ICB_03671_005,ICB_170,copd,AKG C417L Microphone,79.0,0,0,0,0.3985683,0.23302315,0,0,adulto
ICB_03671_006,ICB_170,copd,AKG C417L Microphone,79.0,0,0,0,0.33952937,0.36312774,0,0,adulto
ICB_03672_000,ICB_170,copd,AKG C417L Microphone,79.0,0,0,0,0.45137057,0.16763036,0,0,adulto
ICB_03672_001,ICB_170,copd,AKG C417L Microphone,79.0,0,0,0,0.5711252,0.12641953,1,0,adulto
ICB_03672_002,ICB_170,copd,AKG C417L Microphone,79.0,0,0,0,0.56760246,0.16772191,1,0,adulto
ICB_03672_003,ICB_170,copd,AKG C417L Microphone,79.0,0,0,0,0.5703195,0.17586008,1,0,adulto
ICB_03672_004,ICB_170,copd,AKG C417L Microphone,79.0,0,0,0,0.5882646,0.14207666,1,0,adulto
ICB_03672_005,ICB_170,copd,AKG C417L Microphone,79.0,0,0,0,0.50622445,0.15808742,0,0,adulto
ICB_03672_006,ICB_170,copd,AKG C417L Microphone,79.0,0,0,0,0.3838534,0.34226063,0,0,adulto
ICB_03673_000,ICB_170,copd,AKG C417L Microphone,79.0,0,0,0,0.374145,0.3173646,0,0,adulto
ICB_03673_001,ICB_170,copd,AKG C417L Microphone,79.0,0,0,0,0.4036589,0.23678437,0,0,adulto
ICB_03673_002,ICB_170,copd,AKG C417L Microphone,79.0,0,0,0,0.39514023,0.25557902,0,0,adulto
ICB_03673_003,ICB_170,copd,AKG C417L Microphone,79.0,0,0,0,0.415503,0.30275378,0,0,adulto
ICB_03673_004,ICB_170,copd,AKG C417L Microphone,79.0,0,0,0,0.36786425,0.29830348,0,0,adulto
ICB_03673_005,ICB_170,copd,AKG C417L Microphone,79.0,0,0,0,0.3206608,0.23908748,0,0,adulto
ICB_03673_006,ICB_170,copd,AKG C417L Microphone,79.0,0,0,0,0.29431087,0.32892218,0,0,adulto
ICB_03674_000,ICB_170,copd,AKG C417L Microphone,79.0,0,0,0,0.46979642,0.26715547,0,0,adulto
ICB_03674_001,ICB_170,copd,AKG C417L Microphone,79.0,0,0,0,0.46981916,0.21792673,0,0,adulto
ICB_03674_002,ICB_170,copd,AKG C417L Microphone,79.0,0,0,0,0.49035758,0.30244106,0,0,adulto
ICB_03674_003,ICB_170,copd,AKG C417L Microphone,79.0,0,0,0,0.46763453,0.26840416,0,0,adulto
ICB_03674_004,ICB_170,copd,AKG C417L Microphone,79.0,0,0,0,0.47845593,0.27660188,0,0,adulto
ICB_03674_005,ICB_170,copd,AKG C417L Microphone,79.0,0,0,0,0.4976257,0.22298694,0,0,adulto
ICB_03674_006,ICB_170,copd,AKG C417L Microphone,79.0,0,0,0,0.3360065,0.37953663,0,0,adulto
ICB_03675_000,ICB_170,copd,AKG C417L Microphone,79.0,0,0,0,0.27842513,0.39753997,0,0,adulto
ICB_03675_001,ICB_170,copd,AKG C417L Microphone,79.0,0,0,0,0.2498156,0.37756327,0,0,adulto
ICB_03675_002,ICB_170,copd,AKG C417L Microphone,79.0,0,0,0,0.21608077,0.30990502,0,0,adulto
ICB_03675_003,ICB_170,copd,AKG C417L Microphone,79.0,0,0,0,0.23352452,0.26919296,0,0,adulto
ICB_03675_004,ICB_170,copd,AKG C417L Microphone,79.0,0,0,0,0.20647836,0.3555864,0,0,adulto
ICB_03675_005,ICB_170,copd,AKG C417L Microphone,79.0,0,1,0,0.19700356,0.321983,0,2,adulto
ICB_03675_006,ICB_170,copd,AKG C417L Microphone,79.0,0,0,0,0.26663998,0.31932458,0,0,adulto
ICB_03676_000,ICB_171,normal_lung,AKG C417L Microphone,9.0,0,0,0,0.40966454,0.48580158,0,0,pediátrico (<18)
ICB_03676_001,ICB_171,normal_lung,AKG C417L Microphone,9.0,0,0,0,0.50109226,0.77012694,0,0,pediátrico (<18)
ICB_03676_002,ICB_171,normal_lung,AKG C417L Microphone,9.0,0,0,0,0.52840114,0.72998476,0,0,pediátrico (<18)
ICB_03676_003,ICB_171,normal_lung,AKG C417L Microphone,9.0,0,0,0,0.56016505,0.8179159,1,0,pediátrico (<18)
ICB_03676_004,ICB_171,normal_lung,AKG C417L Microphone,9.0,0,0,0,0.5031799,0.65886676,0,0,pediátrico (<18)
ICB_03676_005,ICB_171,normal_lung,AKG C417L Microphone,9.0,0,0,0,0.46559426,0.68370014,0,0,pediátrico (<18)
ICB_03676_006,ICB_171,normal_lung,AKG C417L Microphone,9.0,0,0,0,0.47037703,0.6493033,0,0,pediátrico (<18)
ICB_03676_007,ICB_171,normal_lung,AKG C417L Microphone,9.0,0,0,0,0.4778704,0.6011655,0,0,pediátrico (<18)
ICB_03676_008,ICB_171,normal_lung,AKG C417L Microphone,9.0,0,0,0,0.43363535,0.51255465,0,0,pediátrico (<18)
ICB_03677_000,ICB_172,copd,AKG C417L Microphone,73.0,0,0,0,0.56460905,0.29551837,1,0,adulto
ICB_03677_001,ICB_172,copd,AKG C417L Microphone,73.0,0,0,0,0.62583756,0.32139215,1,0,adulto
ICB_03677_002,ICB_172,copd,AKG C417L Microphone,73.0,0,0,0,0.6117154,0.27184486,1,0,adulto
ICB_03677_003,ICB_172,copd,AKG C417L Microphone,73.0,0,0,0,0.6064693,0.32580936,1,0,adulto
ICB_03677_004,ICB_172,copd,AKG C417L Microphone,73.0,0,0,0,0.58987707,0.33349097,1,0,adulto
ICB_03677_005,ICB_172,copd,AKG C417L Microphone,73.0,0,0,0,0.5908782,0.28383738,1,0,adulto
ICB_03677_006,ICB_172,copd,AKG C417L Microphone,73.0,1,0,0,0.60616744,0.31502706,1,1,adulto
ICB_03678_000,ICB_172,copd,AKG C417L Microphone,73.0,0,0,0,0.4883925,0.35739446,0,0,adulto
ICB_03678_001,ICB_172,copd,AKG C417L Microphone,73.0,0,0,0,0.4988833,0.31330815,0,0,adulto
ICB_03678_002,ICB_172,copd,AKG C417L Microphone,73.0,0,0,0,0.4592969,0.32054058,0,0,adulto
ICB_03678_003,ICB_172,copd,AKG C417L Microphone,73.0,0,0,0,0.48512894,0.34776354,0,0,adulto
ICB_03678_004,ICB_172,copd,AKG C417L Microphone,73.0,0,0,0,0.48502517,0.35960123,0,0,adulto
ICB_03678_005,ICB_172,copd,AKG C417L Microphone,73.0,0,0,0,0.4947316,0.34982723,0,0,adulto
ICB_03678_006,ICB_172,copd,AKG C417L Microphone,73.0,0,0,0,0.4950804,0.352007,0,0,adulto
ICB_03679_000,ICB_172,copd,AKG C417L Microphone,73.0,1,0,0,0.5190952,0.68637776,0,1,adulto
ICB_03679_001,ICB_172,copd,AKG C417L Microphone,73.0,0,0,0,0.5149047,0.68971276,0,0,adulto
ICB_03679_002,ICB_172,copd,AKG C417L Microphone,73.0,1,0,0,0.48992497,0.70535,0,1,adulto
ICB_03679_003,ICB_172,copd,AKG C417L Microphone,73.0,1,0,0,0.53462785,0.6702676,0,1,adulto
ICB_03679_004,ICB_172,copd,AKG C417L Microphone,73.0,1,0,0,0.5437645,0.4929778,0,1,adulto
ICB_03679_005,ICB_172,copd,AKG C417L Microphone,73.0,1,0,0,0.55323076,0.6096753,1,1,adulto
ICB_03679_006,ICB_172,copd,AKG C417L Microphone,73.0,1,0,0,0.49871525,0.5788018,0,1,adulto
ICB_03680_000,ICB_172,copd,AKG C417L Microphone,73.0,0,0,0,0.4426051,0.48218033,0,0,adulto
ICB_03680_001,ICB_172,copd,AKG C417L Microphone,73.0,0,0,0,0.41546857,0.44507727,0,0,adulto
ICB_03680_002,ICB_172,copd,AKG C417L Microphone,73.0,0,0,0,0.5050896,0.34728473,0,0,adulto
ICB_03680_003,ICB_172,copd,AKG C417L Microphone,73.0,0,0,0,0.43599117,0.48265404,0,0,adulto
ICB_03680_004,ICB_172,copd,AKG C417L Microphone,73.0,0,0,0,0.43448275,0.44125634,0,0,adulto
ICB_03680_005,ICB_172,copd,AKG C417L Microphone,73.0,0,0,0,0.4643664,0.402563,0,0,adulto
ICB_03680_006,ICB_172,copd,AKG C417L Microphone,73.0,0,0,0,0.3478111,0.43640104,0,0,adulto
ICB_03681_000,ICB_172,copd,AKG C417L Microphone,73.0,1,0,0,0.4661407,0.43805066,0,1,adulto
ICB_03681_001,ICB_172,copd,AKG C417L Microphone,73.0,0,0,0,0.49113378,0.42001304,0,0,adulto
ICB_03681_002,ICB_172,copd,AKG C417L Microphone,73.0,0,0,0,0.4668649,0.36852747,0,0,adulto
ICB_03681_003,ICB_172,copd,AKG C417L Microphone,73.0,1,0,0,0.47556177,0.35705617,0,1,adulto
ICB_03681_004,ICB_172,copd,AKG C417L Microphone,73.0,0,0,0,0.4620326,0.3675358,0,0,adulto
ICB_03681_005,ICB_172,copd,AKG C417L Microphone,73.0,1,0,0,0.47361103,0.3619759,0,1,adulto
ICB_03681_006,ICB_172,copd,AKG C417L Microphone,73.0,0,0,0,0.42676252,0.33481652,0,0,adulto
ICB_03682_000,ICB_172,copd,AKG C417L Microphone,73.0,1,0,0,0.3486145,0.42498577,0,1,adulto
ICB_03682_001,ICB_172,copd,AKG C417L Microphone,73.0,1,0,0,0.36504632,0.35307378,0,1,adulto
ICB_03682_002,ICB_172,copd,AKG C417L Microphone,73.0,1,0,0,0.3547742,0.34359285,0,1,adulto
ICB_03682_003,ICB_172,copd,AKG C417L Microphone,73.0,1,0,0,0.34369025,0.30683374,0,1,adulto
ICB_03682_004,ICB_172,copd,AKG C417L Microphone,73.0,1,0,0,0.33651978,0.30460402,0,1,adulto
ICB_03682_005,ICB_172,copd,AKG C417L Microphone,73.0,1,0,0,0.32866573,0.29482725,0,1,adulto
ICB_03682_006,ICB_172,copd,AKG C417L Microphone,73.0,1,0,0,0.32691172,0.3135574,0,1,adulto
ICB_03683_000,ICB_172,copd,AKG C417L Microphone,73.0,0,0,0,0.24890742,0.41542044,0,0,adulto
ICB_03683_001,ICB_172,copd,AKG C417L Microphone,73.0,0,0,0,0.2608074,0.41846904,0,0,adulto
ICB_03683_002,ICB_172,copd,AKG C417L Microphone,73.0,0,0,0,0.29173487,0.44854784,0,0,adulto
ICB_03683_003,ICB_172,copd,AKG C417L Microphone,73.0,0,0,0,0.27174786,0.44344598,0,0,adulto
ICB_03683_004,ICB_172,copd,AKG C417L Microphone,73.0,0,0,0,0.2505492,0.5225494,0,0,adulto
ICB_03683_005,ICB_172,copd,AKG C417L Microphone,73.0,0,0,0,0.23588282,0.43660787,0,0,adulto
ICB_03683_006,ICB_172,copd,AKG C417L Microphone,73.0,1,0,0,0.3471348,0.45137736,0,1,adulto
ICB_03684_000,ICB_172,copd,AKG C417L Microphone,73.0,1,0,0,0.531703,0.39897218,0,1,adulto
ICB_03684_001,ICB_172,copd,AKG C417L Microphone,73.0,0,1,0,0.39930388,0.6213581,0,2,adulto
ICB_03684_002,ICB_172,copd,AKG C417L Microphone,73.0,0,1,0,0.36670032,0.71750295,0,2,adulto
ICB_03684_003,ICB_172,copd,AKG C417L Microphone,73.0,0,1,0,0.4532316,0.66853124,0,2,adulto
ICB_03684_004,ICB_172,copd,AKG C417L Microphone,73.0,0,0,0,0.6224825,0.29587567,1,0,adulto
ICB_03684_005,ICB_172,copd,AKG C417L Microphone,73.0,1,0,0,0.634734,0.4380197,1,1,adulto
ICB_03685_000,ICB_172,copd,AKG C417L Microphone,73.0,0,0,0,0.44992438,0.31119335,0,0,adulto
ICB_03685_001,ICB_172,copd,AKG C417L Microphone,73.0,1,1,0,0.37733173,0.5169481,0,3,adulto
ICB_03685_002,ICB_172,copd,AKG C417L Microphone,73.0,0,1,0,0.34786147,0.7288764,0,2,adulto
ICB_03685_003,ICB_172,copd,AKG C417L Microphone,73.0,0,1,0,0.3936564,0.663117,0,2,adulto
ICB_03685_004,ICB_172,copd,AKG C417L Microphone,73.0,0,1,0,0.46438408,0.40119284,0,2,adulto
ICB_03685_005,ICB_172,copd,AKG C417L Microphone,73.0,0,0,0,0.5351413,0.58118844,0,0,adulto
ICB_03686_000,ICB_172,copd,AKG C417L Microphone,73.0,0,0,0,0.45675713,0.48670173,0,0,adulto
ICB_03686_001,ICB_172,copd,AKG C417L Microphone,73.0,1,1,0,0.38605097,0.7503886,0,3,adulto
ICB_03686_002,ICB_172,copd,AKG C417L Microphone,73.0,1,1,0,0.3645712,0.7325104,0,3,adulto
ICB_03686_003,ICB_172,copd,AKG C417L Microphone,73.0,0,1,0,0.36846292,0.61925703,0,2,adulto
ICB_03686_004,ICB_172,copd,AKG C417L Microphone,73.0,1,0,0,0.5176995,0.53733504,0,1,adulto
ICB_03686_005,ICB_172,copd,AKG C417L Microphone,73.0,0,0,0,0.47966456,0.5608266,0,0,adulto
ICB_03687_000,ICB_172,copd,AKG C417L Microphone,73.0,0,0,0,0.29365128,0.32558012,0,0,adulto
ICB_03687_001,ICB_172,copd,AKG C417L Microphone,73.0,0,1,0,0.27045444,0.3638733,0,2,adulto
ICB_03687_002,ICB_172,copd,AKG C417L Microphone,73.0,0,1,0,0.2947384,0.68731296,0,2,adulto
ICB_03687_003,ICB_172,copd,AKG C417L Microphone,73.0,0,1,0,0.19038749,0.6427749,0,2,adulto
ICB_03687_004,ICB_172,copd,AKG C417L Microphone,73.0,0,1,0,0.36751834,0.38071138,0,2,adulto
ICB_03687_005,ICB_172,copd,AKG C417L Microphone,73.0,0,0,0,0.47044814,0.35114694,0,0,adulto
ICB_03688_000,ICB_172,copd,AKG C417L Microphone,73.0,1,0,0,0.39231658,0.35699055,0,1,adulto
ICB_03688_001,ICB_172,copd,AKG C417L Microphone,73.0,0,1,0,0.2697757,0.74277264,0,2,adulto
ICB_03688_002,ICB_172,copd,AKG C417L Microphone,73.0,0,1,0,0.29693675,0.7929233,0,2,adulto
ICB_03688_003,ICB_172,copd,AKG C417L Microphone,73.0,0,1,0,0.2944061,0.78392404,0,2,adulto
ICB_03688_004,ICB_172,copd,AKG C417L Microphone,73.0,0,0,0,0.38642463,0.2958888,0,0,adulto
ICB_03688_005,ICB_172,copd,AKG C417L Microphone,73.0,1,1,0,0.43945467,0.59634286,0,3,adulto
ICB_03689_000,ICB_172,copd,AKG C417L Microphone,73.0,0,0,0,0.32030842,0.36097735,0,0,adulto
ICB_03689_001,ICB_172,copd,AKG C417L Microphone,73.0,0,1,0,0.25185457,0.73637223,0,2,adulto
ICB_03689_002,ICB_172,copd,AKG C417L Microphone,73.0,0,1,0,0.22461233,0.75397944,0,2,adulto
ICB_03689_003,ICB_172,copd,AKG C417L Microphone,73.0,0,1,0,0.2639881,0.7828584,0,2,adulto
ICB_03689_004,ICB_172,copd,AKG C417L Microphone,73.0,0,0,0,0.36862198,0.3031525,0,0,adulto
ICB_03689_005,ICB_172,copd,AKG C417L Microphone,73.0,0,0,0,0.39832872,0.39406067,0,0,adulto
ICB_03690_000,ICB_172,copd,AKG C417L Microphone,73.0,0,0,0,0.32234594,0.36712518,0,0,adulto
ICB_03690_001,ICB_172,copd,AKG C417L Microphone,73.0,1,1,0,0.20915513,0.54689616,0,3,adulto
ICB_03690_002,ICB_172,copd,AKG C417L Microphone,73.0,0,1,0,0.20413086,0.6234157,0,2,adulto
ICB_03690_003,ICB_172,copd,AKG C417L Microphone,73.0,1,1,0,0.2196775,0.7417636,0,3,adulto
ICB_03690_004,ICB_172,copd,AKG C417L Microphone,73.0,0,0,0,0.27718267,0.36643395,0,0,adulto
ICB_03690_005,ICB_172,copd,AKG C417L Microphone,73.0,0,0,0,0.3634019,0.55987376,0,0,adulto
ICB_03691_000,ICB_172,copd,AKG C417L Microphone,73.0,0,0,0,0.5936612,0.31158686,1,0,adulto
ICB_03691_001,ICB_172,copd,AKG C417L Microphone,73.0,0,1,0,0.62453014,0.35505423,1,2,adulto
ICB_03691_002,ICB_172,copd,AKG C417L Microphone,73.0,1,0,0,0.5599444,0.20042071,1,1,adulto
ICB_03691_003,ICB_172,copd,AKG C417L Microphone,73.0,0,0,0,0.56981057,0.28434825,1,0,adulto
ICB_03691_004,ICB_172,copd,AKG C417L Microphone,73.0,0,0,0,0.6841958,0.2619433,1,0,adulto
ICB_03691_005,ICB_172,copd,AKG C417L Microphone,73.0,0,0,0,0.57433146,0.42780733,1,0,adulto
ICB_03691_006,ICB_172,copd,AKG C417L Microphone,73.0,0,0,0,0.4172705,0.34297603,0,0,adulto
ICB_03692_000,ICB_172,copd,AKG C417L Microphone,73.0,0,0,0,0.46913528,0.35864648,0,0,adulto
ICB_03692_001,ICB_172,copd,AKG C417L Microphone,73.0,0,1,0,0.51931816,0.51105374,0,2,adulto
ICB_03692_002,ICB_172,copd,AKG C417L Microphone,73.0,0,0,0,0.4696646,0.3625029,0,0,adulto
ICB_03692_003,ICB_172,copd,AKG C417L Microphone,73.0,0,0,0,0.45058963,0.35292876,0,0,adulto
ICB_03692_004,ICB_172,copd,AKG C417L Microphone,73.0,0,0,0,0.50258625,0.44032478,0,0,adulto
ICB_03692_005,ICB_172,copd,AKG C417L Microphone,73.0,0,0,0,0.42640483,0.32026216,0,0,adulto
ICB_03692_006,ICB_172,copd,AKG C417L Microphone,73.0,0,0,0,0.3586377,0.33420354,0,0,adulto
ICB_03693_000,ICB_172,copd,AKG C417L Microphone,73.0,1,0,0,0.49094313,0.44126958,0,1,adulto
ICB_03693_001,ICB_172,copd,AKG C417L Microphone,73.0,0,1,0,0.49905586,0.6062685,0,2,adulto
ICB_03693_002,ICB_172,copd,AKG C417L Microphone,73.0,1,0,0,0.439298,0.58936745,0,1,adulto
ICB_03693_003,ICB_172,copd,AKG C417L Microphone,73.0,0,0,0,0.430997,0.51876867,0,0,adulto
ICB_03693_004,ICB_172,copd,AKG C417L Microphone,73.0,1,0,0,0.5061599,0.5953362,0,1,adulto
ICB_03693_005,ICB_172,copd,AKG C417L Microphone,73.0,0,0,0,0.46825597,0.4792546,0,0,adulto
ICB_03693_006,ICB_172,copd,AKG C417L Microphone,73.0,0,0,0,0.375502,0.456894,0,0,adulto
ICB_03694_000,ICB_172,copd,AKG C417L Microphone,73.0,0,0,0,0.5174337,0.5473715,0,0,adulto
ICB_03694_001,ICB_172,copd,AKG C417L Microphone,73.0,0,1,0,0.40971944,0.39514667,0,2,adulto
ICB_03694_002,ICB_172,copd,AKG C417L Microphone,73.0,0,0,0,0.2579369,0.32157513,0,0,adulto
ICB_03694_003,ICB_172,copd,AKG C417L Microphone,73.0,1,0,0,0.45301443,0.322375,0,1,adulto
ICB_03694_004,ICB_172,copd,AKG C417L Microphone,73.0,1,0,0,0.5330893,0.36013162,0,1,adulto
ICB_03694_005,ICB_172,copd,AKG C417L Microphone,73.0,0,0,0,0.48959517,0.37076694,0,0,adulto
ICB_03694_006,ICB_172,copd,AKG C417L Microphone,73.0,0,0,0,0.35833168,0.38970855,0,0,adulto
ICB_03695_000,ICB_172,copd,AKG C417L Microphone,73.0,1,0,0,0.4520568,0.27844918,0,1,adulto
ICB_03695_001,ICB_172,copd,AKG C417L Microphone,73.0,0,1,0,0.4300437,0.38786462,0,2,adulto
ICB_03695_002,ICB_172,copd,AKG C417L Microphone,73.0,1,0,0,0.46319398,0.30129725,0,1,adulto
ICB_03695_003,ICB_172,copd,AKG C417L Microphone,73.0,0,0,0,0.4253625,0.296021,0,0,adulto
ICB_03695_004,ICB_172,copd,AKG C417L Microphone,73.0,1,1,0,0.46402892,0.28623232,0,3,adulto
ICB_03695_005,ICB_172,copd,AKG C417L Microphone,73.0,1,0,0,0.44113666,0.37713823,0,1,adulto
ICB_03695_006,ICB_172,copd,AKG C417L Microphone,73.0,0,0,0,0.34683132,0.3637359,0,0,adulto
ICB_03696_000,ICB_172,copd,AKG C417L Microphone,73.0,0,0,0,0.34073552,0.3272107,0,0,adulto
ICB_03696_001,ICB_172,copd,AKG C417L Microphone,73.0,0,1,0,0.3630537,0.29404354,0,2,adulto
ICB_03696_002,ICB_172,copd,AKG C417L Microphone,73.0,1,0,0,0.3929744,0.29029587,0,1,adulto
ICB_03696_003,ICB_172,copd,AKG C417L Microphone,73.0,0,0,0,0.3768009,0.31381592,0,0,adulto
ICB_03696_004,ICB_172,copd,AKG C417L Microphone,73.0,0,1,0,0.37281576,0.38228965,0,2,adulto
ICB_03696_005,ICB_172,copd,AKG C417L Microphone,73.0,0,0,0,0.34205925,0.33467978,0,0,adulto
ICB_03696_006,ICB_172,copd,AKG C417L Microphone,73.0,0,0,0,0.3260706,0.33545756,0,0,adulto
ICB_03697_000,ICB_172,copd,AKG C417L Microphone,73.0,0,0,0,0.27750018,0.3855891,0,0,adulto
ICB_03697_001,ICB_172,copd,AKG C417L Microphone,73.0,1,1,0,0.23139063,0.47818795,0,3,adulto
ICB_03697_002,ICB_172,copd,AKG C417L Microphone,73.0,0,0,0,0.28751326,0.4461122,0,0,adulto
ICB_03697_003,ICB_172,copd,AKG C417L Microphone,73.0,0,0,0,0.2588268,0.3817004,0,0,adulto
ICB_03697_004,ICB_172,copd,AKG C417L Microphone,73.0,0,0,0,0.2447947,0.32460198,0,0,adulto
ICB_03697_005,ICB_172,copd,AKG C417L Microphone,73.0,0,0,0,0.29628205,0.40456492,0,0,adulto
ICB_03697_006,ICB_172,copd,AKG C417L Microphone,73.0,0,0,0,0.30814192,0.42317685,0,0,adulto
ICB_03698_000,ICB_172,copd,AKG C417L Microphone,73.0,1,0,0,0.6281642,0.32725558,1,1,adulto
ICB_03698_001,ICB_172,copd,AKG C417L Microphone,73.0,1,0,0,0.63513,0.41404548,1,1,adulto
ICB_03698_002,ICB_172,copd,AKG C417L Microphone,73.0,1,0,0,0.5419625,0.3490794,0,1,adulto
ICB_03698_003,ICB_172,copd,AKG C417L Microphone,73.0,1,0,0,0.58981174,0.4256097,1,1,adulto
ICB_03698_004,ICB_172,copd,AKG C417L Microphone,73.0,1,0,0,0.51376927,0.35711268,0,1,adulto
ICB_03698_005,ICB_172,copd,AKG C417L Microphone,73.0,1,1,0,0.558769,0.46664965,1,3,adulto
ICB_03699_000,ICB_172,copd,AKG C417L Microphone,73.0,0,0,0,0.5125527,0.35743937,0,0,adulto
ICB_03699_001,ICB_172,copd,AKG C417L Microphone,73.0,0,0,0,0.54773945,0.33750924,0,0,adulto
ICB_03699_002,ICB_172,copd,AKG C417L Microphone,73.0,0,0,0,0.47240368,0.26420102,0,0,adulto
ICB_03699_003,ICB_172,copd,AKG C417L Microphone,73.0,0,0,0,0.4751276,0.2551078,0,0,adulto
ICB_03699_004,ICB_172,copd,AKG C417L Microphone,73.0,0,1,0,0.4088236,0.3258657,0,2,adulto
ICB_03699_005,ICB_172,copd,AKG C417L Microphone,73.0,0,1,0,0.5078317,0.35560086,0,2,adulto
ICB_03700_000,ICB_172,copd,AKG C417L Microphone,73.0,0,0,0,0.49500838,0.33671117,0,0,adulto
ICB_03700_001,ICB_172,copd,AKG C417L Microphone,73.0,1,0,0,0.57063514,0.43596485,1,1,adulto
ICB_03700_002,ICB_172,copd,AKG C417L Microphone,73.0,0,0,0,0.46264857,0.39712963,0,0,adulto
ICB_03700_003,ICB_172,copd,AKG C417L Microphone,73.0,0,0,0,0.46337116,0.37811172,0,0,adulto
ICB_03700_004,ICB_172,copd,AKG C417L Microphone,73.0,0,1,0,0.46512833,0.40325615,0,2,adulto
ICB_03700_005,ICB_172,copd,AKG C417L Microphone,73.0,0,0,0,0.51567775,0.35255313,0,0,adulto
ICB_03701_000,ICB_172,copd,AKG C417L Microphone,73.0,1,0,0,0.441671,0.31512484,0,1,adulto
ICB_03701_001,ICB_172,copd,AKG C417L Microphone,73.0,1,0,0,0.40009722,0.33981308,0,1,adulto
ICB_03701_002,ICB_172,copd,AKG C417L Microphone,73.0,1,0,0,0.33060148,0.30687273,0,1,adulto
ICB_03701_003,ICB_172,copd,AKG C417L Microphone,73.0,0,0,0,0.3810659,0.2775159,0,0,adulto
ICB_03701_004,ICB_172,copd,AKG C417L Microphone,73.0,0,0,0,0.3748305,0.27384916,0,0,adulto
ICB_03701_005,ICB_172,copd,AKG C417L Microphone,73.0,0,1,0,0.4315499,0.30527553,0,2,adulto
ICB_03702_000,ICB_172,copd,AKG C417L Microphone,73.0,1,0,0,0.4445656,0.2687011,0,1,adulto
ICB_03702_001,ICB_172,copd,AKG C417L Microphone,73.0,0,0,0,0.47633225,0.30606878,0,0,adulto
ICB_03702_002,ICB_172,copd,AKG C417L Microphone,73.0,0,0,0,0.41390166,0.32429048,0,0,adulto
ICB_03702_003,ICB_172,copd,AKG C417L Microphone,73.0,0,0,0,0.43071833,0.37161255,0,0,adulto
ICB_03702_004,ICB_172,copd,AKG C417L Microphone,73.0,1,1,0,0.39740494,0.35500184,0,3,adulto
ICB_03702_005,ICB_172,copd,AKG C417L Microphone,73.0,0,0,0,0.4479193,0.35350665,0,0,adulto
ICB_03703_000,ICB_172,copd,AKG C417L Microphone,73.0,0,0,0,0.41553524,0.35398915,0,0,adulto
ICB_03703_001,ICB_172,copd,AKG C417L Microphone,73.0,0,0,0,0.43349165,0.40787163,0,0,adulto
ICB_03703_002,ICB_172,copd,AKG C417L Microphone,73.0,0,0,0,0.39947426,0.35082746,0,0,adulto
ICB_03703_003,ICB_172,copd,AKG C417L Microphone,73.0,0,0,0,0.42550004,0.30873922,0,0,adulto
ICB_03703_004,ICB_172,copd,AKG C417L Microphone,73.0,0,0,0,0.35172427,0.32269588,0,0,adulto
ICB_03703_005,ICB_172,copd,AKG C417L Microphone,73.0,0,1,0,0.37874413,0.43503845,0,2,adulto
ICB_03704_000,ICB_173,bronchiolitis_asthma,AKG C417L Microphone,3.0,0,0,0,0.3608214,0.4256272,0,0,pediátrico (<18)
ICB_03704_001,ICB_173,bronchiolitis_asthma,AKG C417L Microphone,3.0,0,0,0,0.47976026,0.6125548,0,0,pediátrico (<18)
ICB_03704_002,ICB_173,bronchiolitis_asthma,AKG C417L Microphone,3.0,1,0,0,0.43153006,0.55017096,0,1,pediátrico (<18)
ICB_03704_003,ICB_173,bronchiolitis_asthma,AKG C417L Microphone,3.0,0,0,0,0.24038994,0.5430388,0,0,pediátrico (<18)
ICB_03704_004,ICB_173,bronchiolitis_asthma,AKG C417L Microphone,3.0,1,0,0,0.502971,0.67645144,0,1,pediátrico (<18)
ICB_03704_005,ICB_173,bronchiolitis_asthma,AKG C417L Microphone,3.0,0,0,0,0.40440935,0.53661007,0,0,pediátrico (<18)
ICB_03704_006,ICB_173,bronchiolitis_asthma,AKG C417L Microphone,3.0,0,0,0,0.4336391,0.46617922,0,0,pediátrico (<18)
ICB_03704_007,ICB_173,bronchiolitis_asthma,AKG C417L Microphone,3.0,1,0,0,0.44928744,0.69084436,0,1,pediátrico (<18)
ICB_03704_008,ICB_173,bronchiolitis_asthma,AKG C417L Microphone,3.0,1,0,0,0.40312764,0.6071255,0,1,pediátrico (<18)
ICB_03704_009,ICB_173,bronchiolitis_asthma,AKG C417L Microphone,3.0,1,0,0,0.45803893,0.59795785,0,1,pediátrico (<18)
ICB_03704_010,ICB_173,bronchiolitis_asthma,AKG C417L Microphone,3.0,0,0,0,0.41895,0.55856156,0,0,pediátrico (<18)
ICB_03704_011,ICB_173,bronchiolitis_asthma,AKG C417L Microphone,3.0,0,0,0,0.3733981,0.48287073,0,0,pediátrico (<18)
ICB_03704_012,ICB_173,bronchiolitis_asthma,AKG C417L Microphone,3.0,0,0,0,0.34252006,0.44666076,0,0,pediátrico (<18)
ICB_03734_000,ICB_176,copd,AKG C417L Microphone,65.0,0,0,0,0.4476366,0.24794576,0,0,adulto
ICB_03734_001,ICB_176,copd,AKG C417L Microphone,65.0,1,0,0,0.6578634,0.17852694,1,1,adulto
ICB_03734_002,ICB_176,copd,AKG C417L Microphone,65.0,1,0,0,0.65401244,0.1645646,1,1,adulto
ICB_03734_003,ICB_176,copd,AKG C417L Microphone,65.0,1,0,0,0.62775564,0.23423094,1,1,adulto
ICB_03734_004,ICB_176,copd,AKG C417L Microphone,65.0,1,0,0,0.63763326,0.10712438,1,1,adulto
ICB_03734_005,ICB_176,copd,AKG C417L Microphone,65.0,1,0,0,0.53146136,0.1774316,0,1,adulto
ICB_03735_000,ICB_176,copd,AKG C417L Microphone,65.0,1,0,0,0.43254143,0.20314422,0,1,adulto
ICB_03735_001,ICB_176,copd,AKG C417L Microphone,65.0,1,0,0,0.592046,0.13004619,1,1,adulto
ICB_03735_002,ICB_176,copd,AKG C417L Microphone,65.0,1,0,0,0.6066708,0.13982724,1,1,adulto
ICB_03735_003,ICB_176,copd,AKG C417L Microphone,65.0,1,0,0,0.55837697,0.17283966,1,1,adulto
ICB_03735_004,ICB_176,copd,AKG C417L Microphone,65.0,1,0,0,0.6007998,0.13614932,1,1,adulto
ICB_03735_005,ICB_176,copd,AKG C417L Microphone,65.0,1,0,0,0.5084696,0.16073002,0,1,adulto
ICB_03736_000,ICB_176,copd,AKG C417L Microphone,65.0,0,0,0,0.46791458,0.15725797,0,0,adulto
ICB_03736_001,ICB_176,copd,AKG C417L Microphone,65.0,1,0,0,0.567897,0.08622488,1,1,adulto
ICB_03736_002,ICB_176,copd,AKG C417L Microphone,65.0,1,0,0,0.5693944,0.10393873,1,1,adulto
ICB_03736_003,ICB_176,copd,AKG C417L Microphone,65.0,1,0,0,0.5404513,0.11543695,0,1,adulto
ICB_03736_004,ICB_176,copd,AKG C417L Microphone,65.0,1,0,0,0.5566026,0.06856359,1,1,adulto
ICB_03736_005,ICB_176,copd,AKG C417L Microphone,65.0,1,0,0,0.5003238,0.14996184,0,1,adulto
ICB_03737_000,ICB_176,copd,AKG C417L Microphone,65.0,0,0,0,0.4606248,0.20064418,0,0,adulto
ICB_03737_001,ICB_176,copd,AKG C417L Microphone,65.0,1,0,0,0.4531407,0.17151617,0,1,adulto
ICB_03737_002,ICB_176,copd,AKG C417L Microphone,65.0,1,0,0,0.49476406,0.14967358,0,1,adulto
ICB_03737_003,ICB_176,copd,AKG C417L Microphone,65.0,1,0,0,0.48671392,0.15495744,0,1,adulto
ICB_03737_004,ICB_176,copd,AKG C417L Microphone,65.0,1,0,0,0.46859428,0.11838744,0,1,adulto
ICB_03737_005,ICB_176,copd,AKG C417L Microphone,65.0,1,0,0,0.46390092,0.17648357,0,1,adulto
ICB_03738_000,ICB_176,copd,AKG C417L Microphone,65.0,0,0,0,0.40858188,0.23030846,0,0,adulto
ICB_03738_001,ICB_176,copd,AKG C417L Microphone,65.0,1,0,0,0.508658,0.20298488,0,1,adulto
ICB_03738_002,ICB_176,copd,AKG C417L Microphone,65.0,1,0,0,0.5285533,0.1829595,0,1,adulto
ICB_03738_003,ICB_176,copd,AKG C417L Microphone,65.0,1,0,0,0.51536417,0.1941353,0,1,adulto
ICB_03738_004,ICB_176,copd,AKG C417L Microphone,65.0,1,0,0,0.5062449,0.13276958,0,1,adulto
ICB_03738_005,ICB_176,copd,AKG C417L Microphone,65.0,1,0,0,0.42875752,0.25023437,0,1,adulto
ICB_03739_000,ICB_176,copd,AKG C417L Microphone,65.0,0,0,0,0.45930305,0.2471685,0,0,adulto
ICB_03739_001,ICB_176,copd,AKG C417L Microphone,65.0,1,0,0,0.57397723,0.20895906,1,1,adulto
ICB_03739_002,ICB_176,copd,AKG C417L Microphone,65.0,1,0,0,0.5623479,0.20548803,1,1,adulto
ICB_03739_003,ICB_176,copd,AKG C417L Microphone,65.0,1,0,0,0.5604624,0.19950436,1,1,adulto
ICB_03739_004,ICB_176,copd,AKG C417L Microphone,65.0,1,0,0,0.52002585,0.1849449,0,1,adulto
ICB_03739_005,ICB_176,copd,AKG C417L Microphone,65.0,1,0,0,0.47261238,0.25439447,0,1,adulto
ICB_03740_000,ICB_176,copd,AKG C417L Microphone,65.0,1,0,0,0.32095763,0.2766236,0,1,adulto
ICB_03740_001,ICB_176,copd,AKG C417L Microphone,65.0,1,0,0,0.3799684,0.16536124,0,1,adulto
ICB_03740_002,ICB_176,copd,AKG C417L Microphone,65.0,1,0,0,0.35873467,0.1257499,0,1,adulto
ICB_03740_003,ICB_176,copd,AKG C417L Microphone,65.0,1,0,0,0.33005616,0.22718787,0,1,adulto
ICB_03740_004,ICB_176,copd,AKG C417L Microphone,65.0,1,0,0,0.4342795,0.13706362,0,1,adulto
ICB_03740_005,ICB_176,copd,AKG C417L Microphone,65.0,1,0,0,0.32966518,0.21392071,0,1,adulto
ICB_03741_000,ICB_176,copd,AKG C417L Microphone,65.0,0,0,0,0.5027988,0.174491,0,0,adulto
ICB_03741_001,ICB_176,copd,AKG C417L Microphone,65.0,1,0,0,0.60194826,0.15155686,1,1,adulto
ICB_03741_002,ICB_176,copd,AKG C417L Microphone,65.0,1,0,0,0.60269004,0.12820756,1,1,adulto
ICB_03741_003,ICB_176,copd,AKG C417L Microphone,65.0,1,0,0,0.6018011,0.13049693,1,1,adulto
ICB_03741_004,ICB_176,copd,AKG C417L Microphone,65.0,1,0,0,0.60384154,0.18555498,1,1,adulto
ICB_03741_005,ICB_176,copd,AKG C417L Microphone,65.0,1,0,0,0.6440573,0.17996581,1,1,adulto
ICB_03742_000,ICB_176,copd,AKG C417L Microphone,65.0,1,0,0,0.46005782,0.178652,0,1,adulto
ICB_03742_001,ICB_176,copd,AKG C417L Microphone,65.0,1,0,0,0.53963995,0.11142728,0,1,adulto
ICB_03742_002,ICB_176,copd,AKG C417L Microphone,65.0,1,0,0,0.53855014,0.122913666,0,1,adulto
ICB_03742_003,ICB_176,copd,AKG C417L Microphone,65.0,1,0,0,0.5768949,0.13980374,1,1,adulto
ICB_03742_004,ICB_176,copd,AKG C417L Microphone,65.0,1,0,0,0.53202564,0.13589434,0,1,adulto
ICB_03742_005,ICB_176,copd,AKG C417L Microphone,65.0,1,0,0,0.6020622,0.12566495,1,1,adulto
ICB_03743_000,ICB_176,copd,AKG C417L Microphone,65.0,1,0,0,0.40113565,0.1794011,0,1,adulto
ICB_03743_001,ICB_176,copd,AKG C417L Microphone,65.0,1,0,0,0.5289186,0.09222248,0,1,adulto
ICB_03743_002,ICB_176,copd,AKG C417L Microphone,65.0,1,0,0,0.5538522,0.10046204,1,1,adulto
ICB_03743_003,ICB_176,copd,AKG C417L Microphone,65.0,1,0,0,0.53434813,0.099036686,0,1,adulto
ICB_03743_004,ICB_176,copd,AKG C417L Microphone,65.0,1,0,0,0.5691957,0.09973344,1,1,adulto
ICB_03743_005,ICB_176,copd,AKG C417L Microphone,65.0,1,0,0,0.56752133,0.101599626,1,1,adulto
ICB_03744_000,ICB_176,copd,AKG C417L Microphone,65.0,1,0,0,0.39000863,0.18710864,0,1,adulto
ICB_03744_001,ICB_176,copd,AKG C417L Microphone,65.0,1,0,0,0.45862043,0.14982517,0,1,adulto
ICB_03744_002,ICB_176,copd,AKG C417L Microphone,65.0,1,0,0,0.4082143,0.1276004,0,1,adulto
ICB_03744_003,ICB_176,copd,AKG C417L Microphone,65.0,1,0,0,0.45152128,0.1461494,0,1,adulto
ICB_03744_004,ICB_176,copd,AKG C417L Microphone,65.0,1,0,0,0.44118366,0.14388624,0,1,adulto
ICB_03744_005,ICB_176,copd,AKG C417L Microphone,65.0,1,0,0,0.4671204,0.12912492,0,1,adulto
ICB_03745_000,ICB_176,copd,AKG C417L Microphone,65.0,1,0,0,0.40068713,0.22788656,0,1,adulto
ICB_03745_001,ICB_176,copd,AKG C417L Microphone,65.0,1,0,0,0.49977848,0.2155887,0,1,adulto
ICB_03745_002,ICB_176,copd,AKG C417L Microphone,65.0,1,0,0,0.4834864,0.14770044,0,1,adulto
ICB_03745_003,ICB_176,copd,AKG C417L Microphone,65.0,1,0,0,0.45702884,0.17299642,0,1,adulto
ICB_03745_004,ICB_176,copd,AKG C417L Microphone,65.0,1,0,0,0.46954697,0.18910122,0,1,adulto
ICB_03745_005,ICB_176,copd,AKG C417L Microphone,65.0,1,0,0,0.484097,0.16302557,0,1,adulto
ICB_03746_000,ICB_176,copd,AKG C417L Microphone,65.0,1,0,0,0.45198575,0.206605,0,1,adulto
ICB_03746_001,ICB_176,copd,AKG C417L Microphone,65.0,1,0,0,0.5269648,0.19313227,0,1,adulto
ICB_03746_002,ICB_176,copd,AKG C417L Microphone,65.0,1,0,0,0.4980057,0.17088518,0,1,adulto
ICB_03746_003,ICB_176,copd,AKG C417L Microphone,65.0,1,0,0,0.49575981,0.20909853,0,1,adulto
ICB_03746_004,ICB_176,copd,AKG C417L Microphone,65.0,1,0,0,0.51130724,0.20001008,0,1,adulto
ICB_03746_005,ICB_176,copd,AKG C417L Microphone,65.0,1,0,0,0.53744745,0.17777573,0,1,adulto
ICB_03747_000,ICB_176,copd,AKG C417L Microphone,65.0,1,0,0,0.31390327,0.259851,0,1,adulto
ICB_03747_001,ICB_176,copd,AKG C417L Microphone,65.0,1,0,0,0.42004618,0.20752293,0,1,adulto
ICB_03747_002,ICB_176,copd,AKG C417L Microphone,65.0,1,0,0,0.41463634,0.17572775,0,1,adulto
ICB_03747_003,ICB_176,copd,AKG C417L Microphone,65.0,0,0,0,0.3744651,0.17242388,0,0,adulto
ICB_03747_004,ICB_176,copd,AKG C417L Microphone,65.0,1,0,0,0.41993433,0.20312418,0,1,adulto
ICB_03747_005,ICB_176,copd,AKG C417L Microphone,65.0,1,0,0,0.4114705,0.17263687,0,1,adulto
ICB_03748_000,ICB_176,copd,AKG C417L Microphone,65.0,0,0,0,0.30578035,0.46879572,0,0,adulto
ICB_03748_001,ICB_176,copd,AKG C417L Microphone,65.0,1,0,0,0.5879562,0.17275168,1,1,adulto
ICB_03748_002,ICB_176,copd,AKG C417L Microphone,65.0,1,0,0,0.5314207,0.27367157,0,1,adulto
ICB_03748_003,ICB_176,copd,AKG C417L Microphone,65.0,1,0,0,0.59237325,0.19004844,1,1,adulto
ICB_03748_004,ICB_176,copd,AKG C417L Microphone,65.0,1,0,0,0.5889758,0.22149941,1,1,adulto
ICB_03748_005,ICB_176,copd,AKG C417L Microphone,65.0,1,0,0,0.5689146,0.20859048,1,1,adulto
ICB_03748_006,ICB_176,copd,AKG C417L Microphone,65.0,1,0,0,0.5386551,0.16434526,0,1,adulto
ICB_03749_000,ICB_176,copd,AKG C417L Microphone,65.0,0,0,0,0.28600085,0.48559916,0,0,adulto
ICB_03749_001,ICB_176,copd,AKG C417L Microphone,65.0,1,0,0,0.53321046,0.24593602,0,1,adulto
ICB_03749_002,ICB_176,copd,AKG C417L Microphone,65.0,1,0,0,0.4858285,0.27446043,0,1,adulto
ICB_03749_003,ICB_176,copd,AKG C417L Microphone,65.0,1,0,0,0.55954593,0.21471559,1,1,adulto
ICB_03749_004,ICB_176,copd,AKG C417L Microphone,65.0,1,0,0,0.55807155,0.2804773,1,1,adulto
ICB_03749_005,ICB_176,copd,AKG C417L Microphone,65.0,1,0,0,0.5168659,0.25915802,0,1,adulto
ICB_03749_006,ICB_176,copd,AKG C417L Microphone,65.0,1,0,0,0.5080825,0.26640132,0,1,adulto
ICB_03750_000,ICB_176,copd,AKG C417L Microphone,65.0,1,0,0,0.27578938,0.48640496,0,1,adulto
ICB_03750_001,ICB_176,copd,AKG C417L Microphone,65.0,1,0,0,0.51624006,0.18393797,0,1,adulto
ICB_03750_002,ICB_176,copd,AKG C417L Microphone,65.0,1,0,0,0.5099556,0.18556418,0,1,adulto
ICB_03750_003,ICB_176,copd,AKG C417L Microphone,65.0,1,0,0,0.5542994,0.15594603,1,1,adulto
ICB_03750_004,ICB_176,copd,AKG C417L Microphone,65.0,1,0,0,0.5393062,0.16703652,0,1,adulto
ICB_03750_005,ICB_176,copd,AKG C417L Microphone,65.0,1,0,0,0.52895474,0.15969878,0,1,adulto
ICB_03750_006,ICB_176,copd,AKG C417L Microphone,65.0,1,0,0,0.48583356,0.23353568,0,1,adulto
ICB_03751_000,ICB_176,copd,AKG C417L Microphone,65.0,0,0,0,0.2948588,0.22507535,0,0,adulto
ICB_03751_001,ICB_176,copd,AKG C417L Microphone,65.0,1,0,0,0.44597483,0.15666266,0,1,adulto
ICB_03751_002,ICB_176,copd,AKG C417L Microphone,65.0,1,0,0,0.3891736,0.19816656,0,1,adulto
ICB_03751_003,ICB_176,copd,AKG C417L Microphone,65.0,1,0,0,0.4636083,0.13933225,0,1,adulto
ICB_03751_004,ICB_176,copd,AKG C417L Microphone,65.0,1,0,0,0.47685766,0.17108491,0,1,adulto
ICB_03751_005,ICB_176,copd,AKG C417L Microphone,65.0,1,0,0,0.46209672,0.16006191,0,1,adulto
ICB_03751_006,ICB_176,copd,AKG C417L Microphone,65.0,1,0,0,0.45937186,0.24045074,0,1,adulto
ICB_03752_000,ICB_176,copd,AKG C417L Microphone,65.0,1,0,0,0.29919055,0.43829048,0,1,adulto
ICB_03752_001,ICB_176,copd,AKG C417L Microphone,65.0,1,0,0,0.45666057,0.29928115,0,1,adulto
ICB_03752_002,ICB_176,copd,AKG C417L Microphone,65.0,1,0,0,0.43930766,0.34128588,0,1,adulto
ICB_03752_003,ICB_176,copd,AKG C417L Microphone,65.0,1,0,0,0.48773977,0.29781225,0,1,adulto
ICB_03752_004,ICB_176,copd,AKG C417L Microphone,65.0,1,0,0,0.47368586,0.31647572,0,1,adulto
ICB_03752_005,ICB_176,copd,AKG C417L Microphone,65.0,1,0,0,0.44758207,0.28121597,0,1,adulto
ICB_03752_006,ICB_176,copd,AKG C417L Microphone,65.0,1,0,0,0.41839996,0.33554178,0,1,adulto
ICB_03753_000,ICB_176,copd,AKG C417L Microphone,65.0,0,0,0,0.3420389,0.38172227,0,0,adulto
ICB_03753_001,ICB_176,copd,AKG C417L Microphone,65.0,1,0,0,0.4939935,0.23153149,0,1,adulto
ICB_03753_002,ICB_176,copd,AKG C417L Microphone,65.0,1,0,0,0.4777812,0.2827874,0,1,adulto
ICB_03753_003,ICB_176,copd,AKG C417L Microphone,65.0,1,0,0,0.4974502,0.2919642,0,1,adulto
ICB_03753_004,ICB_176,copd,AKG C417L Microphone,65.0,1,0,0,0.51727426,0.21641605,0,1,adulto
ICB_03753_005,ICB_176,copd,AKG C417L Microphone,65.0,1,0,0,0.50218,0.23258364,0,1,adulto
ICB_03753_006,ICB_176,copd,AKG C417L Microphone,65.0,1,0,0,0.47532102,0.25499493,0,1,adulto
ICB_03754_000,ICB_176,copd,AKG C417L Microphone,65.0,1,0,0,0.32271454,0.3165457,0,1,adulto
ICB_03754_001,ICB_176,copd,AKG C417L Microphone,65.0,1,0,0,0.33084396,0.18162426,0,1,adulto
ICB_03754_002,ICB_176,copd,AKG C417L Microphone,65.0,1,0,0,0.3345094,0.17876804,0,1,adulto
ICB_03754_003,ICB_176,copd,AKG C417L Microphone,65.0,1,0,0,0.37956744,0.18392077,0,1,adulto
ICB_03754_004,ICB_176,copd,AKG C417L Microphone,65.0,1,0,0,0.35503057,0.18909195,0,1,adulto
ICB_03754_005,ICB_176,copd,AKG C417L Microphone,65.0,1,0,0,0.35218942,0.19364509,0,1,adulto
ICB_03754_006,ICB_176,copd,AKG C417L Microphone,65.0,1,0,0,0.32352456,0.15660149,0,1,adulto
ICB_03755_000,ICB_177,copd,AKG C417L Microphone,56.0,1,0,0,0.6038484,0.4111141,1,1,adulto
ICB_03755_001,ICB_177,copd,AKG C417L Microphone,56.0,1,0,0,0.63646746,0.48559844,1,1,adulto
ICB_03755_002,ICB_177,copd,AKG C417L Microphone,56.0,1,0,0,0.6849968,0.5001069,1,1,adulto
ICB_03755_003,ICB_177,copd,AKG C417L Microphone,56.0,1,0,0,0.6452848,0.49914697,1,1,adulto
ICB_03756_000,ICB_177,copd,AKG C417L Microphone,56.0,1,0,0,0.5768426,0.39233106,1,1,adulto
ICB_03756_001,ICB_177,copd,AKG C417L Microphone,56.0,0,0,0,0.5886405,0.49443105,1,0,adulto
ICB_03756_002,ICB_177,copd,AKG C417L Microphone,56.0,0,0,0,0.60742635,0.5471398,1,0,adulto
ICB_03756_003,ICB_177,copd,AKG C417L Microphone,56.0,1,0,0,0.60350937,0.6020508,1,1,adulto
ICB_03757_000,ICB_177,copd,AKG C417L Microphone,56.0,1,0,0,0.5168978,0.40640303,0,1,adulto
ICB_03757_001,ICB_177,copd,AKG C417L Microphone,56.0,1,0,0,0.5926951,0.4086988,1,1,adulto
ICB_03757_002,ICB_177,copd,AKG C417L Microphone,56.0,0,0,0,0.61068517,0.355666,1,0,adulto
ICB_03757_003,ICB_177,copd,AKG C417L Microphone,56.0,0,0,0,0.562139,0.30199865,1,0,adulto
ICB_03758_000,ICB_177,copd,AKG C417L Microphone,56.0,1,0,0,0.48508513,0.31082296,0,1,adulto
ICB_03758_001,ICB_177,copd,AKG C417L Microphone,56.0,1,0,0,0.5304904,0.3105686,0,1,adulto
ICB_03758_002,ICB_177,copd,AKG C417L Microphone,56.0,1,0,0,0.5368989,0.31429386,0,1,adulto
ICB_03758_003,ICB_177,copd,AKG C417L Microphone,56.0,1,0,0,0.52583474,0.28108597,0,1,adulto
ICB_03759_000,ICB_177,copd,AKG C417L Microphone,56.0,1,0,0,0.4788225,0.5039604,0,1,adulto
ICB_03759_001,ICB_177,copd,AKG C417L Microphone,56.0,0,1,0,0.4731461,0.359904,0,2,adulto
ICB_03759_002,ICB_177,copd,AKG C417L Microphone,56.0,0,1,0,0.51561135,0.37326896,0,2,adulto
ICB_03759_003,ICB_177,copd,AKG C417L Microphone,56.0,0,1,0,0.47529575,0.38414758,0,2,adulto
ICB_03760_000,ICB_177,copd,AKG C417L Microphone,56.0,0,0,0,0.14050122,0.32995573,0,0,adulto
ICB_03760_001,ICB_177,copd,AKG C417L Microphone,56.0,0,0,0,0.25333163,0.28540546,0,0,adulto
ICB_03760_002,ICB_177,copd,AKG C417L Microphone,56.0,0,0,0,0.15502995,0.22896697,0,0,adulto
ICB_03760_003,ICB_177,copd,AKG C417L Microphone,56.0,0,0,0,0.19182132,0.30499762,0,0,adulto
ICB_03761_000,ICB_177,copd,AKG C417L Microphone,56.0,1,0,0,0.6185454,0.5059755,1,1,adulto
ICB_03761_001,ICB_177,copd,AKG C417L Microphone,56.0,1,0,0,0.66362315,0.5841561,1,1,adulto
ICB_03761_002,ICB_177,copd,AKG C417L Microphone,56.0,1,0,0,0.61035573,0.51777655,1,1,adulto
ICB_03761_003,ICB_177,copd,AKG C417L Microphone,56.0,1,0,0,0.68840045,0.57390636,1,1,adulto
ICB_03761_004,ICB_177,copd,AKG C417L Microphone,56.0,1,0,0,0.67067564,0.62671804,1,1,adulto
ICB_03762_000,ICB_177,copd,AKG C417L Microphone,56.0,0,0,0,0.5927645,0.4945883,1,0,adulto
ICB_03762_001,ICB_177,copd,AKG C417L Microphone,56.0,0,0,0,0.66965234,0.53348225,1,0,adulto
ICB_03762_002,ICB_177,copd,AKG C417L Microphone,56.0,0,0,0,0.590419,0.51640517,1,0,adulto
ICB_03762_003,ICB_177,copd,AKG C417L Microphone,56.0,0,0,0,0.6410824,0.5318726,1,0,adulto
ICB_03762_004,ICB_177,copd,AKG C417L Microphone,56.0,0,0,0,0.6176204,0.51037014,1,0,adulto
ICB_03763_000,ICB_177,copd,AKG C417L Microphone,56.0,0,0,0,0.60351133,0.48625857,1,0,adulto
ICB_03763_001,ICB_177,copd,AKG C417L Microphone,56.0,0,0,0,0.6699147,0.4715262,1,0,adulto
ICB_03763_002,ICB_177,copd,AKG C417L Microphone,56.0,0,0,0,0.5610104,0.49998498,1,0,adulto
ICB_03763_003,ICB_177,copd,AKG C417L Microphone,56.0,0,0,0,0.6073401,0.38537663,1,0,adulto
ICB_03763_004,ICB_177,copd,AKG C417L Microphone,56.0,0,0,0,0.6313114,0.5247008,1,0,adulto
ICB_03764_000,ICB_177,copd,AKG C417L Microphone,56.0,1,0,0,0.5721503,0.28344908,1,1,adulto
ICB_03764_001,ICB_177,copd,AKG C417L Microphone,56.0,1,0,0,0.59559333,0.37426326,1,1,adulto
ICB_03764_002,ICB_177,copd,AKG C417L Microphone,56.0,1,0,0,0.53176695,0.29850364,0,1,adulto
ICB_03764_003,ICB_177,copd,AKG C417L Microphone,56.0,1,0,0,0.579586,0.3498011,1,1,adulto
ICB_03764_004,ICB_177,copd,AKG C417L Microphone,56.0,1,0,0,0.6080373,0.2863566,1,1,adulto
ICB_03765_000,ICB_177,copd,AKG C417L Microphone,56.0,0,1,0,0.5502661,0.30089137,1,2,adulto
ICB_03765_001,ICB_177,copd,AKG C417L Microphone,56.0,0,1,0,0.49030426,0.3723621,0,2,adulto
ICB_03765_002,ICB_177,copd,AKG C417L Microphone,56.0,1,1,0,0.4782822,0.41769865,0,3,adulto
ICB_03765_003,ICB_177,copd,AKG C417L Microphone,56.0,0,1,0,0.5593354,0.32857594,1,2,adulto
ICB_03765_004,ICB_177,copd,AKG C417L Microphone,56.0,1,1,0,0.5667173,0.32848153,1,3,adulto
ICB_03766_000,ICB_177,copd,AKG C417L Microphone,56.0,0,0,0,0.23802385,0.7156102,0,0,adulto
ICB_03766_001,ICB_177,copd,AKG C417L Microphone,56.0,0,0,0,0.21949787,0.3391382,0,0,adulto
ICB_03766_002,ICB_177,copd,AKG C417L Microphone,56.0,0,0,0,0.26521823,0.3603588,0,0,adulto
ICB_03766_003,ICB_177,copd,AKG C417L Microphone,56.0,0,0,0,0.32026562,0.39724657,0,0,adulto
ICB_03766_004,ICB_177,copd,AKG C417L Microphone,56.0,0,0,0,0.2179725,0.21053374,0,0,adulto
ICB_03767_000,ICB_177,copd,AKG C417L Microphone,56.0,0,0,0,0.3473803,0.14336799,0,0,adulto
ICB_03767_001,ICB_177,copd,AKG C417L Microphone,56.0,1,0,0,0.3748688,0.116290696,0,1,adulto
ICB_03767_002,ICB_177,copd,AKG C417L Microphone,56.0,1,0,0,0.36470163,0.14581999,0,1,adulto
ICB_03767_003,ICB_177,copd,AKG C417L Microphone,56.0,1,0,0,0.28438336,0.084435835,0,1,adulto
ICB_03767_004,ICB_177,copd,AKG C417L Microphone,56.0,0,0,0,0.34130445,0.2693528,0,0,adulto
ICB_03768_000,ICB_177,copd,AKG C417L Microphone,56.0,1,0,0,0.18942194,0.16158924,0,1,adulto
ICB_03768_001,ICB_177,copd,AKG C417L Microphone,56.0,0,0,0,0.19442001,0.14135987,0,0,adulto
ICB_03768_002,ICB_177,copd,AKG C417L Microphone,56.0,1,0,0,0.18132143,0.12902208,0,1,adulto
ICB_03768_003,ICB_177,copd,AKG C417L Microphone,56.0,1,0,0,0.17024104,0.15147649,0,1,adulto
ICB_03768_004,ICB_177,copd,AKG C417L Microphone,56.0,1,0,0,0.3128735,0.31945834,0,1,adulto
ICB_03769_000,ICB_177,copd,AKG C417L Microphone,56.0,1,0,0,0.23733126,0.19182555,0,1,adulto
ICB_03769_001,ICB_177,copd,AKG C417L Microphone,56.0,1,0,0,0.23700184,0.12412136,0,1,adulto
ICB_03769_002,ICB_177,copd,AKG C417L Microphone,56.0,1,0,0,0.22220258,0.15489227,0,1,adulto
ICB_03769_003,ICB_177,copd,AKG C417L Microphone,56.0,1,0,0,0.2002206,0.13556623,0,1,adulto
ICB_03769_004,ICB_177,copd,AKG C417L Microphone,56.0,1,0,0,0.33123595,0.29635516,0,1,adulto
ICB_03770_000,ICB_177,copd,AKG C417L Microphone,56.0,1,0,0,0.22179142,0.14795609,0,1,adulto
ICB_03770_001,ICB_177,copd,AKG C417L Microphone,56.0,1,0,0,0.2533907,0.18073604,0,1,adulto
ICB_03770_002,ICB_177,copd,AKG C417L Microphone,56.0,1,0,0,0.2350407,0.13242325,0,1,adulto
ICB_03770_003,ICB_177,copd,AKG C417L Microphone,56.0,1,0,0,0.21784607,0.15507862,0,1,adulto
ICB_03770_004,ICB_177,copd,AKG C417L Microphone,56.0,1,0,0,0.32708788,0.3249818,0,1,adulto
ICB_03771_000,ICB_177,copd,AKG C417L Microphone,56.0,0,0,0,0.30047593,0.17165801,0,0,adulto
ICB_03771_001,ICB_177,copd,AKG C417L Microphone,56.0,0,0,0,0.31708932,0.1342944,0,0,adulto
ICB_03771_002,ICB_177,copd,AKG C417L Microphone,56.0,0,0,0,0.26321042,0.12278675,0,0,adulto
ICB_03771_003,ICB_177,copd,AKG C417L Microphone,56.0,0,0,0,0.25981715,0.080761716,0,0,adulto
ICB_03771_004,ICB_177,copd,AKG C417L Microphone,56.0,0,0,0,0.3830431,0.22093764,0,0,adulto
ICB_03798_000,ICB_180,copd,AKG C417L Microphone,93.0,1,1,0,0.39869496,0.19415331,0,3,adulto
ICB_03798_001,ICB_180,copd,AKG C417L Microphone,93.0,1,1,0,0.30003017,0.2402857,0,3,adulto
ICB_03798_002,ICB_180,copd,AKG C417L Microphone,93.0,1,1,0,0.36149827,0.28918025,0,3,adulto
ICB_03798_003,ICB_180,copd,AKG C417L Microphone,93.0,1,1,0,0.41661152,0.1990802,0,3,adulto
ICB_03798_004,ICB_180,copd,AKG C417L Microphone,93.0,1,1,0,0.38169178,0.23359679,0,3,adulto
ICB_03798_005,ICB_180,copd,AKG C417L Microphone,93.0,0,1,0,0.33990225,0.35250345,0,2,adulto
ICB_03799_000,ICB_180,copd,AKG C417L Microphone,93.0,1,1,0,0.11946042,0.25424334,0,3,adulto
ICB_03799_001,ICB_180,copd,AKG C417L Microphone,93.0,1,1,0,0.12569001,0.13565451,0,3,adulto
ICB_03799_002,ICB_180,copd,AKG C417L Microphone,93.0,1,1,0,0.124969445,0.16174026,0,3,adulto
ICB_03799_003,ICB_180,copd,AKG C417L Microphone,93.0,1,1,0,0.11947767,0.27099484,0,3,adulto
ICB_03799_004,ICB_180,copd,AKG C417L Microphone,93.0,1,1,0,0.13595395,0.29495743,0,3,adulto
ICB_03799_005,ICB_180,copd,AKG C417L Microphone,93.0,1,0,0,0.30290782,0.2928412,0,1,adulto
ICB_03800_000,ICB_180,copd,AKG C417L Microphone,93.0,1,1,0,0.4132062,0.31511232,0,3,adulto
ICB_03800_001,ICB_180,copd,AKG C417L Microphone,93.0,1,1,0,0.37057525,0.23502684,0,3,adulto
ICB_03800_002,ICB_180,copd,AKG C417L Microphone,93.0,1,1,0,0.36020097,0.39607146,0,3,adulto
ICB_03800_003,ICB_180,copd,AKG C417L Microphone,93.0,1,1,0,0.44110948,0.26261604,0,3,adulto
ICB_03800_004,ICB_180,copd,AKG C417L Microphone,93.0,1,1,0,0.36574355,0.32698292,0,3,adulto
ICB_03800_005,ICB_180,copd,AKG C417L Microphone,93.0,1,0,0,0.35189405,0.31778246,0,1,adulto
ICB_03801_000,ICB_180,copd,AKG C417L Microphone,93.0,1,1,0,0.2623223,0.2993259,0,3,adulto
ICB_03801_001,ICB_180,copd,AKG C417L Microphone,93.0,1,1,0,0.23617,0.29375297,0,3,adulto
ICB_03801_002,ICB_180,copd,AKG C417L Microphone,93.0,1,1,0,0.2485398,0.45559686,0,3,adulto
ICB_03801_003,ICB_180,copd,AKG C417L Microphone,93.0,1,1,0,0.2870369,0.32953987,0,3,adulto
ICB_03801_004,ICB_180,copd,AKG C417L Microphone,93.0,1,1,0,0.24065493,0.41161644,0,3,adulto
ICB_03801_005,ICB_180,copd,AKG C417L Microphone,93.0,1,0,0,0.3191936,0.32901105,0,1,adulto
ICB_03802_000,ICB_180,copd,AKG C417L Microphone,93.0,1,1,0,0.36328694,0.39147475,0,3,adulto
ICB_03802_001,ICB_180,copd,AKG C417L Microphone,93.0,1,1,0,0.32191837,0.27310476,0,3,adulto
ICB_03802_002,ICB_180,copd,AKG C417L Microphone,93.0,1,1,0,0.30637074,0.53091496,0,3,adulto
ICB_03802_003,ICB_180,copd,AKG C417L Microphone,93.0,1,1,0,0.35765982,0.35347292,0,3,adulto
ICB_03802_004,ICB_180,copd,AKG C417L Microphone,93.0,1,1,0,0.3313558,0.34963676,0,3,adulto
ICB_03802_005,ICB_180,copd,AKG C417L Microphone,93.0,1,0,0,0.33699366,0.33745053,0,1,adulto
ICB_03808_000,ICB_183,normal_lung,AKG C417L Microphone,14.0,1,0,0,0.5019736,0.40271282,0,1,pediátrico (<18)
ICB_03808_001,ICB_183,normal_lung,AKG C417L Microphone,14.0,0,0,0,0.61849,0.5059097,1,0,pediátrico (<18)
ICB_03808_002,ICB_183,normal_lung,AKG C417L Microphone,14.0,1,0,0,0.63713425,0.55169946,1,1,pediátrico (<18)
ICB_03808_003,ICB_183,normal_lung,AKG C417L Microphone,14.0,0,0,0,0.520813,0.4521021,0,0,pediátrico (<18)
ICB_03809_000,ICB_183,normal_lung,AKG C417L Microphone,14.0,0,0,0,0.14952725,0.04967601,0,0,pediátrico (<18)
ICB_03809_001,ICB_183,normal_lung,AKG C417L Microphone,14.0,0,0,0,0.16916117,0.0355421,0,0,pediátrico (<18)
ICB_03809_002,ICB_183,normal_lung,AKG C417L Microphone,14.0,0,0,0,0.11995757,0.03087239,0,0,pediátrico (<18)
ICB_03809_003,ICB_183,normal_lung,AKG C417L Microphone,14.0,0,0,0,0.28269017,0.28648433,0,0,pediátrico (<18)
ICB_03981_000,ICB_207,copd,AKG C417L Microphone,63.0,0,0,0,0.3699541,0.39528432,0,0,adulto
ICB_03981_001,ICB_207,copd,AKG C417L Microphone,63.0,0,0,0,0.40540344,0.33335507,0,0,adulto
ICB_03981_002,ICB_207,copd,AKG C417L Microphone,63.0,0,0,0,0.39888743,0.38123083,0,0,adulto
ICB_03981_003,ICB_207,copd,AKG C417L Microphone,63.0,0,0,0,0.4406238,0.37049374,0,0,adulto
ICB_03981_004,ICB_207,copd,AKG C417L Microphone,63.0,0,0,0,0.4649852,0.3739848,0,0,adulto
ICB_03981_005,ICB_207,copd,AKG C417L Microphone,63.0,0,0,0,0.45684668,0.3959309,0,0,adulto
ICB_03982_000,ICB_207,copd,AKG C417L Microphone,63.0,0,0,0,0.32983938,0.3182123,0,0,adulto
ICB_03982_001,ICB_207,copd,AKG C417L Microphone,63.0,0,0,0,0.3162506,0.21814899,0,0,adulto
ICB_03982_002,ICB_207,copd,AKG C417L Microphone,63.0,0,0,0,0.31762746,0.25469342,0,0,adulto
ICB_03982_003,ICB_207,copd,AKG C417L Microphone,63.0,0,0,0,0.33812532,0.28620595,0,0,adulto
ICB_03982_004,ICB_207,copd,AKG C417L Microphone,63.0,0,0,0,0.365302,0.31960455,0,0,adulto
ICB_03982_005,ICB_207,copd,AKG C417L Microphone,63.0,0,0,0,0.37840125,0.25056744,0,0,adulto
ICB_03983_000,ICB_207,copd,AKG C417L Microphone,63.0,0,0,0,0.27792966,0.35391727,0,0,adulto
ICB_03983_001,ICB_207,copd,AKG C417L Microphone,63.0,1,0,0,0.19535057,0.2571471,0,1,adulto
ICB_03983_002,ICB_207,copd,AKG C417L Microphone,63.0,0,0,0,0.21330836,0.17477793,0,0,adulto
ICB_03983_003,ICB_207,copd,AKG C417L Microphone,63.0,1,0,0,0.19935767,0.23360646,0,1,adulto
ICB_03983_004,ICB_207,copd,AKG C417L Microphone,63.0,0,0,0,0.20300904,0.22801863,0,0,adulto
ICB_03983_005,ICB_207,copd,AKG C417L Microphone,63.0,0,0,0,0.21275175,0.3057741,0,0,adulto
ICB_03984_000,ICB_207,copd,AKG C417L Microphone,63.0,0,0,0,0.39682278,0.45581684,0,0,adulto
ICB_03984_001,ICB_207,copd,AKG C417L Microphone,63.0,0,0,0,0.43959948,0.36047113,0,0,adulto
ICB_03984_002,ICB_207,copd,AKG C417L Microphone,63.0,0,0,0,0.48422202,0.28229696,0,0,adulto
ICB_03984_003,ICB_207,copd,AKG C417L Microphone,63.0,0,0,0,0.49141842,0.38355595,0,0,adulto
ICB_03984_004,ICB_207,copd,AKG C417L Microphone,63.0,0,0,0,0.5056168,0.32071838,0,0,adulto
ICB_03984_005,ICB_207,copd,AKG C417L Microphone,63.0,0,0,0,0.457104,0.39473292,0,0,adulto
ICB_03985_000,ICB_207,copd,AKG C417L Microphone,63.0,0,0,0,0.24908249,0.27691683,0,0,adulto
ICB_03985_001,ICB_207,copd,AKG C417L Microphone,63.0,0,0,0,0.17759033,0.113303736,0,0,adulto
ICB_03985_002,ICB_207,copd,AKG C417L Microphone,63.0,0,0,0,0.19596188,0.10494063,0,0,adulto
ICB_03985_003,ICB_207,copd,AKG C417L Microphone,63.0,0,0,0,0.20791684,0.16417684,0,0,adulto
ICB_03985_004,ICB_207,copd,AKG C417L Microphone,63.0,0,0,0,0.25234574,0.093138725,0,0,adulto
ICB_03985_005,ICB_207,copd,AKG C417L Microphone,63.0,0,0,0,0.20933777,0.13045222,0,0,adulto
ICB_03986_000,ICB_207,copd,AKG C417L Microphone,63.0,0,0,0,0.39613897,0.39755538,0,0,adulto
ICB_03986_001,ICB_207,copd,AKG C417L Microphone,63.0,1,0,0,0.41841987,0.30280182,0,1,adulto
ICB_03986_002,ICB_207,copd,AKG C417L Microphone,63.0,1,0,0,0.43759242,0.31402513,0,1,adulto
ICB_03986_003,ICB_207,copd,AKG C417L Microphone,63.0,0,0,0,0.44336894,0.44315732,0,0,adulto
ICB_03986_004,ICB_207,copd,AKG C417L Microphone,63.0,0,0,0,0.4505794,0.2834355,0,0,adulto
ICB_03986_005,ICB_207,copd,AKG C417L Microphone,63.0,0,0,0,0.3184055,0.5662838,0,0,adulto
ICB_03987_000,ICB_207,copd,AKG C417L Microphone,63.0,0,0,0,0.32829222,0.21837337,0,0,adulto
ICB_03987_001,ICB_207,copd,AKG C417L Microphone,63.0,0,0,0,0.3405171,0.2080533,0,0,adulto
ICB_03987_002,ICB_207,copd,AKG C417L Microphone,63.0,1,0,0,0.37209797,0.18105847,0,1,adulto
ICB_03987_003,ICB_207,copd,AKG C417L Microphone,63.0,0,0,0,0.34344068,0.2540118,0,0,adulto
ICB_03987_004,ICB_207,copd,AKG C417L Microphone,63.0,0,0,0,0.34631574,0.2047426,0,0,adulto
ICB_03987_005,ICB_207,copd,AKG C417L Microphone,63.0,0,0,0,0.28979692,0.4538636,0,0,adulto
ICB_03988_000,ICB_207,copd,AKG C417L Microphone,63.0,0,0,0,0.2353529,0.21419911,0,0,adulto
ICB_03988_001,ICB_207,copd,AKG C417L Microphone,63.0,0,0,0,0.2500759,0.185676,0,0,adulto
ICB_03988_002,ICB_207,copd,AKG C417L Microphone,63.0,0,0,0,0.22836696,0.22446834,0,0,adulto
ICB_03988_003,ICB_207,copd,AKG C417L Microphone,63.0,1,0,0,0.23758033,0.1542846,0,1,adulto
ICB_03988_004,ICB_207,copd,AKG C417L Microphone,63.0,0,0,0,0.27536204,0.22931021,0,0,adulto
ICB_03988_005,ICB_207,copd,AKG C417L Microphone,63.0,1,0,0,0.2682407,0.5377959,0,1,adulto
ICB_03989_000,ICB_207,copd,AKG C417L Microphone,63.0,0,0,0,0.45202866,0.28071037,0,0,adulto
ICB_03989_001,ICB_207,copd,AKG C417L Microphone,63.0,0,0,0,0.43294433,0.24907024,0,0,adulto
ICB_03989_002,ICB_207,copd,AKG C417L Microphone,63.0,0,0,0,0.44794863,0.25607777,0,0,adulto
ICB_03989_003,ICB_207,copd,AKG C417L Microphone,63.0,0,0,0,0.4190508,0.2976032,0,0,adulto
ICB_03989_004,ICB_207,copd,AKG C417L Microphone,63.0,0,0,0,0.45332056,0.23042357,0,0,adulto
ICB_03989_005,ICB_207,copd,AKG C417L Microphone,63.0,0,0,0,0.30813512,0.56093585,0,0,adulto
ICB_03990_000,ICB_207,copd,AKG C417L Microphone,63.0,0,0,0,0.15781836,0.2162388,0,0,adulto
ICB_03990_001,ICB_207,copd,AKG C417L Microphone,63.0,0,0,0,0.17182733,0.28316882,0,0,adulto
ICB_03990_002,ICB_207,copd,AKG C417L Microphone,63.0,0,0,0,0.20774704,0.25495133,0,0,adulto
ICB_03990_003,ICB_207,copd,AKG C417L Microphone,63.0,0,0,0,0.20133291,0.211739,0,0,adulto
ICB_03990_004,ICB_207,copd,AKG C417L Microphone,63.0,0,0,0,0.20304374,0.29360253,0,0,adulto
ICB_03990_005,ICB_207,copd,AKG C417L Microphone,63.0,0,0,0,0.29145935,0.32468477,0,0,adulto
ICB_03991_000,ICB_207,copd,AKG C417L Microphone,63.0,1,0,0,0.44988587,0.35543334,0,1,adulto
ICB_03991_001,ICB_207,copd,AKG C417L Microphone,63.0,1,0,0,0.5516159,0.42131698,1,1,adulto
ICB_03991_002,ICB_207,copd,AKG C417L Microphone,63.0,0,0,0,0.5259654,0.42107803,0,0,adulto
ICB_03991_003,ICB_207,copd,AKG C417L Microphone,63.0,1,0,0,0.5129951,0.3829669,0,1,adulto
ICB_03991_004,ICB_207,copd,AKG C417L Microphone,63.0,1,0,0,0.5444922,0.39380148,0,1,adulto
ICB_03992_000,ICB_207,copd,AKG C417L Microphone,63.0,1,0,0,0.3523459,0.38264072,0,1,adulto
ICB_03992_001,ICB_207,copd,AKG C417L Microphone,63.0,1,0,0,0.44426405,0.34698212,0,1,adulto
ICB_03992_002,ICB_207,copd,AKG C417L Microphone,63.0,1,0,0,0.4218901,0.34108534,0,1,adulto
ICB_03992_003,ICB_207,copd,AKG C417L Microphone,63.0,1,0,0,0.40636906,0.30521312,0,1,adulto
ICB_03992_004,ICB_207,copd,AKG C417L Microphone,63.0,1,0,0,0.43082672,0.30049098,0,1,adulto
ICB_03993_000,ICB_207,copd,AKG C417L Microphone,63.0,0,0,0,0.27473477,0.26825607,0,0,adulto
ICB_03993_001,ICB_207,copd,AKG C417L Microphone,63.0,1,0,0,0.2837649,0.25794026,0,1,adulto
ICB_03993_002,ICB_207,copd,AKG C417L Microphone,63.0,1,0,0,0.281325,0.33598277,0,1,adulto
ICB_03993_003,ICB_207,copd,AKG C417L Microphone,63.0,1,0,0,0.2927502,0.29097867,0,1,adulto
ICB_03993_004,ICB_207,copd,AKG C417L Microphone,63.0,0,0,0,0.3154371,0.31611106,0,0,adulto
ICB_03994_000,ICB_207,copd,AKG C417L Microphone,63.0,1,0,0,0.47752157,0.22980805,0,1,adulto
ICB_03994_001,ICB_207,copd,AKG C417L Microphone,63.0,1,0,0,0.5547241,0.17097229,1,1,adulto
ICB_03994_002,ICB_207,copd,AKG C417L Microphone,63.0,1,0,0,0.56618315,0.2588644,1,1,adulto
ICB_03994_003,ICB_207,copd,AKG C417L Microphone,63.0,0,0,0,0.47266483,0.33053955,0,0,adulto
ICB_03994_004,ICB_207,copd,AKG C417L Microphone,63.0,0,0,0,0.5117735,0.2679485,0,0,adulto
ICB_03995_000,ICB_207,copd,AKG C417L Microphone,63.0,0,0,0,0.27619058,0.17192425,0,0,adulto
ICB_03995_001,ICB_207,copd,AKG C417L Microphone,63.0,0,0,0,0.34320915,0.21118991,0,0,adulto
ICB_03995_002,ICB_207,copd,AKG C417L Microphone,63.0,0,1,0,0.31641638,0.25124818,0,2,adulto
ICB_03995_003,ICB_207,copd,AKG C417L Microphone,63.0,0,0,0,0.24332754,0.23016827,0,0,adulto
ICB_03995_004,ICB_207,copd,AKG C417L Microphone,63.0,0,0,0,0.29990304,0.18247925,0,0,adulto
ICB_03996_000,ICB_207,copd,AKG C417L Microphone,63.0,0,0,0,0.36843598,0.308429,0,0,adulto
ICB_03996_001,ICB_207,copd,AKG C417L Microphone,63.0,0,0,0,0.40466857,0.3614184,0,0,adulto
ICB_03996_002,ICB_207,copd,AKG C417L Microphone,63.0,0,0,0,0.36825323,0.31558332,0,0,adulto
ICB_03996_003,ICB_207,copd,AKG C417L Microphone,63.0,0,0,0,0.3817564,0.30318648,0,0,adulto
ICB_03996_004,ICB_207,copd,AKG C417L Microphone,63.0,0,0,0,0.38334715,0.30320188,0,0,adulto
ICB_03996_005,ICB_207,copd,AKG C417L Microphone,63.0,0,0,0,0.3662633,0.30330536,0,0,adulto
ICB_03996_006,ICB_207,copd,AKG C417L Microphone,63.0,0,0,0,0.38912866,0.3095859,0,0,adulto
ICB_03996_007,ICB_207,copd,AKG C417L Microphone,63.0,0,0,0,0.3558511,0.3270579,0,0,adulto
ICB_03996_008,ICB_207,copd,AKG C417L Microphone,63.0,0,0,0,0.3352092,0.33461928,0,0,adulto
ICB_03997_000,ICB_207,copd,AKG C417L Microphone,63.0,0,0,0,0.4546998,0.3722244,0,0,adulto
ICB_03997_001,ICB_207,copd,AKG C417L Microphone,63.0,0,0,0,0.46898285,0.37018833,0,0,adulto
ICB_03997_002,ICB_207,copd,AKG C417L Microphone,63.0,0,0,0,0.38879412,0.33905175,0,0,adulto
ICB_03997_003,ICB_207,copd,AKG C417L Microphone,63.0,0,0,0,0.4427734,0.39029884,0,0,adulto
ICB_03997_004,ICB_207,copd,AKG C417L Microphone,63.0,0,0,0,0.4438223,0.3956304,0,0,adulto
ICB_03997_005,ICB_207,copd,AKG C417L Microphone,63.0,0,0,0,0.4288169,0.35553533,0,0,adulto
ICB_03997_006,ICB_207,copd,AKG C417L Microphone,63.0,0,0,0,0.44175074,0.35526896,0,0,adulto
ICB_03997_007,ICB_207,copd,AKG C417L Microphone,63.0,0,0,0,0.42689258,0.38159025,0,0,adulto
ICB_03997_008,ICB_207,copd,AKG C417L Microphone,63.0,0,0,0,0.35627362,0.39328703,0,0,adulto
ICB_03998_000,ICB_207,copd,AKG C417L Microphone,63.0,0,0,0,0.4885964,0.35913926,0,0,adulto
ICB_03998_001,ICB_207,copd,AKG C417L Microphone,63.0,0,0,0,0.5050734,0.30291393,0,0,adulto
ICB_03998_002,ICB_207,copd,AKG C417L Microphone,63.0,0,0,0,0.47077858,0.32715535,0,0,adulto
ICB_03998_003,ICB_207,copd,AKG C417L Microphone,63.0,0,0,0,0.49715266,0.33129075,0,0,adulto
ICB_03998_004,ICB_207,copd,AKG C417L Microphone,63.0,0,0,0,0.49022576,0.29187256,0,0,adulto
ICB_03998_005,ICB_207,copd,AKG C417L Microphone,63.0,0,0,0,0.4863935,0.32530272,0,0,adulto
ICB_03998_006,ICB_207,copd,AKG C417L Microphone,63.0,0,0,0,0.5275531,0.33370176,0,0,adulto
ICB_03998_007,ICB_207,copd,AKG C417L Microphone,63.0,0,0,0,0.49025774,0.2961653,0,0,adulto
ICB_03998_008,ICB_207,copd,AKG C417L Microphone,63.0,0,0,0,0.38626727,0.44037,0,0,adulto
ICB_03999_000,ICB_207,copd,AKG C417L Microphone,63.0,0,0,0,0.40138564,0.33643287,0,0,adulto
ICB_03999_001,ICB_207,copd,AKG C417L Microphone,63.0,0,0,0,0.4064681,0.36043176,0,0,adulto
ICB_03999_002,ICB_207,copd,AKG C417L Microphone,63.0,0,0,0,0.3833669,0.37753183,0,0,adulto
ICB_03999_003,ICB_207,copd,AKG C417L Microphone,63.0,0,0,0,0.41794264,0.39026988,0,0,adulto
ICB_03999_004,ICB_207,copd,AKG C417L Microphone,63.0,0,0,0,0.42287064,0.4104795,0,0,adulto
ICB_03999_005,ICB_207,copd,AKG C417L Microphone,63.0,0,0,0,0.4031759,0.35201386,0,0,adulto
ICB_03999_006,ICB_207,copd,AKG C417L Microphone,63.0,0,0,0,0.4288505,0.33447108,0,0,adulto
ICB_03999_007,ICB_207,copd,AKG C417L Microphone,63.0,0,0,0,0.41465187,0.45706216,0,0,adulto
ICB_03999_008,ICB_207,copd,AKG C417L Microphone,63.0,0,0,0,0.35572502,0.43722925,0,0,adulto
ICB_04000_000,ICB_207,copd,AKG C417L Microphone,63.0,0,0,0,0.5049931,0.21942694,0,0,adulto
ICB_04000_001,ICB_207,copd,AKG C417L Microphone,63.0,0,0,0,0.5213826,0.2267703,0,0,adulto
ICB_04000_002,ICB_207,copd,AKG C417L Microphone,63.0,0,0,0,0.48568165,0.27353525,0,0,adulto
ICB_04000_003,ICB_207,copd,AKG C417L Microphone,63.0,0,0,0,0.4881837,0.21585831,0,0,adulto
ICB_04000_004,ICB_207,copd,AKG C417L Microphone,63.0,0,0,0,0.46310633,0.31033006,0,0,adulto
ICB_04000_005,ICB_207,copd,AKG C417L Microphone,63.0,0,0,0,0.4662538,0.27512112,0,0,adulto
ICB_04000_006,ICB_207,copd,AKG C417L Microphone,63.0,0,0,0,0.50727665,0.25955576,0,0,adulto
ICB_04000_007,ICB_207,copd,AKG C417L Microphone,63.0,0,0,0,0.4926123,0.2555434,0,0,adulto
ICB_04000_008,ICB_207,copd,AKG C417L Microphone,63.0,0,0,0,0.39605013,0.35173172,0,0,adulto
ICB_04001_000,ICB_207,copd,AKG C417L Microphone,63.0,0,0,0,0.25634277,0.18164271,0,0,adulto
ICB_04001_001,ICB_207,copd,AKG C417L Microphone,63.0,0,0,0,0.25194183,0.23795642,0,0,adulto
ICB_04001_002,ICB_207,copd,AKG C417L Microphone,63.0,0,0,0,0.24597625,0.17791145,0,0,adulto
ICB_04001_003,ICB_207,copd,AKG C417L Microphone,63.0,0,0,0,0.26748556,0.24520649,0,0,adulto
ICB_04001_004,ICB_207,copd,AKG C417L Microphone,63.0,0,0,0,0.265632,0.28584597,0,0,adulto
ICB_04001_005,ICB_207,copd,AKG C417L Microphone,63.0,0,0,0,0.2530171,0.20656708,0,0,adulto
ICB_04001_006,ICB_207,copd,AKG C417L Microphone,63.0,0,0,0,0.26547042,0.21969123,0,0,adulto
ICB_04001_007,ICB_207,copd,AKG C417L Microphone,63.0,0,0,0,0.24173677,0.28060272,0,0,adulto
ICB_04001_008,ICB_207,copd,AKG C417L Microphone,63.0,0,0,0,0.2730154,0.3033649,0,0,adulto
ICB_04035_000,ICB_214,normal_lung,AKG C417L Microphone,5.0,0,0,0,0.35012287,0.33939815,0,0,pediátrico (<18)
ICB_04035_001,ICB_214,normal_lung,AKG C417L Microphone,5.0,0,0,0,0.42793474,0.2743068,0,0,pediátrico (<18)
ICB_04035_002,ICB_214,normal_lung,AKG C417L Microphone,5.0,0,0,0,0.4776744,0.2174038,0,0,pediátrico (<18)
ICB_04035_003,ICB_214,normal_lung,AKG C417L Microphone,5.0,0,0,0,0.4472722,0.24769786,0,0,pediátrico (<18)
ICB_04035_004,ICB_214,normal_lung,AKG C417L Microphone,5.0,0,0,0,0.38814327,0.2558205,0,0,pediátrico (<18)
ICB_04035_005,ICB_214,normal_lung,AKG C417L Microphone,5.0,0,0,0,0.51568466,0.39353997,0,0,pediátrico (<18)
ICB_04035_006,ICB_214,normal_lung,AKG C417L Microphone,5.0,0,0,0,0.38283694,0.3948584,0,0,pediátrico (<18)
ICB_04038_000,ICB_216,bronchiolitis_asthma,AKG C417L Microphone,1.0,1,0,0,0.38113004,0.37396145,0,1,pediátrico (<18)
ICB_04038_001,ICB_216,bronchiolitis_asthma,AKG C417L Microphone,1.0,0,0,0,0.38897797,0.42484367,0,0,pediátrico (<18)
ICB_04038_002,ICB_216,bronchiolitis_asthma,AKG C417L Microphone,1.0,1,0,0,0.4067286,0.42807415,0,1,pediátrico (<18)
ICB_04038_003,ICB_216,bronchiolitis_asthma,AKG C417L Microphone,1.0,1,0,0,0.48027351,0.4262941,0,1,pediátrico (<18)
ICB_04038_004,ICB_216,bronchiolitis_asthma,AKG C417L Microphone,1.0,1,0,0,0.4729547,0.43077725,0,1,pediátrico (<18)
ICB_04038_005,ICB_216,bronchiolitis_asthma,AKG C417L Microphone,1.0,0,0,0,0.50115585,0.6124644,0,0,pediátrico (<18)
ICB_04038_006,ICB_216,bronchiolitis_asthma,AKG C417L Microphone,1.0,0,0,0,0.46656883,0.5453635,0,0,pediátrico (<18)
ICB_04038_007,ICB_216,bronchiolitis_asthma,AKG C417L Microphone,1.0,0,0,0,0.37740684,0.37808654,0,0,pediátrico (<18)
ICB_04038_008,ICB_216,bronchiolitis_asthma,AKG C417L Microphone,1.0,0,0,0,0.37885368,0.45171005,0,0,pediátrico (<18)
ICB_04038_009,ICB_216,bronchiolitis_asthma,AKG C417L Microphone,1.0,0,0,0,0.4448779,0.45217687,0,0,pediátrico (<18)
ICB_04038_010,ICB_216,bronchiolitis_asthma,AKG C417L Microphone,1.0,0,0,0,0.44446895,0.5575353,0,0,pediátrico (<18)
ICB_04038_011,ICB_216,bronchiolitis_asthma,AKG C417L Microphone,1.0,0,0,0,0.38109913,0.47349292,0,0,pediátrico (<18)
ICB_04039_000,ICB_216,bronchiolitis_asthma,AKG C417L Microphone,1.0,0,1,0,0.37382296,0.61299443,0,2,pediátrico (<18)
ICB_04039_001,ICB_216,bronchiolitis_asthma,AKG C417L Microphone,1.0,0,1,0,0.3402011,0.46658674,0,2,pediátrico (<18)
ICB_04039_002,ICB_216,bronchiolitis_asthma,AKG C417L Microphone,1.0,0,1,0,0.3654635,0.5052454,0,2,pediátrico (<18)
ICB_04039_003,ICB_216,bronchiolitis_asthma,AKG C417L Microphone,1.0,0,1,0,0.33901435,0.4435262,0,2,pediátrico (<18)
ICB_04039_004,ICB_216,bronchiolitis_asthma,AKG C417L Microphone,1.0,0,1,0,0.34015957,0.53861296,0,2,pediátrico (<18)
ICB_04039_005,ICB_216,bronchiolitis_asthma,AKG C417L Microphone,1.0,0,1,0,0.5280666,0.924581,0,2,pediátrico (<18)
ICB_04039_006,ICB_216,bronchiolitis_asthma,AKG C417L Microphone,1.0,0,1,0,0.41939077,0.6902693,0,2,pediátrico (<18)
ICB_04039_007,ICB_216,bronchiolitis_asthma,AKG C417L Microphone,1.0,0,1,0,0.47437894,0.7509857,0,2,pediátrico (<18)
ICB_04039_008,ICB_216,bronchiolitis_asthma,AKG C417L Microphone,1.0,0,0,0,0.4187,0.6776659,0,0,pediátrico (<18)
ICB_04039_009,ICB_216,bronchiolitis_asthma,AKG C417L Microphone,1.0,0,0,0,0.4400779,0.5331058,0,0,pediátrico (<18)
ICB_04049_000,ICB_219,pneumonia,3M Littmann Classic II SE,81.0,0,0,0,0.7129086,0.9690745,3,0,adulto
ICB_04049_001,ICB_219,pneumonia,3M Littmann Classic II SE,81.0,0,0,0,0.7532807,0.9874965,3,0,adulto
ICB_04049_002,ICB_219,pneumonia,3M Littmann Classic II SE,81.0,0,0,0,0.8078719,0.9817162,3,0,adulto
ICB_04049_003,ICB_219,pneumonia,3M Littmann Classic II SE,81.0,0,0,0,0.8062478,0.9765164,3,0,adulto
ICB_04049_004,ICB_219,pneumonia,3M Littmann Classic II SE,81.0,0,0,0,0.46409252,0.6037544,0,0,adulto
ICB_04050_000,ICB_219,pneumonia,3M Littmann Classic II SE,81.0,0,0,0,0.4933577,0.6190152,0,0,adulto
ICB_04050_001,ICB_219,pneumonia,3M Littmann Classic II SE,81.0,0,0,0,0.5196312,0.5115049,0,0,adulto
ICB_04050_002,ICB_219,pneumonia,3M Littmann Classic II SE,81.0,0,0,0,0.5142782,0.63721377,0,0,adulto
ICB_04050_003,ICB_219,pneumonia,3M Littmann Classic II SE,81.0,0,0,0,0.4350102,0.46844637,0,0,adulto
ICB_04050_004,ICB_219,pneumonia,3M Littmann Classic II SE,81.0,0,0,0,0.39067882,0.33016,0,0,adulto
ICB_04051_000,ICB_219,pneumonia,3M Littmann Classic II SE,81.0,0,0,0,0.7478547,0.9810962,3,0,adulto
ICB_04051_001,ICB_219,pneumonia,3M Littmann Classic II SE,81.0,0,0,0,0.7836976,0.98756045,3,0,adulto
ICB_04051_002,ICB_219,pneumonia,3M Littmann Classic II SE,81.0,1,0,0,0.78819966,0.99105525,3,1,adulto
ICB_04051_003,ICB_219,pneumonia,3M Littmann Classic II SE,81.0,0,0,0,0.7468554,0.9815462,3,0,adulto
ICB_04051_004,ICB_219,pneumonia,3M Littmann Classic II SE,81.0,0,0,0,0.55370957,0.8153107,1,0,adulto
ICB_04052_000,ICB_219,pneumonia,3M Littmann Classic II SE,81.0,0,0,0,0.3699142,0.39503527,0,0,adulto
ICB_04052_001,ICB_219,pneumonia,3M Littmann Classic II SE,81.0,0,0,0,0.52924234,0.5682245,0,0,adulto
ICB_04052_002,ICB_219,pneumonia,3M Littmann Classic II SE,81.0,0,0,0,0.4873233,0.5931568,0,0,adulto
ICB_04052_003,ICB_219,pneumonia,3M Littmann Classic II SE,81.0,0,0,0,0.44134644,0.5249303,0,0,adulto
ICB_04052_004,ICB_219,pneumonia,3M Littmann Classic II SE,81.0,0,0,0,0.4856828,0.46465665,0,0,adulto
ICB_04052_005,ICB_219,pneumonia,3M Littmann Classic II SE,81.0,0,0,0,0.31879258,0.37678376,0,0,adulto
ICB_04053_000,ICB_219,pneumonia,3M Littmann Classic II SE,81.0,0,0,0,0.4717077,0.3733642,0,0,adulto
ICB_04053_001,ICB_219,pneumonia,3M Littmann Classic II SE,81.0,0,0,0,0.5367135,0.53891736,0,0,adulto
ICB_04053_002,ICB_219,pneumonia,3M Littmann Classic II SE,81.0,0,0,0,0.56564313,0.76568896,1,0,adulto
ICB_04053_003,ICB_219,pneumonia,3M Littmann Classic II SE,81.0,0,0,0,0.47933143,0.57686853,0,0,adulto
ICB_04053_004,ICB_219,pneumonia,3M Littmann Classic II SE,81.0,0,0,0,0.49921304,0.565117,0,0,adulto
ICB_04071_000,ICB_223,copd,WelchAllyn Meditron Master Elite,,0,0,0,0.4991541,0.37772757,0,0,desconocida
ICB_04071_001,ICB_223,copd,WelchAllyn Meditron Master Elite,,0,0,0,0.48235378,0.44630674,0,0,desconocida
ICB_04071_002,ICB_223,copd,WelchAllyn Meditron Master Elite,,0,0,0,0.49623486,0.4215273,0,0,desconocida
ICB_04071_003,ICB_223,copd,WelchAllyn Meditron Master Elite,,0,0,0,0.52741206,0.3742989,0,0,desconocida
ICB_04071_004,ICB_223,copd,WelchAllyn Meditron Master Elite,,0,0,0,0.480219,0.36206657,0,0,desconocida
ICB_04071_005,ICB_223,copd,WelchAllyn Meditron Master Elite,,0,0,0,0.55330557,0.33702826,1,0,desconocida
ICB_04071_006,ICB_223,copd,WelchAllyn Meditron Master Elite,,0,0,0,0.46999112,0.3928303,0,0,desconocida
ICB_04071_007,ICB_223,copd,WelchAllyn Meditron Master Elite,,0,0,0,0.51711845,0.3883336,0,0,desconocida
ICB_04071_008,ICB_223,copd,WelchAllyn Meditron Master Elite,,0,0,0,0.47748774,0.34204158,0,0,desconocida
ICB_04071_009,ICB_223,copd,WelchAllyn Meditron Master Elite,,0,0,0,0.47357905,0.37556493,0,0,desconocida
ICB_04072_000,ICB_223,copd,WelchAllyn Meditron Master Elite,,0,1,0,0.3802093,0.45739177,0,2,desconocida
ICB_04072_001,ICB_223,copd,WelchAllyn Meditron Master Elite,,0,1,0,0.39310548,0.42139223,0,2,desconocida
ICB_04072_002,ICB_223,copd,WelchAllyn Meditron Master Elite,,0,1,0,0.36293423,0.5253981,0,2,desconocida
ICB_04072_003,ICB_223,copd,WelchAllyn Meditron Master Elite,,0,1,0,0.4056289,0.39973664,0,2,desconocida
ICB_04072_004,ICB_223,copd,WelchAllyn Meditron Master Elite,,0,1,0,0.38883752,0.2537343,0,2,desconocida
ICB_04072_005,ICB_223,copd,WelchAllyn Meditron Master Elite,,0,1,0,0.3578214,0.40783444,0,2,desconocida
ICB_04072_006,ICB_223,copd,WelchAllyn Meditron Master Elite,,0,1,0,0.3882018,0.49248862,0,2,desconocida
ICB_04072_007,ICB_223,copd,WelchAllyn Meditron Master Elite,,0,1,0,0.3874351,0.3772699,0,2,desconocida
ICB_04072_008,ICB_223,copd,WelchAllyn Meditron Master Elite,,0,1,0,0.3655229,0.4823381,0,2,desconocida
ICB_04072_009,ICB_223,copd,WelchAllyn Meditron Master Elite,,0,1,0,0.4091208,0.5623387,0,2,desconocida
ICB_04073_000,ICB_223,copd,WelchAllyn Meditron Master Elite,,1,0,0,0.4091121,0.5744106,0,1,desconocida
ICB_04073_001,ICB_223,copd,WelchAllyn Meditron Master Elite,,0,0,0,0.3084818,0.39560646,0,0,desconocida
ICB_04073_002,ICB_223,copd,WelchAllyn Meditron Master Elite,,1,0,0,0.48839796,0.73183095,0,1,desconocida
ICB_04073_003,ICB_223,copd,WelchAllyn Meditron Master Elite,,1,0,0,0.5111038,0.8091289,0,1,desconocida
ICB_04073_004,ICB_223,copd,WelchAllyn Meditron Master Elite,,1,0,0,0.49294576,0.74480885,0,1,desconocida
ICB_04073_005,ICB_223,copd,WelchAllyn Meditron Master Elite,,1,0,0,0.50012445,0.8276952,0,1,desconocida
ICB_04073_006,ICB_223,copd,WelchAllyn Meditron Master Elite,,1,0,0,0.4457485,0.72644955,0,1,desconocida
ICB_04073_007,ICB_223,copd,WelchAllyn Meditron Master Elite,,1,0,0,0.48941973,0.7994992,0,1,desconocida
ICB_04073_008,ICB_223,copd,WelchAllyn Meditron Master Elite,,1,0,0,0.53014183,0.8920127,0,1,desconocida
ICB_04073_009,ICB_223,copd,WelchAllyn Meditron Master Elite,,1,0,0,0.44811016,0.69938767,0,1,desconocida
ICB_04074_000,ICB_223,copd,WelchAllyn Meditron Master Elite,,1,0,0,0.3631473,0.34105828,0,1,desconocida
ICB_04074_001,ICB_223,copd,WelchAllyn Meditron Master Elite,,1,0,0,0.46016544,0.63460237,0,1,desconocida
ICB_04074_002,ICB_223,copd,WelchAllyn Meditron Master Elite,,1,0,0,0.45592105,0.7364778,0,1,desconocida
ICB_04074_003,ICB_223,copd,WelchAllyn Meditron Master Elite,,1,0,0,0.45224202,0.6904831,0,1,desconocida
ICB_04074_004,ICB_223,copd,WelchAllyn Meditron Master Elite,,1,0,0,0.3476467,0.6194997,0,1,desconocida
ICB_04074_005,ICB_223,copd,WelchAllyn Meditron Master Elite,,1,0,0,0.46344233,0.69751155,0,1,desconocida
ICB_04074_006,ICB_223,copd,WelchAllyn Meditron Master Elite,,1,0,0,0.48749754,0.75527513,0,1,desconocida
ICB_04074_007,ICB_223,copd,WelchAllyn Meditron Master Elite,,1,0,0,0.4887999,0.7863523,0,1,desconocida
ICB_04074_008,ICB_223,copd,WelchAllyn Meditron Master Elite,,1,0,0,0.380303,0.44090402,0,1,desconocida
ICB_04074_009,ICB_223,copd,WelchAllyn Meditron Master Elite,,1,0,0,0.45658815,0.25900275,0,1,desconocida
ICB_04075_000,ICB_223,copd,WelchAllyn Meditron Master Elite,,0,0,0,0.4509848,0.73513323,0,0,desconocida
ICB_04075_001,ICB_223,copd,WelchAllyn Meditron Master Elite,,0,0,0,0.53915924,0.35636255,0,0,desconocida
ICB_04075_002,ICB_223,copd,WelchAllyn Meditron Master Elite,,0,0,0,0.49027973,0.5127617,0,0,desconocida
ICB_04075_003,ICB_223,copd,WelchAllyn Meditron Master Elite,,0,0,0,0.4778287,0.54401875,0,0,desconocida
ICB_04075_004,ICB_223,copd,WelchAllyn Meditron Master Elite,,0,0,0,0.36322272,0.2876706,0,0,desconocida
ICB_04075_005,ICB_223,copd,WelchAllyn Meditron Master Elite,,0,0,0,0.41191658,0.33094564,0,0,desconocida
ICB_04075_006,ICB_223,copd,WelchAllyn Meditron Master Elite,,0,0,0,0.48192987,0.5560216,0,0,desconocida
ICB_04075_007,ICB_223,copd,WelchAllyn Meditron Master Elite,,0,0,0,0.50072724,0.40509135,0,0,desconocida
ICB_04075_008,ICB_223,copd,WelchAllyn Meditron Master Elite,,0,0,0,0.5387089,0.48302075,0,0,desconocida
ICB_04075_009,ICB_223,copd,WelchAllyn Meditron Master Elite,,0,0,0,0.5507084,0.6266301,1,0,desconocida
ICB_04075_010,ICB_223,copd,WelchAllyn Meditron Master Elite,,0,0,0,0.58495563,0.54775435,1,0,desconocida
ICB_04076_000,ICB_223,copd,WelchAllyn Meditron Master Elite,,0,0,0,0.5217059,0.72618634,0,0,desconocida
ICB_04076_001,ICB_223,copd,WelchAllyn Meditron Master Elite,,0,0,0,0.4988327,0.8181024,0,0,desconocida
ICB_04076_002,ICB_223,copd,WelchAllyn Meditron Master Elite,,0,0,0,0.46416032,0.72537357,0,0,desconocida
ICB_04076_003,ICB_223,copd,WelchAllyn Meditron Master Elite,,0,0,0,0.47076476,0.7754016,0,0,desconocida
ICB_04076_004,ICB_223,copd,WelchAllyn Meditron Master Elite,,0,0,0,0.5750546,0.8291817,1,0,desconocida
ICB_04076_005,ICB_223,copd,WelchAllyn Meditron Master Elite,,0,0,0,0.5645379,0.8439991,1,0,desconocida
ICB_04076_006,ICB_223,copd,WelchAllyn Meditron Master Elite,,0,0,0,0.5915882,0.86058605,1,0,desconocida
ICB_04076_007,ICB_223,copd,WelchAllyn Meditron Master Elite,,0,1,0,0.51266325,0.8073676,0,2,desconocida
ICB_04076_008,ICB_223,copd,WelchAllyn Meditron Master Elite,,0,1,0,0.5029544,0.84807086,0,2,desconocida
ICB_04076_009,ICB_223,copd,WelchAllyn Meditron Master Elite,,0,1,0,0.42758313,0.90654343,0,2,desconocida
ICB_03165_000,ICB_102,normal_lung,AKG C417L Microphone,0.75,0,0,1,0.37888944,0.36594486,0,0,pediátrico (<18)
ICB_03165_001,ICB_102,normal_lung,AKG C417L Microphone,0.75,0,0,1,0.3808174,0.3705747,0,0,pediátrico (<18)
ICB_03165_002,ICB_102,normal_lung,AKG C417L Microphone,0.75,0,0,1,0.43162066,0.41651294,0,0,pediátrico (<18)
ICB_03165_003,ICB_102,normal_lung,AKG C417L Microphone,0.75,0,0,1,0.34210825,0.36157057,0,0,pediátrico (<18)
ICB_03165_004,ICB_102,normal_lung,AKG C417L Microphone,0.75,0,0,1,0.34897152,0.36043966,0,0,pediátrico (<18)
ICB_03165_005,ICB_102,normal_lung,AKG C417L Microphone,0.75,0,0,1,0.37158132,0.3767615,0,0,pediátrico (<18)
ICB_03165_006,ICB_102,normal_lung,AKG C417L Microphone,0.75,0,0,1,0.3627215,0.36418128,0,0,pediátrico (<18)
ICB_03165_007,ICB_102,normal_lung,AKG C417L Microphone,0.75,0,0,1,0.43003744,0.40487388,0,0,pediátrico (<18)
ICB_03165_008,ICB_102,normal_lung,AKG C417L Microphone,0.75,0,0,1,0.38157427,0.38213623,0,0,pediátrico (<18)
ICB_03165_009,ICB_102,normal_lung,AKG C417L Microphone,0.75,0,0,1,0.39316043,0.38213316,0,0,pediátrico (<18)
ICB_03165_010,ICB_102,normal_lung,AKG C417L Microphone,0.75,0,0,1,0.36482906,0.36968893,0,0,pediátrico (<18)
ICB_03165_011,ICB_102,normal_lung,AKG C417L Microphone,0.75,0,0,1,0.3862029,0.38352868,0,0,pediátrico (<18)
ICB_03165_012,ICB_102,normal_lung,AKG C417L Microphone,0.75,0,0,1,0.24600069,0.29223132,0,0,pediátrico (<18)
ICB_03166_000,ICB_103,bronchiolitis_asthma,3M Littmann Classic II SE,70.0,0,1,1,0.5534704,0.43861112,0,2,adulto
ICB_03166_001,ICB_103,bronchiolitis_asthma,3M Littmann Classic II SE,70.0,0,0,1,0.63056177,0.48617944,0,0,adulto
ICB_03166_002,ICB_103,bronchiolitis_asthma,3M Littmann Classic II SE,70.0,0,1,1,0.7042685,0.50487876,1,2,adulto
ICB_03166_003,ICB_103,bronchiolitis_asthma,3M Littmann Classic II SE,70.0,0,1,1,0.5908688,0.445054,0,2,adulto
ICB_03166_004,ICB_103,bronchiolitis_asthma,3M Littmann Classic II SE,70.0,0,1,1,0.5483411,0.45268413,0,2,adulto
ICB_03166_005,ICB_103,bronchiolitis_asthma,3M Littmann Classic II SE,70.0,0,0,1,0.5701437,0.44680983,0,0,adulto
ICB_03167_000,ICB_104,copd,3M Littmann 3200 Electronic,70.0,0,0,1,0.32998517,0.43445948,0,0,adulto
ICB_03167_001,ICB_104,copd,3M Littmann 3200 Electronic,70.0,0,0,1,0.32826537,0.43062422,0,0,adulto
ICB_03167_002,ICB_104,copd,3M Littmann 3200 Electronic,70.0,0,0,1,0.37250996,0.48617548,0,0,adulto
ICB_03167_003,ICB_104,copd,3M Littmann 3200 Electronic,70.0,0,0,1,0.34413,0.4422064,0,0,adulto
ICB_03167_004,ICB_104,copd,3M Littmann 3200 Electronic,70.0,0,0,1,0.44292355,0.6135688,0,0,adulto
ICB_03167_005,ICB_104,copd,3M Littmann 3200 Electronic,70.0,0,0,1,0.4719017,0.5939985,0,0,adulto
ICB_03168_000,ICB_104,copd,3M Littmann 3200 Electronic,70.0,0,1,1,0.24600907,0.31272742,0,2,adulto
ICB_03168_001,ICB_104,copd,3M Littmann 3200 Electronic,70.0,0,1,1,0.36016998,0.47294587,0,2,adulto
ICB_03168_002,ICB_104,copd,3M Littmann 3200 Electronic,70.0,0,1,1,0.3120408,0.42219833,0,2,adulto
ICB_03168_003,ICB_104,copd,3M Littmann 3200 Electronic,70.0,0,1,1,0.32496044,0.42092472,0,2,adulto
ICB_03168_004,ICB_104,copd,3M Littmann 3200 Electronic,70.0,0,1,1,0.31813657,0.41754007,0,2,adulto
ICB_03168_005,ICB_104,copd,3M Littmann 3200 Electronic,70.0,0,1,1,0.3059877,0.38467172,0,2,adulto
ICB_03168_006,ICB_104,copd,3M Littmann 3200 Electronic,70.0,0,1,1,0.30352658,0.4056431,0,2,adulto
ICB_03168_007,ICB_104,copd,3M Littmann 3200 Electronic,70.0,0,1,1,0.33628538,0.43346682,0,2,adulto
ICB_03168_008,ICB_104,copd,3M Littmann 3200 Electronic,70.0,0,1,1,0.3457973,0.44358784,0,2,adulto
ICB_03168_009,ICB_104,copd,3M Littmann 3200 Electronic,70.0,0,1,1,0.34424955,0.47733158,0,2,adulto
ICB_03168_010,ICB_104,copd,3M Littmann 3200 Electronic,70.0,0,0,1,0.37165704,0.5295869,0,0,adulto
ICB_03168_011,ICB_104,copd,3M Littmann 3200 Electronic,70.0,0,0,1,0.2573111,0.3308161,0,0,adulto
ICB_03168_012,ICB_104,copd,3M Littmann 3200 Electronic,70.0,0,0,1,0.31763116,0.40881014,0,0,adulto
ICB_03168_013,ICB_104,copd,3M Littmann 3200 Electronic,70.0,0,0,1,0.26999334,0.34084952,0,0,adulto
ICB_03169_000,ICB_104,copd,3M Littmann 3200 Electronic,70.0,0,0,1,0.3343971,0.40718892,0,0,adulto
ICB_03169_001,ICB_104,copd,3M Littmann 3200 Electronic,70.0,0,0,1,0.36127856,0.4260069,0,0,adulto
ICB_03169_002,ICB_104,copd,3M Littmann 3200 Electronic,70.0,0,0,1,0.3768336,0.43248323,0,0,adulto
ICB_03169_003,ICB_104,copd,3M Littmann 3200 Electronic,70.0,0,0,1,0.36963558,0.46143147,0,0,adulto
ICB_03169_004,ICB_104,copd,3M Littmann 3200 Electronic,70.0,1,0,1,0.33171815,0.39379215,0,1,adulto
ICB_03169_005,ICB_104,copd,3M Littmann 3200 Electronic,70.0,0,0,1,0.38811362,0.45613882,0,0,adulto
ICB_03169_006,ICB_104,copd,3M Littmann 3200 Electronic,70.0,0,0,1,0.53773415,0.61061364,0,0,adulto
ICB_03170_000,ICB_104,copd,3M Littmann 3200 Electronic,70.0,0,0,1,0.36686727,0.44379097,0,0,adulto
ICB_03170_001,ICB_104,copd,3M Littmann 3200 Electronic,70.0,0,0,1,0.36119747,0.42044392,0,0,adulto
ICB_03170_002,ICB_104,copd,3M Littmann 3200 Electronic,70.0,0,0,1,0.41109213,0.4610464,0,0,adulto
ICB_03170_003,ICB_104,copd,3M Littmann 3200 Electronic,70.0,0,0,1,0.4623263,0.53139156,0,0,adulto
ICB_03170_004,ICB_104,copd,3M Littmann 3200 Electronic,70.0,0,0,1,0.59245646,0.67702186,2,0,adulto
ICB_03171_000,ICB_104,copd,3M Littmann 3200 Electronic,70.0,0,0,1,0.27861783,0.3475795,0,0,adulto
ICB_03171_001,ICB_104,copd,3M Littmann 3200 Electronic,70.0,0,0,1,0.29915416,0.386328,0,0,adulto
ICB_03171_002,ICB_104,copd,3M Littmann 3200 Electronic,70.0,0,0,1,0.34527048,0.45508265,0,0,adulto
ICB_03171_003,ICB_104,copd,3M Littmann 3200 Electronic,70.0,0,0,1,0.36340287,0.48040995,0,0,adulto
ICB_03171_004,ICB_104,copd,3M Littmann 3200 Electronic,70.0,0,0,1,0.39481637,0.52009493,0,0,adulto
ICB_03171_005,ICB_104,copd,3M Littmann 3200 Electronic,70.0,0,0,1,0.2711684,0.33567822,0,0,adulto
ICB_03171_006,ICB_104,copd,3M Littmann 3200 Electronic,70.0,0,0,1,0.2653214,0.33679524,0,0,adulto
ICB_03171_007,ICB_104,copd,3M Littmann 3200 Electronic,70.0,0,0,1,0.30994874,0.3892677,0,0,adulto
ICB_03171_008,ICB_104,copd,3M Littmann 3200 Electronic,70.0,0,0,1,0.45671725,0.53308225,0,0,adulto
ICB_03171_009,ICB_104,copd,3M Littmann 3200 Electronic,70.0,0,0,1,0.33487615,0.41553113,0,0,adulto
ICB_03171_010,ICB_104,copd,3M Littmann 3200 Electronic,70.0,0,0,1,0.4091329,0.4925217,0,0,adulto
ICB_03171_011,ICB_104,copd,3M Littmann 3200 Electronic,70.0,0,0,1,0.34207246,0.40199557,0,0,adulto
ICB_03171_012,ICB_104,copd,3M Littmann 3200 Electronic,70.0,0,0,1,0.30691335,0.36559626,0,0,adulto
ICB_03172_000,ICB_104,copd,3M Littmann 3200 Electronic,70.0,0,0,1,0.45200583,0.5346766,0,0,adulto
ICB_03172_001,ICB_104,copd,3M Littmann 3200 Electronic,70.0,0,0,1,0.32921535,0.42608786,0,0,adulto
ICB_03172_002,ICB_104,copd,3M Littmann 3200 Electronic,70.0,0,0,1,0.39297137,0.46949106,0,0,adulto
ICB_03172_003,ICB_104,copd,3M Littmann 3200 Electronic,70.0,0,0,1,0.38722876,0.48164934,0,0,adulto
ICB_03172_004,ICB_104,copd,3M Littmann 3200 Electronic,70.0,0,0,1,0.34701043,0.46125227,0,0,adulto
ICB_03172_005,ICB_104,copd,3M Littmann 3200 Electronic,70.0,0,0,1,0.46439308,0.60508835,0,0,adulto
ICB_03172_006,ICB_104,copd,3M Littmann 3200 Electronic,70.0,0,0,1,0.30350128,0.3753566,0,0,adulto
ICB_03172_007,ICB_104,copd,3M Littmann 3200 Electronic,70.0,0,0,1,0.27157533,0.33937383,0,0,adulto
ICB_03172_008,ICB_104,copd,3M Littmann 3200 Electronic,70.0,0,0,1,0.35244003,0.4435935,0,0,adulto
ICB_03172_009,ICB_104,copd,3M Littmann 3200 Electronic,70.0,0,0,1,0.33052215,0.4096785,0,0,adulto
ICB_03176_000,ICB_107,copd,AKG C417L Microphone,75.0,1,0,1,0.42859924,0.38652074,0,1,adulto
ICB_03176_001,ICB_107,copd,AKG C417L Microphone,75.0,1,0,1,0.52988684,0.45192596,0,1,adulto
ICB_03176_002,ICB_107,copd,AKG C417L Microphone,75.0,1,0,1,0.5029312,0.42995444,0,1,adulto
ICB_03176_003,ICB_107,copd,AKG C417L Microphone,75.0,1,0,1,0.49931714,0.4406136,0,1,adulto
ICB_03176_004,ICB_107,copd,AKG C417L Microphone,75.0,1,0,1,0.51119715,0.4423391,0,1,adulto
ICB_03176_005,ICB_107,copd,AKG C417L Microphone,75.0,1,0,1,0.47134483,0.4224945,0,1,adulto
ICB_03176_006,ICB_107,copd,AKG C417L Microphone,75.0,1,0,1,0.48724738,0.43076155,0,1,adulto
ICB_03176_007,ICB_107,copd,AKG C417L Microphone,75.0,0,0,1,0.31301725,0.3296316,0,0,adulto
ICB_03177_000,ICB_107,copd,AKG C417L Microphone,75.0,1,0,1,0.40337467,0.3744021,0,1,adulto
ICB_03177_001,ICB_107,copd,AKG C417L Microphone,75.0,1,1,1,0.49679157,0.43663314,0,3,adulto
ICB_03177_002,ICB_107,copd,AKG C417L Microphone,75.0,1,1,1,0.47884303,0.42325827,0,3,adulto
ICB_03177_003,ICB_107,copd,AKG C417L Microphone,75.0,1,1,1,0.4639794,0.4276459,0,3,adulto
ICB_03177_004,ICB_107,copd,AKG C417L Microphone,75.0,1,1,1,0.48900872,0.43088612,0,3,adulto
ICB_03177_005,ICB_107,copd,AKG C417L Microphone,75.0,1,1,1,0.44612414,0.40306228,0,3,adulto
ICB_03177_006,ICB_107,copd,AKG C417L Microphone,75.0,1,1,1,0.45351028,0.41895664,0,3,adulto
ICB_03177_007,ICB_107,copd,AKG C417L Microphone,75.0,1,1,1,0.30038288,0.33119974,0,3,adulto
ICB_03178_000,ICB_107,copd,AKG C417L Microphone,75.0,1,0,1,0.41438404,0.38056132,0,1,adulto
ICB_03178_001,ICB_107,copd,AKG C417L Microphone,75.0,1,0,1,0.5363194,0.4499137,0,1,adulto
ICB_03178_002,ICB_107,copd,AKG C417L Microphone,75.0,1,0,1,0.5229151,0.4455721,0,1,adulto
ICB_03178_003,ICB_107,copd,AKG C417L Microphone,75.0,1,0,1,0.5262812,0.45647746,0,1,adulto
ICB_03178_004,ICB_107,copd,AKG C417L Microphone,75.0,1,0,1,0.5318449,0.44869962,0,1,adulto
ICB_03178_005,ICB_107,copd,AKG C417L Microphone,75.0,1,0,1,0.4915752,0.43101597,0,1,adulto
ICB_03178_006,ICB_107,copd,AKG C417L Microphone,75.0,1,0,1,0.51987034,0.44321978,0,1,adulto
ICB_03178_007,ICB_107,copd,AKG C417L Microphone,75.0,1,0,1,0.3400079,0.34285098,0,1,adulto
ICB_03179_000,ICB_107,copd,AKG C417L Microphone,75.0,0,0,1,0.42492124,0.39178148,0,0,adulto
ICB_03179_001,ICB_107,copd,AKG C417L Microphone,75.0,1,0,1,0.55630153,0.4650949,0,1,adulto
ICB_03179_002,ICB_107,copd,AKG C417L Microphone,75.0,1,0,1,0.539148,0.45353246,0,1,adulto
ICB_03179_003,ICB_107,copd,AKG C417L Microphone,75.0,1,0,1,0.54561967,0.45436883,0,1,adulto
ICB_03179_004,ICB_107,copd,AKG C417L Microphone,75.0,1,0,1,0.5474139,0.45913327,0,1,adulto
ICB_03179_005,ICB_107,copd,AKG C417L Microphone,75.0,1,0,1,0.5117924,0.44164047,0,1,adulto
ICB_03179_006,ICB_107,copd,AKG C417L Microphone,75.0,1,0,1,0.52849716,0.44819242,0,1,adulto
ICB_03179_007,ICB_107,copd,AKG C417L Microphone,75.0,1,0,1,0.34022382,0.34756747,0,1,adulto
ICB_03180_000,ICB_107,copd,AKG C417L Microphone,75.0,0,0,1,0.33407152,0.36589715,0,0,adulto
ICB_03180_001,ICB_107,copd,AKG C417L Microphone,75.0,0,0,1,0.4481386,0.42057842,0,0,adulto
ICB_03180_002,ICB_107,copd,AKG C417L Microphone,75.0,0,0,1,0.3953245,0.4126368,0,0,adulto
ICB_03180_003,ICB_107,copd,AKG C417L Microphone,75.0,0,0,1,0.41065595,0.41045186,0,0,adulto
ICB_03180_004,ICB_107,copd,AKG C417L Microphone,75.0,0,0,1,0.40633425,0.41871026,0,0,adulto
ICB_03180_005,ICB_107,copd,AKG C417L Microphone,75.0,0,0,1,0.35968632,0.39441577,0,0,adulto
ICB_03180_006,ICB_107,copd,AKG C417L Microphone,75.0,0,0,1,0.4162769,0.41320643,0,0,adulto
ICB_03180_007,ICB_107,copd,AKG C417L Microphone,75.0,0,0,1,0.28503504,0.3290897,0,0,adulto
ICB_03181_000,ICB_107,copd,AKG C417L Microphone,75.0,0,0,1,0.3530838,0.37843278,0,0,adulto
ICB_03181_001,ICB_107,copd,AKG C417L Microphone,75.0,1,0,1,0.48718518,0.43496805,0,1,adulto
ICB_03181_002,ICB_107,copd,AKG C417L Microphone,75.0,1,1,1,0.43308872,0.427719,0,3,adulto
ICB_03181_003,ICB_107,copd,AKG C417L Microphone,75.0,0,0,1,0.44210947,0.42879048,0,0,adulto
ICB_03181_004,ICB_107,copd,AKG C417L Microphone,75.0,1,0,1,0.4395009,0.4321765,0,1,adulto
ICB_03181_005,ICB_107,copd,AKG C417L Microphone,75.0,1,1,1,0.40263918,0.41012362,0,3,adulto
ICB_03181_006,ICB_107,copd,AKG C417L Microphone,75.0,1,0,1,0.42767337,0.42483073,0,1,adulto
ICB_03181_007,ICB_107,copd,AKG C417L Microphone,75.0,1,1,1,0.29066473,0.3317364,0,3,adulto
ICB_03182_000,ICB_107,copd,AKG C417L Microphone,75.0,0,0,1,0.35241073,0.39391777,0,0,adulto
ICB_03182_001,ICB_107,copd,AKG C417L Microphone,75.0,0,0,1,0.42477095,0.45054677,0,0,adulto
ICB_03182_002,ICB_107,copd,AKG C417L Microphone,75.0,0,0,1,0.38677424,0.4388634,0,0,adulto
ICB_03182_003,ICB_107,copd,AKG C417L Microphone,75.0,1,0,1,0.38973212,0.43521458,0,1,adulto
ICB_03182_004,ICB_107,copd,AKG C417L Microphone,75.0,0,0,1,0.41308326,0.43692377,0,0,adulto
ICB_03182_005,ICB_107,copd,AKG C417L Microphone,75.0,0,0,1,0.37169203,0.41456363,0,0,adulto
ICB_03182_006,ICB_107,copd,AKG C417L Microphone,75.0,0,0,1,0.39661655,0.4209428,0,0,adulto
ICB_03182_007,ICB_107,copd,AKG C417L Microphone,75.0,1,0,1,0.29826155,0.3360169,0,1,adulto
ICB_03183_000,ICB_107,copd,AKG C417L Microphone,75.0,1,0,1,0.48185673,0.4224429,0,1,adulto
ICB_03183_001,ICB_107,copd,AKG C417L Microphone,75.0,1,0,1,0.47400668,0.43039444,0,1,adulto
ICB_03183_002,ICB_107,copd,AKG C417L Microphone,75.0,1,1,1,0.48877165,0.43724662,0,3,adulto
ICB_03183_003,ICB_107,copd,AKG C417L Microphone,75.0,1,0,1,0.49481028,0.4400318,0,1,adulto
ICB_03183_004,ICB_107,copd,AKG C417L Microphone,75.0,0,1,1,0.47733018,0.4224169,0,2,adulto
ICB_03183_005,ICB_107,copd,AKG C417L Microphone,75.0,1,0,1,0.5259401,0.4437912,0,1,adulto
ICB_03183_006,ICB_107,copd,AKG C417L Microphone,75.0,1,0,1,0.48235866,0.42792356,0,1,adulto
ICB_03183_007,ICB_107,copd,AKG C417L Microphone,75.0,1,0,1,0.31339607,0.33300948,0,1,adulto
ICB_03184_000,ICB_107,copd,AKG C417L Microphone,75.0,1,0,1,0.4620561,0.41716486,0,1,adulto
ICB_03184_001,ICB_107,copd,AKG C417L Microphone,75.0,1,0,1,0.4604242,0.41453588,0,1,adulto
ICB_03184_002,ICB_107,copd,AKG C417L Microphone,75.0,1,0,1,0.4662635,0.43143752,0,1,adulto
ICB_03184_003,ICB_107,copd,AKG C417L Microphone,75.0,1,0,1,0.462281,0.42656913,0,1,adulto
ICB_03184_004,ICB_107,copd,AKG C417L Microphone,75.0,1,0,1,0.45746037,0.4163544,0,1,adulto
ICB_03184_005,ICB_107,copd,AKG C417L Microphone,75.0,1,0,1,0.497694,0.43420517,0,1,adulto
ICB_03184_006,ICB_107,copd,AKG C417L Microphone,75.0,1,0,1,0.45425442,0.41926482,0,1,adulto
ICB_03184_007,ICB_107,copd,AKG C417L Microphone,75.0,1,0,1,0.3055932,0.33328387,0,1,adulto
ICB_03185_000,ICB_107,copd,AKG C417L Microphone,75.0,1,0,1,0.5093653,0.42985305,0,1,adulto
ICB_03185_001,ICB_107,copd,AKG C417L Microphone,75.0,1,0,1,0.5023949,0.43719622,0,1,adulto
ICB_03185_002,ICB_107,copd,AKG C417L Microphone,75.0,1,0,1,0.52850294,0.4354687,0,1,adulto
ICB_03185_003,ICB_107,copd,AKG C417L Microphone,75.0,1,0,1,0.5009793,0.45224512,0,1,adulto
ICB_03185_004,ICB_107,copd,AKG C417L Microphone,75.0,1,0,1,0.50722945,0.42661163,0,1,adulto
ICB_03185_005,ICB_107,copd,AKG C417L Microphone,75.0,1,0,1,0.55169874,0.45291838,0,1,adulto
ICB_03185_006,ICB_107,copd,AKG C417L Microphone,75.0,1,0,1,0.51297885,0.43313962,0,1,adulto
ICB_03185_007,ICB_107,copd,AKG C417L Microphone,75.0,1,0,1,0.34198233,0.34373912,0,1,adulto
ICB_03186_000,ICB_107,copd,AKG C417L Microphone,75.0,1,0,1,0.5139927,0.43735823,0,1,adulto
ICB_03186_001,ICB_107,copd,AKG C417L Microphone,75.0,1,0,1,0.51297593,0.44802603,0,1,adulto
ICB_03186_002,ICB_107,copd,AKG C417L Microphone,75.0,1,0,1,0.5203519,0.46568534,0,1,adulto
ICB_03186_003,ICB_107,copd,AKG C417L Microphone,75.0,1,0,1,0.48262253,0.47558963,0,1,adulto
ICB_03186_004,ICB_107,copd,AKG C417L Microphone,75.0,1,0,1,0.49604434,0.439787,0,1,adulto
ICB_03186_005,ICB_107,copd,AKG C417L Microphone,75.0,1,0,1,0.56032294,0.45860648,0,1,adulto
ICB_03186_006,ICB_107,copd,AKG C417L Microphone,75.0,1,0,1,0.51862466,0.44664192,0,1,adulto
ICB_03186_007,ICB_107,copd,AKG C417L Microphone,75.0,1,0,1,0.3431478,0.3460061,0,1,adulto
ICB_03187_000,ICB_107,copd,AKG C417L Microphone,75.0,1,0,1,0.43259865,0.40380758,0,1,adulto
ICB_03187_001,ICB_107,copd,AKG C417L Microphone,75.0,0,0,1,0.42394406,0.4108105,0,0,adulto
ICB_03187_002,ICB_107,copd,AKG C417L Microphone,75.0,1,0,1,0.43543625,0.4156513,0,1,adulto
ICB_03187_003,ICB_107,copd,AKG C417L Microphone,75.0,0,0,1,0.44780427,0.42016742,0,0,adulto
ICB_03187_004,ICB_107,copd,AKG C417L Microphone,75.0,0,0,1,0.4221576,0.40792376,0,0,adulto
ICB_03187_005,ICB_107,copd,AKG C417L Microphone,75.0,1,0,1,0.4283642,0.4296288,0,1,adulto
ICB_03187_006,ICB_107,copd,AKG C417L Microphone,75.0,0,0,1,0.42576313,0.4131833,0,0,adulto
ICB_03187_007,ICB_107,copd,AKG C417L Microphone,75.0,0,0,1,0.29769072,0.3285434,0,0,adulto
ICB_03188_000,ICB_107,copd,AKG C417L Microphone,75.0,1,0,1,0.43874004,0.41408366,0,1,adulto
ICB_03188_001,ICB_107,copd,AKG C417L Microphone,75.0,1,0,1,0.43800893,0.42154178,0,1,adulto
ICB_03188_002,ICB_107,copd,AKG C417L Microphone,75.0,1,0,1,0.44633076,0.42842343,0,1,adulto
ICB_03188_003,ICB_107,copd,AKG C417L Microphone,75.0,1,0,1,0.47209942,0.42938215,0,1,adulto
ICB_03188_004,ICB_107,copd,AKG C417L Microphone,75.0,1,0,1,0.43109757,0.42490634,0,1,adulto
ICB_03188_005,ICB_107,copd,AKG C417L Microphone,75.0,1,0,1,0.44775632,0.4383481,0,1,adulto
ICB_03188_006,ICB_107,copd,AKG C417L Microphone,75.0,1,0,1,0.4491482,0.42305803,0,1,adulto
ICB_03188_007,ICB_107,copd,AKG C417L Microphone,75.0,1,0,1,0.30305186,0.3368093,0,1,adulto
ICB_03189_000,ICB_107,copd,AKG C417L Microphone,75.0,0,0,1,0.38287348,0.41256952,0,0,adulto
ICB_03189_001,ICB_107,copd,AKG C417L Microphone,75.0,0,0,1,0.38085055,0.41280285,0,0,adulto
ICB_03189_002,ICB_107,copd,AKG C417L Microphone,75.0,0,0,1,0.40045875,0.4243552,0,0,adulto
ICB_03189_003,ICB_107,copd,AKG C417L Microphone,75.0,0,0,1,0.4003879,0.42404872,0,0,adulto
ICB_03189_004,ICB_107,copd,AKG C417L Microphone,75.0,0,0,1,0.3861302,0.4080673,0,0,adulto
ICB_03189_005,ICB_107,copd,AKG C417L Microphone,75.0,0,0,1,0.40868732,0.4359201,0,0,adulto
ICB_03189_006,ICB_107,copd,AKG C417L Microphone,75.0,0,0,1,0.39295,0.42110243,0,0,adulto
ICB_03189_007,ICB_107,copd,AKG C417L Microphone,75.0,0,0,1,0.2962168,0.3359025,0,0,adulto
ICB_03190_000,ICB_107,copd,AKG C417L Microphone,75.0,0,0,1,0.37284586,0.35800153,0,0,adulto
ICB_03190_001,ICB_107,copd,AKG C417L Microphone,75.0,1,0,1,0.49107718,0.43011364,0,1,adulto
ICB_03190_002,ICB_107,copd,AKG C417L Microphone,75.0,1,0,1,0.51849174,0.45347515,0,1,adulto
ICB_03190_003,ICB_107,copd,AKG C417L Microphone,75.0,1,0,1,0.47281373,0.42036328,0,1,adulto
ICB_03190_004,ICB_107,copd,AKG C417L Microphone,75.0,1,0,1,0.49636474,0.43826854,0,1,adulto
ICB_03190_005,ICB_107,copd,AKG C417L Microphone,75.0,1,0,1,0.49903008,0.4321065,0,1,adulto
ICB_03190_006,ICB_107,copd,AKG C417L Microphone,75.0,1,0,1,0.49493086,0.4308762,0,1,adulto
ICB_03190_007,ICB_107,copd,AKG C417L Microphone,75.0,1,0,1,0.51777834,0.4457587,0,1,adulto
ICB_03191_000,ICB_107,copd,AKG C417L Microphone,75.0,0,0,1,0.35026768,0.35348195,0,0,adulto
ICB_03191_001,ICB_107,copd,AKG C417L Microphone,75.0,0,0,1,0.4868649,0.4370494,0,0,adulto
ICB_03191_002,ICB_107,copd,AKG C417L Microphone,75.0,1,0,1,0.50938356,0.449785,0,1,adulto
ICB_03191_003,ICB_107,copd,AKG C417L Microphone,75.0,0,0,1,0.46578515,0.41487622,0,0,adulto
ICB_03191_004,ICB_107,copd,AKG C417L Microphone,75.0,1,1,1,0.47264236,0.4262923,0,3,adulto
ICB_03191_005,ICB_107,copd,AKG C417L Microphone,75.0,1,0,1,0.49212608,0.44413006,0,1,adulto
ICB_03191_006,ICB_107,copd,AKG C417L Microphone,75.0,0,0,1,0.5141728,0.43261352,0,0,adulto
ICB_03191_007,ICB_107,copd,AKG C417L Microphone,75.0,0,1,1,0.5372267,0.4508264,0,2,adulto
ICB_03192_000,ICB_107,copd,AKG C417L Microphone,75.0,0,0,1,0.36657315,0.35733622,0,0,adulto
ICB_03192_001,ICB_107,copd,AKG C417L Microphone,75.0,1,0,1,0.5152755,0.43108043,0,1,adulto
ICB_03192_002,ICB_107,copd,AKG C417L Microphone,75.0,1,0,1,0.5547869,0.4618859,0,1,adulto
ICB_03192_003,ICB_107,copd,AKG C417L Microphone,75.0,1,0,1,0.5027124,0.42833793,0,1,adulto
ICB_03192_004,ICB_107,copd,AKG C417L Microphone,75.0,1,0,1,0.5299025,0.4381661,0,1,adulto
ICB_03192_005,ICB_107,copd,AKG C417L Microphone,75.0,1,0,1,0.5167974,0.44332102,0,1,adulto
ICB_03192_006,ICB_107,copd,AKG C417L Microphone,75.0,0,0,1,0.5244703,0.44297805,0,0,adulto
ICB_03192_007,ICB_107,copd,AKG C417L Microphone,75.0,1,0,1,0.5431981,0.4517625,0,1,adulto
ICB_03193_000,ICB_107,copd,AKG C417L Microphone,75.0,0,0,1,0.36532396,0.36063161,0,0,adulto
ICB_03193_001,ICB_107,copd,AKG C417L Microphone,75.0,1,0,1,0.5095632,0.43663454,0,1,adulto
ICB_03193_002,ICB_107,copd,AKG C417L Microphone,75.0,1,0,1,0.5582636,0.46555,0,1,adulto
ICB_03193_003,ICB_107,copd,AKG C417L Microphone,75.0,1,0,1,0.5058485,0.43933862,0,1,adulto
ICB_03193_004,ICB_107,copd,AKG C417L Microphone,75.0,1,0,1,0.53382564,0.45576116,0,1,adulto
ICB_03193_005,ICB_107,copd,AKG C417L Microphone,75.0,1,0,1,0.51727337,0.44914773,0,1,adulto
ICB_03193_006,ICB_107,copd,AKG C417L Microphone,75.0,1,0,1,0.53618765,0.45420703,0,1,adulto
ICB_03193_007,ICB_107,copd,AKG C417L Microphone,75.0,1,0,1,0.5589884,0.4650804,0,1,adulto
ICB_03194_000,ICB_107,copd,AKG C417L Microphone,75.0,0,0,1,0.31735617,0.35029685,0,0,adulto
ICB_03194_001,ICB_107,copd,AKG C417L Microphone,75.0,0,0,1,0.38383603,0.40522972,0,0,adulto
ICB_03194_002,ICB_107,copd,AKG C417L Microphone,75.0,0,0,1,0.38771224,0.41077533,0,0,adulto
ICB_03194_003,ICB_107,copd,AKG C417L Microphone,75.0,0,0,1,0.36988458,0.3944115,0,0,adulto
ICB_03194_004,ICB_107,copd,AKG C417L Microphone,75.0,0,0,1,0.41109857,0.41275972,0,0,adulto
ICB_03194_005,ICB_107,copd,AKG C417L Microphone,75.0,0,0,1,0.38402808,0.4062923,0,0,adulto
ICB_03194_006,ICB_107,copd,AKG C417L Microphone,75.0,0,0,1,0.4224241,0.41145194,0,0,adulto
ICB_03194_007,ICB_107,copd,AKG C417L Microphone,75.0,0,0,1,0.42270944,0.42842084,0,0,adulto
ICB_03195_000,ICB_107,copd,AKG C417L Microphone,75.0,0,0,1,0.32884902,0.35448703,0,0,adulto
ICB_03195_001,ICB_107,copd,AKG C417L Microphone,75.0,1,0,1,0.39640173,0.41654468,0,1,adulto
ICB_03195_002,ICB_107,copd,AKG C417L Microphone,75.0,0,0,1,0.42269763,0.4254682,0,0,adulto
ICB_03195_003,ICB_107,copd,AKG C417L Microphone,75.0,1,0,1,0.39493865,0.40781155,0,1,adulto
ICB_03195_004,ICB_107,copd,AKG C417L Microphone,75.0,1,0,1,0.47273105,0.42369542,0,1,adulto
ICB_03195_005,ICB_107,copd,AKG C417L Microphone,75.0,0,0,1,0.42286095,0.42294765,0,0,adulto
ICB_03195_006,ICB_107,copd,AKG C417L Microphone,75.0,1,0,1,0.44058028,0.42941,0,1,adulto
ICB_03195_007,ICB_107,copd,AKG C417L Microphone,75.0,1,1,1,0.45848748,0.43971884,0,3,adulto
ICB_03196_000,ICB_107,copd,AKG C417L Microphone,75.0,0,0,1,0.3148599,0.3523384,0,0,adulto
ICB_03196_001,ICB_107,copd,AKG C417L Microphone,75.0,0,0,1,0.4206464,0.42744952,0,0,adulto
ICB_03196_002,ICB_107,copd,AKG C417L Microphone,75.0,1,0,1,0.42213714,0.44722655,0,1,adulto
ICB_03196_003,ICB_107,copd,AKG C417L Microphone,75.0,1,0,1,0.40233824,0.41783726,0,1,adulto
ICB_03196_004,ICB_107,copd,AKG C417L Microphone,75.0,0,0,1,0.41287693,0.4369822,0,0,adulto
ICB_03196_005,ICB_107,copd,AKG C417L Microphone,75.0,0,0,1,0.40241006,0.4265682,0,0,adulto
ICB_03196_006,ICB_107,copd,AKG C417L Microphone,75.0,0,0,1,0.3997433,0.42372125,0,0,adulto
ICB_03196_007,ICB_107,copd,AKG C417L Microphone,75.0,0,0,1,0.43082282,0.44564515,0,0,adulto
ICB_03197_000,ICB_107,copd,AKG C417L Microphone,75.0,1,1,1,0.5171896,0.4152745,0,3,adulto
ICB_03197_001,ICB_107,copd,AKG C417L Microphone,75.0,1,1,1,0.4873194,0.41125026,0,3,adulto
ICB_03197_002,ICB_107,copd,AKG C417L Microphone,75.0,1,1,1,0.4887384,0.40368286,0,3,adulto
ICB_03197_003,ICB_107,copd,AKG C417L Microphone,75.0,1,0,1,0.47474977,0.40118077,0,1,adulto
ICB_03197_004,ICB_107,copd,AKG C417L Microphone,75.0,1,0,1,0.46162084,0.38873386,0,1,adulto
ICB_03197_005,ICB_107,copd,AKG C417L Microphone,75.0,1,0,1,0.5170605,0.4211381,0,1,adulto
ICB_03197_006,ICB_107,copd,AKG C417L Microphone,75.0,1,0,1,0.48551306,0.40868497,0,1,adulto
ICB_03197_007,ICB_107,copd,AKG C417L Microphone,75.0,1,0,1,0.46455246,0.4014512,0,1,adulto
ICB_03197_008,ICB_107,copd,AKG C417L Microphone,75.0,1,0,1,0.31692213,0.32703662,0,1,adulto
ICB_03198_000,ICB_107,copd,AKG C417L Microphone,75.0,0,1,1,0.45544073,0.43668863,0,2,adulto
ICB_03198_001,ICB_107,copd,AKG C417L Microphone,75.0,0,1,1,0.4461941,0.42258492,0,2,adulto
ICB_03198_002,ICB_107,copd,AKG C417L Microphone,75.0,0,1,1,0.4510178,0.4239305,0,2,adulto
ICB_03198_003,ICB_107,copd,AKG C417L Microphone,75.0,1,1,1,0.43816584,0.41988134,0,3,adulto
ICB_03198_004,ICB_107,copd,AKG C417L Microphone,75.0,0,1,1,0.42236456,0.40834028,0,2,adulto
ICB_03198_005,ICB_107,copd,AKG C417L Microphone,75.0,1,1,1,0.46664897,0.42769912,0,3,adulto
ICB_03198_006,ICB_107,copd,AKG C417L Microphone,75.0,1,1,1,0.44724023,0.4216131,0,3,adulto
ICB_03198_007,ICB_107,copd,AKG C417L Microphone,75.0,1,1,1,0.44165242,0.4130299,0,3,adulto
ICB_03198_008,ICB_107,copd,AKG C417L Microphone,75.0,0,1,1,0.300327,0.3307555,0,2,adulto
ICB_03199_000,ICB_107,copd,AKG C417L Microphone,75.0,1,0,1,0.51203793,0.396953,0,1,adulto
ICB_03199_001,ICB_107,copd,AKG C417L Microphone,75.0,1,0,1,0.49103948,0.39161864,0,1,adulto
ICB_03199_002,ICB_107,copd,AKG C417L Microphone,75.0,1,0,1,0.4961083,0.38718414,0,1,adulto
ICB_03199_003,ICB_107,copd,AKG C417L Microphone,75.0,1,0,1,0.47900152,0.38185272,0,1,adulto
ICB_03199_004,ICB_107,copd,AKG C417L Microphone,75.0,1,0,1,0.46792945,0.37977436,0,1,adulto
ICB_03199_005,ICB_107,copd,AKG C417L Microphone,75.0,1,0,1,0.51099616,0.40005982,0,1,adulto
ICB_03199_006,ICB_107,copd,AKG C417L Microphone,75.0,1,0,1,0.49436584,0.39251444,0,1,adulto
ICB_03199_007,ICB_107,copd,AKG C417L Microphone,75.0,1,0,1,0.4831887,0.39229614,0,1,adulto
ICB_03199_008,ICB_107,copd,AKG C417L Microphone,75.0,1,0,1,0.31746367,0.32193825,0,1,adulto
ICB_03200_000,ICB_107,copd,AKG C417L Microphone,75.0,0,1,1,0.49672145,0.39616555,0,2,adulto
ICB_03200_001,ICB_107,copd,AKG C417L Microphone,75.0,0,1,1,0.4916083,0.3918813,0,2,adulto
ICB_03200_002,ICB_107,copd,AKG C417L Microphone,75.0,0,1,1,0.48315108,0.38303393,0,2,adulto
ICB_03200_003,ICB_107,copd,AKG C417L Microphone,75.0,0,1,1,0.4715677,0.37797427,0,2,adulto
ICB_03200_004,ICB_107,copd,AKG C417L Microphone,75.0,0,1,1,0.4586805,0.37845293,0,2,adulto
ICB_03200_005,ICB_107,copd,AKG C417L Microphone,75.0,1,0,1,0.5076497,0.4017109,0,1,adulto
ICB_03200_006,ICB_107,copd,AKG C417L Microphone,75.0,1,0,1,0.4847986,0.3865002,0,1,adulto
ICB_03200_007,ICB_107,copd,AKG C417L Microphone,75.0,1,0,1,0.47634342,0.3771922,0,1,adulto
ICB_03200_008,ICB_107,copd,AKG C417L Microphone,75.0,1,1,1,0.31849387,0.31946146,0,3,adulto
ICB_03201_000,ICB_107,copd,AKG C417L Microphone,75.0,1,0,1,0.47747046,0.41889438,0,1,adulto
ICB_03201_001,ICB_107,copd,AKG C417L Microphone,75.0,1,0,1,0.4610781,0.41311276,0,1,adulto
ICB_03201_002,ICB_107,copd,AKG C417L Microphone,75.0,1,0,1,0.4557843,0.40902188,0,1,adulto
ICB_03201_003,ICB_107,copd,AKG C417L Microphone,75.0,1,0,1,0.4480243,0.40560234,0,1,adulto
ICB_03201_004,ICB_107,copd,AKG C417L Microphone,75.0,1,0,1,0.42665175,0.3928158,0,1,adulto
ICB_03201_005,ICB_107,copd,AKG C417L Microphone,75.0,1,0,1,0.4762873,0.42101958,0,1,adulto
ICB_03201_006,ICB_107,copd,AKG C417L Microphone,75.0,1,0,1,0.44648492,0.40493453,0,1,adulto
ICB_03201_007,ICB_107,copd,AKG C417L Microphone,75.0,1,0,1,0.44652054,0.40615007,0,1,adulto
ICB_03201_008,ICB_107,copd,AKG C417L Microphone,75.0,1,0,1,0.3053925,0.32440162,0,1,adulto
ICB_03202_000,ICB_107,copd,AKG C417L Microphone,75.0,1,1,1,0.47618952,0.43936408,0,3,adulto
ICB_03202_001,ICB_107,copd,AKG C417L Microphone,75.0,1,1,1,0.46737358,0.4321894,0,3,adulto
ICB_03202_002,ICB_107,copd,AKG C417L Microphone,75.0,1,1,1,0.4621291,0.42404148,0,3,adulto
ICB_03202_003,ICB_107,copd,AKG C417L Microphone,75.0,1,1,1,0.4569312,0.42874286,0,3,adulto
ICB_03202_004,ICB_107,copd,AKG C417L Microphone,75.0,1,1,1,0.45064262,0.40869322,0,3,adulto
ICB_03202_005,ICB_107,copd,AKG C417L Microphone,75.0,1,0,1,0.49746165,0.42998233,0,1,adulto
ICB_03202_006,ICB_107,copd,AKG C417L Microphone,75.0,1,0,1,0.44580412,0.42764673,0,1,adulto
ICB_03202_007,ICB_107,copd,AKG C417L Microphone,75.0,1,0,1,0.4433393,0.421139,0,1,adulto
ICB_03202_008,ICB_107,copd,AKG C417L Microphone,75.0,1,0,1,0.31209332,0.32673547,0,1,adulto
ICB_03203_000,ICB_107,copd,AKG C417L Microphone,75.0,1,1,1,0.43983087,0.4404672,0,3,adulto
ICB_03203_001,ICB_107,copd,AKG C417L Microphone,75.0,1,1,1,0.42234823,0.43047744,0,3,adulto
ICB_03203_002,ICB_107,copd,AKG C417L Microphone,75.0,1,1,1,0.41393566,0.44213557,0,3,adulto
ICB_03203_003,ICB_107,copd,AKG C417L Microphone,75.0,1,1,1,0.41022617,0.43152305,0,3,adulto
ICB_03203_004,ICB_107,copd,AKG C417L Microphone,75.0,1,1,1,0.3972197,0.41784048,0,3,adulto
ICB_03203_005,ICB_107,copd,AKG C417L Microphone,75.0,1,1,1,0.43793964,0.43870127,0,3,adulto
ICB_03203_006,ICB_107,copd,AKG C417L Microphone,75.0,0,1,1,0.40649495,0.431541,0,2,adulto
ICB_03203_007,ICB_107,copd,AKG C417L Microphone,75.0,0,1,1,0.4104002,0.43655097,0,2,adulto
ICB_03203_008,ICB_107,copd,AKG C417L Microphone,75.0,0,0,1,0.29615328,0.333705,0,0,adulto
ICB_03216_000,ICB_111,bronchiectasis,3M Littmann Classic II SE,63.0,0,0,1,0.2714237,0.3997035,0,0,adulto
ICB_03216_001,ICB_111,bronchiectasis,3M Littmann Classic II SE,63.0,0,0,1,0.26969504,0.40945473,0,0,adulto
ICB_03216_002,ICB_111,bronchiectasis,3M Littmann Classic II SE,63.0,0,0,1,0.27379647,0.39453042,0,0,adulto
ICB_03216_003,ICB_111,bronchiectasis,3M Littmann Classic II SE,63.0,0,0,1,0.29873517,0.41831034,0,0,adulto
ICB_03216_004,ICB_111,bronchiectasis,3M Littmann Classic II SE,63.0,0,0,1,0.27909473,0.401417,0,0,adulto
ICB_03216_005,ICB_111,bronchiectasis,3M Littmann Classic II SE,63.0,0,0,1,0.2764528,0.39322463,0,0,adulto
ICB_03216_006,ICB_111,bronchiectasis,3M Littmann Classic II SE,63.0,0,0,1,0.28082505,0.39722958,0,0,adulto
ICB_03216_007,ICB_111,bronchiectasis,3M Littmann Classic II SE,63.0,0,0,1,0.2537587,0.35428482,0,0,adulto
ICB_03217_000,ICB_111,bronchiectasis,3M Littmann Classic II SE,63.0,0,0,1,0.2589698,0.318949,0,0,adulto
ICB_03217_001,ICB_111,bronchiectasis,3M Littmann Classic II SE,63.0,0,0,1,0.27004907,0.40906712,0,0,adulto
ICB_03217_002,ICB_111,bronchiectasis,3M Littmann Classic II SE,63.0,0,0,1,0.27515593,0.39720586,0,0,adulto
ICB_03217_003,ICB_111,bronchiectasis,3M Littmann Classic II SE,63.0,0,0,1,0.2699792,0.4032794,0,0,adulto
ICB_03217_004,ICB_111,bronchiectasis,3M Littmann Classic II SE,63.0,0,0,1,0.26553643,0.3925705,0,0,adulto
ICB_03217_005,ICB_111,bronchiectasis,3M Littmann Classic II SE,63.0,0,0,1,0.25365958,0.39980146,0,0,adulto
ICB_03217_006,ICB_111,bronchiectasis,3M Littmann Classic II SE,63.0,0,0,1,0.25478935,0.39557016,0,0,adulto
ICB_03217_007,ICB_111,bronchiectasis,3M Littmann Classic II SE,63.0,0,0,1,0.2510464,0.3900528,0,0,adulto
ICB_03217_008,ICB_111,bronchiectasis,3M Littmann Classic II SE,63.0,0,0,1,0.22737476,0.32120886,0,0,adulto
ICB_03239_000,ICB_118,copd,3M Littmann 3200 Electronic,81.0,0,0,1,0.2792387,0.34823892,0,0,adulto
ICB_03239_001,ICB_118,copd,3M Littmann 3200 Electronic,81.0,0,1,1,0.2853096,0.35146236,0,2,adulto
ICB_03239_002,ICB_118,copd,3M Littmann 3200 Electronic,81.0,0,1,1,0.29015252,0.36311013,0,2,adulto
ICB_03239_003,ICB_118,copd,3M Littmann 3200 Electronic,81.0,0,1,1,0.28359264,0.34360084,0,2,adulto
ICB_03239_004,ICB_118,copd,3M Littmann 3200 Electronic,81.0,0,1,1,0.28788704,0.3459296,0,2,adulto
ICB_03239_005,ICB_118,copd,3M Littmann 3200 Electronic,81.0,0,1,1,0.29205853,0.35490996,0,2,adulto
ICB_03239_006,ICB_118,copd,3M Littmann 3200 Electronic,81.0,0,1,1,0.2961796,0.35454905,0,2,adulto
ICB_03239_007,ICB_118,copd,3M Littmann 3200 Electronic,81.0,0,1,1,0.2861285,0.34986347,0,2,adulto
ICB_03239_008,ICB_118,copd,3M Littmann 3200 Electronic,81.0,0,0,1,0.43342176,0.55844766,0,0,adulto
ICB_03240_000,ICB_118,copd,3M Littmann 3200 Electronic,81.0,0,1,1,0.39730692,0.47394133,0,2,adulto
ICB_03240_001,ICB_118,copd,3M Littmann 3200 Electronic,81.0,0,1,1,0.2933519,0.3501437,0,2,adulto
ICB_03240_002,ICB_118,copd,3M Littmann 3200 Electronic,81.0,0,1,1,0.29697832,0.36130857,0,2,adulto
ICB_03240_003,ICB_118,copd,3M Littmann 3200 Electronic,81.0,0,1,1,0.28918982,0.3505619,0,2,adulto
ICB_03240_004,ICB_118,copd,3M Littmann 3200 Electronic,81.0,0,1,1,0.28558564,0.350103,0,2,adulto
ICB_03240_005,ICB_118,copd,3M Littmann 3200 Electronic,81.0,0,1,1,0.28595144,0.3457716,0,2,adulto
ICB_03240_006,ICB_118,copd,3M Littmann 3200 Electronic,81.0,0,1,1,0.36735454,0.41610956,0,2,adulto
ICB_03240_007,ICB_118,copd,3M Littmann 3200 Electronic,81.0,0,1,1,0.2792763,0.34148672,0,2,adulto
ICB_03240_008,ICB_118,copd,3M Littmann 3200 Electronic,81.0,0,0,1,0.40793347,0.58424515,0,0,adulto
ICB_03241_000,ICB_118,copd,3M Littmann 3200 Electronic,81.0,0,0,1,0.29902512,0.35581133,0,0,adulto
ICB_03241_001,ICB_118,copd,3M Littmann 3200 Electronic,81.0,0,1,1,0.29162413,0.35692686,0,2,adulto
ICB_03241_002,ICB_118,copd,3M Littmann 3200 Electronic,81.0,0,0,1,0.305042,0.3603763,0,0,adulto
ICB_03241_003,ICB_118,copd,3M Littmann 3200 Electronic,81.0,0,1,1,0.31168503,0.394794,0,2,adulto
ICB_03241_004,ICB_118,copd,3M Littmann 3200 Electronic,81.0,0,0,1,0.58468735,0.6394603,0,0,adulto
ICB_03242_000,ICB_118,copd,3M Littmann 3200 Electronic,81.0,0,1,1,0.28296152,0.35653454,0,2,adulto
ICB_03242_001,ICB_118,copd,3M Littmann 3200 Electronic,81.0,0,1,1,0.28962114,0.35614854,0,2,adulto
ICB_03242_002,ICB_118,copd,3M Littmann 3200 Electronic,81.0,0,1,1,0.29904497,0.3673939,0,2,adulto
ICB_03242_003,ICB_118,copd,3M Littmann 3200 Electronic,81.0,0,1,1,0.2959148,0.36024436,0,2,adulto
ICB_03242_004,ICB_118,copd,3M Littmann 3200 Electronic,81.0,0,1,1,0.31110892,0.37426808,0,2,adulto
ICB_03242_005,ICB_118,copd,3M Littmann 3200 Electronic,81.0,0,0,1,0.3457669,0.40991026,0,0,adulto
ICB_03242_006,ICB_118,copd,3M Littmann 3200 Electronic,81.0,0,0,1,0.49182427,0.6300987,0,0,adulto
ICB_03243_000,ICB_118,copd,3M Littmann 3200 Electronic,81.0,0,0,1,0.34711105,0.3980269,0,0,adulto
ICB_03243_001,ICB_118,copd,3M Littmann 3200 Electronic,81.0,0,0,1,0.3124305,0.36284053,0,0,adulto
ICB_03243_002,ICB_118,copd,3M Littmann 3200 Electronic,81.0,0,0,1,0.33427936,0.38273862,0,0,adulto
ICB_03243_003,ICB_118,copd,3M Littmann 3200 Electronic,81.0,0,0,1,0.33283052,0.3885594,0,0,adulto
ICB_03243_004,ICB_118,copd,3M Littmann 3200 Electronic,81.0,0,0,1,0.47572756,0.63406426,0,0,adulto
ICB_03244_000,ICB_118,copd,3M Littmann 3200 Electronic,81.0,0,0,1,0.2693618,0.36335418,0,0,adulto
ICB_03244_001,ICB_118,copd,3M Littmann 3200 Electronic,81.0,0,1,1,0.26903373,0.36086604,0,2,adulto
ICB_03244_002,ICB_118,copd,3M Littmann 3200 Electronic,81.0,0,1,1,0.28528228,0.37879843,0,2,adulto
ICB_03244_003,ICB_118,copd,3M Littmann 3200 Electronic,81.0,0,1,1,0.44253805,0.5667524,0,2,adulto
ICB_03244_004,ICB_118,copd,3M Littmann 3200 Electronic,81.0,0,0,1,0.39577183,0.62426555,0,0,adulto
ICB_03245_000,ICB_119,respiratory_infection,AKG C417L Microphone,2.0,0,0,1,0.3511675,0.3447714,0,0,pediátrico (<18)
ICB_03245_001,ICB_119,respiratory_infection,AKG C417L Microphone,2.0,0,0,1,0.504221,0.4193773,0,0,pediátrico (<18)
ICB_03245_002,ICB_119,respiratory_infection,AKG C417L Microphone,2.0,0,0,1,0.4847829,0.40749863,0,0,pediátrico (<18)
ICB_03245_003,ICB_119,respiratory_infection,AKG C417L Microphone,2.0,0,0,1,0.5202518,0.42300674,0,0,pediátrico (<18)
ICB_03245_004,ICB_119,respiratory_infection,AKG C417L Microphone,2.0,0,0,1,0.49729827,0.41529596,0,0,pediátrico (<18)
ICB_03245_005,ICB_119,respiratory_infection,AKG C417L Microphone,2.0,0,0,1,0.58710736,0.46189,0,0,pediátrico (<18)
ICB_03245_006,ICB_119,respiratory_infection,AKG C417L Microphone,2.0,0,0,1,0.50282514,0.41361302,0,0,pediátrico (<18)
ICB_03245_007,ICB_119,respiratory_infection,AKG C417L Microphone,2.0,0,0,1,0.4911083,0.41653338,0,0,pediátrico (<18)
ICB_03245_008,ICB_119,respiratory_infection,AKG C417L Microphone,2.0,0,0,1,0.28579146,0.3102759,0,0,pediátrico (<18)
ICB_03253_000,ICB_122,pneumonia,3M Littmann Classic II SE,66.0,0,0,1,0.5923759,0.48356795,0,0,adulto
ICB_03253_001,ICB_122,pneumonia,3M Littmann Classic II SE,66.0,0,1,1,0.6933129,0.52860904,1,2,adulto
ICB_03253_002,ICB_122,pneumonia,3M Littmann Classic II SE,66.0,0,1,1,0.643074,0.492328,0,2,adulto
ICB_03253_003,ICB_122,pneumonia,3M Littmann Classic II SE,66.0,0,0,1,0.6799674,0.5158574,1,0,adulto
ICB_03253_004,ICB_122,pneumonia,3M Littmann Classic II SE,66.0,0,0,1,0.7081424,0.5237551,1,0,adulto
ICB_03253_005,ICB_122,pneumonia,3M Littmann Classic II SE,66.0,0,0,1,0.42796504,0.3768827,0,0,adulto
ICB_03254_000,ICB_122,pneumonia,3M Littmann Classic II SE,66.0,0,0,1,0.6301746,0.48759592,0,0,adulto
ICB_03254_001,ICB_122,pneumonia,3M Littmann Classic II SE,66.0,0,1,1,0.6948695,0.55264336,1,2,adulto
ICB_03254_002,ICB_122,pneumonia,3M Littmann Classic II SE,66.0,0,0,1,0.64143443,0.5066639,0,0,adulto
ICB_03254_003,ICB_122,pneumonia,3M Littmann Classic II SE,66.0,0,0,1,0.690143,0.52321357,1,0,adulto
ICB_03254_004,ICB_122,pneumonia,3M Littmann Classic II SE,66.0,0,0,1,0.6901908,0.5225243,1,0,adulto
ICB_03254_005,ICB_122,pneumonia,3M Littmann Classic II SE,66.0,0,0,1,0.43788457,0.38756818,0,0,adulto
ICB_03255_000,ICB_122,pneumonia,3M Littmann Classic II SE,66.0,0,1,1,0.55122477,0.5074586,0,2,adulto
ICB_03255_001,ICB_122,pneumonia,3M Littmann Classic II SE,66.0,0,1,1,0.48793256,0.5470159,0,2,adulto
ICB_03255_002,ICB_122,pneumonia,3M Littmann Classic II SE,66.0,0,1,1,0.44813937,0.5089997,0,2,adulto
ICB_03255_003,ICB_122,pneumonia,3M Littmann Classic II SE,66.0,0,1,1,0.48428363,0.5418707,0,2,adulto
ICB_03255_004,ICB_122,pneumonia,3M Littmann Classic II SE,66.0,0,1,1,0.49088797,0.54016536,0,2,adulto
ICB_03255_005,ICB_122,pneumonia,3M Littmann Classic II SE,66.0,0,0,1,0.31592593,0.39491042,0,0,adulto
ICB_03256_000,ICB_122,pneumonia,3M Littmann Classic II SE,66.0,0,0,1,0.3493326,0.34673995,0,0,adulto
ICB_03256_001,ICB_122,pneumonia,3M Littmann Classic II SE,66.0,0,0,1,0.6251437,0.4701756,0,0,adulto
ICB_03256_002,ICB_122,pneumonia,3M Littmann Classic II SE,66.0,0,0,1,0.6751725,0.4951432,1,0,adulto
ICB_03256_003,ICB_122,pneumonia,3M Littmann Classic II SE,66.0,0,0,1,0.7174324,0.5124873,1,0,adulto
ICB_03256_004,ICB_122,pneumonia,3M Littmann Classic II SE,66.0,0,0,1,0.70006293,0.50395954,1,0,adulto
ICB_03256_005,ICB_122,pneumonia,3M Littmann Classic II SE,66.0,0,0,1,0.7173499,0.5228986,1,0,adulto
ICB_03257_000,ICB_122,pneumonia,3M Littmann Classic II SE,66.0,0,0,1,0.36207736,0.36246967,0,0,adulto
ICB_03257_001,ICB_122,pneumonia,3M Littmann Classic II SE,66.0,0,0,1,0.58006597,0.45885324,0,0,adulto
ICB_03257_002,ICB_122,pneumonia,3M Littmann Classic II SE,66.0,0,0,1,0.68569916,0.5169422,1,0,adulto
ICB_03257_003,ICB_122,pneumonia,3M Littmann Classic II SE,66.0,0,0,1,0.7151805,0.5428565,1,0,adulto
ICB_03257_004,ICB_122,pneumonia,3M Littmann Classic II SE,66.0,0,0,1,0.6898987,0.5180864,1,0,adulto
ICB_03257_005,ICB_122,pneumonia,3M Littmann Classic II SE,66.0,0,0,1,0.70902306,0.53503865,1,0,adulto
ICB_03257_006,ICB_122,pneumonia,3M Littmann Classic II SE,66.0,0,0,1,0.25397536,0.29341966,0,0,adulto
ICB_03258_000,ICB_122,pneumonia,3M Littmann Classic II SE,66.0,0,0,1,0.3336493,0.34790313,0,0,adulto
ICB_03258_001,ICB_122,pneumonia,3M Littmann Classic II SE,66.0,0,1,1,0.46802992,0.48980546,0,2,adulto
ICB_03258_002,ICB_122,pneumonia,3M Littmann Classic II SE,66.0,0,1,1,0.5321325,0.52475965,0,2,adulto
ICB_03258_003,ICB_122,pneumonia,3M Littmann Classic II SE,66.0,0,1,1,0.5383675,0.56475306,0,2,adulto
ICB_03258_004,ICB_122,pneumonia,3M Littmann Classic II SE,66.0,0,1,1,0.53013724,0.52024734,0,2,adulto
ICB_03258_005,ICB_122,pneumonia,3M Littmann Classic II SE,66.0,0,1,1,0.51914454,0.55609196,0,2,adulto
ICB_03259_000,ICB_122,pneumonia,3M Littmann Classic II SE,66.0,0,0,1,0.69214225,0.53041536,1,0,adulto
ICB_03259_001,ICB_122,pneumonia,3M Littmann Classic II SE,66.0,0,1,1,0.6778787,0.51882374,1,2,adulto
ICB_03259_002,ICB_122,pneumonia,3M Littmann Classic II SE,66.0,0,0,1,0.7233795,0.52206784,1,0,adulto
ICB_03259_003,ICB_122,pneumonia,3M Littmann Classic II SE,66.0,0,0,1,0.7300631,0.5176123,1,0,adulto
ICB_03259_004,ICB_122,pneumonia,3M Littmann Classic II SE,66.0,0,0,1,0.61987627,0.4811901,0,0,adulto
ICB_03260_000,ICB_122,pneumonia,3M Littmann Classic II SE,66.0,0,0,1,0.7059688,0.56362784,1,0,adulto
ICB_03260_001,ICB_122,pneumonia,3M Littmann Classic II SE,66.0,0,1,1,0.65104765,0.52931654,1,2,adulto
ICB_03260_002,ICB_122,pneumonia,3M Littmann Classic II SE,66.0,0,0,1,0.7218669,0.54092354,1,0,adulto
ICB_03260_003,ICB_122,pneumonia,3M Littmann Classic II SE,66.0,0,0,1,0.71871555,0.5337667,1,0,adulto
ICB_03260_004,ICB_122,pneumonia,3M Littmann Classic II SE,66.0,0,0,1,0.6414936,0.49476588,0,0,adulto
ICB_03261_000,ICB_122,pneumonia,3M Littmann Classic II SE,66.0,0,0,1,0.5258293,0.5366005,0,0,adulto
ICB_03261_001,ICB_122,pneumonia,3M Littmann Classic II SE,66.0,0,0,1,0.47200072,0.5446029,0,0,adulto
ICB_03261_002,ICB_122,pneumonia,3M Littmann Classic II SE,66.0,0,0,1,0.52732795,0.539642,0,0,adulto
ICB_03261_003,ICB_122,pneumonia,3M Littmann Classic II SE,66.0,0,0,1,0.5324765,0.5468988,0,0,adulto
ICB_03261_004,ICB_122,pneumonia,3M Littmann Classic II SE,66.0,0,0,1,0.49001774,0.49269754,0,0,adulto
ICB_03428_000,ICB_142,copd,3M Littmann Classic II SE,78.0,1,0,1,0.40543705,0.37477428,0,1,adulto
ICB_03428_001,ICB_142,copd,3M Littmann Classic II SE,78.0,1,0,1,0.5385548,0.4491891,0,1,adulto
ICB_03428_002,ICB_142,copd,3M Littmann Classic II SE,78.0,1,0,1,0.51644903,0.43184543,0,1,adulto
ICB_03428_003,ICB_142,copd,3M Littmann Classic II SE,78.0,1,0,1,0.48295236,0.4129168,0,1,adulto
ICB_03428_004,ICB_142,copd,3M Littmann Classic II SE,78.0,1,0,1,0.56315905,0.46517774,0,1,adulto
ICB_03428_005,ICB_142,copd,3M Littmann Classic II SE,78.0,1,0,1,0.52893406,0.4384479,0,1,adulto
ICB_03428_006,ICB_142,copd,3M Littmann Classic II SE,78.0,1,0,1,0.50614554,0.43369544,0,1,adulto
ICB_03428_007,ICB_142,copd,3M Littmann Classic II SE,78.0,1,0,1,0.5366364,0.44223794,0,1,adulto
ICB_03428_008,ICB_142,copd,3M Littmann Classic II SE,78.0,1,0,1,0.28126118,0.3147302,0,1,adulto
ICB_03429_000,ICB_143,normal_lung,AKG C417L Microphone,0.25,0,0,1,0.2985865,0.3266719,0,0,pediátrico (<18)
ICB_03429_001,ICB_143,normal_lung,AKG C417L Microphone,0.25,0,0,1,0.3392092,0.3421749,0,0,pediátrico (<18)
ICB_03429_002,ICB_143,normal_lung,AKG C417L Microphone,0.25,0,0,1,0.35501018,0.3542251,0,0,pediátrico (<18)
ICB_03429_003,ICB_143,normal_lung,AKG C417L Microphone,0.25,0,0,1,0.37898183,0.36011872,0,0,pediátrico (<18)
ICB_03429_004,ICB_143,normal_lung,AKG C417L Microphone,0.25,0,0,1,0.34009087,0.34586796,0,0,pediátrico (<18)
ICB_03429_005,ICB_143,normal_lung,AKG C417L Microphone,0.25,0,0,1,0.33252904,0.338523,0,0,pediátrico (<18)
ICB_03429_006,ICB_143,normal_lung,AKG C417L Microphone,0.25,0,0,1,0.36967006,0.3802568,0,0,pediátrico (<18)
ICB_03429_007,ICB_143,normal_lung,AKG C417L Microphone,0.25,0,0,1,0.30979142,0.31984094,0,0,pediátrico (<18)
ICB_03429_008,ICB_143,normal_lung,AKG C417L Microphone,0.25,0,0,1,0.2998558,0.3180656,0,0,pediátrico (<18)
ICB_03429_009,ICB_143,normal_lung,AKG C417L Microphone,0.25,0,0,1,0.31176555,0.33356106,0,0,pediátrico (<18)
ICB_03429_010,ICB_143,normal_lung,AKG C417L Microphone,0.25,0,0,1,0.32380366,0.33664972,0,0,pediátrico (<18)
ICB_03429_011,ICB_143,normal_lung,AKG C417L Microphone,0.25,0,0,1,0.33048356,0.34555656,0,0,pediátrico (<18)
ICB_03429_012,ICB_143,normal_lung,AKG C417L Microphone,0.25,0,0,1,0.34377152,0.35420987,0,0,pediátrico (<18)
ICB_03429_013,ICB_143,normal_lung,AKG C417L Microphone,0.25,0,0,1,0.33047453,0.3450552,0,0,pediátrico (<18)
ICB_03429_014,ICB_143,normal_lung,AKG C417L Microphone,0.25,0,0,1,0.31729695,0.32895973,0,0,pediátrico (<18)
ICB_03429_015,ICB_143,normal_lung,AKG C417L Microphone,0.25,0,0,1,0.333701,0.33938047,0,0,pediátrico (<18)
ICB_03429_016,ICB_143,normal_lung,AKG C417L Microphone,0.25,0,0,1,0.35975966,0.358145,0,0,pediátrico (<18)
ICB_03429_017,ICB_143,normal_lung,AKG C417L Microphone,0.25,0,0,1,0.25009397,0.29168764,0,0,pediátrico (<18)
ICB_03467_000,ICB_149,bronchiolitis_asthma,3M Littmann Classic II SE,0.67,0,0,1,0.28740418,0.33216965,0,0,pediátrico (<18)
ICB_03467_001,ICB_149,bronchiolitis_asthma,3M Littmann Classic II SE,0.67,0,0,1,0.27208313,0.31915635,0,0,pediátrico (<18)
ICB_03467_002,ICB_149,bronchiolitis_asthma,3M Littmann Classic II SE,0.67,0,1,1,0.29064873,0.32406023,0,2,pediátrico (<18)
ICB_03467_003,ICB_149,bronchiolitis_asthma,3M Littmann Classic II SE,0.67,0,1,1,0.31234074,0.34009224,0,2,pediátrico (<18)
ICB_03467_004,ICB_149,bronchiolitis_asthma,3M Littmann Classic II SE,0.67,1,1,1,0.31224975,0.33897802,0,3,pediátrico (<18)
ICB_03467_005,ICB_149,bronchiolitis_asthma,3M Littmann Classic II SE,0.67,0,1,1,0.35148197,0.36526054,0,2,pediátrico (<18)
ICB_03467_006,ICB_149,bronchiolitis_asthma,3M Littmann Classic II SE,0.67,0,0,1,0.3657469,0.36448988,0,0,pediátrico (<18)
ICB_03467_007,ICB_149,bronchiolitis_asthma,3M Littmann Classic II SE,0.67,1,0,1,0.36557078,0.37156525,0,1,pediátrico (<18)
ICB_03467_008,ICB_149,bronchiolitis_asthma,3M Littmann Classic II SE,0.67,0,1,1,0.3676878,0.37407336,0,2,pediátrico (<18)
ICB_03467_009,ICB_149,bronchiolitis_asthma,3M Littmann Classic II SE,0.67,0,1,1,0.33795092,0.37508208,0,2,pediátrico (<18)
ICB_03467_010,ICB_149,bronchiolitis_asthma,3M Littmann Classic II SE,0.67,0,1,1,0.34261733,0.36308467,0,2,pediátrico (<18)
ICB_03467_011,ICB_149,bronchiolitis_asthma,3M Littmann Classic II SE,0.67,0,1,1,0.3285974,0.34624025,0,2,pediátrico (<18)
ICB_03467_012,ICB_149,bronchiolitis_asthma,3M Littmann Classic II SE,0.67,0,1,1,0.3117232,0.33822927,0,2,pediátrico (<18)
ICB_03467_013,ICB_149,bronchiolitis_asthma,3M Littmann Classic II SE,0.67,0,1,1,0.311759,0.34912133,0,2,pediátrico (<18)
ICB_03467_014,ICB_149,bronchiolitis_asthma,3M Littmann Classic II SE,0.67,0,1,1,0.32895914,0.3577236,0,2,pediátrico (<18)
ICB_03467_015,ICB_149,bronchiolitis_asthma,3M Littmann Classic II SE,0.67,0,1,1,0.3632211,0.37834945,0,2,pediátrico (<18)
ICB_03467_016,ICB_149,bronchiolitis_asthma,3M Littmann Classic II SE,0.67,1,1,1,0.3490703,0.3558322,0,3,pediátrico (<18)
ICB_03467_017,ICB_149,bronchiolitis_asthma,3M Littmann Classic II SE,0.67,0,1,1,0.2638989,0.30287924,0,2,pediátrico (<18)
ICB_03468_000,ICB_149,bronchiolitis_asthma,3M Littmann Classic II SE,0.67,0,0,1,0.4480128,0.4154744,0,0,pediátrico (<18)
ICB_03468_001,ICB_149,bronchiolitis_asthma,3M Littmann Classic II SE,0.67,0,0,1,0.32956377,0.36141244,0,0,pediátrico (<18)
ICB_03468_002,ICB_149,bronchiolitis_asthma,3M Littmann Classic II SE,0.67,0,0,1,0.28780428,0.32340896,0,0,pediátrico (<18)
ICB_03468_003,ICB_149,bronchiolitis_asthma,3M Littmann Classic II SE,0.67,0,0,1,0.3147682,0.3373936,0,0,pediátrico (<18)
ICB_03468_004,ICB_149,bronchiolitis_asthma,3M Littmann Classic II SE,0.67,0,0,1,0.30233827,0.33323482,0,0,pediátrico (<18)
ICB_03468_005,ICB_149,bronchiolitis_asthma,3M Littmann Classic II SE,0.67,0,0,1,0.28416705,0.31588233,0,0,pediátrico (<18)
ICB_03468_006,ICB_149,bronchiolitis_asthma,3M Littmann Classic II SE,0.67,0,0,1,0.28590167,0.31498137,0,0,pediátrico (<18)
ICB_03468_007,ICB_149,bronchiolitis_asthma,3M Littmann Classic II SE,0.67,0,0,1,0.30068713,0.32573378,0,0,pediátrico (<18)
ICB_03468_008,ICB_149,bronchiolitis_asthma,3M Littmann Classic II SE,0.67,1,0,1,0.30852747,0.33216658,0,1,pediátrico (<18)
ICB_03468_009,ICB_149,bronchiolitis_asthma,3M Littmann Classic II SE,0.67,1,0,1,0.2872652,0.32039636,0,1,pediátrico (<18)
ICB_03468_010,ICB_149,bronchiolitis_asthma,3M Littmann Classic II SE,0.67,0,0,1,0.38963038,0.3779293,0,0,pediátrico (<18)
ICB_03468_011,ICB_149,bronchiolitis_asthma,3M Littmann Classic II SE,0.67,0,0,1,0.2907612,0.32221347,0,0,pediátrico (<18)
ICB_03468_012,ICB_149,bronchiolitis_asthma,3M Littmann Classic II SE,0.67,0,0,1,0.30660853,0.33220738,0,0,pediátrico (<18)
ICB_03468_013,ICB_149,bronchiolitis_asthma,3M Littmann Classic II SE,0.67,0,0,1,0.32141146,0.34379217,0,0,pediátrico (<18)
ICB_03468_014,ICB_149,bronchiolitis_asthma,3M Littmann Classic II SE,0.67,0,0,1,0.44516286,0.4102498,0,0,pediátrico (<18)
ICB_03468_015,ICB_149,bronchiolitis_asthma,3M Littmann Classic II SE,0.67,0,0,1,0.51449436,0.45141152,0,0,pediátrico (<18)
ICB_03469_000,ICB_149,bronchiolitis_asthma,3M Littmann Classic II SE,0.67,0,1,1,0.24445385,0.28827634,0,2,pediátrico (<18)
ICB_03469_001,ICB_149,bronchiolitis_asthma,3M Littmann Classic II SE,0.67,0,0,1,0.30059636,0.32888582,0,0,pediátrico (<18)
ICB_03469_002,ICB_149,bronchiolitis_asthma,3M Littmann Classic II SE,0.67,0,0,1,0.2900837,0.32641074,0,0,pediátrico (<18)
ICB_03469_003,ICB_149,bronchiolitis_asthma,3M Littmann Classic II SE,0.67,0,0,1,0.32622862,0.33629718,0,0,pediátrico (<18)
ICB_03469_004,ICB_149,bronchiolitis_asthma,3M Littmann Classic II SE,0.67,0,1,1,0.38401276,0.36569285,0,2,pediátrico (<18)
ICB_03469_005,ICB_149,bronchiolitis_asthma,3M Littmann Classic II SE,0.67,0,1,1,0.32243648,0.33048284,0,2,pediátrico (<18)
ICB_03469_006,ICB_149,bronchiolitis_asthma,3M Littmann Classic II SE,0.67,0,1,1,0.35475034,0.3459657,0,2,pediátrico (<18)
ICB_03469_007,ICB_149,bronchiolitis_asthma,3M Littmann Classic II SE,0.67,0,1,1,0.29601756,0.32534817,0,2,pediátrico (<18)
ICB_03469_008,ICB_149,bronchiolitis_asthma,3M Littmann Classic II SE,0.67,0,0,1,0.36678633,0.3818879,0,0,pediátrico (<18)
ICB_03469_009,ICB_149,bronchiolitis_asthma,3M Littmann Classic II SE,0.67,1,0,1,0.33338425,0.3507935,0,1,pediátrico (<18)
ICB_03469_010,ICB_149,bronchiolitis_asthma,3M Littmann Classic II SE,0.67,0,1,1,0.3550763,0.35730746,0,2,pediátrico (<18)
ICB_03469_011,ICB_149,bronchiolitis_asthma,3M Littmann Classic II SE,0.67,0,0,1,0.33640006,0.3425008,0,0,pediátrico (<18)
ICB_03469_012,ICB_149,bronchiolitis_asthma,3M Littmann Classic II SE,0.67,0,0,1,0.30752957,0.32772794,0,0,pediátrico (<18)
ICB_03469_013,ICB_149,bronchiolitis_asthma,3M Littmann Classic II SE,0.67,0,0,1,0.38831866,0.3708653,0,0,pediátrico (<18)
ICB_03469_014,ICB_149,bronchiolitis_asthma,3M Littmann Classic II SE,0.67,0,0,1,0.32123446,0.33098838,0,0,pediátrico (<18)
ICB_03469_015,ICB_149,bronchiolitis_asthma,3M Littmann Classic II SE,0.67,0,0,1,0.3125074,0.32985663,0,0,pediátrico (<18)
ICB_03469_016,ICB_149,bronchiolitis_asthma,3M Littmann Classic II SE,0.67,0,0,1,0.24580884,0.2898684,0,0,pediátrico (<18)
ICB_03542_000,ICB_157,copd,WelchAllyn Meditron Master Elite,62.0,0,0,1,0.6819636,0.54797524,1,0,adulto
ICB_03542_001,ICB_157,copd,WelchAllyn Meditron Master Elite,62.0,0,0,1,0.6636222,0.56810504,1,0,adulto
ICB_03542_002,ICB_157,copd,WelchAllyn Meditron Master Elite,62.0,0,0,1,0.6436056,0.582435,0,0,adulto
ICB_03542_003,ICB_157,copd,WelchAllyn Meditron Master Elite,62.0,0,0,1,0.6288444,0.5509324,0,0,adulto
ICB_03542_004,ICB_157,copd,WelchAllyn Meditron Master Elite,62.0,0,0,1,0.5685305,0.49740583,0,0,adulto
ICB_03542_005,ICB_157,copd,WelchAllyn Meditron Master Elite,62.0,0,0,1,0.65316,0.5690923,1,0,adulto
ICB_03542_006,ICB_157,copd,WelchAllyn Meditron Master Elite,62.0,0,0,1,0.5475131,0.49094573,0,0,adulto
ICB_03542_007,ICB_157,copd,WelchAllyn Meditron Master Elite,62.0,1,0,1,0.6615845,0.53183407,1,1,adulto
ICB_03542_008,ICB_157,copd,WelchAllyn Meditron Master Elite,62.0,0,0,1,0.62402415,0.5328747,0,0,adulto
ICB_03542_009,ICB_157,copd,WelchAllyn Meditron Master Elite,62.0,0,0,1,0.5869081,0.5002532,0,0,adulto
ICB_03542_010,ICB_157,copd,WelchAllyn Meditron Master Elite,62.0,0,0,1,0.52130073,0.44893235,0,0,adulto
ICB_03542_011,ICB_157,copd,WelchAllyn Meditron Master Elite,62.0,1,0,1,0.51550627,0.47432584,0,1,adulto
ICB_03542_012,ICB_157,copd,WelchAllyn Meditron Master Elite,62.0,0,0,1,0.5334981,0.4829529,0,0,adulto
ICB_03542_013,ICB_157,copd,WelchAllyn Meditron Master Elite,62.0,0,0,1,0.52470094,0.48133478,0,0,adulto
ICB_03542_014,ICB_157,copd,WelchAllyn Meditron Master Elite,62.0,0,0,1,0.5838221,0.52271354,0,0,adulto
ICB_03543_000,ICB_157,copd,WelchAllyn Meditron Master Elite,62.0,0,0,1,0.61165977,0.53555506,0,0,adulto
ICB_03543_001,ICB_157,copd,WelchAllyn Meditron Master Elite,62.0,0,0,1,0.5869732,0.54217434,0,0,adulto
ICB_03543_002,ICB_157,copd,WelchAllyn Meditron Master Elite,62.0,0,0,1,0.63580495,0.5642258,0,0,adulto
ICB_03543_003,ICB_157,copd,WelchAllyn Meditron Master Elite,62.0,0,0,1,0.62100935,0.5190917,0,0,adulto
ICB_03543_004,ICB_157,copd,WelchAllyn Meditron Master Elite,62.0,0,0,1,0.6087498,0.5543247,0,0,adulto
ICB_03543_005,ICB_157,copd,WelchAllyn Meditron Master Elite,62.0,0,0,1,0.47559547,0.55926955,0,0,adulto
ICB_03543_006,ICB_157,copd,WelchAllyn Meditron Master Elite,62.0,0,0,1,0.44565487,0.45696107,0,0,adulto
ICB_03543_007,ICB_157,copd,WelchAllyn Meditron Master Elite,62.0,0,0,1,0.4810818,0.41734153,0,0,adulto
ICB_03543_008,ICB_157,copd,WelchAllyn Meditron Master Elite,62.0,0,0,1,0.40992275,0.43732476,0,0,adulto
ICB_03543_009,ICB_157,copd,WelchAllyn Meditron Master Elite,62.0,0,0,1,0.4897359,0.4382157,0,0,adulto
ICB_03543_010,ICB_157,copd,WelchAllyn Meditron Master Elite,62.0,0,0,1,0.49544904,0.454235,0,0,adulto
ICB_03543_011,ICB_157,copd,WelchAllyn Meditron Master Elite,62.0,0,0,1,0.38580716,0.40664333,0,0,adulto
ICB_03544_000,ICB_157,copd,WelchAllyn Meditron Master Elite,62.0,1,0,1,0.5764663,0.53083867,0,1,adulto
ICB_03544_001,ICB_157,copd,WelchAllyn Meditron Master Elite,62.0,1,0,1,0.6130665,0.5454932,0,1,adulto
ICB_03544_002,ICB_157,copd,WelchAllyn Meditron Master Elite,62.0,0,0,1,0.6293202,0.5526196,0,0,adulto
ICB_03544_003,ICB_157,copd,WelchAllyn Meditron Master Elite,62.0,1,0,1,0.5951455,0.530489,0,1,adulto
ICB_03544_004,ICB_157,copd,WelchAllyn Meditron Master Elite,62.0,1,0,1,0.57610315,0.5144001,0,1,adulto
ICB_03544_005,ICB_157,copd,WelchAllyn Meditron Master Elite,62.0,1,0,1,0.54485464,0.5015447,0,1,adulto
ICB_03544_006,ICB_157,copd,WelchAllyn Meditron Master Elite,62.0,1,0,1,0.5516326,0.48997864,0,1,adulto
ICB_03544_007,ICB_157,copd,WelchAllyn Meditron Master Elite,62.0,1,0,1,0.57241946,0.5112426,0,1,adulto
ICB_03544_008,ICB_157,copd,WelchAllyn Meditron Master Elite,62.0,0,0,1,0.6229976,0.56762,0,0,adulto
ICB_03545_000,ICB_157,copd,WelchAllyn Meditron Master Elite,62.0,0,0,1,0.586047,0.55382127,0,0,adulto
ICB_03545_001,ICB_157,copd,WelchAllyn Meditron Master Elite,62.0,0,0,1,0.583559,0.57411987,0,0,adulto
ICB_03545_002,ICB_157,copd,WelchAllyn Meditron Master Elite,62.0,0,0,1,0.53240263,0.49817845,0,0,adulto
ICB_03545_003,ICB_157,copd,WelchAllyn Meditron Master Elite,62.0,0,0,1,0.5965174,0.5510898,0,0,adulto
ICB_03545_004,ICB_157,copd,WelchAllyn Meditron Master Elite,62.0,0,0,1,0.5988597,0.5755952,0,0,adulto
ICB_03545_005,ICB_157,copd,WelchAllyn Meditron Master Elite,62.0,0,0,1,0.5932172,0.5996517,0,0,adulto
ICB_03545_006,ICB_157,copd,WelchAllyn Meditron Master Elite,62.0,1,0,1,0.543269,0.5177951,0,1,adulto
ICB_03545_007,ICB_157,copd,WelchAllyn Meditron Master Elite,62.0,1,0,1,0.6113912,0.5150756,0,1,adulto
ICB_03545_008,ICB_157,copd,WelchAllyn Meditron Master Elite,62.0,0,0,1,0.5857761,0.5250735,0,0,adulto
ICB_03545_009,ICB_157,copd,WelchAllyn Meditron Master Elite,62.0,0,0,1,0.5772309,0.55088466,0,0,adulto
ICB_03545_010,ICB_157,copd,WelchAllyn Meditron Master Elite,62.0,1,0,1,0.6001198,0.5351996,0,1,adulto
ICB_03545_011,ICB_157,copd,WelchAllyn Meditron Master Elite,62.0,1,0,1,0.59471023,0.53236353,0,1,adulto
ICB_03545_012,ICB_157,copd,WelchAllyn Meditron Master Elite,62.0,0,0,1,0.5505156,0.49160418,0,0,adulto
ICB_03546_000,ICB_157,copd,WelchAllyn Meditron Master Elite,62.0,1,0,1,0.57809955,0.54795986,0,1,adulto
ICB_03546_001,ICB_157,copd,WelchAllyn Meditron Master Elite,62.0,1,0,1,0.5345181,0.53482705,0,1,adulto
ICB_03546_002,ICB_157,copd,WelchAllyn Meditron Master Elite,62.0,1,0,1,0.51601017,0.533205,0,1,adulto
ICB_03546_003,ICB_157,copd,WelchAllyn Meditron Master Elite,62.0,1,0,1,0.46564338,0.4722081,0,1,adulto
ICB_03546_004,ICB_157,copd,WelchAllyn Meditron Master Elite,62.0,1,0,1,0.61969876,0.54730546,0,1,adulto
ICB_03546_005,ICB_157,copd,WelchAllyn Meditron Master Elite,62.0,0,0,1,0.62157726,0.6232951,0,0,adulto
ICB_03546_006,ICB_157,copd,WelchAllyn Meditron Master Elite,62.0,1,0,1,0.61771154,0.6033813,0,1,adulto
ICB_03546_007,ICB_157,copd,WelchAllyn Meditron Master Elite,62.0,0,0,1,0.5694956,0.5034683,0,0,adulto
ICB_03546_008,ICB_157,copd,WelchAllyn Meditron Master Elite,62.0,0,0,1,0.55215657,0.492252,0,0,adulto
ICB_03546_009,ICB_157,copd,WelchAllyn Meditron Master Elite,62.0,0,0,1,0.5487487,0.50868624,0,0,adulto
ICB_03546_010,ICB_157,copd,WelchAllyn Meditron Master Elite,62.0,0,0,1,0.4716557,0.476956,0,0,adulto
ICB_03546_011,ICB_157,copd,WelchAllyn Meditron Master Elite,62.0,1,0,1,0.56262,0.5611394,0,1,adulto
ICB_03546_012,ICB_157,copd,WelchAllyn Meditron Master Elite,62.0,1,0,1,0.5610545,0.5570151,0,1,adulto
ICB_03546_013,ICB_157,copd,WelchAllyn Meditron Master Elite,62.0,1,0,1,0.5310316,0.5660892,0,1,adulto
ICB_03546_014,ICB_157,copd,WelchAllyn Meditron Master Elite,62.0,1,0,1,0.5680734,0.50826454,0,1,adulto
ICB_03571_000,ICB_159,normal_lung,AKG C417L Microphone,0.83,0,0,1,0.34316617,0.37661195,0,0,pediátrico (<18)
ICB_03571_001,ICB_159,normal_lung,AKG C417L Microphone,0.83,0,0,1,0.34792465,0.38063908,0,0,pediátrico (<18)
ICB_03571_002,ICB_159,normal_lung,AKG C417L Microphone,0.83,0,1,1,0.39458376,0.41673145,0,2,pediátrico (<18)
ICB_03571_003,ICB_159,normal_lung,AKG C417L Microphone,0.83,0,0,1,0.40319562,0.40593785,0,0,pediátrico (<18)
ICB_03571_004,ICB_159,normal_lung,AKG C417L Microphone,0.83,0,0,1,0.37885687,0.39309418,0,0,pediátrico (<18)
ICB_03571_005,ICB_159,normal_lung,AKG C417L Microphone,0.83,0,0,1,0.38007778,0.3836333,0,0,pediátrico (<18)
ICB_03571_006,ICB_159,normal_lung,AKG C417L Microphone,0.83,0,0,1,0.39440426,0.41146022,0,0,pediátrico (<18)
ICB_03571_007,ICB_159,normal_lung,AKG C417L Microphone,0.83,0,0,1,0.49820462,0.48179114,0,0,pediátrico (<18)
ICB_03571_008,ICB_159,normal_lung,AKG C417L Microphone,0.83,0,0,1,0.38706008,0.39327002,0,0,pediátrico (<18)
ICB_03571_009,ICB_159,normal_lung,AKG C417L Microphone,0.83,0,0,1,0.38342845,0.38683352,0,0,pediátrico (<18)
ICB_03571_010,ICB_159,normal_lung,AKG C417L Microphone,0.83,0,0,1,0.4103246,0.4255163,0,0,pediátrico (<18)
ICB_03571_011,ICB_159,normal_lung,AKG C417L Microphone,0.83,0,0,1,0.28317708,0.31207106,0,0,pediátrico (<18)
ICB_03572_000,ICB_159,normal_lung,AKG C417L Microphone,0.83,0,0,1,0.34829888,0.35069308,0,0,pediátrico (<18)
ICB_03572_001,ICB_159,normal_lung,AKG C417L Microphone,0.83,0,0,1,0.4097948,0.39127865,0,0,pediátrico (<18)
ICB_03572_002,ICB_159,normal_lung,AKG C417L Microphone,0.83,0,0,1,0.43311116,0.39454687,0,0,pediátrico (<18)
ICB_03572_003,ICB_159,normal_lung,AKG C417L Microphone,0.83,0,0,1,0.46401137,0.42118767,0,0,pediátrico (<18)
ICB_03572_004,ICB_159,normal_lung,AKG C417L Microphone,0.83,0,0,1,0.46849838,0.42931587,0,0,pediátrico (<18)
ICB_03572_005,ICB_159,normal_lung,AKG C417L Microphone,0.83,0,0,1,0.39471862,0.43170613,0,0,pediátrico (<18)
ICB_03572_006,ICB_159,normal_lung,AKG C417L Microphone,0.83,0,0,1,0.46098143,0.4182849,0,0,pediátrico (<18)
ICB_03572_007,ICB_159,normal_lung,AKG C417L Microphone,0.83,0,0,1,0.42573753,0.40736344,0,0,pediátrico (<18)
ICB_03572_008,ICB_159,normal_lung,AKG C417L Microphone,0.83,0,0,1,0.33792123,0.36654392,0,0,pediátrico (<18)
ICB_03573_000,ICB_159,normal_lung,AKG C417L Microphone,0.83,0,0,1,0.39196178,0.39313152,0,0,pediátrico (<18)
ICB_03573_001,ICB_159,normal_lung,AKG C417L Microphone,0.83,0,0,1,0.44381943,0.4008666,0,0,pediátrico (<18)
ICB_03573_002,ICB_159,normal_lung,AKG C417L Microphone,0.83,0,0,1,0.40360337,0.38162398,0,0,pediátrico (<18)
ICB_03573_003,ICB_159,normal_lung,AKG C417L Microphone,0.83,0,0,1,0.40964553,0.4042031,0,0,pediátrico (<18)
ICB_03573_004,ICB_159,normal_lung,AKG C417L Microphone,0.83,0,0,1,0.3992007,0.3999218,0,0,pediátrico (<18)
ICB_03573_005,ICB_159,normal_lung,AKG C417L Microphone,0.83,0,0,1,0.41526583,0.38494745,0,0,pediátrico (<18)
ICB_03573_006,ICB_159,normal_lung,AKG C417L Microphone,0.83,0,0,1,0.3830751,0.3659075,0,0,pediátrico (<18)
ICB_03573_007,ICB_159,normal_lung,AKG C417L Microphone,0.83,0,0,1,0.36743224,0.3760242,0,0,pediátrico (<18)
ICB_03573_008,ICB_159,normal_lung,AKG C417L Microphone,0.83,0,0,1,0.38950068,0.3849106,0,0,pediátrico (<18)
ICB_03573_009,ICB_159,normal_lung,AKG C417L Microphone,0.83,0,0,1,0.36188677,0.3879145,0,0,pediátrico (<18)
ICB_03573_010,ICB_159,normal_lung,AKG C417L Microphone,0.83,0,0,1,0.2878908,0.3475104,0,0,pediátrico (<18)
ICB_03573_011,ICB_159,normal_lung,AKG C417L Microphone,0.83,0,0,1,0.28325033,0.32524434,0,0,pediátrico (<18)
ICB_03574_000,ICB_159,normal_lung,AKG C417L Microphone,0.83,0,0,1,0.46421733,0.42504022,0,0,pediátrico (<18)
ICB_03574_001,ICB_159,normal_lung,AKG C417L Microphone,0.83,0,0,1,0.5421707,0.47683972,0,0,pediátrico (<18)
ICB_03574_002,ICB_159,normal_lung,AKG C417L Microphone,0.83,0,0,1,0.58192235,0.5041204,0,0,pediátrico (<18)
ICB_03574_003,ICB_159,normal_lung,AKG C417L Microphone,0.83,0,0,1,0.47547975,0.419285,0,0,pediátrico (<18)
ICB_03574_004,ICB_159,normal_lung,AKG C417L Microphone,0.83,0,0,1,0.44012767,0.41706967,0,0,pediátrico (<18)
ICB_03574_005,ICB_159,normal_lung,AKG C417L Microphone,0.83,0,0,1,0.43843076,0.42826456,0,0,pediátrico (<18)
ICB_03574_006,ICB_159,normal_lung,AKG C417L Microphone,0.83,0,0,1,0.43994638,0.4302189,0,0,pediátrico (<18)
ICB_03574_007,ICB_159,normal_lung,AKG C417L Microphone,0.83,0,0,1,0.51903087,0.45062476,0,0,pediátrico (<18)
ICB_03574_008,ICB_159,normal_lung,AKG C417L Microphone,0.83,0,0,1,0.3111963,0.3370203,0,0,pediátrico (<18)
ICB_03641_000,ICB_166,copd,WelchAllyn Meditron Master Elite,71.0,0,0,1,0.5435846,0.46576747,0,0,adulto
ICB_03641_001,ICB_166,copd,WelchAllyn Meditron Master Elite,71.0,0,0,1,0.5488909,0.46816152,0,0,adulto
ICB_03641_002,ICB_166,copd,WelchAllyn Meditron Master Elite,71.0,0,0,1,0.67975,0.55755997,1,0,adulto
ICB_03641_003,ICB_166,copd,WelchAllyn Meditron Master Elite,71.0,0,0,1,0.46569714,0.41000742,0,0,adulto
ICB_03641_004,ICB_166,copd,WelchAllyn Meditron Master Elite,71.0,0,0,1,0.51180077,0.44269976,0,0,adulto
ICB_03641_005,ICB_166,copd,WelchAllyn Meditron Master Elite,71.0,0,0,1,0.34085572,0.44073343,0,0,adulto
ICB_03641_006,ICB_166,copd,WelchAllyn Meditron Master Elite,71.0,0,0,1,0.3397368,0.3579927,0,0,adulto
ICB_03641_007,ICB_166,copd,WelchAllyn Meditron Master Elite,71.0,0,0,1,0.5332654,0.45174596,0,0,adulto
ICB_03641_008,ICB_166,copd,WelchAllyn Meditron Master Elite,71.0,0,0,1,0.48797616,0.4231474,0,0,adulto
ICB_03641_009,ICB_166,copd,WelchAllyn Meditron Master Elite,71.0,0,0,1,0.5327586,0.45174664,0,0,adulto
ICB_03641_010,ICB_166,copd,WelchAllyn Meditron Master Elite,71.0,1,0,1,0.465855,0.4389268,0,1,adulto
ICB_03641_011,ICB_166,copd,WelchAllyn Meditron Master Elite,71.0,1,0,1,0.5266189,0.45593855,0,1,adulto
ICB_03641_012,ICB_166,copd,WelchAllyn Meditron Master Elite,71.0,0,0,1,0.43130136,0.43106204,0,0,adulto
ICB_03641_013,ICB_166,copd,WelchAllyn Meditron Master Elite,71.0,1,0,1,0.50496423,0.45328194,0,1,adulto
ICB_03641_014,ICB_166,copd,WelchAllyn Meditron Master Elite,71.0,1,0,1,0.49621776,0.4635142,0,1,adulto
ICB_03641_015,ICB_166,copd,WelchAllyn Meditron Master Elite,71.0,1,0,1,0.48011667,0.4591888,0,1,adulto
ICB_03641_016,ICB_166,copd,WelchAllyn Meditron Master Elite,71.0,0,0,1,0.49912375,0.43341067,0,0,adulto
ICB_03642_000,ICB_166,copd,WelchAllyn Meditron Master Elite,71.0,0,0,1,0.43555066,0.40156594,0,0,adulto
ICB_03642_001,ICB_166,copd,WelchAllyn Meditron Master Elite,71.0,0,0,1,0.58011675,0.4673201,0,0,adulto
ICB_03642_002,ICB_166,copd,WelchAllyn Meditron Master Elite,71.0,0,0,1,0.5725813,0.46583223,0,0,adulto
ICB_03642_003,ICB_166,copd,WelchAllyn Meditron Master Elite,71.0,0,0,1,0.6948497,0.5492224,1,0,adulto
ICB_03642_004,ICB_166,copd,WelchAllyn Meditron Master Elite,71.0,0,0,1,0.47380096,0.41517088,0,0,adulto
ICB_03642_005,ICB_166,copd,WelchAllyn Meditron Master Elite,71.0,0,0,1,0.5140578,0.43396726,0,0,adulto
ICB_03642_006,ICB_166,copd,WelchAllyn Meditron Master Elite,71.0,0,0,1,0.45637903,0.403493,0,0,adulto
ICB_03642_007,ICB_166,copd,WelchAllyn Meditron Master Elite,71.0,0,0,1,0.47713274,0.40749037,0,0,adulto
ICB_03642_008,ICB_166,copd,WelchAllyn Meditron Master Elite,71.0,0,0,1,0.4535586,0.4034319,0,0,adulto
ICB_03642_009,ICB_166,copd,WelchAllyn Meditron Master Elite,71.0,0,0,1,0.4385137,0.39237937,0,0,adulto
ICB_03642_010,ICB_166,copd,WelchAllyn Meditron Master Elite,71.0,0,0,1,0.431899,0.3896094,0,0,adulto
ICB_03642_011,ICB_166,copd,WelchAllyn Meditron Master Elite,71.0,0,0,1,0.43138024,0.38244814,0,0,adulto
ICB_03642_012,ICB_166,copd,WelchAllyn Meditron Master Elite,71.0,0,0,1,0.41540548,0.37343964,0,0,adulto
ICB_03642_013,ICB_166,copd,WelchAllyn Meditron Master Elite,71.0,0,0,1,0.43284202,0.3861987,0,0,adulto
ICB_03642_014,ICB_166,copd,WelchAllyn Meditron Master Elite,71.0,0,0,1,0.35619786,0.3620138,0,0,adulto
ICB_03642_015,ICB_166,copd,WelchAllyn Meditron Master Elite,71.0,0,0,1,0.51947725,0.42418972,0,0,adulto
ICB_03642_016,ICB_166,copd,WelchAllyn Meditron Master Elite,71.0,0,0,1,0.50693256,0.42368308,0,0,adulto
ICB_03642_017,ICB_166,copd,WelchAllyn Meditron Master Elite,71.0,0,0,1,0.52134824,0.42776397,0,0,adulto
ICB_03642_018,ICB_166,copd,WelchAllyn Meditron Master Elite,71.0,0,0,1,0.49762824,0.41237926,0,0,adulto
ICB_03642_019,ICB_166,copd,WelchAllyn Meditron Master Elite,71.0,0,0,1,0.5464831,0.44298726,0,0,adulto
ICB_03642_020,ICB_166,copd,WelchAllyn Meditron Master Elite,71.0,0,0,1,0.5488886,0.43940786,0,0,adulto
ICB_03642_021,ICB_166,copd,WelchAllyn Meditron Master Elite,71.0,0,0,1,0.51479036,0.42120662,0,0,adulto
ICB_03642_022,ICB_166,copd,WelchAllyn Meditron Master Elite,71.0,0,0,1,0.55297565,0.45118207,0,0,adulto
ICB_03642_023,ICB_166,copd,WelchAllyn Meditron Master Elite,71.0,0,0,1,0.5299919,0.4286923,0,0,adulto
ICB_03642_024,ICB_166,copd,WelchAllyn Meditron Master Elite,71.0,0,0,1,0.47723937,0.40876555,0,0,adulto
ICB_03643_000,ICB_166,copd,WelchAllyn Meditron Master Elite,71.0,1,0,1,0.4395052,0.41328937,0,1,adulto
ICB_03643_001,ICB_166,copd,WelchAllyn Meditron Master Elite,71.0,1,0,1,0.44246966,0.41342378,0,1,adulto
ICB_03643_002,ICB_166,copd,WelchAllyn Meditron Master Elite,71.0,1,0,1,0.46900854,0.4256481,0,1,adulto
ICB_03643_003,ICB_166,copd,WelchAllyn Meditron Master Elite,71.0,1,0,1,0.45800084,0.42244,0,1,adulto
ICB_03643_004,ICB_166,copd,WelchAllyn Meditron Master Elite,71.0,1,0,1,0.41547525,0.3910677,0,1,adulto
ICB_03643_005,ICB_166,copd,WelchAllyn Meditron Master Elite,71.0,1,0,1,0.4495226,0.4125648,0,1,adulto
ICB_03643_006,ICB_166,copd,WelchAllyn Meditron Master Elite,71.0,1,0,1,0.449118,0.40484497,0,1,adulto
ICB_03643_007,ICB_166,copd,WelchAllyn Meditron Master Elite,71.0,1,0,1,0.48531705,0.42931205,0,1,adulto
ICB_03643_008,ICB_166,copd,WelchAllyn Meditron Master Elite,71.0,1,0,1,0.4579023,0.41466358,0,1,adulto
ICB_03643_009,ICB_166,copd,WelchAllyn Meditron Master Elite,71.0,1,0,1,0.44563556,0.4111912,0,1,adulto
ICB_03643_010,ICB_166,copd,WelchAllyn Meditron Master Elite,71.0,1,0,1,0.41518283,0.39489368,0,1,adulto
ICB_03643_011,ICB_166,copd,WelchAllyn Meditron Master Elite,71.0,1,0,1,0.41100872,0.3878772,0,1,adulto
ICB_03643_012,ICB_166,copd,WelchAllyn Meditron Master Elite,71.0,1,0,1,0.46507365,0.42428014,0,1,adulto
ICB_03643_013,ICB_166,copd,WelchAllyn Meditron Master Elite,71.0,1,0,1,0.5423203,0.4663731,0,1,adulto
ICB_03643_014,ICB_166,copd,WelchAllyn Meditron Master Elite,71.0,1,0,1,0.564057,0.4850292,0,1,adulto
ICB_03643_015,ICB_166,copd,WelchAllyn Meditron Master Elite,71.0,0,0,1,0.5696716,0.48025712,0,0,adulto
ICB_03643_016,ICB_166,copd,WelchAllyn Meditron Master Elite,71.0,0,0,1,0.6417869,0.53805184,0,0,adulto
ICB_03643_017,ICB_166,copd,WelchAllyn Meditron Master Elite,71.0,1,0,1,0.34885365,0.3776908,0,1,adulto
ICB_03643_018,ICB_166,copd,WelchAllyn Meditron Master Elite,71.0,0,0,1,0.6570555,0.58729374,1,0,adulto
ICB_03643_019,ICB_166,copd,WelchAllyn Meditron Master Elite,71.0,0,0,1,0.561452,0.48472947,0,0,adulto
ICB_03643_020,ICB_166,copd,WelchAllyn Meditron Master Elite,71.0,0,0,1,0.5846335,0.5090449,0,0,adulto
ICB_03643_021,ICB_166,copd,WelchAllyn Meditron Master Elite,71.0,0,0,1,0.610632,0.5163059,0,0,adulto
ICB_03643_022,ICB_166,copd,WelchAllyn Meditron Master Elite,71.0,0,0,1,0.60589075,0.5345573,0,0,adulto
ICB_03643_023,ICB_166,copd,WelchAllyn Meditron Master Elite,71.0,0,0,1,0.65844554,0.5484012,1,0,adulto
ICB_03643_024,ICB_166,copd,WelchAllyn Meditron Master Elite,71.0,0,0,1,0.4003294,0.40026885,0,0,adulto
ICB_03644_000,ICB_166,copd,WelchAllyn Meditron Master Elite,71.0,0,0,1,0.47503442,0.42325217,0,0,adulto
ICB_03644_001,ICB_166,copd,WelchAllyn Meditron Master Elite,71.0,0,0,1,0.4986703,0.4439286,0,0,adulto
ICB_03644_002,ICB_166,copd,WelchAllyn Meditron Master Elite,71.0,0,0,1,0.6432355,0.5230783,0,0,adulto
ICB_03644_003,ICB_166,copd,WelchAllyn Meditron Master Elite,71.0,0,0,1,0.40313,0.3930508,0,0,adulto
ICB_03644_004,ICB_166,copd,WelchAllyn Meditron Master Elite,71.0,0,0,1,0.43508267,0.4031249,0,0,adulto
ICB_03644_005,ICB_166,copd,WelchAllyn Meditron Master Elite,71.0,0,0,1,0.5320572,0.45893383,0,0,adulto
ICB_03644_006,ICB_166,copd,WelchAllyn Meditron Master Elite,71.0,0,0,1,0.4857254,0.4247117,0,0,adulto
ICB_03644_007,ICB_166,copd,WelchAllyn Meditron Master Elite,71.0,0,0,1,0.43573073,0.3980201,0,0,adulto
ICB_03644_008,ICB_166,copd,WelchAllyn Meditron Master Elite,71.0,0,0,1,0.4644758,0.41702998,0,0,adulto
ICB_03644_009,ICB_166,copd,WelchAllyn Meditron Master Elite,71.0,0,0,1,0.43432233,0.4054248,0,0,adulto
ICB_03644_010,ICB_166,copd,WelchAllyn Meditron Master Elite,71.0,0,0,1,0.4250714,0.39220995,0,0,adulto
ICB_03644_011,ICB_166,copd,WelchAllyn Meditron Master Elite,71.0,0,0,1,0.3827368,0.3648882,0,0,adulto
ICB_03644_012,ICB_166,copd,WelchAllyn Meditron Master Elite,71.0,0,0,1,0.41175815,0.38758838,0,0,adulto
ICB_03644_013,ICB_166,copd,WelchAllyn Meditron Master Elite,71.0,0,0,1,0.4344012,0.40734762,0,0,adulto
ICB_03644_014,ICB_166,copd,WelchAllyn Meditron Master Elite,71.0,0,0,1,0.4518537,0.42572898,0,0,adulto
ICB_03644_015,ICB_166,copd,WelchAllyn Meditron Master Elite,71.0,0,0,1,0.5909546,0.48083958,0,0,adulto
ICB_03644_016,ICB_166,copd,WelchAllyn Meditron Master Elite,71.0,1,0,1,0.54176015,0.4784312,0,1,adulto
ICB_03644_017,ICB_166,copd,WelchAllyn Meditron Master Elite,71.0,1,0,1,0.49937207,0.4714077,0,1,adulto
ICB_03644_018,ICB_166,copd,WelchAllyn Meditron Master Elite,71.0,1,0,1,0.5232895,0.48062822,0,1,adulto
ICB_03644_019,ICB_166,copd,WelchAllyn Meditron Master Elite,71.0,1,0,1,0.548924,0.49271542,0,1,adulto
ICB_03644_020,ICB_166,copd,WelchAllyn Meditron Master Elite,71.0,1,0,1,0.5157218,0.46390775,0,1,adulto
ICB_03644_021,ICB_166,copd,WelchAllyn Meditron Master Elite,71.0,1,0,1,0.49853233,0.47529688,0,1,adulto
ICB_03644_022,ICB_166,copd,WelchAllyn Meditron Master Elite,71.0,0,0,1,0.5546495,0.49418882,0,0,adulto
ICB_03644_023,ICB_166,copd,WelchAllyn Meditron Master Elite,71.0,1,0,1,0.4480746,0.42709926,0,1,adulto
ICB_03645_000,ICB_166,copd,WelchAllyn Meditron Master Elite,71.0,0,0,1,0.51700866,0.47605452,0,0,adulto
ICB_03645_001,ICB_166,copd,WelchAllyn Meditron Master Elite,71.0,0,0,1,0.54805344,0.46531472,0,0,adulto
ICB_03645_002,ICB_166,copd,WelchAllyn Meditron Master Elite,71.0,0,0,1,0.626486,0.5421998,0,0,adulto
ICB_03645_003,ICB_166,copd,WelchAllyn Meditron Master Elite,71.0,0,1,1,0.45397794,0.4255923,0,2,adulto
ICB_03645_004,ICB_166,copd,WelchAllyn Meditron Master Elite,71.0,0,1,1,0.518395,0.4581641,0,2,adulto
ICB_03645_005,ICB_166,copd,WelchAllyn Meditron Master Elite,71.0,0,0,1,0.5637804,0.49050072,0,0,adulto
ICB_03645_006,ICB_166,copd,WelchAllyn Meditron Master Elite,71.0,0,0,1,0.50703996,0.44691458,0,0,adulto
ICB_03645_007,ICB_166,copd,WelchAllyn Meditron Master Elite,71.0,0,0,1,0.45975786,0.42550647,0,0,adulto
ICB_03645_008,ICB_166,copd,WelchAllyn Meditron Master Elite,71.0,0,0,1,0.5382766,0.46202525,0,0,adulto
ICB_03645_009,ICB_166,copd,WelchAllyn Meditron Master Elite,71.0,0,0,1,0.4964881,0.44307566,0,0,adulto
ICB_03645_010,ICB_166,copd,WelchAllyn Meditron Master Elite,71.0,0,0,1,0.45196083,0.4068452,0,0,adulto
ICB_03645_011,ICB_166,copd,WelchAllyn Meditron Master Elite,71.0,0,0,1,0.44624707,0.41876745,0,0,adulto
ICB_03645_012,ICB_166,copd,WelchAllyn Meditron Master Elite,71.0,0,0,1,0.46813455,0.4258717,0,0,adulto
ICB_03645_013,ICB_166,copd,WelchAllyn Meditron Master Elite,71.0,0,0,1,0.40797466,0.38948667,0,0,adulto
ICB_03645_014,ICB_166,copd,WelchAllyn Meditron Master Elite,71.0,0,0,1,0.48285016,0.4675207,0,0,adulto
ICB_03645_015,ICB_166,copd,WelchAllyn Meditron Master Elite,71.0,0,1,1,0.631487,0.52039945,0,2,adulto
ICB_03645_016,ICB_166,copd,WelchAllyn Meditron Master Elite,71.0,0,0,1,0.6554812,0.55010086,1,0,adulto
ICB_03645_017,ICB_166,copd,WelchAllyn Meditron Master Elite,71.0,0,0,1,0.6526574,0.53245986,1,0,adulto
ICB_03645_018,ICB_166,copd,WelchAllyn Meditron Master Elite,71.0,0,0,1,0.60542184,0.51527,0,0,adulto
ICB_03645_019,ICB_166,copd,WelchAllyn Meditron Master Elite,71.0,0,0,1,0.6371089,0.52716494,0,0,adulto
ICB_03645_020,ICB_166,copd,WelchAllyn Meditron Master Elite,71.0,0,0,1,0.60389775,0.52858,0,0,adulto
ICB_03645_021,ICB_166,copd,WelchAllyn Meditron Master Elite,71.0,0,0,1,0.58331174,0.5016705,0,0,adulto
ICB_03645_022,ICB_166,copd,WelchAllyn Meditron Master Elite,71.0,0,0,1,0.6462377,0.5414546,0,0,adulto
ICB_03645_023,ICB_166,copd,WelchAllyn Meditron Master Elite,71.0,0,0,1,0.513749,0.44341284,0,0,adulto
ICB_03772_000,ICB_178,copd,AKG C417L Microphone,58.0,0,0,1,0.3237078,0.34129956,0,0,adulto
ICB_03772_001,ICB_178,copd,AKG C417L Microphone,58.0,0,1,1,0.33145303,0.35901988,0,2,adulto
ICB_03772_002,ICB_178,copd,AKG C417L Microphone,58.0,0,1,1,0.31990123,0.36402217,0,2,adulto
ICB_03772_003,ICB_178,copd,AKG C417L Microphone,58.0,0,1,1,0.32934338,0.36941504,0,2,adulto
ICB_03772_004,ICB_178,copd,AKG C417L Microphone,58.0,0,1,1,0.34731817,0.3736454,0,2,adulto
ICB_03772_005,ICB_178,copd,AKG C417L Microphone,58.0,0,0,1,0.3434272,0.39508435,0,0,adulto
ICB_03772_006,ICB_178,copd,AKG C417L Microphone,58.0,0,0,1,0.32597408,0.35882217,0,0,adulto
ICB_03772_007,ICB_178,copd,AKG C417L Microphone,58.0,0,1,1,0.3632899,0.38290733,0,2,adulto
ICB_03772_008,ICB_178,copd,AKG C417L Microphone,58.0,0,1,1,0.36351648,0.38785258,0,2,adulto
ICB_03772_009,ICB_178,copd,AKG C417L Microphone,58.0,0,0,1,0.36622941,0.39562863,0,0,adulto
ICB_03772_010,ICB_178,copd,AKG C417L Microphone,58.0,0,0,1,0.37148222,0.38435057,0,0,adulto
ICB_03772_011,ICB_178,copd,AKG C417L Microphone,58.0,0,0,1,0.37296906,0.42200387,0,0,adulto
ICB_03773_000,ICB_178,copd,AKG C417L Microphone,58.0,1,1,1,0.32527274,0.34763277,0,3,adulto
ICB_03773_001,ICB_178,copd,AKG C417L Microphone,58.0,0,1,1,0.3363324,0.36177182,0,2,adulto
ICB_03773_002,ICB_178,copd,AKG C417L Microphone,58.0,0,1,1,0.3229021,0.35653752,0,2,adulto
ICB_03773_003,ICB_178,copd,AKG C417L Microphone,58.0,0,0,1,0.3336187,0.3710211,0,0,adulto
ICB_03773_004,ICB_178,copd,AKG C417L Microphone,58.0,0,1,1,0.3521167,0.36984265,0,2,adulto
ICB_03773_005,ICB_178,copd,AKG C417L Microphone,58.0,0,1,1,0.34695598,0.3850591,0,2,adulto
ICB_03773_006,ICB_178,copd,AKG C417L Microphone,58.0,0,0,1,0.33792847,0.3547949,0,0,adulto
ICB_03773_007,ICB_178,copd,AKG C417L Microphone,58.0,0,1,1,0.36275342,0.38565022,0,2,adulto
ICB_03773_008,ICB_178,copd,AKG C417L Microphone,58.0,1,0,1,0.38012,0.37729374,0,1,adulto
ICB_03773_009,ICB_178,copd,AKG C417L Microphone,58.0,0,0,1,0.38468638,0.38286436,0,0,adulto
ICB_03773_010,ICB_178,copd,AKG C417L Microphone,58.0,0,0,1,0.375513,0.3839551,0,0,adulto
ICB_03773_011,ICB_178,copd,AKG C417L Microphone,58.0,1,0,1,0.3706398,0.43140095,0,1,adulto
ICB_03774_000,ICB_178,copd,AKG C417L Microphone,58.0,0,1,1,0.3303091,0.35045806,0,2,adulto
ICB_03774_001,ICB_178,copd,AKG C417L Microphone,58.0,1,1,1,0.35888198,0.3505292,0,3,adulto
ICB_03774_002,ICB_178,copd,AKG C417L Microphone,58.0,1,1,1,0.3478985,0.35157195,0,3,adulto
ICB_03774_003,ICB_178,copd,AKG C417L Microphone,58.0,0,1,1,0.35221297,0.3645273,0,2,adulto
ICB_03774_004,ICB_178,copd,AKG C417L Microphone,58.0,0,1,1,0.36951172,0.36102858,0,2,adulto
ICB_03774_005,ICB_178,copd,AKG C417L Microphone,58.0,0,0,1,0.35292768,0.397035,0,0,adulto
ICB_03774_006,ICB_178,copd,AKG C417L Microphone,58.0,1,0,1,0.35037157,0.3506142,0,1,adulto
ICB_03774_007,ICB_178,copd,AKG C417L Microphone,58.0,1,1,1,0.39340228,0.3710787,0,3,adulto
ICB_03774_008,ICB_178,copd,AKG C417L Microphone,58.0,1,0,1,0.39260724,0.3690124,0,1,adulto
ICB_03774_009,ICB_178,copd,AKG C417L Microphone,58.0,1,0,1,0.4024605,0.3786782,0,1,adulto
ICB_03774_010,ICB_178,copd,AKG C417L Microphone,58.0,1,0,1,0.40736312,0.37440568,0,1,adulto
ICB_03774_011,ICB_178,copd,AKG C417L Microphone,58.0,1,0,1,0.42589012,0.4029937,0,1,adulto
ICB_03775_000,ICB_178,copd,AKG C417L Microphone,58.0,1,0,1,0.32627785,0.36291867,0,1,adulto
ICB_03775_001,ICB_178,copd,AKG C417L Microphone,58.0,1,0,1,0.35565135,0.37144232,0,1,adulto
ICB_03775_002,ICB_178,copd,AKG C417L Microphone,58.0,1,0,1,0.34474516,0.3649757,0,1,adulto
ICB_03775_003,ICB_178,copd,AKG C417L Microphone,58.0,1,0,1,0.3450866,0.37320143,0,1,adulto
ICB_03775_004,ICB_178,copd,AKG C417L Microphone,58.0,1,0,1,0.35728863,0.38016322,0,1,adulto
ICB_03775_005,ICB_178,copd,AKG C417L Microphone,58.0,1,0,1,0.35308614,0.40082783,0,1,adulto
ICB_03775_006,ICB_178,copd,AKG C417L Microphone,58.0,1,0,1,0.33897397,0.36218172,0,1,adulto
ICB_03775_007,ICB_178,copd,AKG C417L Microphone,58.0,1,0,1,0.3699441,0.38617018,0,1,adulto
ICB_03775_008,ICB_178,copd,AKG C417L Microphone,58.0,1,0,1,0.38189083,0.3866702,0,1,adulto
ICB_03775_009,ICB_178,copd,AKG C417L Microphone,58.0,1,0,1,0.38297343,0.3873751,0,1,adulto
ICB_03775_010,ICB_178,copd,AKG C417L Microphone,58.0,1,0,1,0.40650344,0.3991903,0,1,adulto
ICB_03775_011,ICB_178,copd,AKG C417L Microphone,58.0,1,0,1,0.39828444,0.40599954,0,1,adulto
ICB_03776_000,ICB_178,copd,AKG C417L Microphone,58.0,0,0,1,0.33978793,0.3444271,0,0,adulto
ICB_03776_001,ICB_178,copd,AKG C417L Microphone,58.0,0,1,1,0.37747407,0.35827982,0,2,adulto
ICB_03776_002,ICB_178,copd,AKG C417L Microphone,58.0,1,1,1,0.35656083,0.35309353,0,3,adulto
ICB_03776_003,ICB_178,copd,AKG C417L Microphone,58.0,0,1,1,0.35252124,0.36975172,0,2,adulto
ICB_03776_004,ICB_178,copd,AKG C417L Microphone,58.0,0,1,1,0.3837652,0.3680561,0,2,adulto
ICB_03776_005,ICB_178,copd,AKG C417L Microphone,58.0,0,1,1,0.3535629,0.39870933,0,2,adulto
ICB_03776_006,ICB_178,copd,AKG C417L Microphone,58.0,0,0,1,0.35392615,0.35600582,0,0,adulto
ICB_03776_007,ICB_178,copd,AKG C417L Microphone,58.0,0,1,1,0.4002248,0.37501076,0,2,adulto
ICB_03776_008,ICB_178,copd,AKG C417L Microphone,58.0,0,0,1,0.40334982,0.37940446,0,0,adulto
ICB_03776_009,ICB_178,copd,AKG C417L Microphone,58.0,0,0,1,0.40375194,0.38305146,0,0,adulto
ICB_03776_010,ICB_178,copd,AKG C417L Microphone,58.0,0,0,1,0.41888845,0.37004676,0,0,adulto
ICB_03776_011,ICB_178,copd,AKG C417L Microphone,58.0,0,0,1,0.44917282,0.39643598,0,0,adulto
ICB_03777_000,ICB_178,copd,AKG C417L Microphone,58.0,0,0,1,0.3087226,0.35006338,0,0,adulto
ICB_03777_001,ICB_178,copd,AKG C417L Microphone,58.0,0,1,1,0.3118306,0.36116517,0,2,adulto
ICB_03777_002,ICB_178,copd,AKG C417L Microphone,58.0,0,1,1,0.29630068,0.3659045,0,2,adulto
ICB_03777_003,ICB_178,copd,AKG C417L Microphone,58.0,0,1,1,0.31362247,0.36373383,0,2,adulto
ICB_03777_004,ICB_178,copd,AKG C417L Microphone,58.0,0,0,1,0.31373167,0.37222812,0,0,adulto
ICB_03777_005,ICB_178,copd,AKG C417L Microphone,58.0,0,0,1,0.31936964,0.38005483,0,0,adulto
ICB_03777_006,ICB_178,copd,AKG C417L Microphone,58.0,0,0,1,0.30766016,0.35650942,0,0,adulto
ICB_03777_007,ICB_178,copd,AKG C417L Microphone,58.0,0,1,1,0.33399,0.3805757,0,2,adulto
ICB_03777_008,ICB_178,copd,AKG C417L Microphone,58.0,0,1,1,0.33067214,0.38573635,0,2,adulto
ICB_03777_009,ICB_178,copd,AKG C417L Microphone,58.0,0,0,1,0.33877823,0.38530773,0,0,adulto
ICB_03777_010,ICB_178,copd,AKG C417L Microphone,58.0,0,0,1,0.33806935,0.3822443,0,0,adulto
ICB_03777_011,ICB_178,copd,AKG C417L Microphone,58.0,0,0,1,0.3418523,0.40993664,0,0,adulto
ICB_03778_000,ICB_178,copd,AKG C417L Microphone,58.0,1,1,1,0.47488382,0.5425849,0,3,adulto
ICB_03778_001,ICB_178,copd,AKG C417L Microphone,58.0,1,1,1,0.537758,0.5359839,0,3,adulto
ICB_03778_002,ICB_178,copd,AKG C417L Microphone,58.0,0,1,1,0.52475995,0.5027906,0,2,adulto
ICB_03778_003,ICB_178,copd,AKG C417L Microphone,58.0,0,0,1,0.503298,0.47062033,0,0,adulto
ICB_03778_004,ICB_178,copd,AKG C417L Microphone,58.0,0,0,1,0.3967654,0.44938317,0,0,adulto
ICB_03779_000,ICB_178,copd,AKG C417L Microphone,58.0,1,0,1,0.45641008,0.5762091,0,1,adulto
ICB_03779_001,ICB_178,copd,AKG C417L Microphone,58.0,1,0,1,0.53423566,0.5558292,0,1,adulto
ICB_03779_002,ICB_178,copd,AKG C417L Microphone,58.0,1,1,1,0.50342077,0.5323867,0,3,adulto
ICB_03779_003,ICB_178,copd,AKG C417L Microphone,58.0,1,0,1,0.50066394,0.4926035,0,1,adulto
ICB_03779_004,ICB_178,copd,AKG C417L Microphone,58.0,1,0,1,0.37717307,0.47361916,0,1,adulto
ICB_03780_000,ICB_178,copd,AKG C417L Microphone,58.0,0,0,1,0.5858922,0.48555604,0,0,adulto
ICB_03780_001,ICB_178,copd,AKG C417L Microphone,58.0,0,0,1,0.59230167,0.4926175,0,0,adulto
ICB_03780_002,ICB_178,copd,AKG C417L Microphone,58.0,0,0,1,0.5742309,0.4767105,0,0,adulto
ICB_03780_003,ICB_178,copd,AKG C417L Microphone,58.0,0,0,1,0.54045683,0.450207,0,0,adulto
ICB_03780_004,ICB_178,copd,AKG C417L Microphone,58.0,0,0,1,0.48185506,0.41734833,0,0,adulto
ICB_03781_000,ICB_178,copd,AKG C417L Microphone,58.0,0,0,1,0.5841133,0.5359961,0,0,adulto
ICB_03781_001,ICB_178,copd,AKG C417L Microphone,58.0,0,0,1,0.60861325,0.5326761,0,0,adulto
ICB_03781_002,ICB_178,copd,AKG C417L Microphone,58.0,0,0,1,0.615089,0.49937516,0,0,adulto
ICB_03781_003,ICB_178,copd,AKG C417L Microphone,58.0,0,0,1,0.5490217,0.47573864,0,0,adulto
ICB_03781_004,ICB_178,copd,AKG C417L Microphone,58.0,0,0,1,0.46439335,0.4411698,0,0,adulto
ICB_03782_000,ICB_178,copd,AKG C417L Microphone,58.0,0,0,1,0.6932034,0.5136808,1,0,adulto
ICB_03782_001,ICB_178,copd,AKG C417L Microphone,58.0,0,0,1,0.6389276,0.5230222,0,0,adulto
ICB_03782_002,ICB_178,copd,AKG C417L Microphone,58.0,0,0,1,0.6374897,0.4945137,0,0,adulto
ICB_03782_003,ICB_178,copd,AKG C417L Microphone,58.0,0,0,1,0.57975006,0.46589804,0,0,adulto
ICB_03782_004,ICB_178,copd,AKG C417L Microphone,58.0,0,0,1,0.54468036,0.43457797,0,0,adulto
ICB_03783_000,ICB_178,copd,AKG C417L Microphone,58.0,0,0,1,0.3982687,0.4892436,0,0,adulto
ICB_03783_001,ICB_178,copd,AKG C417L Microphone,58.0,0,0,1,0.4664547,0.5024361,0,0,adulto
ICB_03783_002,ICB_178,copd,AKG C417L Microphone,58.0,1,0,1,0.41140053,0.47607586,0,1,adulto
ICB_03783_003,ICB_178,copd,AKG C417L Microphone,58.0,0,0,1,0.41808355,0.4452722,0,0,adulto
ICB_03783_004,ICB_178,copd,AKG C417L Microphone,58.0,0,0,1,0.34805918,0.4075574,0,0,adulto
ICB_03784_000,ICB_178,copd,AKG C417L Microphone,58.0,0,0,1,0.3688485,0.383067,0,0,adulto
ICB_03784_001,ICB_178,copd,AKG C417L Microphone,58.0,0,0,1,0.43813536,0.45253608,0,0,adulto
ICB_03784_002,ICB_178,copd,AKG C417L Microphone,58.0,0,0,1,0.437891,0.410228,0,0,adulto
ICB_03784_003,ICB_178,copd,AKG C417L Microphone,58.0,0,0,1,0.38228723,0.4626647,0,0,adulto
ICB_03784_004,ICB_178,copd,AKG C417L Microphone,58.0,0,0,1,0.402161,0.41019583,0,0,adulto
ICB_03784_005,ICB_178,copd,AKG C417L Microphone,58.0,0,0,1,0.42631128,0.41103107,0,0,adulto
ICB_03784_006,ICB_178,copd,AKG C417L Microphone,58.0,0,0,1,0.4257887,0.43079537,0,0,adulto
ICB_03784_007,ICB_178,copd,AKG C417L Microphone,58.0,0,0,1,0.42489678,0.42785466,0,0,adulto
ICB_03785_000,ICB_178,copd,AKG C417L Microphone,58.0,1,0,1,0.34939072,0.39795783,0,1,adulto
ICB_03785_001,ICB_178,copd,AKG C417L Microphone,58.0,1,0,1,0.42631853,0.4836677,0,1,adulto
ICB_03785_002,ICB_178,copd,AKG C417L Microphone,58.0,1,0,1,0.42801484,0.4371848,0,1,adulto
ICB_03785_003,ICB_178,copd,AKG C417L Microphone,58.0,1,0,1,0.33785537,0.4914322,0,1,adulto
ICB_03785_004,ICB_178,copd,AKG C417L Microphone,58.0,1,0,1,0.3902666,0.43562058,0,1,adulto
ICB_03785_005,ICB_178,copd,AKG C417L Microphone,58.0,1,0,1,0.4123557,0.4293182,0,1,adulto
ICB_03785_006,ICB_178,copd,AKG C417L Microphone,58.0,1,0,1,0.41039366,0.4727305,0,1,adulto
ICB_03785_007,ICB_178,copd,AKG C417L Microphone,58.0,1,0,1,0.40471706,0.4690571,0,1,adulto
ICB_03786_000,ICB_178,copd,AKG C417L Microphone,58.0,0,1,1,0.41416138,0.3729683,0,2,adulto
ICB_03786_001,ICB_178,copd,AKG C417L Microphone,58.0,0,1,1,0.50068194,0.451247,0,2,adulto
ICB_03786_002,ICB_178,copd,AKG C417L Microphone,58.0,0,1,1,0.47628945,0.41001675,0,2,adulto
ICB_03786_003,ICB_178,copd,AKG C417L Microphone,58.0,0,1,1,0.38910618,0.4660838,0,2,adulto
ICB_03786_004,ICB_178,copd,AKG C417L Microphone,58.0,0,1,1,0.42279387,0.4140804,0,2,adulto
ICB_03786_005,ICB_178,copd,AKG C417L Microphone,58.0,0,1,1,0.4871706,0.39845592,0,2,adulto
ICB_03786_006,ICB_178,copd,AKG C417L Microphone,58.0,0,1,1,0.502955,0.43184543,0,2,adulto
ICB_03786_007,ICB_178,copd,AKG C417L Microphone,58.0,0,1,1,0.46051273,0.43911693,0,2,adulto
ICB_03787_000,ICB_178,copd,AKG C417L Microphone,58.0,0,0,1,0.40574384,0.38222116,0,0,adulto
ICB_03787_001,ICB_178,copd,AKG C417L Microphone,58.0,0,0,1,0.4734827,0.4413101,0,0,adulto
ICB_03787_002,ICB_178,copd,AKG C417L Microphone,58.0,0,0,1,0.46459898,0.40728208,0,0,adulto
ICB_03787_003,ICB_178,copd,AKG C417L Microphone,58.0,0,0,1,0.39625335,0.44627857,0,0,adulto
ICB_03787_004,ICB_178,copd,AKG C417L Microphone,58.0,0,0,1,0.4216627,0.41045132,0,0,adulto
ICB_03787_005,ICB_178,copd,AKG C417L Microphone,58.0,0,0,1,0.45104098,0.39850128,0,0,adulto
ICB_03787_006,ICB_178,copd,AKG C417L Microphone,58.0,0,0,1,0.46131924,0.4168472,0,0,adulto
ICB_03787_007,ICB_178,copd,AKG C417L Microphone,58.0,0,0,1,0.4551714,0.4139239,0,0,adulto
ICB_03788_000,ICB_178,copd,AKG C417L Microphone,58.0,0,0,1,0.38720098,0.37370238,0,0,adulto
ICB_03788_001,ICB_178,copd,AKG C417L Microphone,58.0,0,0,1,0.44423994,0.45769644,0,0,adulto
ICB_03788_002,ICB_178,copd,AKG C417L Microphone,58.0,0,0,1,0.43696865,0.41243392,0,0,adulto
ICB_03788_003,ICB_178,copd,AKG C417L Microphone,58.0,0,0,1,0.38155678,0.4524483,0,0,adulto
ICB_03788_004,ICB_178,copd,AKG C417L Microphone,58.0,0,0,1,0.39871034,0.41875452,0,0,adulto
ICB_03788_005,ICB_178,copd,AKG C417L Microphone,58.0,0,0,1,0.4113944,0.4226965,0,0,adulto
ICB_03788_006,ICB_178,copd,AKG C417L Microphone,58.0,0,0,1,0.43405187,0.44113874,0,0,adulto
ICB_03788_007,ICB_178,copd,AKG C417L Microphone,58.0,0,0,1,0.4308978,0.43444076,0,0,adulto
ICB_03789_000,ICB_178,copd,AKG C417L Microphone,58.0,0,0,1,0.42714924,0.37195912,0,0,adulto
ICB_03789_001,ICB_178,copd,AKG C417L Microphone,58.0,0,1,1,0.5098746,0.4402632,0,2,adulto
ICB_03789_002,ICB_178,copd,AKG C417L Microphone,58.0,0,0,1,0.4893315,0.405758,0,0,adulto
ICB_03789_003,ICB_178,copd,AKG C417L Microphone,58.0,0,0,1,0.41192245,0.4523756,0,0,adulto
ICB_03789_004,ICB_178,copd,AKG C417L Microphone,58.0,0,0,1,0.43640807,0.40487757,0,0,adulto
ICB_03789_005,ICB_178,copd,AKG C417L Microphone,58.0,0,0,1,0.4873668,0.39545345,0,0,adulto
ICB_03789_006,ICB_178,copd,AKG C417L Microphone,58.0,0,0,1,0.52390057,0.41740307,0,0,adulto
ICB_03789_007,ICB_178,copd,AKG C417L Microphone,58.0,0,1,1,0.48214945,0.4196429,0,2,adulto
ICB_03790_000,ICB_178,copd,AKG C417L Microphone,58.0,0,0,1,0.33099985,0.38051778,0,0,adulto
ICB_03790_001,ICB_178,copd,AKG C417L Microphone,58.0,0,0,1,0.40931365,0.43611893,0,0,adulto
ICB_03790_002,ICB_178,copd,AKG C417L Microphone,58.0,0,0,1,0.40018016,0.4103556,0,0,adulto
ICB_03790_003,ICB_178,copd,AKG C417L Microphone,58.0,0,0,1,0.3494272,0.44021797,0,0,adulto
ICB_03790_004,ICB_178,copd,AKG C417L Microphone,58.0,0,0,1,0.39565867,0.41515234,0,0,adulto
ICB_03790_005,ICB_178,copd,AKG C417L Microphone,58.0,0,0,1,0.38480636,0.4094053,0,0,adulto
ICB_03790_006,ICB_178,copd,AKG C417L Microphone,58.0,0,0,1,0.39059937,0.4357583,0,0,adulto
ICB_03790_007,ICB_178,copd,AKG C417L Microphone,58.0,0,0,1,0.3955902,0.4284364,0,0,adulto
ICB_03791_000,ICB_178,copd,AKG C417L Microphone,58.0,1,0,1,0.34917834,0.37303174,0,1,adulto
ICB_03791_001,ICB_178,copd,AKG C417L Microphone,58.0,1,0,1,0.37425882,0.4007976,0,1,adulto
ICB_03791_002,ICB_178,copd,AKG C417L Microphone,58.0,1,0,1,0.3865561,0.4117767,0,1,adulto
ICB_03791_003,ICB_178,copd,AKG C417L Microphone,58.0,0,0,1,0.37540662,0.39902323,0,0,adulto
ICB_03791_004,ICB_178,copd,AKG C417L Microphone,58.0,1,0,1,0.3999522,0.40934408,0,1,adulto
ICB_03791_005,ICB_178,copd,AKG C417L Microphone,58.0,0,0,1,0.40305346,0.41020375,0,0,adulto
ICB_03791_006,ICB_178,copd,AKG C417L Microphone,58.0,1,0,1,0.4223978,0.41122556,0,1,adulto
ICB_03791_007,ICB_178,copd,AKG C417L Microphone,58.0,1,0,1,0.39676353,0.40443793,0,1,adulto
ICB_03791_008,ICB_178,copd,AKG C417L Microphone,58.0,1,0,1,0.39877832,0.42987603,0,1,adulto
ICB_03791_009,ICB_178,copd,AKG C417L Microphone,58.0,0,0,1,0.28597003,0.32255253,0,0,adulto
ICB_03792_000,ICB_178,copd,AKG C417L Microphone,58.0,0,0,1,0.33685493,0.3507009,0,0,adulto
ICB_03792_001,ICB_178,copd,AKG C417L Microphone,58.0,0,0,1,0.35785466,0.36981434,0,0,adulto
ICB_03792_002,ICB_178,copd,AKG C417L Microphone,58.0,0,0,1,0.38586038,0.3930444,0,0,adulto
ICB_03792_003,ICB_178,copd,AKG C417L Microphone,58.0,1,0,1,0.3688821,0.3827725,0,1,adulto
ICB_03792_004,ICB_178,copd,AKG C417L Microphone,58.0,0,0,1,0.38845333,0.39191613,0,0,adulto
ICB_03792_005,ICB_178,copd,AKG C417L Microphone,58.0,1,0,1,0.39437553,0.39214805,0,1,adulto
ICB_03792_006,ICB_178,copd,AKG C417L Microphone,58.0,1,0,1,0.39957792,0.40628323,0,1,adulto
ICB_03792_007,ICB_178,copd,AKG C417L Microphone,58.0,1,0,1,0.40035656,0.3957996,0,1,adulto
ICB_03792_008,ICB_178,copd,AKG C417L Microphone,58.0,1,0,1,0.3820413,0.41347855,0,1,adulto
ICB_03792_009,ICB_178,copd,AKG C417L Microphone,58.0,1,0,1,0.28401923,0.3158465,0,1,adulto
ICB_03793_000,ICB_178,copd,AKG C417L Microphone,58.0,0,0,1,0.38290012,0.36746806,0,0,adulto
ICB_03793_001,ICB_178,copd,AKG C417L Microphone,58.0,0,0,1,0.38893098,0.37822574,0,0,adulto
ICB_03793_002,ICB_178,copd,AKG C417L Microphone,58.0,0,0,1,0.4013796,0.40085796,0,0,adulto
ICB_03793_003,ICB_178,copd,AKG C417L Microphone,58.0,0,0,1,0.40769696,0.37880972,0,0,adulto
ICB_03793_004,ICB_178,copd,AKG C417L Microphone,58.0,0,0,1,0.4465387,0.3889293,0,0,adulto
ICB_03793_005,ICB_178,copd,AKG C417L Microphone,58.0,0,0,1,0.44881308,0.3934735,0,0,adulto
ICB_03793_006,ICB_178,copd,AKG C417L Microphone,58.0,0,0,1,0.45635444,0.4039,0,0,adulto
ICB_03793_007,ICB_178,copd,AKG C417L Microphone,58.0,0,0,1,0.4341549,0.3876857,0,0,adulto
ICB_03793_008,ICB_178,copd,AKG C417L Microphone,58.0,0,0,1,0.42039385,0.40607965,0,0,adulto
ICB_03793_009,ICB_178,copd,AKG C417L Microphone,58.0,0,0,1,0.2928111,0.3134976,0,0,adulto
ICB_03794_000,ICB_178,copd,AKG C417L Microphone,58.0,0,0,1,0.39262575,0.36454707,0,0,adulto
ICB_03794_001,ICB_178,copd,AKG C417L Microphone,58.0,0,0,1,0.43858692,0.37921813,0,0,adulto
ICB_03794_002,ICB_178,copd,AKG C417L Microphone,58.0,0,0,1,0.46461043,0.39943013,0,0,adulto
ICB_03794_003,ICB_178,copd,AKG C417L Microphone,58.0,0,0,1,0.43198255,0.37756175,0,0,adulto
ICB_03794_004,ICB_178,copd,AKG C417L Microphone,58.0,0,0,1,0.46934995,0.39036593,0,0,adulto
ICB_03794_005,ICB_178,copd,AKG C417L Microphone,58.0,0,0,1,0.47632542,0.400221,0,0,adulto
ICB_03794_006,ICB_178,copd,AKG C417L Microphone,58.0,0,0,1,0.4876956,0.4022108,0,0,adulto
ICB_03794_007,ICB_178,copd,AKG C417L Microphone,58.0,0,0,1,0.46488458,0.3885974,0,0,adulto
ICB_03794_008,ICB_178,copd,AKG C417L Microphone,58.0,0,0,1,0.44052702,0.41894513,0,0,adulto
ICB_03794_009,ICB_178,copd,AKG C417L Microphone,58.0,0,0,1,0.2964849,0.3174273,0,0,adulto
ICB_03795_000,ICB_178,copd,AKG C417L Microphone,58.0,0,0,1,0.31394032,0.35945794,0,0,adulto
ICB_03795_001,ICB_178,copd,AKG C417L Microphone,58.0,0,0,1,0.33415154,0.3822848,0,0,adulto
ICB_03795_002,ICB_178,copd,AKG C417L Microphone,58.0,0,0,1,0.359527,0.39850286,0,0,adulto
ICB_03795_003,ICB_178,copd,AKG C417L Microphone,58.0,0,0,1,0.32988885,0.3823902,0,0,adulto
ICB_03795_004,ICB_178,copd,AKG C417L Microphone,58.0,0,0,1,0.35735297,0.39448488,0,0,adulto
ICB_03795_005,ICB_178,copd,AKG C417L Microphone,58.0,0,0,1,0.35948208,0.4010428,0,0,adulto
ICB_03795_006,ICB_178,copd,AKG C417L Microphone,58.0,0,0,1,0.36622706,0.40058067,0,0,adulto
ICB_03795_007,ICB_178,copd,AKG C417L Microphone,58.0,0,0,1,0.3591543,0.39266393,0,0,adulto
ICB_03795_008,ICB_178,copd,AKG C417L Microphone,58.0,0,0,1,0.36191142,0.40840906,0,0,adulto
ICB_03795_009,ICB_178,copd,AKG C417L Microphone,58.0,0,0,1,0.27662838,0.31571165,0,0,adulto
ICB_03810_000,ICB_184,normal_lung,3M Littmann Classic II SE,2.0,0,0,1,0.34949544,0.36145633,0,0,pediátrico (<18)
ICB_03810_001,ICB_184,normal_lung,3M Littmann Classic II SE,2.0,0,0,1,0.54431504,0.47113264,0,0,pediátrico (<18)
ICB_03810_002,ICB_184,normal_lung,3M Littmann Classic II SE,2.0,0,0,1,0.63987637,0.51207197,0,0,pediátrico (<18)
ICB_03810_003,ICB_184,normal_lung,3M Littmann Classic II SE,2.0,0,0,1,0.63923246,0.51874685,0,0,pediátrico (<18)
ICB_03810_004,ICB_184,normal_lung,3M Littmann Classic II SE,2.0,0,0,1,0.51939493,0.44990277,0,0,pediátrico (<18)
ICB_03810_005,ICB_184,normal_lung,3M Littmann Classic II SE,2.0,0,0,1,0.55078095,0.48543712,0,0,pediátrico (<18)
ICB_03810_006,ICB_184,normal_lung,3M Littmann Classic II SE,2.0,0,0,1,0.60173875,0.5070363,0,0,pediátrico (<18)
ICB_03810_007,ICB_184,normal_lung,3M Littmann Classic II SE,2.0,0,0,1,0.5045637,0.44393152,0,0,pediátrico (<18)
ICB_03857_000,ICB_193,copd,AKG C417L Microphone,77.0,0,0,1,0.29672366,0.33079755,0,0,adulto
ICB_03857_001,ICB_193,copd,AKG C417L Microphone,77.0,0,1,1,0.35639983,0.3776927,0,2,adulto
ICB_03857_002,ICB_193,copd,AKG C417L Microphone,77.0,0,1,1,0.35138056,0.38201797,0,2,adulto
ICB_03857_003,ICB_193,copd,AKG C417L Microphone,77.0,0,1,1,0.36261263,0.38053277,0,2,adulto
ICB_03857_004,ICB_193,copd,AKG C417L Microphone,77.0,0,1,1,0.3654405,0.3784484,0,2,adulto
ICB_03857_005,ICB_193,copd,AKG C417L Microphone,77.0,0,1,1,0.3583954,0.3820474,0,2,adulto
ICB_03857_006,ICB_193,copd,AKG C417L Microphone,77.0,0,1,1,0.3635875,0.38577458,0,2,adulto
ICB_03857_007,ICB_193,copd,AKG C417L Microphone,77.0,0,1,1,0.37207666,0.38892737,0,2,adulto
ICB_03857_008,ICB_193,copd,AKG C417L Microphone,77.0,0,1,1,0.3622681,0.38365647,0,2,adulto
ICB_03857_009,ICB_193,copd,AKG C417L Microphone,77.0,0,1,1,0.36009735,0.38706082,0,2,adulto
ICB_03857_010,ICB_193,copd,AKG C417L Microphone,77.0,0,1,1,0.34319663,0.381277,0,2,adulto
ICB_03857_011,ICB_193,copd,AKG C417L Microphone,77.0,0,1,1,0.35595107,0.39171806,0,2,adulto
ICB_03858_000,ICB_193,copd,AKG C417L Microphone,77.0,0,0,1,0.27694193,0.3260384,0,0,adulto
ICB_03858_001,ICB_193,copd,AKG C417L Microphone,77.0,0,1,1,0.329782,0.36946166,0,2,adulto
ICB_03858_002,ICB_193,copd,AKG C417L Microphone,77.0,0,1,1,0.33357322,0.37729633,0,2,adulto
ICB_03858_003,ICB_193,copd,AKG C417L Microphone,77.0,0,1,1,0.34587196,0.37484312,0,2,adulto
ICB_03858_004,ICB_193,copd,AKG C417L Microphone,77.0,0,1,1,0.34067422,0.37604266,0,2,adulto
ICB_03858_005,ICB_193,copd,AKG C417L Microphone,77.0,0,1,1,0.3297444,0.3728894,0,2,adulto
ICB_03858_006,ICB_193,copd,AKG C417L Microphone,77.0,0,1,1,0.34085268,0.38227183,0,2,adulto
ICB_03858_007,ICB_193,copd,AKG C417L Microphone,77.0,0,1,1,0.34209356,0.390487,0,2,adulto
ICB_03858_008,ICB_193,copd,AKG C417L Microphone,77.0,0,1,1,0.34047937,0.3836889,0,2,adulto
ICB_03858_009,ICB_193,copd,AKG C417L Microphone,77.0,0,1,1,0.33686158,0.38899752,0,2,adulto
ICB_03858_010,ICB_193,copd,AKG C417L Microphone,77.0,0,1,1,0.32786468,0.37899834,0,2,adulto
ICB_03858_011,ICB_193,copd,AKG C417L Microphone,77.0,0,1,1,0.3369358,0.3872041,0,2,adulto
ICB_03859_000,ICB_193,copd,AKG C417L Microphone,77.0,0,0,1,0.3035056,0.32781726,0,0,adulto
ICB_03859_001,ICB_193,copd,AKG C417L Microphone,77.0,0,0,1,0.37624556,0.3735439,0,0,adulto
ICB_03859_002,ICB_193,copd,AKG C417L Microphone,77.0,0,0,1,0.37535387,0.37284902,0,0,adulto
ICB_03859_003,ICB_193,copd,AKG C417L Microphone,77.0,0,0,1,0.38322654,0.37842047,0,0,adulto
ICB_03859_004,ICB_193,copd,AKG C417L Microphone,77.0,0,0,1,0.37956768,0.37441882,0,0,adulto
ICB_03859_005,ICB_193,copd,AKG C417L Microphone,77.0,0,0,1,0.3722062,0.37179604,0,0,adulto
ICB_03859_006,ICB_193,copd,AKG C417L Microphone,77.0,0,0,1,0.3744434,0.37809786,0,0,adulto
ICB_03859_007,ICB_193,copd,AKG C417L Microphone,77.0,0,0,1,0.38355944,0.38936168,0,0,adulto
ICB_03859_008,ICB_193,copd,AKG C417L Microphone,77.0,0,0,1,0.38267398,0.385052,0,0,adulto
ICB_03859_009,ICB_193,copd,AKG C417L Microphone,77.0,0,0,1,0.3887119,0.38694444,0,0,adulto
ICB_03859_010,ICB_193,copd,AKG C417L Microphone,77.0,0,0,1,0.37441912,0.37919727,0,0,adulto
ICB_03859_011,ICB_193,copd,AKG C417L Microphone,77.0,0,0,1,0.38576773,0.3849883,0,0,adulto
ICB_03860_000,ICB_193,copd,AKG C417L Microphone,77.0,0,1,1,0.31100494,0.32905027,0,2,adulto
ICB_03860_001,ICB_193,copd,AKG C417L Microphone,77.0,0,1,1,0.38410246,0.3735033,0,2,adulto
ICB_03860_002,ICB_193,copd,AKG C417L Microphone,77.0,0,1,1,0.37588054,0.37185222,0,2,adulto
ICB_03860_003,ICB_193,copd,AKG C417L Microphone,77.0,0,1,1,0.3850482,0.37655374,0,2,adulto
ICB_03860_004,ICB_193,copd,AKG C417L Microphone,77.0,0,1,1,0.38355395,0.3770631,0,2,adulto
ICB_03860_005,ICB_193,copd,AKG C417L Microphone,77.0,0,1,1,0.38418964,0.3771893,0,2,adulto
ICB_03860_006,ICB_193,copd,AKG C417L Microphone,77.0,0,1,1,0.37667263,0.3807364,0,2,adulto
ICB_03860_007,ICB_193,copd,AKG C417L Microphone,77.0,0,1,1,0.39579862,0.38363516,0,2,adulto
ICB_03860_008,ICB_193,copd,AKG C417L Microphone,77.0,0,1,1,0.37996688,0.3807042,0,2,adulto
ICB_03860_009,ICB_193,copd,AKG C417L Microphone,77.0,0,1,1,0.3856485,0.38013715,0,2,adulto
ICB_03860_010,ICB_193,copd,AKG C417L Microphone,77.0,0,1,1,0.3687459,0.3751352,0,2,adulto
ICB_03860_011,ICB_193,copd,AKG C417L Microphone,77.0,0,1,1,0.38968706,0.38243154,0,2,adulto
ICB_03861_000,ICB_193,copd,AKG C417L Microphone,77.0,0,1,1,0.3195819,0.33063725,0,2,adulto
ICB_03861_001,ICB_193,copd,AKG C417L Microphone,77.0,0,1,1,0.38771117,0.3771336,0,2,adulto
ICB_03861_002,ICB_193,copd,AKG C417L Microphone,77.0,0,1,1,0.37672028,0.37134948,0,2,adulto
ICB_03861_003,ICB_193,copd,AKG C417L Microphone,77.0,0,1,1,0.38996005,0.377014,0,2,adulto
ICB_03861_004,ICB_193,copd,AKG C417L Microphone,77.0,0,1,1,0.38601995,0.37452868,0,2,adulto
ICB_03861_005,ICB_193,copd,AKG C417L Microphone,77.0,0,1,1,0.3866735,0.37509635,0,2,adulto
ICB_03861_006,ICB_193,copd,AKG C417L Microphone,77.0,0,1,1,0.37654418,0.37663102,0,2,adulto
ICB_03861_007,ICB_193,copd,AKG C417L Microphone,77.0,0,1,1,0.39743963,0.3842473,0,2,adulto
ICB_03861_008,ICB_193,copd,AKG C417L Microphone,77.0,0,1,1,0.3789694,0.37735024,0,2,adulto
ICB_03861_009,ICB_193,copd,AKG C417L Microphone,77.0,0,1,1,0.38466114,0.37983057,0,2,adulto
ICB_03861_010,ICB_193,copd,AKG C417L Microphone,77.0,0,1,1,0.3583268,0.37537503,0,2,adulto
ICB_03861_011,ICB_193,copd,AKG C417L Microphone,77.0,0,1,1,0.38888273,0.38495755,0,2,adulto
ICB_03862_000,ICB_193,copd,AKG C417L Microphone,77.0,0,0,1,0.26773566,0.32601583,0,0,adulto
ICB_03862_001,ICB_193,copd,AKG C417L Microphone,77.0,0,1,1,0.29131502,0.3838769,0,2,adulto
ICB_03862_002,ICB_193,copd,AKG C417L Microphone,77.0,0,1,1,0.2935471,0.38071606,0,2,adulto
ICB_03862_003,ICB_193,copd,AKG C417L Microphone,77.0,0,0,1,0.30066627,0.37953457,0,0,adulto
ICB_03862_004,ICB_193,copd,AKG C417L Microphone,77.0,0,0,1,0.3041881,0.3807013,0,0,adulto
ICB_03862_005,ICB_193,copd,AKG C417L Microphone,77.0,0,1,1,0.29427037,0.37849098,0,2,adulto
ICB_03862_006,ICB_193,copd,AKG C417L Microphone,77.0,0,1,1,0.3094851,0.3797551,0,2,adulto
ICB_03862_007,ICB_193,copd,AKG C417L Microphone,77.0,0,1,1,0.30391043,0.39114612,0,2,adulto
ICB_03862_008,ICB_193,copd,AKG C417L Microphone,77.0,0,1,1,0.31429258,0.37424183,0,2,adulto
ICB_03862_009,ICB_193,copd,AKG C417L Microphone,77.0,0,1,1,0.31096438,0.3852541,0,2,adulto
ICB_03862_010,ICB_193,copd,AKG C417L Microphone,77.0,0,1,1,0.29689682,0.38765553,0,2,adulto
ICB_03862_011,ICB_193,copd,AKG C417L Microphone,77.0,0,1,1,0.29178527,0.39128926,0,2,adulto
ICB_03863_000,ICB_193,copd,AKG C417L Microphone,77.0,0,1,1,0.2560847,0.30413637,0,2,adulto
ICB_03863_001,ICB_193,copd,AKG C417L Microphone,77.0,0,1,1,0.39375505,0.3813577,0,2,adulto
ICB_03863_002,ICB_193,copd,AKG C417L Microphone,77.0,0,1,1,0.41874802,0.4184207,0,2,adulto
ICB_03863_003,ICB_193,copd,AKG C417L Microphone,77.0,0,1,1,0.42704475,0.43269065,0,2,adulto
ICB_03863_004,ICB_193,copd,AKG C417L Microphone,77.0,0,1,1,0.4895674,0.49645218,0,2,adulto
ICB_03863_005,ICB_193,copd,AKG C417L Microphone,77.0,0,1,1,0.39379942,0.41055563,0,2,adulto
ICB_03863_006,ICB_193,copd,AKG C417L Microphone,77.0,0,1,1,0.38107967,0.39811587,0,2,adulto
ICB_03863_007,ICB_193,copd,AKG C417L Microphone,77.0,0,1,1,0.37353212,0.40183493,0,2,adulto
ICB_03863_008,ICB_193,copd,AKG C417L Microphone,77.0,0,1,1,0.33070183,0.3797604,0,2,adulto
ICB_03863_009,ICB_193,copd,AKG C417L Microphone,77.0,0,1,1,0.3161996,0.37797588,0,2,adulto
ICB_03864_000,ICB_193,copd,AKG C417L Microphone,77.0,0,0,1,0.36310363,0.37537724,0,0,adulto
ICB_03864_001,ICB_193,copd,AKG C417L Microphone,77.0,0,0,1,0.48903757,0.44470575,0,0,adulto
ICB_03864_002,ICB_193,copd,AKG C417L Microphone,77.0,0,0,1,0.45143366,0.42178863,0,0,adulto
ICB_03864_003,ICB_193,copd,AKG C417L Microphone,77.0,0,0,1,0.4687031,0.426145,0,0,adulto
ICB_03864_004,ICB_193,copd,AKG C417L Microphone,77.0,0,0,1,0.4633753,0.41703805,0,0,adulto
ICB_03864_005,ICB_193,copd,AKG C417L Microphone,77.0,0,0,1,0.43234026,0.40781358,0,0,adulto
ICB_03864_006,ICB_193,copd,AKG C417L Microphone,77.0,0,0,1,0.4903421,0.43957457,0,0,adulto
ICB_03864_007,ICB_193,copd,AKG C417L Microphone,77.0,0,0,1,0.4902919,0.4437613,0,0,adulto
ICB_03865_000,ICB_193,copd,AKG C417L Microphone,77.0,0,0,1,0.3311533,0.38126764,0,0,adulto
ICB_03865_001,ICB_193,copd,AKG C417L Microphone,77.0,1,0,1,0.44079828,0.45803326,0,1,adulto
ICB_03865_002,ICB_193,copd,AKG C417L Microphone,77.0,1,0,1,0.414253,0.42890617,0,1,adulto
ICB_03865_003,ICB_193,copd,AKG C417L Microphone,77.0,1,0,1,0.4408581,0.44062582,0,1,adulto
ICB_03865_004,ICB_193,copd,AKG C417L Microphone,77.0,1,0,1,0.4369815,0.42303714,0,1,adulto
ICB_03865_005,ICB_193,copd,AKG C417L Microphone,77.0,0,0,1,0.41042027,0.4090168,0,0,adulto
ICB_03865_006,ICB_193,copd,AKG C417L Microphone,77.0,1,0,1,0.45009667,0.45514518,0,1,adulto
ICB_03865_007,ICB_193,copd,AKG C417L Microphone,77.0,1,0,1,0.45506904,0.45391318,0,1,adulto
ICB_03866_000,ICB_193,copd,AKG C417L Microphone,77.0,0,0,1,0.35852325,0.35557598,0,0,adulto
ICB_03866_001,ICB_193,copd,AKG C417L Microphone,77.0,0,0,1,0.46012777,0.4161443,0,0,adulto
ICB_03866_002,ICB_193,copd,AKG C417L Microphone,77.0,0,0,1,0.42571256,0.38342118,0,0,adulto
ICB_03866_003,ICB_193,copd,AKG C417L Microphone,77.0,1,0,1,0.44398162,0.3932294,0,1,adulto
ICB_03866_004,ICB_193,copd,AKG C417L Microphone,77.0,0,0,1,0.43830833,0.3902015,0,0,adulto
ICB_03866_005,ICB_193,copd,AKG C417L Microphone,77.0,0,0,1,0.41885716,0.3829352,0,0,adulto
ICB_03866_006,ICB_193,copd,AKG C417L Microphone,77.0,0,0,1,0.4679836,0.4000908,0,0,adulto
ICB_03866_007,ICB_193,copd,AKG C417L Microphone,77.0,0,0,1,0.4553014,0.40355548,0,0,adulto
ICB_03867_000,ICB_193,copd,AKG C417L Microphone,77.0,1,0,1,0.38186732,0.38498905,0,1,adulto
ICB_03867_001,ICB_193,copd,AKG C417L Microphone,77.0,1,0,1,0.48469207,0.4901718,0,1,adulto
ICB_03867_002,ICB_193,copd,AKG C417L Microphone,77.0,1,0,1,0.48811048,0.4525626,0,1,adulto
ICB_03867_003,ICB_193,copd,AKG C417L Microphone,77.0,1,0,1,0.49223316,0.45214978,0,1,adulto
ICB_03867_004,ICB_193,copd,AKG C417L Microphone,77.0,1,0,1,0.48779058,0.434831,0,1,adulto
ICB_03867_005,ICB_193,copd,AKG C417L Microphone,77.0,1,0,1,0.4572818,0.43086708,0,1,adulto
ICB_03867_006,ICB_193,copd,AKG C417L Microphone,77.0,1,0,1,0.52418214,0.47865954,0,1,adulto
ICB_03867_007,ICB_193,copd,AKG C417L Microphone,77.0,1,0,1,0.5241727,0.45999616,0,1,adulto
ICB_03868_000,ICB_193,copd,AKG C417L Microphone,77.0,1,0,1,0.39285964,0.37860027,0,1,adulto
ICB_03868_001,ICB_193,copd,AKG C417L Microphone,77.0,1,0,1,0.48420838,0.4542335,0,1,adulto
ICB_03868_002,ICB_193,copd,AKG C417L Microphone,77.0,1,0,1,0.47245023,0.4305267,0,1,adulto
ICB_03868_003,ICB_193,copd,AKG C417L Microphone,77.0,1,0,1,0.49562144,0.44076538,0,1,adulto
ICB_03868_004,ICB_193,copd,AKG C417L Microphone,77.0,1,0,1,0.47570065,0.42770147,0,1,adulto
ICB_03868_005,ICB_193,copd,AKG C417L Microphone,77.0,1,0,1,0.45871413,0.4142733,0,1,adulto
ICB_03868_006,ICB_193,copd,AKG C417L Microphone,77.0,1,0,1,0.5209559,0.44545698,0,1,adulto
ICB_03868_007,ICB_193,copd,AKG C417L Microphone,77.0,1,0,1,0.51506644,0.45133334,0,1,adulto
ICB_03869_000,ICB_193,copd,AKG C417L Microphone,77.0,0,0,1,0.3325803,0.36923867,0,0,adulto
ICB_03869_001,ICB_193,copd,AKG C417L Microphone,77.0,0,0,1,0.43631744,0.45327395,0,0,adulto
ICB_03869_002,ICB_193,copd,AKG C417L Microphone,77.0,0,0,1,0.4069713,0.42587107,0,0,adulto
ICB_03869_003,ICB_193,copd,AKG C417L Microphone,77.0,0,0,1,0.41932112,0.4321436,0,0,adulto
ICB_03869_004,ICB_193,copd,AKG C417L Microphone,77.0,0,0,1,0.42083558,0.43335757,0,0,adulto
ICB_03869_005,ICB_193,copd,AKG C417L Microphone,77.0,0,0,1,0.3967085,0.41455442,0,0,adulto
ICB_03869_006,ICB_193,copd,AKG C417L Microphone,77.0,0,0,1,0.44361806,0.4425996,0,0,adulto
ICB_03869_007,ICB_193,copd,AKG C417L Microphone,77.0,0,0,1,0.45771757,0.44937992,0,0,adulto
ICB_03870_000,ICB_193,copd,AKG C417L Microphone,77.0,0,0,1,0.3256512,0.36587217,0,0,adulto
ICB_03870_001,ICB_193,copd,AKG C417L Microphone,77.0,1,0,1,0.39901173,0.4318058,0,1,adulto
ICB_03870_002,ICB_193,copd,AKG C417L Microphone,77.0,1,0,1,0.36857235,0.4041556,0,1,adulto
ICB_03870_003,ICB_193,copd,AKG C417L Microphone,77.0,1,0,1,0.4008768,0.425148,0,1,adulto
ICB_03870_004,ICB_193,copd,AKG C417L Microphone,77.0,0,0,1,0.39040118,0.41593546,0,0,adulto
ICB_03870_005,ICB_193,copd,AKG C417L Microphone,77.0,0,0,1,0.37037733,0.39316237,0,0,adulto
ICB_03870_006,ICB_193,copd,AKG C417L Microphone,77.0,1,0,1,0.4055099,0.42818403,0,1,adulto
ICB_03870_007,ICB_193,copd,AKG C417L Microphone,77.0,1,0,1,0.4033072,0.4270247,0,1,adulto
ICB_03873_000,ICB_195,copd,3M Littmann 3200 Electronic,67.0,0,1,1,0.34877366,0.4110298,0,2,adulto
ICB_03873_001,ICB_195,copd,3M Littmann 3200 Electronic,67.0,0,0,1,0.32448423,0.392499,0,0,adulto
ICB_03873_002,ICB_195,copd,3M Littmann 3200 Electronic,67.0,0,1,1,0.36942267,0.46407917,0,2,adulto
ICB_03873_003,ICB_195,copd,3M Littmann 3200 Electronic,67.0,0,0,1,0.3532575,0.42132735,0,0,adulto
ICB_03873_004,ICB_195,copd,3M Littmann 3200 Electronic,67.0,0,0,1,0.3817769,0.4498299,0,0,adulto
ICB_03873_005,ICB_195,copd,3M Littmann 3200 Electronic,67.0,0,1,1,0.36313656,0.41624898,0,2,adulto
ICB_03873_006,ICB_195,copd,3M Littmann 3200 Electronic,67.0,0,0,1,0.41372517,0.46953562,0,0,adulto
ICB_03873_007,ICB_195,copd,3M Littmann 3200 Electronic,67.0,0,1,1,0.3410823,0.40360466,0,2,adulto
ICB_03873_008,ICB_195,copd,3M Littmann 3200 Electronic,67.0,0,1,1,0.40027997,0.4511624,0,2,adulto
ICB_03873_009,ICB_195,copd,3M Littmann 3200 Electronic,67.0,0,0,1,0.4100867,0.4718472,0,0,adulto
ICB_03873_010,ICB_195,copd,3M Littmann 3200 Electronic,67.0,0,0,1,0.46638358,0.62021637,0,0,adulto
ICB_03873_011,ICB_195,copd,3M Littmann 3200 Electronic,67.0,0,0,1,0.37646565,0.46350637,0,0,adulto
ICB_03874_000,ICB_195,copd,3M Littmann 3200 Electronic,67.0,0,1,1,0.3451294,0.43658033,0,2,adulto
ICB_03874_001,ICB_195,copd,3M Littmann 3200 Electronic,67.0,0,0,1,0.35452244,0.4499938,0,0,adulto
ICB_03874_002,ICB_195,copd,3M Littmann 3200 Electronic,67.0,0,1,1,0.37932062,0.45802665,0,2,adulto
ICB_03874_003,ICB_195,copd,3M Littmann 3200 Electronic,67.0,0,0,1,0.3902015,0.49617907,0,0,adulto
ICB_03874_004,ICB_195,copd,3M Littmann 3200 Electronic,67.0,0,0,1,0.3105637,0.3831108,0,0,adulto
ICB_03874_005,ICB_195,copd,3M Littmann 3200 Electronic,67.0,0,0,1,0.3467587,0.4198004,0,0,adulto
ICB_03874_006,ICB_195,copd,3M Littmann 3200 Electronic,67.0,0,0,1,0.33451894,0.43270814,0,0,adulto
ICB_03874_007,ICB_195,copd,3M Littmann 3200 Electronic,67.0,0,0,1,0.28535518,0.36219224,0,0,adulto
ICB_03874_008,ICB_195,copd,3M Littmann 3200 Electronic,67.0,0,0,1,0.3154477,0.39066023,0,0,adulto
ICB_03874_009,ICB_195,copd,3M Littmann 3200 Electronic,67.0,0,0,1,0.29506612,0.37834567,0,0,adulto
ICB_03874_010,ICB_195,copd,3M Littmann 3200 Electronic,67.0,0,0,1,0.30651623,0.37680107,0,0,adulto
ICB_03874_011,ICB_195,copd,3M Littmann 3200 Electronic,67.0,0,0,1,0.3572897,0.4216631,0,0,adulto
ICB_03874_012,ICB_195,copd,3M Littmann 3200 Electronic,67.0,0,0,1,0.36613634,0.4352483,0,0,adulto
ICB_03874_013,ICB_195,copd,3M Littmann 3200 Electronic,67.0,0,0,1,0.33216637,0.38605285,0,0,adulto
ICB_03874_014,ICB_195,copd,3M Littmann 3200 Electronic,67.0,0,0,1,0.33179846,0.3985861,0,0,adulto
ICB_03874_015,ICB_195,copd,3M Littmann 3200 Electronic,67.0,0,0,1,0.4252678,0.5539917,0,0,adulto
ICB_03874_016,ICB_195,copd,3M Littmann 3200 Electronic,67.0,0,0,1,0.30928016,0.39838213,0,0,adulto
ICB_03875_000,ICB_195,copd,3M Littmann 3200 Electronic,67.0,0,1,1,0.3875719,0.4433997,0,2,adulto
ICB_03875_001,ICB_195,copd,3M Littmann 3200 Electronic,67.0,0,0,1,0.41988757,0.4319269,0,0,adulto
ICB_03875_002,ICB_195,copd,3M Littmann 3200 Electronic,67.0,1,0,1,0.42245612,0.44019127,0,1,adulto
ICB_03875_003,ICB_195,copd,3M Littmann 3200 Electronic,67.0,1,1,1,0.42358175,0.4769003,0,3,adulto
ICB_03875_004,ICB_195,copd,3M Littmann 3200 Electronic,67.0,1,1,1,0.38166398,0.42521524,0,3,adulto
ICB_03875_005,ICB_195,copd,3M Littmann 3200 Electronic,67.0,0,1,1,0.427316,0.46442553,0,2,adulto
ICB_03875_006,ICB_195,copd,3M Littmann 3200 Electronic,67.0,1,1,1,0.4273174,0.4774965,0,3,adulto
ICB_03875_007,ICB_195,copd,3M Littmann 3200 Electronic,67.0,1,0,1,0.38958052,0.43652865,0,1,adulto
ICB_03875_008,ICB_195,copd,3M Littmann 3200 Electronic,67.0,0,0,1,0.37070963,0.50544703,0,0,adulto
ICB_03875_009,ICB_195,copd,3M Littmann 3200 Electronic,67.0,0,0,1,0.37045115,0.44341967,0,0,adulto
ICB_03875_010,ICB_195,copd,3M Littmann 3200 Electronic,67.0,1,0,1,0.28454837,0.36610767,0,1,adulto
ICB_03876_000,ICB_195,copd,3M Littmann 3200 Electronic,67.0,1,1,1,0.4018154,0.47248787,0,3,adulto
ICB_03876_001,ICB_195,copd,3M Littmann 3200 Electronic,67.0,0,1,1,0.36681548,0.42554656,0,2,adulto
ICB_03876_002,ICB_195,copd,3M Littmann 3200 Electronic,67.0,0,1,1,0.33582303,0.40501264,0,2,adulto
ICB_03876_003,ICB_195,copd,3M Littmann 3200 Electronic,67.0,1,1,1,0.43555608,0.49207082,0,3,adulto
ICB_03876_004,ICB_195,copd,3M Littmann 3200 Electronic,67.0,0,1,1,0.33695707,0.3935646,0,2,adulto
ICB_03876_005,ICB_195,copd,3M Littmann 3200 Electronic,67.0,0,1,1,0.4073726,0.45875216,0,2,adulto
ICB_03876_006,ICB_195,copd,3M Littmann 3200 Electronic,67.0,0,1,1,0.63407755,0.6681075,2,2,adulto
ICB_03876_007,ICB_195,copd,3M Littmann 3200 Electronic,67.0,1,0,1,0.5574429,0.6277294,0,1,adulto
ICB_03876_008,ICB_195,copd,3M Littmann 3200 Electronic,67.0,1,0,1,0.3511968,0.43287465,0,1,adulto
ICB_03877_000,ICB_195,copd,3M Littmann 3200 Electronic,67.0,0,1,1,0.39190167,0.45878637,0,2,adulto
ICB_03877_001,ICB_195,copd,3M Littmann 3200 Electronic,67.0,0,1,1,0.42570478,0.49349943,0,2,adulto
ICB_03877_002,ICB_195,copd,3M Littmann 3200 Electronic,67.0,0,0,1,0.41968524,0.46456093,0,0,adulto
ICB_03877_003,ICB_195,copd,3M Littmann 3200 Electronic,67.0,0,1,1,0.38217548,0.44786948,0,2,adulto
ICB_03877_004,ICB_195,copd,3M Littmann 3200 Electronic,67.0,0,1,1,0.36228657,0.42408463,0,2,adulto
ICB_03877_005,ICB_195,copd,3M Littmann 3200 Electronic,67.0,0,1,1,0.5057514,0.56930894,0,2,adulto
ICB_03877_006,ICB_195,copd,3M Littmann 3200 Electronic,67.0,0,1,1,0.41602,0.49991834,0,2,adulto
ICB_03877_007,ICB_195,copd,3M Littmann 3200 Electronic,67.0,0,1,1,0.3869309,0.45734304,0,2,adulto
ICB_03877_008,ICB_195,copd,3M Littmann 3200 Electronic,67.0,0,0,1,0.5521778,0.6873027,2,0,adulto
ICB_03878_000,ICB_195,copd,3M Littmann 3200 Electronic,67.0,0,0,1,0.26376957,0.31556565,0,0,adulto
ICB_03878_001,ICB_195,copd,3M Littmann 3200 Electronic,67.0,0,0,1,0.3126592,0.36651167,0,0,adulto
ICB_03878_002,ICB_195,copd,3M Littmann 3200 Electronic,67.0,0,0,1,0.36532056,0.42792872,0,0,adulto
ICB_03878_003,ICB_195,copd,3M Littmann 3200 Electronic,67.0,0,0,1,0.3649237,0.46632186,0,0,adulto
ICB_03878_004,ICB_195,copd,3M Littmann 3200 Electronic,67.0,0,0,1,0.35634917,0.41677397,0,0,adulto
ICB_03878_005,ICB_195,copd,3M Littmann 3200 Electronic,67.0,0,0,1,0.36219883,0.4522954,0,0,adulto
ICB_03878_006,ICB_195,copd,3M Littmann 3200 Electronic,67.0,0,1,1,0.39960408,0.47308442,0,2,adulto
ICB_03878_007,ICB_195,copd,3M Littmann 3200 Electronic,67.0,0,0,1,0.34948793,0.41510057,0,0,adulto
ICB_03878_008,ICB_195,copd,3M Littmann 3200 Electronic,67.0,0,0,1,0.37688676,0.47888693,0,0,adulto
ICB_03878_009,ICB_195,copd,3M Littmann 3200 Electronic,67.0,0,0,1,0.35293975,0.39476195,0,0,adulto
ICB_03878_010,ICB_195,copd,3M Littmann 3200 Electronic,67.0,0,0,1,0.3698827,0.4295973,0,0,adulto
ICB_03878_011,ICB_195,copd,3M Littmann 3200 Electronic,67.0,0,0,1,0.3789878,0.416208,0,0,adulto
ICB_03878_012,ICB_195,copd,3M Littmann 3200 Electronic,67.0,0,0,1,0.37065932,0.4086433,0,0,adulto
ICB_03878_013,ICB_195,copd,3M Littmann 3200 Electronic,67.0,0,0,1,0.3674456,0.4187518,0,0,adulto
ICB_03878_014,ICB_195,copd,3M Littmann 3200 Electronic,67.0,0,0,1,0.41008264,0.53801334,0,0,adulto
ICB_03878_015,ICB_195,copd,3M Littmann 3200 Electronic,67.0,0,0,1,0.3556188,0.4531761,0,0,adulto
ICB_03878_016,ICB_195,copd,3M Littmann 3200 Electronic,67.0,0,1,1,0.33813667,0.44529632,0,2,adulto
ICB_03880_000,ICB_197,respiratory_infection,AKG C417L Microphone,16.0,0,0,1,0.725962,0.57608247,1,0,pediátrico (<18)
ICB_03880_001,ICB_197,respiratory_infection,AKG C417L Microphone,16.0,0,0,1,0.75003827,0.5752274,1,0,pediátrico (<18)
ICB_03880_002,ICB_197,respiratory_infection,AKG C417L Microphone,16.0,0,0,1,0.74320686,0.57627374,1,0,pediátrico (<18)
ICB_03881_000,ICB_197,respiratory_infection,AKG C417L Microphone,16.0,0,0,1,0.6125184,0.4954318,0,0,pediátrico (<18)
ICB_03881_001,ICB_197,respiratory_infection,AKG C417L Microphone,16.0,1,0,1,0.5840103,0.49875653,0,1,pediátrico (<18)
ICB_03881_002,ICB_197,respiratory_infection,AKG C417L Microphone,16.0,0,0,1,0.58874905,0.5110569,0,0,pediátrico (<18)
ICB_03881_003,ICB_197,respiratory_infection,AKG C417L Microphone,16.0,0,0,1,0.5520377,0.48958835,0,0,pediátrico (<18)
ICB_03881_004,ICB_197,respiratory_infection,AKG C417L Microphone,16.0,0,1,1,0.3881838,0.38509673,0,2,pediátrico (<18)
ICB_03898_000,ICB_200,copd,AKG C417L Microphone,72.0,0,0,1,0.5085808,0.4148428,0,0,adulto
ICB_03898_001,ICB_200,copd,AKG C417L Microphone,72.0,0,0,1,0.7082918,0.52353406,1,0,adulto
ICB_03898_002,ICB_200,copd,AKG C417L Microphone,72.0,0,0,1,0.69670904,0.5124444,1,0,adulto
ICB_03898_003,ICB_200,copd,AKG C417L Microphone,72.0,0,0,1,0.72909546,0.5211252,1,0,adulto
ICB_03898_004,ICB_200,copd,AKG C417L Microphone,72.0,0,0,1,0.70469856,0.5196169,1,0,adulto
ICB_03899_000,ICB_200,copd,AKG C417L Microphone,72.0,0,0,1,0.45970854,0.40594792,0,0,adulto
ICB_03899_001,ICB_200,copd,AKG C417L Microphone,72.0,0,0,1,0.61073434,0.49967584,0,0,adulto
ICB_03899_002,ICB_200,copd,AKG C417L Microphone,72.0,0,0,1,0.6083581,0.49337864,0,0,adulto
ICB_03899_003,ICB_200,copd,AKG C417L Microphone,72.0,0,0,1,0.63411653,0.5060222,0,0,adulto
ICB_03899_004,ICB_200,copd,AKG C417L Microphone,72.0,0,0,1,0.6290931,0.5105369,0,0,adulto
ICB_03900_000,ICB_200,copd,AKG C417L Microphone,72.0,0,0,1,0.5025948,0.4130856,0,0,adulto
ICB_03900_001,ICB_200,copd,AKG C417L Microphone,72.0,0,0,1,0.7184049,0.5312911,1,0,adulto
ICB_03900_002,ICB_200,copd,AKG C417L Microphone,72.0,0,0,1,0.6863485,0.51506853,1,0,adulto
ICB_03900_003,ICB_200,copd,AKG C417L Microphone,72.0,0,0,1,0.71503013,0.525221,1,0,adulto
ICB_03900_004,ICB_200,copd,AKG C417L Microphone,72.0,0,0,1,0.7103323,0.5114339,1,0,adulto
ICB_03901_000,ICB_200,copd,AKG C417L Microphone,72.0,0,0,1,0.42885387,0.40794584,0,0,adulto
ICB_03901_001,ICB_200,copd,AKG C417L Microphone,72.0,0,0,1,0.6409406,0.51449364,0,0,adulto
ICB_03901_002,ICB_200,copd,AKG C417L Microphone,72.0,0,0,1,0.63734317,0.5002011,0,0,adulto
ICB_03901_003,ICB_200,copd,AKG C417L Microphone,72.0,0,0,1,0.6591534,0.5219314,1,0,adulto
ICB_03901_004,ICB_200,copd,AKG C417L Microphone,72.0,0,0,1,0.6748627,0.5170403,1,0,adulto
ICB_03902_000,ICB_200,copd,AKG C417L Microphone,72.0,0,0,1,0.4927197,0.40488276,0,0,adulto
ICB_03902_001,ICB_200,copd,AKG C417L Microphone,72.0,0,0,1,0.687422,0.50170094,1,0,adulto
ICB_03902_002,ICB_200,copd,AKG C417L Microphone,72.0,0,0,1,0.66414195,0.49728653,1,0,adulto
ICB_03902_003,ICB_200,copd,AKG C417L Microphone,72.0,1,0,1,0.6785238,0.5065485,1,1,adulto
ICB_03902_004,ICB_200,copd,AKG C417L Microphone,72.0,0,0,1,0.6818735,0.49529955,1,0,adulto
ICB_03903_000,ICB_200,copd,AKG C417L Microphone,72.0,1,0,1,0.41390154,0.40187612,0,1,adulto
ICB_03903_001,ICB_200,copd,AKG C417L Microphone,72.0,1,0,1,0.5689202,0.5129112,0,1,adulto
ICB_03903_002,ICB_200,copd,AKG C417L Microphone,72.0,1,0,1,0.57613736,0.5087714,0,1,adulto
ICB_03903_003,ICB_200,copd,AKG C417L Microphone,72.0,1,0,1,0.6394096,0.5181366,0,1,adulto
ICB_03903_004,ICB_200,copd,AKG C417L Microphone,72.0,0,0,1,0.6220055,0.5203461,0,0,adulto
ICB_03904_000,ICB_200,copd,AKG C417L Microphone,72.0,0,0,1,0.70333457,0.5218292,1,0,adulto
ICB_03904_001,ICB_200,copd,AKG C417L Microphone,72.0,0,0,1,0.71193767,0.5148647,1,0,adulto
ICB_03904_002,ICB_200,copd,AKG C417L Microphone,72.0,0,0,1,0.716766,0.51828015,1,0,adulto
ICB_03905_000,ICB_200,copd,AKG C417L Microphone,72.0,0,0,1,0.6859671,0.5418076,1,0,adulto
ICB_03905_001,ICB_200,copd,AKG C417L Microphone,72.0,0,0,1,0.7158721,0.5525723,1,0,adulto
ICB_03905_002,ICB_200,copd,AKG C417L Microphone,72.0,0,0,1,0.7090149,0.55771464,1,0,adulto
ICB_03906_000,ICB_200,copd,AKG C417L Microphone,72.0,0,0,1,0.72190773,0.5220191,1,0,adulto
ICB_03906_001,ICB_200,copd,AKG C417L Microphone,72.0,0,0,1,0.71812046,0.520901,1,0,adulto
ICB_03906_002,ICB_200,copd,AKG C417L Microphone,72.0,0,0,1,0.7039062,0.52264285,1,0,adulto
ICB_03907_000,ICB_200,copd,AKG C417L Microphone,72.0,1,0,1,0.6051575,0.5125029,0,1,adulto
ICB_03907_001,ICB_200,copd,AKG C417L Microphone,72.0,0,0,1,0.6311342,0.50508344,0,0,adulto
ICB_03907_002,ICB_200,copd,AKG C417L Microphone,72.0,0,0,1,0.63823265,0.5110504,0,0,adulto
ICB_03908_000,ICB_200,copd,AKG C417L Microphone,72.0,0,0,1,0.6827833,0.49503678,1,0,adulto
ICB_03908_001,ICB_200,copd,AKG C417L Microphone,72.0,0,0,1,0.69977736,0.5024665,1,0,adulto
ICB_03908_002,ICB_200,copd,AKG C417L Microphone,72.0,0,0,1,0.69308454,0.49845394,1,0,adulto
ICB_03909_000,ICB_200,copd,AKG C417L Microphone,72.0,1,0,1,0.5059124,0.48745233,0,1,adulto
ICB_03909_001,ICB_200,copd,AKG C417L Microphone,72.0,0,0,1,0.58065164,0.49158344,0,0,adulto
ICB_03909_002,ICB_200,copd,AKG C417L Microphone,72.0,1,0,1,0.5771261,0.4962669,0,1,adulto
ICB_03910_000,ICB_200,copd,AKG C417L Microphone,72.0,0,0,1,0.5995087,0.44987053,0,0,adulto
ICB_03910_001,ICB_200,copd,AKG C417L Microphone,72.0,0,0,1,0.6514603,0.49669147,1,0,adulto
ICB_03910_002,ICB_200,copd,AKG C417L Microphone,72.0,0,0,1,0.648397,0.4939153,0,0,adulto
ICB_03910_003,ICB_200,copd,AKG C417L Microphone,72.0,0,0,1,0.6754214,0.4822177,1,0,adulto
ICB_03910_004,ICB_200,copd,AKG C417L Microphone,72.0,0,0,1,0.39038497,0.35819516,0,0,adulto
ICB_03911_000,ICB_200,copd,AKG C417L Microphone,72.0,0,0,1,0.6062009,0.47867686,0,0,adulto
ICB_03911_001,ICB_200,copd,AKG C417L Microphone,72.0,0,0,1,0.64006984,0.5139882,0,0,adulto
ICB_03911_002,ICB_200,copd,AKG C417L Microphone,72.0,0,0,1,0.6288007,0.5082383,0,0,adulto
ICB_03911_003,ICB_200,copd,AKG C417L Microphone,72.0,0,0,1,0.66374266,0.51755255,1,0,adulto
ICB_03911_004,ICB_200,copd,AKG C417L Microphone,72.0,0,0,1,0.3725601,0.3548274,0,0,adulto
ICB_03912_000,ICB_200,copd,AKG C417L Microphone,72.0,0,0,1,0.58031946,0.46260893,0,0,adulto
ICB_03912_001,ICB_200,copd,AKG C417L Microphone,72.0,0,0,1,0.69180167,0.52444994,1,0,adulto
ICB_03912_002,ICB_200,copd,AKG C417L Microphone,72.0,0,0,1,0.66613835,0.5132551,1,0,adulto
ICB_03912_003,ICB_200,copd,AKG C417L Microphone,72.0,0,0,1,0.68447286,0.5221946,1,0,adulto
ICB_03912_004,ICB_200,copd,AKG C417L Microphone,72.0,0,0,1,0.38317943,0.3624562,0,0,adulto
ICB_03913_000,ICB_200,copd,AKG C417L Microphone,72.0,0,0,1,0.5595788,0.4695381,0,0,adulto
ICB_03913_001,ICB_200,copd,AKG C417L Microphone,72.0,0,0,1,0.7095382,0.5214106,1,0,adulto
ICB_03913_002,ICB_200,copd,AKG C417L Microphone,72.0,0,0,1,0.6817264,0.5091761,1,0,adulto
ICB_03913_003,ICB_200,copd,AKG C417L Microphone,72.0,1,0,1,0.69336987,0.5186407,1,1,adulto
ICB_03913_004,ICB_200,copd,AKG C417L Microphone,72.0,0,0,1,0.3734516,0.35924622,0,0,adulto
ICB_03914_000,ICB_200,copd,AKG C417L Microphone,72.0,1,0,1,0.5888149,0.4499718,0,1,adulto
ICB_03914_001,ICB_200,copd,AKG C417L Microphone,72.0,0,0,1,0.6753615,0.49263382,1,0,adulto
ICB_03914_002,ICB_200,copd,AKG C417L Microphone,72.0,0,0,1,0.6581933,0.48926005,1,0,adulto
ICB_03914_003,ICB_200,copd,AKG C417L Microphone,72.0,0,0,1,0.6801203,0.49058953,1,0,adulto
ICB_03914_004,ICB_200,copd,AKG C417L Microphone,72.0,0,0,1,0.36567402,0.34911558,0,0,adulto
ICB_03915_000,ICB_200,copd,AKG C417L Microphone,72.0,0,0,1,0.49114648,0.45798016,0,0,adulto
ICB_03915_001,ICB_200,copd,AKG C417L Microphone,72.0,0,0,1,0.5180195,0.49717695,0,0,adulto
ICB_03915_002,ICB_200,copd,AKG C417L Microphone,72.0,0,0,1,0.5248692,0.5045358,0,0,adulto
ICB_03915_003,ICB_200,copd,AKG C417L Microphone,72.0,0,0,1,0.5996318,0.51460665,0,0,adulto
ICB_03915_004,ICB_200,copd,AKG C417L Microphone,72.0,0,0,1,0.353862,0.3529831,0,0,adulto
ICB_03916_000,ICB_200,copd,AKG C417L Microphone,72.0,0,0,1,0.73460376,0.53292316,1,0,adulto
ICB_03916_001,ICB_200,copd,AKG C417L Microphone,72.0,0,0,1,0.6976252,0.5412993,1,0,adulto
ICB_03916_002,ICB_200,copd,AKG C417L Microphone,72.0,0,0,1,0.59958005,0.56629753,0,0,adulto
ICB_03916_003,ICB_200,copd,AKG C417L Microphone,72.0,0,0,1,0.6519643,0.5628852,1,0,adulto
ICB_03917_000,ICB_200,copd,AKG C417L Microphone,72.0,0,0,1,0.6825153,0.50947833,1,0,adulto
ICB_03917_001,ICB_200,copd,AKG C417L Microphone,72.0,0,0,1,0.6407512,0.49305344,0,0,adulto
ICB_03917_002,ICB_200,copd,AKG C417L Microphone,72.0,0,0,1,0.5422996,0.51495916,0,0,adulto
ICB_03917_003,ICB_200,copd,AKG C417L Microphone,72.0,0,0,1,0.58264124,0.5137952,0,0,adulto
ICB_03918_000,ICB_200,copd,AKG C417L Microphone,72.0,0,0,1,0.7020792,0.51181227,1,0,adulto
ICB_03918_001,ICB_200,copd,AKG C417L Microphone,72.0,0,0,1,0.6672268,0.5059737,1,0,adulto
ICB_03918_002,ICB_200,copd,AKG C417L Microphone,72.0,0,0,1,0.61131924,0.47149283,0,0,adulto
ICB_03918_003,ICB_200,copd,AKG C417L Microphone,72.0,0,0,1,0.6729359,0.50002444,1,0,adulto
ICB_03919_000,ICB_200,copd,AKG C417L Microphone,72.0,0,0,1,0.6753798,0.5215183,1,0,adulto
ICB_03919_001,ICB_200,copd,AKG C417L Microphone,72.0,0,0,1,0.6101278,0.5143145,0,0,adulto
ICB_03919_002,ICB_200,copd,AKG C417L Microphone,72.0,0,0,1,0.5924854,0.48168746,0,0,adulto
ICB_03919_003,ICB_200,copd,AKG C417L Microphone,72.0,0,0,1,0.6583749,0.5037095,1,0,adulto
ICB_03920_000,ICB_200,copd,AKG C417L Microphone,72.0,1,0,1,0.54552,0.5034698,0,1,adulto
ICB_03920_001,ICB_200,copd,AKG C417L Microphone,72.0,0,0,1,0.47801393,0.47933644,0,0,adulto
ICB_03920_002,ICB_200,copd,AKG C417L Microphone,72.0,0,0,1,0.50431514,0.48760256,0,0,adulto
ICB_03920_003,ICB_200,copd,AKG C417L Microphone,72.0,0,0,1,0.49166614,0.47407225,0,0,adulto
ICB_03927_000,ICB_202,normal_lung,AKG C417L Microphone,2.0,0,0,1,0.35506296,0.34200674,0,0,pediátrico (<18)
ICB_03927_001,ICB_202,normal_lung,AKG C417L Microphone,2.0,0,0,1,0.46861517,0.39629734,0,0,pediátrico (<18)
ICB_03927_002,ICB_202,normal_lung,AKG C417L Microphone,2.0,0,0,1,0.453868,0.392365,0,0,pediátrico (<18)
ICB_03927_003,ICB_202,normal_lung,AKG C417L Microphone,2.0,0,0,1,0.3813273,0.35335654,0,0,pediátrico (<18)
ICB_03927_004,ICB_202,normal_lung,AKG C417L Microphone,2.0,0,0,1,0.39687526,0.3612558,0,0,pediátrico (<18)
ICB_03927_005,ICB_202,normal_lung,AKG C417L Microphone,2.0,0,0,1,0.44031018,0.3783444,0,0,pediátrico (<18)
ICB_03927_006,ICB_202,normal_lung,AKG C417L Microphone,2.0,0,0,1,0.4431238,0.3870196,0,0,pediátrico (<18)
ICB_03927_007,ICB_202,normal_lung,AKG C417L Microphone,2.0,0,0,1,0.45409694,0.385563,0,0,pediátrico (<18)
ICB_03927_008,ICB_202,normal_lung,AKG C417L Microphone,2.0,0,0,1,0.5655673,0.4394964,0,0,pediátrico (<18)
ICB_03927_009,ICB_202,normal_lung,AKG C417L Microphone,2.0,0,0,1,0.25078362,0.29469514,0,0,pediátrico (<18)
ICB_03928_000,ICB_203,copd,AKG C417L Microphone,57.0,1,0,1,0.44384545,0.3894952,0,1,adulto
ICB_03928_001,ICB_203,copd,AKG C417L Microphone,57.0,1,0,1,0.44517794,0.39545143,0,1,adulto
ICB_03928_002,ICB_203,copd,AKG C417L Microphone,57.0,1,0,1,0.46412823,0.40182108,0,1,adulto
ICB_03928_003,ICB_203,copd,AKG C417L Microphone,57.0,1,0,1,0.42264545,0.38587755,0,1,adulto
ICB_03928_004,ICB_203,copd,AKG C417L Microphone,57.0,1,0,1,0.39575142,0.3830435,0,1,adulto
ICB_03928_005,ICB_203,copd,AKG C417L Microphone,57.0,1,1,1,0.4126293,0.3858047,0,3,adulto
ICB_03928_006,ICB_203,copd,AKG C417L Microphone,57.0,1,0,1,0.45355633,0.40184614,0,1,adulto
ICB_03928_007,ICB_203,copd,AKG C417L Microphone,57.0,1,0,1,0.44448543,0.4003145,0,1,adulto
ICB_03928_008,ICB_203,copd,AKG C417L Microphone,57.0,1,0,1,0.3972722,0.37952578,0,1,adulto
ICB_03928_009,ICB_203,copd,AKG C417L Microphone,57.0,0,0,1,0.3012724,0.32252887,0,0,adulto
ICB_03929_000,ICB_203,copd,AKG C417L Microphone,57.0,1,0,1,0.44611323,0.39185676,0,1,adulto
ICB_03929_001,ICB_203,copd,AKG C417L Microphone,57.0,1,0,1,0.4441947,0.3949682,0,1,adulto
ICB_03929_002,ICB_203,copd,AKG C417L Microphone,57.0,1,0,1,0.46493074,0.4022126,0,1,adulto
ICB_03929_003,ICB_203,copd,AKG C417L Microphone,57.0,1,0,1,0.41676503,0.37647545,0,1,adulto
ICB_03929_004,ICB_203,copd,AKG C417L Microphone,57.0,1,0,1,0.39753073,0.3767296,0,1,adulto
ICB_03929_005,ICB_203,copd,AKG C417L Microphone,57.0,1,0,1,0.41218266,0.37982714,0,1,adulto
ICB_03929_006,ICB_203,copd,AKG C417L Microphone,57.0,1,0,1,0.47177476,0.40677372,0,1,adulto
ICB_03929_007,ICB_203,copd,AKG C417L Microphone,57.0,1,0,1,0.45538238,0.3998278,0,1,adulto
ICB_03929_008,ICB_203,copd,AKG C417L Microphone,57.0,1,0,1,0.39251876,0.37358385,0,1,adulto
ICB_03929_009,ICB_203,copd,AKG C417L Microphone,57.0,1,0,1,0.30311084,0.32088375,0,1,adulto
ICB_03930_000,ICB_203,copd,AKG C417L Microphone,57.0,1,1,1,0.46204916,0.39779058,0,3,adulto
ICB_03930_001,ICB_203,copd,AKG C417L Microphone,57.0,1,1,1,0.44807225,0.4039245,0,3,adulto
ICB_03930_002,ICB_203,copd,AKG C417L Microphone,57.0,1,0,1,0.47274956,0.40840724,0,1,adulto
ICB_03930_003,ICB_203,copd,AKG C417L Microphone,57.0,1,1,1,0.4055244,0.3831025,0,3,adulto
ICB_03930_004,ICB_203,copd,AKG C417L Microphone,57.0,1,0,1,0.41023508,0.3906655,0,1,adulto
ICB_03930_005,ICB_203,copd,AKG C417L Microphone,57.0,1,0,1,0.40410113,0.38839096,0,1,adulto
ICB_03930_006,ICB_203,copd,AKG C417L Microphone,57.0,1,1,1,0.47946444,0.40674558,0,3,adulto
ICB_03930_007,ICB_203,copd,AKG C417L Microphone,57.0,1,1,1,0.44524732,0.39463067,0,3,adulto
ICB_03930_008,ICB_203,copd,AKG C417L Microphone,57.0,0,0,1,0.36686188,0.37986317,0,0,adulto
ICB_03930_009,ICB_203,copd,AKG C417L Microphone,57.0,1,0,1,0.29909956,0.32126844,0,1,adulto
ICB_03931_000,ICB_203,copd,AKG C417L Microphone,57.0,1,0,1,0.42450085,0.39964342,0,1,adulto
ICB_03931_001,ICB_203,copd,AKG C417L Microphone,57.0,1,0,1,0.4301093,0.40268782,0,1,adulto
ICB_03931_002,ICB_203,copd,AKG C417L Microphone,57.0,1,0,1,0.4352787,0.40702438,0,1,adulto
ICB_03931_003,ICB_203,copd,AKG C417L Microphone,57.0,0,0,1,0.39443293,0.3838669,0,0,adulto
ICB_03931_004,ICB_203,copd,AKG C417L Microphone,57.0,1,0,1,0.38848716,0.38160884,0,1,adulto
ICB_03931_005,ICB_203,copd,AKG C417L Microphone,57.0,1,0,1,0.40754968,0.38462096,0,1,adulto
ICB_03931_006,ICB_203,copd,AKG C417L Microphone,57.0,1,0,1,0.44462362,0.40774715,0,1,adulto
ICB_03931_007,ICB_203,copd,AKG C417L Microphone,57.0,1,0,1,0.4347831,0.4008908,0,1,adulto
ICB_03931_008,ICB_203,copd,AKG C417L Microphone,57.0,1,0,1,0.386006,0.38009933,0,1,adulto
ICB_03931_009,ICB_203,copd,AKG C417L Microphone,57.0,0,0,1,0.2868871,0.32076403,0,0,adulto
ICB_03932_000,ICB_203,copd,AKG C417L Microphone,57.0,0,0,1,0.4327891,0.39010572,0,0,adulto
ICB_03932_001,ICB_203,copd,AKG C417L Microphone,57.0,1,0,1,0.42919272,0.3960457,0,1,adulto
ICB_03932_002,ICB_203,copd,AKG C417L Microphone,57.0,0,0,1,0.4441925,0.39993075,0,0,adulto
ICB_03932_003,ICB_203,copd,AKG C417L Microphone,57.0,0,0,1,0.4041916,0.38309443,0,0,adulto
ICB_03932_004,ICB_203,copd,AKG C417L Microphone,57.0,0,0,1,0.38807106,0.375177,0,0,adulto
ICB_03932_005,ICB_203,copd,AKG C417L Microphone,57.0,0,0,1,0.40359837,0.38331252,0,0,adulto
ICB_03932_006,ICB_203,copd,AKG C417L Microphone,57.0,0,0,1,0.4532457,0.39893094,0,0,adulto
ICB_03932_007,ICB_203,copd,AKG C417L Microphone,57.0,1,0,1,0.43943167,0.39643586,0,1,adulto
ICB_03932_008,ICB_203,copd,AKG C417L Microphone,57.0,0,0,1,0.38840035,0.37272877,0,0,adulto
ICB_03932_009,ICB_203,copd,AKG C417L Microphone,57.0,0,0,1,0.29019344,0.31882447,0,0,adulto
ICB_03933_000,ICB_203,copd,AKG C417L Microphone,57.0,0,0,1,0.3575075,0.39578727,0,0,adulto
ICB_03933_001,ICB_203,copd,AKG C417L Microphone,57.0,0,0,1,0.35165235,0.39417374,0,0,adulto
ICB_03933_002,ICB_203,copd,AKG C417L Microphone,57.0,0,0,1,0.3757688,0.4186044,0,0,adulto
ICB_03933_003,ICB_203,copd,AKG C417L Microphone,57.0,0,0,1,0.34293842,0.40503109,0,0,adulto
ICB_03933_004,ICB_203,copd,AKG C417L Microphone,57.0,0,1,1,0.35332197,0.40933186,0,2,adulto
ICB_03933_005,ICB_203,copd,AKG C417L Microphone,57.0,0,1,1,0.34305587,0.3917059,0,2,adulto
ICB_03933_006,ICB_203,copd,AKG C417L Microphone,57.0,0,0,1,0.3569965,0.4056137,0,0,adulto
ICB_03933_007,ICB_203,copd,AKG C417L Microphone,57.0,0,0,1,0.34162638,0.40549856,0,0,adulto
ICB_03933_008,ICB_203,copd,AKG C417L Microphone,57.0,0,0,1,0.35436475,0.3973783,0,0,adulto
ICB_03933_009,ICB_203,copd,AKG C417L Microphone,57.0,0,0,1,0.26806092,0.32170987,0,0,adulto
ICB_03934_000,ICB_203,copd,AKG C417L Microphone,57.0,1,0,1,0.3917775,0.38929203,0,1,adulto
ICB_03934_001,ICB_203,copd,AKG C417L Microphone,57.0,1,0,1,0.42035523,0.40068728,0,1,adulto
ICB_03934_002,ICB_203,copd,AKG C417L Microphone,57.0,1,0,1,0.3949362,0.38737753,0,1,adulto
ICB_03934_003,ICB_203,copd,AKG C417L Microphone,57.0,0,0,1,0.39850378,0.39421967,0,0,adulto
ICB_03934_004,ICB_203,copd,AKG C417L Microphone,57.0,1,0,1,0.39810884,0.39814803,0,1,adulto
ICB_03934_005,ICB_203,copd,AKG C417L Microphone,57.0,1,0,1,0.40780827,0.4009243,0,1,adulto
ICB_03934_006,ICB_203,copd,AKG C417L Microphone,57.0,1,0,1,0.4067045,0.39787263,0,1,adulto
ICB_03934_007,ICB_203,copd,AKG C417L Microphone,57.0,1,0,1,0.40206912,0.4042326,0,1,adulto
ICB_03934_008,ICB_203,copd,AKG C417L Microphone,57.0,1,0,1,0.42037714,0.4065673,0,1,adulto
ICB_03934_009,ICB_203,copd,AKG C417L Microphone,57.0,0,0,1,0.3714304,0.38091156,0,0,adulto
ICB_03935_000,ICB_203,copd,AKG C417L Microphone,57.0,1,0,1,0.41795638,0.38806942,0,1,adulto
ICB_03935_001,ICB_203,copd,AKG C417L Microphone,57.0,1,0,1,0.45393068,0.40913153,0,1,adulto
ICB_03935_002,ICB_203,copd,AKG C417L Microphone,57.0,1,0,1,0.42660412,0.3893637,0,1,adulto
ICB_03935_003,ICB_203,copd,AKG C417L Microphone,57.0,1,1,1,0.43527,0.40003544,0,3,adulto
ICB_03935_004,ICB_203,copd,AKG C417L Microphone,57.0,1,0,1,0.43162408,0.3990015,0,1,adulto
ICB_03935_005,ICB_203,copd,AKG C417L Microphone,57.0,1,0,1,0.45922783,0.4141034,0,1,adulto
ICB_03935_006,ICB_203,copd,AKG C417L Microphone,57.0,1,0,1,0.4307199,0.3997174,0,1,adulto
ICB_03935_007,ICB_203,copd,AKG C417L Microphone,57.0,1,0,1,0.4535174,0.41091743,0,1,adulto
ICB_03935_008,ICB_203,copd,AKG C417L Microphone,57.0,1,0,1,0.46980473,0.41373247,0,1,adulto
ICB_03935_009,ICB_203,copd,AKG C417L Microphone,57.0,1,0,1,0.40619817,0.38186538,0,1,adulto
ICB_03936_000,ICB_203,copd,AKG C417L Microphone,57.0,0,0,1,0.38425764,0.38734198,0,0,adulto
ICB_03936_001,ICB_203,copd,AKG C417L Microphone,57.0,1,0,1,0.41088384,0.40614566,0,1,adulto
ICB_03936_002,ICB_203,copd,AKG C417L Microphone,57.0,1,0,1,0.38942596,0.38803542,0,1,adulto
ICB_03936_003,ICB_203,copd,AKG C417L Microphone,57.0,1,0,1,0.40673742,0.40084314,0,1,adulto
ICB_03936_004,ICB_203,copd,AKG C417L Microphone,57.0,1,0,1,0.3967771,0.3970521,0,1,adulto
ICB_03936_005,ICB_203,copd,AKG C417L Microphone,57.0,1,0,1,0.41545942,0.4059413,0,1,adulto
ICB_03936_006,ICB_203,copd,AKG C417L Microphone,57.0,1,0,1,0.3974805,0.39734814,0,1,adulto
ICB_03936_007,ICB_203,copd,AKG C417L Microphone,57.0,1,0,1,0.415829,0.40571555,0,1,adulto
ICB_03936_008,ICB_203,copd,AKG C417L Microphone,57.0,1,0,1,0.43009445,0.408066,0,1,adulto
ICB_03936_009,ICB_203,copd,AKG C417L Microphone,57.0,1,0,1,0.3687813,0.37764925,0,1,adulto
ICB_03937_000,ICB_203,copd,AKG C417L Microphone,57.0,1,0,1,0.3999305,0.38608855,0,1,adulto
ICB_03937_001,ICB_203,copd,AKG C417L Microphone,57.0,1,0,1,0.42944762,0.4021817,0,1,adulto
ICB_03937_002,ICB_203,copd,AKG C417L Microphone,57.0,1,0,1,0.40548566,0.38859406,0,1,adulto
ICB_03937_003,ICB_203,copd,AKG C417L Microphone,57.0,0,0,1,0.41841736,0.3919911,0,0,adulto
ICB_03937_004,ICB_203,copd,AKG C417L Microphone,57.0,0,0,1,0.4220829,0.39436004,0,0,adulto
ICB_03937_005,ICB_203,copd,AKG C417L Microphone,57.0,1,1,1,0.43447176,0.4047524,0,3,adulto
ICB_03937_006,ICB_203,copd,AKG C417L Microphone,57.0,1,0,1,0.41558853,0.39606404,0,1,adulto
ICB_03937_007,ICB_203,copd,AKG C417L Microphone,57.0,0,0,1,0.4353961,0.40097466,0,0,adulto
ICB_03937_008,ICB_203,copd,AKG C417L Microphone,57.0,1,0,1,0.44456184,0.3983339,0,1,adulto
ICB_03937_009,ICB_203,copd,AKG C417L Microphone,57.0,1,0,1,0.38961148,0.37669033,0,1,adulto
ICB_03938_000,ICB_203,copd,AKG C417L Microphone,57.0,0,0,1,0.31316605,0.37990218,0,0,adulto
ICB_03938_001,ICB_203,copd,AKG C417L Microphone,57.0,0,1,1,0.3396167,0.39272222,0,2,adulto
ICB_03938_002,ICB_203,copd,AKG C417L Microphone,57.0,0,0,1,0.32329482,0.37955362,0,0,adulto
ICB_03938_003,ICB_203,copd,AKG C417L Microphone,57.0,0,0,1,0.32577673,0.39175707,0,0,adulto
ICB_03938_004,ICB_203,copd,AKG C417L Microphone,57.0,0,0,1,0.32846522,0.38367826,0,0,adulto
ICB_03938_005,ICB_203,copd,AKG C417L Microphone,57.0,0,0,1,0.33795184,0.39342618,0,0,adulto
ICB_03938_006,ICB_203,copd,AKG C417L Microphone,57.0,0,0,1,0.32514298,0.3844908,0,0,adulto
ICB_03938_007,ICB_203,copd,AKG C417L Microphone,57.0,0,0,1,0.32547215,0.39344412,0,0,adulto
ICB_03938_008,ICB_203,copd,AKG C417L Microphone,57.0,0,0,1,0.33869594,0.39523923,0,0,adulto
ICB_03938_009,ICB_203,copd,AKG C417L Microphone,57.0,0,0,1,0.30621445,0.3694269,0,0,adulto
ICB_03939_000,ICB_203,copd,AKG C417L Microphone,57.0,0,0,1,0.3440083,0.3533981,0,0,adulto
ICB_03939_001,ICB_203,copd,AKG C417L Microphone,57.0,1,0,1,0.47059014,0.43312562,0,1,adulto
ICB_03939_002,ICB_203,copd,AKG C417L Microphone,57.0,1,0,1,0.48749283,0.44006178,0,1,adulto
ICB_03939_003,ICB_203,copd,AKG C417L Microphone,57.0,1,0,1,0.49826285,0.43784136,0,1,adulto
ICB_03939_004,ICB_203,copd,AKG C417L Microphone,57.0,0,0,1,0.52503556,0.44747204,0,0,adulto
ICB_03939_005,ICB_203,copd,AKG C417L Microphone,57.0,0,0,1,0.49716634,0.4339826,0,0,adulto
ICB_03939_006,ICB_203,copd,AKG C417L Microphone,57.0,0,0,1,0.48885483,0.4307892,0,0,adulto
ICB_03939_007,ICB_203,copd,AKG C417L Microphone,57.0,0,0,1,0.49654126,0.4407905,0,0,adulto
ICB_03939_008,ICB_203,copd,AKG C417L Microphone,57.0,0,0,1,0.30883422,0.32863012,0,0,adulto
ICB_03940_000,ICB_203,copd,AKG C417L Microphone,57.0,0,0,1,0.35909817,0.34623134,0,0,adulto
ICB_03940_001,ICB_203,copd,AKG C417L Microphone,57.0,1,0,1,0.47994334,0.41906705,0,1,adulto
ICB_03940_002,ICB_203,copd,AKG C417L Microphone,57.0,1,0,1,0.4910338,0.43056524,0,1,adulto
ICB_03940_003,ICB_203,copd,AKG C417L Microphone,57.0,1,0,1,0.50241756,0.42523,0,1,adulto
ICB_03940_004,ICB_203,copd,AKG C417L Microphone,57.0,1,0,1,0.52215314,0.43639636,0,1,adulto
ICB_03940_005,ICB_203,copd,AKG C417L Microphone,57.0,1,0,1,0.49307603,0.4243964,0,1,adulto
ICB_03940_006,ICB_203,copd,AKG C417L Microphone,57.0,1,0,1,0.48921204,0.4159624,0,1,adulto
ICB_03940_007,ICB_203,copd,AKG C417L Microphone,57.0,0,0,1,0.4963585,0.42362803,0,0,adulto
ICB_03940_008,ICB_203,copd,AKG C417L Microphone,57.0,1,0,1,0.30728102,0.3246275,0,1,adulto
ICB_03941_000,ICB_203,copd,AKG C417L Microphone,57.0,1,0,1,0.34396636,0.3501496,0,1,adulto
ICB_03941_001,ICB_203,copd,AKG C417L Microphone,57.0,1,0,1,0.4336817,0.42077208,0,1,adulto
ICB_03941_002,ICB_203,copd,AKG C417L Microphone,57.0,1,0,1,0.44494444,0.42382368,0,1,adulto
ICB_03941_003,ICB_203,copd,AKG C417L Microphone,57.0,1,0,1,0.45034158,0.42406133,0,1,adulto
ICB_03941_004,ICB_203,copd,AKG C417L Microphone,57.0,1,0,1,0.4720075,0.43609214,0,1,adulto
ICB_03941_005,ICB_203,copd,AKG C417L Microphone,57.0,1,0,1,0.45057002,0.4241205,0,1,adulto
ICB_03941_006,ICB_203,copd,AKG C417L Microphone,57.0,1,1,1,0.4455545,0.41866133,0,3,adulto
ICB_03941_007,ICB_203,copd,AKG C417L Microphone,57.0,1,0,1,0.44931298,0.424981,0,1,adulto
ICB_03941_008,ICB_203,copd,AKG C417L Microphone,57.0,0,0,1,0.28262275,0.32019237,0,0,adulto
ICB_03942_000,ICB_203,copd,AKG C417L Microphone,57.0,0,0,1,0.3490982,0.34180236,0,0,adulto
ICB_03942_001,ICB_203,copd,AKG C417L Microphone,57.0,1,0,1,0.45837092,0.41079104,0,1,adulto
ICB_03942_002,ICB_203,copd,AKG C417L Microphone,57.0,0,0,1,0.4753515,0.4181682,0,0,adulto
ICB_03942_003,ICB_203,copd,AKG C417L Microphone,57.0,1,0,1,0.47630656,0.4186894,0,1,adulto
ICB_03942_004,ICB_203,copd,AKG C417L Microphone,57.0,0,0,1,0.4982838,0.42546257,0,0,adulto
ICB_03942_005,ICB_203,copd,AKG C417L Microphone,57.0,0,0,1,0.46968195,0.41441065,0,0,adulto
ICB_03942_006,ICB_203,copd,AKG C417L Microphone,57.0,0,0,1,0.47216102,0.4125357,0,0,adulto
ICB_03942_007,ICB_203,copd,AKG C417L Microphone,57.0,0,0,1,0.4819801,0.4193504,0,0,adulto
ICB_03942_008,ICB_203,copd,AKG C417L Microphone,57.0,0,0,1,0.29422247,0.3238062,0,0,adulto
ICB_03943_000,ICB_203,copd,AKG C417L Microphone,57.0,0,0,1,0.30185044,0.37611988,0,0,adulto
ICB_03943_001,ICB_203,copd,AKG C417L Microphone,57.0,1,0,1,0.35813668,0.42397588,0,1,adulto
ICB_03943_002,ICB_203,copd,AKG C417L Microphone,57.0,1,0,1,0.3720757,0.43333843,0,1,adulto
ICB_03943_003,ICB_203,copd,AKG C417L Microphone,57.0,0,0,1,0.37219062,0.43102995,0,0,adulto
ICB_03943_004,ICB_203,copd,AKG C417L Microphone,57.0,0,0,1,0.38934863,0.43519902,0,0,adulto
ICB_03943_005,ICB_203,copd,AKG C417L Microphone,57.0,0,0,1,0.37494016,0.43659064,0,0,adulto
ICB_03943_006,ICB_203,copd,AKG C417L Microphone,57.0,1,0,1,0.37923566,0.43917102,0,1,adulto
ICB_03943_007,ICB_203,copd,AKG C417L Microphone,57.0,1,1,1,0.37084764,0.43500146,0,3,adulto
ICB_03943_008,ICB_203,copd,AKG C417L Microphone,57.0,0,0,1,0.27540705,0.33112645,0,0,adulto
ICB_03944_000,ICB_203,copd,AKG C417L Microphone,57.0,0,0,1,0.45240834,0.408514,0,0,adulto
ICB_03944_001,ICB_203,copd,AKG C417L Microphone,57.0,0,0,1,0.59633464,0.50010365,0,0,adulto
ICB_03944_002,ICB_203,copd,AKG C417L Microphone,57.0,0,0,1,0.611745,0.5023078,0,0,adulto
ICB_03944_003,ICB_203,copd,AKG C417L Microphone,57.0,0,0,1,0.6193916,0.51520604,0,0,adulto
ICB_03944_004,ICB_203,copd,AKG C417L Microphone,57.0,0,0,1,0.6736981,0.53830063,1,0,adulto
ICB_03944_005,ICB_203,copd,AKG C417L Microphone,57.0,0,0,1,0.32610962,0.33430007,0,0,adulto
ICB_03945_000,ICB_203,copd,AKG C417L Microphone,57.0,0,0,1,0.47886282,0.4192078,0,0,adulto
ICB_03945_001,ICB_203,copd,AKG C417L Microphone,57.0,1,0,1,0.65237623,0.5164508,1,1,adulto
ICB_03945_002,ICB_203,copd,AKG C417L Microphone,57.0,1,0,1,0.6821151,0.5319047,1,1,adulto
ICB_03945_003,ICB_203,copd,AKG C417L Microphone,57.0,1,0,1,0.6917097,0.54357296,1,1,adulto
ICB_03945_004,ICB_203,copd,AKG C417L Microphone,57.0,1,0,1,0.69361025,0.5420274,1,1,adulto
ICB_03945_005,ICB_203,copd,AKG C417L Microphone,57.0,1,0,1,0.32573882,0.3342889,0,1,adulto
ICB_03946_000,ICB_203,copd,AKG C417L Microphone,57.0,0,0,1,0.47791615,0.4120144,0,0,adulto
ICB_03946_001,ICB_203,copd,AKG C417L Microphone,57.0,0,0,1,0.6137061,0.50362074,0,0,adulto
ICB_03946_002,ICB_203,copd,AKG C417L Microphone,57.0,1,0,1,0.63331586,0.5200156,0,1,adulto
ICB_03946_003,ICB_203,copd,AKG C417L Microphone,57.0,0,0,1,0.64928114,0.52169406,0,0,adulto
ICB_03946_004,ICB_203,copd,AKG C417L Microphone,57.0,0,0,1,0.6522452,0.5184934,1,0,adulto
ICB_03946_005,ICB_203,copd,AKG C417L Microphone,57.0,0,0,1,0.296004,0.32423702,0,0,adulto
ICB_03947_000,ICB_203,copd,AKG C417L Microphone,57.0,0,0,1,0.48208115,0.40719038,0,0,adulto
ICB_03947_001,ICB_203,copd,AKG C417L Microphone,57.0,0,0,1,0.6167195,0.50021106,0,0,adulto
ICB_03947_002,ICB_203,copd,AKG C417L Microphone,57.0,0,0,1,0.64496213,0.5119805,0,0,adulto
ICB_03947_003,ICB_203,copd,AKG C417L Microphone,57.0,1,0,1,0.65171784,0.51287735,1,1,adulto
ICB_03947_004,ICB_203,copd,AKG C417L Microphone,57.0,0,0,1,0.67227226,0.51489687,1,0,adulto
ICB_03947_005,ICB_203,copd,AKG C417L Microphone,57.0,1,0,1,0.3059411,0.3299025,0,1,adulto
ICB_03948_000,ICB_203,copd,AKG C417L Microphone,57.0,0,0,1,0.35216275,0.40928844,0,0,adulto
ICB_03948_001,ICB_203,copd,AKG C417L Microphone,57.0,0,0,1,0.41935325,0.49189362,0,0,adulto
ICB_03948_002,ICB_203,copd,AKG C417L Microphone,57.0,0,0,1,0.43899134,0.49780974,0,0,adulto
ICB_03948_003,ICB_203,copd,AKG C417L Microphone,57.0,0,0,1,0.48300207,0.4981352,0,0,adulto
ICB_03948_004,ICB_203,copd,AKG C417L Microphone,57.0,0,0,1,0.48347017,0.4982625,0,0,adulto
ICB_03948_005,ICB_203,copd,AKG C417L Microphone,57.0,0,0,1,0.26847455,0.32314983,0,0,adulto
ICB_04004_000,ICB_210,respiratory_infection,3M Littmann Classic II SE,1.0,0,0,1,0.3016454,0.32227373,0,0,pediátrico (<18)
ICB_04004_001,ICB_210,respiratory_infection,3M Littmann Classic II SE,1.0,0,0,1,0.30304426,0.33547255,0,0,pediátrico (<18)
ICB_04004_002,ICB_210,respiratory_infection,3M Littmann Classic II SE,1.0,0,0,1,0.32162723,0.335187,0,0,pediátrico (<18)
ICB_04004_003,ICB_210,respiratory_infection,3M Littmann Classic II SE,1.0,0,0,1,0.3262808,0.3847362,0,0,pediátrico (<18)
ICB_04004_004,ICB_210,respiratory_infection,3M Littmann Classic II SE,1.0,0,0,1,0.34980705,0.35930753,0,0,pediátrico (<18)
ICB_04004_005,ICB_210,respiratory_infection,3M Littmann Classic II SE,1.0,0,0,1,0.34562933,0.3654412,0,0,pediátrico (<18)
ICB_04004_006,ICB_210,respiratory_infection,3M Littmann Classic II SE,1.0,0,0,1,0.3289889,0.3432028,0,0,pediátrico (<18)
ICB_04004_007,ICB_210,respiratory_infection,3M Littmann Classic II SE,1.0,0,0,1,0.34191996,0.34759507,0,0,pediátrico (<18)
ICB_04004_008,ICB_210,respiratory_infection,3M Littmann Classic II SE,1.0,1,0,1,0.32256484,0.3445048,0,1,pediátrico (<18)
ICB_04004_009,ICB_210,respiratory_infection,3M Littmann Classic II SE,1.0,0,0,1,0.3301866,0.34833282,0,0,pediátrico (<18)
ICB_04004_010,ICB_210,respiratory_infection,3M Littmann Classic II SE,1.0,0,0,1,0.34623593,0.3507716,0,0,pediátrico (<18)
ICB_04004_011,ICB_210,respiratory_infection,3M Littmann Classic II SE,1.0,0,0,1,0.31237617,0.33224177,0,0,pediátrico (<18)
ICB_04004_012,ICB_210,respiratory_infection,3M Littmann Classic II SE,1.0,0,0,1,0.29170167,0.32675368,0,0,pediátrico (<18)
ICB_04004_013,ICB_210,respiratory_infection,3M Littmann Classic II SE,1.0,0,0,1,0.30543733,0.3469836,0,0,pediátrico (<18)
ICB_04004_014,ICB_210,respiratory_infection,3M Littmann Classic II SE,1.0,0,0,1,0.29807118,0.31884053,0,0,pediátrico (<18)
ICB_04004_015,ICB_210,respiratory_infection,3M Littmann Classic II SE,1.0,0,0,1,0.3522686,0.36173308,0,0,pediátrico (<18)
ICB_04004_016,ICB_210,respiratory_infection,3M Littmann Classic II SE,1.0,0,0,1,0.32008407,0.33974013,0,0,pediátrico (<18)
ICB_04004_017,ICB_210,respiratory_infection,3M Littmann Classic II SE,1.0,0,0,1,0.24912675,0.2949825,0,0,pediátrico (<18)
ICB_04005_000,ICB_210,respiratory_infection,3M Littmann Classic II SE,1.0,0,0,1,0.4206739,0.38612053,0,0,pediátrico (<18)
ICB_04005_001,ICB_210,respiratory_infection,3M Littmann Classic II SE,1.0,0,0,1,0.33459958,0.3528785,0,0,pediátrico (<18)
ICB_04005_002,ICB_210,respiratory_infection,3M Littmann Classic II SE,1.0,0,0,1,0.46472666,0.4069366,0,0,pediátrico (<18)
ICB_04005_003,ICB_210,respiratory_infection,3M Littmann Classic II SE,1.0,0,0,1,0.3328725,0.36383972,0,0,pediátrico (<18)
ICB_04005_004,ICB_210,respiratory_infection,3M Littmann Classic II SE,1.0,0,0,1,0.33925995,0.37045768,0,0,pediátrico (<18)
ICB_04005_005,ICB_210,respiratory_infection,3M Littmann Classic II SE,1.0,1,0,1,0.46142823,0.40888757,0,1,pediátrico (<18)
ICB_04005_006,ICB_210,respiratory_infection,3M Littmann Classic II SE,1.0,0,0,1,0.3138719,0.3273501,0,0,pediátrico (<18)
ICB_04005_007,ICB_210,respiratory_infection,3M Littmann Classic II SE,1.0,0,0,1,0.3407749,0.34579763,0,0,pediátrico (<18)
ICB_04005_008,ICB_210,respiratory_infection,3M Littmann Classic II SE,1.0,0,0,1,0.3385888,0.35470456,0,0,pediátrico (<18)
ICB_04005_009,ICB_210,respiratory_infection,3M Littmann Classic II SE,1.0,0,0,1,0.38583055,0.3698609,0,0,pediátrico (<18)
ICB_04005_010,ICB_210,respiratory_infection,3M Littmann Classic II SE,1.0,0,0,1,0.33766013,0.33931252,0,0,pediátrico (<18)
ICB_04005_011,ICB_210,respiratory_infection,3M Littmann Classic II SE,1.0,0,0,1,0.35119137,0.35205644,0,0,pediátrico (<18)
ICB_04005_012,ICB_210,respiratory_infection,3M Littmann Classic II SE,1.0,0,0,1,0.24785398,0.28945273,0,0,pediátrico (<18)
ICB_04054_000,ICB_220,copd,3M Littmann Classic II SE,66.0,0,0,1,0.29094222,0.33477545,0,0,adulto
ICB_04054_001,ICB_220,copd,3M Littmann Classic II SE,66.0,0,0,1,0.44593367,0.46902573,0,0,adulto
ICB_04054_002,ICB_220,copd,3M Littmann Classic II SE,66.0,0,0,1,0.4268232,0.45574796,0,0,adulto
ICB_04054_003,ICB_220,copd,3M Littmann Classic II SE,66.0,0,0,1,0.43490785,0.46989402,0,0,adulto
ICB_04054_004,ICB_220,copd,3M Littmann Classic II SE,66.0,0,0,1,0.42558706,0.45687965,0,0,adulto
ICB_04054_005,ICB_220,copd,3M Littmann Classic II SE,66.0,1,0,1,0.43496275,0.45593968,0,1,adulto
ICB_04054_006,ICB_220,copd,3M Littmann Classic II SE,66.0,1,0,1,0.35134095,0.38135117,0,1,adulto
ICB_04055_000,ICB_220,copd,3M Littmann Classic II SE,66.0,0,0,1,0.29724646,0.32365122,0,0,adulto
ICB_04055_001,ICB_220,copd,3M Littmann Classic II SE,66.0,0,0,1,0.6618904,0.5021797,1,0,adulto
ICB_04055_002,ICB_220,copd,3M Littmann Classic II SE,66.0,0,0,1,0.63736326,0.48773065,0,0,adulto
ICB_04055_003,ICB_220,copd,3M Littmann Classic II SE,66.0,0,0,1,0.65043783,0.50337124,1,0,adulto
ICB_04055_004,ICB_220,copd,3M Littmann Classic II SE,66.0,0,0,1,0.64644206,0.4993288,0,0,adulto
ICB_04055_005,ICB_220,copd,3M Littmann Classic II SE,66.0,0,0,1,0.661685,0.50554484,1,0,adulto
ICB_04055_006,ICB_220,copd,3M Littmann Classic II SE,66.0,0,0,1,0.47689718,0.41122288,0,0,adulto
ICB_04056_000,ICB_221,copd,3M Littmann Classic II SE,74.0,0,1,1,0.57128227,0.49621606,0,2,adulto
ICB_04056_001,ICB_221,copd,3M Littmann Classic II SE,74.0,1,1,1,0.6569282,0.5803551,1,3,adulto
ICB_04056_002,ICB_221,copd,3M Littmann Classic II SE,74.0,1,1,1,0.639186,0.5710165,0,3,adulto
ICB_04056_003,ICB_221,copd,3M Littmann Classic II SE,74.0,1,1,1,0.6472964,0.59265494,0,3,adulto
ICB_04056_004,ICB_221,copd,3M Littmann Classic II SE,74.0,1,1,1,0.5474494,0.4982886,0,3,adulto
ICB_04057_000,ICB_221,copd,3M Littmann Classic II SE,74.0,0,1,1,0.62318707,0.54089487,0,2,adulto
ICB_04057_001,ICB_221,copd,3M Littmann Classic II SE,74.0,1,1,1,0.70964557,0.5898804,1,3,adulto
ICB_04057_002,ICB_221,copd,3M Littmann Classic II SE,74.0,0,1,1,0.7079263,0.5831278,1,2,adulto
ICB_04057_003,ICB_221,copd,3M Littmann Classic II SE,74.0,1,1,1,0.72888464,0.6039805,1,3,adulto
ICB_04057_004,ICB_221,copd,3M Littmann Classic II SE,74.0,1,1,1,0.572092,0.4954931,0,3,adulto
ICB_04058_000,ICB_221,copd,3M Littmann Classic II SE,74.0,1,1,1,0.5642809,0.51356536,0,3,adulto
ICB_04058_001,ICB_221,copd,3M Littmann Classic II SE,74.0,1,1,1,0.64493364,0.54721093,0,3,adulto
ICB_04058_002,ICB_221,copd,3M Littmann Classic II SE,74.0,0,1,1,0.6518888,0.5535288,1,2,adulto
ICB_04058_003,ICB_221,copd,3M Littmann Classic II SE,74.0,1,1,1,0.6425718,0.5513255,0,3,adulto
ICB_04058_004,ICB_221,copd,3M Littmann Classic II SE,74.0,1,1,1,0.5156339,0.47629476,0,3,adulto
ICB_04059_000,ICB_221,copd,3M Littmann Classic II SE,74.0,0,1,1,0.5921883,0.5112513,0,2,adulto
ICB_04059_001,ICB_221,copd,3M Littmann Classic II SE,74.0,0,1,1,0.680314,0.57734156,1,2,adulto
ICB_04059_002,ICB_221,copd,3M Littmann Classic II SE,74.0,0,1,1,0.643624,0.56987697,0,2,adulto
ICB_04059_003,ICB_221,copd,3M Littmann Classic II SE,74.0,0,1,1,0.6344282,0.56642336,0,2,adulto
ICB_04059_004,ICB_221,copd,3M Littmann Classic II SE,74.0,0,1,1,0.51665103,0.46989423,0,2,adulto
ICB_04060_000,ICB_221,copd,3M Littmann Classic II SE,74.0,0,1,1,0.27566513,0.32750884,0,2,adulto
ICB_04060_001,ICB_221,copd,3M Littmann Classic II SE,74.0,0,1,1,0.64879704,0.5929543,0,2,adulto
ICB_04060_002,ICB_221,copd,3M Littmann Classic II SE,74.0,0,1,1,0.666949,0.57842344,1,2,adulto
ICB_04060_003,ICB_221,copd,3M Littmann Classic II SE,74.0,0,1,1,0.66071135,0.5779134,1,2,adulto
ICB_04060_004,ICB_221,copd,3M Littmann Classic II SE,74.0,0,1,1,0.65099245,0.60877174,1,2,adulto
ICB_04060_005,ICB_221,copd,3M Littmann Classic II SE,74.0,0,0,1,0.26855657,0.30575094,0,0,adulto
ICB_04061_000,ICB_221,copd,3M Littmann Classic II SE,74.0,0,0,1,0.28625312,0.3306272,0,0,adulto
ICB_04061_001,ICB_221,copd,3M Littmann Classic II SE,74.0,1,1,1,0.7223075,0.60868853,1,3,adulto
ICB_04061_002,ICB_221,copd,3M Littmann Classic II SE,74.0,1,1,1,0.70464706,0.622447,1,3,adulto
ICB_04061_003,ICB_221,copd,3M Littmann Classic II SE,74.0,1,1,1,0.7143903,0.61952055,1,3,adulto
ICB_04061_004,ICB_221,copd,3M Littmann Classic II SE,74.0,1,1,1,0.7186345,0.64507675,1,3,adulto
ICB_04061_005,ICB_221,copd,3M Littmann Classic II SE,74.0,0,1,1,0.274783,0.31212234,0,2,adulto
ICB_04062_000,ICB_221,copd,3M Littmann Classic II SE,74.0,0,0,1,0.31128338,0.33150274,0,0,adulto
ICB_04062_001,ICB_221,copd,3M Littmann Classic II SE,74.0,1,1,1,0.6365355,0.5571745,0,3,adulto
ICB_04062_002,ICB_221,copd,3M Littmann Classic II SE,74.0,1,1,1,0.6860701,0.5789241,1,3,adulto
ICB_04062_003,ICB_221,copd,3M Littmann Classic II SE,74.0,1,1,1,0.6510055,0.55603534,1,3,adulto
ICB_04062_004,ICB_221,copd,3M Littmann Classic II SE,74.0,1,1,1,0.6753166,0.58514667,1,3,adulto
ICB_04063_000,ICB_221,copd,3M Littmann Classic II SE,74.0,0,1,1,0.289073,0.32300574,0,2,adulto
ICB_04063_001,ICB_221,copd,3M Littmann Classic II SE,74.0,0,1,1,0.6291127,0.5705426,0,2,adulto
ICB_04063_002,ICB_221,copd,3M Littmann Classic II SE,74.0,0,1,1,0.6551922,0.5588042,1,2,adulto
ICB_04063_003,ICB_221,copd,3M Littmann Classic II SE,74.0,0,1,1,0.6400717,0.55507493,0,2,adulto
ICB_04063_004,ICB_221,copd,3M Littmann Classic II SE,74.0,0,1,1,0.6626656,0.569866,1,2,adulto
ICB_04063_005,ICB_221,copd,3M Littmann Classic II SE,74.0,0,0,1,0.26713178,0.3070263,0,0,adulto
ICB_04064_000,ICB_221,copd,3M Littmann Classic II SE,74.0,0,1,1,0.46278754,0.47331563,0,2,adulto
ICB_04064_001,ICB_221,copd,3M Littmann Classic II SE,74.0,0,1,1,0.6363611,0.5915982,0,2,adulto
ICB_04064_002,ICB_221,copd,3M Littmann Classic II SE,74.0,0,1,1,0.6499346,0.60070366,0,2,adulto
ICB_04064_003,ICB_221,copd,3M Littmann Classic II SE,74.0,0,1,1,0.6579269,0.58005714,1,2,adulto
ICB_04064_004,ICB_221,copd,3M Littmann Classic II SE,74.0,0,1,1,0.5746136,0.5214964,0,2,adulto
ICB_04065_000,ICB_221,copd,3M Littmann Classic II SE,74.0,0,1,1,0.50030905,0.48519588,0,2,adulto
ICB_04065_001,ICB_221,copd,3M Littmann Classic II SE,74.0,1,1,1,0.7093029,0.60842353,1,3,adulto
ICB_04065_002,ICB_221,copd,3M Littmann Classic II SE,74.0,1,1,1,0.72457284,0.59979683,1,3,adulto
ICB_04065_003,ICB_221,copd,3M Littmann Classic II SE,74.0,1,1,1,0.7105296,0.60506713,1,3,adulto
ICB_04065_004,ICB_221,copd,3M Littmann Classic II SE,74.0,1,1,1,0.642626,0.5531218,0,3,adulto
ICB_04066_000,ICB_221,copd,3M Littmann Classic II SE,74.0,0,1,1,0.4833133,0.4591775,0,2,adulto
ICB_04066_001,ICB_221,copd,3M Littmann Classic II SE,74.0,1,1,1,0.6674718,0.54328847,1,3,adulto
ICB_04066_002,ICB_221,copd,3M Littmann Classic II SE,74.0,1,1,1,0.6568706,0.5507699,1,3,adulto
ICB_04066_003,ICB_221,copd,3M Littmann Classic II SE,74.0,1,1,1,0.64628005,0.5408672,0,3,adulto
ICB_04066_004,ICB_221,copd,3M Littmann Classic II SE,74.0,1,1,1,0.5608881,0.50550914,0,3,adulto
ICB_04067_000,ICB_221,copd,3M Littmann Classic II SE,74.0,0,1,1,0.5022454,0.47256187,0,2,adulto
ICB_04067_001,ICB_221,copd,3M Littmann Classic II SE,74.0,0,1,1,0.65096277,0.56869435,1,2,adulto
ICB_04067_002,ICB_221,copd,3M Littmann Classic II SE,74.0,1,1,1,0.6374391,0.55726975,0,3,adulto
ICB_04067_003,ICB_221,copd,3M Littmann Classic II SE,74.0,1,1,1,0.6415833,0.5572513,0,3,adulto
ICB_04067_004,ICB_221,copd,3M Littmann Classic II SE,74.0,1,1,1,0.56432766,0.509779,0,3,adulto
ICB_03173_000,ICB_105,respiratory_infection,3M Littmann Classic II SE,7.0,0,0,2,0.21403019,0.17001247,0,0,pediátrico (<18)
ICB_03173_001,ICB_105,respiratory_infection,3M Littmann Classic II SE,7.0,0,0,2,0.17593943,0.17993347,0,0,pediátrico (<18)
ICB_03173_002,ICB_105,respiratory_infection,3M Littmann Classic II SE,7.0,0,0,2,0.1522002,0.20081873,0,0,pediátrico (<18)
ICB_03173_003,ICB_105,respiratory_infection,3M Littmann Classic II SE,7.0,0,0,2,0.15513884,0.16699272,0,0,pediátrico (<18)
ICB_03173_004,ICB_105,respiratory_infection,3M Littmann Classic II SE,7.0,0,0,2,0.14251927,0.20399563,0,0,pediátrico (<18)
ICB_03173_005,ICB_105,respiratory_infection,3M Littmann Classic II SE,7.0,0,0,2,0.13558884,0.23242186,0,0,pediátrico (<18)
ICB_03173_006,ICB_105,respiratory_infection,3M Littmann Classic II SE,7.0,0,0,2,0.14895791,0.12433282,0,0,pediátrico (<18)
ICB_03173_007,ICB_105,respiratory_infection,3M Littmann Classic II SE,7.0,0,0,2,0.30121008,0.44530535,0,0,pediátrico (<18)
ICB_03211_000,ICB_110,copd,WelchAllyn Meditron Master Elite,75.0,1,0,2,0.42423803,0.90789956,0,1,adulto
ICB_03211_001,ICB_110,copd,WelchAllyn Meditron Master Elite,75.0,1,0,2,0.54344547,0.97383624,2,1,adulto
ICB_03211_002,ICB_110,copd,WelchAllyn Meditron Master Elite,75.0,0,0,2,0.4485908,0.83065885,0,0,adulto
ICB_03211_003,ICB_110,copd,WelchAllyn Meditron Master Elite,75.0,0,0,2,0.5786515,0.84915924,0,0,adulto
ICB_03211_004,ICB_110,copd,WelchAllyn Meditron Master Elite,75.0,0,0,2,0.39789453,0.9654307,2,0,adulto
ICB_03211_005,ICB_110,copd,WelchAllyn Meditron Master Elite,75.0,0,0,2,0.41381305,0.9847882,2,0,adulto
ICB_03211_006,ICB_110,copd,WelchAllyn Meditron Master Elite,75.0,0,0,2,0.26969665,0.99508274,2,0,adulto
ICB_03211_007,ICB_110,copd,WelchAllyn Meditron Master Elite,75.0,0,0,2,0.4461458,0.99224275,2,0,adulto
ICB_03211_008,ICB_110,copd,WelchAllyn Meditron Master Elite,75.0,0,0,2,0.32932362,0.9222274,0,0,adulto
ICB_03211_009,ICB_110,copd,WelchAllyn Meditron Master Elite,75.0,0,0,2,0.26524556,0.71947193,0,0,adulto
ICB_03211_010,ICB_110,copd,WelchAllyn Meditron Master Elite,75.0,0,0,2,0.28596124,0.98568374,2,0,adulto
ICB_03211_011,ICB_110,copd,WelchAllyn Meditron Master Elite,75.0,0,0,2,0.5101743,0.95898277,2,0,adulto
ICB_03211_012,ICB_110,copd,WelchAllyn Meditron Master Elite,75.0,0,0,2,0.50215095,0.9840815,2,0,adulto
ICB_03211_013,ICB_110,copd,WelchAllyn Meditron Master Elite,75.0,0,0,2,0.5779905,0.96949804,2,0,adulto
ICB_03211_014,ICB_110,copd,WelchAllyn Meditron Master Elite,75.0,0,0,2,0.39663708,0.9958496,2,0,adulto
ICB_03212_000,ICB_110,copd,WelchAllyn Meditron Master Elite,75.0,1,1,2,0.77337235,0.65331805,0,3,adulto
ICB_03212_001,ICB_110,copd,WelchAllyn Meditron Master Elite,75.0,1,1,2,0.6807927,0.6941788,0,3,adulto
ICB_03212_002,ICB_110,copd,WelchAllyn Meditron Master Elite,75.0,1,1,2,0.750944,0.6702965,0,3,adulto
ICB_03212_003,ICB_110,copd,WelchAllyn Meditron Master Elite,75.0,1,0,2,0.7102777,0.57612586,0,1,adulto
ICB_03212_004,ICB_110,copd,WelchAllyn Meditron Master Elite,75.0,0,0,2,0.7863022,0.5047894,0,0,adulto
ICB_03212_005,ICB_110,copd,WelchAllyn Meditron Master Elite,75.0,1,0,2,0.73309827,0.7259283,0,1,adulto
ICB_03212_006,ICB_110,copd,WelchAllyn Meditron Master Elite,75.0,1,0,2,0.70333034,0.6718459,0,1,adulto
ICB_03213_000,ICB_110,copd,WelchAllyn Meditron Master Elite,75.0,0,1,2,0.24253227,0.46444455,0,2,adulto
ICB_03213_001,ICB_110,copd,WelchAllyn Meditron Master Elite,75.0,0,1,2,0.40095475,0.74462956,0,2,adulto
ICB_03213_002,ICB_110,copd,WelchAllyn Meditron Master Elite,75.0,0,0,2,0.3987938,0.6981301,0,0,adulto
ICB_03213_003,ICB_110,copd,WelchAllyn Meditron Master Elite,75.0,0,0,2,0.41473785,0.658008,0,0,adulto
ICB_03213_004,ICB_110,copd,WelchAllyn Meditron Master Elite,75.0,0,1,2,0.3877778,0.7864985,0,2,adulto
ICB_03213_005,ICB_110,copd,WelchAllyn Meditron Master Elite,75.0,0,0,2,0.44409472,0.6483553,0,0,adulto
ICB_03213_006,ICB_110,copd,WelchAllyn Meditron Master Elite,75.0,0,0,2,0.32957482,0.81371546,0,0,adulto
ICB_03214_000,ICB_110,copd,WelchAllyn Meditron Master Elite,75.0,1,0,2,0.67613333,0.24276021,0,1,adulto
ICB_03214_001,ICB_110,copd,WelchAllyn Meditron Master Elite,75.0,1,0,2,0.65278953,0.48535758,0,1,adulto
ICB_03214_002,ICB_110,copd,WelchAllyn Meditron Master Elite,75.0,1,0,2,0.517423,0.6717952,0,1,adulto
ICB_03214_003,ICB_110,copd,WelchAllyn Meditron Master Elite,75.0,1,0,2,0.5625195,0.56711763,0,1,adulto
ICB_03214_004,ICB_110,copd,WelchAllyn Meditron Master Elite,75.0,1,0,2,0.58513105,0.6726745,0,1,adulto
ICB_03214_005,ICB_110,copd,WelchAllyn Meditron Master Elite,75.0,1,0,2,0.6125519,0.61213076,0,1,adulto
ICB_03214_006,ICB_110,copd,WelchAllyn Meditron Master Elite,75.0,1,0,2,0.6374796,0.64646095,0,1,adulto
ICB_03215_000,ICB_110,copd,WelchAllyn Meditron Master Elite,75.0,0,0,2,0.8033679,0.49354565,0,0,adulto
ICB_03215_001,ICB_110,copd,WelchAllyn Meditron Master Elite,75.0,0,0,2,0.7693495,0.5356258,0,0,adulto
ICB_03215_002,ICB_110,copd,WelchAllyn Meditron Master Elite,75.0,0,0,2,0.7975129,0.38877708,0,0,adulto
ICB_03215_003,ICB_110,copd,WelchAllyn Meditron Master Elite,75.0,0,0,2,0.6700214,0.49720958,0,0,adulto
ICB_03215_004,ICB_110,copd,WelchAllyn Meditron Master Elite,75.0,0,0,2,0.65087354,0.4840733,0,0,adulto
ICB_03215_005,ICB_110,copd,WelchAllyn Meditron Master Elite,75.0,0,0,2,0.4282524,0.53650635,0,0,adulto
ICB_03215_006,ICB_110,copd,WelchAllyn Meditron Master Elite,75.0,0,0,2,0.62865,0.5797379,0,0,adulto
ICB_03215_007,ICB_110,copd,WelchAllyn Meditron Master Elite,75.0,0,0,2,0.84038997,0.2448173,0,0,adulto
ICB_03215_008,ICB_110,copd,WelchAllyn Meditron Master Elite,75.0,0,0,2,0.616858,0.32350782,0,0,adulto
ICB_03215_009,ICB_110,copd,WelchAllyn Meditron Master Elite,75.0,0,0,2,0.61937857,0.20548391,0,0,adulto
ICB_03215_010,ICB_110,copd,WelchAllyn Meditron Master Elite,75.0,0,0,2,0.61627644,0.5500918,0,0,adulto
ICB_03215_011,ICB_110,copd,WelchAllyn Meditron Master Elite,75.0,0,0,2,0.4399187,0.4402329,0,0,adulto
ICB_03215_012,ICB_110,copd,WelchAllyn Meditron Master Elite,75.0,0,0,2,0.54742235,0.40610778,0,0,adulto
ICB_03215_013,ICB_110,copd,WelchAllyn Meditron Master Elite,75.0,0,0,2,0.55669117,0.52541757,0,0,adulto
ICB_03215_014,ICB_110,copd,WelchAllyn Meditron Master Elite,75.0,0,0,2,0.62277466,0.60333794,0,0,adulto
ICB_03215_015,ICB_110,copd,WelchAllyn Meditron Master Elite,75.0,0,0,2,0.6195915,0.57923234,0,0,adulto
ICB_03246_000,ICB_120,copd,WelchAllyn Meditron Master Elite,78.0,0,0,2,0.5445839,0.80086464,0,0,adulto
ICB_03246_001,ICB_120,copd,WelchAllyn Meditron Master Elite,78.0,0,0,2,0.5129262,0.885874,0,0,adulto
ICB_03246_002,ICB_120,copd,WelchAllyn Meditron Master Elite,78.0,0,0,2,0.5370653,0.8427128,0,0,adulto
ICB_03246_003,ICB_120,copd,WelchAllyn Meditron Master Elite,78.0,0,0,2,0.5873661,0.78597385,0,0,adulto
ICB_03246_004,ICB_120,copd,WelchAllyn Meditron Master Elite,78.0,0,0,2,0.58853644,0.87499887,0,0,adulto
ICB_03246_005,ICB_120,copd,WelchAllyn Meditron Master Elite,78.0,0,0,2,0.53833896,0.88046265,0,0,adulto
ICB_03246_006,ICB_120,copd,WelchAllyn Meditron Master Elite,78.0,0,0,2,0.58885485,0.79681516,0,0,adulto
ICB_03246_007,ICB_120,copd,WelchAllyn Meditron Master Elite,78.0,0,0,2,0.4839468,0.9596395,2,0,adulto
ICB_03246_008,ICB_120,copd,WelchAllyn Meditron Master Elite,78.0,0,0,2,0.45183823,0.9530812,2,0,adulto
ICB_03246_009,ICB_120,copd,WelchAllyn Meditron Master Elite,78.0,0,0,2,0.4731413,0.93418574,0,0,adulto
ICB_03246_010,ICB_120,copd,WelchAllyn Meditron Master Elite,78.0,0,0,2,0.47079498,0.92291975,0,0,adulto
ICB_03246_011,ICB_120,copd,WelchAllyn Meditron Master Elite,78.0,0,0,2,0.3879873,0.6219018,0,0,adulto
ICB_03246_012,ICB_120,copd,WelchAllyn Meditron Master Elite,78.0,0,0,2,0.49310747,0.9361277,0,0,adulto
ICB_03246_013,ICB_120,copd,WelchAllyn Meditron Master Elite,78.0,0,0,2,0.45976856,0.96945906,2,0,adulto
ICB_03246_014,ICB_120,copd,WelchAllyn Meditron Master Elite,78.0,0,0,2,0.24810624,0.8559631,0,0,adulto
ICB_03246_015,ICB_120,copd,WelchAllyn Meditron Master Elite,78.0,0,0,2,0.4707416,0.857622,0,0,adulto
ICB_03246_016,ICB_120,copd,WelchAllyn Meditron Master Elite,78.0,0,0,2,0.54219687,0.7036042,0,0,adulto
ICB_03246_017,ICB_120,copd,WelchAllyn Meditron Master Elite,78.0,0,0,2,0.70249206,0.5772981,0,0,adulto
ICB_03246_018,ICB_120,copd,WelchAllyn Meditron Master Elite,78.0,0,0,2,0.6559965,0.43707466,0,0,adulto
ICB_03247_000,ICB_120,copd,WelchAllyn Meditron Master Elite,78.0,0,0,2,0.5378102,0.9532009,2,0,adulto
ICB_03247_001,ICB_120,copd,WelchAllyn Meditron Master Elite,78.0,0,0,2,0.51951957,0.9594989,2,0,adulto
ICB_03247_002,ICB_120,copd,WelchAllyn Meditron Master Elite,78.0,0,0,2,0.54908705,0.93978655,0,0,adulto
ICB_03247_003,ICB_120,copd,WelchAllyn Meditron Master Elite,78.0,0,0,2,0.48517278,0.9894258,2,0,adulto
ICB_03247_004,ICB_120,copd,WelchAllyn Meditron Master Elite,78.0,0,0,2,0.43737337,0.9831508,2,0,adulto
ICB_03247_005,ICB_120,copd,WelchAllyn Meditron Master Elite,78.0,0,0,2,0.45207974,0.9769693,2,0,adulto
ICB_03247_006,ICB_120,copd,WelchAllyn Meditron Master Elite,78.0,0,0,2,0.524146,0.9836077,2,0,adulto
ICB_03247_007,ICB_120,copd,WelchAllyn Meditron Master Elite,78.0,0,0,2,0.4593695,0.97533095,2,0,adulto
ICB_03247_008,ICB_120,copd,WelchAllyn Meditron Master Elite,78.0,0,0,2,0.42464048,0.97922254,2,0,adulto
ICB_03247_009,ICB_120,copd,WelchAllyn Meditron Master Elite,78.0,0,0,2,0.4744839,0.9832624,2,0,adulto
ICB_03247_010,ICB_120,copd,WelchAllyn Meditron Master Elite,78.0,0,0,2,0.41169336,0.98572946,2,0,adulto
ICB_03247_011,ICB_120,copd,WelchAllyn Meditron Master Elite,78.0,0,0,2,0.332663,0.9831487,2,0,adulto
ICB_03247_012,ICB_120,copd,WelchAllyn Meditron Master Elite,78.0,0,0,2,0.48672014,0.9910052,2,0,adulto
ICB_03247_013,ICB_120,copd,WelchAllyn Meditron Master Elite,78.0,0,0,2,0.40996423,0.9970157,2,0,adulto
ICB_03247_014,ICB_120,copd,WelchAllyn Meditron Master Elite,78.0,0,0,2,0.3629568,0.9889319,2,0,adulto
ICB_03247_015,ICB_120,copd,WelchAllyn Meditron Master Elite,78.0,0,0,2,0.360322,0.97352624,2,0,adulto
ICB_03247_016,ICB_120,copd,WelchAllyn Meditron Master Elite,78.0,0,0,2,0.5010706,0.968002,2,0,adulto
ICB_03247_017,ICB_120,copd,WelchAllyn Meditron Master Elite,78.0,0,0,2,0.46005994,0.9509324,2,0,adulto
ICB_03247_018,ICB_120,copd,WelchAllyn Meditron Master Elite,78.0,0,0,2,0.7206039,0.63958895,0,0,adulto
ICB_03247_019,ICB_120,copd,WelchAllyn Meditron Master Elite,78.0,0,0,2,0.6595206,0.6718872,0,0,adulto
ICB_03248_000,ICB_120,copd,WelchAllyn Meditron Master Elite,78.0,0,0,2,0.45336652,0.85088205,0,0,adulto
ICB_03248_001,ICB_120,copd,WelchAllyn Meditron Master Elite,78.0,0,0,2,0.5123367,0.9263893,0,0,adulto
ICB_03248_002,ICB_120,copd,WelchAllyn Meditron Master Elite,78.0,0,0,2,0.47687244,0.95327103,2,0,adulto
ICB_03248_003,ICB_120,copd,WelchAllyn Meditron Master Elite,78.0,0,0,2,0.5208492,0.89969003,0,0,adulto
ICB_03248_004,ICB_120,copd,WelchAllyn Meditron Master Elite,78.0,0,0,2,0.45641798,0.90813184,0,0,adulto
ICB_03248_005,ICB_120,copd,WelchAllyn Meditron Master Elite,78.0,0,0,2,0.45454052,0.9178366,0,0,adulto
ICB_03248_006,ICB_120,copd,WelchAllyn Meditron Master Elite,78.0,0,0,2,0.4558604,0.842351,0,0,adulto
ICB_03248_007,ICB_120,copd,WelchAllyn Meditron Master Elite,78.0,0,0,2,0.39785534,0.90001047,0,0,adulto
ICB_03248_008,ICB_120,copd,WelchAllyn Meditron Master Elite,78.0,0,0,2,0.4241537,0.89187646,0,0,adulto
ICB_03248_009,ICB_120,copd,WelchAllyn Meditron Master Elite,78.0,0,0,2,0.4166522,0.9356462,0,0,adulto
ICB_03248_010,ICB_120,copd,WelchAllyn Meditron Master Elite,78.0,0,0,2,0.38638285,0.91873103,0,0,adulto
ICB_03248_011,ICB_120,copd,WelchAllyn Meditron Master Elite,78.0,0,0,2,0.44536096,0.9414606,0,0,adulto
ICB_03248_012,ICB_120,copd,WelchAllyn Meditron Master Elite,78.0,0,0,2,0.49500334,0.86040527,0,0,adulto
ICB_03248_013,ICB_120,copd,WelchAllyn Meditron Master Elite,78.0,0,0,2,0.48128176,0.90603626,0,0,adulto
ICB_03248_014,ICB_120,copd,WelchAllyn Meditron Master Elite,78.0,0,0,2,0.34714422,0.891927,0,0,adulto
ICB_03248_015,ICB_120,copd,WelchAllyn Meditron Master Elite,78.0,0,0,2,0.4801978,0.47606617,0,0,adulto
ICB_03248_016,ICB_120,copd,WelchAllyn Meditron Master Elite,78.0,0,0,2,0.548308,0.38002813,0,0,adulto
ICB_03248_017,ICB_120,copd,WelchAllyn Meditron Master Elite,78.0,0,0,2,0.3705095,0.5155714,0,0,adulto
ICB_03248_018,ICB_120,copd,WelchAllyn Meditron Master Elite,78.0,0,0,2,0.40945086,0.4729717,0,0,adulto
ICB_03248_019,ICB_120,copd,WelchAllyn Meditron Master Elite,78.0,0,0,2,0.46530303,0.75887066,0,0,adulto
ICB_03248_020,ICB_120,copd,WelchAllyn Meditron Master Elite,78.0,0,0,2,0.6108727,0.6244385,0,0,adulto
ICB_03248_021,ICB_120,copd,WelchAllyn Meditron Master Elite,78.0,0,0,2,0.53264743,0.656312,0,0,adulto
ICB_03248_022,ICB_120,copd,WelchAllyn Meditron Master Elite,78.0,0,0,2,0.5569278,0.60492826,0,0,adulto
ICB_03248_023,ICB_120,copd,WelchAllyn Meditron Master Elite,78.0,0,0,2,0.56878036,0.6424915,0,0,adulto
ICB_03248_024,ICB_120,copd,WelchAllyn Meditron Master Elite,78.0,0,0,2,0.39531612,0.7609057,0,0,adulto
ICB_03248_025,ICB_120,copd,WelchAllyn Meditron Master Elite,78.0,0,0,2,0.44704938,0.42593458,0,0,adulto
ICB_03248_026,ICB_120,copd,WelchAllyn Meditron Master Elite,78.0,0,0,2,0.5679191,0.40426856,0,0,adulto
ICB_03248_027,ICB_120,copd,WelchAllyn Meditron Master Elite,78.0,0,0,2,0.5467326,0.47137287,0,0,adulto
ICB_03248_028,ICB_120,copd,WelchAllyn Meditron Master Elite,78.0,0,0,2,0.4680445,0.94452626,0,0,adulto
ICB_03248_029,ICB_120,copd,WelchAllyn Meditron Master Elite,78.0,0,0,2,0.56283265,0.85012305,0,0,adulto
ICB_03248_030,ICB_120,copd,WelchAllyn Meditron Master Elite,78.0,0,0,2,0.57397974,0.8522785,0,0,adulto
ICB_03248_031,ICB_120,copd,WelchAllyn Meditron Master Elite,78.0,0,0,2,0.6110046,0.87505543,0,0,adulto
ICB_03248_032,ICB_120,copd,WelchAllyn Meditron Master Elite,78.0,0,0,2,0.5892091,0.72313154,0,0,adulto
ICB_03249_000,ICB_120,copd,WelchAllyn Meditron Master Elite,78.0,0,0,2,0.6352341,0.81729513,0,0,adulto
ICB_03249_001,ICB_120,copd,WelchAllyn Meditron Master Elite,78.0,0,0,2,0.6365213,0.67896664,0,0,adulto
ICB_03249_002,ICB_120,copd,WelchAllyn Meditron Master Elite,78.0,0,0,2,0.5971507,0.69472545,0,0,adulto
ICB_03249_003,ICB_120,copd,WelchAllyn Meditron Master Elite,78.0,0,0,2,0.5651433,0.6147464,0,0,adulto
ICB_03249_004,ICB_120,copd,WelchAllyn Meditron Master Elite,78.0,0,0,2,0.60551196,0.6350122,0,0,adulto
ICB_03249_005,ICB_120,copd,WelchAllyn Meditron Master Elite,78.0,0,0,2,0.5916673,0.51292944,0,0,adulto
ICB_03249_006,ICB_120,copd,WelchAllyn Meditron Master Elite,78.0,0,0,2,0.65962994,0.6675849,0,0,adulto
ICB_03249_007,ICB_120,copd,WelchAllyn Meditron Master Elite,78.0,0,0,2,0.5927183,0.5289018,0,0,adulto
ICB_03249_008,ICB_120,copd,WelchAllyn Meditron Master Elite,78.0,0,0,2,0.6456739,0.487553,0,0,adulto
ICB_03249_009,ICB_120,copd,WelchAllyn Meditron Master Elite,78.0,0,0,2,0.61742264,0.5937991,0,0,adulto
ICB_03249_010,ICB_120,copd,WelchAllyn Meditron Master Elite,78.0,0,0,2,0.6709412,0.6133417,0,0,adulto
ICB_03249_011,ICB_120,copd,WelchAllyn Meditron Master Elite,78.0,0,0,2,0.5541155,0.6685332,0,0,adulto
ICB_03249_012,ICB_120,copd,WelchAllyn Meditron Master Elite,78.0,0,0,2,0.3894121,0.40795547,0,0,adulto
ICB_03249_013,ICB_120,copd,WelchAllyn Meditron Master Elite,78.0,0,0,2,0.22464424,0.7893493,0,0,adulto
ICB_03249_014,ICB_120,copd,WelchAllyn Meditron Master Elite,78.0,0,0,2,0.5097362,0.6174973,0,0,adulto
ICB_03249_015,ICB_120,copd,WelchAllyn Meditron Master Elite,78.0,1,0,2,0.422351,0.39682826,0,1,adulto
ICB_03249_016,ICB_120,copd,WelchAllyn Meditron Master Elite,78.0,1,0,2,0.4908558,0.4185235,0,1,adulto
ICB_03249_017,ICB_120,copd,WelchAllyn Meditron Master Elite,78.0,1,0,2,0.5011852,0.41987294,0,1,adulto
ICB_03249_018,ICB_120,copd,WelchAllyn Meditron Master Elite,78.0,1,0,2,0.47635934,0.37487265,0,1,adulto
ICB_03249_019,ICB_120,copd,WelchAllyn Meditron Master Elite,78.0,0,0,2,0.5222017,0.5738844,0,0,adulto
ICB_03249_020,ICB_120,copd,WelchAllyn Meditron Master Elite,78.0,1,0,2,0.47456443,0.6324102,0,1,adulto
ICB_03249_021,ICB_120,copd,WelchAllyn Meditron Master Elite,78.0,1,0,2,0.5341285,0.48935035,0,1,adulto
ICB_03249_022,ICB_120,copd,WelchAllyn Meditron Master Elite,78.0,1,0,2,0.4969412,0.5276559,0,1,adulto
ICB_03249_023,ICB_120,copd,WelchAllyn Meditron Master Elite,78.0,1,0,2,0.47811174,0.5452347,0,1,adulto
ICB_03249_024,ICB_120,copd,WelchAllyn Meditron Master Elite,78.0,1,0,2,0.45444906,0.60028946,0,1,adulto
ICB_03249_025,ICB_120,copd,WelchAllyn Meditron Master Elite,78.0,1,0,2,0.47100946,0.43288356,0,1,adulto
ICB_03249_026,ICB_120,copd,WelchAllyn Meditron Master Elite,78.0,1,0,2,0.4650153,0.5313076,0,1,adulto
ICB_03249_027,ICB_120,copd,WelchAllyn Meditron Master Elite,78.0,1,0,2,0.48897576,0.59266186,0,1,adulto
ICB_03249_028,ICB_120,copd,WelchAllyn Meditron Master Elite,78.0,1,0,2,0.5021303,0.63402677,0,1,adulto
ICB_03249_029,ICB_120,copd,WelchAllyn Meditron Master Elite,78.0,1,0,2,0.49348792,0.5058117,0,1,adulto
ICB_03250_000,ICB_120,copd,WelchAllyn Meditron Master Elite,78.0,1,0,2,0.37477875,0.9180185,0,1,adulto
ICB_03250_001,ICB_120,copd,WelchAllyn Meditron Master Elite,78.0,0,0,2,0.41224578,0.89883375,0,0,adulto
ICB_03250_002,ICB_120,copd,WelchAllyn Meditron Master Elite,78.0,0,0,2,0.38801956,0.8821259,0,0,adulto
ICB_03250_003,ICB_120,copd,WelchAllyn Meditron Master Elite,78.0,0,0,2,0.46523166,0.73388606,0,0,adulto
ICB_03250_004,ICB_120,copd,WelchAllyn Meditron Master Elite,78.0,0,0,2,0.40556628,0.7731069,0,0,adulto
ICB_03250_005,ICB_120,copd,WelchAllyn Meditron Master Elite,78.0,0,0,2,0.39715502,0.7905426,0,0,adulto
ICB_03250_006,ICB_120,copd,WelchAllyn Meditron Master Elite,78.0,0,0,2,0.40192688,0.7862509,0,0,adulto
ICB_03250_007,ICB_120,copd,WelchAllyn Meditron Master Elite,78.0,0,0,2,0.46725866,0.93837774,0,0,adulto
ICB_03250_008,ICB_120,copd,WelchAllyn Meditron Master Elite,78.0,0,0,2,0.47528374,0.8069768,0,0,adulto
ICB_03250_009,ICB_120,copd,WelchAllyn Meditron Master Elite,78.0,0,0,2,0.36456054,0.93691474,0,0,adulto
ICB_03250_010,ICB_120,copd,WelchAllyn Meditron Master Elite,78.0,0,0,2,0.35039073,0.8890823,0,0,adulto
ICB_03250_011,ICB_120,copd,WelchAllyn Meditron Master Elite,78.0,0,0,2,0.18205833,0.7206605,0,0,adulto
ICB_03250_012,ICB_120,copd,WelchAllyn Meditron Master Elite,78.0,0,0,2,0.26085037,0.8411455,0,0,adulto
ICB_03250_013,ICB_120,copd,WelchAllyn Meditron Master Elite,78.0,0,0,2,0.4220629,0.7829223,0,0,adulto
ICB_03250_014,ICB_120,copd,WelchAllyn Meditron Master Elite,78.0,0,0,2,0.43736854,0.8236363,0,0,adulto
ICB_03250_015,ICB_120,copd,WelchAllyn Meditron Master Elite,78.0,0,0,2,0.36456072,0.9043718,0,0,adulto
ICB_03250_016,ICB_120,copd,WelchAllyn Meditron Master Elite,78.0,0,0,2,0.32246867,0.96102816,2,0,adulto
ICB_03250_017,ICB_120,copd,WelchAllyn Meditron Master Elite,78.0,0,0,2,0.43509847,0.95673704,2,0,adulto
ICB_03250_018,ICB_120,copd,WelchAllyn Meditron Master Elite,78.0,0,0,2,0.32656008,0.97493136,2,0,adulto
ICB_03250_019,ICB_120,copd,WelchAllyn Meditron Master Elite,78.0,0,0,2,0.4148253,0.9711817,2,0,adulto
ICB_03250_020,ICB_120,copd,WelchAllyn Meditron Master Elite,78.0,0,0,2,0.44561973,0.78284997,0,0,adulto
ICB_03269_000,ICB_125,normal_lung,3M Littmann Classic II SE,14.0,0,0,2,0.3425193,0.32429814,0,0,pediátrico (<18)
ICB_03269_001,ICB_125,normal_lung,3M Littmann Classic II SE,14.0,0,0,2,0.19171175,0.1533415,0,0,pediátrico (<18)
ICB_03269_002,ICB_125,normal_lung,3M Littmann Classic II SE,14.0,1,0,2,0.19815037,0.18917824,0,1,pediátrico (<18)
ICB_03269_003,ICB_125,normal_lung,3M Littmann Classic II SE,14.0,0,0,2,0.22831228,0.22152379,0,0,pediátrico (<18)
ICB_03269_004,ICB_125,normal_lung,3M Littmann Classic II SE,14.0,1,0,2,0.19214521,0.18388636,0,1,pediátrico (<18)
ICB_03269_005,ICB_125,normal_lung,3M Littmann Classic II SE,14.0,0,0,2,0.2151894,0.1951366,0,0,pediátrico (<18)
ICB_03341_000,ICB_132,copd,3M Littmann Classic II SE,71.0,1,0,2,0.63936967,0.47729653,0,1,adulto
ICB_03341_001,ICB_132,copd,3M Littmann Classic II SE,71.0,1,0,2,0.6299232,0.42857456,0,1,adulto
ICB_03341_002,ICB_132,copd,3M Littmann Classic II SE,71.0,0,0,2,0.66517067,0.3664858,0,0,adulto
ICB_03341_003,ICB_132,copd,3M Littmann Classic II SE,71.0,1,0,2,0.6836644,0.43400624,0,1,adulto
ICB_03341_004,ICB_132,copd,3M Littmann Classic II SE,71.0,1,0,2,0.62474823,0.39593044,0,1,adulto
ICB_03341_005,ICB_132,copd,3M Littmann Classic II SE,71.0,1,0,2,0.71459967,0.39681977,0,1,adulto
ICB_03341_006,ICB_132,copd,3M Littmann Classic II SE,71.0,1,0,2,0.56289244,0.47333923,0,1,adulto
ICB_03341_007,ICB_132,copd,3M Littmann Classic II SE,71.0,1,0,2,0.6220407,0.34048247,0,1,adulto
ICB_03341_008,ICB_132,copd,3M Littmann Classic II SE,71.0,1,0,2,0.6102485,0.4015838,0,1,adulto
ICB_03342_000,ICB_132,copd,3M Littmann Classic II SE,71.0,0,0,2,0.6745319,0.5566838,0,0,adulto
ICB_03342_001,ICB_132,copd,3M Littmann Classic II SE,71.0,1,0,2,0.58592814,0.4545652,0,1,adulto
ICB_03342_002,ICB_132,copd,3M Littmann Classic II SE,71.0,1,0,2,0.5810893,0.45159382,0,1,adulto
ICB_03342_003,ICB_132,copd,3M Littmann Classic II SE,71.0,1,0,2,0.63859886,0.49433097,0,1,adulto
ICB_03342_004,ICB_132,copd,3M Littmann Classic II SE,71.0,1,0,2,0.6806851,0.52102923,0,1,adulto
ICB_03342_005,ICB_132,copd,3M Littmann Classic II SE,71.0,1,0,2,0.67287874,0.4058471,0,1,adulto
ICB_03342_006,ICB_132,copd,3M Littmann Classic II SE,71.0,1,0,2,0.58137065,0.39158693,0,1,adulto
ICB_03342_007,ICB_132,copd,3M Littmann Classic II SE,71.0,1,0,2,0.60126865,0.4319643,0,1,adulto
ICB_03342_008,ICB_132,copd,3M Littmann Classic II SE,71.0,1,0,2,0.5732776,0.4353762,0,1,adulto
ICB_03342_009,ICB_132,copd,3M Littmann Classic II SE,71.0,1,0,2,0.43500516,0.42513278,0,1,adulto
ICB_03343_000,ICB_133,copd,AKG C417L Microphone,68.0,0,0,2,0.564892,0.24902369,0,0,adulto
ICB_03343_001,ICB_133,copd,AKG C417L Microphone,68.0,0,0,2,0.6134971,0.24750665,0,0,adulto
ICB_03343_002,ICB_133,copd,AKG C417L Microphone,68.0,0,0,2,0.6016868,0.23669603,0,0,adulto
ICB_03343_003,ICB_133,copd,AKG C417L Microphone,68.0,1,0,2,0.57458216,0.25108,0,1,adulto
ICB_03343_004,ICB_133,copd,AKG C417L Microphone,68.0,1,0,2,0.525611,0.28676048,0,1,adulto
ICB_03343_005,ICB_133,copd,AKG C417L Microphone,68.0,0,0,2,0.55953777,0.2770134,0,0,adulto
ICB_03343_006,ICB_133,copd,AKG C417L Microphone,68.0,0,0,2,0.58659065,0.24920426,0,0,adulto
ICB_03343_007,ICB_133,copd,AKG C417L Microphone,68.0,0,0,2,0.5252254,0.32047635,0,0,adulto
ICB_03343_008,ICB_133,copd,AKG C417L Microphone,68.0,0,0,2,0.45202804,0.3818647,0,0,adulto
ICB_03344_000,ICB_133,copd,AKG C417L Microphone,68.0,0,0,2,0.53018767,0.2581905,0,0,adulto
ICB_03344_001,ICB_133,copd,AKG C417L Microphone,68.0,0,0,2,0.5515694,0.28318256,0,0,adulto
ICB_03344_002,ICB_133,copd,AKG C417L Microphone,68.0,0,0,2,0.60036135,0.28401935,0,0,adulto
ICB_03344_003,ICB_133,copd,AKG C417L Microphone,68.0,0,0,2,0.5823765,0.26425236,0,0,adulto
ICB_03344_004,ICB_133,copd,AKG C417L Microphone,68.0,0,0,2,0.5762089,0.22110263,0,0,adulto
ICB_03344_005,ICB_133,copd,AKG C417L Microphone,68.0,0,0,2,0.5509241,0.29700923,0,0,adulto
ICB_03344_006,ICB_133,copd,AKG C417L Microphone,68.0,0,0,2,0.5938618,0.24594185,0,0,adulto
ICB_03344_007,ICB_133,copd,AKG C417L Microphone,68.0,0,0,2,0.5746857,0.32059407,0,0,adulto
ICB_03344_008,ICB_133,copd,AKG C417L Microphone,68.0,0,0,2,0.44602087,0.40525842,0,0,adulto
ICB_03345_000,ICB_133,copd,AKG C417L Microphone,68.0,1,0,2,0.6219524,0.26899806,0,1,adulto
ICB_03345_001,ICB_133,copd,AKG C417L Microphone,68.0,1,0,2,0.6797257,0.37088886,0,1,adulto
ICB_03345_002,ICB_133,copd,AKG C417L Microphone,68.0,1,0,2,0.6219446,0.3121211,0,1,adulto
ICB_03345_003,ICB_133,copd,AKG C417L Microphone,68.0,1,0,2,0.6467066,0.34668466,0,1,adulto
ICB_03345_004,ICB_133,copd,AKG C417L Microphone,68.0,1,0,2,0.63833046,0.29687986,0,1,adulto
ICB_03345_005,ICB_133,copd,AKG C417L Microphone,68.0,1,0,2,0.5774814,0.33510336,0,1,adulto
ICB_03345_006,ICB_133,copd,AKG C417L Microphone,68.0,1,0,2,0.62806475,0.28001055,0,1,adulto
ICB_03345_007,ICB_133,copd,AKG C417L Microphone,68.0,1,0,2,0.56811786,0.32946542,0,1,adulto
ICB_03345_008,ICB_133,copd,AKG C417L Microphone,68.0,0,0,2,0.48163986,0.39939898,0,0,adulto
ICB_03346_000,ICB_133,copd,AKG C417L Microphone,68.0,0,0,2,0.23045047,0.64229167,0,0,adulto
ICB_03346_001,ICB_133,copd,AKG C417L Microphone,68.0,0,0,2,0.22695261,0.61914593,0,0,adulto
ICB_03346_002,ICB_133,copd,AKG C417L Microphone,68.0,1,0,2,0.24742806,0.558151,0,1,adulto
ICB_03346_003,ICB_133,copd,AKG C417L Microphone,68.0,0,0,2,0.22106354,0.61392534,0,0,adulto
ICB_03346_004,ICB_133,copd,AKG C417L Microphone,68.0,0,0,2,0.23617077,0.49975133,0,0,adulto
ICB_03346_005,ICB_133,copd,AKG C417L Microphone,68.0,1,0,2,0.24563362,0.48100165,0,1,adulto
ICB_03346_006,ICB_133,copd,AKG C417L Microphone,68.0,0,0,2,0.24037729,0.5148582,0,0,adulto
ICB_03346_007,ICB_133,copd,AKG C417L Microphone,68.0,0,0,2,0.24061652,0.6071869,0,0,adulto
ICB_03346_008,ICB_133,copd,AKG C417L Microphone,68.0,0,0,2,0.30473244,0.5693654,0,0,adulto
ICB_03347_000,ICB_133,copd,AKG C417L Microphone,68.0,0,0,2,0.61005527,0.25308853,0,0,adulto
ICB_03347_001,ICB_133,copd,AKG C417L Microphone,68.0,0,0,2,0.62841636,0.26530954,0,0,adulto
ICB_03347_002,ICB_133,copd,AKG C417L Microphone,68.0,0,0,2,0.58615744,0.29541185,0,0,adulto
ICB_03347_003,ICB_133,copd,AKG C417L Microphone,68.0,0,0,2,0.58047324,0.2728782,0,0,adulto
ICB_03347_004,ICB_133,copd,AKG C417L Microphone,68.0,0,0,2,0.59975135,0.24993993,0,0,adulto
ICB_03347_005,ICB_133,copd,AKG C417L Microphone,68.0,0,0,2,0.6519386,0.28771,0,0,adulto
ICB_03347_006,ICB_133,copd,AKG C417L Microphone,68.0,0,0,2,0.59099257,0.27104577,0,0,adulto
ICB_03347_007,ICB_133,copd,AKG C417L Microphone,68.0,0,0,2,0.5646084,0.26561904,0,0,adulto
ICB_03348_000,ICB_133,copd,AKG C417L Microphone,68.0,0,0,2,0.5868594,0.27132052,0,0,adulto
ICB_03348_001,ICB_133,copd,AKG C417L Microphone,68.0,0,0,2,0.61838305,0.24864656,0,0,adulto
ICB_03348_002,ICB_133,copd,AKG C417L Microphone,68.0,0,0,2,0.6048691,0.26635695,0,0,adulto
ICB_03348_003,ICB_133,copd,AKG C417L Microphone,68.0,0,0,2,0.5678261,0.26096293,0,0,adulto
ICB_03348_004,ICB_133,copd,AKG C417L Microphone,68.0,0,0,2,0.61052716,0.25985163,0,0,adulto
ICB_03348_005,ICB_133,copd,AKG C417L Microphone,68.0,0,0,2,0.62869245,0.30631867,0,0,adulto
ICB_03348_006,ICB_133,copd,AKG C417L Microphone,68.0,0,0,2,0.6178819,0.29480723,0,0,adulto
ICB_03348_007,ICB_133,copd,AKG C417L Microphone,68.0,0,0,2,0.5921906,0.30633795,0,0,adulto
ICB_03349_000,ICB_133,copd,AKG C417L Microphone,68.0,1,0,2,0.6192773,0.3510866,0,1,adulto
ICB_03349_001,ICB_133,copd,AKG C417L Microphone,68.0,1,0,2,0.6570374,0.29045433,0,1,adulto
ICB_03349_002,ICB_133,copd,AKG C417L Microphone,68.0,0,0,2,0.6904488,0.31552103,0,0,adulto
ICB_03349_003,ICB_133,copd,AKG C417L Microphone,68.0,1,0,2,0.63139015,0.30033517,0,1,adulto
ICB_03349_004,ICB_133,copd,AKG C417L Microphone,68.0,1,0,2,0.6458135,0.29860044,0,1,adulto
ICB_03349_005,ICB_133,copd,AKG C417L Microphone,68.0,1,0,2,0.65603477,0.28071815,0,1,adulto
ICB_03349_006,ICB_133,copd,AKG C417L Microphone,68.0,1,0,2,0.6176644,0.3263202,0,1,adulto
ICB_03349_007,ICB_133,copd,AKG C417L Microphone,68.0,0,0,2,0.60943633,0.31390047,0,0,adulto
ICB_03350_000,ICB_133,copd,AKG C417L Microphone,68.0,0,0,2,0.5442341,0.32105747,0,0,adulto
ICB_03350_001,ICB_133,copd,AKG C417L Microphone,68.0,0,0,2,0.55900055,0.36193916,0,0,adulto
ICB_03350_002,ICB_133,copd,AKG C417L Microphone,68.0,0,0,2,0.5829119,0.32023624,0,0,adulto
ICB_03350_003,ICB_133,copd,AKG C417L Microphone,68.0,0,0,2,0.60389954,0.32494783,0,0,adulto
ICB_03350_004,ICB_133,copd,AKG C417L Microphone,68.0,1,0,2,0.54544157,0.31667888,0,1,adulto
ICB_03350_005,ICB_133,copd,AKG C417L Microphone,68.0,0,0,2,0.57255965,0.39590606,0,0,adulto
ICB_03350_006,ICB_133,copd,AKG C417L Microphone,68.0,0,0,2,0.54627806,0.3383063,0,0,adulto
ICB_03350_007,ICB_133,copd,AKG C417L Microphone,68.0,0,0,2,0.5345647,0.35385546,0,0,adulto
ICB_03351_000,ICB_133,copd,AKG C417L Microphone,68.0,0,0,2,0.2550693,0.51219845,0,0,adulto
ICB_03351_001,ICB_133,copd,AKG C417L Microphone,68.0,0,0,2,0.2755438,0.6091193,0,0,adulto
ICB_03351_002,ICB_133,copd,AKG C417L Microphone,68.0,0,0,2,0.24603291,0.5743828,0,0,adulto
ICB_03351_003,ICB_133,copd,AKG C417L Microphone,68.0,0,0,2,0.25578168,0.57658005,0,0,adulto
ICB_03351_004,ICB_133,copd,AKG C417L Microphone,68.0,1,0,2,0.2643926,0.53962195,0,1,adulto
ICB_03351_005,ICB_133,copd,AKG C417L Microphone,68.0,0,0,2,0.27321,0.5752618,0,0,adulto
ICB_03351_006,ICB_133,copd,AKG C417L Microphone,68.0,1,0,2,0.27806997,0.5987329,0,1,adulto
ICB_03351_007,ICB_133,copd,AKG C417L Microphone,68.0,0,0,2,0.24818699,0.56809276,0,0,adulto
ICB_03352_000,ICB_133,copd,AKG C417L Microphone,68.0,0,0,2,0.56067127,0.26981023,0,0,adulto
ICB_03352_001,ICB_133,copd,AKG C417L Microphone,68.0,0,0,2,0.566255,0.314699,0,0,adulto
ICB_03352_002,ICB_133,copd,AKG C417L Microphone,68.0,0,0,2,0.6089929,0.2761456,0,0,adulto
ICB_03352_003,ICB_133,copd,AKG C417L Microphone,68.0,0,0,2,0.5901718,0.26338255,0,0,adulto
ICB_03352_004,ICB_133,copd,AKG C417L Microphone,68.0,0,0,2,0.5724587,0.20451939,0,0,adulto
ICB_03352_005,ICB_133,copd,AKG C417L Microphone,68.0,0,1,2,0.5842906,0.29109392,0,2,adulto
ICB_03352_006,ICB_133,copd,AKG C417L Microphone,68.0,0,1,2,0.5642874,0.25528964,0,2,adulto
ICB_03352_007,ICB_133,copd,AKG C417L Microphone,68.0,0,0,2,0.467286,0.36933324,0,0,adulto
ICB_03353_000,ICB_133,copd,AKG C417L Microphone,68.0,1,0,2,0.5824162,0.27782956,0,1,adulto
ICB_03353_001,ICB_133,copd,AKG C417L Microphone,68.0,0,0,2,0.62371254,0.27430937,0,0,adulto
ICB_03353_002,ICB_133,copd,AKG C417L Microphone,68.0,0,0,2,0.6018304,0.25196686,0,0,adulto
ICB_03353_003,ICB_133,copd,AKG C417L Microphone,68.0,0,0,2,0.6233359,0.28381926,0,0,adulto
ICB_03353_004,ICB_133,copd,AKG C417L Microphone,68.0,0,0,2,0.61785793,0.27298373,0,0,adulto
ICB_03353_005,ICB_133,copd,AKG C417L Microphone,68.0,0,0,2,0.6068014,0.29185522,0,0,adulto
ICB_03353_006,ICB_133,copd,AKG C417L Microphone,68.0,0,0,2,0.58380866,0.224853,0,0,adulto
ICB_03353_007,ICB_133,copd,AKG C417L Microphone,68.0,0,0,2,0.49849084,0.33738118,0,0,adulto
ICB_03354_000,ICB_133,copd,AKG C417L Microphone,68.0,1,0,2,0.58969885,0.3081391,0,1,adulto
ICB_03354_001,ICB_133,copd,AKG C417L Microphone,68.0,1,0,2,0.6144863,0.3042654,0,1,adulto
ICB_03354_002,ICB_133,copd,AKG C417L Microphone,68.0,1,0,2,0.586392,0.30164972,0,1,adulto
ICB_03354_003,ICB_133,copd,AKG C417L Microphone,68.0,1,0,2,0.607115,0.2970071,0,1,adulto
ICB_03354_004,ICB_133,copd,AKG C417L Microphone,68.0,1,0,2,0.6354574,0.2826802,0,1,adulto
ICB_03354_005,ICB_133,copd,AKG C417L Microphone,68.0,1,0,2,0.6849004,0.2783583,0,1,adulto
ICB_03354_006,ICB_133,copd,AKG C417L Microphone,68.0,1,0,2,0.6383293,0.26108262,0,1,adulto
ICB_03354_007,ICB_133,copd,AKG C417L Microphone,68.0,1,0,2,0.51066643,0.38481188,0,1,adulto
ICB_03355_000,ICB_133,copd,AKG C417L Microphone,68.0,1,0,2,0.5192801,0.36331105,0,1,adulto
ICB_03355_001,ICB_133,copd,AKG C417L Microphone,68.0,0,0,2,0.5135662,0.32859066,0,0,adulto
ICB_03355_002,ICB_133,copd,AKG C417L Microphone,68.0,0,0,2,0.5531091,0.31337437,0,0,adulto
ICB_03355_003,ICB_133,copd,AKG C417L Microphone,68.0,0,0,2,0.55779403,0.30536336,0,0,adulto
ICB_03355_004,ICB_133,copd,AKG C417L Microphone,68.0,0,0,2,0.5246404,0.33767393,0,0,adulto
ICB_03355_005,ICB_133,copd,AKG C417L Microphone,68.0,0,0,2,0.57198584,0.30158767,0,0,adulto
ICB_03355_006,ICB_133,copd,AKG C417L Microphone,68.0,0,0,2,0.5529269,0.30487278,0,0,adulto
ICB_03355_007,ICB_133,copd,AKG C417L Microphone,68.0,0,0,2,0.46102068,0.40262187,0,0,adulto
ICB_03356_000,ICB_133,copd,AKG C417L Microphone,68.0,0,0,2,0.23006374,0.48707584,0,0,adulto
ICB_03356_001,ICB_133,copd,AKG C417L Microphone,68.0,1,0,2,0.29648778,0.5033694,0,1,adulto
ICB_03356_002,ICB_133,copd,AKG C417L Microphone,68.0,0,0,2,0.24211258,0.4921113,0,0,adulto
ICB_03356_003,ICB_133,copd,AKG C417L Microphone,68.0,0,0,2,0.2392511,0.50405335,0,0,adulto
ICB_03356_004,ICB_133,copd,AKG C417L Microphone,68.0,0,0,2,0.22745812,0.5883396,0,0,adulto
ICB_03356_005,ICB_133,copd,AKG C417L Microphone,68.0,0,1,2,0.2539264,0.45568463,0,2,adulto
ICB_03356_006,ICB_133,copd,AKG C417L Microphone,68.0,0,1,2,0.21898328,0.5740481,0,2,adulto
ICB_03356_007,ICB_133,copd,AKG C417L Microphone,68.0,0,0,2,0.36658317,0.5141691,0,0,adulto
ICB_03357_000,ICB_133,copd,AKG C417L Microphone,68.0,0,0,2,0.53557247,0.3480671,0,0,adulto
ICB_03357_001,ICB_133,copd,AKG C417L Microphone,68.0,0,1,2,0.65193003,0.31569284,0,2,adulto
ICB_03357_002,ICB_133,copd,AKG C417L Microphone,68.0,0,0,2,0.6577288,0.23381096,0,0,adulto
ICB_03357_003,ICB_133,copd,AKG C417L Microphone,68.0,0,1,2,0.6217907,0.3215596,0,2,adulto
ICB_03357_004,ICB_133,copd,AKG C417L Microphone,68.0,0,1,2,0.62282884,0.27569714,0,2,adulto
ICB_03357_005,ICB_133,copd,AKG C417L Microphone,68.0,0,1,2,0.6012144,0.51086086,0,2,adulto
ICB_03357_006,ICB_133,copd,AKG C417L Microphone,68.0,0,1,2,0.5928875,0.43453637,0,2,adulto
ICB_03357_007,ICB_133,copd,AKG C417L Microphone,68.0,0,1,2,0.47908676,0.36183196,0,2,adulto
ICB_03358_000,ICB_133,copd,AKG C417L Microphone,68.0,0,0,2,0.5217622,0.42173764,0,0,adulto
ICB_03358_001,ICB_133,copd,AKG C417L Microphone,68.0,0,1,2,0.6712418,0.32782435,0,2,adulto
ICB_03358_002,ICB_133,copd,AKG C417L Microphone,68.0,0,1,2,0.6833094,0.31011352,0,2,adulto
ICB_03358_003,ICB_133,copd,AKG C417L Microphone,68.0,0,1,2,0.6686049,0.34233275,0,2,adulto
ICB_03358_004,ICB_133,copd,AKG C417L Microphone,68.0,0,1,2,0.59616363,0.39237702,0,2,adulto
ICB_03358_005,ICB_133,copd,AKG C417L Microphone,68.0,0,1,2,0.51766235,0.6937191,0,2,adulto
ICB_03358_006,ICB_133,copd,AKG C417L Microphone,68.0,0,1,2,0.5376724,0.6247255,0,2,adulto
ICB_03358_007,ICB_133,copd,AKG C417L Microphone,68.0,0,0,2,0.4588195,0.5280557,0,0,adulto
ICB_03359_000,ICB_133,copd,AKG C417L Microphone,68.0,1,1,2,0.54488766,0.40822333,0,3,adulto
ICB_03359_001,ICB_133,copd,AKG C417L Microphone,68.0,0,1,2,0.65431666,0.34395474,0,2,adulto
ICB_03359_002,ICB_133,copd,AKG C417L Microphone,68.0,0,0,2,0.63111013,0.3920989,0,0,adulto
ICB_03359_003,ICB_133,copd,AKG C417L Microphone,68.0,0,1,2,0.59474117,0.38824967,0,2,adulto
ICB_03359_004,ICB_133,copd,AKG C417L Microphone,68.0,0,0,2,0.6158591,0.41694805,0,0,adulto
ICB_03359_005,ICB_133,copd,AKG C417L Microphone,68.0,0,1,2,0.5736083,0.53062475,0,2,adulto
ICB_03359_006,ICB_133,copd,AKG C417L Microphone,68.0,0,1,2,0.6589223,0.36571732,0,2,adulto
ICB_03359_007,ICB_133,copd,AKG C417L Microphone,68.0,0,0,2,0.5159115,0.4296993,0,0,adulto
ICB_03360_000,ICB_133,copd,AKG C417L Microphone,68.0,0,1,2,0.44034097,0.6369406,0,2,adulto
ICB_03360_001,ICB_133,copd,AKG C417L Microphone,68.0,0,1,2,0.53101975,0.48295996,0,2,adulto
ICB_03360_002,ICB_133,copd,AKG C417L Microphone,68.0,1,1,2,0.521307,0.65878254,0,3,adulto
ICB_03360_003,ICB_133,copd,AKG C417L Microphone,68.0,0,1,2,0.43433225,0.5934036,0,2,adulto
ICB_03360_004,ICB_133,copd,AKG C417L Microphone,68.0,0,1,2,0.48842356,0.5536006,0,2,adulto
ICB_03360_005,ICB_133,copd,AKG C417L Microphone,68.0,0,1,2,0.42062178,0.7929789,0,2,adulto
ICB_03360_006,ICB_133,copd,AKG C417L Microphone,68.0,1,1,2,0.49466792,0.5710827,0,3,adulto
ICB_03360_007,ICB_133,copd,AKG C417L Microphone,68.0,0,1,2,0.38082263,0.47075853,0,2,adulto
ICB_03361_000,ICB_133,copd,AKG C417L Microphone,68.0,0,1,2,0.23716593,0.4796513,0,2,adulto
ICB_03361_001,ICB_133,copd,AKG C417L Microphone,68.0,0,0,2,0.24735472,0.43510577,0,0,adulto
ICB_03361_002,ICB_133,copd,AKG C417L Microphone,68.0,0,1,2,0.21838841,0.49580652,0,2,adulto
ICB_03361_003,ICB_133,copd,AKG C417L Microphone,68.0,0,1,2,0.19578865,0.7438094,0,2,adulto
ICB_03361_004,ICB_133,copd,AKG C417L Microphone,68.0,0,1,2,0.22008134,0.74429786,0,2,adulto
ICB_03361_005,ICB_133,copd,AKG C417L Microphone,68.0,0,1,2,0.22092232,0.74743557,0,2,adulto
ICB_03361_006,ICB_133,copd,AKG C417L Microphone,68.0,0,1,2,0.2106006,0.7053792,0,2,adulto
ICB_03361_007,ICB_133,copd,AKG C417L Microphone,68.0,0,0,2,0.3651375,0.3664736,0,0,adulto
ICB_03362_000,ICB_134,copd,3M Littmann Classic II SE,61.0,0,0,2,0.6516865,0.40729338,0,0,adulto
ICB_03362_001,ICB_134,copd,3M Littmann Classic II SE,61.0,0,0,2,0.67277664,0.42323866,0,0,adulto
ICB_03362_002,ICB_134,copd,3M Littmann Classic II SE,61.0,0,0,2,0.7157606,0.36815178,0,0,adulto
ICB_03362_003,ICB_134,copd,3M Littmann Classic II SE,61.0,0,0,2,0.643744,0.38697296,0,0,adulto
ICB_03362_004,ICB_134,copd,3M Littmann Classic II SE,61.0,0,0,2,0.6668052,0.38322902,0,0,adulto
ICB_03363_000,ICB_134,copd,3M Littmann Classic II SE,61.0,0,0,2,0.62372476,0.5573315,0,0,adulto
ICB_03363_001,ICB_134,copd,3M Littmann Classic II SE,61.0,0,0,2,0.63715607,0.49054947,0,0,adulto
ICB_03363_002,ICB_134,copd,3M Littmann Classic II SE,61.0,0,0,2,0.6936426,0.524281,0,0,adulto
ICB_03363_003,ICB_134,copd,3M Littmann Classic II SE,61.0,0,0,2,0.64911956,0.5454742,0,0,adulto
ICB_03363_004,ICB_134,copd,3M Littmann Classic II SE,61.0,0,0,2,0.67825097,0.53154194,0,0,adulto
ICB_03364_000,ICB_134,copd,3M Littmann Classic II SE,61.0,0,0,2,0.5313234,0.45928413,0,0,adulto
ICB_03364_001,ICB_134,copd,3M Littmann Classic II SE,61.0,0,0,2,0.6824029,0.33548108,0,0,adulto
ICB_03364_002,ICB_134,copd,3M Littmann Classic II SE,61.0,0,0,2,0.7002684,0.45117575,0,0,adulto
ICB_03364_003,ICB_134,copd,3M Littmann Classic II SE,61.0,0,0,2,0.7392731,0.50038344,0,0,adulto
ICB_03364_004,ICB_134,copd,3M Littmann Classic II SE,61.0,0,0,2,0.7063851,0.41873905,0,0,adulto
ICB_03364_005,ICB_134,copd,3M Littmann Classic II SE,61.0,0,0,2,0.69214875,0.37012324,0,0,adulto
ICB_03364_006,ICB_134,copd,3M Littmann Classic II SE,61.0,0,0,2,0.4406499,0.4428701,0,0,adulto
ICB_03365_000,ICB_134,copd,3M Littmann Classic II SE,61.0,0,0,2,0.49862945,0.4836159,0,0,adulto
ICB_03365_001,ICB_134,copd,3M Littmann Classic II SE,61.0,0,0,2,0.70074517,0.533577,0,0,adulto
ICB_03365_002,ICB_134,copd,3M Littmann Classic II SE,61.0,0,0,2,0.6988391,0.5066511,0,0,adulto
ICB_03365_003,ICB_134,copd,3M Littmann Classic II SE,61.0,0,0,2,0.7518732,0.5478101,0,0,adulto
ICB_03365_004,ICB_134,copd,3M Littmann Classic II SE,61.0,0,0,2,0.72941524,0.5107628,0,0,adulto
ICB_03365_005,ICB_134,copd,3M Littmann Classic II SE,61.0,0,0,2,0.75163364,0.66279656,0,0,adulto
ICB_03365_006,ICB_134,copd,3M Littmann Classic II SE,61.0,0,0,2,0.4670065,0.5226033,0,0,adulto
ICB_03366_000,ICB_134,copd,3M Littmann Classic II SE,61.0,0,0,2,0.5791951,0.50528353,0,0,adulto
ICB_03366_001,ICB_134,copd,3M Littmann Classic II SE,61.0,0,0,2,0.6646846,0.5005485,0,0,adulto
ICB_03366_002,ICB_134,copd,3M Littmann Classic II SE,61.0,0,0,2,0.68417984,0.46959326,0,0,adulto
ICB_03366_003,ICB_134,copd,3M Littmann Classic II SE,61.0,0,1,2,0.7412773,0.4374355,0,2,adulto
ICB_03366_004,ICB_134,copd,3M Littmann Classic II SE,61.0,0,0,2,0.70820785,0.37805268,0,0,adulto
ICB_03366_005,ICB_134,copd,3M Littmann Classic II SE,61.0,0,0,2,0.6808529,0.4049768,0,0,adulto
ICB_03471_000,ICB_151,copd,AKG C417L Microphone,75.0,1,1,2,0.54616565,0.49072844,0,3,adulto
ICB_03471_001,ICB_151,copd,AKG C417L Microphone,75.0,0,1,2,0.6691513,0.29836103,0,2,adulto
ICB_03471_002,ICB_151,copd,AKG C417L Microphone,75.0,1,1,2,0.697042,0.45632157,0,3,adulto
ICB_03471_003,ICB_151,copd,AKG C417L Microphone,75.0,0,0,2,0.607619,0.3257194,0,0,adulto
ICB_03471_004,ICB_151,copd,AKG C417L Microphone,75.0,1,0,2,0.71864164,0.24575214,0,1,adulto
ICB_03471_005,ICB_151,copd,AKG C417L Microphone,75.0,0,1,2,0.7345472,0.42988634,0,2,adulto
ICB_03472_000,ICB_151,copd,AKG C417L Microphone,75.0,0,0,2,0.50969577,0.56313777,0,0,adulto
ICB_03472_001,ICB_151,copd,AKG C417L Microphone,75.0,0,0,2,0.6001148,0.45131752,0,0,adulto
ICB_03472_002,ICB_151,copd,AKG C417L Microphone,75.0,0,0,2,0.6297827,0.3989923,0,0,adulto
ICB_03472_003,ICB_151,copd,AKG C417L Microphone,75.0,0,0,2,0.59788495,0.38824558,0,0,adulto
ICB_03472_004,ICB_151,copd,AKG C417L Microphone,75.0,0,0,2,0.73547804,0.4318293,0,0,adulto
ICB_03472_005,ICB_151,copd,AKG C417L Microphone,75.0,0,0,2,0.67414767,0.39567217,0,0,adulto
ICB_03473_000,ICB_151,copd,AKG C417L Microphone,75.0,0,1,2,0.5591497,0.4407622,0,2,adulto
ICB_03473_001,ICB_151,copd,AKG C417L Microphone,75.0,1,1,2,0.511057,0.4560371,0,3,adulto
ICB_03473_002,ICB_151,copd,AKG C417L Microphone,75.0,1,1,2,0.6502077,0.6115089,0,3,adulto
ICB_03473_003,ICB_151,copd,AKG C417L Microphone,75.0,1,0,2,0.6175358,0.2866984,0,1,adulto
ICB_03473_004,ICB_151,copd,AKG C417L Microphone,75.0,1,0,2,0.6918046,0.23978536,0,1,adulto
ICB_03473_005,ICB_151,copd,AKG C417L Microphone,75.0,1,1,2,0.6887689,0.5189096,0,3,adulto
ICB_03474_000,ICB_151,copd,AKG C417L Microphone,75.0,0,1,2,0.57207966,0.6556943,0,2,adulto
ICB_03474_001,ICB_151,copd,AKG C417L Microphone,75.0,0,0,2,0.73959225,0.4187241,0,0,adulto
ICB_03474_002,ICB_151,copd,AKG C417L Microphone,75.0,0,0,2,0.73206514,0.48200163,0,0,adulto
ICB_03474_003,ICB_151,copd,AKG C417L Microphone,75.0,1,0,2,0.7494326,0.3489245,0,1,adulto
ICB_03474_004,ICB_151,copd,AKG C417L Microphone,75.0,0,0,2,0.76117164,0.3881691,0,0,adulto
ICB_03474_005,ICB_151,copd,AKG C417L Microphone,75.0,0,0,2,0.72898877,0.5397067,0,0,adulto
ICB_03475_000,ICB_151,copd,AKG C417L Microphone,75.0,0,1,2,0.5643065,0.49314237,0,2,adulto
ICB_03475_001,ICB_151,copd,AKG C417L Microphone,75.0,0,1,2,0.65967727,0.4358525,0,2,adulto
ICB_03475_002,ICB_151,copd,AKG C417L Microphone,75.0,0,1,2,0.76087177,0.4585778,0,2,adulto
ICB_03475_003,ICB_151,copd,AKG C417L Microphone,75.0,0,0,2,0.7422513,0.3669259,0,0,adulto
ICB_03475_004,ICB_151,copd,AKG C417L Microphone,75.0,0,0,2,0.85431486,0.36105776,1,0,adulto
ICB_03475_005,ICB_151,copd,AKG C417L Microphone,75.0,0,1,2,0.77787006,0.49169958,0,2,adulto
ICB_03476_000,ICB_151,copd,AKG C417L Microphone,75.0,0,1,2,0.57184863,0.45122468,0,2,adulto
ICB_03476_001,ICB_151,copd,AKG C417L Microphone,75.0,0,0,2,0.5914483,0.27130336,0,0,adulto
ICB_03476_002,ICB_151,copd,AKG C417L Microphone,75.0,0,0,2,0.6390455,0.37369588,0,0,adulto
ICB_03476_003,ICB_151,copd,AKG C417L Microphone,75.0,0,0,2,0.5961257,0.31748313,0,0,adulto
ICB_03476_004,ICB_151,copd,AKG C417L Microphone,75.0,0,0,2,0.6599267,0.2797004,0,0,adulto
ICB_03476_005,ICB_151,copd,AKG C417L Microphone,75.0,0,0,2,0.6950322,0.3561151,0,0,adulto
ICB_03477_000,ICB_151,copd,AKG C417L Microphone,75.0,0,0,2,0.2585904,0.5265118,0,0,adulto
ICB_03477_001,ICB_151,copd,AKG C417L Microphone,75.0,0,1,2,0.1611879,0.63028055,0,2,adulto
ICB_03477_002,ICB_151,copd,AKG C417L Microphone,75.0,0,0,2,0.1961114,0.53177,0,0,adulto
ICB_03477_003,ICB_151,copd,AKG C417L Microphone,75.0,0,0,2,0.14953433,0.61271775,0,0,adulto
ICB_03477_004,ICB_151,copd,AKG C417L Microphone,75.0,0,0,2,0.18127248,0.9107347,0,0,adulto
ICB_03477_005,ICB_151,copd,AKG C417L Microphone,75.0,0,1,2,0.17208372,0.6203795,0,2,adulto
ICB_03478_000,ICB_151,copd,AKG C417L Microphone,75.0,1,1,2,0.5036341,0.5870971,0,3,adulto
ICB_03478_001,ICB_151,copd,AKG C417L Microphone,75.0,1,1,2,0.57799417,0.62866,0,3,adulto
ICB_03478_002,ICB_151,copd,AKG C417L Microphone,75.0,1,1,2,0.48085335,0.8727924,0,3,adulto
ICB_03478_003,ICB_151,copd,AKG C417L Microphone,75.0,0,1,2,0.45263323,0.89823025,0,2,adulto
ICB_03478_004,ICB_151,copd,AKG C417L Microphone,75.0,0,0,2,0.5170003,0.7973101,0,0,adulto
ICB_03478_005,ICB_151,copd,AKG C417L Microphone,75.0,0,0,2,0.4789966,0.87643147,0,0,adulto
ICB_03479_000,ICB_151,copd,AKG C417L Microphone,75.0,0,1,2,0.47918168,0.63784665,0,2,adulto
ICB_03479_001,ICB_151,copd,AKG C417L Microphone,75.0,1,0,2,0.58331287,0.548878,0,1,adulto
ICB_03479_002,ICB_151,copd,AKG C417L Microphone,75.0,0,1,2,0.50204664,0.8232542,0,2,adulto
ICB_03479_003,ICB_151,copd,AKG C417L Microphone,75.0,1,0,2,0.45696327,0.83218783,0,1,adulto
ICB_03479_004,ICB_151,copd,AKG C417L Microphone,75.0,1,0,2,0.49467444,0.7339166,0,1,adulto
ICB_03479_005,ICB_151,copd,AKG C417L Microphone,75.0,1,0,2,0.49894348,0.8237191,0,1,adulto
ICB_03480_000,ICB_151,copd,AKG C417L Microphone,75.0,0,1,2,0.37636268,0.77254206,0,2,adulto
ICB_03480_001,ICB_151,copd,AKG C417L Microphone,75.0,0,1,2,0.44756934,0.79274935,0,2,adulto
ICB_03480_002,ICB_151,copd,AKG C417L Microphone,75.0,0,1,2,0.41201892,0.94564074,0,2,adulto
ICB_03480_003,ICB_151,copd,AKG C417L Microphone,75.0,0,1,2,0.2936189,0.9773835,2,2,adulto
ICB_03480_004,ICB_151,copd,AKG C417L Microphone,75.0,1,1,2,0.40217036,0.9435135,0,3,adulto
ICB_03480_005,ICB_151,copd,AKG C417L Microphone,75.0,1,1,2,0.39619383,0.91395897,0,3,adulto
ICB_03481_000,ICB_151,copd,AKG C417L Microphone,75.0,0,0,2,0.38550803,0.9298185,0,0,adulto
ICB_03481_001,ICB_151,copd,AKG C417L Microphone,75.0,0,0,2,0.48764837,0.95896316,2,0,adulto
ICB_03481_002,ICB_151,copd,AKG C417L Microphone,75.0,0,0,2,0.44192094,0.9746797,2,0,adulto
ICB_03481_003,ICB_151,copd,AKG C417L Microphone,75.0,0,0,2,0.40363806,0.9828553,2,0,adulto
ICB_03481_004,ICB_151,copd,AKG C417L Microphone,75.0,0,0,2,0.4894188,0.91189563,0,0,adulto
ICB_03481_005,ICB_151,copd,AKG C417L Microphone,75.0,0,0,2,0.4886277,0.9233744,0,0,adulto
ICB_03482_000,ICB_151,copd,AKG C417L Microphone,75.0,0,1,2,0.4941657,0.80880475,0,2,adulto
ICB_03482_001,ICB_151,copd,AKG C417L Microphone,75.0,0,1,2,0.6502393,0.7558799,0,2,adulto
ICB_03482_002,ICB_151,copd,AKG C417L Microphone,75.0,0,1,2,0.51635593,0.917813,0,2,adulto
ICB_03482_003,ICB_151,copd,AKG C417L Microphone,75.0,0,1,2,0.49981135,0.95876634,2,2,adulto
ICB_03482_004,ICB_151,copd,AKG C417L Microphone,75.0,0,0,2,0.5939354,0.8593128,0,0,adulto
ICB_03482_005,ICB_151,copd,AKG C417L Microphone,75.0,0,1,2,0.58508027,0.9033944,0,2,adulto
ICB_03483_000,ICB_151,copd,AKG C417L Microphone,75.0,0,0,2,0.36815566,0.8749482,0,0,adulto
ICB_03483_001,ICB_151,copd,AKG C417L Microphone,75.0,0,0,2,0.38826987,0.829038,0,0,adulto
ICB_03483_002,ICB_151,copd,AKG C417L Microphone,75.0,0,0,2,0.32433954,0.95629334,2,0,adulto
ICB_03483_003,ICB_151,copd,AKG C417L Microphone,75.0,0,0,2,0.2926885,0.9708054,2,0,adulto
ICB_03483_004,ICB_151,copd,AKG C417L Microphone,75.0,0,0,2,0.34784725,0.9136315,0,0,adulto
ICB_03483_005,ICB_151,copd,AKG C417L Microphone,75.0,0,0,2,0.35527673,0.91455805,0,0,adulto
ICB_03484_000,ICB_151,copd,AKG C417L Microphone,75.0,0,0,2,0.28005484,0.59854305,0,0,adulto
ICB_03484_001,ICB_151,copd,AKG C417L Microphone,75.0,0,0,2,0.18867551,0.7562619,0,0,adulto
ICB_03484_002,ICB_151,copd,AKG C417L Microphone,75.0,0,0,2,0.21453165,0.7035116,0,0,adulto
ICB_03484_003,ICB_151,copd,AKG C417L Microphone,75.0,0,1,2,0.15563144,0.6897166,0,2,adulto
ICB_03484_004,ICB_151,copd,AKG C417L Microphone,75.0,0,0,2,0.17399146,0.6781345,0,0,adulto
ICB_03484_005,ICB_151,copd,AKG C417L Microphone,75.0,0,1,2,0.22040914,0.8170871,0,2,adulto
ICB_03485_000,ICB_151,copd,AKG C417L Microphone,75.0,0,0,2,0.6659258,0.5521634,0,0,adulto
ICB_03485_001,ICB_151,copd,AKG C417L Microphone,75.0,0,0,2,0.7363807,0.36954206,0,0,adulto
ICB_03485_002,ICB_151,copd,AKG C417L Microphone,75.0,1,0,2,0.67272484,0.46074313,0,1,adulto
ICB_03485_003,ICB_151,copd,AKG C417L Microphone,75.0,1,0,2,0.50996256,0.9406798,0,1,adulto
ICB_03485_004,ICB_151,copd,AKG C417L Microphone,75.0,0,1,2,0.46605396,0.9560083,2,2,adulto
ICB_03485_005,ICB_151,copd,AKG C417L Microphone,75.0,0,0,2,0.5969222,0.336063,0,0,adulto
ICB_03486_000,ICB_151,copd,AKG C417L Microphone,75.0,1,0,2,0.6204069,0.5107463,0,1,adulto
ICB_03486_001,ICB_151,copd,AKG C417L Microphone,75.0,0,1,2,0.7019323,0.4685444,0,2,adulto
ICB_03486_002,ICB_151,copd,AKG C417L Microphone,75.0,0,1,2,0.6311314,0.5006982,0,2,adulto
ICB_03486_003,ICB_151,copd,AKG C417L Microphone,75.0,0,0,2,0.5911517,0.83629787,0,0,adulto
ICB_03486_004,ICB_151,copd,AKG C417L Microphone,75.0,0,0,2,0.48678628,0.87322927,0,0,adulto
ICB_03486_005,ICB_151,copd,AKG C417L Microphone,75.0,0,0,2,0.54888684,0.39207897,0,0,adulto
ICB_03487_000,ICB_151,copd,AKG C417L Microphone,75.0,1,1,2,0.5287015,0.49168694,0,3,adulto
ICB_03487_001,ICB_151,copd,AKG C417L Microphone,75.0,1,1,2,0.61411715,0.5042123,0,3,adulto
ICB_03487_002,ICB_151,copd,AKG C417L Microphone,75.0,1,1,2,0.66081005,0.3438825,0,3,adulto
ICB_03487_003,ICB_151,copd,AKG C417L Microphone,75.0,1,1,2,0.4017652,0.9484348,0,3,adulto
ICB_03487_004,ICB_151,copd,AKG C417L Microphone,75.0,0,1,2,0.27591807,0.93080366,0,2,adulto
ICB_03487_005,ICB_151,copd,AKG C417L Microphone,75.0,1,0,2,0.5736001,0.38571924,0,1,adulto
ICB_03488_000,ICB_151,copd,AKG C417L Microphone,75.0,0,0,2,0.7256108,0.550882,0,0,adulto
ICB_03488_001,ICB_151,copd,AKG C417L Microphone,75.0,0,1,2,0.60229576,0.7559952,0,2,adulto
ICB_03488_002,ICB_151,copd,AKG C417L Microphone,75.0,0,0,2,0.80145943,0.44582385,0,0,adulto
ICB_03488_003,ICB_151,copd,AKG C417L Microphone,75.0,0,0,2,0.47596413,0.98312116,2,0,adulto
ICB_03488_004,ICB_151,copd,AKG C417L Microphone,75.0,0,0,2,0.41395593,0.97939414,2,0,adulto
ICB_03488_005,ICB_151,copd,AKG C417L Microphone,75.0,0,0,2,0.6163035,0.393933,0,0,adulto
ICB_03489_000,ICB_151,copd,AKG C417L Microphone,75.0,1,1,2,0.74469393,0.52044123,0,3,adulto
ICB_03489_001,ICB_151,copd,AKG C417L Microphone,75.0,1,1,2,0.73307145,0.54359406,0,3,adulto
ICB_03489_002,ICB_151,copd,AKG C417L Microphone,75.0,1,1,2,0.77934635,0.44549477,0,3,adulto
ICB_03489_003,ICB_151,copd,AKG C417L Microphone,75.0,1,1,2,0.7847978,0.5434309,0,3,adulto
ICB_03489_004,ICB_151,copd,AKG C417L Microphone,75.0,0,1,2,0.63585347,0.77960867,0,2,adulto
ICB_03489_005,ICB_151,copd,AKG C417L Microphone,75.0,0,0,2,0.6939314,0.3245663,0,0,adulto
ICB_03490_000,ICB_151,copd,AKG C417L Microphone,75.0,0,0,2,0.64538133,0.4428674,0,0,adulto
ICB_03490_001,ICB_151,copd,AKG C417L Microphone,75.0,0,1,2,0.6391873,0.55431443,0,2,adulto
ICB_03490_002,ICB_151,copd,AKG C417L Microphone,75.0,0,0,2,0.642285,0.3641674,0,0,adulto
ICB_03490_003,ICB_151,copd,AKG C417L Microphone,75.0,0,0,2,0.5894281,0.4824739,0,0,adulto
ICB_03490_004,ICB_151,copd,AKG C417L Microphone,75.0,0,0,2,0.5094473,0.67133045,0,0,adulto
ICB_03490_005,ICB_151,copd,AKG C417L Microphone,75.0,0,0,2,0.5839185,0.33841133,0,0,adulto
ICB_03491_000,ICB_151,copd,AKG C417L Microphone,75.0,0,0,2,0.28361255,0.45259023,0,0,adulto
ICB_03491_001,ICB_151,copd,AKG C417L Microphone,75.0,0,1,2,0.34078914,0.45074558,0,2,adulto
ICB_03491_002,ICB_151,copd,AKG C417L Microphone,75.0,0,1,2,0.2066933,0.5952064,0,2,adulto
ICB_03491_003,ICB_151,copd,AKG C417L Microphone,75.0,0,0,2,0.2101107,0.7898878,0,0,adulto
ICB_03491_004,ICB_151,copd,AKG C417L Microphone,75.0,0,1,2,0.2860959,0.7610167,0,2,adulto
ICB_03491_005,ICB_151,copd,AKG C417L Microphone,75.0,0,0,2,0.22942553,0.7417187,0,0,adulto
ICB_03492_000,ICB_151,copd,AKG C417L Microphone,75.0,1,0,2,0.62319356,0.7730225,0,1,adulto
ICB_03492_001,ICB_151,copd,AKG C417L Microphone,75.0,1,1,2,0.6338149,0.75688285,0,3,adulto
ICB_03492_002,ICB_151,copd,AKG C417L Microphone,75.0,1,0,2,0.70268846,0.57109344,0,1,adulto
ICB_03492_003,ICB_151,copd,AKG C417L Microphone,75.0,1,0,2,0.672524,0.7239086,0,1,adulto
ICB_03492_004,ICB_151,copd,AKG C417L Microphone,75.0,1,0,2,0.73673046,0.6785398,0,1,adulto
ICB_03492_005,ICB_151,copd,AKG C417L Microphone,75.0,0,0,2,0.61476696,0.4533621,0,0,adulto
ICB_03493_000,ICB_151,copd,AKG C417L Microphone,75.0,1,0,2,0.6180957,0.6500615,0,1,adulto
ICB_03493_001,ICB_151,copd,AKG C417L Microphone,75.0,1,1,2,0.64106643,0.81142586,0,3,adulto
ICB_03493_002,ICB_151,copd,AKG C417L Microphone,75.0,1,0,2,0.6486692,0.4607823,0,1,adulto
ICB_03493_003,ICB_151,copd,AKG C417L Microphone,75.0,1,0,2,0.6151375,0.71192485,0,1,adulto
ICB_03493_004,ICB_151,copd,AKG C417L Microphone,75.0,1,0,2,0.6325595,0.8209393,0,1,adulto
ICB_03493_005,ICB_151,copd,AKG C417L Microphone,75.0,0,0,2,0.5343238,0.44161326,0,0,adulto
ICB_03494_000,ICB_151,copd,AKG C417L Microphone,75.0,0,1,2,0.5387505,0.7313343,0,2,adulto
ICB_03494_001,ICB_151,copd,AKG C417L Microphone,75.0,1,1,2,0.4212096,0.98542655,2,3,adulto
ICB_03494_002,ICB_151,copd,AKG C417L Microphone,75.0,0,0,2,0.73578316,0.47044024,0,0,adulto
ICB_03494_003,ICB_151,copd,AKG C417L Microphone,75.0,0,0,2,0.7504912,0.42171136,0,0,adulto
ICB_03494_004,ICB_151,copd,AKG C417L Microphone,75.0,0,1,2,0.7046476,0.60212225,0,2,adulto
ICB_03494_005,ICB_151,copd,AKG C417L Microphone,75.0,0,0,2,0.5378828,0.4386373,0,0,adulto
ICB_03495_000,ICB_151,copd,AKG C417L Microphone,75.0,1,0,2,0.49226573,0.5848436,0,1,adulto
ICB_03495_001,ICB_151,copd,AKG C417L Microphone,75.0,1,1,2,0.32619128,0.9746352,2,3,adulto
ICB_03495_002,ICB_151,copd,AKG C417L Microphone,75.0,1,0,2,0.7567293,0.34985787,0,1,adulto
ICB_03495_003,ICB_151,copd,AKG C417L Microphone,75.0,1,0,2,0.69180894,0.35654017,0,1,adulto
ICB_03495_004,ICB_151,copd,AKG C417L Microphone,75.0,1,0,2,0.6660622,0.28255224,0,1,adulto
ICB_03495_005,ICB_151,copd,AKG C417L Microphone,75.0,1,0,2,0.5390015,0.38531405,0,1,adulto
ICB_03496_000,ICB_151,copd,AKG C417L Microphone,75.0,1,1,2,0.4206963,0.60863113,0,3,adulto
ICB_03496_001,ICB_151,copd,AKG C417L Microphone,75.0,1,1,2,0.30621028,0.9611185,2,3,adulto
ICB_03496_002,ICB_151,copd,AKG C417L Microphone,75.0,0,0,2,0.5988069,0.39737013,0,0,adulto
ICB_03496_003,ICB_151,copd,AKG C417L Microphone,75.0,0,0,2,0.586929,0.30753976,0,0,adulto
ICB_03496_004,ICB_151,copd,AKG C417L Microphone,75.0,0,0,2,0.55031854,0.30860358,0,0,adulto
ICB_03496_005,ICB_151,copd,AKG C417L Microphone,75.0,0,0,2,0.4383814,0.44192356,0,0,adulto
ICB_03497_000,ICB_151,copd,AKG C417L Microphone,75.0,0,0,2,0.1224411,0.86062074,0,0,adulto
ICB_03497_001,ICB_151,copd,AKG C417L Microphone,75.0,0,1,2,0.108213484,0.9645862,2,2,adulto
ICB_03497_002,ICB_151,copd,AKG C417L Microphone,75.0,0,0,2,0.12523207,0.9381787,0,0,adulto
ICB_03497_003,ICB_151,copd,AKG C417L Microphone,75.0,0,0,2,0.107206255,0.97435457,2,0,adulto
ICB_03497_004,ICB_151,copd,AKG C417L Microphone,75.0,0,0,2,0.09876707,0.9462535,0,0,adulto
ICB_03497_005,ICB_151,copd,AKG C417L Microphone,75.0,0,0,2,0.29053116,0.730618,0,0,adulto
ICB_03498_000,ICB_151,copd,AKG C417L Microphone,75.0,1,0,2,0.77421004,0.4762834,0,1,adulto
ICB_03498_001,ICB_151,copd,AKG C417L Microphone,75.0,1,1,2,0.750573,0.79377824,0,3,adulto
ICB_03498_002,ICB_151,copd,AKG C417L Microphone,75.0,1,1,2,0.73308855,0.5447319,0,3,adulto
ICB_03498_003,ICB_151,copd,AKG C417L Microphone,75.0,1,0,2,0.6773405,0.51656884,0,1,adulto
ICB_03498_004,ICB_151,copd,AKG C417L Microphone,75.0,1,0,2,0.8148703,0.4765634,0,1,adulto
ICB_03498_005,ICB_151,copd,AKG C417L Microphone,75.0,0,0,2,0.5352974,0.4589787,0,0,adulto
ICB_03501_000,ICB_154,copd,AKG C417L Microphone,65.0,1,0,2,0.5385133,0.37868443,0,1,adulto
ICB_03501_001,ICB_154,copd,AKG C417L Microphone,65.0,1,0,2,0.50058013,0.43407634,0,1,adulto
ICB_03501_002,ICB_154,copd,AKG C417L Microphone,65.0,1,0,2,0.50594467,0.45066994,0,1,adulto
ICB_03501_003,ICB_154,copd,AKG C417L Microphone,65.0,1,0,2,0.50372213,0.394095,0,1,adulto
ICB_03501_004,ICB_154,copd,AKG C417L Microphone,65.0,0,0,2,0.50181526,0.34985888,0,0,adulto
ICB_03501_005,ICB_154,copd,AKG C417L Microphone,65.0,0,0,2,0.5048806,0.3751374,0,0,adulto
ICB_03501_006,ICB_154,copd,AKG C417L Microphone,65.0,1,0,2,0.46652964,0.36900404,0,1,adulto
ICB_03501_007,ICB_154,copd,AKG C417L Microphone,65.0,1,0,2,0.45948616,0.3778173,0,1,adulto
ICB_03501_008,ICB_154,copd,AKG C417L Microphone,65.0,0,0,2,0.44550377,0.43755606,0,0,adulto
ICB_03501_009,ICB_154,copd,AKG C417L Microphone,65.0,1,0,2,0.47723415,0.40932763,0,1,adulto
ICB_03501_010,ICB_154,copd,AKG C417L Microphone,65.0,1,0,2,0.46783578,0.3964043,0,1,adulto
ICB_03501_011,ICB_154,copd,AKG C417L Microphone,65.0,1,0,2,0.43251017,0.40486237,0,1,adulto
ICB_03502_000,ICB_154,copd,AKG C417L Microphone,65.0,0,0,2,0.23291272,0.49076954,0,0,adulto
ICB_03502_001,ICB_154,copd,AKG C417L Microphone,65.0,0,0,2,0.23268023,0.5488739,0,0,adulto
ICB_03502_002,ICB_154,copd,AKG C417L Microphone,65.0,0,0,2,0.2494436,0.44401863,0,0,adulto
ICB_03502_003,ICB_154,copd,AKG C417L Microphone,65.0,0,0,2,0.21503429,0.46966723,0,0,adulto
ICB_03502_004,ICB_154,copd,AKG C417L Microphone,65.0,0,0,2,0.23792832,0.47736028,0,0,adulto
ICB_03502_005,ICB_154,copd,AKG C417L Microphone,65.0,1,0,2,0.25419426,0.48274174,0,1,adulto
ICB_03502_006,ICB_154,copd,AKG C417L Microphone,65.0,0,0,2,0.24491702,0.6164458,0,0,adulto
ICB_03502_007,ICB_154,copd,AKG C417L Microphone,65.0,0,0,2,0.24943593,0.5660165,0,0,adulto
ICB_03502_008,ICB_154,copd,AKG C417L Microphone,65.0,0,0,2,0.24818654,0.49209547,0,0,adulto
ICB_03502_009,ICB_154,copd,AKG C417L Microphone,65.0,0,0,2,0.23640163,0.521329,0,0,adulto
ICB_03502_010,ICB_154,copd,AKG C417L Microphone,65.0,0,0,2,0.2535782,0.52550024,0,0,adulto
ICB_03502_011,ICB_154,copd,AKG C417L Microphone,65.0,0,0,2,0.3411044,0.40713596,0,0,adulto
ICB_03503_000,ICB_154,copd,AKG C417L Microphone,65.0,1,0,2,0.45671147,0.326927,0,1,adulto
ICB_03503_001,ICB_154,copd,AKG C417L Microphone,65.0,1,0,2,0.43874326,0.34893024,0,1,adulto
ICB_03503_002,ICB_154,copd,AKG C417L Microphone,65.0,1,0,2,0.4250934,0.30093428,0,1,adulto
ICB_03503_003,ICB_154,copd,AKG C417L Microphone,65.0,1,0,2,0.48841423,0.33982342,0,1,adulto
ICB_03503_004,ICB_154,copd,AKG C417L Microphone,65.0,1,0,2,0.45638588,0.32644296,0,1,adulto
ICB_03503_005,ICB_154,copd,AKG C417L Microphone,65.0,1,0,2,0.44847423,0.32979763,0,1,adulto
ICB_03503_006,ICB_154,copd,AKG C417L Microphone,65.0,1,0,2,0.4454892,0.30418625,0,1,adulto
ICB_03503_007,ICB_154,copd,AKG C417L Microphone,65.0,1,0,2,0.47811392,0.373921,0,1,adulto
ICB_03503_008,ICB_154,copd,AKG C417L Microphone,65.0,1,0,2,0.4584927,0.3878468,0,1,adulto
ICB_03503_009,ICB_154,copd,AKG C417L Microphone,65.0,1,0,2,0.4403062,0.33155397,0,1,adulto
ICB_03503_010,ICB_154,copd,AKG C417L Microphone,65.0,1,0,2,0.45713472,0.35054162,0,1,adulto
ICB_03503_011,ICB_154,copd,AKG C417L Microphone,65.0,0,0,2,0.41561556,0.39339674,0,0,adulto
ICB_03504_000,ICB_154,copd,AKG C417L Microphone,65.0,1,0,2,0.5531013,0.4052249,0,1,adulto
ICB_03504_001,ICB_154,copd,AKG C417L Microphone,65.0,0,0,2,0.5246219,0.47391754,0,0,adulto
ICB_03504_002,ICB_154,copd,AKG C417L Microphone,65.0,0,0,2,0.5330556,0.48719808,0,0,adulto
ICB_03504_003,ICB_154,copd,AKG C417L Microphone,65.0,0,0,2,0.49073648,0.4835567,0,0,adulto
ICB_03504_004,ICB_154,copd,AKG C417L Microphone,65.0,0,0,2,0.49274552,0.4149066,0,0,adulto
ICB_03504_005,ICB_154,copd,AKG C417L Microphone,65.0,1,0,2,0.5342215,0.3911377,0,1,adulto
ICB_03504_006,ICB_154,copd,AKG C417L Microphone,65.0,0,0,2,0.5045421,0.38203955,0,0,adulto
ICB_03504_007,ICB_154,copd,AKG C417L Microphone,65.0,0,0,2,0.47720253,0.44429,0,0,adulto
ICB_03504_008,ICB_154,copd,AKG C417L Microphone,65.0,0,0,2,0.46618652,0.5061456,0,0,adulto
ICB_03504_009,ICB_154,copd,AKG C417L Microphone,65.0,0,0,2,0.46351022,0.40150988,0,0,adulto
ICB_03504_010,ICB_154,copd,AKG C417L Microphone,65.0,0,0,2,0.49568126,0.4193556,0,0,adulto
ICB_03504_011,ICB_154,copd,AKG C417L Microphone,65.0,0,0,2,0.4333757,0.41185802,0,0,adulto
ICB_03505_000,ICB_154,copd,AKG C417L Microphone,65.0,1,0,2,0.5128018,0.41851678,0,1,adulto
ICB_03505_001,ICB_154,copd,AKG C417L Microphone,65.0,1,0,2,0.5346124,0.42996272,0,1,adulto
ICB_03505_002,ICB_154,copd,AKG C417L Microphone,65.0,1,0,2,0.49626666,0.42037213,0,1,adulto
ICB_03505_003,ICB_154,copd,AKG C417L Microphone,65.0,1,0,2,0.5013701,0.42302698,0,1,adulto
ICB_03505_004,ICB_154,copd,AKG C417L Microphone,65.0,1,0,2,0.4735938,0.4656857,0,1,adulto
ICB_03505_005,ICB_154,copd,AKG C417L Microphone,65.0,1,0,2,0.48091102,0.4453669,0,1,adulto
ICB_03505_006,ICB_154,copd,AKG C417L Microphone,65.0,1,0,2,0.4890484,0.37594894,0,1,adulto
ICB_03505_007,ICB_154,copd,AKG C417L Microphone,65.0,1,0,2,0.44668052,0.49573326,0,1,adulto
ICB_03505_008,ICB_154,copd,AKG C417L Microphone,65.0,1,0,2,0.48812273,0.41479313,0,1,adulto
ICB_03505_009,ICB_154,copd,AKG C417L Microphone,65.0,1,0,2,0.46800414,0.4548031,0,1,adulto
ICB_03505_010,ICB_154,copd,AKG C417L Microphone,65.0,0,0,2,0.4661439,0.4619129,0,0,adulto
ICB_03505_011,ICB_154,copd,AKG C417L Microphone,65.0,0,0,2,0.42182615,0.44406313,0,0,adulto
ICB_03506_000,ICB_154,copd,AKG C417L Microphone,65.0,1,0,2,0.5018948,0.49954754,0,1,adulto
ICB_03506_001,ICB_154,copd,AKG C417L Microphone,65.0,0,0,2,0.5041745,0.612956,0,0,adulto
ICB_03506_002,ICB_154,copd,AKG C417L Microphone,65.0,1,0,2,0.49252343,0.54426104,0,1,adulto
ICB_03506_003,ICB_154,copd,AKG C417L Microphone,65.0,1,0,2,0.47184774,0.5584606,0,1,adulto
ICB_03506_004,ICB_154,copd,AKG C417L Microphone,65.0,1,0,2,0.5000911,0.49636406,0,1,adulto
ICB_03506_005,ICB_154,copd,AKG C417L Microphone,65.0,1,0,2,0.4749868,0.53602487,0,1,adulto
ICB_03506_006,ICB_154,copd,AKG C417L Microphone,65.0,0,0,2,0.4532609,0.5283069,0,0,adulto
ICB_03506_007,ICB_154,copd,AKG C417L Microphone,65.0,0,0,2,0.44574958,0.5074976,0,0,adulto
ICB_03506_008,ICB_154,copd,AKG C417L Microphone,65.0,0,0,2,0.43637955,0.65600896,0,0,adulto
ICB_03506_009,ICB_154,copd,AKG C417L Microphone,65.0,1,0,2,0.46873888,0.44546115,0,1,adulto
ICB_03506_010,ICB_154,copd,AKG C417L Microphone,65.0,1,0,2,0.46524215,0.5439769,0,1,adulto
ICB_03506_011,ICB_154,copd,AKG C417L Microphone,65.0,1,0,2,0.44275257,0.44255146,0,1,adulto
ICB_03507_000,ICB_154,copd,AKG C417L Microphone,65.0,0,0,2,0.3153033,0.6134917,0,0,adulto
ICB_03507_001,ICB_154,copd,AKG C417L Microphone,65.0,0,0,2,0.34289938,0.72149146,0,0,adulto
ICB_03507_002,ICB_154,copd,AKG C417L Microphone,65.0,0,0,2,0.26216903,0.8012586,0,0,adulto
ICB_03507_003,ICB_154,copd,AKG C417L Microphone,65.0,0,0,2,0.28508198,0.66453844,0,0,adulto
ICB_03507_004,ICB_154,copd,AKG C417L Microphone,65.0,0,0,2,0.3253008,0.6558539,0,0,adulto
ICB_03507_005,ICB_154,copd,AKG C417L Microphone,65.0,0,0,2,0.32055324,0.5681805,0,0,adulto
ICB_03507_006,ICB_154,copd,AKG C417L Microphone,65.0,0,0,2,0.31418943,0.652899,0,0,adulto
ICB_03507_007,ICB_154,copd,AKG C417L Microphone,65.0,0,0,2,0.31482193,0.6815845,0,0,adulto
ICB_03507_008,ICB_154,copd,AKG C417L Microphone,65.0,0,0,2,0.27149722,0.76454896,0,0,adulto
ICB_03507_009,ICB_154,copd,AKG C417L Microphone,65.0,0,0,2,0.31313863,0.56113493,0,0,adulto
ICB_03507_010,ICB_154,copd,AKG C417L Microphone,65.0,0,0,2,0.27397016,0.634742,0,0,adulto
ICB_03507_011,ICB_154,copd,AKG C417L Microphone,65.0,0,0,2,0.36169836,0.540798,0,0,adulto
ICB_03508_000,ICB_154,copd,AKG C417L Microphone,65.0,0,0,2,0.6428064,0.28613383,0,0,adulto
ICB_03508_001,ICB_154,copd,AKG C417L Microphone,65.0,0,0,2,0.5306432,0.72193855,0,0,adulto
ICB_03508_002,ICB_154,copd,AKG C417L Microphone,65.0,1,0,2,0.5983992,0.42385048,0,1,adulto
ICB_03508_003,ICB_154,copd,AKG C417L Microphone,65.0,1,0,2,0.6282883,0.50995576,0,1,adulto
ICB_03508_004,ICB_154,copd,AKG C417L Microphone,65.0,1,0,2,0.6341089,0.37549424,0,1,adulto
ICB_03508_005,ICB_154,copd,AKG C417L Microphone,65.0,1,0,2,0.67519003,0.41165093,0,1,adulto
ICB_03508_006,ICB_154,copd,AKG C417L Microphone,65.0,1,0,2,0.6011981,0.49182624,0,1,adulto
ICB_03509_000,ICB_154,copd,AKG C417L Microphone,65.0,0,0,2,0.35782272,0.7591227,0,0,adulto
ICB_03509_001,ICB_154,copd,AKG C417L Microphone,65.0,0,0,2,0.24139118,0.96426857,2,0,adulto
ICB_03509_002,ICB_154,copd,AKG C417L Microphone,65.0,0,0,2,0.3084048,0.74215466,0,0,adulto
ICB_03509_003,ICB_154,copd,AKG C417L Microphone,65.0,0,0,2,0.34544715,0.9327145,0,0,adulto
ICB_03509_004,ICB_154,copd,AKG C417L Microphone,65.0,1,0,2,0.37414047,0.7452329,0,1,adulto
ICB_03509_005,ICB_154,copd,AKG C417L Microphone,65.0,1,0,2,0.43193194,0.69199234,0,1,adulto
ICB_03509_006,ICB_154,copd,AKG C417L Microphone,65.0,0,0,2,0.35637832,0.7477255,0,0,adulto
ICB_03510_000,ICB_154,copd,AKG C417L Microphone,65.0,1,0,2,0.6171271,0.37418723,0,1,adulto
ICB_03510_001,ICB_154,copd,AKG C417L Microphone,65.0,1,0,2,0.5938142,0.63785183,0,1,adulto
ICB_03510_002,ICB_154,copd,AKG C417L Microphone,65.0,1,0,2,0.595332,0.5074569,0,1,adulto
ICB_03510_003,ICB_154,copd,AKG C417L Microphone,65.0,1,0,2,0.6444269,0.5126403,0,1,adulto
ICB_03510_004,ICB_154,copd,AKG C417L Microphone,65.0,1,0,2,0.6226159,0.3687209,0,1,adulto
ICB_03510_005,ICB_154,copd,AKG C417L Microphone,65.0,1,0,2,0.5881487,0.42026496,0,1,adulto
ICB_03510_006,ICB_154,copd,AKG C417L Microphone,65.0,1,0,2,0.5720632,0.4871336,0,1,adulto
ICB_03511_000,ICB_154,copd,AKG C417L Microphone,65.0,1,0,2,0.6376738,0.26654807,0,1,adulto
ICB_03511_001,ICB_154,copd,AKG C417L Microphone,65.0,1,0,2,0.41840467,0.8031253,0,1,adulto
ICB_03511_002,ICB_154,copd,AKG C417L Microphone,65.0,1,0,2,0.48861593,0.45164964,0,1,adulto
ICB_03511_003,ICB_154,copd,AKG C417L Microphone,65.0,1,0,2,0.5344571,0.6053819,0,1,adulto
ICB_03511_004,ICB_154,copd,AKG C417L Microphone,65.0,1,0,2,0.552911,0.4593092,0,1,adulto
ICB_03511_005,ICB_154,copd,AKG C417L Microphone,65.0,1,0,2,0.62300974,0.29431736,0,1,adulto
ICB_03511_006,ICB_154,copd,AKG C417L Microphone,65.0,1,0,2,0.5424543,0.44817317,0,1,adulto
ICB_03512_000,ICB_154,copd,AKG C417L Microphone,65.0,1,0,2,0.6434315,0.42294997,0,1,adulto
ICB_03512_001,ICB_154,copd,AKG C417L Microphone,65.0,1,0,2,0.62950724,0.5659478,0,1,adulto
ICB_03512_002,ICB_154,copd,AKG C417L Microphone,65.0,1,0,2,0.5993492,0.3712879,0,1,adulto
ICB_03512_003,ICB_154,copd,AKG C417L Microphone,65.0,1,0,2,0.6770695,0.5163711,0,1,adulto
ICB_03512_004,ICB_154,copd,AKG C417L Microphone,65.0,1,0,2,0.6679928,0.35844913,0,1,adulto
ICB_03512_005,ICB_154,copd,AKG C417L Microphone,65.0,1,0,2,0.6683763,0.3773269,0,1,adulto
ICB_03512_006,ICB_154,copd,AKG C417L Microphone,65.0,1,0,2,0.6650353,0.50286466,0,1,adulto
ICB_03513_000,ICB_154,copd,AKG C417L Microphone,65.0,0,0,2,0.57697725,0.31405473,0,0,adulto
ICB_03513_001,ICB_154,copd,AKG C417L Microphone,65.0,0,0,2,0.44830966,0.831937,0,0,adulto
ICB_03513_002,ICB_154,copd,AKG C417L Microphone,65.0,1,0,2,0.4768615,0.5743086,0,1,adulto
ICB_03513_003,ICB_154,copd,AKG C417L Microphone,65.0,0,0,2,0.5287999,0.74434006,0,0,adulto
ICB_03513_004,ICB_154,copd,AKG C417L Microphone,65.0,0,0,2,0.5639236,0.37717983,0,0,adulto
ICB_03513_005,ICB_154,copd,AKG C417L Microphone,65.0,1,0,2,0.6072388,0.38281828,0,1,adulto
ICB_03513_006,ICB_154,copd,AKG C417L Microphone,65.0,0,0,2,0.55773836,0.48901123,0,0,adulto
ICB_03514_000,ICB_154,copd,AKG C417L Microphone,65.0,0,0,2,0.5157544,0.574031,0,0,adulto
ICB_03514_001,ICB_154,copd,AKG C417L Microphone,65.0,0,0,2,0.36286554,0.94844186,0,0,adulto
ICB_03514_002,ICB_154,copd,AKG C417L Microphone,65.0,0,0,2,0.39811698,0.72870624,0,0,adulto
ICB_03514_003,ICB_154,copd,AKG C417L Microphone,65.0,0,0,2,0.46165544,0.6968975,0,0,adulto
ICB_03514_004,ICB_154,copd,AKG C417L Microphone,65.0,0,0,2,0.49824706,0.5211277,0,0,adulto
ICB_03514_005,ICB_154,copd,AKG C417L Microphone,65.0,0,0,2,0.4986463,0.45241547,0,0,adulto
ICB_03514_006,ICB_154,copd,AKG C417L Microphone,65.0,0,0,2,0.48560384,0.5473024,0,0,adulto
ICB_03515_000,ICB_154,copd,AKG C417L Microphone,65.0,0,0,2,0.65475565,0.32701057,0,0,adulto
ICB_03515_001,ICB_154,copd,AKG C417L Microphone,65.0,0,0,2,0.76942414,0.1947585,0,0,adulto
ICB_03515_002,ICB_154,copd,AKG C417L Microphone,65.0,1,0,2,0.83155847,0.2127373,0,1,adulto
ICB_03515_003,ICB_154,copd,AKG C417L Microphone,65.0,0,0,2,0.7532414,0.24081811,0,0,adulto
ICB_03515_004,ICB_154,copd,AKG C417L Microphone,65.0,1,0,2,0.8148598,0.39719906,0,1,adulto
ICB_03516_000,ICB_154,copd,AKG C417L Microphone,65.0,0,0,2,0.47411153,0.6138764,0,0,adulto
ICB_03516_001,ICB_154,copd,AKG C417L Microphone,65.0,1,0,2,0.31257436,0.867604,0,1,adulto
ICB_03516_002,ICB_154,copd,AKG C417L Microphone,65.0,1,0,2,0.26383764,0.93164647,0,1,adulto
ICB_03516_003,ICB_154,copd,AKG C417L Microphone,65.0,1,0,2,0.38731387,0.87154466,0,1,adulto
ICB_03516_004,ICB_154,copd,AKG C417L Microphone,65.0,1,0,2,0.4243619,0.84664094,0,1,adulto
ICB_03517_000,ICB_154,copd,AKG C417L Microphone,65.0,1,0,2,0.54011285,0.46156368,0,1,adulto
ICB_03517_001,ICB_154,copd,AKG C417L Microphone,65.0,1,0,2,0.61412203,0.554908,0,1,adulto
ICB_03517_002,ICB_154,copd,AKG C417L Microphone,65.0,1,0,2,0.6238384,0.4810054,0,1,adulto
ICB_03517_003,ICB_154,copd,AKG C417L Microphone,65.0,1,0,2,0.6166844,0.4565631,0,1,adulto
ICB_03517_004,ICB_154,copd,AKG C417L Microphone,65.0,0,0,2,0.6000019,0.51484716,0,0,adulto
ICB_03518_000,ICB_154,copd,AKG C417L Microphone,65.0,1,0,2,0.6010729,0.29192713,0,1,adulto
ICB_03518_001,ICB_154,copd,AKG C417L Microphone,65.0,1,1,2,0.5980158,0.27304563,0,3,adulto
ICB_03518_002,ICB_154,copd,AKG C417L Microphone,65.0,1,0,2,0.5899905,0.31566945,0,1,adulto
ICB_03518_003,ICB_154,copd,AKG C417L Microphone,65.0,1,0,2,0.6110773,0.30579636,0,1,adulto
ICB_03518_004,ICB_154,copd,AKG C417L Microphone,65.0,1,0,2,0.60693985,0.31849948,0,1,adulto
ICB_03518_005,ICB_154,copd,AKG C417L Microphone,65.0,1,0,2,0.5623103,0.36207667,0,1,adulto
ICB_03518_006,ICB_154,copd,AKG C417L Microphone,65.0,0,0,2,0.56919795,0.3094252,0,0,adulto
ICB_03518_007,ICB_154,copd,AKG C417L Microphone,65.0,1,0,2,0.6014658,0.32225463,0,1,adulto
ICB_03518_008,ICB_154,copd,AKG C417L Microphone,65.0,1,0,2,0.6242499,0.32873157,0,1,adulto
ICB_03518_009,ICB_154,copd,AKG C417L Microphone,65.0,0,0,2,0.5168287,0.4125283,0,0,adulto
ICB_03519_000,ICB_154,copd,AKG C417L Microphone,65.0,1,0,2,0.40501764,0.5787894,0,1,adulto
ICB_03519_001,ICB_154,copd,AKG C417L Microphone,65.0,1,0,2,0.3926592,0.6008385,0,1,adulto
ICB_03519_002,ICB_154,copd,AKG C417L Microphone,65.0,1,0,2,0.3865423,0.63949305,0,1,adulto
ICB_03519_003,ICB_154,copd,AKG C417L Microphone,65.0,1,0,2,0.41551477,0.56784666,0,1,adulto
ICB_03519_004,ICB_154,copd,AKG C417L Microphone,65.0,0,0,2,0.3713308,0.62546456,0,0,adulto
ICB_03519_005,ICB_154,copd,AKG C417L Microphone,65.0,1,0,2,0.3792048,0.5776551,0,1,adulto
ICB_03519_006,ICB_154,copd,AKG C417L Microphone,65.0,1,0,2,0.4426117,0.4860326,0,1,adulto
ICB_03519_007,ICB_154,copd,AKG C417L Microphone,65.0,0,0,2,0.40680054,0.5509748,0,0,adulto
ICB_03519_008,ICB_154,copd,AKG C417L Microphone,65.0,1,0,2,0.40996283,0.5470124,0,1,adulto
ICB_03519_009,ICB_154,copd,AKG C417L Microphone,65.0,0,0,2,0.42530668,0.47096473,0,0,adulto
ICB_03520_000,ICB_154,copd,AKG C417L Microphone,65.0,0,0,2,0.43468714,0.48869795,0,0,adulto
ICB_03520_001,ICB_154,copd,AKG C417L Microphone,65.0,0,0,2,0.49181563,0.3877595,0,0,adulto
ICB_03520_002,ICB_154,copd,AKG C417L Microphone,65.0,0,0,2,0.47963208,0.5800537,0,0,adulto
ICB_03520_003,ICB_154,copd,AKG C417L Microphone,65.0,0,0,2,0.4730028,0.36256522,0,0,adulto
ICB_03520_004,ICB_154,copd,AKG C417L Microphone,65.0,0,0,2,0.5458046,0.3807664,0,0,adulto
ICB_03520_005,ICB_154,copd,AKG C417L Microphone,65.0,0,0,2,0.42341474,0.5592756,0,0,adulto
ICB_03520_006,ICB_154,copd,AKG C417L Microphone,65.0,0,0,2,0.5455631,0.3660772,0,0,adulto
ICB_03520_007,ICB_154,copd,AKG C417L Microphone,65.0,0,0,2,0.4778757,0.36976954,0,0,adulto
ICB_03520_008,ICB_154,copd,AKG C417L Microphone,65.0,0,0,2,0.54867554,0.30077007,0,0,adulto
ICB_03520_009,ICB_154,copd,AKG C417L Microphone,65.0,0,0,2,0.48365605,0.3518007,0,0,adulto
ICB_03521_000,ICB_154,copd,AKG C417L Microphone,65.0,1,0,2,0.565545,0.3287842,0,1,adulto
ICB_03521_001,ICB_154,copd,AKG C417L Microphone,65.0,1,0,2,0.56418973,0.3457084,0,1,adulto
ICB_03521_002,ICB_154,copd,AKG C417L Microphone,65.0,1,0,2,0.5699337,0.3764445,0,1,adulto
ICB_03521_003,ICB_154,copd,AKG C417L Microphone,65.0,1,0,2,0.5728497,0.36134848,0,1,adulto
ICB_03521_004,ICB_154,copd,AKG C417L Microphone,65.0,1,0,2,0.5783021,0.380148,0,1,adulto
ICB_03521_005,ICB_154,copd,AKG C417L Microphone,65.0,1,0,2,0.5312501,0.3248489,0,1,adulto
ICB_03521_006,ICB_154,copd,AKG C417L Microphone,65.0,1,0,2,0.62189406,0.38089418,0,1,adulto
ICB_03521_007,ICB_154,copd,AKG C417L Microphone,65.0,1,0,2,0.61185807,0.33289304,0,1,adulto
ICB_03521_008,ICB_154,copd,AKG C417L Microphone,65.0,1,0,2,0.61273426,0.34085524,0,1,adulto
ICB_03521_009,ICB_154,copd,AKG C417L Microphone,65.0,0,0,2,0.5225482,0.40039906,0,0,adulto
ICB_03522_000,ICB_154,copd,AKG C417L Microphone,65.0,1,0,2,0.5248718,0.3610096,0,1,adulto
ICB_03522_001,ICB_154,copd,AKG C417L Microphone,65.0,1,0,2,0.53298026,0.29888147,0,1,adulto
ICB_03522_002,ICB_154,copd,AKG C417L Microphone,65.0,1,0,2,0.47681856,0.43131006,0,1,adulto
ICB_03522_003,ICB_154,copd,AKG C417L Microphone,65.0,0,0,2,0.5217638,0.32127598,0,0,adulto
ICB_03522_004,ICB_154,copd,AKG C417L Microphone,65.0,0,0,2,0.52988046,0.30836037,0,0,adulto
ICB_03522_005,ICB_154,copd,AKG C417L Microphone,65.0,0,0,2,0.47322965,0.477828,0,0,adulto
ICB_03522_006,ICB_154,copd,AKG C417L Microphone,65.0,0,0,2,0.56744736,0.32234067,0,0,adulto
ICB_03522_007,ICB_154,copd,AKG C417L Microphone,65.0,1,0,2,0.5626815,0.32474342,0,1,adulto
ICB_03522_008,ICB_154,copd,AKG C417L Microphone,65.0,1,0,2,0.4936104,0.3371716,0,1,adulto
ICB_03522_009,ICB_154,copd,AKG C417L Microphone,65.0,0,0,2,0.425724,0.39662603,0,0,adulto
ICB_03523_000,ICB_154,copd,AKG C417L Microphone,65.0,1,0,2,0.58005667,0.31273267,0,1,adulto
ICB_03523_001,ICB_154,copd,AKG C417L Microphone,65.0,0,0,2,0.59819525,0.35037127,0,0,adulto
ICB_03523_002,ICB_154,copd,AKG C417L Microphone,65.0,0,0,2,0.53978217,0.5038464,0,0,adulto
ICB_03523_003,ICB_154,copd,AKG C417L Microphone,65.0,0,0,2,0.55466115,0.38597673,0,0,adulto
ICB_03523_004,ICB_154,copd,AKG C417L Microphone,65.0,0,0,2,0.6180286,0.3017946,0,0,adulto
ICB_03523_005,ICB_154,copd,AKG C417L Microphone,65.0,0,0,2,0.5383841,0.49523947,0,0,adulto
ICB_03523_006,ICB_154,copd,AKG C417L Microphone,65.0,0,0,2,0.5968096,0.25788152,0,0,adulto
ICB_03523_007,ICB_154,copd,AKG C417L Microphone,65.0,1,0,2,0.60942084,0.29547697,0,1,adulto
ICB_03523_008,ICB_154,copd,AKG C417L Microphone,65.0,0,0,2,0.612159,0.29459226,0,0,adulto
ICB_03523_009,ICB_154,copd,AKG C417L Microphone,65.0,0,0,2,0.50691825,0.36809984,0,0,adulto
ICB_03547_000,ICB_158,copd,3M Littmann Classic II SE,63.0,0,0,2,0.49687037,0.53133947,0,0,adulto
ICB_03547_001,ICB_158,copd,3M Littmann Classic II SE,63.0,0,0,2,0.49706212,0.46741614,0,0,adulto
ICB_03547_002,ICB_158,copd,3M Littmann Classic II SE,63.0,0,0,2,0.5141918,0.43997627,0,0,adulto
ICB_03547_003,ICB_158,copd,3M Littmann Classic II SE,63.0,1,0,2,0.5890014,0.4042028,0,1,adulto
ICB_03547_004,ICB_158,copd,3M Littmann Classic II SE,63.0,0,0,2,0.5186433,0.44713932,0,0,adulto
ICB_03547_005,ICB_158,copd,3M Littmann Classic II SE,63.0,1,0,2,0.4912987,0.40844566,0,1,adulto
ICB_03547_006,ICB_158,copd,3M Littmann Classic II SE,63.0,1,0,2,0.54787195,0.34656963,0,1,adulto
ICB_03547_007,ICB_158,copd,3M Littmann Classic II SE,63.0,1,0,2,0.65301424,0.30063722,0,1,adulto
ICB_03547_008,ICB_158,copd,3M Littmann Classic II SE,63.0,1,0,2,0.5340632,0.38816288,0,1,adulto
ICB_03547_009,ICB_158,copd,3M Littmann Classic II SE,63.0,1,0,2,0.6367963,0.30804795,0,1,adulto
ICB_03547_010,ICB_158,copd,3M Littmann Classic II SE,63.0,0,0,2,0.5145523,0.41106787,0,0,adulto
ICB_03548_000,ICB_158,copd,AKG C417L Microphone,63.0,1,1,2,0.5890568,0.47106782,0,3,adulto
ICB_03548_001,ICB_158,copd,AKG C417L Microphone,63.0,1,1,2,0.69286853,0.33931252,0,3,adulto
ICB_03548_002,ICB_158,copd,AKG C417L Microphone,63.0,0,0,2,0.70031774,0.26410258,0,0,adulto
ICB_03548_003,ICB_158,copd,AKG C417L Microphone,63.0,1,1,2,0.6435772,0.39916784,0,3,adulto
ICB_03548_004,ICB_158,copd,AKG C417L Microphone,63.0,0,0,2,0.69795746,0.28398278,0,0,adulto
ICB_03548_005,ICB_158,copd,AKG C417L Microphone,63.0,0,0,2,0.733709,0.23965254,0,0,adulto
ICB_03548_006,ICB_158,copd,AKG C417L Microphone,63.0,0,0,2,0.66616315,0.37903816,0,0,adulto
ICB_03548_007,ICB_158,copd,AKG C417L Microphone,63.0,0,0,2,0.53937143,0.41829064,0,0,adulto
ICB_03549_000,ICB_158,copd,AKG C417L Microphone,63.0,1,1,2,0.62641096,0.3786329,0,3,adulto
ICB_03549_001,ICB_158,copd,AKG C417L Microphone,63.0,1,1,2,0.73067975,0.2657196,0,3,adulto
ICB_03549_002,ICB_158,copd,AKG C417L Microphone,63.0,0,0,2,0.7197107,0.30846232,0,0,adulto
ICB_03549_003,ICB_158,copd,AKG C417L Microphone,63.0,1,1,2,0.6908655,0.3629485,0,3,adulto
ICB_03549_004,ICB_158,copd,AKG C417L Microphone,63.0,0,0,2,0.7085189,0.290383,0,0,adulto
ICB_03549_005,ICB_158,copd,AKG C417L Microphone,63.0,0,0,2,0.73314404,0.27195483,0,0,adulto
ICB_03549_006,ICB_158,copd,AKG C417L Microphone,63.0,0,0,2,0.6926495,0.35438842,0,0,adulto
ICB_03549_007,ICB_158,copd,AKG C417L Microphone,63.0,0,0,2,0.5142875,0.44814023,0,0,adulto
ICB_03550_000,ICB_158,copd,AKG C417L Microphone,63.0,1,0,2,0.63972026,0.41345978,0,1,adulto
ICB_03550_001,ICB_158,copd,AKG C417L Microphone,63.0,1,0,2,0.75749165,0.3514105,0,1,adulto
ICB_03550_002,ICB_158,copd,AKG C417L Microphone,63.0,1,0,2,0.68441623,0.37490955,0,1,adulto
ICB_03550_003,ICB_158,copd,AKG C417L Microphone,63.0,1,1,2,0.6766063,0.41915762,0,3,adulto
ICB_03550_004,ICB_158,copd,AKG C417L Microphone,63.0,1,0,2,0.6729197,0.3944717,0,1,adulto
ICB_03550_005,ICB_158,copd,AKG C417L Microphone,63.0,1,0,2,0.72820824,0.2670362,0,1,adulto
ICB_03550_006,ICB_158,copd,AKG C417L Microphone,63.0,0,0,2,0.7326986,0.44594714,0,0,adulto
ICB_03550_007,ICB_158,copd,AKG C417L Microphone,63.0,0,0,2,0.5022806,0.40707254,0,0,adulto
ICB_03551_000,ICB_158,copd,AKG C417L Microphone,63.0,1,1,2,0.64075136,0.45627666,0,3,adulto
ICB_03551_001,ICB_158,copd,AKG C417L Microphone,63.0,1,1,2,0.5738074,0.35114247,0,3,adulto
ICB_03551_002,ICB_158,copd,AKG C417L Microphone,63.0,1,1,2,0.5381021,0.25293997,0,3,adulto
ICB_03551_003,ICB_158,copd,AKG C417L Microphone,63.0,1,1,2,0.5588985,0.32637385,0,3,adulto
ICB_03551_004,ICB_158,copd,AKG C417L Microphone,63.0,0,0,2,0.5925405,0.27410492,0,0,adulto
ICB_03551_005,ICB_158,copd,AKG C417L Microphone,63.0,0,0,2,0.61731106,0.25375596,0,0,adulto
ICB_03551_006,ICB_158,copd,AKG C417L Microphone,63.0,0,0,2,0.57970804,0.30181614,0,0,adulto
ICB_03551_007,ICB_158,copd,AKG C417L Microphone,63.0,0,1,2,0.40843502,0.42947668,0,2,adulto
ICB_03552_000,ICB_158,copd,AKG C417L Microphone,63.0,1,1,2,0.5617951,0.4781209,0,3,adulto
ICB_03552_001,ICB_158,copd,AKG C417L Microphone,63.0,1,1,2,0.7026565,0.27881938,0,3,adulto
ICB_03552_002,ICB_158,copd,AKG C417L Microphone,63.0,1,0,2,0.6771109,0.32253638,0,1,adulto
ICB_03552_003,ICB_158,copd,AKG C417L Microphone,63.0,1,1,2,0.612675,0.36435598,0,3,adulto
ICB_03552_004,ICB_158,copd,AKG C417L Microphone,63.0,0,1,2,0.6994222,0.31437787,0,2,adulto
ICB_03552_005,ICB_158,copd,AKG C417L Microphone,63.0,0,1,2,0.6932127,0.26235104,0,2,adulto
ICB_03552_006,ICB_158,copd,AKG C417L Microphone,63.0,0,0,2,0.71100867,0.353137,0,0,adulto
ICB_03552_007,ICB_158,copd,AKG C417L Microphone,63.0,0,0,2,0.5204103,0.39789987,0,0,adulto
ICB_03553_000,ICB_158,copd,AKG C417L Microphone,63.0,1,0,2,0.65502,0.3672589,0,1,adulto
ICB_03553_001,ICB_158,copd,AKG C417L Microphone,63.0,1,1,2,0.679542,0.50061244,0,3,adulto
ICB_03553_002,ICB_158,copd,AKG C417L Microphone,63.0,1,1,2,0.6100634,0.38874164,0,3,adulto
ICB_03553_003,ICB_158,copd,AKG C417L Microphone,63.0,1,1,2,0.6085417,0.47557762,0,3,adulto
ICB_03553_004,ICB_158,copd,AKG C417L Microphone,63.0,1,1,2,0.6393981,0.33279598,0,3,adulto
ICB_03553_005,ICB_158,copd,AKG C417L Microphone,63.0,0,0,2,0.70386934,0.28627905,0,0,adulto
ICB_03553_006,ICB_158,copd,AKG C417L Microphone,63.0,1,0,2,0.6351345,0.3487569,0,1,adulto
ICB_03553_007,ICB_158,copd,AKG C417L Microphone,63.0,0,1,2,0.44117588,0.5422977,0,2,adulto
ICB_03554_000,ICB_158,copd,AKG C417L Microphone,63.0,1,0,2,0.354328,0.48731628,0,1,adulto
ICB_03554_001,ICB_158,copd,AKG C417L Microphone,63.0,1,0,2,0.31013522,0.41558647,0,1,adulto
ICB_03554_002,ICB_158,copd,AKG C417L Microphone,63.0,0,0,2,0.31568706,0.4009137,0,0,adulto
ICB_03554_003,ICB_158,copd,AKG C417L Microphone,63.0,0,0,2,0.31295806,0.37139744,0,0,adulto
ICB_03554_004,ICB_158,copd,AKG C417L Microphone,63.0,0,0,2,0.34668225,0.36378318,0,0,adulto
ICB_03554_005,ICB_158,copd,AKG C417L Microphone,63.0,0,0,2,0.37089047,0.3472104,0,0,adulto
ICB_03554_006,ICB_158,copd,AKG C417L Microphone,63.0,0,0,2,0.44200882,0.3053753,0,0,adulto
ICB_03554_007,ICB_158,copd,AKG C417L Microphone,63.0,0,0,2,0.37953773,0.47427526,0,0,adulto
ICB_03555_000,ICB_158,copd,AKG C417L Microphone,63.0,0,1,2,0.58788425,0.4681147,0,2,adulto
ICB_03555_001,ICB_158,copd,AKG C417L Microphone,63.0,1,1,2,0.57888186,0.45881358,0,3,adulto
ICB_03555_002,ICB_158,copd,AKG C417L Microphone,63.0,1,1,2,0.66134197,0.39742988,0,3,adulto
ICB_03555_003,ICB_158,copd,AKG C417L Microphone,63.0,1,0,2,0.69497305,0.35880733,0,1,adulto
ICB_03555_004,ICB_158,copd,AKG C417L Microphone,63.0,1,1,2,0.6261732,0.4284299,0,3,adulto
ICB_03555_005,ICB_158,copd,AKG C417L Microphone,63.0,1,1,2,0.6036482,0.42553952,0,3,adulto
ICB_03555_006,ICB_158,copd,AKG C417L Microphone,63.0,0,1,2,0.66719276,0.3661566,0,2,adulto
ICB_03555_007,ICB_158,copd,AKG C417L Microphone,63.0,0,1,2,0.63442546,0.43176892,0,2,adulto
ICB_03555_008,ICB_158,copd,AKG C417L Microphone,63.0,0,0,2,0.4893263,0.44600788,0,0,adulto
ICB_03556_000,ICB_158,copd,AKG C417L Microphone,63.0,1,1,2,0.6250104,0.41957843,0,3,adulto
ICB_03556_001,ICB_158,copd,AKG C417L Microphone,63.0,0,1,2,0.5880278,0.468339,0,2,adulto
ICB_03556_002,ICB_158,copd,AKG C417L Microphone,63.0,0,1,2,0.6686135,0.35140553,0,2,adulto
ICB_03556_003,ICB_158,copd,AKG C417L Microphone,63.0,1,1,2,0.6785479,0.35159767,0,3,adulto
ICB_03556_004,ICB_158,copd,AKG C417L Microphone,63.0,1,1,2,0.64498186,0.41463843,0,3,adulto
ICB_03556_005,ICB_158,copd,AKG C417L Microphone,63.0,1,1,2,0.6644048,0.42649487,0,3,adulto
ICB_03556_006,ICB_158,copd,AKG C417L Microphone,63.0,0,1,2,0.66921407,0.4020224,0,2,adulto
ICB_03556_007,ICB_158,copd,AKG C417L Microphone,63.0,0,1,2,0.6517232,0.41911414,0,2,adulto
ICB_03556_008,ICB_158,copd,AKG C417L Microphone,63.0,0,0,2,0.47116545,0.44974637,0,0,adulto
ICB_03557_000,ICB_158,copd,AKG C417L Microphone,63.0,0,1,2,0.51308185,0.50273144,0,2,adulto
ICB_03557_001,ICB_158,copd,AKG C417L Microphone,63.0,0,1,2,0.51450014,0.38152966,0,2,adulto
ICB_03557_002,ICB_158,copd,AKG C417L Microphone,63.0,0,1,2,0.6685662,0.33509293,0,2,adulto
ICB_03557_003,ICB_158,copd,AKG C417L Microphone,63.0,1,0,2,0.7136148,0.3316873,0,1,adulto
ICB_03557_004,ICB_158,copd,AKG C417L Microphone,63.0,0,1,2,0.6702144,0.4264862,0,2,adulto
ICB_03557_005,ICB_158,copd,AKG C417L Microphone,63.0,1,1,2,0.67021596,0.34897912,0,3,adulto
ICB_03557_006,ICB_158,copd,AKG C417L Microphone,63.0,1,1,2,0.6979615,0.36824238,0,3,adulto
ICB_03557_007,ICB_158,copd,AKG C417L Microphone,63.0,0,1,2,0.64098716,0.500681,0,2,adulto
ICB_03557_008,ICB_158,copd,AKG C417L Microphone,63.0,0,0,2,0.51341605,0.42237657,0,0,adulto
ICB_03558_000,ICB_158,copd,AKG C417L Microphone,63.0,1,1,2,0.6312004,0.5002248,0,3,adulto
ICB_03558_001,ICB_158,copd,AKG C417L Microphone,63.0,0,1,2,0.4510325,0.721628,0,2,adulto
ICB_03558_002,ICB_158,copd,AKG C417L Microphone,63.0,0,1,2,0.5114743,0.35114864,0,2,adulto
ICB_03558_003,ICB_158,copd,AKG C417L Microphone,63.0,0,1,2,0.5368658,0.29409432,0,2,adulto
ICB_03558_004,ICB_158,copd,AKG C417L Microphone,63.0,1,1,2,0.45321897,0.49944714,0,3,adulto
ICB_03558_005,ICB_158,copd,AKG C417L Microphone,63.0,1,1,2,0.5272452,0.35590285,0,3,adulto
ICB_03558_006,ICB_158,copd,AKG C417L Microphone,63.0,1,1,2,0.53913337,0.4189919,0,3,adulto
ICB_03558_007,ICB_158,copd,AKG C417L Microphone,63.0,0,1,2,0.49855876,0.3530629,0,2,adulto
ICB_03558_008,ICB_158,copd,AKG C417L Microphone,63.0,0,1,2,0.37968922,0.59537774,0,2,adulto
ICB_03559_000,ICB_158,copd,AKG C417L Microphone,63.0,0,1,2,0.5178743,0.4451643,0,2,adulto
ICB_03559_001,ICB_158,copd,AKG C417L Microphone,63.0,0,1,2,0.5014087,0.2972797,0,2,adulto
ICB_03559_002,ICB_158,copd,AKG C417L Microphone,63.0,0,1,2,0.62107545,0.3686571,0,2,adulto
ICB_03559_003,ICB_158,copd,AKG C417L Microphone,63.0,0,1,2,0.64840627,0.3160982,0,2,adulto
ICB_03559_004,ICB_158,copd,AKG C417L Microphone,63.0,1,1,2,0.55703616,0.41534495,0,3,adulto
ICB_03559_005,ICB_158,copd,AKG C417L Microphone,63.0,1,1,2,0.5541699,0.3671575,0,3,adulto
ICB_03559_006,ICB_158,copd,AKG C417L Microphone,63.0,1,1,2,0.6115607,0.35771123,0,3,adulto
ICB_03559_007,ICB_158,copd,AKG C417L Microphone,63.0,0,1,2,0.6065327,0.39008582,0,2,adulto
ICB_03559_008,ICB_158,copd,AKG C417L Microphone,63.0,0,0,2,0.4633141,0.40159455,0,0,adulto
ICB_03560_000,ICB_158,copd,AKG C417L Microphone,63.0,0,1,2,0.574331,0.37996945,0,2,adulto
ICB_03560_001,ICB_158,copd,AKG C417L Microphone,63.0,0,1,2,0.5366998,0.5690013,0,2,adulto
ICB_03560_002,ICB_158,copd,AKG C417L Microphone,63.0,0,1,2,0.62259614,0.3584238,0,2,adulto
ICB_03560_003,ICB_158,copd,AKG C417L Microphone,63.0,1,1,2,0.56324714,0.5145162,0,3,adulto
ICB_03560_004,ICB_158,copd,AKG C417L Microphone,63.0,0,1,2,0.54348326,0.6312841,0,2,adulto
ICB_03560_005,ICB_158,copd,AKG C417L Microphone,63.0,1,1,2,0.56668985,0.542651,0,3,adulto
ICB_03560_006,ICB_158,copd,AKG C417L Microphone,63.0,0,1,2,0.57676655,0.5646974,0,2,adulto
ICB_03560_007,ICB_158,copd,AKG C417L Microphone,63.0,1,1,2,0.5256943,0.60316133,0,3,adulto
ICB_03560_008,ICB_158,copd,AKG C417L Microphone,63.0,0,1,2,0.42137673,0.6542845,0,2,adulto
ICB_03561_000,ICB_158,copd,AKG C417L Microphone,63.0,0,1,2,0.36046737,0.34420827,0,2,adulto
ICB_03561_001,ICB_158,copd,AKG C417L Microphone,63.0,0,1,2,0.22907732,0.44478467,0,2,adulto
ICB_03561_002,ICB_158,copd,AKG C417L Microphone,63.0,0,1,2,0.33260125,0.3364489,0,2,adulto
ICB_03561_003,ICB_158,copd,AKG C417L Microphone,63.0,0,0,2,0.27001014,0.4743127,0,0,adulto
ICB_03561_004,ICB_158,copd,AKG C417L Microphone,63.0,0,1,2,0.26656997,0.46748975,0,2,adulto
ICB_03561_005,ICB_158,copd,AKG C417L Microphone,63.0,0,1,2,0.30425814,0.37754938,0,2,adulto
ICB_03561_006,ICB_158,copd,AKG C417L Microphone,63.0,0,1,2,0.2745361,0.59335244,0,2,adulto
ICB_03561_007,ICB_158,copd,AKG C417L Microphone,63.0,0,1,2,0.27071327,0.55797184,0,2,adulto
ICB_03561_008,ICB_158,copd,AKG C417L Microphone,63.0,0,0,2,0.37329355,0.6105249,0,0,adulto
ICB_03562_000,ICB_158,copd,AKG C417L Microphone,63.0,1,1,2,0.6590806,0.4134156,0,3,adulto
ICB_03562_001,ICB_158,copd,AKG C417L Microphone,63.0,1,1,2,0.62466943,0.44812146,0,3,adulto
ICB_03562_002,ICB_158,copd,AKG C417L Microphone,63.0,1,0,2,0.6242737,0.3427338,0,1,adulto
ICB_03562_003,ICB_158,copd,AKG C417L Microphone,63.0,0,0,2,0.6429965,0.34175652,0,0,adulto
ICB_03562_004,ICB_158,copd,AKG C417L Microphone,63.0,1,0,2,0.6484255,0.40181515,0,1,adulto
ICB_03562_005,ICB_158,copd,AKG C417L Microphone,63.0,1,0,2,0.64329195,0.31496334,0,1,adulto
ICB_03562_006,ICB_158,copd,AKG C417L Microphone,63.0,0,0,2,0.65308064,0.3261073,0,0,adulto
ICB_03562_007,ICB_158,copd,AKG C417L Microphone,63.0,1,1,2,0.67879874,0.38588396,0,3,adulto
ICB_03562_008,ICB_158,copd,AKG C417L Microphone,63.0,0,0,2,0.6748921,0.3882382,0,0,adulto
ICB_03563_000,ICB_158,copd,AKG C417L Microphone,63.0,1,1,2,0.65137434,0.40963265,0,3,adulto
ICB_03563_001,ICB_158,copd,AKG C417L Microphone,63.0,1,0,2,0.6237476,0.37220255,0,1,adulto
ICB_03563_002,ICB_158,copd,AKG C417L Microphone,63.0,1,0,2,0.61273587,0.37326068,0,1,adulto
ICB_03563_003,ICB_158,copd,AKG C417L Microphone,63.0,0,0,2,0.6394312,0.29789248,0,0,adulto
ICB_03563_004,ICB_158,copd,AKG C417L Microphone,63.0,1,0,2,0.670918,0.3846356,0,1,adulto
ICB_03563_005,ICB_158,copd,AKG C417L Microphone,63.0,1,0,2,0.6736579,0.35165888,0,1,adulto
ICB_03563_006,ICB_158,copd,AKG C417L Microphone,63.0,0,0,2,0.6329601,0.42599088,0,0,adulto
ICB_03563_007,ICB_158,copd,AKG C417L Microphone,63.0,1,0,2,0.6756476,0.40612313,0,1,adulto
ICB_03563_008,ICB_158,copd,AKG C417L Microphone,63.0,1,0,2,0.66582036,0.45523465,0,1,adulto
ICB_03564_000,ICB_158,copd,AKG C417L Microphone,63.0,1,1,2,0.4469721,0.42907453,0,3,adulto
ICB_03564_001,ICB_158,copd,AKG C417L Microphone,63.0,1,1,2,0.48730654,0.46537438,0,3,adulto
ICB_03564_002,ICB_158,copd,AKG C417L Microphone,63.0,1,1,2,0.496528,0.33274496,0,3,adulto
ICB_03564_003,ICB_158,copd,AKG C417L Microphone,63.0,0,1,2,0.49481624,0.416114,0,2,adulto
ICB_03564_004,ICB_158,copd,AKG C417L Microphone,63.0,0,1,2,0.5033962,0.3538497,0,2,adulto
ICB_03564_005,ICB_158,copd,AKG C417L Microphone,63.0,0,1,2,0.4970042,0.3147606,0,2,adulto
ICB_03564_006,ICB_158,copd,AKG C417L Microphone,63.0,0,1,2,0.5348863,0.2873277,0,2,adulto
ICB_03564_007,ICB_158,copd,AKG C417L Microphone,63.0,1,1,2,0.56105447,0.4013729,0,3,adulto
ICB_03564_008,ICB_158,copd,AKG C417L Microphone,63.0,1,1,2,0.525245,0.34848598,0,3,adulto
ICB_03565_000,ICB_158,copd,AKG C417L Microphone,63.0,0,1,2,0.6179584,0.36989704,0,2,adulto
ICB_03565_001,ICB_158,copd,AKG C417L Microphone,63.0,1,1,2,0.5847843,0.44336024,0,3,adulto
ICB_03565_002,ICB_158,copd,AKG C417L Microphone,63.0,1,0,2,0.6194425,0.2617678,0,1,adulto
ICB_03565_003,ICB_158,copd,AKG C417L Microphone,63.0,0,0,2,0.62503475,0.3441019,0,0,adulto
ICB_03565_004,ICB_158,copd,AKG C417L Microphone,63.0,1,0,2,0.6287819,0.35308555,0,1,adulto
ICB_03565_005,ICB_158,copd,AKG C417L Microphone,63.0,1,0,2,0.6408995,0.29982093,0,1,adulto
ICB_03565_006,ICB_158,copd,AKG C417L Microphone,63.0,0,0,2,0.59289426,0.35139012,0,0,adulto
ICB_03565_007,ICB_158,copd,AKG C417L Microphone,63.0,1,1,2,0.6250755,0.34456813,0,3,adulto
ICB_03565_008,ICB_158,copd,AKG C417L Microphone,63.0,1,1,2,0.5837775,0.4445778,0,3,adulto
ICB_03566_000,ICB_158,copd,AKG C417L Microphone,63.0,0,1,2,0.5987608,0.46993285,0,2,adulto
ICB_03566_001,ICB_158,copd,AKG C417L Microphone,63.0,1,1,2,0.58054835,0.48180994,0,3,adulto
ICB_03566_002,ICB_158,copd,AKG C417L Microphone,63.0,1,1,2,0.55801207,0.5918798,0,3,adulto
ICB_03566_003,ICB_158,copd,AKG C417L Microphone,63.0,1,1,2,0.5234451,0.56766593,0,3,adulto
ICB_03566_004,ICB_158,copd,AKG C417L Microphone,63.0,1,1,2,0.5271591,0.5855373,0,3,adulto
ICB_03566_005,ICB_158,copd,AKG C417L Microphone,63.0,1,1,2,0.56874686,0.53032994,0,3,adulto
ICB_03566_006,ICB_158,copd,AKG C417L Microphone,63.0,0,1,2,0.52632797,0.62107486,0,2,adulto
ICB_03566_007,ICB_158,copd,AKG C417L Microphone,63.0,1,1,2,0.5749506,0.54655623,0,3,adulto
ICB_03566_008,ICB_158,copd,AKG C417L Microphone,63.0,1,1,2,0.58274364,0.589067,0,3,adulto
ICB_03567_000,ICB_158,copd,AKG C417L Microphone,63.0,1,0,2,0.31662175,0.38930857,0,1,adulto
ICB_03567_001,ICB_158,copd,AKG C417L Microphone,63.0,1,0,2,0.29351416,0.38675505,0,1,adulto
ICB_03567_002,ICB_158,copd,AKG C417L Microphone,63.0,0,0,2,0.33179578,0.43948483,0,0,adulto
ICB_03567_003,ICB_158,copd,AKG C417L Microphone,63.0,0,0,2,0.29842213,0.42870033,0,0,adulto
ICB_03567_004,ICB_158,copd,AKG C417L Microphone,63.0,1,0,2,0.34865707,0.47056058,0,1,adulto
ICB_03567_005,ICB_158,copd,AKG C417L Microphone,63.0,0,0,2,0.32568294,0.47486576,0,0,adulto
ICB_03567_006,ICB_158,copd,AKG C417L Microphone,63.0,0,0,2,0.30691925,0.6339953,0,0,adulto
ICB_03567_007,ICB_158,copd,AKG C417L Microphone,63.0,1,0,2,0.33864304,0.5637285,0,1,adulto
ICB_03567_008,ICB_158,copd,AKG C417L Microphone,63.0,0,0,2,0.3164402,0.5956703,0,0,adulto
ICB_03568_000,ICB_158,copd,AKG C417L Microphone,63.0,1,0,2,0.6744724,0.32177123,0,1,adulto
ICB_03568_001,ICB_158,copd,AKG C417L Microphone,63.0,1,1,2,0.5771285,0.51755553,0,3,adulto
ICB_03568_002,ICB_158,copd,AKG C417L Microphone,63.0,0,1,2,0.5320533,0.62619025,0,2,adulto
ICB_03568_003,ICB_158,copd,AKG C417L Microphone,63.0,0,0,2,0.533752,0.51603425,0,0,adulto
ICB_03568_004,ICB_158,copd,AKG C417L Microphone,63.0,1,1,2,0.5727902,0.5056044,0,3,adulto
ICB_03568_005,ICB_158,copd,AKG C417L Microphone,63.0,1,0,2,0.656319,0.41516733,0,1,adulto
ICB_03568_006,ICB_158,copd,AKG C417L Microphone,63.0,1,0,2,0.6254796,0.38029975,0,1,adulto
ICB_03568_007,ICB_158,copd,AKG C417L Microphone,63.0,1,0,2,0.63451684,0.426303,0,1,adulto
ICB_03568_008,ICB_158,copd,AKG C417L Microphone,63.0,1,0,2,0.65173167,0.3498215,0,1,adulto
ICB_03569_000,ICB_158,copd,AKG C417L Microphone,63.0,1,0,2,0.46881554,0.3832707,0,1,adulto
ICB_03569_001,ICB_158,copd,AKG C417L Microphone,63.0,1,0,2,0.45408478,0.50450945,0,1,adulto
ICB_03569_002,ICB_158,copd,AKG C417L Microphone,63.0,1,1,2,0.50240886,0.45552906,0,3,adulto
ICB_03569_003,ICB_158,copd,AKG C417L Microphone,63.0,1,0,2,0.45315814,0.5835823,0,1,adulto
ICB_03569_004,ICB_158,copd,AKG C417L Microphone,63.0,1,0,2,0.5131215,0.33297244,0,1,adulto
ICB_03569_005,ICB_158,copd,AKG C417L Microphone,63.0,1,0,2,0.5091391,0.37263298,0,1,adulto
ICB_03569_006,ICB_158,copd,AKG C417L Microphone,63.0,1,0,2,0.44107205,0.572481,0,1,adulto
ICB_03569_007,ICB_158,copd,AKG C417L Microphone,63.0,1,0,2,0.43553102,0.45485172,0,1,adulto
ICB_03569_008,ICB_158,copd,AKG C417L Microphone,63.0,1,1,2,0.4607084,0.46422398,0,3,adulto
ICB_03569_009,ICB_158,copd,AKG C417L Microphone,63.0,1,1,2,0.51097167,0.69220966,0,3,adulto
ICB_03569_010,ICB_158,copd,AKG C417L Microphone,63.0,1,1,2,0.53064615,0.6753866,0,3,adulto
ICB_03569_011,ICB_158,copd,AKG C417L Microphone,63.0,1,1,2,0.4607241,0.87730473,0,3,adulto
ICB_03570_000,ICB_158,copd,AKG C417L Microphone,63.0,0,1,2,0.23174748,0.8977636,0,2,adulto
ICB_03570_001,ICB_158,copd,AKG C417L Microphone,63.0,1,1,2,0.3572925,0.62928104,0,3,adulto
ICB_03570_002,ICB_158,copd,AKG C417L Microphone,63.0,0,1,2,0.3254491,0.65517265,0,2,adulto
ICB_03570_003,ICB_158,copd,AKG C417L Microphone,63.0,0,1,2,0.34420326,0.56878126,0,2,adulto
ICB_03570_004,ICB_158,copd,AKG C417L Microphone,63.0,0,1,2,0.35009652,0.52731276,0,2,adulto
ICB_03570_005,ICB_158,copd,AKG C417L Microphone,63.0,1,1,2,0.31328723,0.61385477,0,3,adulto
ICB_03570_006,ICB_158,copd,AKG C417L Microphone,63.0,0,1,2,0.29728606,0.5838632,0,2,adulto
ICB_03570_007,ICB_158,copd,AKG C417L Microphone,63.0,0,1,2,0.24657817,0.7891719,0,2,adulto
ICB_03570_008,ICB_158,copd,AKG C417L Microphone,63.0,0,1,2,0.27555975,0.6707797,0,2,adulto
ICB_03570_009,ICB_158,copd,AKG C417L Microphone,63.0,0,1,2,0.2403295,0.81078833,0,2,adulto
ICB_03570_010,ICB_158,copd,AKG C417L Microphone,63.0,0,1,2,0.29239878,0.74527854,0,2,adulto
ICB_03570_011,ICB_158,copd,AKG C417L Microphone,63.0,0,1,2,0.2658052,0.70407724,0,2,adulto
ICB_03598_000,ICB_161,bronchiolitis_asthma,3M Littmann Classic II SE,2.0,1,1,2,0.70541364,0.44151562,0,3,pediátrico (<18)
ICB_03598_001,ICB_161,bronchiolitis_asthma,3M Littmann Classic II SE,2.0,1,1,2,0.5679848,0.45449108,0,3,pediátrico (<18)
ICB_03598_002,ICB_161,bronchiolitis_asthma,3M Littmann Classic II SE,2.0,0,1,2,0.5745575,0.4288418,0,2,pediátrico (<18)
ICB_03598_003,ICB_161,bronchiolitis_asthma,3M Littmann Classic II SE,2.0,0,1,2,0.5362135,0.41406327,0,2,pediátrico (<18)
ICB_03598_004,ICB_161,bronchiolitis_asthma,3M Littmann Classic II SE,2.0,0,0,2,0.614008,0.4170007,0,0,pediátrico (<18)
ICB_03598_005,ICB_161,bronchiolitis_asthma,3M Littmann Classic II SE,2.0,1,0,2,0.7330521,0.41795257,0,1,pediátrico (<18)
ICB_03598_006,ICB_161,bronchiolitis_asthma,3M Littmann Classic II SE,2.0,0,0,2,0.605055,0.37495422,0,0,pediátrico (<18)
ICB_03598_007,ICB_161,bronchiolitis_asthma,3M Littmann Classic II SE,2.0,1,0,2,0.75987864,0.39127165,0,1,pediátrico (<18)
ICB_03598_008,ICB_161,bronchiolitis_asthma,3M Littmann Classic II SE,2.0,0,0,2,0.4634118,0.42031214,0,0,pediátrico (<18)
ICB_03599_000,ICB_161,bronchiolitis_asthma,3M Littmann Classic II SE,2.0,0,0,2,0.49716464,0.50401497,0,0,pediátrico (<18)
ICB_03599_001,ICB_161,bronchiolitis_asthma,3M Littmann Classic II SE,2.0,0,0,2,0.4424469,0.3549886,0,0,pediátrico (<18)
ICB_03599_002,ICB_161,bronchiolitis_asthma,3M Littmann Classic II SE,2.0,0,0,2,0.43130985,0.41164643,0,0,pediátrico (<18)
ICB_03599_003,ICB_161,bronchiolitis_asthma,3M Littmann Classic II SE,2.0,0,1,2,0.4968857,0.44279632,0,2,pediátrico (<18)
ICB_03599_004,ICB_161,bronchiolitis_asthma,3M Littmann Classic II SE,2.0,0,1,2,0.55359775,0.3693751,0,2,pediátrico (<18)
ICB_03599_005,ICB_161,bronchiolitis_asthma,3M Littmann Classic II SE,2.0,0,1,2,0.43142375,0.46495742,0,2,pediátrico (<18)
ICB_03599_006,ICB_161,bronchiolitis_asthma,3M Littmann Classic II SE,2.0,0,1,2,0.4885605,0.4135298,0,2,pediátrico (<18)
ICB_03599_007,ICB_161,bronchiolitis_asthma,3M Littmann Classic II SE,2.0,0,1,2,0.47445816,0.37360862,0,2,pediátrico (<18)
ICB_03599_008,ICB_161,bronchiolitis_asthma,3M Littmann Classic II SE,2.0,0,1,2,0.5053323,0.41520795,0,2,pediátrico (<18)
ICB_03599_009,ICB_161,bronchiolitis_asthma,3M Littmann Classic II SE,2.0,0,1,2,0.4381601,0.3889509,0,2,pediátrico (<18)
ICB_03637_000,ICB_164,respiratory_infection,3M Littmann Classic II SE,1.0,0,1,2,0.42775133,0.62793446,0,2,pediátrico (<18)
ICB_03637_001,ICB_164,respiratory_infection,3M Littmann Classic II SE,1.0,0,1,2,0.55270785,0.51247877,0,2,pediátrico (<18)
ICB_03637_002,ICB_164,respiratory_infection,3M Littmann Classic II SE,1.0,1,0,2,0.6431114,0.40204725,0,1,pediátrico (<18)
ICB_03637_003,ICB_164,respiratory_infection,3M Littmann Classic II SE,1.0,0,0,2,0.42210937,0.5335176,0,0,pediátrico (<18)
ICB_03637_004,ICB_164,respiratory_infection,3M Littmann Classic II SE,1.0,0,0,2,0.5751073,0.31238112,0,0,pediátrico (<18)
ICB_03637_005,ICB_164,respiratory_infection,3M Littmann Classic II SE,1.0,0,1,2,0.5367158,0.38416472,0,2,pediátrico (<18)
ICB_03637_006,ICB_164,respiratory_infection,3M Littmann Classic II SE,1.0,0,0,2,0.429685,0.5625224,0,0,pediátrico (<18)
ICB_03637_007,ICB_164,respiratory_infection,3M Littmann Classic II SE,1.0,0,0,2,0.47025815,0.50401795,0,0,pediátrico (<18)
ICB_03637_008,ICB_164,respiratory_infection,3M Littmann Classic II SE,1.0,0,0,2,0.46288002,0.57405114,0,0,pediátrico (<18)
ICB_03637_009,ICB_164,respiratory_infection,3M Littmann Classic II SE,1.0,0,0,2,0.48393825,0.46770108,0,0,pediátrico (<18)
ICB_03638_000,ICB_165,respiratory_infection,AKG C417L Microphone,2.0,0,0,2,0.4405998,0.3866979,0,0,pediátrico (<18)
ICB_03638_001,ICB_165,respiratory_infection,AKG C417L Microphone,2.0,0,0,2,0.4476175,0.20559266,0,0,pediátrico (<18)
ICB_03638_002,ICB_165,respiratory_infection,AKG C417L Microphone,2.0,1,0,2,0.5384687,0.2702032,0,1,pediátrico (<18)
ICB_03638_003,ICB_165,respiratory_infection,AKG C417L Microphone,2.0,1,0,2,0.5026169,0.1806185,0,1,pediátrico (<18)
ICB_03638_004,ICB_165,respiratory_infection,AKG C417L Microphone,2.0,0,0,2,0.58519787,0.15641755,0,0,pediátrico (<18)
ICB_03638_005,ICB_165,respiratory_infection,AKG C417L Microphone,2.0,0,0,2,0.5167118,0.18987189,0,0,pediátrico (<18)
ICB_03638_006,ICB_165,respiratory_infection,AKG C417L Microphone,2.0,0,0,2,0.44700444,0.27603936,0,0,pediátrico (<18)
ICB_03639_000,ICB_165,respiratory_infection,AKG C417L Microphone,2.0,0,0,2,0.5590011,0.33369985,0,0,pediátrico (<18)
ICB_03639_001,ICB_165,respiratory_infection,AKG C417L Microphone,2.0,0,0,2,0.48066324,0.34344313,0,0,pediátrico (<18)
ICB_03639_002,ICB_165,respiratory_infection,AKG C417L Microphone,2.0,0,0,2,0.40399608,0.26643616,0,0,pediátrico (<18)
ICB_03639_003,ICB_165,respiratory_infection,AKG C417L Microphone,2.0,0,0,2,0.39844516,0.28882766,0,0,pediátrico (<18)
ICB_03639_004,ICB_165,respiratory_infection,AKG C417L Microphone,2.0,0,0,2,0.41030642,0.27213857,0,0,pediátrico (<18)
ICB_03639_005,ICB_165,respiratory_infection,AKG C417L Microphone,2.0,0,0,2,0.4305427,0.32982624,0,0,pediátrico (<18)
ICB_03639_006,ICB_165,respiratory_infection,AKG C417L Microphone,2.0,0,0,2,0.37762457,0.30922866,0,0,pediátrico (<18)
ICB_03639_007,ICB_165,respiratory_infection,AKG C417L Microphone,2.0,0,0,2,0.35511586,0.43932745,0,0,pediátrico (<18)
ICB_03640_000,ICB_165,respiratory_infection,AKG C417L Microphone,2.0,0,0,2,0.63390094,0.24480844,0,0,pediátrico (<18)
ICB_03640_001,ICB_165,respiratory_infection,AKG C417L Microphone,2.0,1,0,2,0.6494503,0.25836137,0,1,pediátrico (<18)
ICB_03640_002,ICB_165,respiratory_infection,AKG C417L Microphone,2.0,0,0,2,0.7137433,0.2164524,0,0,pediátrico (<18)
ICB_03640_003,ICB_165,respiratory_infection,AKG C417L Microphone,2.0,0,0,2,0.6251446,0.20522845,0,0,pediátrico (<18)
ICB_03640_004,ICB_165,respiratory_infection,AKG C417L Microphone,2.0,0,0,2,0.56658685,0.30819166,0,0,pediátrico (<18)
ICB_03640_005,ICB_165,respiratory_infection,AKG C417L Microphone,2.0,0,1,2,0.5274725,0.40284264,0,2,pediátrico (<18)
ICB_03640_006,ICB_165,respiratory_infection,AKG C417L Microphone,2.0,0,0,2,0.57569456,0.30731875,0,0,pediátrico (<18)
ICB_03640_007,ICB_165,respiratory_infection,AKG C417L Microphone,2.0,0,0,2,0.40922114,0.36797434,0,0,pediátrico (<18)
ICB_03649_000,ICB_169,bronchiectasis,AKG C417L Microphone,50.0,1,0,2,0.6496175,0.35059172,0,1,adulto
ICB_03649_001,ICB_169,bronchiectasis,AKG C417L Microphone,50.0,1,0,2,0.66436726,0.3748065,0,1,adulto
ICB_03649_002,ICB_169,bronchiectasis,AKG C417L Microphone,50.0,0,0,2,0.61359453,0.27530888,0,0,adulto
ICB_03649_003,ICB_169,bronchiectasis,AKG C417L Microphone,50.0,1,0,2,0.6430886,0.3753157,0,1,adulto
ICB_03649_004,ICB_169,bronchiectasis,AKG C417L Microphone,50.0,1,0,2,0.6131786,0.3372167,0,1,adulto
ICB_03649_005,ICB_169,bronchiectasis,AKG C417L Microphone,50.0,1,0,2,0.5600084,0.36312008,0,1,adulto
ICB_03649_006,ICB_169,bronchiectasis,AKG C417L Microphone,50.0,0,0,2,0.5128085,0.34632793,0,0,adulto
ICB_03650_000,ICB_169,bronchiectasis,AKG C417L Microphone,50.0,1,0,2,0.6032058,0.38579005,0,1,adulto
ICB_03650_001,ICB_169,bronchiectasis,AKG C417L Microphone,50.0,1,0,2,0.65449226,0.31831613,0,1,adulto
ICB_03650_002,ICB_169,bronchiectasis,AKG C417L Microphone,50.0,1,0,2,0.63557565,0.34805065,0,1,adulto
ICB_03650_003,ICB_169,bronchiectasis,AKG C417L Microphone,50.0,1,0,2,0.6753165,0.3086362,0,1,adulto
ICB_03650_004,ICB_169,bronchiectasis,AKG C417L Microphone,50.0,0,0,2,0.7084348,0.31391656,0,0,adulto
ICB_03650_005,ICB_169,bronchiectasis,AKG C417L Microphone,50.0,1,0,2,0.660035,0.35336357,0,1,adulto
ICB_03650_006,ICB_169,bronchiectasis,AKG C417L Microphone,50.0,1,0,2,0.65600175,0.4349429,0,1,adulto
ICB_03728_000,ICB_175,copd,3M Littmann 3200 Electronic,63.0,0,1,2,0.25108823,0.727241,0,2,adulto
ICB_03728_001,ICB_175,copd,3M Littmann 3200 Electronic,63.0,1,1,2,0.15061817,0.7289199,0,3,adulto
ICB_03728_002,ICB_175,copd,3M Littmann 3200 Electronic,63.0,1,1,2,0.0937993,0.9024472,0,3,adulto
ICB_03728_003,ICB_175,copd,3M Littmann 3200 Electronic,63.0,1,1,2,0.25901824,0.91242915,0,3,adulto
ICB_03729_000,ICB_175,copd,3M Littmann 3200 Electronic,63.0,0,0,2,0.56558824,0.8239517,0,0,adulto
ICB_03729_001,ICB_175,copd,3M Littmann 3200 Electronic,63.0,0,1,2,0.56650037,0.89658386,0,2,adulto
ICB_03729_002,ICB_175,copd,3M Littmann 3200 Electronic,63.0,0,1,2,0.620258,0.99247265,2,2,adulto
ICB_03730_000,ICB_175,copd,3M Littmann 3200 Electronic,63.0,0,1,2,0.2747089,0.91253805,0,2,adulto
ICB_03730_001,ICB_175,copd,3M Littmann 3200 Electronic,63.0,0,0,2,0.2061726,0.91182363,0,0,adulto
ICB_03730_002,ICB_175,copd,3M Littmann 3200 Electronic,63.0,0,1,2,0.19126263,0.96529007,2,2,adulto
ICB_03730_003,ICB_175,copd,3M Littmann 3200 Electronic,63.0,1,1,2,0.35892755,0.89762825,0,3,adulto
ICB_03731_000,ICB_175,copd,3M Littmann 3200 Electronic,63.0,0,0,2,0.37970692,0.5595695,0,0,adulto
ICB_03731_001,ICB_175,copd,3M Littmann 3200 Electronic,63.0,1,1,2,0.32977423,0.87049204,0,3,adulto
ICB_03731_002,ICB_175,copd,3M Littmann 3200 Electronic,63.0,0,1,2,0.43363985,0.9071538,0,2,adulto
ICB_03731_003,ICB_175,copd,3M Littmann 3200 Electronic,63.0,0,1,2,0.3361846,0.9543333,2,2,adulto
ICB_03732_000,ICB_175,copd,3M Littmann 3200 Electronic,63.0,0,1,2,0.2713467,0.70481604,0,2,adulto
ICB_03732_001,ICB_175,copd,3M Littmann 3200 Electronic,63.0,0,1,2,0.13894334,0.9575243,2,2,adulto
ICB_03732_002,ICB_175,copd,3M Littmann 3200 Electronic,63.0,0,1,2,0.09830123,0.97588044,2,2,adulto
ICB_03732_003,ICB_175,copd,3M Littmann 3200 Electronic,63.0,0,1,2,0.14776045,0.9706158,2,2,adulto
ICB_03733_000,ICB_175,copd,3M Littmann 3200 Electronic,63.0,0,0,2,0.33674923,0.71803087,0,0,adulto
ICB_03733_001,ICB_175,copd,3M Littmann 3200 Electronic,63.0,0,1,2,0.40249312,0.8761975,0,2,adulto
ICB_03733_002,ICB_175,copd,3M Littmann 3200 Electronic,63.0,0,1,2,0.15807681,0.98149556,2,2,adulto
ICB_03733_003,ICB_175,copd,3M Littmann 3200 Electronic,63.0,0,1,2,0.33450362,0.9906198,2,2,adulto
ICB_03796_000,ICB_179,normal_lung,3M Littmann Classic II SE,10.0,1,0,2,0.6088459,0.4667568,0,1,pediátrico (<18)
ICB_03796_001,ICB_179,normal_lung,3M Littmann Classic II SE,10.0,1,1,2,0.6367954,0.5580511,0,3,pediátrico (<18)
ICB_03796_002,ICB_179,normal_lung,3M Littmann Classic II SE,10.0,1,0,2,0.6512494,0.4845152,0,1,pediátrico (<18)
ICB_03796_003,ICB_179,normal_lung,3M Littmann Classic II SE,10.0,0,0,2,0.4889424,0.51016074,0,0,pediátrico (<18)
ICB_03796_004,ICB_179,normal_lung,3M Littmann Classic II SE,10.0,0,0,2,0.53745484,0.3867719,0,0,pediátrico (<18)
ICB_03796_005,ICB_179,normal_lung,3M Littmann Classic II SE,10.0,0,0,2,0.50894815,0.46700743,0,0,pediátrico (<18)
ICB_03796_006,ICB_179,normal_lung,3M Littmann Classic II SE,10.0,0,0,2,0.5176929,0.44938183,0,0,pediátrico (<18)
ICB_03796_007,ICB_179,normal_lung,3M Littmann Classic II SE,10.0,0,0,2,0.6169372,0.42238498,0,0,pediátrico (<18)
ICB_03797_000,ICB_179,normal_lung,3M Littmann Classic II SE,10.0,0,0,2,0.27908087,0.27985027,0,0,pediátrico (<18)
ICB_03797_001,ICB_179,normal_lung,3M Littmann Classic II SE,10.0,0,0,2,0.24910477,0.40398735,0,0,pediátrico (<18)
ICB_03797_002,ICB_179,normal_lung,3M Littmann Classic II SE,10.0,1,0,2,0.41405672,0.3503885,0,1,pediátrico (<18)
ICB_03797_003,ICB_179,normal_lung,3M Littmann Classic II SE,10.0,0,0,2,0.2384154,0.31722915,0,0,pediátrico (<18)
ICB_03797_004,ICB_179,normal_lung,3M Littmann Classic II SE,10.0,0,1,2,0.28734583,0.29236746,0,2,pediátrico (<18)
ICB_03797_005,ICB_179,normal_lung,3M Littmann Classic II SE,10.0,1,0,2,0.26953548,0.34351468,0,1,pediátrico (<18)
ICB_03797_006,ICB_179,normal_lung,3M Littmann Classic II SE,10.0,0,0,2,0.27666998,0.2914746,0,0,pediátrico (<18)
ICB_03841_000,ICB_187,normal_lung,AKG C417L Microphone,0.5,0,0,2,0.45141214,0.40292987,0,0,pediátrico (<18)
ICB_03841_001,ICB_187,normal_lung,AKG C417L Microphone,0.5,0,0,2,0.4516113,0.44117358,0,0,pediátrico (<18)
ICB_03841_002,ICB_187,normal_lung,AKG C417L Microphone,0.5,0,0,2,0.53635806,0.45595673,0,0,pediátrico (<18)
ICB_03841_003,ICB_187,normal_lung,AKG C417L Microphone,0.5,0,0,2,0.4521717,0.41383713,0,0,pediátrico (<18)
ICB_03841_004,ICB_187,normal_lung,AKG C417L Microphone,0.5,0,0,2,0.41574457,0.42364714,0,0,pediátrico (<18)
ICB_03841_005,ICB_187,normal_lung,AKG C417L Microphone,0.5,0,0,2,0.39531913,0.43886212,0,0,pediátrico (<18)
ICB_03841_006,ICB_187,normal_lung,AKG C417L Microphone,0.5,0,0,2,0.42857954,0.47457078,0,0,pediátrico (<18)
ICB_03841_007,ICB_187,normal_lung,AKG C417L Microphone,0.5,0,0,2,0.45320114,0.44945142,0,0,pediátrico (<18)
ICB_03841_008,ICB_187,normal_lung,AKG C417L Microphone,0.5,0,0,2,0.46989733,0.482677,0,0,pediátrico (<18)
ICB_03841_009,ICB_187,normal_lung,AKG C417L Microphone,0.5,0,0,2,0.46175689,0.47553167,0,0,pediátrico (<18)
ICB_03841_010,ICB_187,normal_lung,AKG C417L Microphone,0.5,0,0,2,0.4508868,0.40843827,0,0,pediátrico (<18)
ICB_03841_011,ICB_187,normal_lung,AKG C417L Microphone,0.5,0,0,2,0.4867781,0.2969694,0,0,pediátrico (<18)
ICB_03841_012,ICB_187,normal_lung,AKG C417L Microphone,0.5,0,0,2,0.5079451,0.3403793,0,0,pediátrico (<18)
ICB_03841_013,ICB_187,normal_lung,AKG C417L Microphone,0.5,0,0,2,0.49661866,0.3535744,0,0,pediátrico (<18)
ICB_03841_014,ICB_187,normal_lung,AKG C417L Microphone,0.5,0,0,2,0.4513257,0.3639686,0,0,pediátrico (<18)
ICB_03841_015,ICB_187,normal_lung,AKG C417L Microphone,0.5,0,0,2,0.48267636,0.3529982,0,0,pediátrico (<18)
ICB_03841_016,ICB_187,normal_lung,AKG C417L Microphone,0.5,0,0,2,0.5601538,0.25856304,0,0,pediátrico (<18)
ICB_03848_000,ICB_191,pneumonia,3M Littmann Classic II SE,74.0,0,0,2,0.76590806,0.58108467,0,0,adulto
ICB_03848_001,ICB_191,pneumonia,3M Littmann Classic II SE,74.0,0,0,2,0.77125007,0.71661276,0,0,adulto
ICB_03848_002,ICB_191,pneumonia,3M Littmann Classic II SE,74.0,0,0,2,0.7552006,0.6014008,0,0,adulto
ICB_03848_003,ICB_191,pneumonia,3M Littmann Classic II SE,74.0,0,0,2,0.7602199,0.7200255,0,0,adulto
ICB_03848_004,ICB_191,pneumonia,3M Littmann Classic II SE,74.0,0,0,2,0.7697528,0.59013224,0,0,adulto
ICB_03848_005,ICB_191,pneumonia,3M Littmann Classic II SE,74.0,0,0,2,0.7748725,0.56213623,0,0,adulto
ICB_03848_006,ICB_191,pneumonia,3M Littmann Classic II SE,74.0,0,0,2,0.77717465,0.6374854,0,0,adulto
ICB_03848_007,ICB_191,pneumonia,3M Littmann Classic II SE,74.0,0,0,2,0.45483384,0.56242067,0,0,adulto
ICB_03849_000,ICB_191,pneumonia,3M Littmann Classic II SE,74.0,0,0,2,0.7815002,0.47834402,0,0,adulto
ICB_03849_001,ICB_191,pneumonia,3M Littmann Classic II SE,74.0,0,0,2,0.7532275,0.51448727,0,0,adulto
ICB_03849_002,ICB_191,pneumonia,3M Littmann Classic II SE,74.0,0,0,2,0.7054504,0.41229397,0,0,adulto
ICB_03849_003,ICB_191,pneumonia,3M Littmann Classic II SE,74.0,0,0,2,0.78757197,0.43412378,0,0,adulto
ICB_03849_004,ICB_191,pneumonia,3M Littmann Classic II SE,74.0,0,0,2,0.7026722,0.39284045,0,0,adulto
ICB_03849_005,ICB_191,pneumonia,3M Littmann Classic II SE,74.0,0,0,2,0.73801684,0.43722034,0,0,adulto
ICB_03849_006,ICB_191,pneumonia,3M Littmann Classic II SE,74.0,0,0,2,0.80185604,0.5250175,0,0,adulto
ICB_03849_007,ICB_191,pneumonia,3M Littmann Classic II SE,74.0,0,0,2,0.45003814,0.4531186,0,0,adulto
ICB_03850_000,ICB_191,pneumonia,3M Littmann Classic II SE,74.0,0,0,2,0.56750107,0.3999125,0,0,adulto
ICB_03850_001,ICB_191,pneumonia,3M Littmann Classic II SE,74.0,0,0,2,0.4738805,0.34189594,0,0,adulto
ICB_03850_002,ICB_191,pneumonia,3M Littmann Classic II SE,74.0,0,0,2,0.49780196,0.37920097,0,0,adulto
ICB_03850_003,ICB_191,pneumonia,3M Littmann Classic II SE,74.0,0,0,2,0.46759441,0.3752413,0,0,adulto
ICB_03850_004,ICB_191,pneumonia,3M Littmann Classic II SE,74.0,0,0,2,0.63826305,0.3303746,0,0,adulto
ICB_03850_005,ICB_191,pneumonia,3M Littmann Classic II SE,74.0,0,0,2,0.56849843,0.34286332,0,0,adulto
ICB_03850_006,ICB_191,pneumonia,3M Littmann Classic II SE,74.0,0,0,2,0.51435393,0.3466714,0,0,adulto
ICB_03850_007,ICB_191,pneumonia,3M Littmann Classic II SE,74.0,0,0,2,0.42891452,0.40437087,0,0,adulto
ICB_03882_000,ICB_198,copd,AKG C417L Microphone,71.0,0,1,2,0.404891,0.75007397,0,2,adulto
ICB_03882_001,ICB_198,copd,AKG C417L Microphone,71.0,0,1,2,0.421216,0.59533525,0,2,adulto
ICB_03882_002,ICB_198,copd,AKG C417L Microphone,71.0,0,1,2,0.4700892,0.44692162,0,2,adulto
ICB_03882_003,ICB_198,copd,AKG C417L Microphone,71.0,0,1,2,0.44210798,0.5145052,0,2,adulto
ICB_03882_004,ICB_198,copd,AKG C417L Microphone,71.0,0,1,2,0.567918,0.4121152,0,2,adulto
ICB_03882_005,ICB_198,copd,AKG C417L Microphone,71.0,0,1,2,0.49190342,0.37837088,0,2,adulto
ICB_03882_006,ICB_198,copd,AKG C417L Microphone,71.0,0,0,2,0.42614734,0.37655997,0,0,adulto
ICB_03883_000,ICB_198,copd,AKG C417L Microphone,71.0,0,1,2,0.3291623,0.8413961,0,2,adulto
ICB_03883_001,ICB_198,copd,AKG C417L Microphone,71.0,0,1,2,0.45247632,0.7345076,0,2,adulto
ICB_03883_002,ICB_198,copd,AKG C417L Microphone,71.0,0,1,2,0.52319086,0.66151625,0,2,adulto
ICB_03883_003,ICB_198,copd,AKG C417L Microphone,71.0,0,1,2,0.49127862,0.5668433,0,2,adulto
ICB_03883_004,ICB_198,copd,AKG C417L Microphone,71.0,0,1,2,0.5942653,0.5672657,0,2,adulto
ICB_03883_005,ICB_198,copd,AKG C417L Microphone,71.0,0,1,2,0.5304355,0.5883323,0,2,adulto
ICB_03883_006,ICB_198,copd,AKG C417L Microphone,71.0,0,0,2,0.45225102,0.42150176,0,0,adulto
ICB_03884_000,ICB_198,copd,AKG C417L Microphone,71.0,0,0,2,0.47486952,0.69103724,0,0,adulto
ICB_03884_001,ICB_198,copd,AKG C417L Microphone,71.0,0,1,2,0.62332463,0.37783173,0,2,adulto
ICB_03884_002,ICB_198,copd,AKG C417L Microphone,71.0,0,1,2,0.5428153,0.45023426,0,2,adulto
ICB_03884_003,ICB_198,copd,AKG C417L Microphone,71.0,0,1,2,0.50210494,0.41743588,0,2,adulto
ICB_03884_004,ICB_198,copd,AKG C417L Microphone,71.0,0,1,2,0.5467194,0.47145087,0,2,adulto
ICB_03884_005,ICB_198,copd,AKG C417L Microphone,71.0,0,1,2,0.40233228,0.57246387,0,2,adulto
ICB_03884_006,ICB_198,copd,AKG C417L Microphone,71.0,0,0,2,0.39523995,0.50202733,0,0,adulto
ICB_03885_000,ICB_198,copd,AKG C417L Microphone,71.0,0,1,2,0.36738214,0.77366096,0,2,adulto
ICB_03885_001,ICB_198,copd,AKG C417L Microphone,71.0,0,1,2,0.4280144,0.561447,0,2,adulto
ICB_03885_002,ICB_198,copd,AKG C417L Microphone,71.0,0,1,2,0.43828005,0.45331466,0,2,adulto
ICB_03885_003,ICB_198,copd,AKG C417L Microphone,71.0,0,1,2,0.474665,0.41760415,0,2,adulto
ICB_03885_004,ICB_198,copd,AKG C417L Microphone,71.0,0,1,2,0.50157183,0.41330788,0,2,adulto
ICB_03885_005,ICB_198,copd,AKG C417L Microphone,71.0,0,1,2,0.41253123,0.56632227,0,2,adulto
ICB_03885_006,ICB_198,copd,AKG C417L Microphone,71.0,0,0,2,0.3835072,0.5581434,0,0,adulto
ICB_03886_000,ICB_198,copd,AKG C417L Microphone,71.0,0,1,2,0.4348691,0.5477809,0,2,adulto
ICB_03886_001,ICB_198,copd,AKG C417L Microphone,71.0,0,1,2,0.565555,0.44817758,0,2,adulto
ICB_03886_002,ICB_198,copd,AKG C417L Microphone,71.0,0,1,2,0.59025156,0.34862378,0,2,adulto
ICB_03886_003,ICB_198,copd,AKG C417L Microphone,71.0,0,1,2,0.64398956,0.31117535,0,2,adulto
ICB_03886_004,ICB_198,copd,AKG C417L Microphone,71.0,0,1,2,0.6269945,0.38414386,0,2,adulto
ICB_03886_005,ICB_198,copd,AKG C417L Microphone,71.0,0,1,2,0.5165121,0.45895305,0,2,adulto
ICB_03886_006,ICB_198,copd,AKG C417L Microphone,71.0,0,0,2,0.47436586,0.4590574,0,0,adulto
ICB_03887_000,ICB_198,copd,AKG C417L Microphone,71.0,0,1,2,0.30467582,0.72385997,0,2,adulto
ICB_03887_001,ICB_198,copd,AKG C417L Microphone,71.0,0,1,2,0.32418883,0.74549633,0,2,adulto
ICB_03887_002,ICB_198,copd,AKG C417L Microphone,71.0,0,1,2,0.35497892,0.6234214,0,2,adulto
ICB_03887_003,ICB_198,copd,AKG C417L Microphone,71.0,0,1,2,0.39919436,0.61806005,0,2,adulto
ICB_03887_004,ICB_198,copd,AKG C417L Microphone,71.0,0,1,2,0.45474622,0.613447,0,2,adulto
ICB_03887_005,ICB_198,copd,AKG C417L Microphone,71.0,0,1,2,0.32824314,0.64910114,0,2,adulto
ICB_03887_006,ICB_198,copd,AKG C417L Microphone,71.0,0,0,2,0.3523036,0.7014908,0,0,adulto
ICB_03888_000,ICB_198,copd,AKG C417L Microphone,71.0,0,1,2,0.21267614,0.7173917,0,2,adulto
ICB_03888_001,ICB_198,copd,AKG C417L Microphone,71.0,0,1,2,0.1584112,0.79837435,0,2,adulto
ICB_03888_002,ICB_198,copd,AKG C417L Microphone,71.0,0,1,2,0.18217948,0.7531058,0,2,adulto
ICB_03888_003,ICB_198,copd,AKG C417L Microphone,71.0,0,1,2,0.20188956,0.7030381,0,2,adulto
ICB_03888_004,ICB_198,copd,AKG C417L Microphone,71.0,0,1,2,0.3217317,0.53240603,0,2,adulto
ICB_03888_005,ICB_198,copd,AKG C417L Microphone,71.0,0,1,2,0.2431312,0.64572614,0,2,adulto
ICB_03888_006,ICB_198,copd,AKG C417L Microphone,71.0,0,0,2,0.40630424,0.44363204,0,0,adulto
ICB_03889_000,ICB_198,copd,AKG C417L Microphone,71.0,0,0,2,0.57974994,0.4182325,0,0,adulto
ICB_03889_001,ICB_198,copd,AKG C417L Microphone,71.0,0,0,2,0.69088364,0.46177757,0,0,adulto
ICB_03889_002,ICB_198,copd,AKG C417L Microphone,71.0,0,0,2,0.63212436,0.48976254,0,0,adulto
ICB_03889_003,ICB_198,copd,AKG C417L Microphone,71.0,0,0,2,0.72726834,0.51336575,0,0,adulto
ICB_03889_004,ICB_198,copd,AKG C417L Microphone,71.0,0,0,2,0.5629688,0.5047439,0,0,adulto
ICB_03889_005,ICB_198,copd,AKG C417L Microphone,71.0,0,0,2,0.6460692,0.5211149,0,0,adulto
ICB_03889_006,ICB_198,copd,AKG C417L Microphone,71.0,0,0,2,0.48572826,0.4667568,0,0,adulto
ICB_03890_000,ICB_198,copd,AKG C417L Microphone,71.0,1,0,2,0.6390671,0.29724014,0,1,adulto
ICB_03890_001,ICB_198,copd,AKG C417L Microphone,71.0,1,0,2,0.59836394,0.4156723,0,1,adulto
ICB_03890_002,ICB_198,copd,AKG C417L Microphone,71.0,1,0,2,0.67129713,0.34188524,0,1,adulto
ICB_03890_003,ICB_198,copd,AKG C417L Microphone,71.0,1,0,2,0.68262726,0.4703507,0,1,adulto
ICB_03890_004,ICB_198,copd,AKG C417L Microphone,71.0,1,0,2,0.74700385,0.35728595,0,1,adulto
ICB_03890_005,ICB_198,copd,AKG C417L Microphone,71.0,1,0,2,0.6860554,0.404543,0,1,adulto
ICB_03891_000,ICB_198,copd,AKG C417L Microphone,71.0,0,0,2,0.568763,0.42310733,0,0,adulto
ICB_03891_001,ICB_198,copd,AKG C417L Microphone,71.0,1,0,2,0.6723019,0.35732797,0,1,adulto
ICB_03891_002,ICB_198,copd,AKG C417L Microphone,71.0,0,0,2,0.6075137,0.37410095,0,0,adulto
ICB_03891_003,ICB_198,copd,AKG C417L Microphone,71.0,0,0,2,0.6024881,0.41563928,0,0,adulto
ICB_03891_004,ICB_198,copd,AKG C417L Microphone,71.0,0,0,2,0.64227384,0.39938778,0,0,adulto
ICB_03891_005,ICB_198,copd,AKG C417L Microphone,71.0,0,0,2,0.6339127,0.37202874,0,0,adulto
ICB_03891_006,ICB_198,copd,AKG C417L Microphone,71.0,0,0,2,0.6869227,0.3531434,0,0,adulto
ICB_03892_000,ICB_198,copd,AKG C417L Microphone,71.0,1,0,2,0.54657567,0.46168497,0,1,adulto
ICB_03892_001,ICB_198,copd,AKG C417L Microphone,71.0,1,0,2,0.70845,0.51222676,0,1,adulto
ICB_03892_002,ICB_198,copd,AKG C417L Microphone,71.0,1,0,2,0.68203014,0.5598248,0,1,adulto
ICB_03892_003,ICB_198,copd,AKG C417L Microphone,71.0,1,0,2,0.76069415,0.6069683,0,1,adulto
ICB_03892_004,ICB_198,copd,AKG C417L Microphone,71.0,1,0,2,0.7200874,0.41823104,0,1,adulto
ICB_03892_005,ICB_198,copd,AKG C417L Microphone,71.0,1,0,2,0.765642,0.556707,0,1,adulto
ICB_03892_006,ICB_198,copd,AKG C417L Microphone,71.0,1,0,2,0.6419353,0.49084714,0,1,adulto
ICB_03893_000,ICB_198,copd,AKG C417L Microphone,71.0,1,0,2,0.6353012,0.45155308,0,1,adulto
ICB_03893_001,ICB_198,copd,AKG C417L Microphone,71.0,1,0,2,0.71254474,0.3959071,0,1,adulto
ICB_03893_002,ICB_198,copd,AKG C417L Microphone,71.0,1,0,2,0.7297552,0.41932377,0,1,adulto
ICB_03893_003,ICB_198,copd,AKG C417L Microphone,71.0,1,0,2,0.7065348,0.44334748,0,1,adulto
ICB_03893_004,ICB_198,copd,AKG C417L Microphone,71.0,1,0,2,0.7455149,0.45049673,0,1,adulto
ICB_03893_005,ICB_198,copd,AKG C417L Microphone,71.0,0,0,2,0.7188196,0.4891877,0,0,adulto
ICB_03893_006,ICB_198,copd,AKG C417L Microphone,71.0,1,0,2,0.7462681,0.35790533,0,1,adulto
ICB_03894_000,ICB_198,copd,AKG C417L Microphone,71.0,1,0,2,0.58725834,0.44678918,0,1,adulto
ICB_03894_001,ICB_198,copd,AKG C417L Microphone,71.0,1,0,2,0.83088046,0.4216352,0,1,adulto
ICB_03894_002,ICB_198,copd,AKG C417L Microphone,71.0,1,0,2,0.8234244,0.48856682,0,1,adulto
ICB_03894_003,ICB_198,copd,AKG C417L Microphone,71.0,0,0,2,0.7718127,0.4914725,0,0,adulto
ICB_03894_004,ICB_198,copd,AKG C417L Microphone,71.0,1,0,2,0.8433295,0.47732604,0,1,adulto
ICB_03894_005,ICB_198,copd,AKG C417L Microphone,71.0,1,0,2,0.7695794,0.5550999,0,1,adulto
ICB_03894_006,ICB_198,copd,AKG C417L Microphone,71.0,0,0,2,0.81287503,0.5470766,0,0,adulto
ICB_03895_000,ICB_198,copd,AKG C417L Microphone,71.0,0,0,2,0.427518,0.42708892,0,0,adulto
ICB_03895_001,ICB_198,copd,AKG C417L Microphone,71.0,1,0,2,0.38851163,0.4051767,0,1,adulto
ICB_03895_002,ICB_198,copd,AKG C417L Microphone,71.0,1,0,2,0.42186868,0.3756784,0,1,adulto
ICB_03895_003,ICB_198,copd,AKG C417L Microphone,71.0,1,0,2,0.4111796,0.3607919,0,1,adulto
ICB_03895_004,ICB_198,copd,AKG C417L Microphone,71.0,0,0,2,0.39693287,0.40251577,0,0,adulto
ICB_03895_005,ICB_198,copd,AKG C417L Microphone,71.0,0,0,2,0.3492745,0.44974312,0,0,adulto
ICB_03895_006,ICB_198,copd,AKG C417L Microphone,71.0,0,0,2,0.51607245,0.4329001,0,0,adulto
ICB_03895_007,ICB_198,copd,AKG C417L Microphone,71.0,0,0,2,0.4138154,0.44331732,0,0,adulto
ICB_03949_000,ICB_204,copd,AKG C417L Microphone,66.0,0,0,2,0.45492858,0.4436143,0,0,adulto
ICB_03949_001,ICB_204,copd,AKG C417L Microphone,66.0,0,1,2,0.47512534,0.8622246,0,2,adulto
ICB_03949_002,ICB_204,copd,AKG C417L Microphone,66.0,0,1,2,0.5690884,0.68869656,0,2,adulto
ICB_03949_003,ICB_204,copd,AKG C417L Microphone,66.0,0,1,2,0.68292665,0.623173,0,2,adulto
ICB_03949_004,ICB_204,copd,AKG C417L Microphone,66.0,0,0,2,0.7286318,0.6710754,0,0,adulto
ICB_03949_005,ICB_204,copd,AKG C417L Microphone,66.0,0,1,2,0.601644,0.5965238,0,2,adulto
ICB_03949_006,ICB_204,copd,AKG C417L Microphone,66.0,0,0,2,0.50499,0.34050363,0,0,adulto
ICB_03950_000,ICB_204,copd,AKG C417L Microphone,66.0,0,0,2,0.48756224,0.49125716,0,0,adulto
ICB_03950_001,ICB_204,copd,AKG C417L Microphone,66.0,0,1,2,0.20625892,0.960359,2,2,adulto
ICB_03950_002,ICB_204,copd,AKG C417L Microphone,66.0,0,1,2,0.2600836,0.8539011,0,2,adulto
ICB_03950_003,ICB_204,copd,AKG C417L Microphone,66.0,0,0,2,0.28316122,0.99734604,2,0,adulto
ICB_03950_004,ICB_204,copd,AKG C417L Microphone,66.0,0,0,2,0.20674607,0.9905674,2,0,adulto
ICB_03950_005,ICB_204,copd,AKG C417L Microphone,66.0,0,0,2,0.23082899,0.98846334,2,0,adulto
ICB_03950_006,ICB_204,copd,AKG C417L Microphone,66.0,0,0,2,0.3199125,0.9010007,0,0,adulto
ICB_03951_000,ICB_204,copd,AKG C417L Microphone,66.0,0,0,2,0.5108675,0.52253574,0,0,adulto
ICB_03951_001,ICB_204,copd,AKG C417L Microphone,66.0,0,0,2,0.6557542,0.7457296,0,0,adulto
ICB_03951_002,ICB_204,copd,AKG C417L Microphone,66.0,0,0,2,0.58541924,0.441283,0,0,adulto
ICB_03951_003,ICB_204,copd,AKG C417L Microphone,66.0,0,0,2,0.775186,0.76402825,0,0,adulto
ICB_03951_004,ICB_204,copd,AKG C417L Microphone,66.0,0,0,2,0.7871229,0.67575294,0,0,adulto
ICB_03951_005,ICB_204,copd,AKG C417L Microphone,66.0,0,0,2,0.79967237,0.5506809,0,0,adulto
ICB_03951_006,ICB_204,copd,AKG C417L Microphone,66.0,0,0,2,0.46745348,0.46426123,0,0,adulto
ICB_03952_000,ICB_204,copd,AKG C417L Microphone,66.0,0,0,2,0.17757154,0.6567949,0,0,adulto
ICB_03952_001,ICB_204,copd,AKG C417L Microphone,66.0,0,0,2,0.22953127,0.69367516,0,0,adulto
ICB_03952_002,ICB_204,copd,AKG C417L Microphone,66.0,0,0,2,0.23261447,0.620607,0,0,adulto
ICB_03952_003,ICB_204,copd,AKG C417L Microphone,66.0,0,0,2,0.20290062,0.74817896,0,0,adulto
ICB_03952_004,ICB_204,copd,AKG C417L Microphone,66.0,0,0,2,0.2997934,0.6281958,0,0,adulto
ICB_03952_005,ICB_204,copd,AKG C417L Microphone,66.0,0,0,2,0.25547615,0.56893134,0,0,adulto
ICB_03952_006,ICB_204,copd,AKG C417L Microphone,66.0,0,0,2,0.28983518,0.58988476,0,0,adulto
ICB_03953_000,ICB_204,copd,AKG C417L Microphone,66.0,0,0,2,0.15898402,0.7495149,0,0,adulto
ICB_03953_001,ICB_204,copd,AKG C417L Microphone,66.0,0,0,2,0.19236174,0.7326412,0,0,adulto
ICB_03953_002,ICB_204,copd,AKG C417L Microphone,66.0,0,0,2,0.21197158,0.7171291,0,0,adulto
ICB_03953_003,ICB_204,copd,AKG C417L Microphone,66.0,0,0,2,0.17495908,0.8859692,0,0,adulto
ICB_03953_004,ICB_204,copd,AKG C417L Microphone,66.0,0,0,2,0.2771221,0.62175417,0,0,adulto
ICB_03953_005,ICB_204,copd,AKG C417L Microphone,66.0,0,0,2,0.26377437,0.6668944,0,0,adulto
ICB_03953_006,ICB_204,copd,AKG C417L Microphone,66.0,0,0,2,0.2637842,0.67738384,0,0,adulto
ICB_03954_000,ICB_204,copd,AKG C417L Microphone,66.0,0,0,2,0.6231595,0.6103089,0,0,adulto
ICB_03954_001,ICB_204,copd,AKG C417L Microphone,66.0,0,0,2,0.64529055,0.5522747,0,0,adulto
ICB_03954_002,ICB_204,copd,AKG C417L Microphone,66.0,0,0,2,0.5702525,0.61297864,0,0,adulto
ICB_03954_003,ICB_204,copd,AKG C417L Microphone,66.0,0,0,2,0.5727127,0.6911374,0,0,adulto
ICB_03954_004,ICB_204,copd,AKG C417L Microphone,66.0,0,0,2,0.610783,0.57719076,0,0,adulto
ICB_03954_005,ICB_204,copd,AKG C417L Microphone,66.0,0,0,2,0.58379537,0.5297715,0,0,adulto
ICB_03954_006,ICB_204,copd,AKG C417L Microphone,66.0,0,0,2,0.48035052,0.5999306,0,0,adulto
ICB_03955_000,ICB_204,copd,AKG C417L Microphone,66.0,0,0,2,0.4396098,0.41278964,0,0,adulto
ICB_03955_001,ICB_204,copd,AKG C417L Microphone,66.0,0,0,2,0.40389204,0.3650444,0,0,adulto
ICB_03955_002,ICB_204,copd,AKG C417L Microphone,66.0,0,0,2,0.37473637,0.28247717,0,0,adulto
ICB_03955_003,ICB_204,copd,AKG C417L Microphone,66.0,0,0,2,0.41814202,0.3606034,0,0,adulto
ICB_03955_004,ICB_204,copd,AKG C417L Microphone,66.0,0,0,2,0.42854312,0.29314646,0,0,adulto
ICB_03955_005,ICB_204,copd,AKG C417L Microphone,66.0,0,0,2,0.44894654,0.36956924,0,0,adulto
ICB_03955_006,ICB_204,copd,AKG C417L Microphone,66.0,0,0,2,0.3742115,0.44788316,0,0,adulto
ICB_03956_000,ICB_204,copd,AKG C417L Microphone,66.0,0,0,2,0.7351224,0.8359555,0,0,adulto
ICB_03956_001,ICB_204,copd,AKG C417L Microphone,66.0,0,0,2,0.6608474,0.6243494,0,0,adulto
ICB_03956_002,ICB_204,copd,AKG C417L Microphone,66.0,0,0,2,0.68155533,0.6135709,0,0,adulto
ICB_03956_003,ICB_204,copd,AKG C417L Microphone,66.0,0,0,2,0.64036036,0.7006854,0,0,adulto
ICB_03956_004,ICB_204,copd,AKG C417L Microphone,66.0,0,0,2,0.5858211,0.59871536,0,0,adulto
ICB_03956_005,ICB_204,copd,AKG C417L Microphone,66.0,0,0,2,0.65410966,0.7460708,0,0,adulto
ICB_03956_006,ICB_204,copd,AKG C417L Microphone,66.0,0,0,2,0.5321233,0.6247911,0,0,adulto
ICB_03957_000,ICB_204,copd,AKG C417L Microphone,66.0,0,0,2,0.17273691,0.7638121,0,0,adulto
ICB_03957_001,ICB_204,copd,AKG C417L Microphone,66.0,0,0,2,0.19562824,0.7752902,0,0,adulto
ICB_03957_002,ICB_204,copd,AKG C417L Microphone,66.0,0,0,2,0.20324115,0.73370224,0,0,adulto
ICB_03957_003,ICB_204,copd,AKG C417L Microphone,66.0,0,0,2,0.17393015,0.85584337,0,0,adulto
ICB_03957_004,ICB_204,copd,AKG C417L Microphone,66.0,0,0,2,0.23403959,0.7145719,0,0,adulto
ICB_03957_005,ICB_204,copd,AKG C417L Microphone,66.0,0,0,2,0.19702816,0.79932857,0,0,adulto
ICB_03957_006,ICB_204,copd,AKG C417L Microphone,66.0,0,0,2,0.28985107,0.6631681,0,0,adulto
ICB_04002_000,ICB_208,normal_lung,3M Littmann Classic II SE,5.0,0,0,2,0.5619322,0.4164262,0,0,pediátrico (<18)
ICB_04002_001,ICB_208,normal_lung,3M Littmann Classic II SE,5.0,0,0,2,0.6494047,0.4190096,0,0,pediátrico (<18)
ICB_04002_002,ICB_208,normal_lung,3M Littmann Classic II SE,5.0,0,0,2,0.50985575,0.4678362,0,0,pediátrico (<18)
ICB_04002_003,ICB_208,normal_lung,3M Littmann Classic II SE,5.0,0,0,2,0.5064186,0.45059544,0,0,pediátrico (<18)
ICB_04002_004,ICB_208,normal_lung,3M Littmann Classic II SE,5.0,0,0,2,0.49136767,0.42288485,0,0,pediátrico (<18)
ICB_04002_005,ICB_208,normal_lung,3M Littmann Classic II SE,5.0,0,0,2,0.39066678,0.41641036,0,0,pediátrico (<18)
ICB_04002_006,ICB_208,normal_lung,3M Littmann Classic II SE,5.0,0,0,2,0.4830024,0.42056552,0,0,pediátrico (<18)
ICB_04002_007,ICB_208,normal_lung,3M Littmann Classic II SE,5.0,0,0,2,0.44044694,0.46161646,0,0,pediátrico (<18)
ICB_04002_008,ICB_208,normal_lung,3M Littmann Classic II SE,5.0,0,0,2,0.5658491,0.5161238,0,0,pediátrico (<18)
ICB_04002_009,ICB_208,normal_lung,3M Littmann Classic II SE,5.0,0,0,2,0.5048344,0.38166127,0,0,pediátrico (<18)
ICB_04002_010,ICB_208,normal_lung,3M Littmann Classic II SE,5.0,0,0,2,0.4850812,0.43646035,0,0,pediátrico (<18)
ICB_04002_011,ICB_208,normal_lung,3M Littmann Classic II SE,5.0,0,0,2,0.5387039,0.41914052,0,0,pediátrico (<18)
ICB_04002_012,ICB_208,normal_lung,3M Littmann Classic II SE,5.0,0,0,2,0.5045057,0.49349385,0,0,pediátrico (<18)
ICB_04006_000,ICB_211,copd,AKG C417L Microphone,70.0,0,0,2,0.47768864,0.3711353,0,0,adulto
ICB_04006_001,ICB_211,copd,AKG C417L Microphone,70.0,0,0,2,0.4842683,0.36432967,0,0,adulto
ICB_04006_002,ICB_211,copd,AKG C417L Microphone,70.0,0,0,2,0.4637722,0.36013892,0,0,adulto
ICB_04006_003,ICB_211,copd,AKG C417L Microphone,70.0,0,0,2,0.43856865,0.4216095,0,0,adulto
ICB_04006_004,ICB_211,copd,AKG C417L Microphone,70.0,0,0,2,0.42802516,0.46333066,0,0,adulto
ICB_04006_005,ICB_211,copd,AKG C417L Microphone,70.0,0,0,2,0.43733132,0.3910168,0,0,adulto
ICB_04006_006,ICB_211,copd,AKG C417L Microphone,70.0,0,0,2,0.42841846,0.42094636,0,0,adulto
ICB_04006_007,ICB_211,copd,AKG C417L Microphone,70.0,0,0,2,0.4279865,0.43271428,0,0,adulto
ICB_04006_008,ICB_211,copd,AKG C417L Microphone,70.0,0,0,2,0.4588566,0.3845488,0,0,adulto
ICB_04006_009,ICB_211,copd,AKG C417L Microphone,70.0,0,0,2,0.46040773,0.3768288,0,0,adulto
ICB_04006_010,ICB_211,copd,AKG C417L Microphone,70.0,0,0,2,0.40377015,0.46445298,0,0,adulto
ICB_04006_011,ICB_211,copd,AKG C417L Microphone,70.0,0,0,2,0.42197806,0.4047859,0,0,adulto
ICB_04006_012,ICB_211,copd,AKG C417L Microphone,70.0,0,0,2,0.38661474,0.43625772,0,0,adulto
ICB_04007_000,ICB_211,copd,AKG C417L Microphone,70.0,0,1,2,0.41441908,0.4132045,0,2,adulto
ICB_04007_001,ICB_211,copd,AKG C417L Microphone,70.0,1,1,2,0.4338169,0.411666,0,3,adulto
ICB_04007_002,ICB_211,copd,AKG C417L Microphone,70.0,1,1,2,0.38868693,0.3519564,0,3,adulto
ICB_04007_003,ICB_211,copd,AKG C417L Microphone,70.0,1,0,2,0.43813995,0.36227778,0,1,adulto
ICB_04007_004,ICB_211,copd,AKG C417L Microphone,70.0,1,0,2,0.4456407,0.30073276,0,1,adulto
ICB_04007_005,ICB_211,copd,AKG C417L Microphone,70.0,1,1,2,0.42840654,0.446776,0,3,adulto
ICB_04007_006,ICB_211,copd,AKG C417L Microphone,70.0,1,0,2,0.43109587,0.35344398,0,1,adulto
ICB_04007_007,ICB_211,copd,AKG C417L Microphone,70.0,0,1,2,0.43693307,0.3489698,0,2,adulto
ICB_04007_008,ICB_211,copd,AKG C417L Microphone,70.0,1,1,2,0.34434092,0.4734319,0,3,adulto
ICB_04007_009,ICB_211,copd,AKG C417L Microphone,70.0,0,1,2,0.34989062,0.38297626,0,2,adulto
ICB_04007_010,ICB_211,copd,AKG C417L Microphone,70.0,0,1,2,0.37953877,0.4944754,0,2,adulto
ICB_04007_011,ICB_211,copd,AKG C417L Microphone,70.0,1,0,2,0.40446788,0.32906362,0,1,adulto
ICB_04007_012,ICB_211,copd,AKG C417L Microphone,70.0,1,0,2,0.37641916,0.4700144,0,1,adulto
ICB_04008_000,ICB_211,copd,AKG C417L Microphone,70.0,0,0,2,0.4708476,0.3048816,0,0,adulto
ICB_04008_001,ICB_211,copd,AKG C417L Microphone,70.0,0,0,2,0.42437008,0.39321095,0,0,adulto
ICB_04008_002,ICB_211,copd,AKG C417L Microphone,70.0,0,0,2,0.42673048,0.32072446,0,0,adulto
ICB_04008_003,ICB_211,copd,AKG C417L Microphone,70.0,0,0,2,0.41976815,0.36515352,0,0,adulto
ICB_04008_004,ICB_211,copd,AKG C417L Microphone,70.0,0,0,2,0.40432227,0.35795286,0,0,adulto
ICB_04008_005,ICB_211,copd,AKG C417L Microphone,70.0,0,0,2,0.43232617,0.33982912,0,0,adulto
ICB_04008_006,ICB_211,copd,AKG C417L Microphone,70.0,0,0,2,0.41005418,0.33156335,0,0,adulto
ICB_04008_007,ICB_211,copd,AKG C417L Microphone,70.0,0,0,2,0.41613883,0.4106507,0,0,adulto
ICB_04008_008,ICB_211,copd,AKG C417L Microphone,70.0,0,0,2,0.417888,0.373923,0,0,adulto
ICB_04008_009,ICB_211,copd,AKG C417L Microphone,70.0,0,0,2,0.4143924,0.33997914,0,0,adulto
ICB_04008_010,ICB_211,copd,AKG C417L Microphone,70.0,0,0,2,0.45889622,0.32723838,0,0,adulto
ICB_04008_011,ICB_211,copd,AKG C417L Microphone,70.0,0,0,2,0.467053,0.39262414,0,0,adulto
ICB_04008_012,ICB_211,copd,AKG C417L Microphone,70.0,0,0,2,0.4398177,0.44325987,0,0,adulto
ICB_04009_000,ICB_211,copd,AKG C417L Microphone,70.0,0,0,2,0.460791,0.4242702,0,0,adulto
ICB_04009_001,ICB_211,copd,AKG C417L Microphone,70.0,0,0,2,0.44365183,0.42378744,0,0,adulto
ICB_04009_002,ICB_211,copd,AKG C417L Microphone,70.0,0,0,2,0.45883322,0.41381657,0,0,adulto
ICB_04009_003,ICB_211,copd,AKG C417L Microphone,70.0,0,0,2,0.50012577,0.42796925,0,0,adulto
ICB_04009_004,ICB_211,copd,AKG C417L Microphone,70.0,0,0,2,0.44746697,0.45928675,0,0,adulto
ICB_04009_005,ICB_211,copd,AKG C417L Microphone,70.0,0,0,2,0.4594823,0.44712505,0,0,adulto
ICB_04009_006,ICB_211,copd,AKG C417L Microphone,70.0,0,0,2,0.4652342,0.44843513,0,0,adulto
ICB_04009_007,ICB_211,copd,AKG C417L Microphone,70.0,0,0,2,0.4898046,0.40887526,0,0,adulto
ICB_04009_008,ICB_211,copd,AKG C417L Microphone,70.0,0,0,2,0.4597202,0.4597223,0,0,adulto
ICB_04009_009,ICB_211,copd,AKG C417L Microphone,70.0,0,0,2,0.44477415,0.40254942,0,0,adulto
ICB_04009_010,ICB_211,copd,AKG C417L Microphone,70.0,0,0,2,0.4569783,0.4362297,0,0,adulto
ICB_04009_011,ICB_211,copd,AKG C417L Microphone,70.0,0,0,2,0.4043929,0.46754524,0,0,adulto
ICB_04009_012,ICB_211,copd,AKG C417L Microphone,70.0,0,0,2,0.411396,0.46230125,0,0,adulto
ICB_04009_013,ICB_211,copd,AKG C417L Microphone,70.0,0,0,2,0.40187877,0.45831785,0,0,adulto
ICB_04010_000,ICB_211,copd,AKG C417L Microphone,70.0,0,0,2,0.4238431,0.41207656,0,0,adulto
ICB_04010_001,ICB_211,copd,AKG C417L Microphone,70.0,0,0,2,0.42565975,0.4068945,0,0,adulto
ICB_04010_002,ICB_211,copd,AKG C417L Microphone,70.0,0,0,2,0.45424393,0.40669143,0,0,adulto
ICB_04010_003,ICB_211,copd,AKG C417L Microphone,70.0,0,0,2,0.4399665,0.50480056,0,0,adulto
ICB_04010_004,ICB_211,copd,AKG C417L Microphone,70.0,0,0,2,0.42382237,0.45080853,0,0,adulto
ICB_04010_005,ICB_211,copd,AKG C417L Microphone,70.0,0,0,2,0.410501,0.5149118,0,0,adulto
ICB_04010_006,ICB_211,copd,AKG C417L Microphone,70.0,0,0,2,0.4184588,0.4398009,0,0,adulto
ICB_04010_007,ICB_211,copd,AKG C417L Microphone,70.0,0,0,2,0.43153808,0.493184,0,0,adulto
ICB_04010_008,ICB_211,copd,AKG C417L Microphone,70.0,0,0,2,0.46038467,0.4031926,0,0,adulto
ICB_04010_009,ICB_211,copd,AKG C417L Microphone,70.0,0,0,2,0.44589835,0.4118943,0,0,adulto
ICB_04010_010,ICB_211,copd,AKG C417L Microphone,70.0,0,0,2,0.42824033,0.4097744,0,0,adulto
ICB_04010_011,ICB_211,copd,AKG C417L Microphone,70.0,0,0,2,0.42150873,0.436694,0,0,adulto
ICB_04010_012,ICB_211,copd,AKG C417L Microphone,70.0,0,0,2,0.40786582,0.44147325,0,0,adulto
ICB_04010_013,ICB_211,copd,AKG C417L Microphone,70.0,0,0,2,0.452874,0.43283156,0,0,adulto
ICB_04011_000,ICB_211,copd,AKG C417L Microphone,70.0,0,0,2,0.37084177,0.39309388,0,0,adulto
ICB_04011_001,ICB_211,copd,AKG C417L Microphone,70.0,0,0,2,0.41471484,0.28336248,0,0,adulto
ICB_04011_002,ICB_211,copd,AKG C417L Microphone,70.0,0,0,2,0.37316728,0.46345696,0,0,adulto
ICB_04011_003,ICB_211,copd,AKG C417L Microphone,70.0,0,0,2,0.3422972,0.39687526,0,0,adulto
ICB_04011_004,ICB_211,copd,AKG C417L Microphone,70.0,0,0,2,0.39487463,0.306313,0,0,adulto
ICB_04011_005,ICB_211,copd,AKG C417L Microphone,70.0,0,0,2,0.39525414,0.42662078,0,0,adulto
ICB_04011_006,ICB_211,copd,AKG C417L Microphone,70.0,0,0,2,0.44033387,0.32810575,0,0,adulto
ICB_04011_007,ICB_211,copd,AKG C417L Microphone,70.0,0,0,2,0.4251271,0.3478693,0,0,adulto
ICB_04011_008,ICB_211,copd,AKG C417L Microphone,70.0,0,0,2,0.39263877,0.30245367,0,0,adulto
ICB_04011_009,ICB_211,copd,AKG C417L Microphone,70.0,0,0,2,0.39119354,0.40525228,0,0,adulto
ICB_04011_010,ICB_211,copd,AKG C417L Microphone,70.0,0,0,2,0.38335794,0.37999976,0,0,adulto
ICB_04011_011,ICB_211,copd,AKG C417L Microphone,70.0,0,0,2,0.4165609,0.37592185,0,0,adulto
ICB_04011_012,ICB_211,copd,AKG C417L Microphone,70.0,0,0,2,0.46162567,0.3701296,0,0,adulto
ICB_04012_000,ICB_211,copd,AKG C417L Microphone,70.0,0,0,2,0.3750428,0.37009704,0,0,adulto
ICB_04012_001,ICB_211,copd,AKG C417L Microphone,70.0,0,0,2,0.44896415,0.361526,0,0,adulto
ICB_04012_002,ICB_211,copd,AKG C417L Microphone,70.0,0,0,2,0.4306007,0.36510122,0,0,adulto
ICB_04012_003,ICB_211,copd,AKG C417L Microphone,70.0,0,0,2,0.42892176,0.40915424,0,0,adulto
ICB_04012_004,ICB_211,copd,AKG C417L Microphone,70.0,0,0,2,0.44106373,0.30677837,0,0,adulto
ICB_04012_005,ICB_211,copd,AKG C417L Microphone,70.0,0,0,2,0.38630453,0.3928833,0,0,adulto
ICB_04012_006,ICB_211,copd,AKG C417L Microphone,70.0,0,0,2,0.3861728,0.4031065,0,0,adulto
ICB_04012_007,ICB_211,copd,AKG C417L Microphone,70.0,0,0,2,0.40924925,0.40030923,0,0,adulto
ICB_04012_008,ICB_211,copd,AKG C417L Microphone,70.0,0,0,2,0.39638504,0.41755453,0,0,adulto
ICB_04012_009,ICB_211,copd,AKG C417L Microphone,70.0,0,0,2,0.36252558,0.42935842,0,0,adulto
ICB_04012_010,ICB_211,copd,AKG C417L Microphone,70.0,0,0,2,0.3637933,0.4128119,0,0,adulto
ICB_04012_011,ICB_211,copd,AKG C417L Microphone,70.0,0,0,2,0.40056422,0.37382263,0,0,adulto
ICB_04012_012,ICB_211,copd,AKG C417L Microphone,70.0,0,0,2,0.34930113,0.40192056,0,0,adulto
ICB_04012_013,ICB_211,copd,AKG C417L Microphone,70.0,0,0,2,0.37687835,0.3747384,0,0,adulto
ICB_04012_014,ICB_211,copd,AKG C417L Microphone,70.0,0,0,2,0.36187643,0.44078827,0,0,adulto
ICB_04012_015,ICB_211,copd,AKG C417L Microphone,70.0,0,0,2,0.38716093,0.4770306,0,0,adulto
ICB_04013_000,ICB_211,copd,AKG C417L Microphone,70.0,0,0,2,0.3921732,0.38189486,0,0,adulto
ICB_04013_001,ICB_211,copd,AKG C417L Microphone,70.0,0,0,2,0.38860196,0.46268737,0,0,adulto
ICB_04013_002,ICB_211,copd,AKG C417L Microphone,70.0,0,0,2,0.38318196,0.3983032,0,0,adulto
ICB_04013_003,ICB_211,copd,AKG C417L Microphone,70.0,0,0,2,0.36813828,0.40323687,0,0,adulto
ICB_04013_004,ICB_211,copd,AKG C417L Microphone,70.0,0,0,2,0.40385684,0.37181148,0,0,adulto
ICB_04013_005,ICB_211,copd,AKG C417L Microphone,70.0,0,0,2,0.401997,0.41092342,0,0,adulto
ICB_04013_006,ICB_211,copd,AKG C417L Microphone,70.0,0,0,2,0.42711565,0.38944924,0,0,adulto
ICB_04013_007,ICB_211,copd,AKG C417L Microphone,70.0,0,0,2,0.38138247,0.35407567,0,0,adulto
ICB_04013_008,ICB_211,copd,AKG C417L Microphone,70.0,0,0,2,0.519357,0.38223746,0,0,adulto
ICB_04013_009,ICB_211,copd,AKG C417L Microphone,70.0,0,0,2,0.39200795,0.44012204,0,0,adulto
ICB_04013_010,ICB_211,copd,AKG C417L Microphone,70.0,0,0,2,0.41727778,0.42509687,0,0,adulto
ICB_04013_011,ICB_211,copd,AKG C417L Microphone,70.0,0,0,2,0.39155415,0.4051051,0,0,adulto
ICB_04013_012,ICB_211,copd,AKG C417L Microphone,70.0,0,0,2,0.40114895,0.44152677,0,0,adulto
ICB_04013_013,ICB_211,copd,AKG C417L Microphone,70.0,0,0,2,0.3817158,0.4189203,0,0,adulto
ICB_04013_014,ICB_211,copd,AKG C417L Microphone,70.0,0,0,2,0.40939558,0.44996503,0,0,adulto
ICB_04014_000,ICB_212,copd,3M Littmann Classic II SE,83.0,0,0,2,0.5425908,0.36730468,0,0,adulto
ICB_04014_001,ICB_212,copd,3M Littmann Classic II SE,83.0,1,0,2,0.40963092,0.38611394,0,1,adulto
ICB_04014_002,ICB_212,copd,3M Littmann Classic II SE,83.0,0,0,2,0.40934324,0.4595009,0,0,adulto
ICB_04014_003,ICB_212,copd,3M Littmann Classic II SE,83.0,1,0,2,0.46579975,0.36532938,0,1,adulto
ICB_04014_004,ICB_212,copd,3M Littmann Classic II SE,83.0,0,0,2,0.3536742,0.43792182,0,0,adulto
ICB_04014_005,ICB_212,copd,3M Littmann Classic II SE,83.0,0,0,2,0.45141074,0.32859984,0,0,adulto
ICB_04014_006,ICB_212,copd,3M Littmann Classic II SE,83.0,0,0,2,0.37725034,0.3758392,0,0,adulto
ICB_04077_000,ICB_224,normal_lung,AKG C417L Microphone,10.0,0,0,2,0.7174707,0.39074203,0,0,pediátrico (<18)
ICB_04077_001,ICB_224,normal_lung,AKG C417L Microphone,10.0,0,0,2,0.69237936,0.34557176,0,0,pediátrico (<18)
ICB_04077_002,ICB_224,normal_lung,AKG C417L Microphone,10.0,0,0,2,0.69320613,0.36176744,0,0,pediátrico (<18)
ICB_04077_003,ICB_224,normal_lung,AKG C417L Microphone,10.0,0,0,2,0.71823144,0.3963873,0,0,pediátrico (<18)
ICB_04077_004,ICB_224,normal_lung,AKG C417L Microphone,10.0,0,0,2,0.6806735,0.3978712,0,0,pediátrico (<18)
ICB_04077_005,ICB_224,normal_lung,AKG C417L Microphone,10.0,0,0,2,0.6023162,0.36074468,0,0,pediátrico (<18)
ICB_04077_006,ICB_224,normal_lung,AKG C417L Microphone,10.0,0,0,2,0.51218206,0.28293753,0,0,pediátrico (<18)
ICB_04078_000,ICB_224,normal_lung,AKG C417L Microphone,10.0,0,0,2,0.7357328,0.33577845,0,0,pediátrico (<18)
ICB_04078_001,ICB_224,normal_lung,AKG C417L Microphone,10.0,0,0,2,0.72870344,0.4377872,0,0,pediátrico (<18)
ICB_04078_002,ICB_224,normal_lung,AKG C417L Microphone,10.0,0,0,2,0.75126946,0.35183734,0,0,pediátrico (<18)
ICB_04078_003,ICB_224,normal_lung,AKG C417L Microphone,10.0,0,0,2,0.6568096,0.34848407,0,0,pediátrico (<18)
ICB_04078_004,ICB_224,normal_lung,AKG C417L Microphone,10.0,0,0,2,0.64231014,0.3689155,0,0,pediátrico (<18)
ICB_04078_005,ICB_224,normal_lung,AKG C417L Microphone,10.0,0,0,2,0.65893847,0.36148614,0,0,pediátrico (<18)
ICB_04078_006,ICB_224,normal_lung,AKG C417L Microphone,10.0,0,0,2,0.4309767,0.39075154,0,0,pediátrico (<18)
ICB_04079_000,ICB_225,normal_lung,AKG C417L Microphone,0.83,0,0,2,0.5520763,0.44943282,0,0,pediátrico (<18)
ICB_04079_001,ICB_225,normal_lung,AKG C417L Microphone,0.83,0,0,2,0.45849165,0.3840576,0,0,pediátrico (<18)
ICB_04079_002,ICB_225,normal_lung,AKG C417L Microphone,0.83,0,0,2,0.42579433,0.43140933,0,0,pediátrico (<18)
ICB_04079_003,ICB_225,normal_lung,AKG C417L Microphone,0.83,0,0,2,0.50236833,0.4380712,0,0,pediátrico (<18)
ICB_04079_004,ICB_225,normal_lung,AKG C417L Microphone,0.83,0,0,2,0.42306477,0.36221948,0,0,pediátrico (<18)
ICB_04079_005,ICB_225,normal_lung,AKG C417L Microphone,0.83,0,0,2,0.42340687,0.4453408,0,0,pediátrico (<18)
ICB_04079_006,ICB_225,normal_lung,AKG C417L Microphone,0.83,0,0,2,0.41588864,0.36392662,0,0,pediátrico (<18)
ICB_04079_007,ICB_225,normal_lung,AKG C417L Microphone,0.83,0,0,2,0.45758483,0.4379154,0,0,pediátrico (<18)
ICB_04079_008,ICB_225,normal_lung,AKG C417L Microphone,0.83,0,0,2,0.44281918,0.45757174,0,0,pediátrico (<18)
ICB_04079_009,ICB_225,normal_lung,AKG C417L Microphone,0.83,0,0,2,0.51208866,0.50997055,0,0,pediátrico (<18)
ICB_04079_010,ICB_225,normal_lung,AKG C417L Microphone,0.83,0,0,2,0.4442201,0.45253897,0,0,pediátrico (<18)
ICB_04079_011,ICB_225,normal_lung,AKG C417L Microphone,0.83,0,0,2,0.45666584,0.4767624,0,0,pediátrico (<18)
ICB_04079_012,ICB_225,normal_lung,AKG C417L Microphone,0.83,0,0,2,0.4478167,0.38939488,0,0,pediátrico (<18)
ICB_04079_013,ICB_225,normal_lung,AKG C417L Microphone,0.83,0,0,2,0.39703703,0.41059178,0,0,pediátrico (<18)
ICB_03205_000,ICB_109,copd,3M Littmann 3200 Electronic,84.0,0,0,3,0.32794753,0.7895144,0,0,adulto
ICB_03205_001,ICB_109,copd,3M Littmann 3200 Electronic,84.0,0,0,3,0.3968414,0.62286985,0,0,adulto
ICB_03205_002,ICB_109,copd,3M Littmann 3200 Electronic,84.0,0,0,3,0.39407527,0.65305555,0,0,adulto
ICB_03205_003,ICB_109,copd,3M Littmann 3200 Electronic,84.0,0,0,3,0.36947697,0.7786164,0,0,adulto
ICB_03205_004,ICB_109,copd,3M Littmann 3200 Electronic,84.0,0,0,3,0.38428605,0.70115024,0,0,adulto
ICB_03205_005,ICB_109,copd,3M Littmann 3200 Electronic,84.0,0,0,3,0.44961485,0.5818323,1,0,adulto
ICB_03205_006,ICB_109,copd,3M Littmann 3200 Electronic,84.0,0,0,3,0.42566252,0.65852076,1,0,adulto
ICB_03205_007,ICB_109,copd,3M Littmann 3200 Electronic,84.0,0,0,3,0.2974534,0.9984231,2,0,adulto
ICB_03205_008,ICB_109,copd,3M Littmann 3200 Electronic,84.0,0,0,3,0.30952114,0.9735091,2,0,adulto
ICB_03206_000,ICB_109,copd,3M Littmann 3200 Electronic,84.0,0,0,3,0.32790187,0.546521,0,0,adulto
ICB_03206_001,ICB_109,copd,3M Littmann 3200 Electronic,84.0,0,0,3,0.40943494,0.7470512,1,0,adulto
ICB_03206_002,ICB_109,copd,3M Littmann 3200 Electronic,84.0,0,0,3,0.37546134,0.6638192,0,0,adulto
ICB_03206_003,ICB_109,copd,3M Littmann 3200 Electronic,84.0,0,0,3,0.38555464,0.6283343,0,0,adulto
ICB_03206_004,ICB_109,copd,3M Littmann 3200 Electronic,84.0,0,0,3,0.38941467,0.6399457,0,0,adulto
ICB_03206_005,ICB_109,copd,3M Littmann 3200 Electronic,84.0,0,0,3,0.40296188,0.6540332,1,0,adulto
ICB_03206_006,ICB_109,copd,3M Littmann 3200 Electronic,84.0,0,0,3,0.3927459,0.7673379,0,0,adulto
ICB_03206_007,ICB_109,copd,3M Littmann 3200 Electronic,84.0,0,0,3,0.35762945,0.7467673,0,0,adulto
ICB_03206_008,ICB_109,copd,3M Littmann 3200 Electronic,84.0,0,0,3,0.25249848,0.95866615,2,0,adulto
ICB_03206_009,ICB_109,copd,3M Littmann 3200 Electronic,84.0,0,0,3,0.28743497,0.82778674,0,0,adulto
ICB_03207_000,ICB_109,copd,3M Littmann 3200 Electronic,84.0,0,0,3,0.36123228,0.6699595,0,0,adulto
ICB_03207_001,ICB_109,copd,3M Littmann 3200 Electronic,84.0,1,0,3,0.36035594,0.55473924,0,1,adulto
ICB_03207_002,ICB_109,copd,3M Littmann 3200 Electronic,84.0,1,0,3,0.34894967,0.6287436,0,1,adulto
ICB_03207_003,ICB_109,copd,3M Littmann 3200 Electronic,84.0,1,0,3,0.39705,0.5782746,0,1,adulto
ICB_03207_004,ICB_109,copd,3M Littmann 3200 Electronic,84.0,1,0,3,0.39487693,0.6354338,0,1,adulto
ICB_03207_005,ICB_109,copd,3M Littmann 3200 Electronic,84.0,1,0,3,0.42630526,0.64859086,1,1,adulto
ICB_03207_006,ICB_109,copd,3M Littmann 3200 Electronic,84.0,1,0,3,0.20416422,0.9916039,2,1,adulto
ICB_03207_007,ICB_109,copd,3M Littmann 3200 Electronic,84.0,1,0,3,0.27247617,0.9248508,2,1,adulto
ICB_03208_000,ICB_109,copd,3M Littmann 3200 Electronic,84.0,1,0,3,0.34119952,0.6225219,0,1,adulto
ICB_03208_001,ICB_109,copd,3M Littmann 3200 Electronic,84.0,1,0,3,0.39022452,0.68085486,0,1,adulto
ICB_03208_002,ICB_109,copd,3M Littmann 3200 Electronic,84.0,1,0,3,0.44417503,0.6244636,1,1,adulto
ICB_03208_003,ICB_109,copd,3M Littmann 3200 Electronic,84.0,1,0,3,0.38923314,0.7005643,0,1,adulto
ICB_03208_004,ICB_109,copd,3M Littmann 3200 Electronic,84.0,1,0,3,0.37856573,0.7060922,0,1,adulto
ICB_03208_005,ICB_109,copd,3M Littmann 3200 Electronic,84.0,1,0,3,0.28472155,0.98846495,2,1,adulto
ICB_03208_006,ICB_109,copd,3M Littmann 3200 Electronic,84.0,1,0,3,0.34198853,0.9563299,2,1,adulto
ICB_03208_007,ICB_109,copd,3M Littmann 3200 Electronic,84.0,1,0,3,0.36255684,0.42206815,0,1,adulto
ICB_03209_000,ICB_109,copd,3M Littmann 3200 Electronic,84.0,0,0,3,0.37001175,0.6486532,0,0,adulto
ICB_03209_001,ICB_109,copd,3M Littmann 3200 Electronic,84.0,0,0,3,0.39541683,0.6729924,0,0,adulto
ICB_03209_002,ICB_109,copd,3M Littmann 3200 Electronic,84.0,0,0,3,0.45260566,0.7538689,1,0,adulto
ICB_03209_003,ICB_109,copd,3M Littmann 3200 Electronic,84.0,0,0,3,0.42812783,0.726801,1,0,adulto
ICB_03209_004,ICB_109,copd,3M Littmann 3200 Electronic,84.0,0,0,3,0.38256115,0.8859903,0,0,adulto
ICB_03209_005,ICB_109,copd,3M Littmann 3200 Electronic,84.0,0,0,3,0.3393127,0.95561814,2,0,adulto
ICB_03209_006,ICB_109,copd,3M Littmann 3200 Electronic,84.0,0,0,3,0.40135399,0.92454433,3,0,adulto
ICB_03209_007,ICB_109,copd,3M Littmann 3200 Electronic,84.0,0,0,3,0.4114126,0.8541992,1,0,adulto
ICB_03209_008,ICB_109,copd,3M Littmann 3200 Electronic,84.0,0,0,3,0.3238327,0.90705657,2,0,adulto
ICB_03210_000,ICB_109,copd,3M Littmann 3200 Electronic,84.0,0,0,3,0.31207633,0.6101142,0,0,adulto
ICB_03210_001,ICB_109,copd,3M Littmann 3200 Electronic,84.0,0,0,3,0.33453196,0.83208156,0,0,adulto
ICB_03210_002,ICB_109,copd,3M Littmann 3200 Electronic,84.0,0,0,3,0.3470458,0.83588356,0,0,adulto
ICB_03210_003,ICB_109,copd,3M Littmann 3200 Electronic,84.0,0,0,3,0.38217363,0.7972378,0,0,adulto
ICB_03210_004,ICB_109,copd,3M Littmann 3200 Electronic,84.0,0,0,3,0.3382057,0.8270246,0,0,adulto
ICB_03210_005,ICB_109,copd,3M Littmann 3200 Electronic,84.0,0,0,3,0.36365578,0.8358341,0,0,adulto
ICB_03210_006,ICB_109,copd,3M Littmann 3200 Electronic,84.0,0,0,3,0.33404192,0.91660583,2,0,adulto
ICB_03210_007,ICB_109,copd,3M Littmann 3200 Electronic,84.0,0,0,3,0.41684148,0.7306655,1,0,adulto
ICB_03210_008,ICB_109,copd,3M Littmann 3200 Electronic,84.0,0,0,3,0.27769092,0.9840031,2,0,adulto
ICB_03210_009,ICB_109,copd,3M Littmann 3200 Electronic,84.0,0,0,3,0.30058965,0.9219061,2,0,adulto
ICB_03210_010,ICB_109,copd,3M Littmann 3200 Electronic,84.0,0,0,3,0.28028885,0.9179759,2,0,adulto
ICB_03210_011,ICB_109,copd,3M Littmann 3200 Electronic,84.0,0,0,3,0.29223117,0.89175856,0,0,adulto
ICB_03210_012,ICB_109,copd,3M Littmann 3200 Electronic,84.0,0,0,3,0.30330825,0.9016002,2,0,adulto
ICB_03210_013,ICB_109,copd,3M Littmann 3200 Electronic,84.0,0,0,3,0.32907364,0.9095809,2,0,adulto
ICB_03210_014,ICB_109,copd,3M Littmann 3200 Electronic,84.0,0,0,3,0.33956882,0.8781089,0,0,adulto
ICB_03210_015,ICB_109,copd,3M Littmann 3200 Electronic,84.0,0,0,3,0.34603384,0.8480533,0,0,adulto
ICB_03210_016,ICB_109,copd,3M Littmann 3200 Electronic,84.0,0,0,3,0.29279083,0.8528846,0,0,adulto
ICB_03218_000,ICB_112,copd,WelchAllyn Meditron Master Elite,60.0,0,0,3,0.5203317,0.48378682,1,0,adulto
ICB_03218_001,ICB_112,copd,WelchAllyn Meditron Master Elite,60.0,0,0,3,0.55575544,0.82749736,1,0,adulto
ICB_03218_002,ICB_112,copd,WelchAllyn Meditron Master Elite,60.0,0,0,3,0.40518713,0.58147186,1,0,adulto
ICB_03218_003,ICB_112,copd,WelchAllyn Meditron Master Elite,60.0,0,0,3,0.46982223,0.7213325,1,0,adulto
ICB_03218_004,ICB_112,copd,WelchAllyn Meditron Master Elite,60.0,0,0,3,0.46519178,0.75704855,1,0,adulto
ICB_03218_005,ICB_112,copd,WelchAllyn Meditron Master Elite,60.0,0,0,3,0.4114945,0.38545412,1,0,adulto
ICB_03218_006,ICB_112,copd,WelchAllyn Meditron Master Elite,60.0,0,0,3,0.36361676,0.57278764,0,0,adulto
ICB_03218_007,ICB_112,copd,WelchAllyn Meditron Master Elite,60.0,0,0,3,0.47393233,0.69654495,1,0,adulto
ICB_03218_008,ICB_112,copd,WelchAllyn Meditron Master Elite,60.0,1,0,3,0.4546934,0.83308935,1,1,adulto
ICB_03218_009,ICB_112,copd,WelchAllyn Meditron Master Elite,60.0,0,0,3,0.5917695,0.35930723,1,0,adulto
ICB_03218_010,ICB_112,copd,WelchAllyn Meditron Master Elite,60.0,0,0,3,0.46533716,0.49092752,1,0,adulto
ICB_03218_011,ICB_112,copd,WelchAllyn Meditron Master Elite,60.0,0,0,3,0.44901472,0.7431066,1,0,adulto
ICB_03218_012,ICB_112,copd,WelchAllyn Meditron Master Elite,60.0,0,0,3,0.4684449,0.7275459,1,0,adulto
ICB_03218_013,ICB_112,copd,WelchAllyn Meditron Master Elite,60.0,0,0,3,0.46521357,0.79774004,1,0,adulto
ICB_03218_014,ICB_112,copd,WelchAllyn Meditron Master Elite,60.0,0,0,3,0.41652215,0.5849754,1,0,adulto
ICB_03218_015,ICB_112,copd,WelchAllyn Meditron Master Elite,60.0,0,0,3,0.47790378,0.662567,1,0,adulto
ICB_03218_016,ICB_112,copd,WelchAllyn Meditron Master Elite,60.0,0,0,3,0.389531,0.61824685,0,0,adulto
ICB_03219_000,ICB_112,copd,WelchAllyn Meditron Master Elite,60.0,1,1,3,0.34114513,0.7283238,0,3,adulto
ICB_03219_001,ICB_112,copd,WelchAllyn Meditron Master Elite,60.0,1,0,3,0.36477286,0.7545364,0,1,adulto
ICB_03219_002,ICB_112,copd,WelchAllyn Meditron Master Elite,60.0,1,1,3,0.33693942,0.77936846,0,3,adulto
ICB_03219_003,ICB_112,copd,WelchAllyn Meditron Master Elite,60.0,1,0,3,0.37808928,0.67130524,0,1,adulto
ICB_03219_004,ICB_112,copd,WelchAllyn Meditron Master Elite,60.0,1,0,3,0.37659323,0.6365293,0,1,adulto
ICB_03219_005,ICB_112,copd,WelchAllyn Meditron Master Elite,60.0,0,0,3,0.35762715,0.77448535,0,0,adulto
ICB_03219_006,ICB_112,copd,WelchAllyn Meditron Master Elite,60.0,0,1,3,0.406199,0.74762905,1,2,adulto
ICB_03219_007,ICB_112,copd,WelchAllyn Meditron Master Elite,60.0,0,1,3,0.3392669,0.74076754,0,2,adulto
ICB_03219_008,ICB_112,copd,WelchAllyn Meditron Master Elite,60.0,0,1,3,0.37732345,0.728632,0,2,adulto
ICB_03219_009,ICB_112,copd,WelchAllyn Meditron Master Elite,60.0,0,1,3,0.35870653,0.75521624,0,2,adulto
ICB_03219_010,ICB_112,copd,WelchAllyn Meditron Master Elite,60.0,0,1,3,0.32897896,0.78249705,0,2,adulto
ICB_03219_011,ICB_112,copd,WelchAllyn Meditron Master Elite,60.0,0,1,3,0.33968803,0.709967,0,2,adulto
ICB_03220_000,ICB_112,copd,3M Littmann 3200 Electronic,60.0,0,0,3,0.5321103,0.9101451,3,0,adulto
ICB_03220_001,ICB_112,copd,3M Littmann 3200 Electronic,60.0,0,0,3,0.57914215,0.72421545,1,0,adulto
ICB_03220_002,ICB_112,copd,3M Littmann 3200 Electronic,60.0,0,0,3,0.40914175,0.88600177,1,0,adulto
ICB_03220_003,ICB_112,copd,3M Littmann 3200 Electronic,60.0,0,1,3,0.4683153,0.8465955,1,2,adulto
ICB_03220_004,ICB_112,copd,3M Littmann 3200 Electronic,60.0,0,1,3,0.5014374,0.791106,1,2,adulto
ICB_03220_005,ICB_112,copd,3M Littmann 3200 Electronic,60.0,0,1,3,0.46934664,0.7536076,1,2,adulto
ICB_03220_006,ICB_112,copd,3M Littmann 3200 Electronic,60.0,0,0,3,0.5053927,0.70966333,1,0,adulto
ICB_03220_007,ICB_112,copd,3M Littmann 3200 Electronic,60.0,0,1,3,0.45587066,0.7522108,1,2,adulto
ICB_03220_008,ICB_112,copd,3M Littmann 3200 Electronic,60.0,0,1,3,0.44748655,0.6940565,1,2,adulto
ICB_03220_009,ICB_112,copd,3M Littmann 3200 Electronic,60.0,0,0,3,0.3922184,0.5243425,0,0,adulto
ICB_03221_000,ICB_112,copd,3M Littmann 3200 Electronic,60.0,1,0,3,0.4827917,0.7158228,1,1,adulto
ICB_03221_001,ICB_112,copd,3M Littmann 3200 Electronic,60.0,0,0,3,0.43235916,0.723602,1,0,adulto
ICB_03221_002,ICB_112,copd,3M Littmann 3200 Electronic,60.0,1,1,3,0.36589804,0.76560175,0,3,adulto
ICB_03221_003,ICB_112,copd,3M Littmann 3200 Electronic,60.0,1,1,3,0.3058526,0.9114046,2,3,adulto
ICB_03221_004,ICB_112,copd,3M Littmann 3200 Electronic,60.0,1,1,3,0.42063153,0.82221854,1,3,adulto
ICB_03221_005,ICB_112,copd,3M Littmann 3200 Electronic,60.0,1,1,3,0.38417172,0.90746063,2,3,adulto
ICB_03221_006,ICB_112,copd,3M Littmann 3200 Electronic,60.0,0,1,3,0.40090847,0.9179866,3,2,adulto
ICB_03221_007,ICB_112,copd,3M Littmann 3200 Electronic,60.0,0,1,3,0.40827984,0.9120338,3,2,adulto
ICB_03221_008,ICB_112,copd,3M Littmann 3200 Electronic,60.0,0,1,3,0.41601577,0.8689745,1,2,adulto
ICB_03222_000,ICB_112,copd,3M Littmann 3200 Electronic,60.0,0,0,3,0.32322356,0.76650935,0,0,adulto
ICB_03222_001,ICB_112,copd,3M Littmann 3200 Electronic,60.0,0,1,3,0.3652441,0.70912457,0,2,adulto
ICB_03222_002,ICB_112,copd,3M Littmann 3200 Electronic,60.0,0,1,3,0.36406493,0.69133687,0,2,adulto
ICB_03222_003,ICB_112,copd,3M Littmann 3200 Electronic,60.0,0,1,3,0.4301181,0.84101886,1,2,adulto
ICB_03222_004,ICB_112,copd,3M Littmann 3200 Electronic,60.0,0,1,3,0.39122123,0.76148593,0,2,adulto
ICB_03222_005,ICB_112,copd,3M Littmann 3200 Electronic,60.0,0,1,3,0.41111147,0.7633034,1,2,adulto
ICB_03222_006,ICB_112,copd,3M Littmann 3200 Electronic,60.0,0,1,3,0.40524417,0.7755591,1,2,adulto
ICB_03222_007,ICB_112,copd,3M Littmann 3200 Electronic,60.0,0,1,3,0.3725552,0.7683238,0,2,adulto
ICB_03222_008,ICB_112,copd,3M Littmann 3200 Electronic,60.0,0,1,3,0.41603076,0.80700696,1,2,adulto
ICB_03262_000,ICB_123,normal_lung,AKG C417L Microphone,5.0,0,0,3,0.6603769,0.6464556,1,0,pediátrico (<18)
ICB_03262_001,ICB_123,normal_lung,AKG C417L Microphone,5.0,0,0,3,0.6550137,0.7412329,1,0,pediátrico (<18)
ICB_03262_002,ICB_123,normal_lung,AKG C417L Microphone,5.0,0,0,3,0.5906086,0.71371925,1,0,pediátrico (<18)
ICB_03262_003,ICB_123,normal_lung,AKG C417L Microphone,5.0,0,0,3,0.6172351,0.6636891,1,0,pediátrico (<18)
ICB_03262_004,ICB_123,normal_lung,AKG C417L Microphone,5.0,0,0,3,0.6396332,0.7879455,1,0,pediátrico (<18)
ICB_03262_005,ICB_123,normal_lung,AKG C417L Microphone,5.0,0,0,3,0.5913756,0.658028,1,0,pediátrico (<18)
ICB_03262_006,ICB_123,normal_lung,AKG C417L Microphone,5.0,0,0,3,0.56851447,0.6593039,1,0,pediátrico (<18)
ICB_03262_007,ICB_123,normal_lung,AKG C417L Microphone,5.0,0,0,3,0.37060687,0.43638986,0,0,pediátrico (<18)
ICB_03263_000,ICB_124,copd,3M Littmann 3200 Electronic,65.0,1,1,3,0.31278363,0.50240785,0,3,adulto
ICB_03263_001,ICB_124,copd,3M Littmann 3200 Electronic,65.0,0,1,3,0.30596745,0.65446746,0,2,adulto
ICB_03263_002,ICB_124,copd,3M Littmann 3200 Electronic,65.0,0,1,3,0.31471595,0.6635894,0,2,adulto
ICB_03263_003,ICB_124,copd,3M Littmann 3200 Electronic,65.0,0,1,3,0.3036264,0.6454003,0,2,adulto
ICB_03263_004,ICB_124,copd,3M Littmann 3200 Electronic,65.0,0,1,3,0.3003605,0.6816196,0,2,adulto
ICB_03263_005,ICB_124,copd,3M Littmann 3200 Electronic,65.0,0,1,3,0.30843672,0.7013522,0,2,adulto
ICB_03263_006,ICB_124,copd,3M Littmann 3200 Electronic,65.0,0,1,3,0.3211499,0.58724606,0,2,adulto
ICB_03263_007,ICB_124,copd,3M Littmann 3200 Electronic,65.0,0,0,3,0.15748958,0.9808398,2,0,adulto
ICB_03264_000,ICB_124,copd,3M Littmann 3200 Electronic,65.0,0,1,3,0.31368178,0.7065484,0,2,adulto
ICB_03264_001,ICB_124,copd,3M Littmann 3200 Electronic,65.0,0,1,3,0.32255504,0.692997,0,2,adulto
ICB_03264_002,ICB_124,copd,3M Littmann 3200 Electronic,65.0,0,1,3,0.30876958,0.74032396,0,2,adulto
ICB_03264_003,ICB_124,copd,3M Littmann 3200 Electronic,65.0,0,1,3,0.32973653,0.62921035,0,2,adulto
ICB_03264_004,ICB_124,copd,3M Littmann 3200 Electronic,65.0,0,1,3,0.31923816,0.7146123,0,2,adulto
ICB_03264_005,ICB_124,copd,3M Littmann 3200 Electronic,65.0,0,1,3,0.33844346,0.648537,0,2,adulto
ICB_03264_006,ICB_124,copd,3M Littmann 3200 Electronic,65.0,0,0,3,0.15069856,0.9983937,2,0,adulto
ICB_03265_000,ICB_124,copd,3M Littmann 3200 Electronic,65.0,0,0,3,0.3862046,0.6206837,0,0,adulto
ICB_03265_001,ICB_124,copd,3M Littmann 3200 Electronic,65.0,0,0,3,0.37195808,0.6269236,0,0,adulto
ICB_03265_002,ICB_124,copd,3M Littmann 3200 Electronic,65.0,0,0,3,0.36134648,0.6947277,0,0,adulto
ICB_03265_003,ICB_124,copd,3M Littmann 3200 Electronic,65.0,0,0,3,0.37423828,0.66657484,0,0,adulto
ICB_03265_004,ICB_124,copd,3M Littmann 3200 Electronic,65.0,0,0,3,0.3696382,0.7404902,0,0,adulto
ICB_03265_005,ICB_124,copd,3M Littmann 3200 Electronic,65.0,0,0,3,0.37689334,0.7388655,0,0,adulto
ICB_03265_006,ICB_124,copd,3M Littmann 3200 Electronic,65.0,0,0,3,0.3877174,0.66286486,0,0,adulto
ICB_03265_007,ICB_124,copd,3M Littmann 3200 Electronic,65.0,0,0,3,0.23036553,0.9871703,2,0,adulto
ICB_03265_008,ICB_124,copd,3M Littmann 3200 Electronic,65.0,0,0,3,0.3060815,0.8279912,0,0,adulto
ICB_03265_009,ICB_124,copd,3M Littmann 3200 Electronic,65.0,0,0,3,0.4034822,0.82837385,1,0,adulto
ICB_03266_000,ICB_124,copd,3M Littmann 3200 Electronic,65.0,0,0,3,0.41770852,0.59098995,1,0,adulto
ICB_03266_001,ICB_124,copd,3M Littmann 3200 Electronic,65.0,0,0,3,0.36817545,0.6567169,0,0,adulto
ICB_03266_002,ICB_124,copd,3M Littmann 3200 Electronic,65.0,0,0,3,0.3579589,0.7029328,0,0,adulto
ICB_03266_003,ICB_124,copd,3M Littmann 3200 Electronic,65.0,0,0,3,0.34819376,0.7270087,0,0,adulto
ICB_03266_004,ICB_124,copd,3M Littmann 3200 Electronic,65.0,0,0,3,0.3710082,0.7087245,0,0,adulto
ICB_03266_005,ICB_124,copd,3M Littmann 3200 Electronic,65.0,0,0,3,0.38106114,0.71008706,0,0,adulto
ICB_03266_006,ICB_124,copd,3M Littmann 3200 Electronic,65.0,0,0,3,0.38814613,0.6192914,0,0,adulto
ICB_03266_007,ICB_124,copd,3M Littmann 3200 Electronic,65.0,0,0,3,0.35292354,0.9856814,2,0,adulto
ICB_03266_008,ICB_124,copd,3M Littmann 3200 Electronic,65.0,0,0,3,0.3416049,0.9192027,2,0,adulto
ICB_03266_009,ICB_124,copd,3M Littmann 3200 Electronic,65.0,0,0,3,0.38742498,0.8537823,0,0,adulto
ICB_03267_000,ICB_124,copd,3M Littmann 3200 Electronic,65.0,0,0,3,0.33059052,0.4249393,0,0,adulto
ICB_03267_001,ICB_124,copd,3M Littmann 3200 Electronic,65.0,1,1,3,0.2865649,0.5061062,0,3,adulto
ICB_03267_002,ICB_124,copd,3M Littmann 3200 Electronic,65.0,0,0,3,0.32218242,0.66890043,0,0,adulto
ICB_03267_003,ICB_124,copd,3M Littmann 3200 Electronic,65.0,0,0,3,0.32783154,0.7123851,0,0,adulto
ICB_03267_004,ICB_124,copd,3M Littmann 3200 Electronic,65.0,0,1,3,0.33034202,0.6408304,0,2,adulto
ICB_03267_005,ICB_124,copd,3M Littmann 3200 Electronic,65.0,0,0,3,0.32586166,0.634245,0,0,adulto
ICB_03267_006,ICB_124,copd,3M Littmann 3200 Electronic,65.0,0,0,3,0.22434287,0.9538089,2,0,adulto
ICB_03268_000,ICB_124,copd,3M Littmann 3200 Electronic,65.0,0,0,3,0.33377534,0.54813594,0,0,adulto
ICB_03268_001,ICB_124,copd,3M Littmann 3200 Electronic,65.0,0,0,3,0.34411454,0.5421457,0,0,adulto
ICB_03268_002,ICB_124,copd,3M Littmann 3200 Electronic,65.0,0,0,3,0.33017883,0.6146388,0,0,adulto
ICB_03268_003,ICB_124,copd,3M Littmann 3200 Electronic,65.0,0,0,3,0.3694883,0.60538936,0,0,adulto
ICB_03268_004,ICB_124,copd,3M Littmann 3200 Electronic,65.0,0,0,3,0.34778428,0.5532234,0,0,adulto
ICB_03268_005,ICB_124,copd,3M Littmann 3200 Electronic,65.0,0,0,3,0.18617274,0.95460504,2,0,adulto
ICB_03274_000,ICB_130,copd,AKG C417L Microphone,85.0,0,0,3,0.50136197,0.4531506,1,0,adulto
ICB_03274_001,ICB_130,copd,AKG C417L Microphone,85.0,0,0,3,0.57608646,0.4265586,1,0,adulto
ICB_03274_002,ICB_130,copd,AKG C417L Microphone,85.0,1,1,3,0.551816,0.5290064,1,3,adulto
ICB_03274_003,ICB_130,copd,AKG C417L Microphone,85.0,1,0,3,0.5625471,0.39996323,1,1,adulto
ICB_03274_004,ICB_130,copd,AKG C417L Microphone,85.0,1,1,3,0.5211831,0.55553347,1,3,adulto
ICB_03274_005,ICB_130,copd,AKG C417L Microphone,85.0,0,0,3,0.5616195,0.50017315,1,0,adulto
ICB_03274_006,ICB_130,copd,AKG C417L Microphone,85.0,0,1,3,0.52688354,0.47853357,1,2,adulto
ICB_03275_000,ICB_130,copd,AKG C417L Microphone,85.0,1,0,3,0.5086866,0.4743385,1,1,adulto
ICB_03275_001,ICB_130,copd,AKG C417L Microphone,85.0,1,0,3,0.60315645,0.5584402,1,1,adulto
ICB_03275_002,ICB_130,copd,AKG C417L Microphone,85.0,1,1,3,0.58381367,0.675552,1,3,adulto
ICB_03275_003,ICB_130,copd,AKG C417L Microphone,85.0,1,0,3,0.5735815,0.4820678,1,1,adulto
ICB_03275_004,ICB_130,copd,AKG C417L Microphone,85.0,1,1,3,0.5398722,0.6079068,1,3,adulto
ICB_03275_005,ICB_130,copd,AKG C417L Microphone,85.0,1,1,3,0.5320335,0.7369675,1,3,adulto
ICB_03275_006,ICB_130,copd,AKG C417L Microphone,85.0,1,1,3,0.5098372,0.72902143,1,3,adulto
ICB_03276_000,ICB_130,copd,AKG C417L Microphone,85.0,1,1,3,0.51569045,0.5693779,1,3,adulto
ICB_03276_001,ICB_130,copd,AKG C417L Microphone,85.0,1,1,3,0.60830176,0.6081223,1,3,adulto
ICB_03276_002,ICB_130,copd,AKG C417L Microphone,85.0,1,1,3,0.6262411,0.7188012,1,3,adulto
ICB_03276_003,ICB_130,copd,AKG C417L Microphone,85.0,1,1,3,0.6294159,0.60124797,1,3,adulto
ICB_03276_004,ICB_130,copd,AKG C417L Microphone,85.0,1,1,3,0.6004605,0.7457194,1,3,adulto
ICB_03276_005,ICB_130,copd,AKG C417L Microphone,85.0,1,1,3,0.6195701,0.5839229,1,3,adulto
ICB_03276_006,ICB_130,copd,AKG C417L Microphone,85.0,1,1,3,0.5933683,0.6115512,1,3,adulto
ICB_03277_000,ICB_130,copd,AKG C417L Microphone,85.0,1,0,3,0.4709695,0.3104776,1,1,adulto
ICB_03277_001,ICB_130,copd,AKG C417L Microphone,85.0,1,0,3,0.53052795,0.29559618,1,1,adulto
ICB_03277_002,ICB_130,copd,AKG C417L Microphone,85.0,1,0,3,0.5321981,0.35788164,1,1,adulto
ICB_03277_003,ICB_130,copd,AKG C417L Microphone,85.0,1,0,3,0.57123613,0.32170418,1,1,adulto
ICB_03277_004,ICB_130,copd,AKG C417L Microphone,85.0,1,1,3,0.5583412,0.41782737,1,3,adulto
ICB_03277_005,ICB_130,copd,AKG C417L Microphone,85.0,1,1,3,0.54085183,0.3901422,1,3,adulto
ICB_03277_006,ICB_130,copd,AKG C417L Microphone,85.0,1,1,3,0.50630355,0.44593078,1,3,adulto
ICB_03278_000,ICB_130,copd,AKG C417L Microphone,85.0,1,0,3,0.4658954,0.33817834,1,1,adulto
ICB_03278_001,ICB_130,copd,AKG C417L Microphone,85.0,1,0,3,0.5234569,0.32700244,1,1,adulto
ICB_03278_002,ICB_130,copd,AKG C417L Microphone,85.0,1,1,3,0.55622435,0.35077927,1,3,adulto
ICB_03278_003,ICB_130,copd,AKG C417L Microphone,85.0,1,0,3,0.5164202,0.31133723,1,1,adulto
ICB_03278_004,ICB_130,copd,AKG C417L Microphone,85.0,1,1,3,0.466378,0.34910223,1,3,adulto
ICB_03278_005,ICB_130,copd,AKG C417L Microphone,85.0,1,1,3,0.51554596,0.39965254,1,3,adulto
ICB_03278_006,ICB_130,copd,AKG C417L Microphone,85.0,1,1,3,0.5032499,0.37381256,1,3,adulto
ICB_03279_000,ICB_130,copd,AKG C417L Microphone,85.0,0,0,3,0.5718244,0.5433647,1,0,adulto
ICB_03279_001,ICB_130,copd,AKG C417L Microphone,85.0,1,0,3,0.6552455,0.53524333,1,1,adulto
ICB_03279_002,ICB_130,copd,AKG C417L Microphone,85.0,1,1,3,0.6787514,0.60486275,1,3,adulto
ICB_03279_003,ICB_130,copd,AKG C417L Microphone,85.0,1,0,3,0.6550721,0.5423671,1,1,adulto
ICB_03279_004,ICB_130,copd,AKG C417L Microphone,85.0,1,1,3,0.617608,0.63755393,1,3,adulto
ICB_03279_005,ICB_130,copd,AKG C417L Microphone,85.0,1,1,3,0.61908877,0.5584539,1,3,adulto
ICB_03279_006,ICB_130,copd,AKG C417L Microphone,85.0,0,0,3,0.62182194,0.5461244,1,0,adulto
ICB_03280_000,ICB_130,copd,AKG C417L Microphone,85.0,1,0,3,0.25263593,0.38555586,0,1,adulto
ICB_03280_001,ICB_130,copd,AKG C417L Microphone,85.0,1,0,3,0.28166083,0.29245284,0,1,adulto
ICB_03280_002,ICB_130,copd,AKG C417L Microphone,85.0,1,1,3,0.14419313,0.6478376,0,3,adulto
ICB_03280_003,ICB_130,copd,AKG C417L Microphone,85.0,1,0,3,0.17463392,0.3627872,0,1,adulto
ICB_03280_004,ICB_130,copd,AKG C417L Microphone,85.0,1,1,3,0.13292804,0.68186194,0,3,adulto
ICB_03280_005,ICB_130,copd,AKG C417L Microphone,85.0,1,1,3,0.15759233,0.70594865,0,3,adulto
ICB_03280_006,ICB_130,copd,AKG C417L Microphone,85.0,1,1,3,0.14019676,0.8637333,0,3,adulto
ICB_03281_000,ICB_130,copd,AKG C417L Microphone,85.0,1,1,3,0.6377771,0.64239144,1,3,adulto
ICB_03281_001,ICB_130,copd,AKG C417L Microphone,85.0,1,1,3,0.5942502,0.53475004,1,3,adulto
ICB_03281_002,ICB_130,copd,AKG C417L Microphone,85.0,1,1,3,0.61318636,0.53524804,1,3,adulto
ICB_03281_003,ICB_130,copd,AKG C417L Microphone,85.0,1,1,3,0.59103924,0.4784847,1,3,adulto
ICB_03281_004,ICB_130,copd,AKG C417L Microphone,85.0,1,1,3,0.6206117,0.541213,1,3,adulto
ICB_03281_005,ICB_130,copd,AKG C417L Microphone,85.0,0,0,3,0.45785567,0.37773663,1,0,adulto
ICB_03282_000,ICB_130,copd,AKG C417L Microphone,85.0,0,1,3,0.5686105,0.5838821,1,2,adulto
ICB_03282_001,ICB_130,copd,AKG C417L Microphone,85.0,1,1,3,0.5660518,0.60146594,1,3,adulto
ICB_03282_002,ICB_130,copd,AKG C417L Microphone,85.0,1,1,3,0.592252,0.5686383,1,3,adulto
ICB_03282_003,ICB_130,copd,AKG C417L Microphone,85.0,0,1,3,0.57462484,0.51013964,1,2,adulto
ICB_03282_004,ICB_130,copd,AKG C417L Microphone,85.0,1,1,3,0.5991579,0.5535943,1,3,adulto
ICB_03282_005,ICB_130,copd,AKG C417L Microphone,85.0,1,0,3,0.4434238,0.41169408,1,1,adulto
ICB_03283_000,ICB_130,copd,AKG C417L Microphone,85.0,0,1,3,0.6594999,0.80530864,1,2,adulto
ICB_03283_001,ICB_130,copd,AKG C417L Microphone,85.0,0,1,3,0.6041896,0.79498917,1,2,adulto
ICB_03283_002,ICB_130,copd,AKG C417L Microphone,85.0,1,1,3,0.6409963,0.73004,1,3,adulto
ICB_03283_003,ICB_130,copd,AKG C417L Microphone,85.0,0,1,3,0.63887215,0.7201425,1,2,adulto
ICB_03283_004,ICB_130,copd,AKG C417L Microphone,85.0,0,1,3,0.64035976,0.64683217,1,2,adulto
ICB_03283_005,ICB_130,copd,AKG C417L Microphone,85.0,0,0,3,0.51281786,0.47949156,1,0,adulto
ICB_03284_000,ICB_130,copd,AKG C417L Microphone,85.0,0,1,3,0.29237834,0.17508104,0,2,adulto
ICB_03284_001,ICB_130,copd,AKG C417L Microphone,85.0,0,0,3,0.2848327,0.1954953,0,0,adulto
ICB_03284_002,ICB_130,copd,AKG C417L Microphone,85.0,0,1,3,0.2722541,0.1640266,0,2,adulto
ICB_03284_003,ICB_130,copd,AKG C417L Microphone,85.0,0,0,3,0.3451399,0.16928071,0,0,adulto
ICB_03284_004,ICB_130,copd,AKG C417L Microphone,85.0,0,1,3,0.2861481,0.18487287,0,2,adulto
ICB_03284_005,ICB_130,copd,AKG C417L Microphone,85.0,0,0,3,0.33083063,0.28063673,0,0,adulto
ICB_03285_000,ICB_130,copd,AKG C417L Microphone,85.0,0,1,3,0.31348568,0.282747,0,2,adulto
ICB_03285_001,ICB_130,copd,AKG C417L Microphone,85.0,0,1,3,0.3422838,0.28628865,0,2,adulto
ICB_03285_002,ICB_130,copd,AKG C417L Microphone,85.0,0,1,3,0.35038903,0.26391983,0,2,adulto
ICB_03285_003,ICB_130,copd,AKG C417L Microphone,85.0,0,1,3,0.34336582,0.251916,0,2,adulto
ICB_03285_004,ICB_130,copd,AKG C417L Microphone,85.0,0,1,3,0.30336365,0.18586753,0,2,adulto
ICB_03285_005,ICB_130,copd,AKG C417L Microphone,85.0,0,0,3,0.35255188,0.3009185,0,0,adulto
ICB_03286_000,ICB_130,copd,AKG C417L Microphone,85.0,0,1,3,0.30557224,0.13014786,0,2,adulto
ICB_03286_001,ICB_130,copd,AKG C417L Microphone,85.0,0,0,3,0.32966202,0.15368542,0,0,adulto
ICB_03286_002,ICB_130,copd,AKG C417L Microphone,85.0,0,1,3,0.38316867,0.18905556,0,2,adulto
ICB_03286_003,ICB_130,copd,AKG C417L Microphone,85.0,0,0,3,0.38096228,0.13814771,0,0,adulto
ICB_03286_004,ICB_130,copd,AKG C417L Microphone,85.0,0,0,3,0.28550225,0.09146508,0,0,adulto
ICB_03286_005,ICB_130,copd,AKG C417L Microphone,85.0,0,0,3,0.4121887,0.25126645,1,0,adulto
ICB_03287_000,ICB_130,copd,AKG C417L Microphone,85.0,0,1,3,0.15045393,0.82688063,0,2,adulto
ICB_03287_001,ICB_130,copd,AKG C417L Microphone,85.0,0,1,3,0.16109502,0.8015797,0,2,adulto
ICB_03287_002,ICB_130,copd,AKG C417L Microphone,85.0,0,1,3,0.19208507,0.8212761,0,2,adulto
ICB_03287_003,ICB_130,copd,AKG C417L Microphone,85.0,0,1,3,0.14467198,0.75086915,0,2,adulto
ICB_03287_004,ICB_130,copd,AKG C417L Microphone,85.0,0,1,3,0.14937885,0.7855179,0,2,adulto
ICB_03287_005,ICB_130,copd,AKG C417L Microphone,85.0,0,0,3,0.3694853,0.45972553,0,0,adulto
ICB_03288_000,ICB_130,copd,AKG C417L Microphone,85.0,0,1,3,0.5228171,0.5700099,1,2,adulto
ICB_03288_001,ICB_130,copd,AKG C417L Microphone,85.0,0,1,3,0.5395201,0.5699444,1,2,adulto
ICB_03288_002,ICB_130,copd,AKG C417L Microphone,85.0,0,1,3,0.4797264,0.5753301,1,2,adulto
ICB_03288_003,ICB_130,copd,AKG C417L Microphone,85.0,0,1,3,0.50800496,0.52525187,1,2,adulto
ICB_03288_004,ICB_130,copd,AKG C417L Microphone,85.0,0,1,3,0.46946293,0.5530473,1,2,adulto
ICB_03288_005,ICB_130,copd,AKG C417L Microphone,85.0,0,1,3,0.44228372,0.48189154,1,2,adulto
ICB_03288_006,ICB_130,copd,AKG C417L Microphone,85.0,0,1,3,0.46148995,0.6032934,1,2,adulto
ICB_03289_000,ICB_130,copd,AKG C417L Microphone,85.0,0,1,3,0.5137314,0.5801724,1,2,adulto
ICB_03289_001,ICB_130,copd,AKG C417L Microphone,85.0,0,1,3,0.5199353,0.6363117,1,2,adulto
ICB_03289_002,ICB_130,copd,AKG C417L Microphone,85.0,0,1,3,0.49655363,0.5889954,1,2,adulto
ICB_03289_003,ICB_130,copd,AKG C417L Microphone,85.0,0,1,3,0.4547551,0.5252195,1,2,adulto
ICB_03289_004,ICB_130,copd,AKG C417L Microphone,85.0,0,0,3,0.4377011,0.5746632,1,0,adulto
ICB_03289_005,ICB_130,copd,AKG C417L Microphone,85.0,0,1,3,0.42347133,0.4872548,1,2,adulto
ICB_03289_006,ICB_130,copd,AKG C417L Microphone,85.0,0,0,3,0.43453878,0.56678975,1,0,adulto
ICB_03290_000,ICB_130,copd,AKG C417L Microphone,85.0,0,1,3,0.5734278,0.73114794,1,2,adulto
ICB_03290_001,ICB_130,copd,AKG C417L Microphone,85.0,0,1,3,0.59159493,0.7367316,1,2,adulto
ICB_03290_002,ICB_130,copd,AKG C417L Microphone,85.0,0,1,3,0.55277306,0.7065041,1,2,adulto
ICB_03290_003,ICB_130,copd,AKG C417L Microphone,85.0,0,1,3,0.5630761,0.6825537,1,2,adulto
ICB_03290_004,ICB_130,copd,AKG C417L Microphone,85.0,0,1,3,0.5424146,0.70354015,1,2,adulto
ICB_03290_005,ICB_130,copd,AKG C417L Microphone,85.0,0,1,3,0.5239442,0.6351278,1,2,adulto
ICB_03290_006,ICB_130,copd,AKG C417L Microphone,85.0,0,1,3,0.51727533,0.81863964,1,2,adulto
ICB_03291_000,ICB_130,copd,AKG C417L Microphone,85.0,0,0,3,0.4935121,0.20478392,1,0,adulto
ICB_03291_001,ICB_130,copd,AKG C417L Microphone,85.0,0,1,3,0.5803741,0.5535004,1,2,adulto
ICB_03291_002,ICB_130,copd,AKG C417L Microphone,85.0,0,1,3,0.5650315,0.5277443,1,2,adulto
ICB_03291_003,ICB_130,copd,AKG C417L Microphone,85.0,0,1,3,0.5746665,0.50154006,1,2,adulto
ICB_03291_004,ICB_130,copd,AKG C417L Microphone,85.0,0,1,3,0.53848255,0.49484113,1,2,adulto
ICB_03291_005,ICB_130,copd,AKG C417L Microphone,85.0,0,1,3,0.5436854,0.40822273,1,2,adulto
ICB_03291_006,ICB_130,copd,AKG C417L Microphone,85.0,0,0,3,0.55853635,0.54643196,1,0,adulto
ICB_03292_000,ICB_130,copd,AKG C417L Microphone,85.0,0,1,3,0.33340538,0.29465,0,2,adulto
ICB_03292_001,ICB_130,copd,AKG C417L Microphone,85.0,0,1,3,0.45501083,0.34362197,1,2,adulto
ICB_03292_002,ICB_130,copd,AKG C417L Microphone,85.0,0,1,3,0.40641898,0.31424218,1,2,adulto
ICB_03292_003,ICB_130,copd,AKG C417L Microphone,85.0,0,1,3,0.37654164,0.22970933,0,2,adulto
ICB_03292_004,ICB_130,copd,AKG C417L Microphone,85.0,0,1,3,0.33306757,0.24627681,0,2,adulto
ICB_03292_005,ICB_130,copd,AKG C417L Microphone,85.0,0,0,3,0.3959483,0.29083,0,0,adulto
ICB_03292_006,ICB_130,copd,AKG C417L Microphone,85.0,0,1,3,0.37270656,0.2495716,0,2,adulto
ICB_03293_000,ICB_130,copd,AKG C417L Microphone,85.0,0,0,3,0.28473675,0.16101259,0,0,adulto
ICB_03293_001,ICB_130,copd,AKG C417L Microphone,85.0,0,0,3,0.4107105,0.16396366,1,0,adulto
ICB_03293_002,ICB_130,copd,AKG C417L Microphone,85.0,0,0,3,0.35477957,0.17545421,0,0,adulto
ICB_03293_003,ICB_130,copd,AKG C417L Microphone,85.0,0,0,3,0.3708152,0.16537075,0,0,adulto
ICB_03293_004,ICB_130,copd,AKG C417L Microphone,85.0,0,0,3,0.35448053,0.18192987,0,0,adulto
ICB_03293_005,ICB_130,copd,AKG C417L Microphone,85.0,0,0,3,0.362703,0.18419607,0,0,adulto
ICB_03293_006,ICB_130,copd,AKG C417L Microphone,85.0,0,0,3,0.43952435,0.1784129,1,0,adulto
ICB_03294_000,ICB_130,copd,AKG C417L Microphone,85.0,0,1,3,0.13548064,0.8754654,0,2,adulto
ICB_03294_001,ICB_130,copd,AKG C417L Microphone,85.0,0,1,3,0.0871935,0.89306295,0,2,adulto
ICB_03294_002,ICB_130,copd,AKG C417L Microphone,85.0,0,1,3,0.09798482,0.82983565,0,2,adulto
ICB_03294_003,ICB_130,copd,AKG C417L Microphone,85.0,0,1,3,0.10363528,0.7554385,0,2,adulto
ICB_03294_004,ICB_130,copd,AKG C417L Microphone,85.0,0,1,3,0.10076474,0.81867343,0,2,adulto
ICB_03294_005,ICB_130,copd,AKG C417L Microphone,85.0,0,1,3,0.08097243,0.7530543,0,2,adulto
ICB_03294_006,ICB_130,copd,AKG C417L Microphone,85.0,0,0,3,0.08527227,0.82118815,0,0,adulto
ICB_03294_007,ICB_130,copd,AKG C417L Microphone,85.0,0,1,3,0.3159462,0.5704895,0,2,adulto
ICB_03295_000,ICB_130,copd,AKG C417L Microphone,85.0,1,0,3,0.5894536,0.46203578,1,1,adulto
ICB_03295_001,ICB_130,copd,AKG C417L Microphone,85.0,1,0,3,0.5630303,0.4566538,1,1,adulto
ICB_03295_002,ICB_130,copd,AKG C417L Microphone,85.0,1,0,3,0.58076847,0.44914424,1,1,adulto
ICB_03295_003,ICB_130,copd,AKG C417L Microphone,85.0,1,0,3,0.6223374,0.46468744,1,1,adulto
ICB_03295_004,ICB_130,copd,AKG C417L Microphone,85.0,1,0,3,0.5971449,0.5213359,1,1,adulto
ICB_03295_005,ICB_130,copd,AKG C417L Microphone,85.0,1,0,3,0.5663007,0.47241142,1,1,adulto
ICB_03295_006,ICB_130,copd,AKG C417L Microphone,85.0,1,0,3,0.61535287,0.46785712,1,1,adulto
ICB_03295_007,ICB_130,copd,AKG C417L Microphone,85.0,1,0,3,0.5779563,0.47836927,1,1,adulto
ICB_03296_000,ICB_130,copd,AKG C417L Microphone,85.0,1,0,3,0.5749291,0.47557756,1,1,adulto
ICB_03296_001,ICB_130,copd,AKG C417L Microphone,85.0,1,0,3,0.5409834,0.4585961,1,1,adulto
ICB_03296_002,ICB_130,copd,AKG C417L Microphone,85.0,1,0,3,0.5786104,0.47938403,1,1,adulto
ICB_03296_003,ICB_130,copd,AKG C417L Microphone,85.0,1,0,3,0.59088355,0.5064956,1,1,adulto
ICB_03296_004,ICB_130,copd,AKG C417L Microphone,85.0,0,0,3,0.57752246,0.54425526,1,0,adulto
ICB_03296_005,ICB_130,copd,AKG C417L Microphone,85.0,0,0,3,0.5493012,0.43895906,1,0,adulto
ICB_03296_006,ICB_130,copd,AKG C417L Microphone,85.0,1,0,3,0.5947175,0.48153198,1,1,adulto
ICB_03296_007,ICB_130,copd,AKG C417L Microphone,85.0,1,0,3,0.5573257,0.46034515,1,1,adulto
ICB_03297_000,ICB_130,copd,AKG C417L Microphone,85.0,1,0,3,0.57707727,0.43514058,1,1,adulto
ICB_03297_001,ICB_130,copd,AKG C417L Microphone,85.0,1,0,3,0.567969,0.38892564,1,1,adulto
ICB_03297_002,ICB_130,copd,AKG C417L Microphone,85.0,1,0,3,0.6164477,0.4511927,1,1,adulto
ICB_03297_003,ICB_130,copd,AKG C417L Microphone,85.0,1,0,3,0.6111905,0.43948194,1,1,adulto
ICB_03297_004,ICB_130,copd,AKG C417L Microphone,85.0,1,0,3,0.61603755,0.41875923,1,1,adulto
ICB_03297_005,ICB_130,copd,AKG C417L Microphone,85.0,1,0,3,0.5946277,0.4492141,1,1,adulto
ICB_03297_006,ICB_130,copd,AKG C417L Microphone,85.0,1,0,3,0.6056703,0.390093,1,1,adulto
ICB_03297_007,ICB_130,copd,AKG C417L Microphone,85.0,1,0,3,0.5616704,0.36894298,1,1,adulto
ICB_03298_000,ICB_130,copd,AKG C417L Microphone,85.0,1,0,3,0.59149855,0.46372136,1,1,adulto
ICB_03298_001,ICB_130,copd,AKG C417L Microphone,85.0,1,0,3,0.5822488,0.4524146,1,1,adulto
ICB_03298_002,ICB_130,copd,AKG C417L Microphone,85.0,1,0,3,0.60011035,0.39135852,1,1,adulto
ICB_03298_003,ICB_130,copd,AKG C417L Microphone,85.0,1,0,3,0.6181713,0.42577648,1,1,adulto
ICB_03298_004,ICB_130,copd,AKG C417L Microphone,85.0,1,0,3,0.60049105,0.45951048,1,1,adulto
ICB_03298_005,ICB_130,copd,AKG C417L Microphone,85.0,1,0,3,0.56393975,0.44438723,1,1,adulto
ICB_03298_006,ICB_130,copd,AKG C417L Microphone,85.0,1,0,3,0.60148597,0.4110678,1,1,adulto
ICB_03298_007,ICB_130,copd,AKG C417L Microphone,85.0,1,0,3,0.5442931,0.46312684,1,1,adulto
ICB_03299_000,ICB_130,copd,AKG C417L Microphone,85.0,1,0,3,0.54323214,0.44049025,1,1,adulto
ICB_03299_001,ICB_130,copd,AKG C417L Microphone,85.0,1,0,3,0.51711756,0.42192602,1,1,adulto
ICB_03299_002,ICB_130,copd,AKG C417L Microphone,85.0,1,0,3,0.5341388,0.47442144,1,1,adulto
ICB_03299_003,ICB_130,copd,AKG C417L Microphone,85.0,1,0,3,0.5636604,0.45663372,1,1,adulto
ICB_03299_004,ICB_130,copd,AKG C417L Microphone,85.0,1,0,3,0.55082285,0.46597588,1,1,adulto
ICB_03299_005,ICB_130,copd,AKG C417L Microphone,85.0,1,0,3,0.51999986,0.47826317,1,1,adulto
ICB_03299_006,ICB_130,copd,AKG C417L Microphone,85.0,1,0,3,0.5453772,0.43789494,1,1,adulto
ICB_03299_007,ICB_130,copd,AKG C417L Microphone,85.0,1,0,3,0.5219426,0.44776106,1,1,adulto
ICB_03300_000,ICB_130,copd,AKG C417L Microphone,85.0,1,0,3,0.53634393,0.45720336,1,1,adulto
ICB_03300_001,ICB_130,copd,AKG C417L Microphone,85.0,1,0,3,0.52088445,0.46033522,1,1,adulto
ICB_03300_002,ICB_130,copd,AKG C417L Microphone,85.0,1,0,3,0.5389357,0.43930867,1,1,adulto
ICB_03300_003,ICB_130,copd,AKG C417L Microphone,85.0,1,0,3,0.5639162,0.46710983,1,1,adulto
ICB_03300_004,ICB_130,copd,AKG C417L Microphone,85.0,1,0,3,0.56903476,0.46359962,1,1,adulto
ICB_03300_005,ICB_130,copd,AKG C417L Microphone,85.0,1,0,3,0.5317438,0.44639093,1,1,adulto
ICB_03300_006,ICB_130,copd,AKG C417L Microphone,85.0,1,0,3,0.5535162,0.4194984,1,1,adulto
ICB_03300_007,ICB_130,copd,AKG C417L Microphone,85.0,1,0,3,0.526985,0.41303024,1,1,adulto
ICB_03301_000,ICB_130,copd,AKG C417L Microphone,85.0,0,0,3,0.4837655,0.21025293,1,0,adulto
ICB_03301_001,ICB_130,copd,AKG C417L Microphone,85.0,0,0,3,0.47761956,0.15940067,1,0,adulto
ICB_03301_002,ICB_130,copd,AKG C417L Microphone,85.0,0,0,3,0.44547367,0.28240466,1,0,adulto
ICB_03301_003,ICB_130,copd,AKG C417L Microphone,85.0,0,0,3,0.50217295,0.1764317,1,0,adulto
ICB_03301_004,ICB_130,copd,AKG C417L Microphone,85.0,0,0,3,0.48598266,0.27103913,1,0,adulto
ICB_03301_005,ICB_130,copd,AKG C417L Microphone,85.0,0,0,3,0.4178541,0.3188192,1,0,adulto
ICB_03301_006,ICB_130,copd,AKG C417L Microphone,85.0,0,0,3,0.46444455,0.2197002,1,0,adulto
ICB_03301_007,ICB_130,copd,AKG C417L Microphone,85.0,0,0,3,0.46432886,0.36807477,1,0,adulto
ICB_03302_000,ICB_130,copd,AKG C417L Microphone,85.0,0,0,3,0.46524605,0.46212074,1,0,adulto
ICB_03302_001,ICB_130,copd,AKG C417L Microphone,85.0,1,0,3,0.5565398,0.42050374,1,1,adulto
ICB_03302_002,ICB_130,copd,AKG C417L Microphone,85.0,1,0,3,0.5640149,0.43269542,1,1,adulto
ICB_03302_003,ICB_130,copd,AKG C417L Microphone,85.0,1,0,3,0.54424596,0.43990758,1,1,adulto
ICB_03302_004,ICB_130,copd,AKG C417L Microphone,85.0,1,0,3,0.5535441,0.45501122,1,1,adulto
ICB_03302_005,ICB_130,copd,AKG C417L Microphone,85.0,1,0,3,0.54740006,0.46580967,1,1,adulto
ICB_03302_006,ICB_130,copd,AKG C417L Microphone,85.0,1,0,3,0.5267189,0.45529577,1,1,adulto
ICB_03302_007,ICB_130,copd,AKG C417L Microphone,85.0,1,0,3,0.5449275,0.4858833,1,1,adulto
ICB_03302_008,ICB_130,copd,AKG C417L Microphone,85.0,1,0,3,0.5652669,0.45163125,1,1,adulto
ICB_03303_000,ICB_130,copd,AKG C417L Microphone,85.0,0,0,3,0.49093246,0.46532482,1,0,adulto
ICB_03303_001,ICB_130,copd,AKG C417L Microphone,85.0,1,0,3,0.541733,0.47542334,1,1,adulto
ICB_03303_002,ICB_130,copd,AKG C417L Microphone,85.0,1,0,3,0.5474986,0.45298043,1,1,adulto
ICB_03303_003,ICB_130,copd,AKG C417L Microphone,85.0,1,0,3,0.5230907,0.4707914,1,1,adulto
ICB_03303_004,ICB_130,copd,AKG C417L Microphone,85.0,1,0,3,0.5462189,0.47928494,1,1,adulto
ICB_03303_005,ICB_130,copd,AKG C417L Microphone,85.0,1,0,3,0.53072125,0.49221075,1,1,adulto
ICB_03303_006,ICB_130,copd,AKG C417L Microphone,85.0,1,0,3,0.49057937,0.4416994,1,1,adulto
ICB_03303_007,ICB_130,copd,AKG C417L Microphone,85.0,1,0,3,0.5149053,0.4715215,1,1,adulto
ICB_03303_008,ICB_130,copd,AKG C417L Microphone,85.0,1,0,3,0.5409446,0.4563861,1,1,adulto
ICB_03304_000,ICB_130,copd,AKG C417L Microphone,85.0,1,0,3,0.44810376,0.40620643,1,1,adulto
ICB_03304_001,ICB_130,copd,AKG C417L Microphone,85.0,1,0,3,0.5876764,0.4425729,1,1,adulto
ICB_03304_002,ICB_130,copd,AKG C417L Microphone,85.0,1,0,3,0.59396964,0.46969858,1,1,adulto
ICB_03304_003,ICB_130,copd,AKG C417L Microphone,85.0,1,0,3,0.5985907,0.4664376,1,1,adulto
ICB_03304_004,ICB_130,copd,AKG C417L Microphone,85.0,1,0,3,0.5763726,0.45533323,1,1,adulto
ICB_03304_005,ICB_130,copd,AKG C417L Microphone,85.0,1,0,3,0.57374537,0.39450184,1,1,adulto
ICB_03304_006,ICB_130,copd,AKG C417L Microphone,85.0,1,0,3,0.55202746,0.40894094,1,1,adulto
ICB_03304_007,ICB_130,copd,AKG C417L Microphone,85.0,1,0,3,0.56488883,0.45958936,1,1,adulto
ICB_03304_008,ICB_130,copd,AKG C417L Microphone,85.0,1,0,3,0.5835346,0.44989243,1,1,adulto
ICB_03305_000,ICB_130,copd,AKG C417L Microphone,85.0,0,0,3,0.42282125,0.36923477,1,0,adulto
ICB_03305_001,ICB_130,copd,AKG C417L Microphone,85.0,1,0,3,0.53872764,0.34204525,1,1,adulto
ICB_03305_002,ICB_130,copd,AKG C417L Microphone,85.0,1,0,3,0.54018945,0.4005738,1,1,adulto
ICB_03305_003,ICB_130,copd,AKG C417L Microphone,85.0,1,0,3,0.5343228,0.37752646,1,1,adulto
ICB_03305_004,ICB_130,copd,AKG C417L Microphone,85.0,1,0,3,0.532994,0.37188736,1,1,adulto
ICB_03305_005,ICB_130,copd,AKG C417L Microphone,85.0,1,0,3,0.5323343,0.4245704,1,1,adulto
ICB_03305_006,ICB_130,copd,AKG C417L Microphone,85.0,1,0,3,0.5189312,0.42123175,1,1,adulto
ICB_03305_007,ICB_130,copd,AKG C417L Microphone,85.0,1,0,3,0.5115729,0.37581575,1,1,adulto
ICB_03305_008,ICB_130,copd,AKG C417L Microphone,85.0,1,0,3,0.53630763,0.38678977,1,1,adulto
ICB_03306_000,ICB_130,copd,AKG C417L Microphone,85.0,1,0,3,0.44571292,0.39873308,1,1,adulto
ICB_03306_001,ICB_130,copd,AKG C417L Microphone,85.0,1,0,3,0.51628613,0.37922218,1,1,adulto
ICB_03306_002,ICB_130,copd,AKG C417L Microphone,85.0,1,0,3,0.50121623,0.41140786,1,1,adulto
ICB_03306_003,ICB_130,copd,AKG C417L Microphone,85.0,1,0,3,0.47259954,0.4053049,1,1,adulto
ICB_03306_004,ICB_130,copd,AKG C417L Microphone,85.0,1,0,3,0.50226897,0.42830768,1,1,adulto
ICB_03306_005,ICB_130,copd,AKG C417L Microphone,85.0,1,0,3,0.50666475,0.4430868,1,1,adulto
ICB_03306_006,ICB_130,copd,AKG C417L Microphone,85.0,1,0,3,0.47754875,0.42691943,1,1,adulto
ICB_03306_007,ICB_130,copd,AKG C417L Microphone,85.0,1,0,3,0.4821423,0.40183815,1,1,adulto
ICB_03306_008,ICB_130,copd,AKG C417L Microphone,85.0,1,0,3,0.50120544,0.39335877,1,1,adulto
ICB_03307_000,ICB_130,copd,AKG C417L Microphone,85.0,1,0,3,0.4610145,0.4439567,1,1,adulto
ICB_03307_001,ICB_130,copd,AKG C417L Microphone,85.0,1,0,3,0.5340446,0.43729943,1,1,adulto
ICB_03307_002,ICB_130,copd,AKG C417L Microphone,85.0,1,0,3,0.5198583,0.44585726,1,1,adulto
ICB_03307_003,ICB_130,copd,AKG C417L Microphone,85.0,1,0,3,0.5114441,0.4628498,1,1,adulto
ICB_03307_004,ICB_130,copd,AKG C417L Microphone,85.0,1,0,3,0.499391,0.444541,1,1,adulto
ICB_03307_005,ICB_130,copd,AKG C417L Microphone,85.0,1,0,3,0.5090386,0.43541288,1,1,adulto
ICB_03307_006,ICB_130,copd,AKG C417L Microphone,85.0,1,0,3,0.48746535,0.43498024,1,1,adulto
ICB_03307_007,ICB_130,copd,AKG C417L Microphone,85.0,1,0,3,0.49636546,0.41560706,1,1,adulto
ICB_03307_008,ICB_130,copd,AKG C417L Microphone,85.0,1,0,3,0.52177644,0.45059624,1,1,adulto
ICB_03308_000,ICB_130,copd,AKG C417L Microphone,85.0,0,0,3,0.3935006,0.34517336,0,0,adulto
ICB_03308_001,ICB_130,copd,AKG C417L Microphone,85.0,0,0,3,0.44623646,0.21606344,1,0,adulto
ICB_03308_002,ICB_130,copd,AKG C417L Microphone,85.0,0,0,3,0.40202487,0.27664965,1,0,adulto
ICB_03308_003,ICB_130,copd,AKG C417L Microphone,85.0,0,0,3,0.3441251,0.222243,0,0,adulto
ICB_03308_004,ICB_130,copd,AKG C417L Microphone,85.0,0,0,3,0.41403976,0.2582022,1,0,adulto
ICB_03308_005,ICB_130,copd,AKG C417L Microphone,85.0,0,0,3,0.34842867,0.27086785,0,0,adulto
ICB_03308_006,ICB_130,copd,AKG C417L Microphone,85.0,0,0,3,0.35632345,0.23612338,0,0,adulto
ICB_03308_007,ICB_130,copd,AKG C417L Microphone,85.0,0,0,3,0.42305803,0.28924614,1,0,adulto
ICB_03308_008,ICB_130,copd,AKG C417L Microphone,85.0,0,0,3,0.37058166,0.30348703,0,0,adulto
ICB_03309_000,ICB_130,copd,AKG C417L Microphone,85.0,0,0,3,0.4564749,0.4143972,1,0,adulto
ICB_03309_001,ICB_130,copd,AKG C417L Microphone,85.0,1,0,3,0.5739252,0.47383136,1,1,adulto
ICB_03309_002,ICB_130,copd,AKG C417L Microphone,85.0,1,0,3,0.5253337,0.42392108,1,1,adulto
ICB_03309_003,ICB_130,copd,AKG C417L Microphone,85.0,1,0,3,0.5590482,0.4583473,1,1,adulto
ICB_03309_004,ICB_130,copd,AKG C417L Microphone,85.0,1,0,3,0.5544546,0.46980095,1,1,adulto
ICB_03309_005,ICB_130,copd,AKG C417L Microphone,85.0,1,0,3,0.53479624,0.46179008,1,1,adulto
ICB_03309_006,ICB_130,copd,AKG C417L Microphone,85.0,1,0,3,0.5658021,0.4658212,1,1,adulto
ICB_03309_007,ICB_130,copd,AKG C417L Microphone,85.0,1,0,3,0.5384521,0.4058203,1,1,adulto
ICB_03309_008,ICB_130,copd,AKG C417L Microphone,85.0,1,0,3,0.55276084,0.41841182,1,1,adulto
ICB_03310_000,ICB_130,copd,AKG C417L Microphone,85.0,1,0,3,0.4744033,0.41453072,1,1,adulto
ICB_03310_001,ICB_130,copd,AKG C417L Microphone,85.0,1,0,3,0.5434983,0.43098572,1,1,adulto
ICB_03310_002,ICB_130,copd,AKG C417L Microphone,85.0,1,0,3,0.51622075,0.42064357,1,1,adulto
ICB_03310_003,ICB_130,copd,AKG C417L Microphone,85.0,1,0,3,0.5179358,0.429144,1,1,adulto
ICB_03310_004,ICB_130,copd,AKG C417L Microphone,85.0,1,0,3,0.5490099,0.3656164,1,1,adulto
ICB_03310_005,ICB_130,copd,AKG C417L Microphone,85.0,1,0,3,0.5114931,0.4066017,1,1,adulto
ICB_03310_006,ICB_130,copd,AKG C417L Microphone,85.0,1,0,3,0.53067714,0.4055322,1,1,adulto
ICB_03310_007,ICB_130,copd,AKG C417L Microphone,85.0,1,0,3,0.5072821,0.39661285,1,1,adulto
ICB_03310_008,ICB_130,copd,AKG C417L Microphone,85.0,1,0,3,0.50688267,0.36423934,1,1,adulto
ICB_03311_000,ICB_130,copd,AKG C417L Microphone,85.0,0,0,3,0.4624037,0.41685456,1,0,adulto
ICB_03311_001,ICB_130,copd,AKG C417L Microphone,85.0,1,0,3,0.5711658,0.40098324,1,1,adulto
ICB_03311_002,ICB_130,copd,AKG C417L Microphone,85.0,1,0,3,0.54628336,0.42244694,1,1,adulto
ICB_03311_003,ICB_130,copd,AKG C417L Microphone,85.0,1,0,3,0.57596225,0.3985636,1,1,adulto
ICB_03311_004,ICB_130,copd,AKG C417L Microphone,85.0,1,0,3,0.5861098,0.39800015,1,1,adulto
ICB_03311_005,ICB_130,copd,AKG C417L Microphone,85.0,1,0,3,0.5453023,0.43039337,1,1,adulto
ICB_03311_006,ICB_130,copd,AKG C417L Microphone,85.0,1,0,3,0.58266884,0.43140343,1,1,adulto
ICB_03311_007,ICB_130,copd,AKG C417L Microphone,85.0,1,0,3,0.5463878,0.41626152,1,1,adulto
ICB_03311_008,ICB_130,copd,AKG C417L Microphone,85.0,1,0,3,0.5639711,0.4010245,1,1,adulto
ICB_03312_000,ICB_130,copd,AKG C417L Microphone,85.0,0,0,3,0.45518282,0.41118145,1,0,adulto
ICB_03312_001,ICB_130,copd,AKG C417L Microphone,85.0,1,0,3,0.55524975,0.39239237,1,1,adulto
ICB_03312_002,ICB_130,copd,AKG C417L Microphone,85.0,1,0,3,0.5247811,0.437395,1,1,adulto
ICB_03312_003,ICB_130,copd,AKG C417L Microphone,85.0,1,0,3,0.55592877,0.4321025,1,1,adulto
ICB_03312_004,ICB_130,copd,AKG C417L Microphone,85.0,1,0,3,0.58103913,0.45198166,1,1,adulto
ICB_03312_005,ICB_130,copd,AKG C417L Microphone,85.0,1,0,3,0.53438836,0.4214992,1,1,adulto
ICB_03312_006,ICB_130,copd,AKG C417L Microphone,85.0,1,0,3,0.56237286,0.43105885,1,1,adulto
ICB_03312_007,ICB_130,copd,AKG C417L Microphone,85.0,1,0,3,0.5488857,0.4273376,1,1,adulto
ICB_03312_008,ICB_130,copd,AKG C417L Microphone,85.0,1,0,3,0.5514076,0.4626308,1,1,adulto
ICB_03313_000,ICB_130,copd,AKG C417L Microphone,85.0,0,0,3,0.42482346,0.40204763,1,0,adulto
ICB_03313_001,ICB_130,copd,AKG C417L Microphone,85.0,1,0,3,0.50124395,0.38314307,1,1,adulto
ICB_03313_002,ICB_130,copd,AKG C417L Microphone,85.0,1,0,3,0.48150873,0.39052132,1,1,adulto
ICB_03313_003,ICB_130,copd,AKG C417L Microphone,85.0,1,0,3,0.46289024,0.39002225,1,1,adulto
ICB_03313_004,ICB_130,copd,AKG C417L Microphone,85.0,1,0,3,0.48762953,0.41380897,1,1,adulto
ICB_03313_005,ICB_130,copd,AKG C417L Microphone,85.0,0,1,3,0.43959478,0.50044817,1,2,adulto
ICB_03313_006,ICB_130,copd,AKG C417L Microphone,85.0,1,0,3,0.49430558,0.37309986,1,1,adulto
ICB_03313_007,ICB_130,copd,AKG C417L Microphone,85.0,1,0,3,0.4751668,0.4315053,1,1,adulto
ICB_03313_008,ICB_130,copd,AKG C417L Microphone,85.0,0,0,3,0.4541957,0.41465774,1,0,adulto
ICB_03314_000,ICB_130,copd,AKG C417L Microphone,85.0,1,0,3,0.41396114,0.24563526,1,1,adulto
ICB_03314_001,ICB_130,copd,AKG C417L Microphone,85.0,1,0,3,0.48744678,0.18225233,1,1,adulto
ICB_03314_002,ICB_130,copd,AKG C417L Microphone,85.0,1,0,3,0.46140856,0.2258633,1,1,adulto
ICB_03314_003,ICB_130,copd,AKG C417L Microphone,85.0,1,0,3,0.43764642,0.25834024,1,1,adulto
ICB_03314_004,ICB_130,copd,AKG C417L Microphone,85.0,1,0,3,0.47496706,0.19803819,1,1,adulto
ICB_03314_005,ICB_130,copd,AKG C417L Microphone,85.0,1,0,3,0.48280215,0.2359465,1,1,adulto
ICB_03314_006,ICB_130,copd,AKG C417L Microphone,85.0,1,0,3,0.51802355,0.1826531,1,1,adulto
ICB_03314_007,ICB_130,copd,AKG C417L Microphone,85.0,1,0,3,0.49689293,0.21327406,1,1,adulto
ICB_03314_008,ICB_130,copd,AKG C417L Microphone,85.0,1,0,3,0.4485146,0.23795123,1,1,adulto
ICB_03314_009,ICB_130,copd,AKG C417L Microphone,85.0,1,0,3,0.45514974,0.1594555,1,1,adulto
ICB_03315_000,ICB_130,copd,AKG C417L Microphone,85.0,1,0,3,0.4476101,0.33632946,1,1,adulto
ICB_03315_001,ICB_130,copd,AKG C417L Microphone,85.0,1,0,3,0.49360037,0.30773684,1,1,adulto
ICB_03315_002,ICB_130,copd,AKG C417L Microphone,85.0,1,0,3,0.47467703,0.34080237,1,1,adulto
ICB_03315_003,ICB_130,copd,AKG C417L Microphone,85.0,1,0,3,0.4603594,0.33606443,1,1,adulto
ICB_03315_004,ICB_130,copd,AKG C417L Microphone,85.0,1,0,3,0.47902712,0.28985274,1,1,adulto
ICB_03315_005,ICB_130,copd,AKG C417L Microphone,85.0,1,0,3,0.46353987,0.35048082,1,1,adulto
ICB_03315_006,ICB_130,copd,AKG C417L Microphone,85.0,1,0,3,0.49755028,0.2654204,1,1,adulto
ICB_03315_007,ICB_130,copd,AKG C417L Microphone,85.0,1,0,3,0.4695196,0.30963558,1,1,adulto
ICB_03315_008,ICB_130,copd,AKG C417L Microphone,85.0,1,0,3,0.4766453,0.33714643,1,1,adulto
ICB_03315_009,ICB_130,copd,AKG C417L Microphone,85.0,1,0,3,0.43717688,0.33753422,1,1,adulto
ICB_03315_010,ICB_130,copd,AKG C417L Microphone,85.0,1,1,3,0.39645407,0.3816168,0,3,adulto
ICB_03316_000,ICB_130,copd,AKG C417L Microphone,85.0,1,0,3,0.34163246,0.3968497,0,1,adulto
ICB_03316_001,ICB_130,copd,AKG C417L Microphone,85.0,1,0,3,0.31347305,0.33635503,0,1,adulto
ICB_03316_002,ICB_130,copd,AKG C417L Microphone,85.0,1,0,3,0.32356447,0.31211716,0,1,adulto
ICB_03316_003,ICB_130,copd,AKG C417L Microphone,85.0,1,0,3,0.30636004,0.3330613,0,1,adulto
ICB_03316_004,ICB_130,copd,AKG C417L Microphone,85.0,1,0,3,0.33101285,0.32848662,0,1,adulto
ICB_03316_005,ICB_130,copd,AKG C417L Microphone,85.0,1,0,3,0.30819863,0.35637453,0,1,adulto
ICB_03316_006,ICB_130,copd,AKG C417L Microphone,85.0,1,0,3,0.32306406,0.33032566,0,1,adulto
ICB_03316_007,ICB_130,copd,AKG C417L Microphone,85.0,1,0,3,0.31722498,0.3275447,0,1,adulto
ICB_03316_008,ICB_130,copd,AKG C417L Microphone,85.0,1,0,3,0.31262943,0.34717047,0,1,adulto
ICB_03316_009,ICB_130,copd,AKG C417L Microphone,85.0,1,0,3,0.34672827,0.3952369,0,1,adulto
ICB_03316_010,ICB_130,copd,AKG C417L Microphone,85.0,0,0,3,0.35185137,0.40268347,0,0,adulto
ICB_03317_000,ICB_130,copd,AKG C417L Microphone,85.0,1,0,3,0.44341052,0.34592888,1,1,adulto
ICB_03317_001,ICB_130,copd,AKG C417L Microphone,85.0,1,0,3,0.46890903,0.38178572,1,1,adulto
ICB_03317_002,ICB_130,copd,AKG C417L Microphone,85.0,1,0,3,0.45262295,0.31382453,1,1,adulto
ICB_03317_003,ICB_130,copd,AKG C417L Microphone,85.0,1,0,3,0.49011797,0.32950726,1,1,adulto
ICB_03317_004,ICB_130,copd,AKG C417L Microphone,85.0,1,0,3,0.48545414,0.31945658,1,1,adulto
ICB_03317_005,ICB_130,copd,AKG C417L Microphone,85.0,1,0,3,0.47103798,0.32337216,1,1,adulto
ICB_03317_006,ICB_130,copd,AKG C417L Microphone,85.0,0,0,3,0.505191,0.3608022,1,0,adulto
ICB_03317_007,ICB_130,copd,AKG C417L Microphone,85.0,1,0,3,0.4725151,0.3200757,1,1,adulto
ICB_03317_008,ICB_130,copd,AKG C417L Microphone,85.0,1,0,3,0.4895162,0.3618331,1,1,adulto
ICB_03317_009,ICB_130,copd,AKG C417L Microphone,85.0,1,0,3,0.4425812,0.3010792,1,1,adulto
ICB_03317_010,ICB_130,copd,AKG C417L Microphone,85.0,0,0,3,0.41401055,0.43583506,1,0,adulto
ICB_03318_000,ICB_130,copd,AKG C417L Microphone,85.0,1,0,3,0.42239672,0.2949784,1,1,adulto
ICB_03318_001,ICB_130,copd,AKG C417L Microphone,85.0,1,0,3,0.45697102,0.2889874,1,1,adulto
ICB_03318_002,ICB_130,copd,AKG C417L Microphone,85.0,1,0,3,0.43137243,0.29656148,1,1,adulto
ICB_03318_003,ICB_130,copd,AKG C417L Microphone,85.0,1,0,3,0.42414021,0.30189177,1,1,adulto
ICB_03318_004,ICB_130,copd,AKG C417L Microphone,85.0,1,0,3,0.45224434,0.32614872,1,1,adulto
ICB_03318_005,ICB_130,copd,AKG C417L Microphone,85.0,1,1,3,0.50850403,0.37496218,1,3,adulto
ICB_03318_006,ICB_130,copd,AKG C417L Microphone,85.0,1,0,3,0.45680937,0.30609068,1,1,adulto
ICB_03318_007,ICB_130,copd,AKG C417L Microphone,85.0,1,1,3,0.45656195,0.32280105,1,3,adulto
ICB_03318_008,ICB_130,copd,AKG C417L Microphone,85.0,1,0,3,0.47202232,0.33154777,1,1,adulto
ICB_03318_009,ICB_130,copd,AKG C417L Microphone,85.0,1,0,3,0.43616673,0.3940991,1,1,adulto
ICB_03318_010,ICB_130,copd,AKG C417L Microphone,85.0,1,0,3,0.38261524,0.3916817,0,1,adulto
ICB_03319_000,ICB_130,copd,AKG C417L Microphone,85.0,1,0,3,0.39005315,0.37464324,0,1,adulto
ICB_03319_001,ICB_130,copd,AKG C417L Microphone,85.0,1,1,3,0.45032227,0.39174443,1,3,adulto
ICB_03319_002,ICB_130,copd,AKG C417L Microphone,85.0,1,0,3,0.42906386,0.32853466,1,1,adulto
ICB_03319_003,ICB_130,copd,AKG C417L Microphone,85.0,1,0,3,0.43972614,0.35922712,1,1,adulto
ICB_03319_004,ICB_130,copd,AKG C417L Microphone,85.0,1,0,3,0.44034696,0.33354217,1,1,adulto
ICB_03319_005,ICB_130,copd,AKG C417L Microphone,85.0,1,0,3,0.44166854,0.33832917,1,1,adulto
ICB_03319_006,ICB_130,copd,AKG C417L Microphone,85.0,1,0,3,0.47350463,0.3191151,1,1,adulto
ICB_03319_007,ICB_130,copd,AKG C417L Microphone,85.0,1,0,3,0.45847005,0.30193713,1,1,adulto
ICB_03319_008,ICB_130,copd,AKG C417L Microphone,85.0,1,0,3,0.43945372,0.2953977,1,1,adulto
ICB_03319_009,ICB_130,copd,AKG C417L Microphone,85.0,1,0,3,0.419607,0.37480286,1,1,adulto
ICB_03319_010,ICB_130,copd,AKG C417L Microphone,85.0,1,0,3,0.3886229,0.4043755,0,1,adulto
ICB_03320_000,ICB_130,copd,AKG C417L Microphone,85.0,0,0,3,0.36986935,0.36973706,0,0,adulto
ICB_03320_001,ICB_130,copd,AKG C417L Microphone,85.0,1,0,3,0.38109794,0.43693998,0,1,adulto
ICB_03320_002,ICB_130,copd,AKG C417L Microphone,85.0,1,0,3,0.3856595,0.32673612,0,1,adulto
ICB_03320_003,ICB_130,copd,AKG C417L Microphone,85.0,1,0,3,0.3857519,0.42754033,0,1,adulto
ICB_03320_004,ICB_130,copd,AKG C417L Microphone,85.0,1,0,3,0.38351315,0.38059002,0,1,adulto
ICB_03320_005,ICB_130,copd,AKG C417L Microphone,85.0,1,0,3,0.37982285,0.36616343,0,1,adulto
ICB_03320_006,ICB_130,copd,AKG C417L Microphone,85.0,1,0,3,0.3899549,0.368891,0,1,adulto
ICB_03320_007,ICB_130,copd,AKG C417L Microphone,85.0,1,1,3,0.37145722,0.3820645,0,3,adulto
ICB_03320_008,ICB_130,copd,AKG C417L Microphone,85.0,1,0,3,0.39524716,0.3739144,0,1,adulto
ICB_03320_009,ICB_130,copd,AKG C417L Microphone,85.0,0,0,3,0.37496543,0.39739752,0,0,adulto
ICB_03320_010,ICB_130,copd,AKG C417L Microphone,85.0,0,0,3,0.36381084,0.43641987,0,0,adulto
ICB_03321_000,ICB_130,copd,AKG C417L Microphone,85.0,1,0,3,0.4854116,0.15710227,1,1,adulto
ICB_03321_001,ICB_130,copd,AKG C417L Microphone,85.0,1,0,3,0.45768374,0.17671745,1,1,adulto
ICB_03321_002,ICB_130,copd,AKG C417L Microphone,85.0,1,0,3,0.41912225,0.23944809,1,1,adulto
ICB_03321_003,ICB_130,copd,AKG C417L Microphone,85.0,1,0,3,0.48997918,0.16264546,1,1,adulto
ICB_03321_004,ICB_130,copd,AKG C417L Microphone,85.0,1,0,3,0.54133266,0.2453579,1,1,adulto
ICB_03321_005,ICB_130,copd,AKG C417L Microphone,85.0,0,0,3,0.35429975,0.3126692,0,0,adulto
ICB_03322_000,ICB_130,copd,AKG C417L Microphone,85.0,0,0,3,0.68056655,0.5887279,1,0,adulto
ICB_03322_001,ICB_130,copd,AKG C417L Microphone,85.0,0,0,3,0.6966981,0.54040545,1,0,adulto
ICB_03322_002,ICB_130,copd,AKG C417L Microphone,85.0,0,0,3,0.6978903,0.46005616,1,0,adulto
ICB_03322_003,ICB_130,copd,AKG C417L Microphone,85.0,0,0,3,0.68274057,0.48298427,1,0,adulto
ICB_03322_004,ICB_130,copd,AKG C417L Microphone,85.0,0,0,3,0.5201628,0.45804748,1,0,adulto
ICB_03323_000,ICB_130,copd,AKG C417L Microphone,85.0,0,0,3,0.33746687,0.62138355,0,0,adulto
ICB_03323_001,ICB_130,copd,AKG C417L Microphone,85.0,0,0,3,0.4909367,0.6743945,1,0,adulto
ICB_03323_002,ICB_130,copd,AKG C417L Microphone,85.0,0,0,3,0.3619658,0.590456,0,0,adulto
ICB_03323_003,ICB_130,copd,AKG C417L Microphone,85.0,0,0,3,0.36621317,0.5885234,0,0,adulto
ICB_03323_004,ICB_130,copd,AKG C417L Microphone,85.0,0,0,3,0.4093144,0.43537387,1,0,adulto
ICB_03324_000,ICB_130,copd,AKG C417L Microphone,85.0,1,0,3,0.61678004,0.34081244,1,1,adulto
ICB_03324_001,ICB_130,copd,AKG C417L Microphone,85.0,1,0,3,0.6509508,0.33340576,1,1,adulto
ICB_03324_002,ICB_130,copd,AKG C417L Microphone,85.0,1,0,3,0.6084488,0.24514237,1,1,adulto
ICB_03324_003,ICB_130,copd,AKG C417L Microphone,85.0,1,0,3,0.6088765,0.31240654,1,1,adulto
ICB_03324_004,ICB_130,copd,AKG C417L Microphone,85.0,1,0,3,0.44402578,0.4202245,1,1,adulto
ICB_03325_000,ICB_130,copd,AKG C417L Microphone,85.0,1,0,3,0.71584916,0.46945694,1,1,adulto
ICB_03325_001,ICB_130,copd,AKG C417L Microphone,85.0,1,0,3,0.66607124,0.4595348,1,1,adulto
ICB_03325_002,ICB_130,copd,AKG C417L Microphone,85.0,1,0,3,0.68737453,0.4351554,1,1,adulto
ICB_03325_003,ICB_130,copd,AKG C417L Microphone,85.0,1,0,3,0.67499286,0.42211437,1,1,adulto
ICB_03325_004,ICB_130,copd,AKG C417L Microphone,85.0,1,0,3,0.48482102,0.42067936,1,1,adulto
ICB_03326_000,ICB_130,copd,AKG C417L Microphone,85.0,1,0,3,0.6604136,0.3794238,1,1,adulto
ICB_03326_001,ICB_130,copd,AKG C417L Microphone,85.0,1,0,3,0.66498446,0.37526113,1,1,adulto
ICB_03326_002,ICB_130,copd,AKG C417L Microphone,85.0,1,0,3,0.6326908,0.34229007,1,1,adulto
ICB_03326_003,ICB_130,copd,AKG C417L Microphone,85.0,1,0,3,0.63547766,0.36998722,1,1,adulto
ICB_03326_004,ICB_130,copd,AKG C417L Microphone,85.0,1,0,3,0.45023164,0.38600335,1,1,adulto
ICB_03327_000,ICB_130,copd,AKG C417L Microphone,85.0,1,0,3,0.4369134,0.5001023,1,1,adulto
ICB_03327_001,ICB_130,copd,AKG C417L Microphone,85.0,1,0,3,0.43217614,0.45994708,1,1,adulto
ICB_03327_002,ICB_130,copd,AKG C417L Microphone,85.0,1,0,3,0.4562108,0.515142,1,1,adulto
ICB_03327_003,ICB_130,copd,AKG C417L Microphone,85.0,1,0,3,0.46615696,0.53866696,1,1,adulto
ICB_03327_004,ICB_130,copd,AKG C417L Microphone,85.0,1,0,3,0.48011974,0.49438545,1,1,adulto
ICB_03327_005,ICB_130,copd,AKG C417L Microphone,85.0,1,0,3,0.5155272,0.45664605,1,1,adulto
ICB_03327_006,ICB_130,copd,AKG C417L Microphone,85.0,1,0,3,0.3987484,0.39795703,0,1,adulto
ICB_03328_000,ICB_130,copd,AKG C417L Microphone,85.0,0,0,3,0.34391516,0.42410368,0,0,adulto
ICB_03328_001,ICB_130,copd,AKG C417L Microphone,85.0,1,0,3,0.3510271,0.44251564,0,1,adulto
ICB_03328_002,ICB_130,copd,AKG C417L Microphone,85.0,0,0,3,0.4041615,0.36990505,1,0,adulto
ICB_03328_003,ICB_130,copd,AKG C417L Microphone,85.0,1,0,3,0.3309689,0.5404701,0,1,adulto
ICB_03328_004,ICB_130,copd,AKG C417L Microphone,85.0,1,0,3,0.408228,0.53138864,1,1,adulto
ICB_03328_005,ICB_130,copd,AKG C417L Microphone,85.0,0,0,3,0.43926364,0.4700505,1,0,adulto
ICB_03328_006,ICB_130,copd,AKG C417L Microphone,85.0,0,0,3,0.3568612,0.48691306,0,0,adulto
ICB_03329_000,ICB_130,copd,AKG C417L Microphone,85.0,1,0,3,0.45848116,0.33678997,1,1,adulto
ICB_03329_001,ICB_130,copd,AKG C417L Microphone,85.0,1,0,3,0.5433145,0.44060415,1,1,adulto
ICB_03329_002,ICB_130,copd,AKG C417L Microphone,85.0,1,0,3,0.5299553,0.45185053,1,1,adulto
ICB_03329_003,ICB_130,copd,AKG C417L Microphone,85.0,1,0,3,0.56020665,0.4139254,1,1,adulto
ICB_03329_004,ICB_130,copd,AKG C417L Microphone,85.0,1,0,3,0.55398273,0.3701712,1,1,adulto
ICB_03329_005,ICB_130,copd,AKG C417L Microphone,85.0,1,0,3,0.5598312,0.44139716,1,1,adulto
ICB_03329_006,ICB_130,copd,AKG C417L Microphone,85.0,1,0,3,0.43536806,0.39943203,1,1,adulto
ICB_03330_000,ICB_130,copd,AKG C417L Microphone,85.0,1,0,3,0.46544978,0.5630261,1,1,adulto
ICB_03330_001,ICB_130,copd,AKG C417L Microphone,85.0,1,0,3,0.5829934,0.6536649,1,1,adulto
ICB_03330_002,ICB_130,copd,AKG C417L Microphone,85.0,1,0,3,0.5710709,0.64163405,1,1,adulto
ICB_03330_003,ICB_130,copd,AKG C417L Microphone,85.0,1,0,3,0.5681503,0.68591714,1,1,adulto
ICB_03330_004,ICB_130,copd,AKG C417L Microphone,85.0,1,0,3,0.56450015,0.6906334,1,1,adulto
ICB_03330_005,ICB_130,copd,AKG C417L Microphone,85.0,1,0,3,0.58219737,0.67465496,1,1,adulto
ICB_03330_006,ICB_130,copd,AKG C417L Microphone,85.0,1,0,3,0.45855525,0.53777665,1,1,adulto
ICB_03331_000,ICB_130,copd,AKG C417L Microphone,85.0,1,0,3,0.3482201,0.40376326,0,1,adulto
ICB_03331_001,ICB_130,copd,AKG C417L Microphone,85.0,1,0,3,0.36492327,0.35399565,0,1,adulto
ICB_03331_002,ICB_130,copd,AKG C417L Microphone,85.0,1,0,3,0.35552126,0.345029,0,1,adulto
ICB_03331_003,ICB_130,copd,AKG C417L Microphone,85.0,1,0,3,0.35393494,0.44074765,0,1,adulto
ICB_03331_004,ICB_130,copd,AKG C417L Microphone,85.0,1,0,3,0.35346827,0.37977216,0,1,adulto
ICB_03331_005,ICB_130,copd,AKG C417L Microphone,85.0,1,0,3,0.3705472,0.33895335,0,1,adulto
ICB_03331_006,ICB_130,copd,AKG C417L Microphone,85.0,1,0,3,0.38090804,0.34706354,0,1,adulto
ICB_03332_000,ICB_130,copd,AKG C417L Microphone,85.0,1,0,3,0.35085458,0.5122499,0,1,adulto
ICB_03332_001,ICB_130,copd,AKG C417L Microphone,85.0,1,0,3,0.4451158,0.4204535,1,1,adulto
ICB_03332_002,ICB_130,copd,AKG C417L Microphone,85.0,1,0,3,0.44709602,0.40898624,1,1,adulto
ICB_03332_003,ICB_130,copd,AKG C417L Microphone,85.0,1,0,3,0.48948142,0.4374428,1,1,adulto
ICB_03332_004,ICB_130,copd,AKG C417L Microphone,85.0,1,0,3,0.44221047,0.43237537,1,1,adulto
ICB_03332_005,ICB_130,copd,AKG C417L Microphone,85.0,1,0,3,0.41925952,0.406417,1,1,adulto
ICB_03332_006,ICB_130,copd,AKG C417L Microphone,85.0,1,1,3,0.36376745,0.50537604,0,3,adulto
ICB_03333_000,ICB_130,copd,AKG C417L Microphone,85.0,1,0,3,0.48708144,0.3680395,1,1,adulto
ICB_03333_001,ICB_130,copd,AKG C417L Microphone,85.0,1,0,3,0.51306176,0.38211358,1,1,adulto
ICB_03333_002,ICB_130,copd,AKG C417L Microphone,85.0,1,0,3,0.5144671,0.40739754,1,1,adulto
ICB_03333_003,ICB_130,copd,AKG C417L Microphone,85.0,1,0,3,0.5133291,0.39032057,1,1,adulto
ICB_03333_004,ICB_130,copd,AKG C417L Microphone,85.0,1,0,3,0.51566577,0.34835568,1,1,adulto
ICB_03333_005,ICB_130,copd,AKG C417L Microphone,85.0,1,0,3,0.53393406,0.36845005,1,1,adulto
ICB_03333_006,ICB_130,copd,AKG C417L Microphone,85.0,1,1,3,0.54119724,0.34509283,1,3,adulto
ICB_03334_000,ICB_130,copd,AKG C417L Microphone,85.0,1,0,3,0.5441477,0.59452266,1,1,adulto
ICB_03334_001,ICB_130,copd,AKG C417L Microphone,85.0,1,0,3,0.57776064,0.61944085,1,1,adulto
ICB_03334_002,ICB_130,copd,AKG C417L Microphone,85.0,1,0,3,0.5920938,0.6401927,1,1,adulto
ICB_03334_003,ICB_130,copd,AKG C417L Microphone,85.0,1,1,3,0.601836,0.6306019,1,3,adulto
ICB_03334_004,ICB_130,copd,AKG C417L Microphone,85.0,1,0,3,0.5813396,0.6123989,1,1,adulto
ICB_03334_005,ICB_130,copd,AKG C417L Microphone,85.0,1,0,3,0.58001614,0.6267563,1,1,adulto
ICB_03334_006,ICB_130,copd,AKG C417L Microphone,85.0,1,0,3,0.5772842,0.6106234,1,1,adulto
ICB_03335_000,ICB_130,copd,AKG C417L Microphone,85.0,0,0,3,0.32730773,0.5194643,0,0,adulto
ICB_03335_001,ICB_130,copd,AKG C417L Microphone,85.0,1,0,3,0.35000512,0.41756007,0,1,adulto
ICB_03335_002,ICB_130,copd,AKG C417L Microphone,85.0,1,0,3,0.37652457,0.32563424,0,1,adulto
ICB_03335_003,ICB_130,copd,AKG C417L Microphone,85.0,1,0,3,0.39136374,0.30104706,0,1,adulto
ICB_03335_004,ICB_130,copd,AKG C417L Microphone,85.0,1,0,3,0.37974894,0.37624162,0,1,adulto
ICB_03335_005,ICB_130,copd,AKG C417L Microphone,85.0,1,0,3,0.36946172,0.43890548,0,1,adulto
ICB_03335_006,ICB_130,copd,AKG C417L Microphone,85.0,1,1,3,0.37211078,0.3690019,0,3,adulto
ICB_03336_000,ICB_130,copd,AKG C417L Microphone,85.0,1,1,3,0.32111284,0.74362904,0,3,adulto
ICB_03336_001,ICB_130,copd,AKG C417L Microphone,85.0,1,1,3,0.38868207,0.5637394,0,3,adulto
ICB_03336_002,ICB_130,copd,AKG C417L Microphone,85.0,1,0,3,0.40536958,0.42231864,1,1,adulto
ICB_03336_003,ICB_130,copd,AKG C417L Microphone,85.0,1,0,3,0.4088725,0.5143382,1,1,adulto
ICB_03336_004,ICB_130,copd,AKG C417L Microphone,85.0,1,0,3,0.4403953,0.41924316,1,1,adulto
ICB_03336_005,ICB_130,copd,AKG C417L Microphone,85.0,0,0,3,0.43115062,0.48641777,1,0,adulto
ICB_03336_006,ICB_130,copd,AKG C417L Microphone,85.0,1,0,3,0.4299836,0.44807422,1,1,adulto
ICB_03336_007,ICB_130,copd,AKG C417L Microphone,85.0,0,0,3,0.3728973,0.43950182,0,0,adulto
ICB_03337_000,ICB_130,copd,AKG C417L Microphone,85.0,1,0,3,0.51355994,0.38641375,1,1,adulto
ICB_03337_001,ICB_130,copd,AKG C417L Microphone,85.0,1,0,3,0.54897034,0.4270804,1,1,adulto
ICB_03337_002,ICB_130,copd,AKG C417L Microphone,85.0,1,1,3,0.5202472,0.36550042,1,3,adulto
ICB_03337_003,ICB_130,copd,AKG C417L Microphone,85.0,1,1,3,0.5117185,0.41793704,1,3,adulto
ICB_03337_004,ICB_130,copd,AKG C417L Microphone,85.0,1,1,3,0.5216501,0.40818852,1,3,adulto
ICB_03337_005,ICB_130,copd,AKG C417L Microphone,85.0,1,0,3,0.5159768,0.39188385,1,1,adulto
ICB_03337_006,ICB_130,copd,AKG C417L Microphone,85.0,1,0,3,0.5047955,0.42108163,1,1,adulto
ICB_03337_007,ICB_130,copd,AKG C417L Microphone,85.0,1,0,3,0.41057786,0.39009988,1,1,adulto
ICB_03338_000,ICB_130,copd,AKG C417L Microphone,85.0,1,1,3,0.5288308,0.5860111,1,3,adulto
ICB_03338_001,ICB_130,copd,AKG C417L Microphone,85.0,1,1,3,0.5430032,0.5852265,1,3,adulto
ICB_03338_002,ICB_130,copd,AKG C417L Microphone,85.0,1,0,3,0.5301439,0.56964916,1,1,adulto
ICB_03338_003,ICB_130,copd,AKG C417L Microphone,85.0,1,0,3,0.53455824,0.55536175,1,1,adulto
ICB_03338_004,ICB_130,copd,AKG C417L Microphone,85.0,1,0,3,0.550386,0.5884297,1,1,adulto
ICB_03338_005,ICB_130,copd,AKG C417L Microphone,85.0,1,0,3,0.5199854,0.5809772,1,1,adulto
ICB_03338_006,ICB_130,copd,AKG C417L Microphone,85.0,1,0,3,0.50908554,0.5555209,1,1,adulto
ICB_03338_007,ICB_130,copd,AKG C417L Microphone,85.0,1,0,3,0.425126,0.49045116,1,1,adulto
ICB_03339_000,ICB_130,copd,AKG C417L Microphone,85.0,1,1,3,0.34503388,0.28662673,0,3,adulto
ICB_03339_001,ICB_130,copd,AKG C417L Microphone,85.0,1,1,3,0.3394666,0.35640806,0,3,adulto
ICB_03339_002,ICB_130,copd,AKG C417L Microphone,85.0,1,1,3,0.36174428,0.32403573,0,3,adulto
ICB_03339_003,ICB_130,copd,AKG C417L Microphone,85.0,1,1,3,0.31010655,0.4302621,0,3,adulto
ICB_03339_004,ICB_130,copd,AKG C417L Microphone,85.0,1,1,3,0.345749,0.26689646,0,3,adulto
ICB_03339_005,ICB_130,copd,AKG C417L Microphone,85.0,1,0,3,0.39086926,0.24232346,0,1,adulto
ICB_03339_006,ICB_130,copd,AKG C417L Microphone,85.0,1,0,3,0.3884827,0.25094715,0,1,adulto
ICB_03339_007,ICB_130,copd,AKG C417L Microphone,85.0,1,0,3,0.3612025,0.37312263,0,1,adulto
ICB_03340_000,ICB_131,respiratory_infection,3M Littmann Classic II SE,3.0,0,0,3,0.4638877,0.43956697,1,0,pediátrico (<18)
ICB_03340_001,ICB_131,respiratory_infection,3M Littmann Classic II SE,3.0,0,0,3,0.37928137,0.33387595,0,0,pediátrico (<18)
ICB_03340_002,ICB_131,respiratory_infection,3M Littmann Classic II SE,3.0,0,1,3,0.39399868,0.38477492,0,2,pediátrico (<18)
ICB_03340_003,ICB_131,respiratory_infection,3M Littmann Classic II SE,3.0,0,0,3,0.37955296,0.32565773,0,0,pediátrico (<18)
ICB_03340_004,ICB_131,respiratory_infection,3M Littmann Classic II SE,3.0,0,0,3,0.37713963,0.37919232,0,0,pediátrico (<18)
ICB_03340_005,ICB_131,respiratory_infection,3M Littmann Classic II SE,3.0,0,0,3,0.36718315,0.48443297,0,0,pediátrico (<18)
ICB_03340_006,ICB_131,respiratory_infection,3M Littmann Classic II SE,3.0,0,0,3,0.32970303,0.31440085,0,0,pediátrico (<18)
ICB_03340_007,ICB_131,respiratory_infection,3M Littmann Classic II SE,3.0,0,0,3,0.36259758,0.3039579,0,0,pediátrico (<18)
ICB_03340_008,ICB_131,respiratory_infection,3M Littmann Classic II SE,3.0,0,0,3,0.39083642,0.4271847,0,0,pediátrico (<18)
ICB_03340_009,ICB_131,respiratory_infection,3M Littmann Classic II SE,3.0,0,1,3,0.34332803,0.42604834,0,2,pediátrico (<18)
ICB_03340_010,ICB_131,respiratory_infection,3M Littmann Classic II SE,3.0,0,0,3,0.32036984,0.3379608,0,0,pediátrico (<18)
ICB_03367_000,ICB_135,pneumonia,3M Littmann Classic II SE,70.0,0,0,3,0.4443171,0.47292513,1,0,adulto
ICB_03367_001,ICB_135,pneumonia,3M Littmann Classic II SE,70.0,0,0,3,0.5079276,0.57103354,1,0,adulto
ICB_03367_002,ICB_135,pneumonia,3M Littmann Classic II SE,70.0,0,0,3,0.5102068,0.6114009,1,0,adulto
ICB_03367_003,ICB_135,pneumonia,3M Littmann Classic II SE,70.0,0,0,3,0.55722743,0.5878499,1,0,adulto
ICB_03367_004,ICB_135,pneumonia,3M Littmann Classic II SE,70.0,0,0,3,0.51752424,0.6404771,1,0,adulto
ICB_03367_005,ICB_135,pneumonia,3M Littmann Classic II SE,70.0,0,0,3,0.55724174,0.6057986,1,0,adulto
ICB_03367_006,ICB_135,pneumonia,3M Littmann Classic II SE,70.0,0,0,3,0.5314184,0.55193794,1,0,adulto
ICB_03367_007,ICB_135,pneumonia,3M Littmann Classic II SE,70.0,0,0,3,0.48301437,0.63524795,1,0,adulto
ICB_03367_008,ICB_135,pneumonia,3M Littmann Classic II SE,70.0,0,0,3,0.4915294,0.5588873,1,0,adulto
ICB_03368_000,ICB_135,pneumonia,3M Littmann Classic II SE,70.0,0,0,3,0.430318,0.52704304,1,0,adulto
ICB_03368_001,ICB_135,pneumonia,3M Littmann Classic II SE,70.0,0,0,3,0.43985185,0.48457995,1,0,adulto
ICB_03368_002,ICB_135,pneumonia,3M Littmann Classic II SE,70.0,0,0,3,0.39782667,0.4875963,0,0,adulto
ICB_03368_003,ICB_135,pneumonia,3M Littmann Classic II SE,70.0,0,0,3,0.4300736,0.5098699,1,0,adulto
ICB_03368_004,ICB_135,pneumonia,3M Littmann Classic II SE,70.0,0,0,3,0.44371286,0.55741054,1,0,adulto
ICB_03368_005,ICB_135,pneumonia,3M Littmann Classic II SE,70.0,0,0,3,0.42583555,0.48035026,1,0,adulto
ICB_03368_006,ICB_135,pneumonia,3M Littmann Classic II SE,70.0,0,0,3,0.47039244,0.42906186,1,0,adulto
ICB_03368_007,ICB_135,pneumonia,3M Littmann Classic II SE,70.0,0,0,3,0.419695,0.43411165,1,0,adulto
ICB_03368_008,ICB_135,pneumonia,3M Littmann Classic II SE,70.0,0,0,3,0.3904572,0.4361183,0,0,adulto
ICB_03369_000,ICB_135,pneumonia,3M Littmann Classic II SE,70.0,1,0,3,0.43398935,0.37409073,1,1,adulto
ICB_03369_001,ICB_135,pneumonia,3M Littmann Classic II SE,70.0,1,0,3,0.482032,0.3799822,1,1,adulto
ICB_03369_002,ICB_135,pneumonia,3M Littmann Classic II SE,70.0,1,0,3,0.47446626,0.3807104,1,1,adulto
ICB_03369_003,ICB_135,pneumonia,3M Littmann Classic II SE,70.0,1,0,3,0.5219847,0.4763805,1,1,adulto
ICB_03369_004,ICB_135,pneumonia,3M Littmann Classic II SE,70.0,1,0,3,0.5215426,0.46723863,1,1,adulto
ICB_03369_005,ICB_135,pneumonia,3M Littmann Classic II SE,70.0,0,0,3,0.4771761,0.43365955,1,0,adulto
ICB_03369_006,ICB_135,pneumonia,3M Littmann Classic II SE,70.0,0,0,3,0.47766197,0.38939995,1,0,adulto
ICB_03369_007,ICB_135,pneumonia,3M Littmann Classic II SE,70.0,0,0,3,0.4277375,0.40031153,1,0,adulto
ICB_03369_008,ICB_135,pneumonia,3M Littmann Classic II SE,70.0,0,0,3,0.44055676,0.4138713,1,0,adulto
ICB_03370_000,ICB_135,pneumonia,3M Littmann Classic II SE,70.0,0,0,3,0.32743922,0.3912005,0,0,adulto
ICB_03370_001,ICB_135,pneumonia,3M Littmann Classic II SE,70.0,0,0,3,0.25567997,0.26194423,0,0,adulto
ICB_03370_002,ICB_135,pneumonia,3M Littmann Classic II SE,70.0,0,0,3,0.24076182,0.2826953,0,0,adulto
ICB_03370_003,ICB_135,pneumonia,3M Littmann Classic II SE,70.0,0,0,3,0.2452069,0.23751003,0,0,adulto
ICB_03370_004,ICB_135,pneumonia,3M Littmann Classic II SE,70.0,0,0,3,0.25159454,0.3271563,0,0,adulto
ICB_03370_005,ICB_135,pneumonia,3M Littmann Classic II SE,70.0,0,0,3,0.29285896,0.301104,0,0,adulto
ICB_03370_006,ICB_135,pneumonia,3M Littmann Classic II SE,70.0,0,0,3,0.2638069,0.28343463,0,0,adulto
ICB_03370_007,ICB_135,pneumonia,3M Littmann Classic II SE,70.0,0,0,3,0.2408325,0.2991048,0,0,adulto
ICB_03370_008,ICB_135,pneumonia,3M Littmann Classic II SE,70.0,0,0,3,0.24321198,0.31070942,0,0,adulto
ICB_03371_000,ICB_135,pneumonia,3M Littmann Classic II SE,70.0,0,0,3,0.5482967,0.5809578,1,0,adulto
ICB_03371_001,ICB_135,pneumonia,3M Littmann Classic II SE,70.0,0,0,3,0.6587486,0.561666,1,0,adulto
ICB_03371_002,ICB_135,pneumonia,3M Littmann Classic II SE,70.0,0,0,3,0.55169684,0.58783513,1,0,adulto
ICB_03371_003,ICB_135,pneumonia,3M Littmann Classic II SE,70.0,0,0,3,0.51857954,0.6507336,1,0,adulto
ICB_03371_004,ICB_135,pneumonia,3M Littmann Classic II SE,70.0,0,0,3,0.550327,0.58791184,1,0,adulto
ICB_03371_005,ICB_135,pneumonia,3M Littmann Classic II SE,70.0,0,0,3,0.5730244,0.66836625,1,0,adulto
ICB_03371_006,ICB_135,pneumonia,3M Littmann Classic II SE,70.0,0,0,3,0.542943,0.6111503,1,0,adulto
ICB_03371_007,ICB_135,pneumonia,3M Littmann Classic II SE,70.0,0,0,3,0.38126975,0.46809015,0,0,adulto
ICB_03372_000,ICB_135,pneumonia,3M Littmann Classic II SE,70.0,0,0,3,0.50237995,0.43496528,1,0,adulto
ICB_03372_001,ICB_135,pneumonia,3M Littmann Classic II SE,70.0,0,0,3,0.5345064,0.54982984,1,0,adulto
ICB_03372_002,ICB_135,pneumonia,3M Littmann Classic II SE,70.0,0,0,3,0.46794793,0.46902448,1,0,adulto
ICB_03372_003,ICB_135,pneumonia,3M Littmann Classic II SE,70.0,0,0,3,0.429747,0.48508558,1,0,adulto
ICB_03372_004,ICB_135,pneumonia,3M Littmann Classic II SE,70.0,0,0,3,0.4681729,0.5261379,1,0,adulto
ICB_03372_005,ICB_135,pneumonia,3M Littmann Classic II SE,70.0,0,0,3,0.45406425,0.5843434,1,0,adulto
ICB_03372_006,ICB_135,pneumonia,3M Littmann Classic II SE,70.0,0,0,3,0.44723424,0.4957056,1,0,adulto
ICB_03372_007,ICB_135,pneumonia,3M Littmann Classic II SE,70.0,0,0,3,0.35759377,0.36537424,0,0,adulto
ICB_03373_000,ICB_135,pneumonia,3M Littmann Classic II SE,70.0,0,0,3,0.61871517,0.35359222,1,0,adulto
ICB_03373_001,ICB_135,pneumonia,3M Littmann Classic II SE,70.0,0,0,3,0.4720484,0.32929298,1,0,adulto
ICB_03373_002,ICB_135,pneumonia,3M Littmann Classic II SE,70.0,0,0,3,0.46619985,0.39870667,1,0,adulto
ICB_03373_003,ICB_135,pneumonia,3M Littmann Classic II SE,70.0,0,0,3,0.4550006,0.3966711,1,0,adulto
ICB_03373_004,ICB_135,pneumonia,3M Littmann Classic II SE,70.0,0,0,3,0.46362185,0.4241188,1,0,adulto
ICB_03373_005,ICB_135,pneumonia,3M Littmann Classic II SE,70.0,0,0,3,0.46318868,0.36608204,1,0,adulto
ICB_03373_006,ICB_135,pneumonia,3M Littmann Classic II SE,70.0,0,0,3,0.33870068,0.39766356,0,0,adulto
ICB_03374_000,ICB_135,pneumonia,3M Littmann Classic II SE,70.0,0,0,3,0.34895816,0.42169803,0,0,adulto
ICB_03374_001,ICB_135,pneumonia,3M Littmann Classic II SE,70.0,0,0,3,0.46908852,0.45282492,1,0,adulto
ICB_03374_002,ICB_135,pneumonia,3M Littmann Classic II SE,70.0,0,0,3,0.24576338,0.27936384,0,0,adulto
ICB_03374_003,ICB_135,pneumonia,3M Littmann Classic II SE,70.0,0,0,3,0.25202575,0.25731483,0,0,adulto
ICB_03374_004,ICB_135,pneumonia,3M Littmann Classic II SE,70.0,0,0,3,0.25407094,0.3038312,0,0,adulto
ICB_03374_005,ICB_135,pneumonia,3M Littmann Classic II SE,70.0,0,0,3,0.24191311,0.30878407,0,0,adulto
ICB_03374_006,ICB_135,pneumonia,3M Littmann Classic II SE,70.0,0,0,3,0.25071105,0.2871093,0,0,adulto
ICB_03374_007,ICB_135,pneumonia,3M Littmann Classic II SE,70.0,0,0,3,0.31087515,0.34521767,0,0,adulto
ICB_03375_000,ICB_135,pneumonia,3M Littmann Classic II SE,70.0,0,0,3,0.50651336,0.6716859,1,0,adulto
ICB_03375_001,ICB_135,pneumonia,3M Littmann Classic II SE,70.0,0,0,3,0.47430095,0.5832525,1,0,adulto
ICB_03375_002,ICB_135,pneumonia,3M Littmann Classic II SE,70.0,0,0,3,0.4767817,0.6202265,1,0,adulto
ICB_03375_003,ICB_135,pneumonia,3M Littmann Classic II SE,70.0,0,0,3,0.48216286,0.6529507,1,0,adulto
ICB_03375_004,ICB_135,pneumonia,3M Littmann Classic II SE,70.0,0,0,3,0.6011521,0.7343239,1,0,adulto
ICB_03375_005,ICB_135,pneumonia,3M Littmann Classic II SE,70.0,0,0,3,0.48551378,0.6150173,1,0,adulto
ICB_03375_006,ICB_135,pneumonia,3M Littmann Classic II SE,70.0,0,0,3,0.48955047,0.57191527,1,0,adulto
ICB_03375_007,ICB_135,pneumonia,3M Littmann Classic II SE,70.0,0,0,3,0.47206423,0.575918,1,0,adulto
ICB_03375_008,ICB_135,pneumonia,3M Littmann Classic II SE,70.0,0,0,3,0.36722943,0.45196804,0,0,adulto
ICB_03376_000,ICB_135,pneumonia,3M Littmann Classic II SE,70.0,0,0,3,0.38976252,0.5322592,0,0,adulto
ICB_03376_001,ICB_135,pneumonia,3M Littmann Classic II SE,70.0,0,0,3,0.38688794,0.46753612,0,0,adulto
ICB_03376_002,ICB_135,pneumonia,3M Littmann Classic II SE,70.0,0,0,3,0.3841879,0.43460426,0,0,adulto
ICB_03376_003,ICB_135,pneumonia,3M Littmann Classic II SE,70.0,0,0,3,0.36372545,0.4753011,0,0,adulto
ICB_03376_004,ICB_135,pneumonia,3M Littmann Classic II SE,70.0,0,0,3,0.45191467,0.6548936,1,0,adulto
ICB_03376_005,ICB_135,pneumonia,3M Littmann Classic II SE,70.0,0,0,3,0.41305843,0.50843686,1,0,adulto
ICB_03376_006,ICB_135,pneumonia,3M Littmann Classic II SE,70.0,0,0,3,0.37752897,0.37811926,0,0,adulto
ICB_03376_007,ICB_135,pneumonia,3M Littmann Classic II SE,70.0,0,0,3,0.37492234,0.43188202,0,0,adulto
ICB_03376_008,ICB_135,pneumonia,3M Littmann Classic II SE,70.0,0,0,3,0.35738793,0.398815,0,0,adulto
ICB_03377_000,ICB_135,pneumonia,3M Littmann Classic II SE,70.0,0,0,3,0.40592337,0.40403697,1,0,adulto
ICB_03377_001,ICB_135,pneumonia,3M Littmann Classic II SE,70.0,0,0,3,0.40269372,0.39810994,1,0,adulto
ICB_03377_002,ICB_135,pneumonia,3M Littmann Classic II SE,70.0,0,0,3,0.39517748,0.41185704,0,0,adulto
ICB_03377_003,ICB_135,pneumonia,3M Littmann Classic II SE,70.0,0,0,3,0.40206274,0.42016548,1,0,adulto
ICB_03377_004,ICB_135,pneumonia,3M Littmann Classic II SE,70.0,0,0,3,0.5065826,0.4766961,1,0,adulto
ICB_03377_005,ICB_135,pneumonia,3M Littmann Classic II SE,70.0,0,0,3,0.42898184,0.44548324,1,0,adulto
ICB_03377_006,ICB_135,pneumonia,3M Littmann Classic II SE,70.0,0,0,3,0.39934236,0.41737014,0,0,adulto
ICB_03377_007,ICB_135,pneumonia,3M Littmann Classic II SE,70.0,0,0,3,0.39896774,0.35911852,0,0,adulto
ICB_03377_008,ICB_135,pneumonia,3M Littmann Classic II SE,70.0,0,0,3,0.35616744,0.42996705,0,0,adulto
ICB_03378_000,ICB_135,pneumonia,3M Littmann Classic II SE,70.0,0,0,3,0.48487702,0.6902083,1,0,adulto
ICB_03378_001,ICB_135,pneumonia,3M Littmann Classic II SE,70.0,0,0,3,0.48940572,0.6371052,1,0,adulto
ICB_03378_002,ICB_135,pneumonia,3M Littmann Classic II SE,70.0,0,0,3,0.47043833,0.5450408,1,0,adulto
ICB_03378_003,ICB_135,pneumonia,3M Littmann Classic II SE,70.0,0,0,3,0.45712543,0.66932476,1,0,adulto
ICB_03378_004,ICB_135,pneumonia,3M Littmann Classic II SE,70.0,0,0,3,0.5867223,0.8931699,1,0,adulto
ICB_03378_005,ICB_135,pneumonia,3M Littmann Classic II SE,70.0,0,0,3,0.46295103,0.706762,1,0,adulto
ICB_03378_006,ICB_135,pneumonia,3M Littmann Classic II SE,70.0,0,0,3,0.50528944,0.69021046,1,0,adulto
ICB_03378_007,ICB_135,pneumonia,3M Littmann Classic II SE,70.0,0,0,3,0.4762435,0.62183607,1,0,adulto
ICB_03378_008,ICB_135,pneumonia,3M Littmann Classic II SE,70.0,0,0,3,0.37502727,0.45780703,0,0,adulto
ICB_03379_000,ICB_135,pneumonia,3M Littmann Classic II SE,70.0,0,0,3,0.23824444,0.3216108,0,0,adulto
ICB_03379_001,ICB_135,pneumonia,3M Littmann Classic II SE,70.0,0,0,3,0.23859423,0.32542276,0,0,adulto
ICB_03379_002,ICB_135,pneumonia,3M Littmann Classic II SE,70.0,0,0,3,0.24461964,0.27338603,0,0,adulto
ICB_03379_003,ICB_135,pneumonia,3M Littmann Classic II SE,70.0,0,0,3,0.24970843,0.3056537,0,0,adulto
ICB_03379_004,ICB_135,pneumonia,3M Littmann Classic II SE,70.0,0,0,3,0.27803665,0.3085529,0,0,adulto
ICB_03379_005,ICB_135,pneumonia,3M Littmann Classic II SE,70.0,0,0,3,0.27631357,0.3145637,0,0,adulto
ICB_03379_006,ICB_135,pneumonia,3M Littmann Classic II SE,70.0,0,0,3,0.24182928,0.2767104,0,0,adulto
ICB_03379_007,ICB_135,pneumonia,3M Littmann Classic II SE,70.0,0,0,3,0.2622068,0.2865947,0,0,adulto
ICB_03379_008,ICB_135,pneumonia,3M Littmann Classic II SE,70.0,0,0,3,0.34991667,0.42174178,0,0,adulto
ICB_03450_000,ICB_147,copd,AKG C417L Microphone,77.0,0,0,3,0.22996767,0.28943887,0,0,adulto
ICB_03450_001,ICB_147,copd,AKG C417L Microphone,77.0,0,0,3,0.25664786,0.29440132,0,0,adulto
ICB_03450_002,ICB_147,copd,AKG C417L Microphone,77.0,0,0,3,0.24383515,0.29207438,0,0,adulto
ICB_03450_003,ICB_147,copd,AKG C417L Microphone,77.0,0,0,3,0.23575789,0.26558343,0,0,adulto
ICB_03450_004,ICB_147,copd,AKG C417L Microphone,77.0,0,0,3,0.25896922,0.29985344,0,0,adulto
ICB_03450_005,ICB_147,copd,AKG C417L Microphone,77.0,0,0,3,0.23318128,0.2942215,0,0,adulto
ICB_03450_006,ICB_147,copd,AKG C417L Microphone,77.0,0,0,3,0.2530188,0.3071405,0,0,adulto
ICB_03450_007,ICB_147,copd,AKG C417L Microphone,77.0,0,1,3,0.24353638,0.31484792,0,2,adulto
ICB_03450_008,ICB_147,copd,AKG C417L Microphone,77.0,0,1,3,0.24873064,0.31307206,0,2,adulto
ICB_03450_009,ICB_147,copd,AKG C417L Microphone,77.0,0,1,3,0.24593735,0.3301735,0,2,adulto
ICB_03450_010,ICB_147,copd,AKG C417L Microphone,77.0,0,1,3,0.25075227,0.29649028,0,2,adulto
ICB_03450_011,ICB_147,copd,AKG C417L Microphone,77.0,0,0,3,0.31188557,0.36514398,0,0,adulto
ICB_03451_000,ICB_147,copd,AKG C417L Microphone,77.0,0,0,3,0.23852697,0.30184817,0,0,adulto
ICB_03451_001,ICB_147,copd,AKG C417L Microphone,77.0,0,0,3,0.24884982,0.30707252,0,0,adulto
ICB_03451_002,ICB_147,copd,AKG C417L Microphone,77.0,1,0,3,0.23585288,0.30067816,0,1,adulto
ICB_03451_003,ICB_147,copd,AKG C417L Microphone,77.0,1,0,3,0.23907045,0.32010037,0,1,adulto
ICB_03451_004,ICB_147,copd,AKG C417L Microphone,77.0,0,0,3,0.2507606,0.35435182,0,0,adulto
ICB_03451_005,ICB_147,copd,AKG C417L Microphone,77.0,0,0,3,0.2614411,0.3000998,0,0,adulto
ICB_03451_006,ICB_147,copd,AKG C417L Microphone,77.0,0,0,3,0.23106816,0.31016642,0,0,adulto
ICB_03451_007,ICB_147,copd,AKG C417L Microphone,77.0,0,0,3,0.23027511,0.3035143,0,0,adulto
ICB_03451_008,ICB_147,copd,AKG C417L Microphone,77.0,0,0,3,0.23146719,0.32649273,0,0,adulto
ICB_03451_009,ICB_147,copd,AKG C417L Microphone,77.0,0,0,3,0.21794891,0.33457026,0,0,adulto
ICB_03451_010,ICB_147,copd,AKG C417L Microphone,77.0,0,0,3,0.31861177,0.40025756,0,0,adulto
ICB_03452_000,ICB_147,copd,AKG C417L Microphone,77.0,0,1,3,0.26532495,0.34845403,0,2,adulto
ICB_03452_001,ICB_147,copd,AKG C417L Microphone,77.0,0,1,3,0.2520503,0.2943816,0,2,adulto
ICB_03452_002,ICB_147,copd,AKG C417L Microphone,77.0,0,0,3,0.24989782,0.31350553,0,0,adulto
ICB_03452_003,ICB_147,copd,AKG C417L Microphone,77.0,0,1,3,0.2536972,0.334618,0,2,adulto
ICB_03452_004,ICB_147,copd,AKG C417L Microphone,77.0,0,1,3,0.25286087,0.33412895,0,2,adulto
ICB_03452_005,ICB_147,copd,AKG C417L Microphone,77.0,0,1,3,0.25860506,0.3356348,0,2,adulto
ICB_03452_006,ICB_147,copd,AKG C417L Microphone,77.0,0,1,3,0.2584228,0.3589893,0,2,adulto
ICB_03452_007,ICB_147,copd,AKG C417L Microphone,77.0,0,1,3,0.2757206,0.31983814,0,2,adulto
ICB_03452_008,ICB_147,copd,AKG C417L Microphone,77.0,0,1,3,0.2751776,0.3146964,0,2,adulto
ICB_03452_009,ICB_147,copd,AKG C417L Microphone,77.0,0,0,3,0.27401963,0.33280677,0,0,adulto
ICB_03452_010,ICB_147,copd,AKG C417L Microphone,77.0,0,1,3,0.27940443,0.33423004,0,2,adulto
ICB_03452_011,ICB_147,copd,AKG C417L Microphone,77.0,0,0,3,0.28598928,0.3293317,0,0,adulto
ICB_03452_012,ICB_147,copd,AKG C417L Microphone,77.0,0,0,3,0.27833825,0.3292872,0,0,adulto
ICB_03452_013,ICB_147,copd,AKG C417L Microphone,77.0,0,1,3,0.27754778,0.351218,0,2,adulto
ICB_03452_014,ICB_147,copd,AKG C417L Microphone,77.0,0,0,3,0.2744443,0.34129494,0,0,adulto
ICB_03453_000,ICB_147,copd,AKG C417L Microphone,77.0,0,1,3,0.4257933,0.3902657,1,2,adulto
ICB_03453_001,ICB_147,copd,AKG C417L Microphone,77.0,0,1,3,0.4231324,0.47394904,1,2,adulto
ICB_03453_002,ICB_147,copd,AKG C417L Microphone,77.0,0,1,3,0.3242117,0.5827625,0,2,adulto
ICB_03453_003,ICB_147,copd,AKG C417L Microphone,77.0,0,0,3,0.4014278,0.47711796,1,0,adulto
ICB_03453_004,ICB_147,copd,AKG C417L Microphone,77.0,0,0,3,0.49305424,0.35178447,1,0,adulto
ICB_03454_000,ICB_147,copd,AKG C417L Microphone,77.0,0,1,3,0.40498304,0.25476465,1,2,adulto
ICB_03454_001,ICB_147,copd,AKG C417L Microphone,77.0,0,1,3,0.39792946,0.28901836,0,2,adulto
ICB_03454_002,ICB_147,copd,AKG C417L Microphone,77.0,0,1,3,0.3623885,0.5750325,0,2,adulto
ICB_03454_003,ICB_147,copd,AKG C417L Microphone,77.0,0,0,3,0.39731818,0.34503385,0,0,adulto
ICB_03454_004,ICB_147,copd,AKG C417L Microphone,77.0,0,0,3,0.39419213,0.23621915,0,0,adulto
ICB_03455_000,ICB_147,copd,AKG C417L Microphone,77.0,0,0,3,0.5658512,0.41702932,1,0,adulto
ICB_03455_001,ICB_147,copd,AKG C417L Microphone,77.0,0,1,3,0.55339354,0.47806987,1,2,adulto
ICB_03455_002,ICB_147,copd,AKG C417L Microphone,77.0,0,1,3,0.55220556,0.5144059,1,2,adulto
ICB_03455_003,ICB_147,copd,AKG C417L Microphone,77.0,0,1,3,0.60306907,0.44397292,1,2,adulto
ICB_03455_004,ICB_147,copd,AKG C417L Microphone,77.0,0,0,3,0.46832973,0.31119218,1,0,adulto
ICB_03456_000,ICB_147,copd,AKG C417L Microphone,77.0,0,0,3,0.43728545,0.40233502,1,0,adulto
ICB_03456_001,ICB_147,copd,AKG C417L Microphone,77.0,0,1,3,0.389586,0.6509699,0,2,adulto
ICB_03456_002,ICB_147,copd,AKG C417L Microphone,77.0,0,0,3,0.46380028,0.425883,1,0,adulto
ICB_03456_003,ICB_147,copd,AKG C417L Microphone,77.0,0,1,3,0.43185687,0.5060062,1,2,adulto
ICB_03456_004,ICB_147,copd,AKG C417L Microphone,77.0,0,0,3,0.43444967,0.39728326,1,0,adulto
ICB_03457_000,ICB_147,copd,AKG C417L Microphone,77.0,0,0,3,0.38821298,0.23937845,0,0,adulto
ICB_03457_001,ICB_147,copd,AKG C417L Microphone,77.0,0,1,3,0.39145258,0.35029522,0,2,adulto
ICB_03457_002,ICB_147,copd,AKG C417L Microphone,77.0,0,0,3,0.39291736,0.33396262,0,0,adulto
ICB_03457_003,ICB_147,copd,AKG C417L Microphone,77.0,0,0,3,0.40013614,0.42731747,1,0,adulto
ICB_03457_004,ICB_147,copd,AKG C417L Microphone,77.0,0,0,3,0.4154839,0.30887315,1,0,adulto
ICB_03458_000,ICB_147,copd,AKG C417L Microphone,77.0,0,0,3,0.6257653,0.4863247,1,0,adulto
ICB_03458_001,ICB_147,copd,AKG C417L Microphone,77.0,0,0,3,0.5305969,0.8402255,1,0,adulto
ICB_03458_002,ICB_147,copd,AKG C417L Microphone,77.0,0,0,3,0.6465271,0.6747552,1,0,adulto
ICB_03458_003,ICB_147,copd,AKG C417L Microphone,77.0,0,0,3,0.61340207,0.7731026,1,0,adulto
ICB_03458_004,ICB_147,copd,AKG C417L Microphone,77.0,0,0,3,0.4903597,0.4603551,1,0,adulto
ICB_03459_000,ICB_147,copd,AKG C417L Microphone,77.0,0,0,3,0.5449051,0.6636264,1,0,adulto
ICB_03459_001,ICB_147,copd,AKG C417L Microphone,77.0,0,0,3,0.40155393,0.845123,1,0,adulto
ICB_03459_002,ICB_147,copd,AKG C417L Microphone,77.0,0,0,3,0.51169246,0.6937815,1,0,adulto
ICB_03459_003,ICB_147,copd,AKG C417L Microphone,77.0,0,0,3,0.46946293,0.80970806,1,0,adulto
ICB_03459_004,ICB_147,copd,AKG C417L Microphone,77.0,0,0,3,0.44534758,0.5089123,1,0,adulto
ICB_03460_000,ICB_147,copd,AKG C417L Microphone,77.0,0,1,3,0.47268382,0.29218534,1,2,adulto
ICB_03460_001,ICB_147,copd,AKG C417L Microphone,77.0,0,1,3,0.41423595,0.54910356,1,2,adulto
ICB_03460_002,ICB_147,copd,AKG C417L Microphone,77.0,0,1,3,0.48329577,0.28504148,1,2,adulto
ICB_03460_003,ICB_147,copd,AKG C417L Microphone,77.0,0,1,3,0.50821525,0.31499594,1,2,adulto
ICB_03460_004,ICB_147,copd,AKG C417L Microphone,77.0,0,0,3,0.3864226,0.32149982,0,0,adulto
ICB_03461_000,ICB_147,copd,AKG C417L Microphone,77.0,0,0,3,0.4571221,0.3779268,1,0,adulto
ICB_03461_001,ICB_147,copd,AKG C417L Microphone,77.0,0,0,3,0.44498396,0.3331802,1,0,adulto
ICB_03461_002,ICB_147,copd,AKG C417L Microphone,77.0,0,0,3,0.41309306,0.46367225,1,0,adulto
ICB_03461_003,ICB_147,copd,AKG C417L Microphone,77.0,0,0,3,0.5226813,0.4084988,1,0,adulto
ICB_03461_004,ICB_147,copd,AKG C417L Microphone,77.0,0,0,3,0.3830046,0.39818588,0,0,adulto
ICB_03462_000,ICB_147,copd,AKG C417L Microphone,77.0,0,0,3,0.37091684,0.22395478,0,0,adulto
ICB_03462_001,ICB_147,copd,AKG C417L Microphone,77.0,0,0,3,0.35557,0.16036966,0,0,adulto
ICB_03462_002,ICB_147,copd,AKG C417L Microphone,77.0,0,0,3,0.39347178,0.2185219,0,0,adulto
ICB_03462_003,ICB_147,copd,AKG C417L Microphone,77.0,0,0,3,0.48549512,0.18171054,1,0,adulto
ICB_03462_004,ICB_147,copd,AKG C417L Microphone,77.0,0,0,3,0.4016603,0.3248638,1,0,adulto
ICB_03463_000,ICB_147,copd,AKG C417L Microphone,77.0,0,0,3,0.63196266,0.42891768,1,0,adulto
ICB_03463_001,ICB_147,copd,AKG C417L Microphone,77.0,0,0,3,0.63033116,0.42508945,1,0,adulto
ICB_03463_002,ICB_147,copd,AKG C417L Microphone,77.0,0,0,3,0.649608,0.6014156,1,0,adulto
ICB_03463_003,ICB_147,copd,AKG C417L Microphone,77.0,0,0,3,0.6534339,0.54900753,1,0,adulto
ICB_03463_004,ICB_147,copd,AKG C417L Microphone,77.0,0,0,3,0.46387726,0.48206347,1,0,adulto
ICB_03464_000,ICB_147,copd,AKG C417L Microphone,77.0,0,0,3,0.52444774,0.46633434,1,0,adulto
ICB_03464_001,ICB_147,copd,AKG C417L Microphone,77.0,0,0,3,0.5546802,0.44631723,1,0,adulto
ICB_03464_002,ICB_147,copd,AKG C417L Microphone,77.0,0,0,3,0.53695524,0.51650494,1,0,adulto
ICB_03464_003,ICB_147,copd,AKG C417L Microphone,77.0,0,0,3,0.5556413,0.54910016,1,0,adulto
ICB_03464_004,ICB_147,copd,AKG C417L Microphone,77.0,0,0,3,0.43836066,0.49451563,1,0,adulto
ICB_03465_000,ICB_147,copd,AKG C417L Microphone,77.0,0,1,3,0.5283461,0.38919675,1,2,adulto
ICB_03465_001,ICB_147,copd,AKG C417L Microphone,77.0,0,0,3,0.51513076,0.35971817,1,0,adulto
ICB_03465_002,ICB_147,copd,AKG C417L Microphone,77.0,0,0,3,0.5415787,0.32284737,1,0,adulto
ICB_03465_003,ICB_147,copd,AKG C417L Microphone,77.0,0,0,3,0.5968632,0.49033567,1,0,adulto
ICB_03465_004,ICB_147,copd,AKG C417L Microphone,77.0,0,0,3,0.41226006,0.3399031,1,0,adulto
ICB_03466_000,ICB_148,respiratory_infection,3M Littmann Classic II SE,4.0,0,0,3,0.34585613,0.43017167,0,0,pediátrico (<18)
ICB_03466_001,ICB_148,respiratory_infection,3M Littmann Classic II SE,4.0,0,0,3,0.269012,0.30203524,0,0,pediátrico (<18)
ICB_03466_002,ICB_148,respiratory_infection,3M Littmann Classic II SE,4.0,0,0,3,0.2319238,0.24242827,0,0,pediátrico (<18)
ICB_03466_003,ICB_148,respiratory_infection,3M Littmann Classic II SE,4.0,0,0,3,0.2481435,0.33294788,0,0,pediátrico (<18)
ICB_03466_004,ICB_148,respiratory_infection,3M Littmann Classic II SE,4.0,0,0,3,0.21776691,0.25208494,0,0,pediátrico (<18)
ICB_03466_005,ICB_148,respiratory_infection,3M Littmann Classic II SE,4.0,0,0,3,0.27185708,0.22498198,0,0,pediátrico (<18)
ICB_03466_006,ICB_148,respiratory_infection,3M Littmann Classic II SE,4.0,0,0,3,0.23890504,0.24704877,0,0,pediátrico (<18)
ICB_03466_007,ICB_148,respiratory_infection,3M Littmann Classic II SE,4.0,0,0,3,0.24695006,0.28265968,0,0,pediátrico (<18)
ICB_03466_008,ICB_148,respiratory_infection,3M Littmann Classic II SE,4.0,0,0,3,0.24382134,0.26003397,0,0,pediátrico (<18)
ICB_03466_009,ICB_148,respiratory_infection,3M Littmann Classic II SE,4.0,0,0,3,0.29489344,0.35592064,0,0,pediátrico (<18)
ICB_03466_010,ICB_148,respiratory_infection,3M Littmann Classic II SE,4.0,0,0,3,0.32348108,0.435186,0,0,pediátrico (<18)
ICB_03499_000,ICB_152,normal_lung,3M Littmann Classic II SE,16.0,0,0,3,0.41955212,0.33213782,1,0,pediátrico (<18)
ICB_03499_001,ICB_152,normal_lung,3M Littmann Classic II SE,16.0,0,0,3,0.4856577,0.33763096,1,0,pediátrico (<18)
ICB_03499_002,ICB_152,normal_lung,3M Littmann Classic II SE,16.0,0,0,3,0.44629356,0.3858572,1,0,pediátrico (<18)
ICB_03499_003,ICB_152,normal_lung,3M Littmann Classic II SE,16.0,0,0,3,0.4908191,0.3707012,1,0,pediátrico (<18)
ICB_03499_004,ICB_152,normal_lung,3M Littmann Classic II SE,16.0,0,0,3,0.5432034,0.40403533,1,0,pediátrico (<18)
ICB_03499_005,ICB_152,normal_lung,3M Littmann Classic II SE,16.0,0,0,3,0.5402055,0.40417755,1,0,pediátrico (<18)
ICB_03499_006,ICB_152,normal_lung,3M Littmann Classic II SE,16.0,0,0,3,0.49481308,0.31364658,1,0,pediátrico (<18)
ICB_03524_000,ICB_155,copd,3M Littmann Classic II SE,69.0,0,0,3,0.56664085,0.4403883,1,0,adulto
ICB_03524_001,ICB_155,copd,3M Littmann Classic II SE,69.0,0,0,3,0.63182396,0.5716753,1,0,adulto
ICB_03524_002,ICB_155,copd,3M Littmann Classic II SE,69.0,0,0,3,0.5856944,0.6210417,1,0,adulto
ICB_03524_003,ICB_155,copd,3M Littmann Classic II SE,69.0,0,0,3,0.6010286,0.61124504,1,0,adulto
ICB_03524_004,ICB_155,copd,3M Littmann Classic II SE,69.0,0,0,3,0.5877974,0.6011344,1,0,adulto
ICB_03524_005,ICB_155,copd,3M Littmann Classic II SE,69.0,0,0,3,0.38911557,0.3553096,0,0,adulto
ICB_03575_000,ICB_160,copd,AKG C417L Microphone,74.0,1,1,3,0.56000113,0.41618037,1,3,adulto
ICB_03575_001,ICB_160,copd,AKG C417L Microphone,74.0,1,1,3,0.6001226,0.40202266,1,3,adulto
ICB_03576_000,ICB_160,copd,AKG C417L Microphone,74.0,0,1,3,0.6616663,0.40424716,1,2,adulto
ICB_03576_001,ICB_160,copd,AKG C417L Microphone,74.0,0,1,3,0.70072645,0.42244738,1,2,adulto
ICB_03577_000,ICB_160,copd,AKG C417L Microphone,74.0,1,0,3,0.63038135,0.38045567,1,1,adulto
ICB_03577_001,ICB_160,copd,AKG C417L Microphone,74.0,0,1,3,0.6364817,0.41769356,1,2,adulto
ICB_03578_000,ICB_160,copd,AKG C417L Microphone,74.0,0,1,3,0.67599744,0.45677516,1,2,adulto
ICB_03578_001,ICB_160,copd,AKG C417L Microphone,74.0,0,1,3,0.70801616,0.4521931,1,2,adulto
ICB_03579_000,ICB_160,copd,AKG C417L Microphone,74.0,1,1,3,0.54455745,0.4599059,1,3,adulto
ICB_03579_001,ICB_160,copd,AKG C417L Microphone,74.0,0,1,3,0.6053238,0.36767545,1,2,adulto
ICB_03580_000,ICB_160,copd,AKG C417L Microphone,74.0,0,0,3,0.60832226,0.17282157,1,0,adulto
ICB_03580_001,ICB_160,copd,AKG C417L Microphone,74.0,0,1,3,0.52363926,0.314563,1,2,adulto
ICB_03581_000,ICB_160,copd,AKG C417L Microphone,74.0,0,1,3,0.34047207,0.1674863,0,2,adulto
ICB_03581_001,ICB_160,copd,AKG C417L Microphone,74.0,1,1,3,0.65043426,0.39838213,1,3,adulto
ICB_03581_002,ICB_160,copd,AKG C417L Microphone,74.0,0,1,3,0.65297276,0.36735693,1,2,adulto
ICB_03581_003,ICB_160,copd,AKG C417L Microphone,74.0,0,1,3,0.6794917,0.39852324,1,2,adulto
ICB_03581_004,ICB_160,copd,AKG C417L Microphone,74.0,0,0,3,0.520169,0.447902,1,0,adulto
ICB_03582_000,ICB_160,copd,AKG C417L Microphone,74.0,0,1,3,0.66081136,0.34683952,1,2,adulto
ICB_03582_001,ICB_160,copd,AKG C417L Microphone,74.0,0,1,3,0.63704175,0.40857035,1,2,adulto
ICB_03582_002,ICB_160,copd,AKG C417L Microphone,74.0,0,1,3,0.669135,0.43434402,1,2,adulto
ICB_03582_003,ICB_160,copd,AKG C417L Microphone,74.0,0,1,3,0.64572203,0.40991536,1,2,adulto
ICB_03582_004,ICB_160,copd,AKG C417L Microphone,74.0,0,0,3,0.52281725,0.4053572,1,0,adulto
ICB_03583_000,ICB_160,copd,AKG C417L Microphone,74.0,0,1,3,0.66081095,0.4618958,1,2,adulto
ICB_03583_001,ICB_160,copd,AKG C417L Microphone,74.0,0,1,3,0.7118377,0.50626904,1,2,adulto
ICB_03583_002,ICB_160,copd,AKG C417L Microphone,74.0,0,1,3,0.7012847,0.5216128,1,2,adulto
ICB_03583_003,ICB_160,copd,AKG C417L Microphone,74.0,0,1,3,0.68422,0.4241978,1,2,adulto
ICB_03583_004,ICB_160,copd,AKG C417L Microphone,74.0,0,0,3,0.5068741,0.42661434,1,0,adulto
ICB_03584_000,ICB_160,copd,AKG C417L Microphone,74.0,0,1,3,0.66911954,0.47103402,1,2,adulto
ICB_03584_001,ICB_160,copd,AKG C417L Microphone,74.0,1,1,3,0.6555214,0.46046844,1,3,adulto
ICB_03584_002,ICB_160,copd,AKG C417L Microphone,74.0,1,1,3,0.658618,0.476683,1,3,adulto
ICB_03584_003,ICB_160,copd,AKG C417L Microphone,74.0,0,1,3,0.6686703,0.4388797,1,2,adulto
ICB_03584_004,ICB_160,copd,AKG C417L Microphone,74.0,0,0,3,0.5193556,0.44458672,1,0,adulto
ICB_03585_000,ICB_160,copd,AKG C417L Microphone,74.0,1,1,3,0.55033433,0.38224623,1,3,adulto
ICB_03585_001,ICB_160,copd,AKG C417L Microphone,74.0,1,1,3,0.5887601,0.41092557,1,3,adulto
ICB_03585_002,ICB_160,copd,AKG C417L Microphone,74.0,1,1,3,0.5470483,0.47193527,1,3,adulto
ICB_03585_003,ICB_160,copd,AKG C417L Microphone,74.0,1,1,3,0.5671954,0.37829915,1,3,adulto
ICB_03585_004,ICB_160,copd,AKG C417L Microphone,74.0,1,0,3,0.43260592,0.39721188,1,1,adulto
ICB_03586_000,ICB_160,copd,AKG C417L Microphone,74.0,0,0,3,0.56939405,0.19831412,1,0,adulto
ICB_03586_001,ICB_160,copd,AKG C417L Microphone,74.0,0,1,3,0.5150982,0.2947716,1,2,adulto
ICB_03586_002,ICB_160,copd,AKG C417L Microphone,74.0,0,1,3,0.6407584,0.2633661,1,2,adulto
ICB_03586_003,ICB_160,copd,AKG C417L Microphone,74.0,0,1,3,0.47350162,0.24978524,1,2,adulto
ICB_03586_004,ICB_160,copd,AKG C417L Microphone,74.0,0,0,3,0.48365816,0.35320175,1,0,adulto
ICB_03587_000,ICB_160,copd,AKG C417L Microphone,74.0,1,1,3,0.711321,0.32980075,1,3,adulto
ICB_03587_001,ICB_160,copd,AKG C417L Microphone,74.0,1,1,3,0.6162414,0.33985937,1,3,adulto
ICB_03587_002,ICB_160,copd,AKG C417L Microphone,74.0,1,1,3,0.6684694,0.40058076,1,3,adulto
ICB_03587_003,ICB_160,copd,AKG C417L Microphone,74.0,1,1,3,0.68291444,0.34322003,1,3,adulto
ICB_03588_000,ICB_160,copd,AKG C417L Microphone,74.0,0,1,3,0.6869241,0.42302984,1,2,adulto
ICB_03588_001,ICB_160,copd,AKG C417L Microphone,74.0,0,1,3,0.700893,0.406491,1,2,adulto
ICB_03588_002,ICB_160,copd,AKG C417L Microphone,74.0,1,1,3,0.6711337,0.40666234,1,3,adulto
ICB_03588_003,ICB_160,copd,AKG C417L Microphone,74.0,1,1,3,0.7252194,0.49818757,1,3,adulto
ICB_03589_000,ICB_160,copd,AKG C417L Microphone,74.0,0,1,3,0.7071969,0.50597537,1,2,adulto
ICB_03589_001,ICB_160,copd,AKG C417L Microphone,74.0,0,1,3,0.6805267,0.43254375,1,2,adulto
ICB_03589_002,ICB_160,copd,AKG C417L Microphone,74.0,0,1,3,0.71656775,0.518478,1,2,adulto
ICB_03589_003,ICB_160,copd,AKG C417L Microphone,74.0,0,1,3,0.7214789,0.5235835,1,2,adulto
ICB_03590_000,ICB_160,copd,AKG C417L Microphone,74.0,0,1,3,0.70279545,0.38217318,1,2,adulto
ICB_03590_001,ICB_160,copd,AKG C417L Microphone,74.0,1,1,3,0.6648062,0.40811408,1,3,adulto
ICB_03590_002,ICB_160,copd,AKG C417L Microphone,74.0,0,1,3,0.66288185,0.47179556,1,2,adulto
ICB_03590_003,ICB_160,copd,AKG C417L Microphone,74.0,0,1,3,0.67659354,0.4629286,1,2,adulto
ICB_03591_000,ICB_160,copd,AKG C417L Microphone,74.0,1,1,3,0.5686295,0.3397519,1,3,adulto
ICB_03591_001,ICB_160,copd,AKG C417L Microphone,74.0,1,1,3,0.55179983,0.3663994,1,3,adulto
ICB_03591_002,ICB_160,copd,AKG C417L Microphone,74.0,1,0,3,0.582192,0.37837273,1,1,adulto
ICB_03591_003,ICB_160,copd,AKG C417L Microphone,74.0,1,0,3,0.57322794,0.3845901,1,1,adulto
ICB_03592_000,ICB_160,copd,AKG C417L Microphone,74.0,0,1,3,0.49910456,0.24735706,1,2,adulto
ICB_03592_001,ICB_160,copd,AKG C417L Microphone,74.0,0,1,3,0.48209405,0.2323134,1,2,adulto
ICB_03592_002,ICB_160,copd,AKG C417L Microphone,74.0,0,1,3,0.54449767,0.39354667,1,2,adulto
ICB_03592_003,ICB_160,copd,AKG C417L Microphone,74.0,0,1,3,0.5136884,0.36994103,1,2,adulto
ICB_03593_000,ICB_160,copd,AKG C417L Microphone,74.0,0,0,3,0.42890576,0.38165578,1,0,adulto
ICB_03593_001,ICB_160,copd,AKG C417L Microphone,74.0,0,0,3,0.40597993,0.38572773,1,0,adulto
ICB_03593_002,ICB_160,copd,AKG C417L Microphone,74.0,0,0,3,0.39404088,0.44262034,0,0,adulto
ICB_03593_003,ICB_160,copd,AKG C417L Microphone,74.0,1,0,3,0.45818377,0.39429688,1,1,adulto
ICB_03593_004,ICB_160,copd,AKG C417L Microphone,74.0,0,0,3,0.40147683,0.3524545,1,0,adulto
ICB_03593_005,ICB_160,copd,AKG C417L Microphone,74.0,0,0,3,0.4268089,0.33971795,1,0,adulto
ICB_03593_006,ICB_160,copd,AKG C417L Microphone,74.0,0,0,3,0.3881222,0.3774208,0,0,adulto
ICB_03594_000,ICB_160,copd,AKG C417L Microphone,74.0,1,0,3,0.4774421,0.24064054,1,1,adulto
ICB_03594_001,ICB_160,copd,AKG C417L Microphone,74.0,1,0,3,0.47942826,0.3121612,1,1,adulto
ICB_03594_002,ICB_160,copd,AKG C417L Microphone,74.0,1,0,3,0.46630833,0.30729908,1,1,adulto
ICB_03594_003,ICB_160,copd,AKG C417L Microphone,74.0,1,0,3,0.45788345,0.27028468,1,1,adulto
ICB_03594_004,ICB_160,copd,AKG C417L Microphone,74.0,1,0,3,0.49700814,0.24566308,1,1,adulto
ICB_03594_005,ICB_160,copd,AKG C417L Microphone,74.0,1,0,3,0.48236427,0.2765022,1,1,adulto
ICB_03594_006,ICB_160,copd,AKG C417L Microphone,74.0,1,0,3,0.41554385,0.3442503,1,1,adulto
ICB_03595_000,ICB_160,copd,AKG C417L Microphone,74.0,1,0,3,0.4952748,0.3669295,1,1,adulto
ICB_03595_001,ICB_160,copd,AKG C417L Microphone,74.0,1,0,3,0.49399826,0.3489073,1,1,adulto
ICB_03595_002,ICB_160,copd,AKG C417L Microphone,74.0,1,0,3,0.47445247,0.34390152,1,1,adulto
ICB_03595_003,ICB_160,copd,AKG C417L Microphone,74.0,1,0,3,0.4932826,0.34573975,1,1,adulto
ICB_03595_004,ICB_160,copd,AKG C417L Microphone,74.0,1,0,3,0.50061387,0.3185784,1,1,adulto
ICB_03595_005,ICB_160,copd,AKG C417L Microphone,74.0,1,0,3,0.5090727,0.34175888,1,1,adulto
ICB_03595_006,ICB_160,copd,AKG C417L Microphone,74.0,1,0,3,0.40978104,0.39428794,1,1,adulto
ICB_03596_000,ICB_160,copd,AKG C417L Microphone,74.0,1,0,3,0.50205964,0.37754333,1,1,adulto
ICB_03596_001,ICB_160,copd,AKG C417L Microphone,74.0,1,0,3,0.51932985,0.39568943,1,1,adulto
ICB_03596_002,ICB_160,copd,AKG C417L Microphone,74.0,1,0,3,0.5265572,0.4156214,1,1,adulto
ICB_03596_003,ICB_160,copd,AKG C417L Microphone,74.0,1,0,3,0.48099706,0.38510498,1,1,adulto
ICB_03596_004,ICB_160,copd,AKG C417L Microphone,74.0,1,0,3,0.5140738,0.34586394,1,1,adulto
ICB_03596_005,ICB_160,copd,AKG C417L Microphone,74.0,1,0,3,0.51752627,0.40773016,1,1,adulto
ICB_03596_006,ICB_160,copd,AKG C417L Microphone,74.0,1,0,3,0.41735125,0.4274131,1,1,adulto
ICB_03597_000,ICB_160,copd,AKG C417L Microphone,74.0,0,0,3,0.49582997,0.5381443,1,0,adulto
ICB_03597_001,ICB_160,copd,AKG C417L Microphone,74.0,0,0,3,0.4822621,0.49559712,1,0,adulto
ICB_03597_002,ICB_160,copd,AKG C417L Microphone,74.0,0,0,3,0.4538987,0.6102189,1,0,adulto
ICB_03597_003,ICB_160,copd,AKG C417L Microphone,74.0,0,0,3,0.46684438,0.5896422,1,0,adulto
ICB_03597_004,ICB_160,copd,AKG C417L Microphone,74.0,0,0,3,0.4752748,0.48895547,1,0,adulto
ICB_03597_005,ICB_160,copd,AKG C417L Microphone,74.0,0,0,3,0.49255165,0.5762649,1,0,adulto
ICB_03597_006,ICB_160,copd,AKG C417L Microphone,74.0,0,0,3,0.3931513,0.49282715,0,0,adulto
ICB_03624_000,ICB_163,copd,AKG C417L Microphone,62.0,0,0,3,0.43187827,0.37117583,1,0,adulto
ICB_03624_001,ICB_163,copd,AKG C417L Microphone,62.0,0,0,3,0.37448186,0.41412243,0,0,adulto
ICB_03624_002,ICB_163,copd,AKG C417L Microphone,62.0,0,0,3,0.29948658,0.35149887,0,0,adulto
ICB_03624_003,ICB_163,copd,AKG C417L Microphone,62.0,0,0,3,0.35332754,0.35229483,0,0,adulto
ICB_03624_004,ICB_163,copd,AKG C417L Microphone,62.0,0,0,3,0.35815975,0.38594583,0,0,adulto
ICB_03625_000,ICB_163,copd,AKG C417L Microphone,62.0,0,0,3,0.30708733,0.3628157,0,0,adulto
ICB_03625_001,ICB_163,copd,AKG C417L Microphone,62.0,0,0,3,0.24560317,0.4331572,0,0,adulto
ICB_03625_002,ICB_163,copd,AKG C417L Microphone,62.0,0,0,3,0.2093126,0.26835206,0,0,adulto
ICB_03625_003,ICB_163,copd,AKG C417L Microphone,62.0,0,0,3,0.25776872,0.3358023,0,0,adulto
ICB_03625_004,ICB_163,copd,AKG C417L Microphone,62.0,0,0,3,0.30264255,0.33468997,0,0,adulto
ICB_03626_000,ICB_163,copd,AKG C417L Microphone,62.0,0,0,3,0.4953701,0.34150025,1,0,adulto
ICB_03626_001,ICB_163,copd,AKG C417L Microphone,62.0,1,0,3,0.58532536,0.2763418,1,1,adulto
ICB_03626_002,ICB_163,copd,AKG C417L Microphone,62.0,1,0,3,0.5582601,0.27293393,1,1,adulto
ICB_03626_003,ICB_163,copd,AKG C417L Microphone,62.0,0,0,3,0.57120574,0.27516308,1,0,adulto
ICB_03626_004,ICB_163,copd,AKG C417L Microphone,62.0,0,0,3,0.4912877,0.3292299,1,0,adulto
ICB_03627_000,ICB_163,copd,AKG C417L Microphone,62.0,1,0,3,0.5963983,0.30283496,1,1,adulto
ICB_03627_001,ICB_163,copd,AKG C417L Microphone,62.0,0,0,3,0.6314443,0.36443466,1,0,adulto
ICB_03627_002,ICB_163,copd,AKG C417L Microphone,62.0,1,0,3,0.6338621,0.3806322,1,1,adulto
ICB_03627_003,ICB_163,copd,AKG C417L Microphone,62.0,1,0,3,0.6390464,0.28868294,1,1,adulto
ICB_03627_004,ICB_163,copd,AKG C417L Microphone,62.0,0,0,3,0.5378405,0.3138448,1,0,adulto
ICB_03628_000,ICB_163,copd,AKG C417L Microphone,62.0,1,0,3,0.5810822,0.271962,1,1,adulto
ICB_03628_001,ICB_163,copd,AKG C417L Microphone,62.0,1,0,3,0.63337994,0.27948952,1,1,adulto
ICB_03628_002,ICB_163,copd,AKG C417L Microphone,62.0,0,0,3,0.5724187,0.26923922,1,0,adulto
ICB_03628_003,ICB_163,copd,AKG C417L Microphone,62.0,0,0,3,0.6051606,0.349063,1,0,adulto
ICB_03628_004,ICB_163,copd,AKG C417L Microphone,62.0,0,0,3,0.538922,0.39186695,1,0,adulto
ICB_03629_000,ICB_163,copd,AKG C417L Microphone,62.0,0,0,3,0.5653192,0.42851493,1,0,adulto
ICB_03629_001,ICB_163,copd,AKG C417L Microphone,62.0,0,0,3,0.66966903,0.4883156,1,0,adulto
ICB_03629_002,ICB_163,copd,AKG C417L Microphone,62.0,0,0,3,0.68104064,0.48536646,1,0,adulto
ICB_03629_003,ICB_163,copd,AKG C417L Microphone,62.0,0,0,3,0.69480443,0.60516673,1,0,adulto
ICB_03629_004,ICB_163,copd,AKG C417L Microphone,62.0,0,0,3,0.5992516,0.48166105,1,0,adulto
ICB_03630_000,ICB_163,copd,AKG C417L Microphone,62.0,0,0,3,0.15600295,0.30417627,0,0,adulto
ICB_03630_001,ICB_163,copd,AKG C417L Microphone,62.0,0,0,3,0.13910307,0.28110754,0,0,adulto
ICB_03630_002,ICB_163,copd,AKG C417L Microphone,62.0,0,0,3,0.1289588,0.21559964,0,0,adulto
ICB_03630_003,ICB_163,copd,AKG C417L Microphone,62.0,0,0,3,0.12965398,0.2982823,0,0,adulto
ICB_03630_004,ICB_163,copd,AKG C417L Microphone,62.0,0,0,3,0.19376533,0.32032573,0,0,adulto
ICB_03631_000,ICB_163,copd,AKG C417L Microphone,62.0,0,0,3,0.48147866,0.43291184,1,0,adulto
ICB_03631_001,ICB_163,copd,AKG C417L Microphone,62.0,0,0,3,0.51879114,0.5221195,1,0,adulto
ICB_03631_002,ICB_163,copd,AKG C417L Microphone,62.0,0,0,3,0.5476165,0.5968468,1,0,adulto
ICB_03631_003,ICB_163,copd,AKG C417L Microphone,62.0,0,0,3,0.53777546,0.58982104,1,0,adulto
ICB_03631_004,ICB_163,copd,AKG C417L Microphone,62.0,0,0,3,0.48584065,0.52561265,1,0,adulto
ICB_03631_005,ICB_163,copd,AKG C417L Microphone,62.0,0,0,3,0.532559,0.47160733,1,0,adulto
ICB_03632_000,ICB_163,copd,AKG C417L Microphone,62.0,0,0,3,0.3337001,0.29358542,0,0,adulto
ICB_03632_001,ICB_163,copd,AKG C417L Microphone,62.0,0,0,3,0.34936097,0.35400122,0,0,adulto
ICB_03632_002,ICB_163,copd,AKG C417L Microphone,62.0,0,0,3,0.36075753,0.41087747,0,0,adulto
ICB_03632_003,ICB_163,copd,AKG C417L Microphone,62.0,0,0,3,0.35075933,0.45859846,0,0,adulto
ICB_03632_004,ICB_163,copd,AKG C417L Microphone,62.0,0,0,3,0.37010077,0.3619738,0,0,adulto
ICB_03632_005,ICB_163,copd,AKG C417L Microphone,62.0,0,0,3,0.34842378,0.3063448,0,0,adulto
ICB_03633_000,ICB_163,copd,AKG C417L Microphone,62.0,0,0,3,0.47524235,0.31255448,1,0,adulto
ICB_03633_001,ICB_163,copd,AKG C417L Microphone,62.0,0,0,3,0.5132505,0.46193507,1,0,adulto
ICB_03633_002,ICB_163,copd,AKG C417L Microphone,62.0,0,0,3,0.5933824,0.4130727,1,0,adulto
ICB_03633_003,ICB_163,copd,AKG C417L Microphone,62.0,0,0,3,0.55300856,0.45342058,1,0,adulto
ICB_03633_004,ICB_163,copd,AKG C417L Microphone,62.0,0,0,3,0.49517927,0.40166762,1,0,adulto
ICB_03633_005,ICB_163,copd,AKG C417L Microphone,62.0,0,0,3,0.53420067,0.35879043,1,0,adulto
ICB_03634_000,ICB_163,copd,AKG C417L Microphone,62.0,0,0,3,0.19562188,0.25156727,0,0,adulto
ICB_03634_001,ICB_163,copd,AKG C417L Microphone,62.0,0,0,3,0.28701833,0.48801637,0,0,adulto
ICB_03634_002,ICB_163,copd,AKG C417L Microphone,62.0,0,0,3,0.35607424,0.32785985,0,0,adulto
ICB_03634_003,ICB_163,copd,AKG C417L Microphone,62.0,0,0,3,0.32906324,0.388512,0,0,adulto
ICB_03634_004,ICB_163,copd,AKG C417L Microphone,62.0,0,0,3,0.2925968,0.5156844,0,0,adulto
ICB_03634_005,ICB_163,copd,AKG C417L Microphone,62.0,0,0,3,0.21633561,0.3773925,0,0,adulto
ICB_03635_000,ICB_163,copd,AKG C417L Microphone,62.0,0,0,3,0.50207376,0.6043294,1,0,adulto
ICB_03635_001,ICB_163,copd,AKG C417L Microphone,62.0,0,0,3,0.5834914,0.6716049,1,0,adulto
ICB_03635_002,ICB_163,copd,AKG C417L Microphone,62.0,0,0,3,0.6377078,0.6201765,1,0,adulto
ICB_03635_003,ICB_163,copd,AKG C417L Microphone,62.0,0,0,3,0.6303698,0.6529536,1,0,adulto
ICB_03635_004,ICB_163,copd,AKG C417L Microphone,62.0,0,0,3,0.5703697,0.6298536,1,0,adulto
ICB_03635_005,ICB_163,copd,AKG C417L Microphone,62.0,0,0,3,0.5751931,0.7213014,1,0,adulto
ICB_03636_000,ICB_163,copd,AKG C417L Microphone,62.0,0,0,3,0.5954907,0.6839283,1,0,adulto
ICB_03636_001,ICB_163,copd,AKG C417L Microphone,62.0,0,0,3,0.62869346,0.62925506,1,0,adulto
ICB_03636_002,ICB_163,copd,AKG C417L Microphone,62.0,0,0,3,0.6852128,0.6581858,1,0,adulto
ICB_03636_003,ICB_163,copd,AKG C417L Microphone,62.0,0,0,3,0.6708587,0.6541875,1,0,adulto
ICB_03636_004,ICB_163,copd,AKG C417L Microphone,62.0,0,0,3,0.60936487,0.6136587,1,0,adulto
ICB_03636_005,ICB_163,copd,AKG C417L Microphone,62.0,0,0,3,0.6461527,0.5947289,1,0,adulto
ICB_03646_000,ICB_167,bronchiolitis_asthma,3M Littmann Classic II SE,1.0,0,0,3,0.4615074,0.40365267,1,0,pediátrico (<18)
ICB_03646_001,ICB_167,bronchiolitis_asthma,3M Littmann Classic II SE,1.0,0,0,3,0.37385187,0.368404,0,0,pediátrico (<18)
ICB_03646_002,ICB_167,bronchiolitis_asthma,3M Littmann Classic II SE,1.0,0,0,3,0.36406508,0.31639895,0,0,pediátrico (<18)
ICB_03646_003,ICB_167,bronchiolitis_asthma,3M Littmann Classic II SE,1.0,0,0,3,0.36744952,0.32592613,0,0,pediátrico (<18)
ICB_03646_004,ICB_167,bronchiolitis_asthma,3M Littmann Classic II SE,1.0,0,0,3,0.37458774,0.3617137,0,0,pediátrico (<18)
ICB_03646_005,ICB_167,bronchiolitis_asthma,3M Littmann Classic II SE,1.0,0,0,3,0.35490587,0.35810468,0,0,pediátrico (<18)
ICB_03646_006,ICB_167,bronchiolitis_asthma,3M Littmann Classic II SE,1.0,0,0,3,0.3792628,0.32453015,0,0,pediátrico (<18)
ICB_03646_007,ICB_167,bronchiolitis_asthma,3M Littmann Classic II SE,1.0,0,0,3,0.3674504,0.37392473,0,0,pediátrico (<18)
ICB_03646_008,ICB_167,bronchiolitis_asthma,3M Littmann Classic II SE,1.0,0,0,3,0.35669985,0.34330973,0,0,pediátrico (<18)
ICB_03646_009,ICB_167,bronchiolitis_asthma,3M Littmann Classic II SE,1.0,0,0,3,0.40825802,0.3233886,1,0,pediátrico (<18)
ICB_03646_010,ICB_167,bronchiolitis_asthma,3M Littmann Classic II SE,1.0,0,0,3,0.4012888,0.39060825,1,0,pediátrico (<18)
ICB_03646_011,ICB_167,bronchiolitis_asthma,3M Littmann Classic II SE,1.0,0,0,3,0.3690507,0.38905555,0,0,pediátrico (<18)
ICB_03646_012,ICB_167,bronchiolitis_asthma,3M Littmann Classic II SE,1.0,0,0,3,0.3281093,0.35567576,0,0,pediátrico (<18)
ICB_03647_000,ICB_167,bronchiolitis_asthma,3M Littmann Classic II SE,1.0,0,0,3,0.41509762,0.49954826,1,0,pediátrico (<18)
ICB_03647_001,ICB_167,bronchiolitis_asthma,3M Littmann Classic II SE,1.0,0,1,3,0.34098595,0.5013578,0,2,pediátrico (<18)
ICB_03647_002,ICB_167,bronchiolitis_asthma,3M Littmann Classic II SE,1.0,0,1,3,0.3777473,0.42147827,0,2,pediátrico (<18)
ICB_03647_003,ICB_167,bronchiolitis_asthma,3M Littmann Classic II SE,1.0,0,0,3,0.38471043,0.40324014,0,0,pediátrico (<18)
ICB_03647_004,ICB_167,bronchiolitis_asthma,3M Littmann Classic II SE,1.0,0,1,3,0.3311163,0.43752322,0,2,pediátrico (<18)
ICB_03647_005,ICB_167,bronchiolitis_asthma,3M Littmann Classic II SE,1.0,0,1,3,0.3449901,0.4730398,0,2,pediátrico (<18)
ICB_03647_006,ICB_167,bronchiolitis_asthma,3M Littmann Classic II SE,1.0,0,1,3,0.35133576,0.44687667,0,2,pediátrico (<18)
ICB_03647_007,ICB_167,bronchiolitis_asthma,3M Littmann Classic II SE,1.0,0,0,3,0.43133655,0.39215547,1,0,pediátrico (<18)
ICB_03647_008,ICB_167,bronchiolitis_asthma,3M Littmann Classic II SE,1.0,0,0,3,0.41700235,0.37609464,1,0,pediátrico (<18)
ICB_03647_009,ICB_167,bronchiolitis_asthma,3M Littmann Classic II SE,1.0,0,1,3,0.36070374,0.43036312,0,2,pediátrico (<18)
ICB_03647_010,ICB_167,bronchiolitis_asthma,3M Littmann Classic II SE,1.0,0,1,3,0.34987685,0.4825785,0,2,pediátrico (<18)
ICB_03647_011,ICB_167,bronchiolitis_asthma,3M Littmann Classic II SE,1.0,0,0,3,0.4032486,0.480279,1,0,pediátrico (<18)
ICB_03647_012,ICB_167,bronchiolitis_asthma,3M Littmann Classic II SE,1.0,0,0,3,0.4172853,0.500421,1,0,pediátrico (<18)
ICB_03647_013,ICB_167,bronchiolitis_asthma,3M Littmann Classic II SE,1.0,0,0,3,0.41289023,0.49047044,1,0,pediátrico (<18)
ICB_03647_014,ICB_167,bronchiolitis_asthma,3M Littmann Classic II SE,1.0,0,1,3,0.3756171,0.4121796,0,2,pediátrico (<18)
ICB_03807_000,ICB_182,normal_lung,3M Littmann Classic II SE,11.0,1,0,3,0.34152764,0.3554948,0,1,pediátrico (<18)
ICB_03807_001,ICB_182,normal_lung,3M Littmann Classic II SE,11.0,1,0,3,0.4153885,0.4551024,1,1,pediátrico (<18)
ICB_03807_002,ICB_182,normal_lung,3M Littmann Classic II SE,11.0,0,0,3,0.45501396,0.5654045,1,0,pediátrico (<18)
ICB_03807_003,ICB_182,normal_lung,3M Littmann Classic II SE,11.0,1,0,3,0.28111666,0.35488513,0,1,pediátrico (<18)
ICB_03807_004,ICB_182,normal_lung,3M Littmann Classic II SE,11.0,0,0,3,0.29438603,0.3406907,0,0,pediátrico (<18)
ICB_03807_005,ICB_182,normal_lung,3M Littmann Classic II SE,11.0,1,0,3,0.32608834,0.41322175,0,1,pediátrico (<18)
ICB_03807_006,ICB_182,normal_lung,3M Littmann Classic II SE,11.0,1,0,3,0.28250363,0.34569353,0,1,pediátrico (<18)
ICB_03811_000,ICB_185,copd,3M Littmann 3200 Electronic,75.0,0,0,3,0.36160928,0.5751011,0,0,adulto
ICB_03811_001,ICB_185,copd,3M Littmann 3200 Electronic,75.0,0,0,3,0.3883333,0.6353516,0,0,adulto
ICB_03811_002,ICB_185,copd,3M Littmann 3200 Electronic,75.0,0,0,3,0.39008492,0.562058,0,0,adulto
ICB_03811_003,ICB_185,copd,3M Littmann 3200 Electronic,75.0,0,0,3,0.40339398,0.6792055,1,0,adulto
ICB_03811_004,ICB_185,copd,3M Littmann 3200 Electronic,75.0,0,0,3,0.46642157,0.8826167,1,0,adulto
ICB_03811_005,ICB_185,copd,3M Littmann 3200 Electronic,75.0,0,0,3,0.47551492,0.87385756,1,0,adulto
ICB_03811_006,ICB_185,copd,3M Littmann 3200 Electronic,75.0,0,0,3,0.35680437,0.72206,0,0,adulto
ICB_03812_000,ICB_185,copd,3M Littmann 3200 Electronic,75.0,0,0,3,0.34721863,0.48626465,0,0,adulto
ICB_03812_001,ICB_185,copd,3M Littmann 3200 Electronic,75.0,0,0,3,0.34015694,0.62736773,0,0,adulto
ICB_03812_002,ICB_185,copd,3M Littmann 3200 Electronic,75.0,0,0,3,0.37331414,0.5805077,0,0,adulto
ICB_03812_003,ICB_185,copd,3M Littmann 3200 Electronic,75.0,0,0,3,0.34695813,0.6025074,0,0,adulto
ICB_03812_004,ICB_185,copd,3M Littmann 3200 Electronic,75.0,0,0,3,0.3519882,0.5892835,0,0,adulto
ICB_03812_005,ICB_185,copd,3M Littmann 3200 Electronic,75.0,0,0,3,0.35630226,0.5695392,0,0,adulto
ICB_03812_006,ICB_185,copd,3M Littmann 3200 Electronic,75.0,0,0,3,0.34931934,0.59051615,0,0,adulto
ICB_03812_007,ICB_185,copd,3M Littmann 3200 Electronic,75.0,0,0,3,0.35710755,0.6131448,0,0,adulto
ICB_03812_008,ICB_185,copd,3M Littmann 3200 Electronic,75.0,0,0,3,0.36189103,0.603828,0,0,adulto
ICB_03812_009,ICB_185,copd,3M Littmann 3200 Electronic,75.0,0,0,3,0.31212232,0.7259504,0,0,adulto
ICB_03812_010,ICB_185,copd,3M Littmann 3200 Electronic,75.0,0,0,3,0.35589483,0.77890193,0,0,adulto
ICB_03813_000,ICB_185,copd,3M Littmann 3200 Electronic,75.0,0,0,3,0.35455108,0.71520084,0,0,adulto
ICB_03813_001,ICB_185,copd,3M Littmann 3200 Electronic,75.0,0,0,3,0.40292305,0.6691522,1,0,adulto
ICB_03813_002,ICB_185,copd,3M Littmann 3200 Electronic,75.0,0,0,3,0.40198898,0.7500044,1,0,adulto
ICB_03813_003,ICB_185,copd,3M Littmann 3200 Electronic,75.0,0,0,3,0.39491174,0.7431836,0,0,adulto
ICB_03813_004,ICB_185,copd,3M Littmann 3200 Electronic,75.0,0,0,3,0.4620733,0.7204036,1,0,adulto
ICB_03813_005,ICB_185,copd,3M Littmann 3200 Electronic,75.0,0,0,3,0.4011733,0.6192257,1,0,adulto
ICB_03813_006,ICB_185,copd,3M Littmann 3200 Electronic,75.0,0,0,3,0.45336697,0.7139824,1,0,adulto
ICB_03813_007,ICB_185,copd,3M Littmann 3200 Electronic,75.0,0,0,3,0.43018153,0.6318187,1,0,adulto
ICB_03813_008,ICB_185,copd,3M Littmann 3200 Electronic,75.0,0,1,3,0.39170212,0.77042854,0,2,adulto
ICB_03813_009,ICB_185,copd,3M Littmann 3200 Electronic,75.0,0,0,3,0.3635084,0.864747,0,0,adulto
ICB_03814_000,ICB_185,copd,3M Littmann 3200 Electronic,75.0,0,0,3,0.4514036,0.74113894,1,0,adulto
ICB_03814_001,ICB_185,copd,3M Littmann 3200 Electronic,75.0,0,0,3,0.42344633,0.68559873,1,0,adulto
ICB_03814_002,ICB_185,copd,3M Littmann 3200 Electronic,75.0,0,0,3,0.41670614,0.70527965,1,0,adulto
ICB_03814_003,ICB_185,copd,3M Littmann 3200 Electronic,75.0,0,0,3,0.42893854,0.6757957,1,0,adulto
ICB_03814_004,ICB_185,copd,3M Littmann 3200 Electronic,75.0,0,0,3,0.43021062,0.74763376,1,0,adulto
ICB_03814_005,ICB_185,copd,3M Littmann 3200 Electronic,75.0,0,0,3,0.45272508,0.87639743,1,0,adulto
ICB_03814_006,ICB_185,copd,3M Littmann 3200 Electronic,75.0,0,0,3,0.38625193,0.8356774,0,0,adulto
ICB_03815_000,ICB_185,copd,3M Littmann 3200 Electronic,75.0,0,0,3,0.35939008,0.68086237,0,0,adulto
ICB_03815_001,ICB_185,copd,3M Littmann 3200 Electronic,75.0,0,0,3,0.35963368,0.70591456,0,0,adulto
ICB_03815_002,ICB_185,copd,3M Littmann 3200 Electronic,75.0,0,0,3,0.35813746,0.73353934,0,0,adulto
ICB_03815_003,ICB_185,copd,3M Littmann 3200 Electronic,75.0,0,0,3,0.3377388,0.74735826,0,0,adulto
ICB_03815_004,ICB_185,copd,3M Littmann 3200 Electronic,75.0,0,0,3,0.34183034,0.75197244,0,0,adulto
ICB_03815_005,ICB_185,copd,3M Littmann 3200 Electronic,75.0,0,0,3,0.36757877,0.72955835,0,0,adulto
ICB_03815_006,ICB_185,copd,3M Littmann 3200 Electronic,75.0,0,0,3,0.3791079,0.6946413,0,0,adulto
ICB_03815_007,ICB_185,copd,3M Littmann 3200 Electronic,75.0,0,0,3,0.3630663,0.6952975,0,0,adulto
ICB_03815_008,ICB_185,copd,3M Littmann 3200 Electronic,75.0,0,0,3,0.34831536,0.8616435,0,0,adulto
ICB_03816_000,ICB_185,copd,3M Littmann 3200 Electronic,75.0,0,0,3,0.361166,0.65195376,0,0,adulto
ICB_03816_001,ICB_185,copd,3M Littmann 3200 Electronic,75.0,0,0,3,0.36570102,0.6409967,0,0,adulto
ICB_03816_002,ICB_185,copd,3M Littmann 3200 Electronic,75.0,0,0,3,0.3521433,0.6720031,0,0,adulto
ICB_03816_003,ICB_185,copd,3M Littmann 3200 Electronic,75.0,0,0,3,0.36009148,0.70100594,0,0,adulto
ICB_03816_004,ICB_185,copd,3M Littmann 3200 Electronic,75.0,0,0,3,0.36941063,0.6797408,0,0,adulto
ICB_03816_005,ICB_185,copd,3M Littmann 3200 Electronic,75.0,0,0,3,0.36798263,0.6383252,0,0,adulto
ICB_03816_006,ICB_185,copd,3M Littmann 3200 Electronic,75.0,0,0,3,0.37039122,0.73798364,0,0,adulto
ICB_03816_007,ICB_185,copd,3M Littmann 3200 Electronic,75.0,0,0,3,0.36351377,0.8066668,0,0,adulto
ICB_03816_008,ICB_185,copd,3M Littmann 3200 Electronic,75.0,0,0,3,0.48773482,0.7736844,1,0,adulto
ICB_03816_009,ICB_185,copd,3M Littmann 3200 Electronic,75.0,0,0,3,0.47064853,0.6552559,1,0,adulto
ICB_03816_010,ICB_185,copd,3M Littmann 3200 Electronic,75.0,0,0,3,0.45446643,0.8052445,1,0,adulto
ICB_03817_000,ICB_186,copd,AKG C417L Microphone,71.0,0,1,3,0.6301368,0.39667934,1,2,adulto
ICB_03817_001,ICB_186,copd,AKG C417L Microphone,71.0,0,0,3,0.5690382,0.43858123,1,0,adulto
ICB_03817_002,ICB_186,copd,AKG C417L Microphone,71.0,0,0,3,0.46610785,0.49973652,1,0,adulto
ICB_03817_003,ICB_186,copd,AKG C417L Microphone,71.0,0,0,3,0.46303588,0.45931453,1,0,adulto
ICB_03817_004,ICB_186,copd,AKG C417L Microphone,71.0,0,0,3,0.42678496,0.5357365,1,0,adulto
ICB_03818_000,ICB_186,copd,AKG C417L Microphone,71.0,1,0,3,0.61977625,0.48923248,1,1,adulto
ICB_03818_001,ICB_186,copd,AKG C417L Microphone,71.0,1,0,3,0.535863,0.48685405,1,1,adulto
ICB_03818_002,ICB_186,copd,AKG C417L Microphone,71.0,1,0,3,0.45478562,0.5356369,1,1,adulto
ICB_03818_003,ICB_186,copd,AKG C417L Microphone,71.0,1,0,3,0.43141803,0.52298355,1,1,adulto
ICB_03818_004,ICB_186,copd,AKG C417L Microphone,71.0,1,0,3,0.41324222,0.4588966,1,1,adulto
ICB_03819_000,ICB_186,copd,AKG C417L Microphone,71.0,1,0,3,0.3033142,0.491378,0,1,adulto
ICB_03819_001,ICB_186,copd,AKG C417L Microphone,71.0,1,0,3,0.277281,0.46387756,0,1,adulto
ICB_03819_002,ICB_186,copd,AKG C417L Microphone,71.0,1,0,3,0.19415244,0.6385271,0,1,adulto
ICB_03819_003,ICB_186,copd,AKG C417L Microphone,71.0,1,0,3,0.1853921,0.6291745,0,1,adulto
ICB_03819_004,ICB_186,copd,AKG C417L Microphone,71.0,1,0,3,0.31845146,0.5458022,0,1,adulto
ICB_03820_000,ICB_186,copd,AKG C417L Microphone,71.0,1,0,3,0.50326806,0.5372161,1,1,adulto
ICB_03820_001,ICB_186,copd,AKG C417L Microphone,71.0,1,0,3,0.50651604,0.374966,1,1,adulto
ICB_03820_002,ICB_186,copd,AKG C417L Microphone,71.0,1,0,3,0.39732295,0.64878243,0,1,adulto
ICB_03820_003,ICB_186,copd,AKG C417L Microphone,71.0,1,0,3,0.3657394,0.5394021,0,1,adulto
ICB_03820_004,ICB_186,copd,AKG C417L Microphone,71.0,1,0,3,0.39433634,0.47928083,0,1,adulto
ICB_03821_000,ICB_186,copd,AKG C417L Microphone,71.0,1,0,3,0.5689418,0.3571218,1,1,adulto
ICB_03821_001,ICB_186,copd,AKG C417L Microphone,71.0,1,0,3,0.5269425,0.35188484,1,1,adulto
ICB_03821_002,ICB_186,copd,AKG C417L Microphone,71.0,1,0,3,0.44686058,0.4666427,1,1,adulto
ICB_03821_003,ICB_186,copd,AKG C417L Microphone,71.0,1,0,3,0.43356434,0.42053777,1,1,adulto
ICB_03821_004,ICB_186,copd,AKG C417L Microphone,71.0,1,0,3,0.40972775,0.5210276,1,1,adulto
ICB_03822_000,ICB_186,copd,AKG C417L Microphone,71.0,0,0,3,0.5449357,0.3463087,1,0,adulto
ICB_03822_001,ICB_186,copd,AKG C417L Microphone,71.0,0,0,3,0.44632554,0.43093714,1,0,adulto
ICB_03822_002,ICB_186,copd,AKG C417L Microphone,71.0,0,0,3,0.4000782,0.46199045,1,0,adulto
ICB_03822_003,ICB_186,copd,AKG C417L Microphone,71.0,0,0,3,0.3863649,0.48253042,0,0,adulto
ICB_03822_004,ICB_186,copd,AKG C417L Microphone,71.0,0,0,3,0.3475818,0.41933402,0,0,adulto
ICB_03823_000,ICB_186,copd,AKG C417L Microphone,71.0,0,0,3,0.5896522,0.40275514,1,0,adulto
ICB_03823_001,ICB_186,copd,AKG C417L Microphone,71.0,0,0,3,0.59749234,0.4707647,1,0,adulto
ICB_03823_002,ICB_186,copd,AKG C417L Microphone,71.0,0,0,3,0.5475935,0.50500864,1,0,adulto
ICB_03823_003,ICB_186,copd,AKG C417L Microphone,71.0,0,0,3,0.60304546,0.3798392,1,0,adulto
ICB_03823_004,ICB_186,copd,AKG C417L Microphone,71.0,1,0,3,0.49069434,0.433897,1,1,adulto
ICB_03824_000,ICB_186,copd,AKG C417L Microphone,71.0,0,0,3,0.5867523,0.33259693,1,0,adulto
ICB_03824_001,ICB_186,copd,AKG C417L Microphone,71.0,1,0,3,0.53237504,0.4284057,1,1,adulto
ICB_03824_002,ICB_186,copd,AKG C417L Microphone,71.0,1,0,3,0.5291777,0.5288529,1,1,adulto
ICB_03824_003,ICB_186,copd,AKG C417L Microphone,71.0,1,0,3,0.6039128,0.3746338,1,1,adulto
ICB_03824_004,ICB_186,copd,AKG C417L Microphone,71.0,1,0,3,0.4687669,0.42524338,1,1,adulto
ICB_03825_000,ICB_186,copd,AKG C417L Microphone,71.0,1,0,3,0.29540846,0.54137576,0,1,adulto
ICB_03825_001,ICB_186,copd,AKG C417L Microphone,71.0,1,0,3,0.3343088,0.51396143,0,1,adulto
ICB_03825_002,ICB_186,copd,AKG C417L Microphone,71.0,1,0,3,0.27426472,0.5874168,0,1,adulto
ICB_03825_003,ICB_186,copd,AKG C417L Microphone,71.0,1,0,3,0.30447838,0.43923277,0,1,adulto
ICB_03825_004,ICB_186,copd,AKG C417L Microphone,71.0,1,0,3,0.3645682,0.4688541,0,1,adulto
ICB_03826_000,ICB_186,copd,AKG C417L Microphone,71.0,1,0,3,0.5022165,0.53555566,1,1,adulto
ICB_03826_001,ICB_186,copd,AKG C417L Microphone,71.0,1,0,3,0.52720296,0.440223,1,1,adulto
ICB_03826_002,ICB_186,copd,AKG C417L Microphone,71.0,1,0,3,0.5222274,0.42733192,1,1,adulto
ICB_03826_003,ICB_186,copd,AKG C417L Microphone,71.0,1,0,3,0.558572,0.39212123,1,1,adulto
ICB_03826_004,ICB_186,copd,AKG C417L Microphone,71.0,1,0,3,0.43884632,0.45206532,1,1,adulto
ICB_03827_000,ICB_186,copd,AKG C417L Microphone,71.0,1,0,3,0.5547596,0.41175944,1,1,adulto
ICB_03827_001,ICB_186,copd,AKG C417L Microphone,71.0,1,0,3,0.60441977,0.34761623,1,1,adulto
ICB_03827_002,ICB_186,copd,AKG C417L Microphone,71.0,1,0,3,0.5967977,0.3314959,1,1,adulto
ICB_03827_003,ICB_186,copd,AKG C417L Microphone,71.0,1,0,3,0.6310495,0.2850236,1,1,adulto
ICB_03827_004,ICB_186,copd,AKG C417L Microphone,71.0,1,0,3,0.4887075,0.38039762,1,1,adulto
ICB_03828_000,ICB_186,copd,AKG C417L Microphone,71.0,0,0,3,0.4207248,0.44589293,1,0,adulto
ICB_03828_001,ICB_186,copd,AKG C417L Microphone,71.0,0,0,3,0.3773079,0.44852665,0,0,adulto
ICB_03828_002,ICB_186,copd,AKG C417L Microphone,71.0,0,0,3,0.358547,0.5030375,0,0,adulto
ICB_03828_003,ICB_186,copd,AKG C417L Microphone,71.0,0,0,3,0.4131621,0.4902245,1,0,adulto
ICB_03828_004,ICB_186,copd,AKG C417L Microphone,71.0,0,1,3,0.4121371,0.49956074,1,2,adulto
ICB_03829_000,ICB_186,copd,AKG C417L Microphone,71.0,1,0,3,0.5969726,0.3707813,1,1,adulto
ICB_03829_001,ICB_186,copd,AKG C417L Microphone,71.0,0,0,3,0.6171217,0.30444947,1,0,adulto
ICB_03829_002,ICB_186,copd,AKG C417L Microphone,71.0,1,0,3,0.6217152,0.31308818,1,1,adulto
ICB_03829_003,ICB_186,copd,AKG C417L Microphone,71.0,1,0,3,0.6021628,0.2859296,1,1,adulto
ICB_03829_004,ICB_186,copd,AKG C417L Microphone,71.0,1,0,3,0.48766246,0.40136895,1,1,adulto
ICB_03830_000,ICB_186,copd,AKG C417L Microphone,71.0,1,0,3,0.6255938,0.4193756,1,1,adulto
ICB_03830_001,ICB_186,copd,AKG C417L Microphone,71.0,1,0,3,0.6201254,0.46329847,1,1,adulto
ICB_03830_002,ICB_186,copd,AKG C417L Microphone,71.0,1,0,3,0.60589534,0.4834105,1,1,adulto
ICB_03830_003,ICB_186,copd,AKG C417L Microphone,71.0,1,0,3,0.5881623,0.47868425,1,1,adulto
ICB_03830_004,ICB_186,copd,AKG C417L Microphone,71.0,1,0,3,0.47451064,0.42118827,1,1,adulto
ICB_03831_000,ICB_186,copd,AKG C417L Microphone,71.0,1,0,3,0.2852829,0.38560757,0,1,adulto
ICB_03831_001,ICB_186,copd,AKG C417L Microphone,71.0,1,0,3,0.27235454,0.36987144,0,1,adulto
ICB_03831_002,ICB_186,copd,AKG C417L Microphone,71.0,1,0,3,0.2762433,0.52919304,0,1,adulto
ICB_03831_003,ICB_186,copd,AKG C417L Microphone,71.0,1,0,3,0.30892062,0.38747376,0,1,adulto
ICB_03831_004,ICB_186,copd,AKG C417L Microphone,71.0,1,0,3,0.35252097,0.3620586,0,1,adulto
ICB_03832_000,ICB_186,copd,AKG C417L Microphone,71.0,1,0,3,0.57152784,0.28796837,1,1,adulto
ICB_03832_001,ICB_186,copd,AKG C417L Microphone,71.0,0,0,3,0.55383146,0.33547154,1,0,adulto
ICB_03832_002,ICB_186,copd,AKG C417L Microphone,71.0,1,0,3,0.6200631,0.35921118,1,1,adulto
ICB_03832_003,ICB_186,copd,AKG C417L Microphone,71.0,1,0,3,0.56829906,0.35377213,1,1,adulto
ICB_03832_004,ICB_186,copd,AKG C417L Microphone,71.0,1,0,3,0.45140707,0.39536932,1,1,adulto
ICB_03833_000,ICB_186,copd,AKG C417L Microphone,71.0,1,0,3,0.6398364,0.2407157,1,1,adulto
ICB_03833_001,ICB_186,copd,AKG C417L Microphone,71.0,1,0,3,0.6450592,0.25301185,1,1,adulto
ICB_03833_002,ICB_186,copd,AKG C417L Microphone,71.0,1,0,3,0.63293666,0.3031238,1,1,adulto
ICB_03833_003,ICB_186,copd,AKG C417L Microphone,71.0,1,0,3,0.6309899,0.28384742,1,1,adulto
ICB_03833_004,ICB_186,copd,AKG C417L Microphone,71.0,1,0,3,0.48458946,0.41628805,1,1,adulto
ICB_03834_000,ICB_186,copd,AKG C417L Microphone,71.0,0,0,3,0.39865464,0.3722857,0,0,adulto
ICB_03834_001,ICB_186,copd,AKG C417L Microphone,71.0,0,0,3,0.36676756,0.46023753,0,0,adulto
ICB_03834_002,ICB_186,copd,AKG C417L Microphone,71.0,0,0,3,0.445466,0.37242523,1,0,adulto
ICB_03834_003,ICB_186,copd,AKG C417L Microphone,71.0,0,0,3,0.4003834,0.33178592,1,0,adulto
ICB_03834_004,ICB_186,copd,AKG C417L Microphone,71.0,0,0,3,0.41981074,0.43006334,1,0,adulto
ICB_03835_000,ICB_186,copd,AKG C417L Microphone,71.0,0,0,3,0.6265536,0.44079572,1,0,adulto
ICB_03835_001,ICB_186,copd,AKG C417L Microphone,71.0,0,0,3,0.6072966,0.39005584,1,0,adulto
ICB_03835_002,ICB_186,copd,AKG C417L Microphone,71.0,1,0,3,0.571779,0.44092447,1,1,adulto
ICB_03835_003,ICB_186,copd,AKG C417L Microphone,71.0,0,0,3,0.58627623,0.38451526,1,0,adulto
ICB_03835_004,ICB_186,copd,AKG C417L Microphone,71.0,0,0,3,0.6091738,0.4004166,1,0,adulto
ICB_03835_005,ICB_186,copd,AKG C417L Microphone,71.0,0,0,3,0.45981857,0.42760327,1,0,adulto
ICB_03836_000,ICB_186,copd,AKG C417L Microphone,71.0,0,0,3,0.6268019,0.5503184,1,0,adulto
ICB_03836_001,ICB_186,copd,AKG C417L Microphone,71.0,0,0,3,0.57358366,0.42675433,1,0,adulto
ICB_03836_002,ICB_186,copd,AKG C417L Microphone,71.0,1,0,3,0.5617902,0.46931732,1,1,adulto
ICB_03836_003,ICB_186,copd,AKG C417L Microphone,71.0,0,0,3,0.6047104,0.4128397,1,0,adulto
ICB_03836_004,ICB_186,copd,AKG C417L Microphone,71.0,1,0,3,0.6106491,0.42028973,1,1,adulto
ICB_03836_005,ICB_186,copd,AKG C417L Microphone,71.0,1,0,3,0.44667232,0.42138454,1,1,adulto
ICB_03837_000,ICB_186,copd,AKG C417L Microphone,71.0,0,0,3,0.3518944,0.4563524,0,0,adulto
ICB_03837_001,ICB_186,copd,AKG C417L Microphone,71.0,0,0,3,0.35652262,0.4325392,0,0,adulto
ICB_03837_002,ICB_186,copd,AKG C417L Microphone,71.0,0,0,3,0.3902797,0.4128508,0,0,adulto
ICB_03837_003,ICB_186,copd,AKG C417L Microphone,71.0,0,0,3,0.37025455,0.3531738,0,0,adulto
ICB_03837_004,ICB_186,copd,AKG C417L Microphone,71.0,1,0,3,0.40292633,0.5248722,1,1,adulto
ICB_03837_005,ICB_186,copd,AKG C417L Microphone,71.0,0,0,3,0.3575381,0.403486,0,0,adulto
ICB_03838_000,ICB_186,copd,AKG C417L Microphone,71.0,1,0,3,0.5330387,0.35984817,1,1,adulto
ICB_03838_001,ICB_186,copd,AKG C417L Microphone,71.0,1,0,3,0.49787912,0.37987396,1,1,adulto
ICB_03838_002,ICB_186,copd,AKG C417L Microphone,71.0,1,0,3,0.50135523,0.40899366,1,1,adulto
ICB_03838_003,ICB_186,copd,AKG C417L Microphone,71.0,1,0,3,0.5169929,0.40925363,1,1,adulto
ICB_03838_004,ICB_186,copd,AKG C417L Microphone,71.0,1,0,3,0.48495072,0.43985304,1,1,adulto
ICB_03838_005,ICB_186,copd,AKG C417L Microphone,71.0,1,0,3,0.383851,0.43460944,0,1,adulto
ICB_03839_000,ICB_186,copd,AKG C417L Microphone,71.0,0,0,3,0.54112655,0.28127426,1,0,adulto
ICB_03839_001,ICB_186,copd,AKG C417L Microphone,71.0,0,0,3,0.52908194,0.28429222,1,0,adulto
ICB_03839_002,ICB_186,copd,AKG C417L Microphone,71.0,0,0,3,0.51089704,0.28556865,1,0,adulto
ICB_03839_003,ICB_186,copd,AKG C417L Microphone,71.0,0,0,3,0.53510714,0.27452853,1,0,adulto
ICB_03839_004,ICB_186,copd,AKG C417L Microphone,71.0,0,0,3,0.48872346,0.27599043,1,0,adulto
ICB_03839_005,ICB_186,copd,AKG C417L Microphone,71.0,0,0,3,0.40537792,0.4123371,1,0,adulto
ICB_03840_000,ICB_186,copd,AKG C417L Microphone,71.0,0,0,3,0.51052433,0.33836222,1,0,adulto
ICB_03840_001,ICB_186,copd,AKG C417L Microphone,71.0,0,0,3,0.408321,0.38667575,1,0,adulto
ICB_03840_002,ICB_186,copd,AKG C417L Microphone,71.0,0,0,3,0.37792885,0.55766344,0,0,adulto
ICB_03840_003,ICB_186,copd,AKG C417L Microphone,71.0,0,0,3,0.46113083,0.3732376,1,0,adulto
ICB_03840_004,ICB_186,copd,AKG C417L Microphone,71.0,0,0,3,0.49500766,0.5084986,1,0,adulto
ICB_03840_005,ICB_186,copd,AKG C417L Microphone,71.0,0,0,3,0.3572876,0.45727643,0,0,adulto
ICB_03842_000,ICB_188,respiratory_infection,3M Littmann Classic II SE,3.0,0,0,3,0.4144761,0.40854526,1,0,pediátrico (<18)
ICB_03842_001,ICB_188,respiratory_infection,3M Littmann Classic II SE,3.0,0,0,3,0.45989954,0.33216333,1,0,pediátrico (<18)
ICB_03842_002,ICB_188,respiratory_infection,3M Littmann Classic II SE,3.0,0,0,3,0.4191467,0.36100274,1,0,pediátrico (<18)
ICB_03842_003,ICB_188,respiratory_infection,3M Littmann Classic II SE,3.0,0,0,3,0.45836192,0.37414187,1,0,pediátrico (<18)
ICB_03842_004,ICB_188,respiratory_infection,3M Littmann Classic II SE,3.0,0,0,3,0.40192145,0.3860232,1,0,pediátrico (<18)
ICB_03842_005,ICB_188,respiratory_infection,3M Littmann Classic II SE,3.0,0,0,3,0.43021816,0.3751036,1,0,pediátrico (<18)
ICB_03842_006,ICB_188,respiratory_infection,3M Littmann Classic II SE,3.0,0,0,3,0.39662084,0.36881095,0,0,pediátrico (<18)
ICB_03842_007,ICB_188,respiratory_infection,3M Littmann Classic II SE,3.0,0,0,3,0.3668949,0.34977537,0,0,pediátrico (<18)
ICB_03842_008,ICB_188,respiratory_infection,3M Littmann Classic II SE,3.0,0,0,3,0.3873793,0.37530544,0,0,pediátrico (<18)
ICB_03842_009,ICB_188,respiratory_infection,3M Littmann Classic II SE,3.0,0,0,3,0.40145224,0.38534778,1,0,pediátrico (<18)
ICB_03842_010,ICB_188,respiratory_infection,3M Littmann Classic II SE,3.0,0,0,3,0.41393515,0.3725727,1,0,pediátrico (<18)
ICB_03842_011,ICB_188,respiratory_infection,3M Littmann Classic II SE,3.0,0,0,3,0.39788774,0.38936606,0,0,pediátrico (<18)
ICB_03842_012,ICB_188,respiratory_infection,3M Littmann Classic II SE,3.0,0,0,3,0.4100307,0.3657124,1,0,pediátrico (<18)
ICB_03842_013,ICB_188,respiratory_infection,3M Littmann Classic II SE,3.0,0,0,3,0.39449447,0.33207983,0,0,pediátrico (<18)
ICB_03842_014,ICB_188,respiratory_infection,3M Littmann Classic II SE,3.0,0,0,3,0.36079738,0.42439264,0,0,pediátrico (<18)
ICB_03843_000,ICB_188,respiratory_infection,3M Littmann Classic II SE,3.0,0,0,3,0.38531843,0.44726744,0,0,pediátrico (<18)
ICB_03843_001,ICB_188,respiratory_infection,3M Littmann Classic II SE,3.0,0,0,3,0.3559696,0.3960947,0,0,pediátrico (<18)
ICB_03843_002,ICB_188,respiratory_infection,3M Littmann Classic II SE,3.0,0,0,3,0.35845706,0.37784243,0,0,pediátrico (<18)
ICB_03843_003,ICB_188,respiratory_infection,3M Littmann Classic II SE,3.0,0,0,3,0.34999347,0.39487928,0,0,pediátrico (<18)
ICB_03843_004,ICB_188,respiratory_infection,3M Littmann Classic II SE,3.0,0,0,3,0.37253627,0.39250422,0,0,pediátrico (<18)
ICB_03843_005,ICB_188,respiratory_infection,3M Littmann Classic II SE,3.0,0,0,3,0.36071935,0.3991938,0,0,pediátrico (<18)
ICB_03843_006,ICB_188,respiratory_infection,3M Littmann Classic II SE,3.0,0,0,3,0.36912268,0.4381326,0,0,pediátrico (<18)
ICB_03843_007,ICB_188,respiratory_infection,3M Littmann Classic II SE,3.0,0,0,3,0.36848208,0.44706434,0,0,pediátrico (<18)
ICB_03843_008,ICB_188,respiratory_infection,3M Littmann Classic II SE,3.0,0,0,3,0.39612314,0.41466445,0,0,pediátrico (<18)
ICB_03843_009,ICB_188,respiratory_infection,3M Littmann Classic II SE,3.0,0,0,3,0.42852288,0.38606915,1,0,pediátrico (<18)
ICB_03843_010,ICB_188,respiratory_infection,3M Littmann Classic II SE,3.0,0,0,3,0.36957687,0.37928936,0,0,pediátrico (<18)
ICB_03843_011,ICB_188,respiratory_infection,3M Littmann Classic II SE,3.0,0,0,3,0.37951615,0.44585782,0,0,pediátrico (<18)
ICB_03843_012,ICB_188,respiratory_infection,3M Littmann Classic II SE,3.0,0,0,3,0.4352303,0.43412617,1,0,pediátrico (<18)
ICB_03843_013,ICB_188,respiratory_infection,3M Littmann Classic II SE,3.0,0,0,3,0.40968457,0.40573117,1,0,pediátrico (<18)
ICB_03843_014,ICB_188,respiratory_infection,3M Littmann Classic II SE,3.0,0,0,3,0.36496666,0.40553916,0,0,pediátrico (<18)
ICB_03843_015,ICB_188,respiratory_infection,3M Littmann Classic II SE,3.0,0,0,3,0.3642505,0.39749327,0,0,pediátrico (<18)
ICB_03843_016,ICB_188,respiratory_infection,3M Littmann Classic II SE,3.0,0,0,3,0.35583207,0.4029181,0,0,pediátrico (<18)
ICB_03844_000,ICB_188,respiratory_infection,3M Littmann Classic II SE,3.0,0,0,3,0.42162323,0.48256922,1,0,pediátrico (<18)
ICB_03844_001,ICB_188,respiratory_infection,3M Littmann Classic II SE,3.0,0,0,3,0.47480544,0.46076897,1,0,pediátrico (<18)
ICB_03844_002,ICB_188,respiratory_infection,3M Littmann Classic II SE,3.0,0,0,3,0.42910478,0.4503297,1,0,pediátrico (<18)
ICB_03844_003,ICB_188,respiratory_infection,3M Littmann Classic II SE,3.0,0,0,3,0.4005191,0.43863162,1,0,pediátrico (<18)
ICB_03844_004,ICB_188,respiratory_infection,3M Littmann Classic II SE,3.0,0,0,3,0.4006433,0.44409394,1,0,pediátrico (<18)
ICB_03844_005,ICB_188,respiratory_infection,3M Littmann Classic II SE,3.0,0,0,3,0.4124374,0.4190252,1,0,pediátrico (<18)
ICB_03844_006,ICB_188,respiratory_infection,3M Littmann Classic II SE,3.0,0,0,3,0.40763664,0.4617455,1,0,pediátrico (<18)
ICB_03844_007,ICB_188,respiratory_infection,3M Littmann Classic II SE,3.0,0,0,3,0.40736723,0.4973013,1,0,pediátrico (<18)
ICB_03844_008,ICB_188,respiratory_infection,3M Littmann Classic II SE,3.0,0,0,3,0.50571483,0.58170575,1,0,pediátrico (<18)
ICB_03844_009,ICB_188,respiratory_infection,3M Littmann Classic II SE,3.0,0,0,3,0.3907885,0.44503018,0,0,pediátrico (<18)
ICB_03844_010,ICB_188,respiratory_infection,3M Littmann Classic II SE,3.0,0,0,3,0.40570617,0.4736889,1,0,pediátrico (<18)
ICB_03844_011,ICB_188,respiratory_infection,3M Littmann Classic II SE,3.0,0,0,3,0.4676288,0.5148521,1,0,pediátrico (<18)
ICB_03844_012,ICB_188,respiratory_infection,3M Littmann Classic II SE,3.0,0,0,3,0.57592237,0.52344424,1,0,pediátrico (<18)
ICB_03844_013,ICB_188,respiratory_infection,3M Littmann Classic II SE,3.0,0,0,3,0.36637416,0.4378796,0,0,pediátrico (<18)
ICB_03845_000,ICB_188,respiratory_infection,3M Littmann Classic II SE,3.0,0,0,3,0.32022977,0.39216775,0,0,pediátrico (<18)
ICB_03845_001,ICB_188,respiratory_infection,3M Littmann Classic II SE,3.0,0,0,3,0.2467073,0.23491153,0,0,pediátrico (<18)
ICB_03845_002,ICB_188,respiratory_infection,3M Littmann Classic II SE,3.0,0,0,3,0.25065714,0.16866386,0,0,pediátrico (<18)
ICB_03845_003,ICB_188,respiratory_infection,3M Littmann Classic II SE,3.0,0,0,3,0.21532701,0.21970835,0,0,pediátrico (<18)
ICB_03845_004,ICB_188,respiratory_infection,3M Littmann Classic II SE,3.0,0,0,3,0.20547199,0.25477403,0,0,pediátrico (<18)
ICB_03845_005,ICB_188,respiratory_infection,3M Littmann Classic II SE,3.0,0,0,3,0.19129765,0.24268815,0,0,pediátrico (<18)
ICB_03845_006,ICB_188,respiratory_infection,3M Littmann Classic II SE,3.0,0,0,3,0.22414887,0.24817087,0,0,pediátrico (<18)
ICB_03845_007,ICB_188,respiratory_infection,3M Littmann Classic II SE,3.0,0,0,3,0.21103926,0.22314677,0,0,pediátrico (<18)
ICB_03845_008,ICB_188,respiratory_infection,3M Littmann Classic II SE,3.0,0,0,3,0.2421627,0.27072918,0,0,pediátrico (<18)
ICB_03845_009,ICB_188,respiratory_infection,3M Littmann Classic II SE,3.0,0,0,3,0.2642724,0.29027107,0,0,pediátrico (<18)
ICB_03845_010,ICB_188,respiratory_infection,3M Littmann Classic II SE,3.0,0,0,3,0.22893168,0.25582138,0,0,pediátrico (<18)
ICB_03845_011,ICB_188,respiratory_infection,3M Littmann Classic II SE,3.0,0,0,3,0.22607556,0.28140125,0,0,pediátrico (<18)
ICB_03845_012,ICB_188,respiratory_infection,3M Littmann Classic II SE,3.0,0,0,3,0.24953248,0.30323797,0,0,pediátrico (<18)
ICB_03845_013,ICB_188,respiratory_infection,3M Littmann Classic II SE,3.0,0,0,3,0.22533996,0.2452513,0,0,pediátrico (<18)
ICB_03845_014,ICB_188,respiratory_infection,3M Littmann Classic II SE,3.0,0,0,3,0.23544826,0.25763553,0,0,pediátrico (<18)
ICB_03845_015,ICB_188,respiratory_infection,3M Littmann Classic II SE,3.0,0,0,3,0.27925798,0.34007695,0,0,pediátrico (<18)
ICB_03871_000,ICB_194,normal_lung,AKG C417L Microphone,2.0,0,0,3,0.4778898,0.34103575,1,0,pediátrico (<18)
ICB_03871_001,ICB_194,normal_lung,AKG C417L Microphone,2.0,0,0,3,0.5420549,0.49284974,1,0,pediátrico (<18)
ICB_03871_002,ICB_194,normal_lung,AKG C417L Microphone,2.0,0,0,3,0.5470857,0.50007385,1,0,pediátrico (<18)
ICB_03871_003,ICB_194,normal_lung,AKG C417L Microphone,2.0,0,0,3,0.5333291,0.4923501,1,0,pediátrico (<18)
ICB_03871_004,ICB_194,normal_lung,AKG C417L Microphone,2.0,0,0,3,0.5039828,0.53139144,1,0,pediátrico (<18)
ICB_03871_005,ICB_194,normal_lung,AKG C417L Microphone,2.0,0,0,3,0.49902713,0.51547307,1,0,pediátrico (<18)
ICB_03871_006,ICB_194,normal_lung,AKG C417L Microphone,2.0,0,0,3,0.49484888,0.49268016,1,0,pediátrico (<18)
ICB_03871_007,ICB_194,normal_lung,AKG C417L Microphone,2.0,0,0,3,0.5371261,0.4267138,1,0,pediátrico (<18)
ICB_03871_008,ICB_194,normal_lung,AKG C417L Microphone,2.0,0,0,3,0.38134688,0.3984887,0,0,pediátrico (<18)
ICB_03872_000,ICB_194,normal_lung,AKG C417L Microphone,2.0,0,0,3,0.50450575,0.5191648,1,0,pediátrico (<18)
ICB_03872_001,ICB_194,normal_lung,AKG C417L Microphone,2.0,0,0,3,0.60551566,0.5482209,1,0,pediátrico (<18)
ICB_03872_002,ICB_194,normal_lung,AKG C417L Microphone,2.0,0,0,3,0.6299904,0.5036344,1,0,pediátrico (<18)
ICB_03872_003,ICB_194,normal_lung,AKG C417L Microphone,2.0,0,0,3,0.5938107,0.5043576,1,0,pediátrico (<18)
ICB_03872_004,ICB_194,normal_lung,AKG C417L Microphone,2.0,0,0,3,0.57590204,0.4826028,1,0,pediátrico (<18)
ICB_03872_005,ICB_194,normal_lung,AKG C417L Microphone,2.0,0,0,3,0.6452374,0.557068,1,0,pediátrico (<18)
ICB_03872_006,ICB_194,normal_lung,AKG C417L Microphone,2.0,0,0,3,0.54789513,0.5076297,1,0,pediátrico (<18)
ICB_03872_007,ICB_194,normal_lung,AKG C417L Microphone,2.0,0,0,3,0.5753472,0.5198965,1,0,pediátrico (<18)
ICB_03872_008,ICB_194,normal_lung,AKG C417L Microphone,2.0,0,0,3,0.56351,0.4965025,1,0,pediátrico (<18)
ICB_03896_000,ICB_199,copd,3M Littmann Classic II SE,71.0,0,0,3,0.6050474,0.6815063,1,0,adulto
ICB_03896_001,ICB_199,copd,3M Littmann Classic II SE,71.0,1,0,3,0.6167919,0.7015191,1,1,adulto
ICB_03896_002,ICB_199,copd,3M Littmann Classic II SE,71.0,1,0,3,0.5710278,0.6429229,1,1,adulto
ICB_03896_003,ICB_199,copd,3M Littmann Classic II SE,71.0,1,0,3,0.60699785,0.67052525,1,1,adulto
ICB_03896_004,ICB_199,copd,3M Littmann Classic II SE,71.0,1,0,3,0.48680267,0.5709415,1,1,adulto
ICB_03896_005,ICB_199,copd,3M Littmann Classic II SE,71.0,0,0,3,0.56214494,0.54356825,1,0,adulto
ICB_03896_006,ICB_199,copd,3M Littmann Classic II SE,71.0,0,0,3,0.4242865,0.4863214,1,0,adulto
ICB_03896_007,ICB_199,copd,3M Littmann Classic II SE,71.0,0,0,3,0.5308112,0.65520215,1,0,adulto
ICB_03896_008,ICB_199,copd,3M Littmann Classic II SE,71.0,0,0,3,0.5040487,0.5552281,1,0,adulto
ICB_03897_000,ICB_199,copd,3M Littmann Classic II SE,71.0,1,0,3,0.44215086,0.53301024,1,1,adulto
ICB_03897_001,ICB_199,copd,3M Littmann Classic II SE,71.0,1,0,3,0.47270873,0.5102595,1,1,adulto
ICB_03897_002,ICB_199,copd,3M Littmann Classic II SE,71.0,1,0,3,0.46866497,0.6131687,1,1,adulto
ICB_03897_003,ICB_199,copd,3M Littmann Classic II SE,71.0,1,0,3,0.47034073,0.6228658,1,1,adulto
ICB_03897_004,ICB_199,copd,3M Littmann Classic II SE,71.0,1,0,3,0.5046149,0.5699821,1,1,adulto
ICB_03897_005,ICB_199,copd,3M Littmann Classic II SE,71.0,1,0,3,0.5009679,0.5930915,1,1,adulto
ICB_03897_006,ICB_199,copd,3M Littmann Classic II SE,71.0,1,0,3,0.54574096,0.6132409,1,1,adulto
ICB_03897_007,ICB_199,copd,3M Littmann Classic II SE,71.0,1,0,3,0.47582433,0.6611822,1,1,adulto
ICB_03897_008,ICB_199,copd,3M Littmann Classic II SE,71.0,0,0,3,0.46057686,0.5326476,1,0,adulto
ICB_03921_000,ICB_201,bronchiectasis,3M Littmann Classic II SE,73.0,0,0,3,0.46111643,0.39994478,1,0,adulto
ICB_03921_001,ICB_201,bronchiectasis,3M Littmann Classic II SE,73.0,1,0,3,0.39040598,0.29579931,0,1,adulto
ICB_03921_002,ICB_201,bronchiectasis,3M Littmann Classic II SE,73.0,0,1,3,0.41890538,0.28304797,1,2,adulto
ICB_03921_003,ICB_201,bronchiectasis,3M Littmann Classic II SE,73.0,1,1,3,0.49333367,0.241253,1,3,adulto
ICB_03921_004,ICB_201,bronchiectasis,3M Littmann Classic II SE,73.0,1,1,3,0.3711309,0.329519,0,3,adulto
ICB_03921_005,ICB_201,bronchiectasis,3M Littmann Classic II SE,73.0,0,1,3,0.3791993,0.2462931,0,2,adulto
ICB_03921_006,ICB_201,bronchiectasis,3M Littmann Classic II SE,73.0,0,0,3,0.3894232,0.23844339,0,0,adulto
ICB_03922_000,ICB_201,bronchiectasis,3M Littmann Classic II SE,73.0,0,0,3,0.39261225,0.5295192,0,0,adulto
ICB_03922_001,ICB_201,bronchiectasis,3M Littmann Classic II SE,73.0,0,1,3,0.3429788,0.7104323,0,2,adulto
ICB_03922_002,ICB_201,bronchiectasis,3M Littmann Classic II SE,73.0,0,1,3,0.36433694,0.5545467,0,2,adulto
ICB_03922_003,ICB_201,bronchiectasis,3M Littmann Classic II SE,73.0,0,1,3,0.3472697,0.709319,0,2,adulto
ICB_03922_004,ICB_201,bronchiectasis,3M Littmann Classic II SE,73.0,0,1,3,0.30442625,0.7851468,0,2,adulto
ICB_03922_005,ICB_201,bronchiectasis,3M Littmann Classic II SE,73.0,0,1,3,0.31815764,0.7359659,0,2,adulto
ICB_03922_006,ICB_201,bronchiectasis,3M Littmann Classic II SE,73.0,0,1,3,0.32402676,0.7419774,0,2,adulto
ICB_03923_000,ICB_201,bronchiectasis,3M Littmann Classic II SE,73.0,0,1,3,0.372675,0.4206694,0,2,adulto
ICB_03923_001,ICB_201,bronchiectasis,3M Littmann Classic II SE,73.0,1,1,3,0.38904548,0.22329512,0,3,adulto
ICB_03923_002,ICB_201,bronchiectasis,3M Littmann Classic II SE,73.0,1,1,3,0.3779152,0.305286,0,3,adulto
ICB_03923_003,ICB_201,bronchiectasis,3M Littmann Classic II SE,73.0,1,1,3,0.3665987,0.3224838,0,3,adulto
ICB_03923_004,ICB_201,bronchiectasis,3M Littmann Classic II SE,73.0,1,1,3,0.35486653,0.23645584,0,3,adulto
ICB_03923_005,ICB_201,bronchiectasis,3M Littmann Classic II SE,73.0,1,1,3,0.39653507,0.27022615,0,3,adulto
ICB_03923_006,ICB_201,bronchiectasis,3M Littmann Classic II SE,73.0,0,0,3,0.34146345,0.3349587,0,0,adulto
ICB_03924_000,ICB_201,bronchiectasis,3M Littmann Classic II SE,73.0,0,0,3,0.3820434,0.44771293,0,0,adulto
ICB_03924_001,ICB_201,bronchiectasis,3M Littmann Classic II SE,73.0,0,1,3,0.3143898,0.716072,0,2,adulto
ICB_03924_002,ICB_201,bronchiectasis,3M Littmann Classic II SE,73.0,1,1,3,0.33687672,0.68956405,0,3,adulto
ICB_03924_003,ICB_201,bronchiectasis,3M Littmann Classic II SE,73.0,0,1,3,0.28328827,0.673059,0,2,adulto
ICB_03924_004,ICB_201,bronchiectasis,3M Littmann Classic II SE,73.0,0,1,3,0.3516547,0.60552347,0,2,adulto
ICB_03924_005,ICB_201,bronchiectasis,3M Littmann Classic II SE,73.0,0,1,3,0.2944723,0.6984333,0,2,adulto
ICB_03924_006,ICB_201,bronchiectasis,3M Littmann Classic II SE,73.0,0,1,3,0.3218331,0.60248816,0,2,adulto
ICB_03925_000,ICB_201,bronchiectasis,3M Littmann Classic II SE,73.0,0,1,3,0.40821764,0.28991485,1,2,adulto
ICB_03925_001,ICB_201,bronchiectasis,3M Littmann Classic II SE,73.0,0,1,3,0.35912803,0.3632871,0,2,adulto
ICB_03925_002,ICB_201,bronchiectasis,3M Littmann Classic II SE,73.0,1,1,3,0.40839562,0.28316677,1,3,adulto
ICB_03925_003,ICB_201,bronchiectasis,3M Littmann Classic II SE,73.0,1,1,3,0.4003615,0.26623863,1,3,adulto
ICB_03925_004,ICB_201,bronchiectasis,3M Littmann Classic II SE,73.0,0,1,3,0.31430826,0.46102878,0,2,adulto
ICB_03925_005,ICB_201,bronchiectasis,3M Littmann Classic II SE,73.0,0,1,3,0.31611454,0.4451723,0,2,adulto
ICB_03926_000,ICB_201,bronchiectasis,3M Littmann Classic II SE,73.0,0,1,3,0.4085822,0.5634907,1,2,adulto
ICB_03926_001,ICB_201,bronchiectasis,3M Littmann Classic II SE,73.0,0,1,3,0.3372022,0.7398034,0,2,adulto
ICB_03926_002,ICB_201,bronchiectasis,3M Littmann Classic II SE,73.0,0,1,3,0.35517758,0.65744597,0,2,adulto
ICB_03926_003,ICB_201,bronchiectasis,3M Littmann Classic II SE,73.0,0,1,3,0.3114583,0.7610224,0,2,adulto
ICB_03926_004,ICB_201,bronchiectasis,3M Littmann Classic II SE,73.0,0,1,3,0.3471158,0.71130806,0,2,adulto
ICB_03926_005,ICB_201,bronchiectasis,3M Littmann Classic II SE,73.0,0,1,3,0.25639024,0.6574265,0,2,adulto
ICB_03926_006,ICB_201,bronchiectasis,3M Littmann Classic II SE,73.0,0,1,3,0.311552,0.63226473,0,2,adulto
ICB_03958_000,ICB_205,copd,AKG C417L Microphone,45.0,0,0,3,0.4695427,0.56387407,1,0,adulto
ICB_03958_001,ICB_205,copd,AKG C417L Microphone,45.0,0,0,3,0.5459471,0.5965445,1,0,adulto
ICB_03958_002,ICB_205,copd,AKG C417L Microphone,45.0,0,0,3,0.51906013,0.49247915,1,0,adulto
ICB_03958_003,ICB_205,copd,AKG C417L Microphone,45.0,1,0,3,0.5307786,0.5535626,1,1,adulto
ICB_03958_004,ICB_205,copd,AKG C417L Microphone,45.0,0,0,3,0.53311354,0.53389126,1,0,adulto
ICB_03958_005,ICB_205,copd,AKG C417L Microphone,45.0,0,0,3,0.41178456,0.40004915,1,0,adulto
ICB_03959_000,ICB_205,copd,AKG C417L Microphone,45.0,1,0,3,0.2835323,0.5025996,0,1,adulto
ICB_03959_001,ICB_205,copd,AKG C417L Microphone,45.0,1,0,3,0.36657715,0.5307182,0,1,adulto
ICB_03959_002,ICB_205,copd,AKG C417L Microphone,45.0,1,0,3,0.3744822,0.5317609,0,1,adulto
ICB_03959_003,ICB_205,copd,AKG C417L Microphone,45.0,1,0,3,0.35653502,0.48106608,0,1,adulto
ICB_03959_004,ICB_205,copd,AKG C417L Microphone,45.0,1,0,3,0.3462664,0.4852344,0,1,adulto
ICB_03959_005,ICB_205,copd,AKG C417L Microphone,45.0,1,0,3,0.3993518,0.3943136,0,1,adulto
ICB_03960_000,ICB_205,copd,AKG C417L Microphone,45.0,0,0,3,0.5170352,0.41733745,1,0,adulto
ICB_03960_001,ICB_205,copd,AKG C417L Microphone,45.0,1,0,3,0.57920134,0.4211413,1,1,adulto
ICB_03960_002,ICB_205,copd,AKG C417L Microphone,45.0,1,0,3,0.5894752,0.47920236,1,1,adulto
ICB_03960_003,ICB_205,copd,AKG C417L Microphone,45.0,1,0,3,0.59983015,0.47142723,1,1,adulto
ICB_03960_004,ICB_205,copd,AKG C417L Microphone,45.0,1,0,3,0.5891589,0.514411,1,1,adulto
ICB_03960_005,ICB_205,copd,AKG C417L Microphone,45.0,1,0,3,0.41396514,0.35623196,1,1,adulto
ICB_03961_000,ICB_205,copd,AKG C417L Microphone,45.0,0,0,3,0.5230394,0.59240836,1,0,adulto
ICB_03961_001,ICB_205,copd,AKG C417L Microphone,45.0,1,0,3,0.65489644,0.6809468,1,1,adulto
ICB_03961_002,ICB_205,copd,AKG C417L Microphone,45.0,1,0,3,0.65431446,0.6700087,1,1,adulto
ICB_03961_003,ICB_205,copd,AKG C417L Microphone,45.0,0,0,3,0.70466053,0.6798444,1,0,adulto
ICB_03961_004,ICB_205,copd,AKG C417L Microphone,45.0,0,0,3,0.6823598,0.699369,1,0,adulto
ICB_03961_005,ICB_205,copd,AKG C417L Microphone,45.0,0,0,3,0.48552862,0.55319107,1,0,adulto
ICB_03962_000,ICB_205,copd,AKG C417L Microphone,45.0,0,0,3,0.56104165,0.5764385,1,0,adulto
ICB_03962_001,ICB_205,copd,AKG C417L Microphone,45.0,1,0,3,0.5856528,0.52144307,1,1,adulto
ICB_03962_002,ICB_205,copd,AKG C417L Microphone,45.0,1,0,3,0.5923501,0.55828536,1,1,adulto
ICB_03962_003,ICB_205,copd,AKG C417L Microphone,45.0,1,0,3,0.6218343,0.5249979,1,1,adulto
ICB_03962_004,ICB_205,copd,AKG C417L Microphone,45.0,1,0,3,0.6001738,0.5610145,1,1,adulto
ICB_03962_005,ICB_205,copd,AKG C417L Microphone,45.0,0,0,3,0.40529376,0.37792984,1,0,adulto
ICB_03963_000,ICB_205,copd,AKG C417L Microphone,45.0,1,0,3,0.5590879,0.63026637,1,1,adulto
ICB_03963_001,ICB_205,copd,AKG C417L Microphone,45.0,1,0,3,0.64247686,0.7882776,1,1,adulto
ICB_03963_002,ICB_205,copd,AKG C417L Microphone,45.0,1,0,3,0.68130714,0.68420243,1,1,adulto
ICB_03963_003,ICB_205,copd,AKG C417L Microphone,45.0,0,0,3,0.6856991,0.73195827,1,0,adulto
ICB_03963_004,ICB_205,copd,AKG C417L Microphone,45.0,1,0,3,0.70572734,0.7442777,1,1,adulto
ICB_03963_005,ICB_205,copd,AKG C417L Microphone,45.0,0,0,3,0.4542936,0.5073558,1,0,adulto
ICB_03964_000,ICB_205,copd,AKG C417L Microphone,45.0,0,0,3,0.5565581,0.30566826,1,0,adulto
ICB_03964_001,ICB_205,copd,AKG C417L Microphone,45.0,0,0,3,0.55121934,0.32186776,1,0,adulto
ICB_03964_002,ICB_205,copd,AKG C417L Microphone,45.0,0,0,3,0.5663651,0.2854274,1,0,adulto
ICB_03964_003,ICB_205,copd,AKG C417L Microphone,45.0,0,0,3,0.5581301,0.31516188,1,0,adulto
ICB_03964_004,ICB_205,copd,AKG C417L Microphone,45.0,0,0,3,0.57158005,0.34805548,1,0,adulto
ICB_03965_000,ICB_205,copd,AKG C417L Microphone,45.0,0,0,3,0.7258927,0.7288796,1,0,adulto
ICB_03965_001,ICB_205,copd,AKG C417L Microphone,45.0,0,0,3,0.6894382,0.71788174,1,0,adulto
ICB_03965_002,ICB_205,copd,AKG C417L Microphone,45.0,1,0,3,0.6509957,0.5596322,1,1,adulto
ICB_03965_003,ICB_205,copd,AKG C417L Microphone,45.0,1,0,3,0.69070816,0.63507754,1,1,adulto
ICB_03965_004,ICB_205,copd,AKG C417L Microphone,45.0,0,0,3,0.60241604,0.5555593,1,0,adulto
ICB_03966_000,ICB_205,copd,AKG C417L Microphone,45.0,1,0,3,0.41795695,0.35038075,1,1,adulto
ICB_03966_001,ICB_205,copd,AKG C417L Microphone,45.0,1,0,3,0.38267833,0.44802114,0,1,adulto
ICB_03966_002,ICB_205,copd,AKG C417L Microphone,45.0,1,0,3,0.33142316,0.31822065,0,1,adulto
ICB_03966_003,ICB_205,copd,AKG C417L Microphone,45.0,1,0,3,0.38026178,0.23510377,0,1,adulto
ICB_03966_004,ICB_205,copd,AKG C417L Microphone,45.0,0,0,3,0.2969056,0.24960566,0,0,adulto
ICB_03967_000,ICB_205,copd,AKG C417L Microphone,45.0,1,0,3,0.67645603,0.50402164,1,1,adulto
ICB_03967_001,ICB_205,copd,AKG C417L Microphone,45.0,1,0,3,0.70818114,0.5048695,1,1,adulto
ICB_03967_002,ICB_205,copd,AKG C417L Microphone,45.0,1,0,3,0.643552,0.47992012,1,1,adulto
ICB_03967_003,ICB_205,copd,AKG C417L Microphone,45.0,0,0,3,0.67328566,0.4523135,1,0,adulto
ICB_03967_004,ICB_205,copd,AKG C417L Microphone,45.0,0,0,3,0.60758764,0.51131916,1,0,adulto
ICB_03968_000,ICB_205,copd,AKG C417L Microphone,45.0,1,0,3,0.68080854,0.59807044,1,1,adulto
ICB_03968_001,ICB_205,copd,AKG C417L Microphone,45.0,1,0,3,0.6760737,0.65180016,1,1,adulto
ICB_03968_002,ICB_205,copd,AKG C417L Microphone,45.0,1,0,3,0.6881059,0.6480132,1,1,adulto
ICB_03968_003,ICB_205,copd,AKG C417L Microphone,45.0,1,0,3,0.6865835,0.61400664,1,1,adulto
ICB_03968_004,ICB_205,copd,AKG C417L Microphone,45.0,1,0,3,0.47542566,0.5033971,1,1,adulto
ICB_03969_000,ICB_205,copd,AKG C417L Microphone,45.0,1,0,3,0.6501242,0.6742604,1,1,adulto
ICB_03969_001,ICB_205,copd,AKG C417L Microphone,45.0,1,0,3,0.7223819,0.69564015,1,1,adulto
ICB_03969_002,ICB_205,copd,AKG C417L Microphone,45.0,1,0,3,0.7416449,0.7337605,1,1,adulto
ICB_03969_003,ICB_205,copd,AKG C417L Microphone,45.0,1,0,3,0.7223964,0.71179575,1,1,adulto
ICB_03970_000,ICB_205,copd,AKG C417L Microphone,45.0,0,0,3,0.5984853,0.3815734,1,0,adulto
ICB_03970_001,ICB_205,copd,AKG C417L Microphone,45.0,0,0,3,0.56109077,0.46031865,1,0,adulto
ICB_03970_002,ICB_205,copd,AKG C417L Microphone,45.0,1,0,3,0.5593545,0.38183814,1,1,adulto
ICB_03970_003,ICB_205,copd,AKG C417L Microphone,45.0,0,0,3,0.5791271,0.45855626,1,0,adulto
ICB_03971_000,ICB_205,copd,AKG C417L Microphone,45.0,0,0,3,0.61557907,0.45074263,1,0,adulto
ICB_03971_001,ICB_205,copd,AKG C417L Microphone,45.0,1,0,3,0.64680517,0.4946703,1,1,adulto
ICB_03971_002,ICB_205,copd,AKG C417L Microphone,45.0,0,0,3,0.6792015,0.46436855,1,0,adulto
ICB_03971_003,ICB_205,copd,AKG C417L Microphone,45.0,1,0,3,0.6310604,0.6141581,1,1,adulto
ICB_03972_000,ICB_205,copd,AKG C417L Microphone,45.0,0,0,3,0.71391803,0.5065147,1,0,adulto
ICB_03972_001,ICB_205,copd,AKG C417L Microphone,45.0,0,0,3,0.74911034,0.4516043,1,0,adulto
ICB_03972_002,ICB_205,copd,AKG C417L Microphone,45.0,0,0,3,0.76544636,0.6248224,1,0,adulto
ICB_03972_003,ICB_205,copd,AKG C417L Microphone,45.0,0,0,3,0.7432022,0.58045983,1,0,adulto
ICB_03973_000,ICB_205,copd,AKG C417L Microphone,45.0,1,0,3,0.62622243,0.44443956,1,1,adulto
ICB_03973_001,ICB_205,copd,AKG C417L Microphone,45.0,1,0,3,0.6086637,0.47128177,1,1,adulto
ICB_03973_002,ICB_205,copd,AKG C417L Microphone,45.0,1,0,3,0.67124695,0.55028635,1,1,adulto
ICB_03973_003,ICB_205,copd,AKG C417L Microphone,45.0,1,0,3,0.63642794,0.54566985,1,1,adulto
ICB_03973_004,ICB_205,copd,AKG C417L Microphone,45.0,1,0,3,0.6286334,0.6140876,1,1,adulto
ICB_03974_000,ICB_205,copd,AKG C417L Microphone,45.0,1,0,3,0.5095741,0.30091888,1,1,adulto
ICB_03974_001,ICB_205,copd,AKG C417L Microphone,45.0,1,0,3,0.4969246,0.37475845,1,1,adulto
ICB_03974_002,ICB_205,copd,AKG C417L Microphone,45.0,1,0,3,0.52297884,0.31330866,1,1,adulto
ICB_03974_003,ICB_205,copd,AKG C417L Microphone,45.0,0,0,3,0.3380674,0.30594218,0,0,adulto
ICB_03974_004,ICB_205,copd,AKG C417L Microphone,45.0,1,0,3,0.38492718,0.36045542,0,1,adulto
ICB_03975_000,ICB_205,copd,AKG C417L Microphone,45.0,1,0,3,0.67579615,0.34916255,1,1,adulto
ICB_03975_001,ICB_205,copd,AKG C417L Microphone,45.0,0,0,3,0.6867069,0.38390207,1,0,adulto
ICB_03975_002,ICB_205,copd,AKG C417L Microphone,45.0,0,0,3,0.7389626,0.323601,1,0,adulto
ICB_03975_003,ICB_205,copd,AKG C417L Microphone,45.0,0,0,3,0.7401733,0.3639245,1,0,adulto
ICB_03975_004,ICB_205,copd,AKG C417L Microphone,45.0,0,0,3,0.71450496,0.37294474,1,0,adulto
ICB_03976_000,ICB_205,copd,AKG C417L Microphone,45.0,0,0,3,0.54264027,0.44548002,1,0,adulto
ICB_03976_001,ICB_205,copd,AKG C417L Microphone,45.0,0,0,3,0.52900976,0.38467735,1,0,adulto
ICB_03976_002,ICB_205,copd,AKG C417L Microphone,45.0,0,0,3,0.58556825,0.4428727,1,0,adulto
ICB_03976_003,ICB_205,copd,AKG C417L Microphone,45.0,0,0,3,0.56483656,0.4348325,1,0,adulto
ICB_03976_004,ICB_205,copd,AKG C417L Microphone,45.0,0,0,3,0.52950925,0.40982956,1,0,adulto
ICB_03977_000,ICB_205,copd,AKG C417L Microphone,45.0,1,0,3,0.70494235,0.7216851,1,1,adulto
ICB_03977_001,ICB_205,copd,AKG C417L Microphone,45.0,1,0,3,0.7172931,0.67853016,1,1,adulto
ICB_03977_002,ICB_205,copd,AKG C417L Microphone,45.0,0,0,3,0.7683959,0.73994666,1,0,adulto
ICB_03977_003,ICB_205,copd,AKG C417L Microphone,45.0,1,0,3,0.747284,0.779735,1,1,adulto
ICB_03977_004,ICB_205,copd,AKG C417L Microphone,45.0,1,0,3,0.72483057,0.768525,1,1,adulto
ICB_04003_000,ICB_209,normal_lung,3M Littmann Classic II SE,14.0,0,0,3,0.063929126,0.08219556,0,0,pediátrico (<18)
ICB_04003_001,ICB_209,normal_lung,3M Littmann Classic II SE,14.0,0,0,3,0.07278004,0.099213354,0,0,pediátrico (<18)
ICB_04003_002,ICB_209,normal_lung,3M Littmann Classic II SE,14.0,0,0,3,0.077676244,0.10603246,0,0,pediátrico (<18)
ICB_04003_003,ICB_209,normal_lung,3M Littmann Classic II SE,14.0,0,0,3,0.12034693,0.0821457,0,0,pediátrico (<18)
ICB_04068_000,ICB_222,copd,WelchAllyn Meditron Master Elite,60.0,0,0,3,0.48363036,0.08592187,1,0,adulto
ICB_04068_001,ICB_222,copd,WelchAllyn Meditron Master Elite,60.0,0,0,3,0.5102547,0.81357,1,0,adulto
ICB_04068_002,ICB_222,copd,WelchAllyn Meditron Master Elite,60.0,0,0,3,0.5148214,0.8380434,1,0,adulto
ICB_04068_003,ICB_222,copd,WelchAllyn Meditron Master Elite,60.0,0,0,3,0.47187623,0.8514794,1,0,adulto
ICB_04068_004,ICB_222,copd,WelchAllyn Meditron Master Elite,60.0,0,0,3,0.39185092,0.22636057,0,0,adulto
ICB_04068_005,ICB_222,copd,WelchAllyn Meditron Master Elite,60.0,0,0,3,0.25836602,0.83226913,0,0,adulto
ICB_04068_006,ICB_222,copd,WelchAllyn Meditron Master Elite,60.0,0,0,3,0.5170829,0.65837145,1,0,adulto
ICB_04068_007,ICB_222,copd,WelchAllyn Meditron Master Elite,60.0,0,0,3,0.4945902,0.83659714,1,0,adulto
ICB_04068_008,ICB_222,copd,WelchAllyn Meditron Master Elite,60.0,0,0,3,0.45551562,0.8261311,1,0,adulto
ICB_04068_009,ICB_222,copd,WelchAllyn Meditron Master Elite,60.0,0,0,3,0.42950416,0.5528898,1,0,adulto
ICB_04069_000,ICB_222,copd,WelchAllyn Meditron Master Elite,60.0,1,0,3,0.4484388,0.5789763,1,1,adulto
ICB_04069_001,ICB_222,copd,WelchAllyn Meditron Master Elite,60.0,0,0,3,0.4135968,0.6741321,1,0,adulto
ICB_04069_002,ICB_222,copd,WelchAllyn Meditron Master Elite,60.0,1,0,3,0.40188122,0.59349364,1,1,adulto
ICB_04069_003,ICB_222,copd,WelchAllyn Meditron Master Elite,60.0,0,0,3,0.34872314,0.65141356,0,0,adulto
ICB_04069_004,ICB_222,copd,WelchAllyn Meditron Master Elite,60.0,0,0,3,0.33489692,0.6520475,0,0,adulto
ICB_04069_005,ICB_222,copd,WelchAllyn Meditron Master Elite,60.0,1,0,3,0.367242,0.70266366,0,1,adulto
ICB_04069_006,ICB_222,copd,WelchAllyn Meditron Master Elite,60.0,0,0,3,0.3465327,0.7592308,0,0,adulto
ICB_04069_007,ICB_222,copd,WelchAllyn Meditron Master Elite,60.0,1,0,3,0.37975374,0.7180998,0,1,adulto
ICB_04069_008,ICB_222,copd,WelchAllyn Meditron Master Elite,60.0,0,0,3,0.3415538,0.6884922,0,0,adulto
ICB_04069_009,ICB_222,copd,WelchAllyn Meditron Master Elite,60.0,1,0,3,0.3526128,0.71191657,0,1,adulto
ICB_04069_010,ICB_222,copd,WelchAllyn Meditron Master Elite,60.0,1,0,3,0.2991364,0.8426459,0,1,adulto
ICB_04069_011,ICB_222,copd,WelchAllyn Meditron Master Elite,60.0,1,0,3,0.42267022,0.54414415,1,1,adulto
ICB_04069_012,ICB_222,copd,WelchAllyn Meditron Master Elite,60.0,1,0,3,0.33337858,0.8812901,0,1,adulto
ICB_04069_013,ICB_222,copd,WelchAllyn Meditron Master Elite,60.0,1,0,3,0.4169339,0.7943406,1,1,adulto
ICB_04069_014,ICB_222,copd,WelchAllyn Meditron Master Elite,60.0,1,0,3,0.38420215,0.882719,0,1,adulto
ICB_04069_015,ICB_222,copd,WelchAllyn Meditron Master Elite,60.0,1,0,3,0.39639932,0.87684447,0,1,adulto
ICB_04069_016,ICB_222,copd,WelchAllyn Meditron Master Elite,60.0,1,0,3,0.39835945,0.8476033,0,1,adulto
ICB_04069_017,ICB_222,copd,WelchAllyn Meditron Master Elite,60.0,0,0,3,0.43138555,0.8799436,1,0,adulto
ICB_04069_018,ICB_222,copd,WelchAllyn Meditron Master Elite,60.0,1,0,3,0.44240832,0.86570644,1,1,adulto
ICB_04069_019,ICB_222,copd,WelchAllyn Meditron Master Elite,60.0,0,0,3,0.43110517,0.68517375,1,0,adulto
ICB_04070_000,ICB_222,copd,WelchAllyn Meditron Master Elite,60.0,0,0,3,0.39989814,0.68873245,0,0,adulto
ICB_04070_001,ICB_222,copd,WelchAllyn Meditron Master Elite,60.0,0,0,3,0.38097355,0.86372554,0,0,adulto
ICB_04070_002,ICB_222,copd,WelchAllyn Meditron Master Elite,60.0,0,0,3,0.36518726,0.9175181,2,0,adulto
ICB_04070_003,ICB_222,copd,WelchAllyn Meditron Master Elite,60.0,0,0,3,0.40181327,0.9125982,3,0,adulto
ICB_04070_004,ICB_222,copd,WelchAllyn Meditron Master Elite,60.0,0,0,3,0.50551087,0.6864791,1,0,adulto
ICB_04070_005,ICB_222,copd,WelchAllyn Meditron Master Elite,60.0,0,0,3,0.42312196,0.87975913,1,0,adulto
ICB_04070_006,ICB_222,copd,WelchAllyn Meditron Master Elite,60.0,0,0,3,0.29778138,0.53163195,0,0,adulto
ICB_04070_007,ICB_222,copd,WelchAllyn Meditron Master Elite,60.0,0,1,3,0.45709226,0.78760576,1,2,adulto
ICB_04070_008,ICB_222,copd,WelchAllyn Meditron Master Elite,60.0,0,1,3,0.39054042,0.6103178,0,2,adulto
ICB_04070_009,ICB_222,copd,WelchAllyn Meditron Master Elite,60.0,0,1,3,0.287057,0.33706173,0,2,adulto
ICB_04070_010,ICB_222,copd,WelchAllyn Meditron Master Elite,60.0,0,1,3,0.23531207,0.45686188,0,2,adulto
ICB_04070_011,ICB_222,copd,WelchAllyn Meditron Master Elite,60.0,0,1,3,0.33604187,0.9000246,2,2,adulto
ICB_04070_012,ICB_222,copd,WelchAllyn Meditron Master Elite,60.0,0,1,3,0.32173735,0.9130617,2,2,adulto
ICB_04070_013,ICB_222,copd,WelchAllyn Meditron Master Elite,60.0,0,1,3,0.34427115,0.949413,2,2,adulto
ICB_04070_014,ICB_222,copd,WelchAllyn Meditron Master Elite,60.0,0,1,3,0.37819648,0.53924847,0,2,adulto
ICB_04080_000,ICB_226,pneumonia,3M Littmann Classic II SE,4.0,0,0,3,0.4110252,0.40764996,1,0,pediátrico (<18)
ICB_04080_001,ICB_226,pneumonia,3M Littmann Classic II SE,4.0,0,0,3,0.36847955,0.3619988,0,0,pediátrico (<18)
ICB_04080_002,ICB_226,pneumonia,3M Littmann Classic II SE,4.0,1,0,3,0.3936718,0.34112114,0,1,pediátrico (<18)
ICB_04080_003,ICB_226,pneumonia,3M Littmann Classic II SE,4.0,1,0,3,0.4300527,0.39864877,1,1,pediátrico (<18)
ICB_04080_004,ICB_226,pneumonia,3M Littmann Classic II SE,4.0,0,0,3,0.38427705,0.3909759,0,0,pediátrico (<18)
ICB_04080_005,ICB_226,pneumonia,3M Littmann Classic II SE,4.0,0,0,3,0.39036137,0.39428347,0,0,pediátrico (<18)
ICB_04080_006,ICB_226,pneumonia,3M Littmann Classic II SE,4.0,0,0,3,0.37313563,0.44911647,0,0,pediátrico (<18)
ICB_04080_007,ICB_226,pneumonia,3M Littmann Classic II SE,4.0,0,0,3,0.4217671,0.49045902,1,0,pediátrico (<18)
ICB_04080_008,ICB_226,pneumonia,3M Littmann Classic II SE,4.0,0,0,3,0.47326216,0.3816472,1,0,pediátrico (<18)
ICB_04080_009,ICB_226,pneumonia,3M Littmann Classic II SE,4.0,0,0,3,0.37240508,0.416642,0,0,pediátrico (<18)
ICB_04081_000,ICB_226,pneumonia,3M Littmann Classic II SE,4.0,0,0,3,0.45965505,0.42241564,1,0,pediátrico (<18)
ICB_04081_001,ICB_226,pneumonia,3M Littmann Classic II SE,4.0,1,0,3,0.43197414,0.4395576,1,1,pediátrico (<18)
ICB_04081_002,ICB_226,pneumonia,3M Littmann Classic II SE,4.0,1,0,3,0.43762434,0.4167522,1,1,pediátrico (<18)
ICB_04081_003,ICB_226,pneumonia,3M Littmann Classic II SE,4.0,1,0,3,0.42390504,0.47015417,1,1,pediátrico (<18)
ICB_04081_004,ICB_226,pneumonia,3M Littmann Classic II SE,4.0,0,0,3,0.44511145,0.47329304,1,0,pediátrico (<18)
ICB_04081_005,ICB_226,pneumonia,3M Littmann Classic II SE,4.0,1,0,3,0.44348052,0.4792824,1,1,pediátrico (<18)
ICB_04081_006,ICB_226,pneumonia,3M Littmann Classic II SE,4.0,1,0,3,0.47160798,0.49412563,1,1,pediátrico (<18)
ICB_04081_007,ICB_226,pneumonia,3M Littmann Classic II SE,4.0,1,0,3,0.5015158,0.41047025,1,1,pediátrico (<18)
ICB_04081_008,ICB_226,pneumonia,3M Littmann Classic II SE,4.0,0,0,3,0.45437,0.43726936,1,0,pediátrico (<18)
ICB_04081_009,ICB_226,pneumonia,3M Littmann Classic II SE,4.0,0,0,3,0.4897453,0.47733435,1,0,pediátrico (<18)
ICB_04082_000,ICB_226,pneumonia,3M Littmann Classic II SE,4.0,0,0,3,0.43088394,0.43425882,1,0,pediátrico (<18)
ICB_04082_001,ICB_226,pneumonia,3M Littmann Classic II SE,4.0,0,0,3,0.49979702,0.39492804,1,0,pediátrico (<18)
ICB_04082_002,ICB_226,pneumonia,3M Littmann Classic II SE,4.0,1,0,3,0.48210567,0.40787637,1,1,pediátrico (<18)
ICB_04082_003,ICB_226,pneumonia,3M Littmann Classic II SE,4.0,1,0,3,0.48768312,0.41489035,1,1,pediátrico (<18)
ICB_04082_004,ICB_226,pneumonia,3M Littmann Classic II SE,4.0,0,0,3,0.46073365,0.48110685,1,0,pediátrico (<18)
ICB_04082_005,ICB_226,pneumonia,3M Littmann Classic II SE,4.0,1,0,3,0.44408092,0.36942184,1,1,pediátrico (<18)
ICB_04082_006,ICB_226,pneumonia,3M Littmann Classic II SE,4.0,1,0,3,0.47707504,0.37761232,1,1,pediátrico (<18)
ICB_04082_007,ICB_226,pneumonia,3M Littmann Classic II SE,4.0,0,0,3,0.46312055,0.4608406,1,0,pediátrico (<18)
ICB_04082_008,ICB_226,pneumonia,3M Littmann Classic II SE,4.0,0,0,3,0.46658984,0.5298778,1,0,pediátrico (<18)
ICB_04082_009,ICB_226,pneumonia,3M Littmann Classic II SE,4.0,1,0,3,0.4862542,0.40497568,1,1,pediátrico (<18)
ICB_04082_010,ICB_226,pneumonia,3M Littmann Classic II SE,4.0,0,0,3,0.3574438,0.41880897,0,0,pediátrico (<18)
ICB_03163_000,ICB_101,respiratory_infection,AKG C417L Microphone,3.0,0,0,4,0.40367746,0.40868354,0,0,pediátrico (<18)
ICB_03163_001,ICB_101,respiratory_infection,AKG C417L Microphone,3.0,0,0,4,0.41193572,0.38908842,0,0,pediátrico (<18)
ICB_03163_002,ICB_101,respiratory_infection,AKG C417L Microphone,3.0,0,0,4,0.44712764,0.3694469,0,0,pediátrico (<18)
ICB_03163_003,ICB_101,respiratory_infection,AKG C417L Microphone,3.0,0,0,4,0.39386702,0.4130551,0,0,pediátrico (<18)
ICB_03163_004,ICB_101,respiratory_infection,AKG C417L Microphone,3.0,0,0,4,0.44407412,0.42565817,0,0,pediátrico (<18)
ICB_03163_005,ICB_101,respiratory_infection,AKG C417L Microphone,3.0,0,0,4,0.4114867,0.33321387,0,0,pediátrico (<18)
ICB_03163_006,ICB_101,respiratory_infection,AKG C417L Microphone,3.0,0,0,4,0.42967382,0.32272187,0,0,pediátrico (<18)
ICB_03163_007,ICB_101,respiratory_infection,AKG C417L Microphone,3.0,0,0,4,0.45981362,0.32064435,0,0,pediátrico (<18)
ICB_03163_008,ICB_101,respiratory_infection,AKG C417L Microphone,3.0,0,0,4,0.37919515,0.30067003,0,0,pediátrico (<18)
ICB_03163_009,ICB_101,respiratory_infection,AKG C417L Microphone,3.0,0,0,4,0.43283737,0.35247815,0,0,pediátrico (<18)
ICB_03163_010,ICB_101,respiratory_infection,AKG C417L Microphone,3.0,0,0,4,0.42017773,0.34368187,0,0,pediátrico (<18)
ICB_03163_011,ICB_101,respiratory_infection,AKG C417L Microphone,3.0,0,0,4,0.4518966,0.2958145,0,0,pediátrico (<18)
ICB_03164_000,ICB_101,respiratory_infection,AKG C417L Microphone,3.0,0,0,4,0.4237405,0.5028889,0,0,pediátrico (<18)
ICB_03164_001,ICB_101,respiratory_infection,AKG C417L Microphone,3.0,0,0,4,0.40329412,0.4662722,0,0,pediátrico (<18)
ICB_03164_002,ICB_101,respiratory_infection,AKG C417L Microphone,3.0,0,0,4,0.47202933,0.50617343,0,0,pediátrico (<18)
ICB_03164_003,ICB_101,respiratory_infection,AKG C417L Microphone,3.0,0,0,4,0.45004064,0.47963244,0,0,pediátrico (<18)
ICB_03164_004,ICB_101,respiratory_infection,AKG C417L Microphone,3.0,0,0,4,0.47492975,0.40704513,0,0,pediátrico (<18)
ICB_03164_005,ICB_101,respiratory_infection,AKG C417L Microphone,3.0,0,0,4,0.39266852,0.4953382,0,0,pediátrico (<18)
ICB_03164_006,ICB_101,respiratory_infection,AKG C417L Microphone,3.0,0,0,4,0.48260325,0.40152952,0,0,pediátrico (<18)
ICB_03164_007,ICB_101,respiratory_infection,AKG C417L Microphone,3.0,0,0,4,0.48433945,0.40112996,0,0,pediátrico (<18)
ICB_03164_008,ICB_101,respiratory_infection,AKG C417L Microphone,3.0,0,0,4,0.4610175,0.44994524,0,0,pediátrico (<18)
ICB_03164_009,ICB_101,respiratory_infection,AKG C417L Microphone,3.0,0,0,4,0.327659,0.45735243,0,0,pediátrico (<18)
ICB_03164_010,ICB_101,respiratory_infection,AKG C417L Microphone,3.0,0,0,4,0.40549022,0.34943265,0,0,pediátrico (<18)
ICB_03204_000,ICB_108,respiratory_infection,3M Littmann Classic II SE,3.0,0,0,4,0.5542773,0.7332598,0,0,pediátrico (<18)
ICB_03204_001,ICB_108,respiratory_infection,3M Littmann Classic II SE,3.0,0,0,4,0.47166649,0.7680318,2,0,pediátrico (<18)
ICB_03204_002,ICB_108,respiratory_infection,3M Littmann Classic II SE,3.0,0,0,4,0.4366851,0.67100286,0,0,pediátrico (<18)
ICB_03204_003,ICB_108,respiratory_infection,3M Littmann Classic II SE,3.0,0,0,4,0.49204087,0.6631099,0,0,pediátrico (<18)
ICB_03204_004,ICB_108,respiratory_infection,3M Littmann Classic II SE,3.0,0,0,4,0.4824515,0.628019,0,0,pediátrico (<18)
ICB_03204_005,ICB_108,respiratory_infection,3M Littmann Classic II SE,3.0,0,0,4,0.51518,0.53017294,0,0,pediátrico (<18)
ICB_03204_006,ICB_108,respiratory_infection,3M Littmann Classic II SE,3.0,0,0,4,0.4966438,0.58451945,0,0,pediátrico (<18)
ICB_03204_007,ICB_108,respiratory_infection,3M Littmann Classic II SE,3.0,0,0,4,0.45317867,0.5347547,0,0,pediátrico (<18)
ICB_03223_000,ICB_113,copd,3M Littmann 3200 Electronic,58.0,0,0,4,0.21987197,0.708157,0,0,adulto
ICB_03223_001,ICB_113,copd,3M Littmann 3200 Electronic,58.0,0,0,4,0.19611211,0.7602306,2,0,adulto
ICB_03223_002,ICB_113,copd,3M Littmann 3200 Electronic,58.0,0,0,4,0.18945065,0.6936782,0,0,adulto
ICB_03223_003,ICB_113,copd,3M Littmann 3200 Electronic,58.0,0,0,4,0.22058523,0.6319503,0,0,adulto
ICB_03223_004,ICB_113,copd,3M Littmann 3200 Electronic,58.0,0,0,4,0.22323142,0.6524415,0,0,adulto
ICB_03223_005,ICB_113,copd,3M Littmann 3200 Electronic,58.0,0,0,4,0.20514603,0.7022985,0,0,adulto
ICB_03223_006,ICB_113,copd,3M Littmann 3200 Electronic,58.0,0,0,4,0.1302901,0.9193928,2,0,adulto
ICB_03224_000,ICB_113,copd,3M Littmann 3200 Electronic,58.0,0,0,4,0.20078589,0.6641929,0,0,adulto
ICB_03224_001,ICB_113,copd,3M Littmann 3200 Electronic,58.0,0,0,4,0.21662967,0.6260139,0,0,adulto
ICB_03224_002,ICB_113,copd,3M Littmann 3200 Electronic,58.0,0,0,4,0.21074452,0.656684,0,0,adulto
ICB_03224_003,ICB_113,copd,3M Littmann 3200 Electronic,58.0,0,0,4,0.18759452,0.69310784,0,0,adulto
ICB_03224_004,ICB_113,copd,3M Littmann 3200 Electronic,58.0,0,0,4,0.20498659,0.680929,0,0,adulto
ICB_03224_005,ICB_113,copd,3M Littmann 3200 Electronic,58.0,0,0,4,0.21555738,0.72317696,0,0,adulto
ICB_03224_006,ICB_113,copd,3M Littmann 3200 Electronic,58.0,0,0,4,0.22731926,0.72164124,0,0,adulto
ICB_03224_007,ICB_113,copd,3M Littmann 3200 Electronic,58.0,0,0,4,0.06562928,0.92533463,2,0,adulto
ICB_03225_000,ICB_113,copd,3M Littmann 3200 Electronic,58.0,0,0,4,0.23466627,0.7518701,2,0,adulto
ICB_03225_001,ICB_113,copd,3M Littmann 3200 Electronic,58.0,0,0,4,0.3350173,0.668714,0,0,adulto
ICB_03225_002,ICB_113,copd,3M Littmann 3200 Electronic,58.0,0,0,4,0.2782213,0.72111404,0,0,adulto
ICB_03225_003,ICB_113,copd,3M Littmann 3200 Electronic,58.0,0,0,4,0.3788358,0.85520905,2,0,adulto
ICB_03225_004,ICB_113,copd,3M Littmann 3200 Electronic,58.0,0,0,4,0.30953553,0.6846255,0,0,adulto
ICB_03225_005,ICB_113,copd,3M Littmann 3200 Electronic,58.0,0,0,4,0.3048386,0.70070326,0,0,adulto
ICB_03225_006,ICB_113,copd,3M Littmann 3200 Electronic,58.0,0,0,4,0.30889344,0.82845336,2,0,adulto
ICB_03225_007,ICB_113,copd,3M Littmann 3200 Electronic,58.0,0,0,4,0.19131456,0.73311615,0,0,adulto
ICB_03225_008,ICB_113,copd,3M Littmann 3200 Electronic,58.0,0,0,4,0.3024807,0.65500915,0,0,adulto
ICB_03225_009,ICB_113,copd,3M Littmann 3200 Electronic,58.0,0,0,4,0.2766861,0.7688246,2,0,adulto
ICB_03225_010,ICB_113,copd,3M Littmann 3200 Electronic,58.0,0,0,4,0.20692183,0.93324065,2,0,adulto
ICB_03226_000,ICB_113,copd,3M Littmann 3200 Electronic,58.0,0,0,4,0.23211494,0.72045225,0,0,adulto
ICB_03226_001,ICB_113,copd,3M Littmann 3200 Electronic,58.0,0,0,4,0.21081121,0.7037974,0,0,adulto
ICB_03226_002,ICB_113,copd,3M Littmann 3200 Electronic,58.0,0,0,4,0.1293561,0.88825977,2,0,adulto
ICB_03226_003,ICB_113,copd,3M Littmann 3200 Electronic,58.0,0,0,4,0.27513424,0.7283524,0,0,adulto
ICB_03226_004,ICB_113,copd,3M Littmann 3200 Electronic,58.0,0,0,4,0.29699793,0.69039154,0,0,adulto
ICB_03226_005,ICB_113,copd,3M Littmann 3200 Electronic,58.0,0,0,4,0.24072216,0.75251365,2,0,adulto
ICB_03226_006,ICB_113,copd,3M Littmann 3200 Electronic,58.0,0,0,4,0.18296729,0.9698122,2,0,adulto
ICB_03227_000,ICB_113,copd,3M Littmann 3200 Electronic,58.0,0,0,4,0.17427953,0.7546656,2,0,adulto
ICB_03227_001,ICB_113,copd,3M Littmann 3200 Electronic,58.0,0,0,4,0.18297188,0.7505669,2,0,adulto
ICB_03227_002,ICB_113,copd,3M Littmann 3200 Electronic,58.0,0,0,4,0.14976367,0.75943637,2,0,adulto
ICB_03227_003,ICB_113,copd,3M Littmann 3200 Electronic,58.0,0,0,4,0.21171181,0.73042536,0,0,adulto
ICB_03227_004,ICB_113,copd,3M Littmann 3200 Electronic,58.0,0,0,4,0.13773221,0.78753203,2,0,adulto
ICB_03227_005,ICB_113,copd,3M Littmann 3200 Electronic,58.0,0,0,4,0.18116249,0.67681056,0,0,adulto
ICB_03227_006,ICB_113,copd,3M Littmann 3200 Electronic,58.0,0,0,4,0.1758738,0.7587515,2,0,adulto
ICB_03227_007,ICB_113,copd,3M Littmann 3200 Electronic,58.0,0,0,4,0.06767702,0.82631,2,0,adulto
ICB_03228_000,ICB_113,copd,3M Littmann 3200 Electronic,58.0,0,0,4,0.20033702,0.73269665,0,0,adulto
ICB_03228_001,ICB_113,copd,3M Littmann 3200 Electronic,58.0,0,0,4,0.18831564,0.7107788,0,0,adulto
ICB_03228_002,ICB_113,copd,3M Littmann 3200 Electronic,58.0,0,0,4,0.1932451,0.75523907,2,0,adulto
ICB_03228_003,ICB_113,copd,3M Littmann 3200 Electronic,58.0,0,0,4,0.19477145,0.8019408,2,0,adulto
ICB_03228_004,ICB_113,copd,3M Littmann 3200 Electronic,58.0,0,0,4,0.14057916,0.7433027,0,0,adulto
ICB_03228_005,ICB_113,copd,3M Littmann 3200 Electronic,58.0,0,0,4,0.22462,0.6911614,0,0,adulto
ICB_03228_006,ICB_113,copd,3M Littmann 3200 Electronic,58.0,0,0,4,0.17500684,0.6964216,0,0,adulto
ICB_03228_007,ICB_113,copd,3M Littmann 3200 Electronic,58.0,0,0,4,0.15584104,0.82415926,2,0,adulto
ICB_03228_008,ICB_113,copd,3M Littmann 3200 Electronic,58.0,0,0,4,0.0790899,0.96527874,2,0,adulto
ICB_03229_000,ICB_114,copd,AKG C417L Microphone,77.0,0,1,4,0.081525594,0.77655315,2,2,adulto
ICB_03229_001,ICB_114,copd,AKG C417L Microphone,77.0,1,1,4,0.06624725,0.7826188,2,3,adulto
ICB_03229_002,ICB_114,copd,AKG C417L Microphone,77.0,1,1,4,0.09859472,0.7656275,2,3,adulto
ICB_03229_003,ICB_114,copd,AKG C417L Microphone,77.0,1,1,4,0.124140695,0.8263035,2,3,adulto
ICB_03229_004,ICB_114,copd,AKG C417L Microphone,77.0,1,0,4,0.18146382,0.5391653,0,1,adulto
ICB_03229_005,ICB_114,copd,AKG C417L Microphone,77.0,1,1,4,0.107841745,0.622168,0,3,adulto
ICB_03229_006,ICB_114,copd,AKG C417L Microphone,77.0,1,0,4,0.32211038,0.43477628,0,1,adulto
ICB_03230_000,ICB_114,copd,AKG C417L Microphone,77.0,0,1,4,0.09467592,0.51597536,0,2,adulto
ICB_03230_001,ICB_114,copd,AKG C417L Microphone,77.0,1,1,4,0.057043113,0.56832236,0,3,adulto
ICB_03230_002,ICB_114,copd,AKG C417L Microphone,77.0,1,1,4,0.06569686,0.51226383,0,3,adulto
ICB_03230_003,ICB_114,copd,AKG C417L Microphone,77.0,1,1,4,0.064189404,0.559635,0,3,adulto
ICB_03230_004,ICB_114,copd,AKG C417L Microphone,77.0,1,0,4,0.0749467,0.4695051,0,1,adulto
ICB_03230_005,ICB_114,copd,AKG C417L Microphone,77.0,1,1,4,0.054529097,0.51278394,0,3,adulto
ICB_03230_006,ICB_114,copd,AKG C417L Microphone,77.0,0,0,4,0.2668924,0.38869005,0,0,adulto
ICB_03231_000,ICB_114,copd,AKG C417L Microphone,77.0,1,1,4,0.12569503,0.6944484,0,3,adulto
ICB_03231_001,ICB_114,copd,AKG C417L Microphone,77.0,1,1,4,0.09427739,0.65583515,0,3,adulto
ICB_03231_002,ICB_114,copd,AKG C417L Microphone,77.0,1,1,4,0.10424429,0.73435724,0,3,adulto
ICB_03231_003,ICB_114,copd,AKG C417L Microphone,77.0,1,1,4,0.16731042,0.7789186,2,3,adulto
ICB_03231_004,ICB_114,copd,AKG C417L Microphone,77.0,1,0,4,0.18519409,0.5446979,0,1,adulto
ICB_03231_005,ICB_114,copd,AKG C417L Microphone,77.0,1,1,4,0.16536409,0.5665338,0,3,adulto
ICB_03231_006,ICB_114,copd,AKG C417L Microphone,77.0,1,0,4,0.3946117,0.39080018,0,1,adulto
ICB_03232_000,ICB_114,copd,AKG C417L Microphone,77.0,1,1,4,0.12251346,0.72896093,0,3,adulto
ICB_03232_001,ICB_114,copd,AKG C417L Microphone,77.0,1,1,4,0.053038757,0.78283894,2,3,adulto
ICB_03232_002,ICB_114,copd,AKG C417L Microphone,77.0,1,1,4,0.069612645,0.79264367,2,3,adulto
ICB_03232_003,ICB_114,copd,AKG C417L Microphone,77.0,1,1,4,0.14598799,0.6945018,0,3,adulto
ICB_03232_004,ICB_114,copd,AKG C417L Microphone,77.0,1,0,4,0.17254755,0.40439397,0,1,adulto
ICB_03232_005,ICB_114,copd,AKG C417L Microphone,77.0,1,1,4,0.1491923,0.44279146,0,3,adulto
ICB_03232_006,ICB_114,copd,AKG C417L Microphone,77.0,1,0,4,0.27588916,0.46681824,0,1,adulto
ICB_03233_000,ICB_114,copd,AKG C417L Microphone,77.0,0,1,4,0.12736543,0.6355089,0,2,adulto
ICB_03233_001,ICB_114,copd,AKG C417L Microphone,77.0,1,1,4,0.021110963,0.93527025,2,3,adulto
ICB_03233_002,ICB_114,copd,AKG C417L Microphone,77.0,1,1,4,0.047341608,0.8188804,2,3,adulto
ICB_03233_003,ICB_114,copd,AKG C417L Microphone,77.0,1,1,4,0.1135158,0.5979788,0,3,adulto
ICB_03233_004,ICB_114,copd,AKG C417L Microphone,77.0,1,0,4,0.1223933,0.5727724,0,1,adulto
ICB_03233_005,ICB_114,copd,AKG C417L Microphone,77.0,1,1,4,0.1344722,0.5290111,0,3,adulto
ICB_03233_006,ICB_114,copd,AKG C417L Microphone,77.0,1,0,4,0.27831656,0.5058672,0,1,adulto
ICB_03251_000,ICB_121,normal_lung,3M Littmann Classic II SE,13.0,0,0,4,0.090896934,0.33448637,0,0,pediátrico (<18)
ICB_03251_001,ICB_121,normal_lung,3M Littmann Classic II SE,13.0,0,0,4,0.022466931,0.3684958,0,0,pediátrico (<18)
ICB_03251_002,ICB_121,normal_lung,3M Littmann Classic II SE,13.0,0,0,4,0.020277105,0.48491526,0,0,pediátrico (<18)
ICB_03251_003,ICB_121,normal_lung,3M Littmann Classic II SE,13.0,0,0,4,0.027055737,0.329093,0,0,pediátrico (<18)
ICB_03251_004,ICB_121,normal_lung,3M Littmann Classic II SE,13.0,0,0,4,0.032032054,0.48025966,0,0,pediátrico (<18)
ICB_03251_005,ICB_121,normal_lung,3M Littmann Classic II SE,13.0,0,0,4,0.23126972,0.3847792,0,0,pediátrico (<18)
ICB_03252_000,ICB_121,normal_lung,3M Littmann Classic II SE,13.0,0,0,4,0.11845925,0.3245518,0,0,pediátrico (<18)
ICB_03252_001,ICB_121,normal_lung,3M Littmann Classic II SE,13.0,0,0,4,0.07080936,0.40952718,0,0,pediátrico (<18)
ICB_03252_002,ICB_121,normal_lung,3M Littmann Classic II SE,13.0,0,0,4,0.06804524,0.3554116,0,0,pediátrico (<18)
ICB_03252_003,ICB_121,normal_lung,3M Littmann Classic II SE,13.0,0,0,4,0.0739929,0.34105238,0,0,pediátrico (<18)
ICB_03252_004,ICB_121,normal_lung,3M Littmann Classic II SE,13.0,0,0,4,0.068239875,0.35779142,0,0,pediátrico (<18)
ICB_03252_005,ICB_121,normal_lung,3M Littmann Classic II SE,13.0,0,0,4,0.0932743,0.44139045,0,0,pediátrico (<18)
ICB_03252_006,ICB_121,normal_lung,3M Littmann Classic II SE,13.0,0,0,4,0.07133292,0.42127106,0,0,pediátrico (<18)
ICB_03252_007,ICB_121,normal_lung,3M Littmann Classic II SE,13.0,0,0,4,0.06937804,0.40082103,0,0,pediátrico (<18)
ICB_03270_000,ICB_126,normal_lung,AKG C417L Microphone,1.0,0,0,4,0.41955364,0.41907695,0,0,pediátrico (<18)
ICB_03270_001,ICB_126,normal_lung,AKG C417L Microphone,1.0,0,0,4,0.34585306,0.4053765,0,0,pediátrico (<18)
ICB_03270_002,ICB_126,normal_lung,AKG C417L Microphone,1.0,0,0,4,0.35105145,0.42119393,0,0,pediátrico (<18)
ICB_03270_003,ICB_126,normal_lung,AKG C417L Microphone,1.0,0,0,4,0.31917536,0.40226147,0,0,pediátrico (<18)
ICB_03270_004,ICB_126,normal_lung,AKG C417L Microphone,1.0,0,0,4,0.38030642,0.3945253,0,0,pediátrico (<18)
ICB_03270_005,ICB_126,normal_lung,AKG C417L Microphone,1.0,0,0,4,0.35098496,0.4469686,0,0,pediátrico (<18)
ICB_03270_006,ICB_126,normal_lung,AKG C417L Microphone,1.0,0,0,4,0.3782284,0.43686613,0,0,pediátrico (<18)
ICB_03270_007,ICB_126,normal_lung,AKG C417L Microphone,1.0,0,0,4,0.3407805,0.4027704,0,0,pediátrico (<18)
ICB_03270_008,ICB_126,normal_lung,AKG C417L Microphone,1.0,0,0,4,0.3491801,0.46681607,0,0,pediátrico (<18)
ICB_03270_009,ICB_126,normal_lung,AKG C417L Microphone,1.0,0,0,4,0.4283866,0.37110338,0,0,pediátrico (<18)
ICB_03270_010,ICB_126,normal_lung,AKG C417L Microphone,1.0,0,0,4,0.34179473,0.39624238,0,0,pediátrico (<18)
ICB_03271_000,ICB_127,normal_lung,3M Littmann Classic II SE,2.0,0,0,4,0.44506115,0.3844186,0,0,pediátrico (<18)
ICB_03271_001,ICB_127,normal_lung,3M Littmann Classic II SE,2.0,0,0,4,0.40649477,0.3120186,0,0,pediátrico (<18)
ICB_03271_002,ICB_127,normal_lung,3M Littmann Classic II SE,2.0,0,0,4,0.38366187,0.36129507,0,0,pediátrico (<18)
ICB_03271_003,ICB_127,normal_lung,3M Littmann Classic II SE,2.0,0,0,4,0.42238364,0.45517454,0,0,pediátrico (<18)
ICB_03271_004,ICB_127,normal_lung,3M Littmann Classic II SE,2.0,1,0,4,0.3807126,0.34869775,0,1,pediátrico (<18)
ICB_03271_005,ICB_127,normal_lung,3M Littmann Classic II SE,2.0,0,0,4,0.42585957,0.35841534,0,0,pediátrico (<18)
ICB_03271_006,ICB_127,normal_lung,3M Littmann Classic II SE,2.0,1,0,4,0.42078778,0.38042367,0,1,pediátrico (<18)
ICB_03271_007,ICB_127,normal_lung,3M Littmann Classic II SE,2.0,0,0,4,0.4521297,0.3802623,0,0,pediátrico (<18)
ICB_03271_008,ICB_127,normal_lung,3M Littmann Classic II SE,2.0,1,0,4,0.3944801,0.43635222,0,1,pediátrico (<18)
ICB_03271_009,ICB_127,normal_lung,3M Littmann Classic II SE,2.0,0,0,4,0.32910785,0.4409597,0,0,pediátrico (<18)
ICB_03272_000,ICB_128,copd,3M Littmann Classic II SE,65.0,1,0,4,0.06314247,0.5534456,0,1,adulto
ICB_03272_001,ICB_128,copd,3M Littmann Classic II SE,65.0,0,0,4,0.06592756,0.44999465,0,0,adulto
ICB_03272_002,ICB_128,copd,3M Littmann Classic II SE,65.0,1,0,4,0.073866926,0.4655062,0,1,adulto
ICB_03272_003,ICB_128,copd,3M Littmann Classic II SE,65.0,1,0,4,0.072094224,0.43050957,0,1,adulto
ICB_03272_004,ICB_128,copd,3M Littmann Classic II SE,65.0,0,0,4,0.33498743,0.39173436,0,0,adulto
ICB_03383_000,ICB_138,copd,AKG C417L Microphone,56.0,0,1,4,0.5548005,0.28950116,0,2,adulto
ICB_03383_001,ICB_138,copd,AKG C417L Microphone,56.0,1,0,4,0.6092844,0.25700203,0,1,adulto
ICB_03383_002,ICB_138,copd,AKG C417L Microphone,56.0,1,0,4,0.5601799,0.30714715,0,1,adulto
ICB_03383_003,ICB_138,copd,AKG C417L Microphone,56.0,1,0,4,0.6014067,0.26789242,0,1,adulto
ICB_03383_004,ICB_138,copd,AKG C417L Microphone,56.0,1,0,4,0.56624275,0.26239225,0,1,adulto
ICB_03384_000,ICB_138,copd,AKG C417L Microphone,56.0,1,0,4,0.45877573,0.21978264,0,1,adulto
ICB_03384_001,ICB_138,copd,AKG C417L Microphone,56.0,1,0,4,0.47836754,0.25013778,0,1,adulto
ICB_03384_002,ICB_138,copd,AKG C417L Microphone,56.0,0,0,4,0.46186787,0.24497159,0,0,adulto
ICB_03384_003,ICB_138,copd,AKG C417L Microphone,56.0,0,0,4,0.4167458,0.2796065,0,0,adulto
ICB_03384_004,ICB_138,copd,AKG C417L Microphone,56.0,0,0,4,0.42391938,0.233737,0,0,adulto
ICB_03385_000,ICB_138,copd,AKG C417L Microphone,56.0,1,0,4,0.561763,0.26663393,0,1,adulto
ICB_03385_001,ICB_138,copd,AKG C417L Microphone,56.0,1,0,4,0.47274327,0.32917795,0,1,adulto
ICB_03385_002,ICB_138,copd,AKG C417L Microphone,56.0,1,0,4,0.4508566,0.3069277,0,1,adulto
ICB_03385_003,ICB_138,copd,AKG C417L Microphone,56.0,1,0,4,0.49639425,0.32372156,0,1,adulto
ICB_03385_004,ICB_138,copd,AKG C417L Microphone,56.0,1,0,4,0.49212205,0.34114006,0,1,adulto
ICB_03386_000,ICB_138,copd,AKG C417L Microphone,56.0,1,1,4,0.46898252,0.31610027,0,3,adulto
ICB_03386_001,ICB_138,copd,AKG C417L Microphone,56.0,1,0,4,0.5833887,0.16289711,0,1,adulto
ICB_03386_002,ICB_138,copd,AKG C417L Microphone,56.0,1,0,4,0.55506575,0.17946504,0,1,adulto
ICB_03386_003,ICB_138,copd,AKG C417L Microphone,56.0,1,0,4,0.6256396,0.14248168,0,1,adulto
ICB_03386_004,ICB_138,copd,AKG C417L Microphone,56.0,1,0,4,0.51274544,0.17756757,0,1,adulto
ICB_03387_000,ICB_138,copd,AKG C417L Microphone,56.0,1,1,4,0.36676374,0.34438458,0,3,adulto
ICB_03387_001,ICB_138,copd,AKG C417L Microphone,56.0,1,0,4,0.3109507,0.359676,0,1,adulto
ICB_03387_002,ICB_138,copd,AKG C417L Microphone,56.0,1,0,4,0.4065251,0.23737295,0,1,adulto
ICB_03387_003,ICB_138,copd,AKG C417L Microphone,56.0,1,0,4,0.4416233,0.28815368,0,1,adulto
ICB_03387_004,ICB_138,copd,AKG C417L Microphone,56.0,1,0,4,0.41688043,0.28366187,0,1,adulto
ICB_03388_000,ICB_138,copd,AKG C417L Microphone,56.0,1,1,4,0.48741087,0.37881863,0,3,adulto
ICB_03388_001,ICB_138,copd,AKG C417L Microphone,56.0,1,1,4,0.59020686,0.2857131,0,3,adulto
ICB_03388_002,ICB_138,copd,AKG C417L Microphone,56.0,1,0,4,0.6068206,0.24760714,0,1,adulto
ICB_03388_003,ICB_138,copd,AKG C417L Microphone,56.0,1,0,4,0.6872047,0.1843675,0,1,adulto
ICB_03388_004,ICB_138,copd,AKG C417L Microphone,56.0,1,0,4,0.55224985,0.27030024,0,1,adulto
ICB_03389_000,ICB_138,copd,AKG C417L Microphone,56.0,0,0,4,0.06752178,0.26971814,0,0,adulto
ICB_03389_001,ICB_138,copd,AKG C417L Microphone,56.0,0,0,4,0.04095866,0.29349715,0,0,adulto
ICB_03389_002,ICB_138,copd,AKG C417L Microphone,56.0,0,0,4,0.0491987,0.2928775,0,0,adulto
ICB_03389_003,ICB_138,copd,AKG C417L Microphone,56.0,0,1,4,0.04647033,0.25974587,0,2,adulto
ICB_03389_004,ICB_138,copd,AKG C417L Microphone,56.0,0,0,4,0.064932555,0.2795913,0,0,adulto
ICB_03390_000,ICB_138,copd,AKG C417L Microphone,56.0,0,0,4,0.5794961,0.28200656,0,0,adulto
ICB_03390_001,ICB_138,copd,AKG C417L Microphone,56.0,0,0,4,0.6379605,0.23493901,0,0,adulto
ICB_03390_002,ICB_138,copd,AKG C417L Microphone,56.0,0,0,4,0.6923607,0.30665135,0,0,adulto
ICB_03390_003,ICB_138,copd,AKG C417L Microphone,56.0,0,0,4,0.6772896,0.28029266,0,0,adulto
ICB_03390_004,ICB_138,copd,AKG C417L Microphone,56.0,0,0,4,0.653457,0.33705994,0,0,adulto
ICB_03391_000,ICB_138,copd,AKG C417L Microphone,56.0,1,0,4,0.45616233,0.27431074,0,1,adulto
ICB_03391_001,ICB_138,copd,AKG C417L Microphone,56.0,1,0,4,0.41809535,0.24112773,0,1,adulto
ICB_03391_002,ICB_138,copd,AKG C417L Microphone,56.0,1,0,4,0.49504232,0.21431006,0,1,adulto
ICB_03391_003,ICB_138,copd,AKG C417L Microphone,56.0,1,0,4,0.50804096,0.24095488,0,1,adulto
ICB_03391_004,ICB_138,copd,AKG C417L Microphone,56.0,1,0,4,0.4843165,0.25152194,0,1,adulto
ICB_03392_000,ICB_138,copd,AKG C417L Microphone,56.0,1,0,4,0.32027727,0.38853112,0,1,adulto
ICB_03392_001,ICB_138,copd,AKG C417L Microphone,56.0,1,0,4,0.4920777,0.26895332,0,1,adulto
ICB_03392_002,ICB_138,copd,AKG C417L Microphone,56.0,1,0,4,0.49491736,0.3404922,0,1,adulto
ICB_03392_003,ICB_138,copd,AKG C417L Microphone,56.0,1,0,4,0.51045597,0.32039315,0,1,adulto
ICB_03392_004,ICB_138,copd,AKG C417L Microphone,56.0,1,0,4,0.5129996,0.2973414,0,1,adulto
ICB_03393_000,ICB_138,copd,AKG C417L Microphone,56.0,1,0,4,0.3728363,0.3220213,0,1,adulto
ICB_03393_001,ICB_138,copd,AKG C417L Microphone,56.0,1,0,4,0.48639932,0.1914204,0,1,adulto
ICB_03393_002,ICB_138,copd,AKG C417L Microphone,56.0,1,0,4,0.65951836,0.20555538,0,1,adulto
ICB_03393_003,ICB_138,copd,AKG C417L Microphone,56.0,1,0,4,0.6480809,0.18212134,0,1,adulto
ICB_03393_004,ICB_138,copd,AKG C417L Microphone,56.0,1,0,4,0.6880091,0.17297603,0,1,adulto
ICB_03394_000,ICB_138,copd,AKG C417L Microphone,56.0,0,1,4,0.46467516,0.28806508,0,2,adulto
ICB_03394_001,ICB_138,copd,AKG C417L Microphone,56.0,1,0,4,0.48546275,0.31995097,0,1,adulto
ICB_03394_002,ICB_138,copd,AKG C417L Microphone,56.0,1,0,4,0.45402178,0.3064064,0,1,adulto
ICB_03394_003,ICB_138,copd,AKG C417L Microphone,56.0,1,0,4,0.38821223,0.3959927,0,1,adulto
ICB_03394_004,ICB_138,copd,AKG C417L Microphone,56.0,1,0,4,0.46581328,0.30702493,0,1,adulto
ICB_03395_000,ICB_138,copd,AKG C417L Microphone,56.0,1,0,4,0.5637046,0.24757987,0,1,adulto
ICB_03395_001,ICB_138,copd,AKG C417L Microphone,56.0,1,0,4,0.6448223,0.25932312,0,1,adulto
ICB_03395_002,ICB_138,copd,AKG C417L Microphone,56.0,1,0,4,0.6700072,0.21385318,0,1,adulto
ICB_03395_003,ICB_138,copd,AKG C417L Microphone,56.0,1,0,4,0.6725576,0.2194615,0,1,adulto
ICB_03395_004,ICB_138,copd,AKG C417L Microphone,56.0,1,0,4,0.6694092,0.21164326,0,1,adulto
ICB_03396_000,ICB_138,copd,AKG C417L Microphone,56.0,1,0,4,0.10139188,0.3623273,0,1,adulto
ICB_03396_001,ICB_138,copd,AKG C417L Microphone,56.0,0,1,4,0.05793694,0.3210081,0,2,adulto
ICB_03396_002,ICB_138,copd,AKG C417L Microphone,56.0,1,0,4,0.07168469,0.2915886,0,1,adulto
ICB_03396_003,ICB_138,copd,AKG C417L Microphone,56.0,0,0,4,0.08555128,0.23218548,0,0,adulto
ICB_03396_004,ICB_138,copd,AKG C417L Microphone,56.0,0,0,4,0.05447145,0.43220884,0,0,adulto
ICB_03397_000,ICB_138,copd,AKG C417L Microphone,56.0,1,0,4,0.44633284,0.24623047,0,1,adulto
ICB_03397_001,ICB_138,copd,AKG C417L Microphone,56.0,1,0,4,0.48762462,0.21783058,0,1,adulto
ICB_03397_002,ICB_138,copd,AKG C417L Microphone,56.0,1,0,4,0.49132678,0.24622466,0,1,adulto
ICB_03397_003,ICB_138,copd,AKG C417L Microphone,56.0,1,0,4,0.5040374,0.22009927,0,1,adulto
ICB_03397_004,ICB_138,copd,AKG C417L Microphone,56.0,0,0,4,0.40663296,0.35119772,0,0,adulto
ICB_03398_000,ICB_138,copd,AKG C417L Microphone,56.0,1,0,4,0.53997403,0.30293515,0,1,adulto
ICB_03398_001,ICB_138,copd,AKG C417L Microphone,56.0,1,0,4,0.5422499,0.30323273,0,1,adulto
ICB_03398_002,ICB_138,copd,AKG C417L Microphone,56.0,1,0,4,0.46109313,0.36630824,0,1,adulto
ICB_03398_003,ICB_138,copd,AKG C417L Microphone,56.0,0,0,4,0.60535973,0.30960035,0,0,adulto
ICB_03398_004,ICB_138,copd,AKG C417L Microphone,56.0,1,0,4,0.5083815,0.34283698,0,1,adulto
ICB_03399_000,ICB_138,copd,AKG C417L Microphone,56.0,1,0,4,0.5470503,0.21093924,0,1,adulto
ICB_03399_001,ICB_138,copd,AKG C417L Microphone,56.0,1,0,4,0.5526082,0.25433388,0,1,adulto
ICB_03399_002,ICB_138,copd,AKG C417L Microphone,56.0,1,0,4,0.5364137,0.2324018,0,1,adulto
ICB_03399_003,ICB_138,copd,AKG C417L Microphone,56.0,1,0,4,0.7065045,0.13058352,1,1,adulto
ICB_03399_004,ICB_138,copd,AKG C417L Microphone,56.0,1,0,4,0.48834905,0.33518538,0,1,adulto
ICB_03400_000,ICB_138,copd,AKG C417L Microphone,56.0,1,1,4,0.38810566,0.30050987,0,3,adulto
ICB_03400_001,ICB_138,copd,AKG C417L Microphone,56.0,1,0,4,0.46600404,0.2383634,0,1,adulto
ICB_03400_002,ICB_138,copd,AKG C417L Microphone,56.0,1,0,4,0.46571797,0.3557933,0,1,adulto
ICB_03400_003,ICB_138,copd,AKG C417L Microphone,56.0,1,0,4,0.5681514,0.23753674,0,1,adulto
ICB_03400_004,ICB_138,copd,AKG C417L Microphone,56.0,0,0,4,0.47154382,0.34767842,0,0,adulto
ICB_03401_000,ICB_138,copd,AKG C417L Microphone,56.0,1,0,4,0.69930243,0.23213048,0,1,adulto
ICB_03401_001,ICB_138,copd,AKG C417L Microphone,56.0,1,0,4,0.6427047,0.26512605,0,1,adulto
ICB_03401_002,ICB_138,copd,AKG C417L Microphone,56.0,1,0,4,0.6809536,0.2245539,0,1,adulto
ICB_03401_003,ICB_138,copd,AKG C417L Microphone,56.0,1,0,4,0.7700647,0.20847358,1,1,adulto
ICB_03401_004,ICB_138,copd,AKG C417L Microphone,56.0,1,0,4,0.5081141,0.3668372,0,1,adulto
ICB_03402_000,ICB_138,copd,AKG C417L Microphone,56.0,0,0,4,0.05350174,0.37585354,0,0,adulto
ICB_03402_001,ICB_138,copd,AKG C417L Microphone,56.0,0,0,4,0.05973434,0.37219325,0,0,adulto
ICB_03402_002,ICB_138,copd,AKG C417L Microphone,56.0,0,0,4,0.056708336,0.41004738,0,0,adulto
ICB_03402_003,ICB_138,copd,AKG C417L Microphone,56.0,0,0,4,0.06437798,0.4098003,0,0,adulto
ICB_03402_004,ICB_138,copd,AKG C417L Microphone,56.0,0,0,4,0.15426813,0.47318882,0,0,adulto
ICB_03403_000,ICB_138,copd,AKG C417L Microphone,56.0,1,0,4,0.48254618,0.2738179,0,1,adulto
ICB_03403_001,ICB_138,copd,AKG C417L Microphone,56.0,1,0,4,0.5152132,0.21853173,0,1,adulto
ICB_03403_002,ICB_138,copd,AKG C417L Microphone,56.0,1,0,4,0.5282908,0.20321374,0,1,adulto
ICB_03403_003,ICB_138,copd,AKG C417L Microphone,56.0,1,0,4,0.51433635,0.25753567,0,1,adulto
ICB_03403_004,ICB_138,copd,AKG C417L Microphone,56.0,1,0,4,0.49620008,0.21354148,0,1,adulto
ICB_03403_005,ICB_138,copd,AKG C417L Microphone,56.0,1,0,4,0.5135692,0.2214697,0,1,adulto
ICB_03403_006,ICB_138,copd,AKG C417L Microphone,56.0,1,0,4,0.4384512,0.33434838,0,1,adulto
ICB_03404_000,ICB_138,copd,AKG C417L Microphone,56.0,0,0,4,0.4796119,0.28625378,0,0,adulto
ICB_03404_001,ICB_138,copd,AKG C417L Microphone,56.0,1,0,4,0.46926305,0.25186107,0,1,adulto
ICB_03404_002,ICB_138,copd,AKG C417L Microphone,56.0,1,1,4,0.45783317,0.28505754,0,3,adulto
ICB_03404_003,ICB_138,copd,AKG C417L Microphone,56.0,1,0,4,0.5427983,0.18069907,0,1,adulto
ICB_03404_004,ICB_138,copd,AKG C417L Microphone,56.0,1,0,4,0.4790781,0.27968952,0,1,adulto
ICB_03404_005,ICB_138,copd,AKG C417L Microphone,56.0,1,0,4,0.504624,0.20310487,0,1,adulto
ICB_03404_006,ICB_138,copd,AKG C417L Microphone,56.0,1,1,4,0.3469016,0.41481826,0,3,adulto
ICB_03405_000,ICB_138,copd,AKG C417L Microphone,56.0,0,0,4,0.4970836,0.35037875,0,0,adulto
ICB_03405_001,ICB_138,copd,AKG C417L Microphone,56.0,0,0,4,0.46422124,0.3439081,0,0,adulto
ICB_03405_002,ICB_138,copd,AKG C417L Microphone,56.0,1,0,4,0.49477598,0.3003036,0,1,adulto
ICB_03405_003,ICB_138,copd,AKG C417L Microphone,56.0,0,0,4,0.4790883,0.3497848,0,0,adulto
ICB_03405_004,ICB_138,copd,AKG C417L Microphone,56.0,0,0,4,0.48087332,0.3207741,0,0,adulto
ICB_03405_005,ICB_138,copd,AKG C417L Microphone,56.0,0,0,4,0.5257442,0.2867961,0,0,adulto
ICB_03405_006,ICB_138,copd,AKG C417L Microphone,56.0,0,0,4,0.40756616,0.38897777,0,0,adulto
ICB_03406_000,ICB_138,copd,AKG C417L Microphone,56.0,1,0,4,0.4979415,0.36472958,0,1,adulto
ICB_03406_001,ICB_138,copd,AKG C417L Microphone,56.0,0,0,4,0.50712585,0.4137987,0,0,adulto
ICB_03406_002,ICB_138,copd,AKG C417L Microphone,56.0,1,0,4,0.57764643,0.3559546,0,1,adulto
ICB_03406_003,ICB_138,copd,AKG C417L Microphone,56.0,1,0,4,0.589826,0.38104242,0,1,adulto
ICB_03406_004,ICB_138,copd,AKG C417L Microphone,56.0,1,0,4,0.4947621,0.4030011,0,1,adulto
ICB_03406_005,ICB_138,copd,AKG C417L Microphone,56.0,0,0,4,0.56885165,0.37312186,0,0,adulto
ICB_03406_006,ICB_138,copd,AKG C417L Microphone,56.0,1,0,4,0.38681754,0.5134152,0,1,adulto
ICB_03407_000,ICB_138,copd,AKG C417L Microphone,56.0,1,0,4,0.4804817,0.3285325,0,1,adulto
ICB_03407_001,ICB_138,copd,AKG C417L Microphone,56.0,1,0,4,0.5024437,0.2866172,0,1,adulto
ICB_03407_002,ICB_138,copd,AKG C417L Microphone,56.0,1,0,4,0.56514794,0.26846805,0,1,adulto
ICB_03407_003,ICB_138,copd,AKG C417L Microphone,56.0,1,0,4,0.51336426,0.30589277,0,1,adulto
ICB_03407_004,ICB_138,copd,AKG C417L Microphone,56.0,1,0,4,0.56012315,0.27439272,0,1,adulto
ICB_03407_005,ICB_138,copd,AKG C417L Microphone,56.0,1,0,4,0.53838646,0.26097614,0,1,adulto
ICB_03407_006,ICB_138,copd,AKG C417L Microphone,56.0,0,0,4,0.43933007,0.38626993,0,0,adulto
ICB_03408_000,ICB_138,copd,AKG C417L Microphone,56.0,1,0,4,0.5063074,0.34943548,0,1,adulto
ICB_03408_001,ICB_138,copd,AKG C417L Microphone,56.0,1,0,4,0.50358015,0.31049937,0,1,adulto
ICB_03408_002,ICB_138,copd,AKG C417L Microphone,56.0,1,1,4,0.5132044,0.32698593,0,3,adulto
ICB_03408_003,ICB_138,copd,AKG C417L Microphone,56.0,1,0,4,0.5685761,0.3339723,0,1,adulto
ICB_03408_004,ICB_138,copd,AKG C417L Microphone,56.0,1,0,4,0.56777257,0.30493808,0,1,adulto
ICB_03408_005,ICB_138,copd,AKG C417L Microphone,56.0,1,0,4,0.5375178,0.29768592,0,1,adulto
ICB_03408_006,ICB_138,copd,AKG C417L Microphone,56.0,1,1,4,0.43256578,0.40850317,0,3,adulto
ICB_03409_000,ICB_138,copd,AKG C417L Microphone,56.0,1,0,4,0.24082668,0.38698173,0,1,adulto
ICB_03409_001,ICB_138,copd,AKG C417L Microphone,56.0,0,0,4,0.19571167,0.42201534,0,0,adulto
ICB_03409_002,ICB_138,copd,AKG C417L Microphone,56.0,1,0,4,0.22495785,0.31644854,0,1,adulto
ICB_03409_003,ICB_138,copd,AKG C417L Microphone,56.0,0,0,4,0.3261919,0.2692942,0,0,adulto
ICB_03409_004,ICB_138,copd,AKG C417L Microphone,56.0,1,0,4,0.2755665,0.3159278,0,1,adulto
ICB_03409_005,ICB_138,copd,AKG C417L Microphone,56.0,0,0,4,0.25102857,0.31742662,0,0,adulto
ICB_03409_006,ICB_138,copd,AKG C417L Microphone,56.0,0,0,4,0.41011313,0.34306046,0,0,adulto
ICB_03416_000,ICB_140,pneumonia,3M Littmann Classic II SE,79.0,0,0,4,0.4494837,0.521242,0,0,adulto
ICB_03416_001,ICB_140,pneumonia,3M Littmann Classic II SE,79.0,0,0,4,0.48174408,0.62442976,0,0,adulto
ICB_03416_002,ICB_140,pneumonia,3M Littmann Classic II SE,79.0,0,0,4,0.4456576,0.6478042,0,0,adulto
ICB_03416_003,ICB_140,pneumonia,3M Littmann Classic II SE,79.0,0,0,4,0.44844544,0.6405219,0,0,adulto
ICB_03416_004,ICB_140,pneumonia,3M Littmann Classic II SE,79.0,0,0,4,0.42823192,0.7783448,2,0,adulto
ICB_03416_005,ICB_140,pneumonia,3M Littmann Classic II SE,79.0,0,0,4,0.4828824,0.5747911,0,0,adulto
ICB_03416_006,ICB_140,pneumonia,3M Littmann Classic II SE,79.0,1,0,4,0.44267312,0.7143724,0,1,adulto
ICB_03416_007,ICB_140,pneumonia,3M Littmann Classic II SE,79.0,0,0,4,0.44120976,0.68897396,0,0,adulto
ICB_03416_008,ICB_140,pneumonia,3M Littmann Classic II SE,79.0,0,0,4,0.44295695,0.7083529,0,0,adulto
ICB_03416_009,ICB_140,pneumonia,3M Littmann Classic II SE,79.0,0,0,4,0.47936732,0.72013646,0,0,adulto
ICB_03416_010,ICB_140,pneumonia,3M Littmann Classic II SE,79.0,0,0,4,0.38291445,0.45354643,0,0,adulto
ICB_03417_000,ICB_140,pneumonia,3M Littmann Classic II SE,79.0,0,0,4,0.2963079,0.37572327,0,0,adulto
ICB_03417_001,ICB_140,pneumonia,3M Littmann Classic II SE,79.0,1,0,4,0.3650482,0.35767046,0,1,adulto
ICB_03417_002,ICB_140,pneumonia,3M Littmann Classic II SE,79.0,0,0,4,0.3083324,0.41024616,0,0,adulto
ICB_03417_003,ICB_140,pneumonia,3M Littmann Classic II SE,79.0,0,0,4,0.32389823,0.3383843,0,0,adulto
ICB_03417_004,ICB_140,pneumonia,3M Littmann Classic II SE,79.0,0,0,4,0.26364252,0.37476113,0,0,adulto
ICB_03417_005,ICB_140,pneumonia,3M Littmann Classic II SE,79.0,0,0,4,0.2890758,0.36433184,0,0,adulto
ICB_03417_006,ICB_140,pneumonia,3M Littmann Classic II SE,79.0,0,0,4,0.25303385,0.43520367,0,0,adulto
ICB_03417_007,ICB_140,pneumonia,3M Littmann Classic II SE,79.0,0,0,4,0.2528315,0.38961238,0,0,adulto
ICB_03417_008,ICB_140,pneumonia,3M Littmann Classic II SE,79.0,0,0,4,0.31565744,0.3669393,0,0,adulto
ICB_03417_009,ICB_140,pneumonia,3M Littmann Classic II SE,79.0,0,0,4,0.28984475,0.3453037,0,0,adulto
ICB_03418_000,ICB_140,pneumonia,3M Littmann Classic II SE,79.0,0,0,4,0.49865678,0.8118491,2,0,adulto
ICB_03418_001,ICB_140,pneumonia,3M Littmann Classic II SE,79.0,0,1,4,0.42347962,0.75453776,2,2,adulto
ICB_03418_002,ICB_140,pneumonia,3M Littmann Classic II SE,79.0,0,1,4,0.4454734,0.74124354,0,2,adulto
ICB_03418_003,ICB_140,pneumonia,3M Littmann Classic II SE,79.0,0,1,4,0.43498006,0.6760786,0,2,adulto
ICB_03418_004,ICB_140,pneumonia,3M Littmann Classic II SE,79.0,0,0,4,0.4420289,0.7042869,0,0,adulto
ICB_03418_005,ICB_140,pneumonia,3M Littmann Classic II SE,79.0,0,0,4,0.4438228,0.7503242,2,0,adulto
ICB_03418_006,ICB_140,pneumonia,3M Littmann Classic II SE,79.0,0,0,4,0.45966044,0.7402141,0,0,adulto
ICB_03418_007,ICB_140,pneumonia,3M Littmann Classic II SE,79.0,0,0,4,0.42847192,0.7193857,0,0,adulto
ICB_03418_008,ICB_140,pneumonia,3M Littmann Classic II SE,79.0,0,0,4,0.42869484,0.5867868,0,0,adulto
ICB_03419_000,ICB_140,pneumonia,3M Littmann Classic II SE,79.0,0,0,4,0.3854173,0.43019915,0,0,adulto
ICB_03419_001,ICB_140,pneumonia,3M Littmann Classic II SE,79.0,0,1,4,0.3115151,0.49463382,0,2,adulto
ICB_03419_002,ICB_140,pneumonia,3M Littmann Classic II SE,79.0,0,1,4,0.2909918,0.5301107,0,2,adulto
ICB_03419_003,ICB_140,pneumonia,3M Littmann Classic II SE,79.0,0,1,4,0.30891111,0.52326447,0,2,adulto
ICB_03419_004,ICB_140,pneumonia,3M Littmann Classic II SE,79.0,0,1,4,0.29361385,0.50677294,0,2,adulto
ICB_03419_005,ICB_140,pneumonia,3M Littmann Classic II SE,79.0,0,0,4,0.31755883,0.47130528,0,0,adulto
ICB_03419_006,ICB_140,pneumonia,3M Littmann Classic II SE,79.0,0,0,4,0.34020165,0.44218412,0,0,adulto
ICB_03419_007,ICB_140,pneumonia,3M Littmann Classic II SE,79.0,0,1,4,0.27616355,0.42962083,0,2,adulto
ICB_03419_008,ICB_140,pneumonia,3M Littmann Classic II SE,79.0,0,1,4,0.30773243,0.35373694,0,2,adulto
ICB_03419_009,ICB_140,pneumonia,3M Littmann Classic II SE,79.0,0,0,4,0.37800944,0.45265833,0,0,adulto
ICB_03420_000,ICB_141,copd,3M Littmann Classic II SE,66.0,0,0,4,0.36046615,0.25755894,0,0,adulto
ICB_03420_001,ICB_141,copd,3M Littmann Classic II SE,66.0,0,1,4,0.058958825,0.7153005,0,2,adulto
ICB_03420_002,ICB_141,copd,3M Littmann Classic II SE,66.0,0,1,4,0.10990263,0.6057121,0,2,adulto
ICB_03420_003,ICB_141,copd,3M Littmann Classic II SE,66.0,1,1,4,0.113776,0.5628338,0,3,adulto
ICB_03420_004,ICB_141,copd,3M Littmann Classic II SE,66.0,0,1,4,0.32128373,0.4038003,0,2,adulto
ICB_03421_000,ICB_141,copd,3M Littmann Classic II SE,66.0,0,0,4,0.4033153,0.40012106,0,0,adulto
ICB_03421_001,ICB_141,copd,3M Littmann Classic II SE,66.0,0,0,4,0.42259777,0.35719064,0,0,adulto
ICB_03421_002,ICB_141,copd,3M Littmann Classic II SE,66.0,0,1,4,0.37783787,0.3793069,0,2,adulto
ICB_03421_003,ICB_141,copd,3M Littmann Classic II SE,66.0,1,1,4,0.39610496,0.37111908,0,3,adulto
ICB_03421_004,ICB_141,copd,3M Littmann Classic II SE,66.0,0,1,4,0.4194119,0.33474052,0,2,adulto
ICB_03421_005,ICB_141,copd,3M Littmann Classic II SE,66.0,0,0,4,0.39474228,0.4488971,0,0,adulto
ICB_03422_000,ICB_141,copd,3M Littmann Classic II SE,66.0,0,0,4,0.31776148,0.30488762,0,0,adulto
ICB_03422_001,ICB_141,copd,3M Littmann Classic II SE,66.0,0,1,4,0.2290552,0.48462546,0,2,adulto
ICB_03422_002,ICB_141,copd,3M Littmann Classic II SE,66.0,0,1,4,0.2625152,0.45518568,0,2,adulto
ICB_03422_003,ICB_141,copd,3M Littmann Classic II SE,66.0,0,1,4,0.22264783,0.6154545,0,2,adulto
ICB_03422_004,ICB_141,copd,3M Littmann Classic II SE,66.0,0,1,4,0.25154114,0.46001202,0,2,adulto
ICB_03423_000,ICB_141,copd,3M Littmann Classic II SE,66.0,0,0,4,0.36482054,0.41925097,0,0,adulto
ICB_03423_001,ICB_141,copd,3M Littmann Classic II SE,66.0,1,1,4,0.1674552,0.21924354,0,3,adulto
ICB_03423_002,ICB_141,copd,3M Littmann Classic II SE,66.0,1,1,4,0.10409604,0.3059443,0,3,adulto
ICB_03423_003,ICB_141,copd,3M Littmann Classic II SE,66.0,0,1,4,0.07772435,0.5411529,0,2,adulto
ICB_03423_004,ICB_141,copd,3M Littmann Classic II SE,66.0,1,1,4,0.12952644,0.21924101,0,3,adulto
ICB_03423_005,ICB_141,copd,3M Littmann Classic II SE,66.0,0,1,4,0.29126748,0.40733698,0,2,adulto
ICB_03424_000,ICB_141,copd,3M Littmann Classic II SE,66.0,0,0,4,0.094722345,0.43245116,0,0,adulto
ICB_03424_001,ICB_141,copd,3M Littmann Classic II SE,66.0,0,0,4,0.0803667,0.5158361,0,0,adulto
ICB_03424_002,ICB_141,copd,3M Littmann Classic II SE,66.0,0,0,4,0.08785713,0.46119344,0,0,adulto
ICB_03424_003,ICB_141,copd,3M Littmann Classic II SE,66.0,0,0,4,0.09549721,0.42517123,0,0,adulto
ICB_03424_004,ICB_141,copd,3M Littmann Classic II SE,66.0,0,0,4,0.18608221,0.5405607,0,0,adulto
ICB_03425_000,ICB_141,copd,3M Littmann Classic II SE,66.0,0,0,4,0.4389481,0.355196,0,0,adulto
ICB_03425_001,ICB_141,copd,3M Littmann Classic II SE,66.0,0,1,4,0.46120176,0.44297263,0,2,adulto
ICB_03425_002,ICB_141,copd,3M Littmann Classic II SE,66.0,0,1,4,0.40487546,0.525773,0,2,adulto
ICB_03425_003,ICB_141,copd,3M Littmann Classic II SE,66.0,0,1,4,0.47049063,0.482695,0,2,adulto
ICB_03425_004,ICB_141,copd,3M Littmann Classic II SE,66.0,0,1,4,0.45336235,0.4274569,0,2,adulto
ICB_03426_000,ICB_141,copd,3M Littmann Classic II SE,66.0,0,0,4,0.4267779,0.35383582,0,0,adulto
ICB_03426_001,ICB_141,copd,3M Littmann Classic II SE,66.0,0,1,4,0.49759087,0.3585454,0,2,adulto
ICB_03426_002,ICB_141,copd,3M Littmann Classic II SE,66.0,0,0,4,0.39749706,0.4116554,0,0,adulto
ICB_03426_003,ICB_141,copd,3M Littmann Classic II SE,66.0,0,1,4,0.45543203,0.34679696,0,2,adulto
ICB_03426_004,ICB_141,copd,3M Littmann Classic II SE,66.0,0,1,4,0.45944673,0.4367687,0,2,adulto
ICB_03427_000,ICB_141,copd,3M Littmann Classic II SE,66.0,1,1,4,0.14035664,0.67959535,0,3,adulto
ICB_03427_001,ICB_141,copd,3M Littmann Classic II SE,66.0,1,1,4,0.089090064,0.38424557,0,3,adulto
ICB_03427_002,ICB_141,copd,3M Littmann Classic II SE,66.0,1,1,4,0.13411632,0.24529377,0,3,adulto
ICB_03427_003,ICB_141,copd,3M Littmann Classic II SE,66.0,1,1,4,0.08846169,0.5235215,0,3,adulto
ICB_03427_004,ICB_141,copd,3M Littmann Classic II SE,66.0,1,1,4,0.06327049,0.6609138,0,3,adulto
ICB_03427_005,ICB_141,copd,3M Littmann Classic II SE,66.0,1,1,4,0.33530954,0.41031697,0,3,adulto
ICB_03470_000,ICB_150,respiratory_infection,AKG C417L Microphone,0.67,1,0,4,0.4186708,0.3905529,0,1,pediátrico (<18)
ICB_03470_001,ICB_150,respiratory_infection,AKG C417L Microphone,0.67,1,0,4,0.37927085,0.45056942,0,1,pediátrico (<18)
ICB_03470_002,ICB_150,respiratory_infection,AKG C417L Microphone,0.67,1,0,4,0.41803482,0.395937,0,1,pediátrico (<18)
ICB_03470_003,ICB_150,respiratory_infection,AKG C417L Microphone,0.67,1,0,4,0.39725372,0.39909267,0,1,pediátrico (<18)
ICB_03470_004,ICB_150,respiratory_infection,AKG C417L Microphone,0.67,0,0,4,0.3908186,0.47258902,0,0,pediátrico (<18)
ICB_03470_005,ICB_150,respiratory_infection,AKG C417L Microphone,0.67,1,0,4,0.39102736,0.37879097,0,1,pediátrico (<18)
ICB_03470_006,ICB_150,respiratory_infection,AKG C417L Microphone,0.67,1,0,4,0.34331122,0.39741075,0,1,pediátrico (<18)
ICB_03470_007,ICB_150,respiratory_infection,AKG C417L Microphone,0.67,1,0,4,0.37742677,0.45492002,0,1,pediátrico (<18)
ICB_03470_008,ICB_150,respiratory_infection,AKG C417L Microphone,0.67,1,0,4,0.3554314,0.4295866,0,1,pediátrico (<18)
ICB_03470_009,ICB_150,respiratory_infection,AKG C417L Microphone,0.67,0,0,4,0.30549064,0.45451275,0,0,pediátrico (<18)
ICB_03470_010,ICB_150,respiratory_infection,AKG C417L Microphone,0.67,1,0,4,0.3423687,0.42915738,0,1,pediátrico (<18)
ICB_03470_011,ICB_150,respiratory_infection,AKG C417L Microphone,0.67,0,0,4,0.36454704,0.44371143,0,0,pediátrico (<18)
ICB_03470_012,ICB_150,respiratory_infection,AKG C417L Microphone,0.67,0,0,4,0.35408336,0.41804183,0,0,pediátrico (<18)
ICB_03470_013,ICB_150,respiratory_infection,AKG C417L Microphone,0.67,0,0,4,0.3652873,0.4392564,0,0,pediátrico (<18)
ICB_03470_014,ICB_150,respiratory_infection,AKG C417L Microphone,0.67,0,1,4,0.11089696,0.8709697,2,2,pediátrico (<18)
ICB_03470_015,ICB_150,respiratory_infection,AKG C417L Microphone,0.67,0,0,4,0.5399164,0.48069733,0,0,pediátrico (<18)
ICB_03470_016,ICB_150,respiratory_infection,AKG C417L Microphone,0.67,0,0,4,0.36978602,0.42281112,0,0,pediátrico (<18)
ICB_03500_000,ICB_153,normal_lung,3M Littmann Classic II SE,3.0,0,0,4,0.44511953,0.405169,0,0,pediátrico (<18)
ICB_03500_001,ICB_153,normal_lung,3M Littmann Classic II SE,3.0,0,0,4,0.33812368,0.43154424,0,0,pediátrico (<18)
ICB_03500_002,ICB_153,normal_lung,3M Littmann Classic II SE,3.0,0,0,4,0.357966,0.45062196,0,0,pediátrico (<18)
ICB_03500_003,ICB_153,normal_lung,3M Littmann Classic II SE,3.0,0,0,4,0.39754996,0.48365316,0,0,pediátrico (<18)
ICB_03500_004,ICB_153,normal_lung,3M Littmann Classic II SE,3.0,0,0,4,0.37339708,0.4777264,0,0,pediátrico (<18)
ICB_03500_005,ICB_153,normal_lung,3M Littmann Classic II SE,3.0,0,0,4,0.39436704,0.46555373,0,0,pediátrico (<18)
ICB_03500_006,ICB_153,normal_lung,3M Littmann Classic II SE,3.0,0,0,4,0.47077516,0.54484314,0,0,pediátrico (<18)
ICB_03500_007,ICB_153,normal_lung,3M Littmann Classic II SE,3.0,0,0,4,0.3973162,0.49138555,0,0,pediátrico (<18)
ICB_03500_008,ICB_153,normal_lung,3M Littmann Classic II SE,3.0,0,0,4,0.3641842,0.43356258,0,0,pediátrico (<18)
ICB_03525_000,ICB_156,copd,AKG C417L Microphone,80.0,1,1,4,0.15704748,0.58153075,0,3,adulto
ICB_03525_001,ICB_156,copd,AKG C417L Microphone,80.0,1,1,4,0.10311001,0.76451635,2,3,adulto
ICB_03525_002,ICB_156,copd,AKG C417L Microphone,80.0,1,0,4,0.2147428,0.4876017,0,1,adulto
ICB_03525_003,ICB_156,copd,AKG C417L Microphone,80.0,1,1,4,0.10528667,0.74372816,0,3,adulto
ICB_03525_004,ICB_156,copd,AKG C417L Microphone,80.0,1,1,4,0.18209736,0.5916437,0,3,adulto
ICB_03525_005,ICB_156,copd,AKG C417L Microphone,80.0,1,1,4,0.19579837,0.52958626,0,3,adulto
ICB_03526_000,ICB_156,copd,AKG C417L Microphone,80.0,0,1,4,0.05067135,0.63392895,0,2,adulto
ICB_03526_001,ICB_156,copd,AKG C417L Microphone,80.0,1,1,4,0.048619118,0.71130985,0,3,adulto
ICB_03526_002,ICB_156,copd,AKG C417L Microphone,80.0,1,0,4,0.1395521,0.51009595,0,1,adulto
ICB_03526_003,ICB_156,copd,AKG C417L Microphone,80.0,0,0,4,0.057015393,0.65090686,0,0,adulto
ICB_03526_004,ICB_156,copd,AKG C417L Microphone,80.0,1,0,4,0.122681536,0.41482514,0,1,adulto
ICB_03526_005,ICB_156,copd,AKG C417L Microphone,80.0,1,0,4,0.13686572,0.52577174,0,1,adulto
ICB_03527_000,ICB_156,copd,AKG C417L Microphone,80.0,1,1,4,0.28541356,0.59359246,0,3,adulto
ICB_03527_001,ICB_156,copd,AKG C417L Microphone,80.0,1,1,4,0.18442294,0.78759974,2,3,adulto
ICB_03527_002,ICB_156,copd,AKG C417L Microphone,80.0,1,1,4,0.2976893,0.57552326,0,3,adulto
ICB_03527_003,ICB_156,copd,AKG C417L Microphone,80.0,1,1,4,0.1745337,0.7455622,0,3,adulto
ICB_03527_004,ICB_156,copd,AKG C417L Microphone,80.0,1,1,4,0.27953336,0.65721107,0,3,adulto
ICB_03527_005,ICB_156,copd,AKG C417L Microphone,80.0,1,1,4,0.2722722,0.6340512,0,3,adulto
ICB_03528_000,ICB_156,copd,AKG C417L Microphone,80.0,1,1,4,0.15061343,0.49378005,0,3,adulto
ICB_03528_001,ICB_156,copd,AKG C417L Microphone,80.0,1,1,4,0.12964347,0.57891,0,3,adulto
ICB_03528_002,ICB_156,copd,AKG C417L Microphone,80.0,1,0,4,0.16491799,0.44363195,0,1,adulto
ICB_03528_003,ICB_156,copd,AKG C417L Microphone,80.0,1,0,4,0.1237829,0.5776741,0,1,adulto
ICB_03528_004,ICB_156,copd,AKG C417L Microphone,80.0,1,0,4,0.18004471,0.4720363,0,1,adulto
ICB_03528_005,ICB_156,copd,AKG C417L Microphone,80.0,1,1,4,0.19657388,0.46047643,0,3,adulto
ICB_03529_000,ICB_156,copd,AKG C417L Microphone,80.0,1,1,4,0.26495585,0.5261418,0,3,adulto
ICB_03529_001,ICB_156,copd,AKG C417L Microphone,80.0,1,1,4,0.23681194,0.5613459,0,3,adulto
ICB_03529_002,ICB_156,copd,AKG C417L Microphone,80.0,1,0,4,0.32686177,0.461254,0,1,adulto
ICB_03529_003,ICB_156,copd,AKG C417L Microphone,80.0,1,1,4,0.234841,0.59490716,0,3,adulto
ICB_03529_004,ICB_156,copd,AKG C417L Microphone,80.0,1,1,4,0.24979034,0.5679705,0,3,adulto
ICB_03529_005,ICB_156,copd,AKG C417L Microphone,80.0,1,1,4,0.26596722,0.54211,0,3,adulto
ICB_03530_000,ICB_156,copd,AKG C417L Microphone,80.0,1,0,4,0.20903409,0.3437938,0,1,adulto
ICB_03530_001,ICB_156,copd,AKG C417L Microphone,80.0,1,0,4,0.17759345,0.49605408,0,1,adulto
ICB_03530_002,ICB_156,copd,AKG C417L Microphone,80.0,1,0,4,0.24841341,0.37410492,0,1,adulto
ICB_03530_003,ICB_156,copd,AKG C417L Microphone,80.0,1,0,4,0.1749973,0.46675584,0,1,adulto
ICB_03530_004,ICB_156,copd,AKG C417L Microphone,80.0,1,0,4,0.26729104,0.3007012,0,1,adulto
ICB_03530_005,ICB_156,copd,AKG C417L Microphone,80.0,1,0,4,0.25495002,0.36515054,0,1,adulto
ICB_03531_000,ICB_156,copd,AKG C417L Microphone,80.0,0,1,4,0.29271808,0.4843786,0,2,adulto
ICB_03531_001,ICB_156,copd,AKG C417L Microphone,80.0,1,1,4,0.31916097,0.46449357,0,3,adulto
ICB_03531_002,ICB_156,copd,AKG C417L Microphone,80.0,1,1,4,0.3558592,0.44556037,0,3,adulto
ICB_03531_003,ICB_156,copd,AKG C417L Microphone,80.0,1,1,4,0.3221143,0.514152,0,3,adulto
ICB_03531_004,ICB_156,copd,AKG C417L Microphone,80.0,1,1,4,0.35012972,0.4861606,0,3,adulto
ICB_03531_005,ICB_156,copd,AKG C417L Microphone,80.0,1,1,4,0.33294228,0.42744195,0,3,adulto
ICB_03531_006,ICB_156,copd,AKG C417L Microphone,80.0,1,1,4,0.35989517,0.3844757,0,3,adulto
ICB_03531_007,ICB_156,copd,AKG C417L Microphone,80.0,1,1,4,0.3570694,0.36006853,0,3,adulto
ICB_03531_008,ICB_156,copd,AKG C417L Microphone,80.0,1,1,4,0.35126063,0.3497026,0,3,adulto
ICB_03532_000,ICB_156,copd,AKG C417L Microphone,80.0,0,1,4,0.16597019,0.47571954,0,2,adulto
ICB_03532_001,ICB_156,copd,AKG C417L Microphone,80.0,1,1,4,0.15997301,0.37129286,0,3,adulto
ICB_03532_002,ICB_156,copd,AKG C417L Microphone,80.0,1,1,4,0.1538998,0.3979026,0,3,adulto
ICB_03532_003,ICB_156,copd,AKG C417L Microphone,80.0,0,1,4,0.1397906,0.4736621,0,2,adulto
ICB_03532_004,ICB_156,copd,AKG C417L Microphone,80.0,1,1,4,0.1488488,0.39877865,0,3,adulto
ICB_03532_005,ICB_156,copd,AKG C417L Microphone,80.0,1,1,4,0.17620987,0.37497878,0,3,adulto
ICB_03532_006,ICB_156,copd,AKG C417L Microphone,80.0,1,1,4,0.1584693,0.34251285,0,3,adulto
ICB_03532_007,ICB_156,copd,AKG C417L Microphone,80.0,1,1,4,0.12539022,0.43815714,0,3,adulto
ICB_03532_008,ICB_156,copd,AKG C417L Microphone,80.0,1,1,4,0.18618628,0.29205027,0,3,adulto
ICB_03533_000,ICB_156,copd,AKG C417L Microphone,80.0,1,1,4,0.27407506,0.5005868,0,3,adulto
ICB_03533_001,ICB_156,copd,AKG C417L Microphone,80.0,1,1,4,0.48031086,0.30205375,0,3,adulto
ICB_03533_002,ICB_156,copd,AKG C417L Microphone,80.0,1,0,4,0.47169325,0.27375537,0,1,adulto
ICB_03533_003,ICB_156,copd,AKG C417L Microphone,80.0,1,0,4,0.32290304,0.58656436,0,1,adulto
ICB_03533_004,ICB_156,copd,AKG C417L Microphone,80.0,1,0,4,0.37722936,0.40922937,0,1,adulto
ICB_03533_005,ICB_156,copd,AKG C417L Microphone,80.0,1,0,4,0.4312347,0.2800217,0,1,adulto
ICB_03533_006,ICB_156,copd,AKG C417L Microphone,80.0,1,0,4,0.37894595,0.4024217,0,1,adulto
ICB_03533_007,ICB_156,copd,AKG C417L Microphone,80.0,1,0,4,0.3922723,0.41546285,0,1,adulto
ICB_03533_008,ICB_156,copd,AKG C417L Microphone,80.0,1,0,4,0.45165896,0.47825804,0,1,adulto
ICB_03534_000,ICB_156,copd,AKG C417L Microphone,80.0,1,0,4,0.2505328,0.32323763,0,1,adulto
ICB_03534_001,ICB_156,copd,AKG C417L Microphone,80.0,1,1,4,0.30880085,0.29270115,0,3,adulto
ICB_03534_002,ICB_156,copd,AKG C417L Microphone,80.0,1,1,4,0.296229,0.3330031,0,3,adulto
ICB_03534_003,ICB_156,copd,AKG C417L Microphone,80.0,1,1,4,0.33421388,0.3567757,0,3,adulto
ICB_03534_004,ICB_156,copd,AKG C417L Microphone,80.0,1,1,4,0.26709932,0.41410825,0,3,adulto
ICB_03534_005,ICB_156,copd,AKG C417L Microphone,80.0,1,1,4,0.31951746,0.3394107,0,3,adulto
ICB_03534_006,ICB_156,copd,AKG C417L Microphone,80.0,1,1,4,0.29637775,0.3948071,0,3,adulto
ICB_03534_007,ICB_156,copd,AKG C417L Microphone,80.0,1,1,4,0.3037101,0.44372037,0,3,adulto
ICB_03534_008,ICB_156,copd,AKG C417L Microphone,80.0,1,1,4,0.2913698,0.4146257,0,3,adulto
ICB_03535_000,ICB_156,copd,AKG C417L Microphone,80.0,1,1,4,0.2555707,0.59008014,0,3,adulto
ICB_03535_001,ICB_156,copd,AKG C417L Microphone,80.0,1,1,4,0.23012537,0.5189362,0,3,adulto
ICB_03535_002,ICB_156,copd,AKG C417L Microphone,80.0,1,1,4,0.20066684,0.5006473,0,3,adulto
ICB_03535_003,ICB_156,copd,AKG C417L Microphone,80.0,1,1,4,0.24850151,0.54550403,0,3,adulto
ICB_03535_004,ICB_156,copd,AKG C417L Microphone,80.0,1,1,4,0.23517528,0.47425374,0,3,adulto
ICB_03535_005,ICB_156,copd,AKG C417L Microphone,80.0,1,1,4,0.22738393,0.4959593,0,3,adulto
ICB_03535_006,ICB_156,copd,AKG C417L Microphone,80.0,1,0,4,0.19659135,0.46957627,0,1,adulto
ICB_03535_007,ICB_156,copd,AKG C417L Microphone,80.0,1,1,4,0.21779412,0.4978173,0,3,adulto
ICB_03535_008,ICB_156,copd,AKG C417L Microphone,80.0,1,0,4,0.2405028,0.5193298,0,1,adulto
ICB_03536_000,ICB_156,copd,AKG C417L Microphone,80.0,1,1,4,0.3476927,0.39037868,0,3,adulto
ICB_03536_001,ICB_156,copd,AKG C417L Microphone,80.0,1,1,4,0.38206145,0.3503566,0,3,adulto
ICB_03536_002,ICB_156,copd,AKG C417L Microphone,80.0,1,1,4,0.38011125,0.38894916,0,3,adulto
ICB_03536_003,ICB_156,copd,AKG C417L Microphone,80.0,1,1,4,0.3727823,0.37793422,0,3,adulto
ICB_03536_004,ICB_156,copd,AKG C417L Microphone,80.0,1,1,4,0.34979227,0.44927987,0,3,adulto
ICB_03536_005,ICB_156,copd,AKG C417L Microphone,80.0,1,1,4,0.3789663,0.3964369,0,3,adulto
ICB_03536_006,ICB_156,copd,AKG C417L Microphone,80.0,1,1,4,0.3690429,0.43186688,0,3,adulto
ICB_03536_007,ICB_156,copd,AKG C417L Microphone,80.0,1,1,4,0.32142514,0.42833295,0,3,adulto
ICB_03536_008,ICB_156,copd,AKG C417L Microphone,80.0,1,1,4,0.3337957,0.4864071,0,3,adulto
ICB_03537_000,ICB_156,copd,AKG C417L Microphone,80.0,0,0,4,0.5022231,0.4276099,0,0,adulto
ICB_03537_001,ICB_156,copd,AKG C417L Microphone,80.0,1,1,4,0.46093857,0.4473098,0,3,adulto
ICB_03537_002,ICB_156,copd,AKG C417L Microphone,80.0,1,1,4,0.3673142,0.57790923,0,3,adulto
ICB_03537_003,ICB_156,copd,AKG C417L Microphone,80.0,1,1,4,0.38718945,0.56058615,0,3,adulto
ICB_03537_004,ICB_156,copd,AKG C417L Microphone,80.0,1,1,4,0.47030336,0.53200346,0,3,adulto
ICB_03537_005,ICB_156,copd,AKG C417L Microphone,80.0,0,1,4,0.4919184,0.38442662,0,2,adulto
ICB_03537_006,ICB_156,copd,AKG C417L Microphone,80.0,0,1,4,0.32767552,0.5427333,0,2,adulto
ICB_03537_007,ICB_156,copd,AKG C417L Microphone,80.0,0,1,4,0.42017168,0.5060277,0,2,adulto
ICB_03538_000,ICB_156,copd,AKG C417L Microphone,80.0,1,0,4,0.30476224,0.37880623,0,1,adulto
ICB_03538_001,ICB_156,copd,AKG C417L Microphone,80.0,0,1,4,0.33953586,0.42042002,0,2,adulto
ICB_03538_002,ICB_156,copd,AKG C417L Microphone,80.0,0,1,4,0.20020734,0.66092604,0,2,adulto
ICB_03538_003,ICB_156,copd,AKG C417L Microphone,80.0,0,1,4,0.264642,0.52687186,0,2,adulto
ICB_03538_004,ICB_156,copd,AKG C417L Microphone,80.0,0,1,4,0.32897758,0.46361402,0,2,adulto
ICB_03538_005,ICB_156,copd,AKG C417L Microphone,80.0,0,0,4,0.38560218,0.38007906,0,0,adulto
ICB_03538_006,ICB_156,copd,AKG C417L Microphone,80.0,0,1,4,0.24490787,0.4674995,0,2,adulto
ICB_03538_007,ICB_156,copd,AKG C417L Microphone,80.0,0,1,4,0.28656545,0.53531384,0,2,adulto
ICB_03539_000,ICB_156,copd,AKG C417L Microphone,80.0,1,0,4,0.5105576,0.33490196,0,1,adulto
ICB_03539_001,ICB_156,copd,AKG C417L Microphone,80.0,1,1,4,0.4299111,0.48182273,0,3,adulto
ICB_03539_002,ICB_156,copd,AKG C417L Microphone,80.0,1,1,4,0.3415478,0.55993754,0,3,adulto
ICB_03539_003,ICB_156,copd,AKG C417L Microphone,80.0,1,1,4,0.38043332,0.5264578,0,3,adulto
ICB_03539_004,ICB_156,copd,AKG C417L Microphone,80.0,1,1,4,0.45067856,0.44634676,0,3,adulto
ICB_03539_005,ICB_156,copd,AKG C417L Microphone,80.0,1,1,4,0.49924204,0.35005468,0,3,adulto
ICB_03539_006,ICB_156,copd,AKG C417L Microphone,80.0,1,1,4,0.35230348,0.52037793,0,3,adulto
ICB_03539_007,ICB_156,copd,AKG C417L Microphone,80.0,1,1,4,0.40254927,0.50334156,0,3,adulto
ICB_03540_000,ICB_156,copd,AKG C417L Microphone,80.0,0,0,4,0.34939608,0.39090875,0,0,adulto
ICB_03540_001,ICB_156,copd,AKG C417L Microphone,80.0,0,0,4,0.37347883,0.31107315,0,0,adulto
ICB_03540_002,ICB_156,copd,AKG C417L Microphone,80.0,0,0,4,0.23018576,0.48405895,0,0,adulto
ICB_03540_003,ICB_156,copd,AKG C417L Microphone,80.0,0,0,4,0.28261846,0.37158003,0,0,adulto
ICB_03540_004,ICB_156,copd,AKG C417L Microphone,80.0,0,0,4,0.41686004,0.27630585,0,0,adulto
ICB_03540_005,ICB_156,copd,AKG C417L Microphone,80.0,0,0,4,0.39455363,0.31475294,0,0,adulto
ICB_03540_006,ICB_156,copd,AKG C417L Microphone,80.0,0,0,4,0.33821192,0.28486568,0,0,adulto
ICB_03540_007,ICB_156,copd,AKG C417L Microphone,80.0,0,1,4,0.33837464,0.3505634,0,2,adulto
ICB_03541_000,ICB_156,copd,AKG C417L Microphone,80.0,1,0,4,0.47923172,0.32999322,0,1,adulto
ICB_03541_001,ICB_156,copd,AKG C417L Microphone,80.0,0,1,4,0.38583466,0.50150615,0,2,adulto
ICB_03541_002,ICB_156,copd,AKG C417L Microphone,80.0,1,1,4,0.32263553,0.5822854,0,3,adulto
ICB_03541_003,ICB_156,copd,AKG C417L Microphone,80.0,1,1,4,0.31489637,0.5836219,0,3,adulto
ICB_03541_004,ICB_156,copd,AKG C417L Microphone,80.0,1,1,4,0.3640485,0.5215435,0,3,adulto
ICB_03541_005,ICB_156,copd,AKG C417L Microphone,80.0,1,0,4,0.44801855,0.35389712,0,1,adulto
ICB_03541_006,ICB_156,copd,AKG C417L Microphone,80.0,1,1,4,0.31753847,0.53398484,0,3,adulto
ICB_03541_007,ICB_156,copd,AKG C417L Microphone,80.0,1,1,4,0.32000703,0.5611522,0,3,adulto
ICB_03600_000,ICB_162,copd,AKG C417L Microphone,67.0,0,0,4,0.21764818,0.41292688,0,0,adulto
ICB_03600_001,ICB_162,copd,AKG C417L Microphone,67.0,0,0,4,0.31021297,0.4431081,0,0,adulto
ICB_03600_002,ICB_162,copd,AKG C417L Microphone,67.0,0,0,4,0.23127373,0.36603746,0,0,adulto
ICB_03601_000,ICB_162,copd,AKG C417L Microphone,67.0,0,0,4,0.14903888,0.48345914,0,0,adulto
ICB_03601_001,ICB_162,copd,AKG C417L Microphone,67.0,1,1,4,0.19931267,0.4741677,0,3,adulto
ICB_03601_002,ICB_162,copd,AKG C417L Microphone,67.0,0,0,4,0.14603934,0.38139355,0,0,adulto
ICB_03602_000,ICB_162,copd,AKG C417L Microphone,67.0,0,0,4,0.40788028,0.2801006,0,0,adulto
ICB_03602_001,ICB_162,copd,AKG C417L Microphone,67.0,0,0,4,0.5814282,0.17942196,0,0,adulto
ICB_03602_002,ICB_162,copd,AKG C417L Microphone,67.0,0,0,4,0.45861843,0.19884054,0,0,adulto
ICB_03603_000,ICB_162,copd,AKG C417L Microphone,67.0,0,0,4,0.30635068,0.42196238,0,0,adulto
ICB_03603_001,ICB_162,copd,AKG C417L Microphone,67.0,0,0,4,0.36681405,0.2368418,0,0,adulto
ICB_03603_002,ICB_162,copd,AKG C417L Microphone,67.0,0,0,4,0.3005979,0.31631353,0,0,adulto
ICB_03604_000,ICB_162,copd,AKG C417L Microphone,67.0,0,0,4,0.29007447,0.3390953,0,0,adulto
ICB_03604_001,ICB_162,copd,AKG C417L Microphone,67.0,0,0,4,0.3131614,0.44589373,0,0,adulto
ICB_03604_002,ICB_162,copd,AKG C417L Microphone,67.0,0,0,4,0.2472154,0.33598143,0,0,adulto
ICB_03605_000,ICB_162,copd,AKG C417L Microphone,67.0,0,0,4,0.36474457,0.31970862,0,0,adulto
ICB_03605_001,ICB_162,copd,AKG C417L Microphone,67.0,0,0,4,0.4293516,0.35378423,0,0,adulto
ICB_03605_002,ICB_162,copd,AKG C417L Microphone,67.0,0,0,4,0.3654193,0.28333464,0,0,adulto
ICB_03606_000,ICB_162,copd,AKG C417L Microphone,67.0,1,0,4,0.037941124,0.35633078,0,1,adulto
ICB_03606_001,ICB_162,copd,AKG C417L Microphone,67.0,1,0,4,0.022183985,0.41084316,0,1,adulto
ICB_03606_002,ICB_162,copd,AKG C417L Microphone,67.0,1,0,4,0.022867823,0.2994309,0,1,adulto
ICB_03607_000,ICB_162,copd,AKG C417L Microphone,67.0,0,0,4,0.21051155,0.5520761,0,0,adulto
ICB_03607_001,ICB_162,copd,AKG C417L Microphone,67.0,0,0,4,0.30628908,0.568444,0,0,adulto
ICB_03607_002,ICB_162,copd,AKG C417L Microphone,67.0,0,0,4,0.3428092,0.36866158,0,0,adulto
ICB_03607_003,ICB_162,copd,AKG C417L Microphone,67.0,0,0,4,0.3346292,0.5588825,0,0,adulto
ICB_03608_000,ICB_162,copd,AKG C417L Microphone,67.0,0,0,4,0.12416048,0.49502414,0,0,adulto
ICB_03608_001,ICB_162,copd,AKG C417L Microphone,67.0,0,0,4,0.23328558,0.4882295,0,0,adulto
ICB_03608_002,ICB_162,copd,AKG C417L Microphone,67.0,0,0,4,0.2172715,0.4196433,0,0,adulto
ICB_03608_003,ICB_162,copd,AKG C417L Microphone,67.0,0,0,4,0.25433868,0.54748356,0,0,adulto
ICB_03609_000,ICB_162,copd,AKG C417L Microphone,67.0,0,0,4,0.12663883,0.6015181,0,0,adulto
ICB_03609_001,ICB_162,copd,AKG C417L Microphone,67.0,0,0,4,0.15146573,0.61317044,0,0,adulto
ICB_03609_002,ICB_162,copd,AKG C417L Microphone,67.0,0,0,4,0.14541288,0.5674685,0,0,adulto
ICB_03609_003,ICB_162,copd,AKG C417L Microphone,67.0,0,0,4,0.20336847,0.5523287,0,0,adulto
ICB_03610_000,ICB_162,copd,AKG C417L Microphone,67.0,0,0,4,0.13859911,0.71371067,0,0,adulto
ICB_03610_001,ICB_162,copd,AKG C417L Microphone,67.0,0,0,4,0.17794149,0.69089586,0,0,adulto
ICB_03610_002,ICB_162,copd,AKG C417L Microphone,67.0,0,0,4,0.19119869,0.62701577,0,0,adulto
ICB_03610_003,ICB_162,copd,AKG C417L Microphone,67.0,0,0,4,0.22286698,0.6298898,0,0,adulto
ICB_03611_000,ICB_162,copd,AKG C417L Microphone,67.0,0,0,4,0.024340035,0.44281867,0,0,adulto
ICB_03611_001,ICB_162,copd,AKG C417L Microphone,67.0,0,0,4,0.046104074,0.44181216,0,0,adulto
ICB_03611_002,ICB_162,copd,AKG C417L Microphone,67.0,0,0,4,0.038076993,0.31440198,0,0,adulto
ICB_03611_003,ICB_162,copd,AKG C417L Microphone,67.0,0,0,4,0.15430641,0.45981845,0,0,adulto
ICB_03612_000,ICB_162,copd,AKG C417L Microphone,67.0,0,0,4,0.22208577,0.44235584,0,0,adulto
ICB_03612_001,ICB_162,copd,AKG C417L Microphone,67.0,0,0,4,0.24105595,0.46547294,0,0,adulto
ICB_03612_002,ICB_162,copd,AKG C417L Microphone,67.0,0,0,4,0.28811124,0.39906192,0,0,adulto
ICB_03612_003,ICB_162,copd,AKG C417L Microphone,67.0,0,0,4,0.26231694,0.47980136,0,0,adulto
ICB_03613_000,ICB_162,copd,AKG C417L Microphone,67.0,0,0,4,0.16140424,0.3624435,0,0,adulto
ICB_03613_001,ICB_162,copd,AKG C417L Microphone,67.0,0,0,4,0.1659247,0.39148217,0,0,adulto
ICB_03613_002,ICB_162,copd,AKG C417L Microphone,67.0,0,0,4,0.20456588,0.36151013,0,0,adulto
ICB_03613_003,ICB_162,copd,AKG C417L Microphone,67.0,0,0,4,0.24348196,0.3969815,0,0,adulto
ICB_03614_000,ICB_162,copd,AKG C417L Microphone,67.0,0,0,4,0.11013584,0.7323109,0,0,adulto
ICB_03614_001,ICB_162,copd,AKG C417L Microphone,67.0,0,0,4,0.09629981,0.72721124,0,0,adulto
ICB_03614_002,ICB_162,copd,AKG C417L Microphone,67.0,0,0,4,0.0904034,0.7484229,0,0,adulto
ICB_03614_003,ICB_162,copd,AKG C417L Microphone,67.0,0,0,4,0.19749041,0.5441045,0,0,adulto
ICB_03615_000,ICB_162,copd,AKG C417L Microphone,67.0,0,0,4,0.1646999,0.5453606,0,0,adulto
ICB_03615_001,ICB_162,copd,AKG C417L Microphone,67.0,0,0,4,0.16785927,0.42469123,0,0,adulto
ICB_03615_002,ICB_162,copd,AKG C417L Microphone,67.0,0,0,4,0.1621395,0.4743576,0,0,adulto
ICB_03615_003,ICB_162,copd,AKG C417L Microphone,67.0,0,0,4,0.2061331,0.4591168,0,0,adulto
ICB_03616_000,ICB_162,copd,AKG C417L Microphone,67.0,0,0,4,0.14019963,0.7320023,0,0,adulto
ICB_03616_001,ICB_162,copd,AKG C417L Microphone,67.0,0,0,4,0.169259,0.6740148,0,0,adulto
ICB_03616_002,ICB_162,copd,AKG C417L Microphone,67.0,0,0,4,0.18897712,0.5747569,0,0,adulto
ICB_03616_003,ICB_162,copd,AKG C417L Microphone,67.0,0,0,4,0.21467549,0.54167724,0,0,adulto
ICB_03617_000,ICB_162,copd,AKG C417L Microphone,67.0,0,0,4,0.023330372,0.7035631,0,0,adulto
ICB_03617_001,ICB_162,copd,AKG C417L Microphone,67.0,0,0,4,0.027355336,0.8138024,2,0,adulto
ICB_03617_002,ICB_162,copd,AKG C417L Microphone,67.0,0,0,4,0.040132068,0.8237471,2,0,adulto
ICB_03617_003,ICB_162,copd,AKG C417L Microphone,67.0,0,0,4,0.068510786,0.8435087,2,0,adulto
ICB_03618_000,ICB_162,copd,AKG C417L Microphone,67.0,0,0,4,0.25129592,0.39868036,0,0,adulto
ICB_03618_001,ICB_162,copd,AKG C417L Microphone,67.0,0,0,4,0.24824013,0.23642099,0,0,adulto
ICB_03618_002,ICB_162,copd,AKG C417L Microphone,67.0,0,0,4,0.19004591,0.41955367,0,0,adulto
ICB_03618_003,ICB_162,copd,AKG C417L Microphone,67.0,0,0,4,0.32539594,0.3883947,0,0,adulto
ICB_03619_000,ICB_162,copd,AKG C417L Microphone,67.0,0,0,4,0.15469155,0.3107883,0,0,adulto
ICB_03619_001,ICB_162,copd,AKG C417L Microphone,67.0,0,0,4,0.2031329,0.24359223,0,0,adulto
ICB_03619_002,ICB_162,copd,AKG C417L Microphone,67.0,0,0,4,0.19189939,0.40050825,0,0,adulto
ICB_03619_003,ICB_162,copd,AKG C417L Microphone,67.0,0,0,4,0.2657063,0.36958715,0,0,adulto
ICB_03620_000,ICB_162,copd,AKG C417L Microphone,67.0,0,0,4,0.09490587,0.70395285,0,0,adulto
ICB_03620_001,ICB_162,copd,AKG C417L Microphone,67.0,0,0,4,0.11961377,0.7183789,0,0,adulto
ICB_03620_002,ICB_162,copd,AKG C417L Microphone,67.0,0,0,4,0.07357415,0.7959467,2,0,adulto
ICB_03620_003,ICB_162,copd,AKG C417L Microphone,67.0,0,0,4,0.20916985,0.57107466,0,0,adulto
ICB_03621_000,ICB_162,copd,AKG C417L Microphone,67.0,0,0,4,0.14152746,0.46300116,0,0,adulto
ICB_03621_001,ICB_162,copd,AKG C417L Microphone,67.0,0,0,4,0.17671636,0.36956027,0,0,adulto
ICB_03621_002,ICB_162,copd,AKG C417L Microphone,67.0,0,0,4,0.1265325,0.46430025,0,0,adulto
ICB_03621_003,ICB_162,copd,AKG C417L Microphone,67.0,0,0,4,0.2267012,0.44056973,0,0,adulto
ICB_03622_000,ICB_162,copd,AKG C417L Microphone,67.0,0,1,4,0.17179175,0.5181822,0,2,adulto
ICB_03622_001,ICB_162,copd,AKG C417L Microphone,67.0,0,0,4,0.13908006,0.5864324,0,0,adulto
ICB_03622_002,ICB_162,copd,AKG C417L Microphone,67.0,0,0,4,0.1140574,0.65357965,0,0,adulto
ICB_03622_003,ICB_162,copd,AKG C417L Microphone,67.0,0,0,4,0.24280217,0.47637168,0,0,adulto
ICB_03623_000,ICB_162,copd,AKG C417L Microphone,67.0,1,0,4,0.02399676,0.7080504,0,1,adulto
ICB_03623_001,ICB_162,copd,AKG C417L Microphone,67.0,1,0,4,0.023874719,0.5243023,0,1,adulto
ICB_03623_002,ICB_162,copd,AKG C417L Microphone,67.0,1,0,4,0.020413373,0.7372955,0,1,adulto
ICB_03623_003,ICB_162,copd,AKG C417L Microphone,67.0,0,0,4,0.13177577,0.5547098,0,0,adulto
ICB_03705_000,ICB_174,copd,AKG C417L Microphone,68.0,0,1,4,0.30050334,0.3403846,0,2,adulto
ICB_03705_001,ICB_174,copd,AKG C417L Microphone,68.0,0,0,4,0.20995475,0.2458712,0,0,adulto
ICB_03705_002,ICB_174,copd,AKG C417L Microphone,68.0,1,0,4,0.21977565,0.2623765,0,1,adulto
ICB_03705_003,ICB_174,copd,AKG C417L Microphone,68.0,0,0,4,0.20248654,0.3079154,0,0,adulto
ICB_03705_004,ICB_174,copd,AKG C417L Microphone,68.0,0,0,4,0.2194872,0.25831652,0,0,adulto
ICB_03706_000,ICB_174,copd,AKG C417L Microphone,68.0,0,1,4,0.2663343,0.4419652,0,2,adulto
ICB_03706_001,ICB_174,copd,AKG C417L Microphone,68.0,1,0,4,0.3114258,0.33044782,0,1,adulto
ICB_03706_002,ICB_174,copd,AKG C417L Microphone,68.0,1,0,4,0.3498557,0.292927,0,1,adulto
ICB_03706_003,ICB_174,copd,AKG C417L Microphone,68.0,1,0,4,0.3559329,0.26149234,0,1,adulto
ICB_03706_004,ICB_174,copd,AKG C417L Microphone,68.0,1,0,4,0.3639375,0.2655711,0,1,adulto
ICB_03707_000,ICB_174,copd,AKG C417L Microphone,68.0,0,1,4,0.1561253,0.70728755,0,2,adulto
ICB_03707_001,ICB_174,copd,AKG C417L Microphone,68.0,1,0,4,0.25459778,0.41339508,0,1,adulto
ICB_03707_002,ICB_174,copd,AKG C417L Microphone,68.0,1,0,4,0.22073674,0.4133381,0,1,adulto
ICB_03707_003,ICB_174,copd,AKG C417L Microphone,68.0,1,0,4,0.32082495,0.31623164,0,1,adulto
ICB_03707_004,ICB_174,copd,AKG C417L Microphone,68.0,1,0,4,0.33748782,0.33390486,0,1,adulto
ICB_03708_000,ICB_174,copd,AKG C417L Microphone,68.0,0,1,4,0.21939741,0.61726826,0,2,adulto
ICB_03708_001,ICB_174,copd,AKG C417L Microphone,68.0,1,0,4,0.29517087,0.30273503,0,1,adulto
ICB_03708_002,ICB_174,copd,AKG C417L Microphone,68.0,1,0,4,0.23164114,0.3850439,0,1,adulto
ICB_03708_003,ICB_174,copd,AKG C417L Microphone,68.0,1,0,4,0.34664422,0.21168344,0,1,adulto
ICB_03708_004,ICB_174,copd,AKG C417L Microphone,68.0,1,0,4,0.35798702,0.24073419,0,1,adulto
ICB_03709_000,ICB_174,copd,AKG C417L Microphone,68.0,0,1,4,0.30409074,0.43525913,0,2,adulto
ICB_03709_001,ICB_174,copd,AKG C417L Microphone,68.0,1,0,4,0.27056444,0.24415164,0,1,adulto
ICB_03709_002,ICB_174,copd,AKG C417L Microphone,68.0,1,0,4,0.24066578,0.28859028,0,1,adulto
ICB_03709_003,ICB_174,copd,AKG C417L Microphone,68.0,1,0,4,0.2886023,0.26908526,0,1,adulto
ICB_03709_004,ICB_174,copd,AKG C417L Microphone,68.0,1,0,4,0.32096907,0.22714378,0,1,adulto
ICB_03710_000,ICB_174,copd,AKG C417L Microphone,68.0,1,0,4,0.17460093,0.58132374,0,1,adulto
ICB_03710_001,ICB_174,copd,AKG C417L Microphone,68.0,1,0,4,0.09996511,0.573716,0,1,adulto
ICB_03710_002,ICB_174,copd,AKG C417L Microphone,68.0,0,0,4,0.07875549,0.62993294,0,0,adulto
ICB_03710_003,ICB_174,copd,AKG C417L Microphone,68.0,1,0,4,0.091021635,0.6231137,0,1,adulto
ICB_03710_004,ICB_174,copd,AKG C417L Microphone,68.0,1,0,4,0.09950947,0.63303405,0,1,adulto
ICB_03711_000,ICB_174,copd,AKG C417L Microphone,68.0,1,0,4,0.2262398,0.3435051,0,1,adulto
ICB_03711_001,ICB_174,copd,AKG C417L Microphone,68.0,1,0,4,0.21374269,0.2696931,0,1,adulto
ICB_03711_002,ICB_174,copd,AKG C417L Microphone,68.0,1,0,4,0.24579115,0.30046454,0,1,adulto
ICB_03711_003,ICB_174,copd,AKG C417L Microphone,68.0,1,0,4,0.23030171,0.3581136,0,1,adulto
ICB_03711_004,ICB_174,copd,AKG C417L Microphone,68.0,1,0,4,0.26072326,0.30378482,0,1,adulto
ICB_03712_000,ICB_174,copd,AKG C417L Microphone,68.0,1,0,4,0.34355047,0.38055325,0,1,adulto
ICB_03712_001,ICB_174,copd,AKG C417L Microphone,68.0,1,0,4,0.36585146,0.3501422,0,1,adulto
ICB_03712_002,ICB_174,copd,AKG C417L Microphone,68.0,1,0,4,0.35432157,0.38679028,0,1,adulto
ICB_03712_003,ICB_174,copd,AKG C417L Microphone,68.0,1,0,4,0.43980655,0.24658817,0,1,adulto
ICB_03712_004,ICB_174,copd,AKG C417L Microphone,68.0,1,0,4,0.3811863,0.28306615,0,1,adulto
ICB_03713_000,ICB_174,copd,AKG C417L Microphone,68.0,1,0,4,0.30093688,0.52732056,0,1,adulto
ICB_03713_001,ICB_174,copd,AKG C417L Microphone,68.0,1,0,4,0.38267827,0.34884015,0,1,adulto
ICB_03713_002,ICB_174,copd,AKG C417L Microphone,68.0,1,0,4,0.2446641,0.6744741,0,1,adulto
ICB_03713_003,ICB_174,copd,AKG C417L Microphone,68.0,1,0,4,0.34284982,0.46886635,0,1,adulto
ICB_03713_004,ICB_174,copd,AKG C417L Microphone,68.0,1,0,4,0.30916145,0.48801035,0,1,adulto
ICB_03714_000,ICB_174,copd,AKG C417L Microphone,68.0,1,0,4,0.28561684,0.29828116,0,1,adulto
ICB_03714_001,ICB_174,copd,AKG C417L Microphone,68.0,1,0,4,0.29535726,0.27206323,0,1,adulto
ICB_03714_002,ICB_174,copd,AKG C417L Microphone,68.0,1,0,4,0.22407407,0.42477733,0,1,adulto
ICB_03714_003,ICB_174,copd,AKG C417L Microphone,68.0,1,0,4,0.2808576,0.33987746,0,1,adulto
ICB_03714_004,ICB_174,copd,AKG C417L Microphone,68.0,1,0,4,0.26809928,0.3423528,0,1,adulto
ICB_03715_000,ICB_174,copd,AKG C417L Microphone,68.0,1,1,4,0.32721806,0.22169478,0,3,adulto
ICB_03715_001,ICB_174,copd,AKG C417L Microphone,68.0,1,0,4,0.2562041,0.29918486,0,1,adulto
ICB_03715_002,ICB_174,copd,AKG C417L Microphone,68.0,1,1,4,0.14689161,0.32806644,0,3,adulto
ICB_03715_003,ICB_174,copd,AKG C417L Microphone,68.0,1,0,4,0.20478708,0.27162638,0,1,adulto
ICB_03715_004,ICB_174,copd,AKG C417L Microphone,68.0,1,0,4,0.2651784,0.28526303,0,1,adulto
ICB_03716_000,ICB_174,copd,AKG C417L Microphone,68.0,0,0,4,0.21426056,0.64254946,0,0,adulto
ICB_03716_001,ICB_174,copd,AKG C417L Microphone,68.0,1,0,4,0.16341276,0.5818572,0,1,adulto
ICB_03716_002,ICB_174,copd,AKG C417L Microphone,68.0,1,0,4,0.17097135,0.6806517,0,1,adulto
ICB_03716_003,ICB_174,copd,AKG C417L Microphone,68.0,1,0,4,0.15801995,0.520853,0,1,adulto
ICB_03716_004,ICB_174,copd,AKG C417L Microphone,68.0,0,0,4,0.18209304,0.71072924,0,0,adulto
ICB_03717_000,ICB_174,copd,AKG C417L Microphone,68.0,0,0,4,0.22554292,0.2921798,0,0,adulto
ICB_03717_001,ICB_174,copd,AKG C417L Microphone,68.0,0,0,4,0.21569495,0.28684396,0,0,adulto
ICB_03717_002,ICB_174,copd,AKG C417L Microphone,68.0,1,0,4,0.2657879,0.28062016,0,1,adulto
ICB_03717_003,ICB_174,copd,AKG C417L Microphone,68.0,1,0,4,0.22334477,0.28654155,0,1,adulto
ICB_03717_004,ICB_174,copd,AKG C417L Microphone,68.0,1,0,4,0.30571622,0.37897658,0,1,adulto
ICB_03718_000,ICB_174,copd,AKG C417L Microphone,68.0,0,0,4,0.24752457,0.39995575,0,0,adulto
ICB_03718_001,ICB_174,copd,AKG C417L Microphone,68.0,1,0,4,0.35776448,0.28539076,0,1,adulto
ICB_03718_002,ICB_174,copd,AKG C417L Microphone,68.0,1,0,4,0.41084647,0.24278829,0,1,adulto
ICB_03718_003,ICB_174,copd,AKG C417L Microphone,68.0,1,0,4,0.329574,0.30696243,0,1,adulto
ICB_03718_004,ICB_174,copd,AKG C417L Microphone,68.0,1,0,4,0.40127653,0.39704382,0,1,adulto
ICB_03719_000,ICB_174,copd,AKG C417L Microphone,68.0,0,0,4,0.17686883,0.6242475,0,0,adulto
ICB_03719_001,ICB_174,copd,AKG C417L Microphone,68.0,1,0,4,0.257892,0.5481477,0,1,adulto
ICB_03719_002,ICB_174,copd,AKG C417L Microphone,68.0,1,0,4,0.31299946,0.38252464,0,1,adulto
ICB_03719_003,ICB_174,copd,AKG C417L Microphone,68.0,1,0,4,0.2847125,0.4897789,0,1,adulto
ICB_03719_004,ICB_174,copd,AKG C417L Microphone,68.0,1,0,4,0.38513908,0.40824673,0,1,adulto
ICB_03720_000,ICB_174,copd,AKG C417L Microphone,68.0,1,0,4,0.19095239,0.4845203,0,1,adulto
ICB_03720_001,ICB_174,copd,AKG C417L Microphone,68.0,1,0,4,0.3062335,0.36488536,0,1,adulto
ICB_03720_002,ICB_174,copd,AKG C417L Microphone,68.0,1,0,4,0.2508543,0.385743,0,1,adulto
ICB_03720_003,ICB_174,copd,AKG C417L Microphone,68.0,1,0,4,0.24037005,0.4031734,0,1,adulto
ICB_03720_004,ICB_174,copd,AKG C417L Microphone,68.0,1,0,4,0.3476142,0.36616665,0,1,adulto
ICB_03721_000,ICB_174,copd,AKG C417L Microphone,68.0,1,0,4,0.2465224,0.29354972,0,1,adulto
ICB_03721_001,ICB_174,copd,AKG C417L Microphone,68.0,1,0,4,0.30710763,0.21697274,0,1,adulto
ICB_03721_002,ICB_174,copd,AKG C417L Microphone,68.0,1,0,4,0.26380026,0.26866317,0,1,adulto
ICB_03721_003,ICB_174,copd,AKG C417L Microphone,68.0,1,0,4,0.3108208,0.27696425,0,1,adulto
ICB_03721_004,ICB_174,copd,AKG C417L Microphone,68.0,1,0,4,0.34208715,0.3904012,0,1,adulto
ICB_03722_000,ICB_174,copd,AKG C417L Microphone,68.0,1,0,4,0.15143864,0.64550376,0,1,adulto
ICB_03722_001,ICB_174,copd,AKG C417L Microphone,68.0,0,0,4,0.094168484,0.6125018,0,0,adulto
ICB_03722_002,ICB_174,copd,AKG C417L Microphone,68.0,1,0,4,0.14152452,0.62258875,0,1,adulto
ICB_03722_003,ICB_174,copd,AKG C417L Microphone,68.0,1,0,4,0.13197969,0.6820551,0,1,adulto
ICB_03722_004,ICB_174,copd,AKG C417L Microphone,68.0,0,0,4,0.25682616,0.51383364,0,0,adulto
ICB_03723_000,ICB_174,copd,AKG C417L Microphone,68.0,1,0,4,0.32669005,0.2979516,0,1,adulto
ICB_03723_001,ICB_174,copd,AKG C417L Microphone,68.0,0,0,4,0.33490264,0.26939842,0,0,adulto
ICB_03723_002,ICB_174,copd,AKG C417L Microphone,68.0,0,0,4,0.3381896,0.29481632,0,0,adulto
ICB_03723_003,ICB_174,copd,AKG C417L Microphone,68.0,0,0,4,0.32628268,0.31661895,0,0,adulto
ICB_03724_000,ICB_174,copd,AKG C417L Microphone,68.0,1,0,4,0.36294794,0.560925,0,1,adulto
ICB_03724_001,ICB_174,copd,AKG C417L Microphone,68.0,1,0,4,0.41773206,0.41535732,0,1,adulto
ICB_03724_002,ICB_174,copd,AKG C417L Microphone,68.0,1,0,4,0.21615805,0.7462282,0,1,adulto
ICB_03724_003,ICB_174,copd,AKG C417L Microphone,68.0,1,0,4,0.21050036,0.71180564,0,1,adulto
ICB_03725_000,ICB_174,copd,AKG C417L Microphone,68.0,1,0,4,0.23702733,0.44205168,0,1,adulto
ICB_03725_001,ICB_174,copd,AKG C417L Microphone,68.0,1,0,4,0.32678267,0.2973185,0,1,adulto
ICB_03725_002,ICB_174,copd,AKG C417L Microphone,68.0,1,0,4,0.19957815,0.54459363,0,1,adulto
ICB_03725_003,ICB_174,copd,AKG C417L Microphone,68.0,1,0,4,0.17997776,0.53611916,0,1,adulto
ICB_03726_000,ICB_174,copd,AKG C417L Microphone,68.0,1,0,4,0.32801262,0.41506344,0,1,adulto
ICB_03726_001,ICB_174,copd,AKG C417L Microphone,68.0,1,0,4,0.3800041,0.35938734,0,1,adulto
ICB_03726_002,ICB_174,copd,AKG C417L Microphone,68.0,1,0,4,0.27978414,0.47205153,0,1,adulto
ICB_03726_003,ICB_174,copd,AKG C417L Microphone,68.0,1,0,4,0.24913569,0.49361163,0,1,adulto
ICB_03727_000,ICB_174,copd,AKG C417L Microphone,68.0,1,0,4,0.12253454,0.63343185,0,1,adulto
ICB_03727_001,ICB_174,copd,AKG C417L Microphone,68.0,1,0,4,0.14528838,0.6315864,0,1,adulto
ICB_03727_002,ICB_174,copd,AKG C417L Microphone,68.0,0,0,4,0.1669672,0.6571534,0,0,adulto
ICB_03727_003,ICB_174,copd,AKG C417L Microphone,68.0,1,0,4,0.142744,0.60018706,0,1,adulto
ICB_03803_000,ICB_181,copd,3M Littmann Classic II SE,65.0,0,0,4,0.4326052,0.34418428,0,0,adulto
ICB_03803_001,ICB_181,copd,3M Littmann Classic II SE,65.0,0,0,4,0.41845363,0.25135872,0,0,adulto
ICB_03803_002,ICB_181,copd,3M Littmann Classic II SE,65.0,0,0,4,0.43009388,0.22018689,0,0,adulto
ICB_03803_003,ICB_181,copd,3M Littmann Classic II SE,65.0,0,0,4,0.4484385,0.3342865,0,0,adulto
ICB_03804_000,ICB_181,copd,3M Littmann Classic II SE,65.0,0,0,4,0.027176915,0.6021463,0,0,adulto
ICB_03804_001,ICB_181,copd,3M Littmann Classic II SE,65.0,0,0,4,0.020124214,0.39687625,0,0,adulto
ICB_03804_002,ICB_181,copd,3M Littmann Classic II SE,65.0,0,0,4,0.024718326,0.32280165,0,0,adulto
ICB_03804_003,ICB_181,copd,3M Littmann Classic II SE,65.0,0,0,4,0.112133615,0.38297445,0,0,adulto
ICB_03805_000,ICB_181,copd,3M Littmann Classic II SE,65.0,1,0,4,0.4058146,0.3151917,0,1,adulto
ICB_03805_001,ICB_181,copd,3M Littmann Classic II SE,65.0,1,0,4,0.39862102,0.37098125,0,1,adulto
ICB_03805_002,ICB_181,copd,3M Littmann Classic II SE,65.0,0,0,4,0.48354504,0.2866436,0,0,adulto
ICB_03805_003,ICB_181,copd,3M Littmann Classic II SE,65.0,0,0,4,0.4280096,0.35985333,0,0,adulto
ICB_03806_000,ICB_181,copd,3M Littmann Classic II SE,65.0,0,0,4,0.12660016,0.44614217,0,0,adulto
ICB_03806_001,ICB_181,copd,3M Littmann Classic II SE,65.0,0,0,4,0.028192198,0.3276991,0,0,adulto
ICB_03806_002,ICB_181,copd,3M Littmann Classic II SE,65.0,0,0,4,0.031407442,0.36298653,0,0,adulto
ICB_03806_003,ICB_181,copd,3M Littmann Classic II SE,65.0,0,0,4,0.028022166,0.4235542,0,0,adulto
ICB_03806_004,ICB_181,copd,3M Littmann Classic II SE,65.0,0,0,4,0.20568718,0.45635062,0,0,adulto
ICB_03846_000,ICB_189,copd,3M Littmann Classic II SE,75.0,1,0,4,0.27806452,0.37663403,0,1,adulto
ICB_03846_001,ICB_189,copd,3M Littmann Classic II SE,75.0,1,0,4,0.40093154,0.30868572,0,1,adulto
ICB_03846_002,ICB_189,copd,3M Littmann Classic II SE,75.0,0,0,4,0.37371898,0.2844957,0,0,adulto
ICB_03846_003,ICB_189,copd,3M Littmann Classic II SE,75.0,0,0,4,0.36385903,0.30979225,0,0,adulto
ICB_03846_004,ICB_189,copd,3M Littmann Classic II SE,75.0,0,0,4,0.39825684,0.41774842,0,0,adulto
ICB_03847_000,ICB_190,respiratory_infection,AKG C417L Microphone,3.0,0,0,4,0.390236,0.5840966,0,0,pediátrico (<18)
ICB_03847_001,ICB_190,respiratory_infection,AKG C417L Microphone,3.0,0,0,4,0.24776842,0.5865128,0,0,pediátrico (<18)
ICB_03847_002,ICB_190,respiratory_infection,AKG C417L Microphone,3.0,0,0,4,0.15868948,0.56615907,0,0,pediátrico (<18)
ICB_03847_003,ICB_190,respiratory_infection,AKG C417L Microphone,3.0,0,0,4,0.10038801,0.3546661,0,0,pediátrico (<18)
ICB_03851_000,ICB_192,copd,3M Littmann Classic II SE,69.0,0,0,4,0.4351815,0.3949478,0,0,adulto
ICB_03851_001,ICB_192,copd,3M Littmann Classic II SE,69.0,0,1,4,0.34881034,0.6891792,0,2,adulto
ICB_03851_002,ICB_192,copd,3M Littmann Classic II SE,69.0,0,1,4,0.33814293,0.6620165,0,2,adulto
ICB_03851_003,ICB_192,copd,3M Littmann Classic II SE,69.0,0,1,4,0.42727342,0.4631786,0,2,adulto
ICB_03851_004,ICB_192,copd,3M Littmann Classic II SE,69.0,0,1,4,0.49390954,0.39859504,0,2,adulto
ICB_03851_005,ICB_192,copd,3M Littmann Classic II SE,69.0,1,1,4,0.38868847,0.5734483,0,3,adulto
ICB_03851_006,ICB_192,copd,3M Littmann Classic II SE,69.0,0,1,4,0.3601224,0.6675214,0,2,adulto
ICB_03851_007,ICB_192,copd,3M Littmann Classic II SE,69.0,0,1,4,0.3001654,0.7337044,0,2,adulto
ICB_03852_000,ICB_192,copd,3M Littmann Classic II SE,69.0,0,0,4,0.43957728,0.50095284,0,0,adulto
ICB_03852_001,ICB_192,copd,3M Littmann Classic II SE,69.0,0,1,4,0.42476073,0.52398247,0,2,adulto
ICB_03852_002,ICB_192,copd,3M Littmann Classic II SE,69.0,0,1,4,0.4097189,0.55924726,0,2,adulto
ICB_03852_003,ICB_192,copd,3M Littmann Classic II SE,69.0,0,1,4,0.43956614,0.53338903,0,2,adulto
ICB_03852_004,ICB_192,copd,3M Littmann Classic II SE,69.0,0,1,4,0.48147604,0.5639507,0,2,adulto
ICB_03852_005,ICB_192,copd,3M Littmann Classic II SE,69.0,0,1,4,0.5433781,0.61604947,0,2,adulto
ICB_03852_006,ICB_192,copd,3M Littmann Classic II SE,69.0,0,1,4,0.49579918,0.5028762,0,2,adulto
ICB_03852_007,ICB_192,copd,3M Littmann Classic II SE,69.0,0,1,4,0.34520873,0.4831015,0,2,adulto
ICB_03853_000,ICB_192,copd,3M Littmann Classic II SE,69.0,0,1,4,0.506302,0.39236417,0,2,adulto
ICB_03853_001,ICB_192,copd,3M Littmann Classic II SE,69.0,1,1,4,0.40716654,0.55940413,0,3,adulto
ICB_03853_002,ICB_192,copd,3M Littmann Classic II SE,69.0,0,1,4,0.4606589,0.4750667,0,2,adulto
ICB_03853_003,ICB_192,copd,3M Littmann Classic II SE,69.0,1,1,4,0.44964665,0.5415499,0,3,adulto
ICB_03853_004,ICB_192,copd,3M Littmann Classic II SE,69.0,0,1,4,0.44631788,0.48034057,0,2,adulto
ICB_03853_005,ICB_192,copd,3M Littmann Classic II SE,69.0,0,1,4,0.4190331,0.5517675,0,2,adulto
ICB_03853_006,ICB_192,copd,3M Littmann Classic II SE,69.0,0,1,4,0.434516,0.5555676,0,2,adulto
ICB_03853_007,ICB_192,copd,3M Littmann Classic II SE,69.0,0,1,4,0.39263803,0.44651535,0,2,adulto
ICB_03854_000,ICB_192,copd,3M Littmann Classic II SE,69.0,0,0,4,0.5431905,0.35489976,0,0,adulto
ICB_03854_001,ICB_192,copd,3M Littmann Classic II SE,69.0,0,1,4,0.55881697,0.39432544,0,2,adulto
ICB_03854_002,ICB_192,copd,3M Littmann Classic II SE,69.0,0,1,4,0.46337268,0.45071906,0,2,adulto
ICB_03854_003,ICB_192,copd,3M Littmann Classic II SE,69.0,0,1,4,0.53577036,0.512372,0,2,adulto
ICB_03854_004,ICB_192,copd,3M Littmann Classic II SE,69.0,0,1,4,0.5170419,0.6622393,0,2,adulto
ICB_03854_005,ICB_192,copd,3M Littmann Classic II SE,69.0,0,1,4,0.5130736,0.5667433,0,2,adulto
ICB_03854_006,ICB_192,copd,3M Littmann Classic II SE,69.0,0,1,4,0.515737,0.43793365,0,2,adulto
ICB_03854_007,ICB_192,copd,3M Littmann Classic II SE,69.0,0,1,4,0.3567156,0.45439908,0,2,adulto
ICB_03855_000,ICB_192,copd,3M Littmann Classic II SE,69.0,1,0,4,0.44774944,0.47019765,0,1,adulto
ICB_03855_001,ICB_192,copd,3M Littmann Classic II SE,69.0,0,1,4,0.42059115,0.5431784,0,2,adulto
ICB_03855_002,ICB_192,copd,3M Littmann Classic II SE,69.0,0,1,4,0.45765522,0.57135,0,2,adulto
ICB_03855_003,ICB_192,copd,3M Littmann Classic II SE,69.0,0,1,4,0.3793134,0.57615465,0,2,adulto
ICB_03855_004,ICB_192,copd,3M Littmann Classic II SE,69.0,0,1,4,0.4881628,0.52347946,0,2,adulto
ICB_03855_005,ICB_192,copd,3M Littmann Classic II SE,69.0,0,1,4,0.3901259,0.51647025,0,2,adulto
ICB_03855_006,ICB_192,copd,3M Littmann Classic II SE,69.0,0,1,4,0.35106495,0.6041122,0,2,adulto
ICB_03856_000,ICB_192,copd,3M Littmann Classic II SE,69.0,0,0,4,0.6116488,0.43061486,0,0,adulto
ICB_03856_001,ICB_192,copd,3M Littmann Classic II SE,69.0,0,1,4,0.5534649,0.45354962,0,2,adulto
ICB_03856_002,ICB_192,copd,3M Littmann Classic II SE,69.0,0,1,4,0.5347909,0.4835789,0,2,adulto
ICB_03856_003,ICB_192,copd,3M Littmann Classic II SE,69.0,0,1,4,0.5635979,0.51004136,0,2,adulto
ICB_03856_004,ICB_192,copd,3M Littmann Classic II SE,69.0,0,1,4,0.59413564,0.4128953,0,2,adulto
ICB_03856_005,ICB_192,copd,3M Littmann Classic II SE,69.0,0,1,4,0.48020065,0.53270066,0,2,adulto
ICB_03856_006,ICB_192,copd,3M Littmann Classic II SE,69.0,0,1,4,0.40632138,0.43452546,0,2,adulto
ICB_03879_000,ICB_196,bronchiectasis,3M Littmann Classic II SE,21.0,0,0,4,0.5814355,0.37589768,0,0,adulto
ICB_03879_001,ICB_196,bronchiectasis,3M Littmann Classic II SE,21.0,0,0,4,0.60096216,0.29881033,0,0,adulto
ICB_03879_002,ICB_196,bronchiectasis,3M Littmann Classic II SE,21.0,0,0,4,0.5352227,0.41862985,0,0,adulto
ICB_03879_003,ICB_196,bronchiectasis,3M Littmann Classic II SE,21.0,0,0,4,0.6132931,0.4051501,0,0,adulto
ICB_03879_004,ICB_196,bronchiectasis,3M Littmann Classic II SE,21.0,0,0,4,0.61788917,0.3569889,0,0,adulto
ICB_03879_005,ICB_196,bronchiectasis,3M Littmann Classic II SE,21.0,0,0,4,0.6354235,0.30170774,0,0,adulto
ICB_03978_000,ICB_206,bronchiolitis_asthma,3M Littmann Classic II SE,3.0,0,0,4,0.3485316,0.4338208,0,0,pediátrico (<18)
ICB_03978_001,ICB_206,bronchiolitis_asthma,3M Littmann Classic II SE,3.0,0,0,4,0.35763097,0.5097682,0,0,pediátrico (<18)
ICB_03978_002,ICB_206,bronchiolitis_asthma,3M Littmann Classic II SE,3.0,0,1,4,0.3495769,0.5727407,0,2,pediátrico (<18)
ICB_03978_003,ICB_206,bronchiolitis_asthma,3M Littmann Classic II SE,3.0,0,1,4,0.33401513,0.6770252,0,2,pediátrico (<18)
ICB_03978_004,ICB_206,bronchiolitis_asthma,3M Littmann Classic II SE,3.0,0,1,4,0.2889971,0.59105974,0,2,pediátrico (<18)
ICB_03978_005,ICB_206,bronchiolitis_asthma,3M Littmann Classic II SE,3.0,0,1,4,0.31864956,0.47677895,0,2,pediátrico (<18)
ICB_03978_006,ICB_206,bronchiolitis_asthma,3M Littmann Classic II SE,3.0,1,1,4,0.28744766,0.49650225,0,3,pediátrico (<18)
ICB_03978_007,ICB_206,bronchiolitis_asthma,3M Littmann Classic II SE,3.0,0,1,4,0.25048828,0.48508903,0,2,pediátrico (<18)
ICB_03978_008,ICB_206,bronchiolitis_asthma,3M Littmann Classic II SE,3.0,0,0,4,0.385763,0.36267498,0,0,pediátrico (<18)
ICB_03978_009,ICB_206,bronchiolitis_asthma,3M Littmann Classic II SE,3.0,0,1,4,0.2921983,0.47324556,0,2,pediátrico (<18)
ICB_03978_010,ICB_206,bronchiolitis_asthma,3M Littmann Classic II SE,3.0,0,0,4,0.35789096,0.44675016,0,0,pediátrico (<18)
ICB_03979_000,ICB_206,bronchiolitis_asthma,3M Littmann Classic II SE,3.0,0,0,4,0.41274992,0.41808942,0,0,pediátrico (<18)
ICB_03979_001,ICB_206,bronchiolitis_asthma,3M Littmann Classic II SE,3.0,0,1,4,0.40477458,0.58610064,0,2,pediátrico (<18)
ICB_03979_002,ICB_206,bronchiolitis_asthma,3M Littmann Classic II SE,3.0,0,1,4,0.36402833,0.61865944,0,2,pediátrico (<18)
ICB_03979_003,ICB_206,bronchiolitis_asthma,3M Littmann Classic II SE,3.0,0,1,4,0.39358568,0.5798339,0,2,pediátrico (<18)
ICB_03979_004,ICB_206,bronchiolitis_asthma,3M Littmann Classic II SE,3.0,0,1,4,0.380646,0.613299,0,2,pediátrico (<18)
ICB_03979_005,ICB_206,bronchiolitis_asthma,3M Littmann Classic II SE,3.0,0,1,4,0.4236288,0.55859584,0,2,pediátrico (<18)
ICB_03979_006,ICB_206,bronchiolitis_asthma,3M Littmann Classic II SE,3.0,0,1,4,0.26764512,0.7710261,2,2,pediátrico (<18)
ICB_03979_007,ICB_206,bronchiolitis_asthma,3M Littmann Classic II SE,3.0,0,1,4,0.23383361,0.84570515,2,2,pediátrico (<18)
ICB_03980_000,ICB_206,bronchiolitis_asthma,3M Littmann Classic II SE,3.0,0,1,4,0.35308614,0.53118676,0,2,pediátrico (<18)
ICB_03980_001,ICB_206,bronchiolitis_asthma,3M Littmann Classic II SE,3.0,0,1,4,0.4019634,0.6096708,0,2,pediátrico (<18)
ICB_03980_002,ICB_206,bronchiolitis_asthma,3M Littmann Classic II SE,3.0,0,1,4,0.40581098,0.5987884,0,2,pediátrico (<18)
ICB_03980_003,ICB_206,bronchiolitis_asthma,3M Littmann Classic II SE,3.0,0,1,4,0.4427801,0.5961908,0,2,pediátrico (<18)
ICB_03980_004,ICB_206,bronchiolitis_asthma,3M Littmann Classic II SE,3.0,0,1,4,0.41535205,0.50915724,0,2,pediátrico (<18)
ICB_03980_005,ICB_206,bronchiolitis_asthma,3M Littmann Classic II SE,3.0,0,1,4,0.49181587,0.57967436,0,2,pediátrico (<18)
ICB_03980_006,ICB_206,bronchiolitis_asthma,3M Littmann Classic II SE,3.0,0,1,4,0.37929398,0.6132956,0,2,pediátrico (<18)
ICB_03980_007,ICB_206,bronchiolitis_asthma,3M Littmann Classic II SE,3.0,0,1,4,0.4829394,0.5845276,0,2,pediátrico (<18)
ICB_04015_000,ICB_213,copd,AKG C417L Microphone,58.0,0,0,4,0.47708726,0.34635124,0,0,adulto
ICB_04015_001,ICB_213,copd,AKG C417L Microphone,58.0,0,0,4,0.48788217,0.36569607,0,0,adulto
ICB_04015_002,ICB_213,copd,AKG C417L Microphone,58.0,0,0,4,0.50011736,0.32392034,0,0,adulto
ICB_04015_003,ICB_213,copd,AKG C417L Microphone,58.0,0,0,4,0.4572527,0.3415565,0,0,adulto
ICB_04015_004,ICB_213,copd,AKG C417L Microphone,58.0,0,0,4,0.4915257,0.34741095,0,0,adulto
ICB_04015_005,ICB_213,copd,AKG C417L Microphone,58.0,0,0,4,0.44539148,0.37345603,0,0,adulto
ICB_04016_000,ICB_213,copd,AKG C417L Microphone,58.0,0,0,4,0.4145038,0.35696957,0,0,adulto
ICB_04016_001,ICB_213,copd,AKG C417L Microphone,58.0,0,0,4,0.4629591,0.3475197,0,0,adulto
ICB_04016_002,ICB_213,copd,AKG C417L Microphone,58.0,0,0,4,0.54717153,0.28645346,0,0,adulto
ICB_04016_003,ICB_213,copd,AKG C417L Microphone,58.0,0,0,4,0.47434065,0.4811992,0,0,adulto
ICB_04016_004,ICB_213,copd,AKG C417L Microphone,58.0,0,0,4,0.5338232,0.31704798,0,0,adulto
ICB_04016_005,ICB_213,copd,AKG C417L Microphone,58.0,0,0,4,0.4837634,0.3806395,0,0,adulto
ICB_04017_000,ICB_213,copd,AKG C417L Microphone,58.0,0,0,4,0.47102317,0.28459525,0,0,adulto
ICB_04017_001,ICB_213,copd,AKG C417L Microphone,58.0,0,0,4,0.579757,0.31972614,0,0,adulto
ICB_04017_002,ICB_213,copd,AKG C417L Microphone,58.0,0,0,4,0.5515938,0.29503387,0,0,adulto
ICB_04017_003,ICB_213,copd,AKG C417L Microphone,58.0,0,0,4,0.53022003,0.30740824,0,0,adulto
ICB_04017_004,ICB_213,copd,AKG C417L Microphone,58.0,0,0,4,0.5476385,0.3079056,0,0,adulto
ICB_04017_005,ICB_213,copd,AKG C417L Microphone,58.0,0,0,4,0.5177084,0.3252405,0,0,adulto
ICB_04018_000,ICB_213,copd,AKG C417L Microphone,58.0,0,0,4,0.4026826,0.3203223,0,0,adulto
ICB_04018_001,ICB_213,copd,AKG C417L Microphone,58.0,0,0,4,0.6085055,0.29875144,0,0,adulto
ICB_04018_002,ICB_213,copd,AKG C417L Microphone,58.0,1,0,4,0.48529586,0.25158203,0,1,adulto
ICB_04018_003,ICB_213,copd,AKG C417L Microphone,58.0,0,0,4,0.5088981,0.32721165,0,0,adulto
ICB_04018_004,ICB_213,copd,AKG C417L Microphone,58.0,1,0,4,0.393797,0.3633004,0,1,adulto
ICB_04018_005,ICB_213,copd,AKG C417L Microphone,58.0,1,0,4,0.46171308,0.27398267,0,1,adulto
ICB_04019_000,ICB_213,copd,AKG C417L Microphone,58.0,0,0,4,0.3742102,0.27761364,0,0,adulto
ICB_04019_001,ICB_213,copd,AKG C417L Microphone,58.0,1,0,4,0.41182858,0.29348132,0,1,adulto
ICB_04019_002,ICB_213,copd,AKG C417L Microphone,58.0,1,0,4,0.39993757,0.26748696,0,1,adulto
ICB_04019_003,ICB_213,copd,AKG C417L Microphone,58.0,1,0,4,0.43703818,0.26728234,0,1,adulto
ICB_04019_004,ICB_213,copd,AKG C417L Microphone,58.0,1,0,4,0.35020036,0.3494342,0,1,adulto
ICB_04019_005,ICB_213,copd,AKG C417L Microphone,58.0,0,0,4,0.3609242,0.33307138,0,0,adulto
ICB_04020_000,ICB_213,copd,AKG C417L Microphone,58.0,0,0,4,0.06030899,0.42351076,0,0,adulto
ICB_04020_001,ICB_213,copd,AKG C417L Microphone,58.0,0,0,4,0.064149715,0.44737008,0,0,adulto
ICB_04020_002,ICB_213,copd,AKG C417L Microphone,58.0,0,0,4,0.099912874,0.47065762,0,0,adulto
ICB_04020_003,ICB_213,copd,AKG C417L Microphone,58.0,0,0,4,0.11941753,0.39055252,0,0,adulto
ICB_04020_004,ICB_213,copd,AKG C417L Microphone,58.0,0,0,4,0.08533015,0.46174142,0,0,adulto
ICB_04020_005,ICB_213,copd,AKG C417L Microphone,58.0,0,0,4,0.10530172,0.5331709,0,0,adulto
ICB_04021_000,ICB_213,copd,AKG C417L Microphone,58.0,0,0,4,0.5882246,0.27118906,0,0,adulto
ICB_04021_001,ICB_213,copd,AKG C417L Microphone,58.0,0,0,4,0.54201865,0.3182282,0,0,adulto
ICB_04021_002,ICB_213,copd,AKG C417L Microphone,58.0,0,0,4,0.5641477,0.28373525,0,0,adulto
ICB_04021_003,ICB_213,copd,AKG C417L Microphone,58.0,0,0,4,0.55317706,0.3451341,0,0,adulto
ICB_04021_004,ICB_213,copd,AKG C417L Microphone,58.0,0,0,4,0.506852,0.41818345,0,0,adulto
ICB_04021_005,ICB_213,copd,AKG C417L Microphone,58.0,0,0,4,0.56033385,0.31195897,0,0,adulto
ICB_04021_006,ICB_213,copd,AKG C417L Microphone,58.0,0,0,4,0.4134291,0.4431779,0,0,adulto
ICB_04022_000,ICB_213,copd,AKG C417L Microphone,58.0,0,0,4,0.44231045,0.31829002,0,0,adulto
ICB_04022_001,ICB_213,copd,AKG C417L Microphone,58.0,0,0,4,0.5058854,0.39402694,0,0,adulto
ICB_04022_002,ICB_213,copd,AKG C417L Microphone,58.0,0,0,4,0.52188736,0.2759968,0,0,adulto
ICB_04022_003,ICB_213,copd,AKG C417L Microphone,58.0,0,0,4,0.5209299,0.36139068,0,0,adulto
ICB_04022_004,ICB_213,copd,AKG C417L Microphone,58.0,0,0,4,0.52640545,0.328355,0,0,adulto
ICB_04022_005,ICB_213,copd,AKG C417L Microphone,58.0,0,0,4,0.5032973,0.30794334,0,0,adulto
ICB_04022_006,ICB_213,copd,AKG C417L Microphone,58.0,0,0,4,0.4385901,0.40041348,0,0,adulto
ICB_04023_000,ICB_213,copd,AKG C417L Microphone,58.0,0,0,4,0.6081341,0.27102977,0,0,adulto
ICB_04023_001,ICB_213,copd,AKG C417L Microphone,58.0,0,0,4,0.5728975,0.29008096,0,0,adulto
ICB_04023_002,ICB_213,copd,AKG C417L Microphone,58.0,0,0,4,0.5472978,0.31516126,0,0,adulto
ICB_04023_003,ICB_213,copd,AKG C417L Microphone,58.0,0,0,4,0.56697637,0.29936954,0,0,adulto
ICB_04023_004,ICB_213,copd,AKG C417L Microphone,58.0,0,0,4,0.56819755,0.28641698,0,0,adulto
ICB_04023_005,ICB_213,copd,AKG C417L Microphone,58.0,0,0,4,0.5849678,0.27355283,0,0,adulto
ICB_04023_006,ICB_213,copd,AKG C417L Microphone,58.0,0,0,4,0.47116634,0.4074182,0,0,adulto
ICB_04024_000,ICB_213,copd,AKG C417L Microphone,58.0,0,0,4,0.32144147,0.23108591,0,0,adulto
ICB_04024_001,ICB_213,copd,AKG C417L Microphone,58.0,0,0,4,0.31641662,0.28514332,0,0,adulto
ICB_04024_002,ICB_213,copd,AKG C417L Microphone,58.0,0,0,4,0.31046328,0.22308886,0,0,adulto
ICB_04024_003,ICB_213,copd,AKG C417L Microphone,58.0,0,0,4,0.34228408,0.24855682,0,0,adulto
ICB_04024_004,ICB_213,copd,AKG C417L Microphone,58.0,0,0,4,0.36158428,0.24901047,0,0,adulto
ICB_04024_005,ICB_213,copd,AKG C417L Microphone,58.0,0,0,4,0.30712414,0.25853655,0,0,adulto
ICB_04024_006,ICB_213,copd,AKG C417L Microphone,58.0,0,0,4,0.35727748,0.39352033,0,0,adulto
ICB_04025_000,ICB_213,copd,AKG C417L Microphone,58.0,0,0,4,0.50945836,0.42333683,0,0,adulto
ICB_04025_001,ICB_213,copd,AKG C417L Microphone,58.0,0,0,4,0.49231637,0.42479092,0,0,adulto
ICB_04025_002,ICB_213,copd,AKG C417L Microphone,58.0,0,0,4,0.5400876,0.29146987,0,0,adulto
ICB_04025_003,ICB_213,copd,AKG C417L Microphone,58.0,0,0,4,0.5104184,0.3337379,0,0,adulto
ICB_04025_004,ICB_213,copd,AKG C417L Microphone,58.0,0,0,4,0.5420613,0.34389532,0,0,adulto
ICB_04025_005,ICB_213,copd,AKG C417L Microphone,58.0,0,0,4,0.5178238,0.34038934,0,0,adulto
ICB_04026_000,ICB_213,copd,AKG C417L Microphone,58.0,0,0,4,0.49423108,0.35665208,0,0,adulto
ICB_04026_001,ICB_213,copd,AKG C417L Microphone,58.0,0,0,4,0.4631497,0.37927943,0,0,adulto
ICB_04026_002,ICB_213,copd,AKG C417L Microphone,58.0,0,0,4,0.4936826,0.33119026,0,0,adulto
ICB_04026_003,ICB_213,copd,AKG C417L Microphone,58.0,0,0,4,0.4870406,0.33975947,0,0,adulto
ICB_04026_004,ICB_213,copd,AKG C417L Microphone,58.0,0,0,4,0.5288468,0.28441566,0,0,adulto
ICB_04026_005,ICB_213,copd,AKG C417L Microphone,58.0,0,0,4,0.50404227,0.34060457,0,0,adulto
ICB_04027_000,ICB_213,copd,AKG C417L Microphone,58.0,0,0,4,0.5504631,0.3412662,0,0,adulto
ICB_04027_001,ICB_213,copd,AKG C417L Microphone,58.0,1,0,4,0.55137694,0.31592122,0,1,adulto
ICB_04027_002,ICB_213,copd,AKG C417L Microphone,58.0,0,0,4,0.57067627,0.28877544,0,0,adulto
ICB_04027_003,ICB_213,copd,AKG C417L Microphone,58.0,0,0,4,0.54172546,0.26535147,0,0,adulto
ICB_04027_004,ICB_213,copd,AKG C417L Microphone,58.0,0,0,4,0.5616163,0.28442538,0,0,adulto
ICB_04027_005,ICB_213,copd,AKG C417L Microphone,58.0,0,0,4,0.3969455,0.29798672,0,0,adulto
ICB_04028_000,ICB_213,copd,AKG C417L Microphone,58.0,0,0,4,0.33902407,0.344408,0,0,adulto
ICB_04028_001,ICB_213,copd,AKG C417L Microphone,58.0,1,0,4,0.32120916,0.2848224,0,1,adulto
ICB_04028_002,ICB_213,copd,AKG C417L Microphone,58.0,0,0,4,0.3409572,0.26712132,0,0,adulto
ICB_04028_003,ICB_213,copd,AKG C417L Microphone,58.0,0,0,4,0.34298277,0.2975373,0,0,adulto
ICB_04028_004,ICB_213,copd,AKG C417L Microphone,58.0,0,0,4,0.36274758,0.2835056,0,0,adulto
ICB_04028_005,ICB_213,copd,AKG C417L Microphone,58.0,1,0,4,0.29740018,0.34168744,0,1,adulto
ICB_04029_000,ICB_213,copd,AKG C417L Microphone,58.0,0,0,4,0.10687249,0.49269933,0,0,adulto
ICB_04029_001,ICB_213,copd,AKG C417L Microphone,58.0,0,0,4,0.07914872,0.5074943,0,0,adulto
ICB_04029_002,ICB_213,copd,AKG C417L Microphone,58.0,0,0,4,0.07432352,0.5579626,0,0,adulto
ICB_04029_003,ICB_213,copd,AKG C417L Microphone,58.0,0,0,4,0.077798806,0.546127,0,0,adulto
ICB_04029_004,ICB_213,copd,AKG C417L Microphone,58.0,0,0,4,0.081284605,0.507569,0,0,adulto
ICB_04029_005,ICB_213,copd,AKG C417L Microphone,58.0,0,0,4,0.08432829,0.5390315,0,0,adulto
ICB_04030_000,ICB_213,copd,AKG C417L Microphone,58.0,0,0,4,0.27439252,0.48019361,0,0,adulto
ICB_04030_001,ICB_213,copd,AKG C417L Microphone,58.0,0,0,4,0.32722476,0.5420956,0,0,adulto
ICB_04030_002,ICB_213,copd,AKG C417L Microphone,58.0,0,0,4,0.32447195,0.5193533,0,0,adulto
ICB_04030_003,ICB_213,copd,AKG C417L Microphone,58.0,0,0,4,0.31563857,0.510525,0,0,adulto
ICB_04030_004,ICB_213,copd,AKG C417L Microphone,58.0,0,0,4,0.37572318,0.3115499,0,0,adulto
ICB_04030_005,ICB_213,copd,AKG C417L Microphone,58.0,0,0,4,0.34411854,0.34997866,0,0,adulto
ICB_04030_006,ICB_213,copd,AKG C417L Microphone,58.0,0,0,4,0.31124297,0.5226772,0,0,adulto
ICB_04031_000,ICB_213,copd,AKG C417L Microphone,58.0,1,0,4,0.40697366,0.32822588,0,1,adulto
ICB_04031_001,ICB_213,copd,AKG C417L Microphone,58.0,0,0,4,0.41465294,0.33189356,0,0,adulto
ICB_04031_002,ICB_213,copd,AKG C417L Microphone,58.0,0,0,4,0.3763398,0.39645544,0,0,adulto
ICB_04031_003,ICB_213,copd,AKG C417L Microphone,58.0,0,0,4,0.37293628,0.33760837,0,0,adulto
ICB_04031_004,ICB_213,copd,AKG C417L Microphone,58.0,0,0,4,0.37555918,0.3708802,0,0,adulto
ICB_04031_005,ICB_213,copd,AKG C417L Microphone,58.0,0,0,4,0.39944768,0.3334909,0,0,adulto
ICB_04031_006,ICB_213,copd,AKG C417L Microphone,58.0,0,0,4,0.40697566,0.36812937,0,0,adulto
ICB_04032_000,ICB_213,copd,AKG C417L Microphone,58.0,1,0,4,0.41457912,0.43027127,0,1,adulto
ICB_04032_001,ICB_213,copd,AKG C417L Microphone,58.0,1,0,4,0.4541801,0.443694,0,1,adulto
ICB_04032_002,ICB_213,copd,AKG C417L Microphone,58.0,1,0,4,0.4391618,0.4163948,0,1,adulto
ICB_04032_003,ICB_213,copd,AKG C417L Microphone,58.0,0,0,4,0.46190095,0.41884905,0,0,adulto
ICB_04032_004,ICB_213,copd,AKG C417L Microphone,58.0,1,0,4,0.4598109,0.39973843,0,1,adulto
ICB_04032_005,ICB_213,copd,AKG C417L Microphone,58.0,0,0,4,0.39271948,0.46155992,0,0,adulto
ICB_04032_006,ICB_213,copd,AKG C417L Microphone,58.0,1,0,4,0.45197028,0.4073384,0,1,adulto
ICB_04033_000,ICB_213,copd,AKG C417L Microphone,58.0,0,0,4,0.4216931,0.275573,0,0,adulto
ICB_04033_001,ICB_213,copd,AKG C417L Microphone,58.0,0,0,4,0.46520108,0.23076503,0,0,adulto
ICB_04033_002,ICB_213,copd,AKG C417L Microphone,58.0,0,0,4,0.45078716,0.25409815,0,0,adulto
ICB_04033_003,ICB_213,copd,AKG C417L Microphone,58.0,0,0,4,0.420914,0.24682331,0,0,adulto
ICB_04033_004,ICB_213,copd,AKG C417L Microphone,58.0,0,0,4,0.44204572,0.27916962,0,0,adulto
ICB_04033_005,ICB_213,copd,AKG C417L Microphone,58.0,1,0,4,0.44046772,0.29796714,0,1,adulto
ICB_04033_006,ICB_213,copd,AKG C417L Microphone,58.0,1,0,4,0.4512073,0.26628384,0,1,adulto
ICB_04034_000,ICB_213,copd,AKG C417L Microphone,58.0,0,0,4,0.08263506,0.5534094,0,0,adulto
ICB_04034_001,ICB_213,copd,AKG C417L Microphone,58.0,0,0,4,0.08083368,0.5128527,0,0,adulto
ICB_04034_002,ICB_213,copd,AKG C417L Microphone,58.0,0,0,4,0.07554722,0.54839873,0,0,adulto
ICB_04034_003,ICB_213,copd,AKG C417L Microphone,58.0,0,0,4,0.059423476,0.52937526,0,0,adulto
ICB_04034_004,ICB_213,copd,AKG C417L Microphone,58.0,0,0,4,0.09767034,0.40536198,0,0,adulto
ICB_04034_005,ICB_213,copd,AKG C417L Microphone,58.0,0,0,4,0.08572543,0.4456213,0,0,adulto
ICB_04034_006,ICB_213,copd,AKG C417L Microphone,58.0,0,0,4,0.07557493,0.45420134,0,0,adulto
ICB_04036_000,ICB_215,bronchiectasis,3M Littmann Classic II SE,56.0,0,0,4,0.47639742,0.3809216,0,0,adulto
ICB_04036_001,ICB_215,bronchiectasis,3M Littmann Classic II SE,56.0,0,1,4,0.5226423,0.46084893,0,2,adulto
ICB_04036_002,ICB_215,bronchiectasis,3M Littmann Classic II SE,56.0,0,1,4,0.58342624,0.3064586,0,2,adulto
ICB_04036_003,ICB_215,bronchiectasis,3M Littmann Classic II SE,56.0,0,1,4,0.53932047,0.42979848,0,2,adulto
ICB_04036_004,ICB_215,bronchiectasis,3M Littmann Classic II SE,56.0,0,1,4,0.5558345,0.34312165,0,2,adulto
ICB_04037_000,ICB_215,bronchiectasis,3M Littmann Classic II SE,56.0,0,0,4,0.11635973,0.40442064,0,0,adulto
ICB_04037_001,ICB_215,bronchiectasis,3M Littmann Classic II SE,56.0,0,0,4,0.022797648,0.25601372,0,0,adulto
ICB_04037_002,ICB_215,bronchiectasis,3M Littmann Classic II SE,56.0,0,0,4,0.018522732,0.28300932,0,0,adulto
ICB_04037_003,ICB_215,bronchiectasis,3M Littmann Classic II SE,56.0,0,0,4,0.018514333,0.3177238,0,0,adulto
ICB_04037_004,ICB_215,bronchiectasis,3M Littmann Classic II SE,56.0,0,0,4,0.015316369,0.3338981,0,0,adulto
ICB_04037_005,ICB_215,bronchiectasis,3M Littmann Classic II SE,56.0,0,0,4,0.1979165,0.43631992,0,0,adulto
ICB_04040_000,ICB_217,normal_lung,3M Littmann Classic II SE,12.0,0,0,4,0.35075969,0.45606282,0,0,pediátrico (<18)
ICB_04040_001,ICB_217,normal_lung,3M Littmann Classic II SE,12.0,0,0,4,0.27088746,0.38197047,0,0,pediátrico (<18)
ICB_04040_002,ICB_217,normal_lung,3M Littmann Classic II SE,12.0,0,0,4,0.21831419,0.49617532,0,0,pediátrico (<18)
ICB_04040_003,ICB_217,normal_lung,3M Littmann Classic II SE,12.0,0,0,4,0.18824607,0.37111098,0,0,pediátrico (<18)
ICB_04040_004,ICB_217,normal_lung,3M Littmann Classic II SE,12.0,0,0,4,0.1869239,0.46435776,0,0,pediátrico (<18)
ICB_04040_005,ICB_217,normal_lung,3M Littmann Classic II SE,12.0,0,0,4,0.14472555,0.510826,0,0,pediátrico (<18)
ICB_04040_006,ICB_217,normal_lung,3M Littmann Classic II SE,12.0,0,0,4,0.21344817,0.40323496,0,0,pediátrico (<18)
ICB_04040_007,ICB_217,normal_lung,3M Littmann Classic II SE,12.0,0,0,4,0.20138785,0.44664177,0,0,pediátrico (<18)
ICB_04040_008,ICB_217,normal_lung,3M Littmann Classic II SE,12.0,0,0,4,0.15926434,0.42459315,0,0,pediátrico (<18)
ICB_04040_009,ICB_217,normal_lung,3M Littmann Classic II SE,12.0,0,0,4,0.17077057,0.4721517,0,0,pediátrico (<18)
ICB_04040_010,ICB_217,normal_lung,3M Littmann Classic II SE,12.0,0,0,4,0.35607636,0.4385096,0,0,pediátrico (<18)
ICB_04041_000,ICB_218,copd,WelchAllyn Meditron Master Elite,75.0,0,0,4,0.3646976,0.5979776,0,0,adulto
ICB_04041_001,ICB_218,copd,WelchAllyn Meditron Master Elite,75.0,0,0,4,0.33442652,0.62476164,0,0,adulto
ICB_04041_002,ICB_218,copd,WelchAllyn Meditron Master Elite,75.0,0,0,4,0.37762478,0.5474332,0,0,adulto
ICB_04041_003,ICB_218,copd,WelchAllyn Meditron Master Elite,75.0,0,0,4,0.3051944,0.5152425,0,0,adulto
ICB_04041_004,ICB_218,copd,WelchAllyn Meditron Master Elite,75.0,0,1,4,0.15746722,0.7161131,0,2,adulto
ICB_04041_005,ICB_218,copd,WelchAllyn Meditron Master Elite,75.0,1,0,4,0.3162147,0.5237833,0,1,adulto
ICB_04041_006,ICB_218,copd,WelchAllyn Meditron Master Elite,75.0,1,0,4,0.29103705,0.51247966,0,1,adulto
ICB_04041_007,ICB_218,copd,WelchAllyn Meditron Master Elite,75.0,1,0,4,0.33899862,0.49559474,0,1,adulto
ICB_04041_008,ICB_218,copd,WelchAllyn Meditron Master Elite,75.0,1,0,4,0.3144227,0.5171896,0,1,adulto
ICB_04041_009,ICB_218,copd,WelchAllyn Meditron Master Elite,75.0,1,1,4,0.2647173,0.39591578,0,3,adulto
ICB_04041_010,ICB_218,copd,WelchAllyn Meditron Master Elite,75.0,1,1,4,0.078451335,0.7543146,2,3,adulto
ICB_04041_011,ICB_218,copd,WelchAllyn Meditron Master Elite,75.0,1,1,4,0.11372528,0.68833965,0,3,adulto
ICB_04041_012,ICB_218,copd,WelchAllyn Meditron Master Elite,75.0,1,1,4,0.050561566,0.8128825,2,3,adulto
ICB_04041_013,ICB_218,copd,WelchAllyn Meditron Master Elite,75.0,0,0,4,0.07476973,0.7828865,2,0,adulto
ICB_04041_014,ICB_218,copd,WelchAllyn Meditron Master Elite,75.0,1,1,4,0.09318145,0.63241357,0,3,adulto
ICB_04042_000,ICB_218,copd,WelchAllyn Meditron Master Elite,75.0,1,1,4,0.39382374,0.5737209,0,3,adulto
ICB_04042_001,ICB_218,copd,WelchAllyn Meditron Master Elite,75.0,1,1,4,0.3236555,0.6168645,0,3,adulto
ICB_04042_002,ICB_218,copd,WelchAllyn Meditron Master Elite,75.0,1,1,4,0.34214604,0.5174382,0,3,adulto
ICB_04042_003,ICB_218,copd,WelchAllyn Meditron Master Elite,75.0,0,0,4,0.23920897,0.5634906,0,0,adulto
ICB_04042_004,ICB_218,copd,WelchAllyn Meditron Master Elite,75.0,0,1,4,0.26372692,0.68265325,0,2,adulto
ICB_04042_005,ICB_218,copd,WelchAllyn Meditron Master Elite,75.0,1,1,4,0.34572807,0.6118357,0,3,adulto
ICB_04042_006,ICB_218,copd,WelchAllyn Meditron Master Elite,75.0,1,1,4,0.38424197,0.587091,0,3,adulto
ICB_04042_007,ICB_218,copd,WelchAllyn Meditron Master Elite,75.0,1,1,4,0.35639352,0.64901143,0,3,adulto
ICB_04042_008,ICB_218,copd,WelchAllyn Meditron Master Elite,75.0,1,0,4,0.3701661,0.6170695,0,1,adulto
ICB_04042_009,ICB_218,copd,WelchAllyn Meditron Master Elite,75.0,1,0,4,0.25339434,0.73851454,0,1,adulto
ICB_04042_010,ICB_218,copd,WelchAllyn Meditron Master Elite,75.0,1,1,4,0.22669838,0.5972513,0,3,adulto
ICB_04042_011,ICB_218,copd,WelchAllyn Meditron Master Elite,75.0,1,1,4,0.0810889,0.7977535,2,3,adulto
ICB_04042_012,ICB_218,copd,WelchAllyn Meditron Master Elite,75.0,1,1,4,0.06736901,0.81652355,2,3,adulto
ICB_04042_013,ICB_218,copd,WelchAllyn Meditron Master Elite,75.0,1,1,4,0.06336851,0.7469939,0,3,adulto
ICB_04042_014,ICB_218,copd,WelchAllyn Meditron Master Elite,75.0,1,1,4,0.043384496,0.9581447,2,3,adulto
ICB_04042_015,ICB_218,copd,WelchAllyn Meditron Master Elite,75.0,0,0,4,0.10467598,0.63864917,0,0,adulto
ICB_04043_000,ICB_218,copd,WelchAllyn Meditron Master Elite,75.0,1,0,4,0.30212343,0.63694,0,1,adulto
ICB_04043_001,ICB_218,copd,WelchAllyn Meditron Master Elite,75.0,1,0,4,0.3143772,0.65637934,0,1,adulto
ICB_04043_002,ICB_218,copd,WelchAllyn Meditron Master Elite,75.0,1,0,4,0.35025233,0.7380318,0,1,adulto
ICB_04043_003,ICB_218,copd,WelchAllyn Meditron Master Elite,75.0,1,0,4,0.30936363,0.6860992,0,1,adulto
ICB_04043_004,ICB_218,copd,WelchAllyn Meditron Master Elite,75.0,1,0,4,0.30778146,0.5659448,0,1,adulto
ICB_04043_005,ICB_218,copd,WelchAllyn Meditron Master Elite,75.0,1,0,4,0.41204986,0.6333004,0,1,adulto
ICB_04043_006,ICB_218,copd,WelchAllyn Meditron Master Elite,75.0,1,0,4,0.35506186,0.7031723,0,1,adulto
ICB_04043_007,ICB_218,copd,WelchAllyn Meditron Master Elite,75.0,1,0,4,0.25297707,0.68407345,0,1,adulto
ICB_04043_008,ICB_218,copd,WelchAllyn Meditron Master Elite,75.0,1,0,4,0.05681969,0.7523255,2,1,adulto
ICB_04043_009,ICB_218,copd,WelchAllyn Meditron Master Elite,75.0,0,0,4,0.1402053,0.8210155,2,0,adulto
ICB_04043_010,ICB_218,copd,WelchAllyn Meditron Master Elite,75.0,1,0,4,0.023333589,0.46514544,0,1,adulto
ICB_04043_011,ICB_218,copd,WelchAllyn Meditron Master Elite,75.0,1,0,4,0.3485948,0.7230133,0,1,adulto
ICB_04043_012,ICB_218,copd,WelchAllyn Meditron Master Elite,75.0,1,1,4,0.35258514,0.7930049,2,3,adulto
ICB_04043_013,ICB_218,copd,WelchAllyn Meditron Master Elite,75.0,1,1,4,0.34043747,0.75653803,2,3,adulto
ICB_04043_014,ICB_218,copd,WelchAllyn Meditron Master Elite,75.0,1,1,4,0.3285208,0.76316327,2,3,adulto
ICB_04043_015,ICB_218,copd,WelchAllyn Meditron Master Elite,75.0,0,1,4,0.4198475,0.60815537,0,2,adulto
ICB_04043_016,ICB_218,copd,WelchAllyn Meditron Master Elite,75.0,0,1,4,0.35592878,0.87382865,2,2,adulto
ICB_04043_017,ICB_218,copd,WelchAllyn Meditron Master Elite,75.0,1,1,4,0.45848447,0.8096061,2,3,adulto
ICB_04043_018,ICB_218,copd,WelchAllyn Meditron Master Elite,75.0,0,0,4,0.11655683,0.6895499,0,0,adulto
ICB_04044_000,ICB_218,copd,WelchAllyn Meditron Master Elite,75.0,0,0,4,0.3916974,0.5109971,0,0,adulto
ICB_04044_001,ICB_218,copd,WelchAllyn Meditron Master Elite,75.0,1,0,4,0.3156478,0.59400034,0,1,adulto
ICB_04044_002,ICB_218,copd,WelchAllyn Meditron Master Elite,75.0,1,0,4,0.32141063,0.49935836,0,1,adulto
ICB_04044_003,ICB_218,copd,WelchAllyn Meditron Master Elite,75.0,1,0,4,0.32277468,0.5048173,0,1,adulto
ICB_04044_004,ICB_218,copd,WelchAllyn Meditron Master Elite,75.0,1,0,4,0.3526771,0.5103972,0,1,adulto
ICB_04044_005,ICB_218,copd,WelchAllyn Meditron Master Elite,75.0,1,0,4,0.34795505,0.44147167,0,1,adulto
ICB_04044_006,ICB_218,copd,WelchAllyn Meditron Master Elite,75.0,1,0,4,0.4063694,0.46589825,0,1,adulto
ICB_04044_007,ICB_218,copd,WelchAllyn Meditron Master Elite,75.0,1,0,4,0.31519067,0.4805892,0,1,adulto
ICB_04044_008,ICB_218,copd,WelchAllyn Meditron Master Elite,75.0,1,0,4,0.34765154,0.47041312,0,1,adulto
ICB_04044_009,ICB_218,copd,WelchAllyn Meditron Master Elite,75.0,1,0,4,0.13782857,0.7674926,2,1,adulto
ICB_04044_010,ICB_218,copd,WelchAllyn Meditron Master Elite,75.0,1,1,4,0.4214051,0.23919667,0,3,adulto
ICB_04044_011,ICB_218,copd,WelchAllyn Meditron Master Elite,75.0,1,1,4,0.48762828,0.29611525,0,3,adulto
ICB_04044_012,ICB_218,copd,WelchAllyn Meditron Master Elite,75.0,1,1,4,0.41021773,0.4625653,0,3,adulto
ICB_04044_013,ICB_218,copd,WelchAllyn Meditron Master Elite,75.0,1,1,4,0.40708655,0.34194818,0,3,adulto
ICB_04044_014,ICB_218,copd,WelchAllyn Meditron Master Elite,75.0,0,1,4,0.30199468,0.6290459,0,2,adulto
ICB_04044_015,ICB_218,copd,WelchAllyn Meditron Master Elite,75.0,0,1,4,0.28716704,0.5533848,0,2,adulto
ICB_04044_016,ICB_218,copd,WelchAllyn Meditron Master Elite,75.0,0,1,4,0.37146103,0.3931292,0,2,adulto
ICB_04044_017,ICB_218,copd,WelchAllyn Meditron Master Elite,75.0,0,0,4,0.09417367,0.60618633,0,0,adulto
ICB_04045_000,ICB_218,copd,WelchAllyn Meditron Master Elite,75.0,1,0,4,0.5004253,0.51947737,0,1,adulto
ICB_04045_001,ICB_218,copd,WelchAllyn Meditron Master Elite,75.0,1,1,4,0.44669604,0.57485795,0,3,adulto
ICB_04045_002,ICB_218,copd,WelchAllyn Meditron Master Elite,75.0,0,1,4,0.40085277,0.57037306,0,2,adulto
ICB_04045_003,ICB_218,copd,WelchAllyn Meditron Master Elite,75.0,1,1,4,0.45836186,0.59065646,0,3,adulto
ICB_04045_004,ICB_218,copd,WelchAllyn Meditron Master Elite,75.0,1,0,4,0.49578008,0.64700484,0,1,adulto
ICB_04045_005,ICB_218,copd,WelchAllyn Meditron Master Elite,75.0,1,1,4,0.43417436,0.56478286,0,3,adulto
ICB_04045_006,ICB_218,copd,WelchAllyn Meditron Master Elite,75.0,1,1,4,0.43932447,0.5661779,0,3,adulto
ICB_04045_007,ICB_218,copd,WelchAllyn Meditron Master Elite,75.0,1,0,4,0.5042302,0.5129341,0,1,adulto
ICB_04045_008,ICB_218,copd,WelchAllyn Meditron Master Elite,75.0,1,1,4,0.4803244,0.46979722,0,3,adulto
ICB_04045_009,ICB_218,copd,WelchAllyn Meditron Master Elite,75.0,1,1,4,0.3295466,0.79549533,2,3,adulto
ICB_04045_010,ICB_218,copd,WelchAllyn Meditron Master Elite,75.0,1,1,4,0.28091344,0.44506547,0,3,adulto
ICB_04045_011,ICB_218,copd,WelchAllyn Meditron Master Elite,75.0,1,1,4,0.50508016,0.62200713,0,3,adulto
ICB_04045_012,ICB_218,copd,WelchAllyn Meditron Master Elite,75.0,1,1,4,0.5063521,0.53009415,0,3,adulto
ICB_04045_013,ICB_218,copd,WelchAllyn Meditron Master Elite,75.0,1,1,4,0.49527398,0.46792042,0,3,adulto
ICB_04045_014,ICB_218,copd,WelchAllyn Meditron Master Elite,75.0,1,1,4,0.3257226,0.66253155,0,3,adulto
ICB_04045_015,ICB_218,copd,WelchAllyn Meditron Master Elite,75.0,0,1,4,0.28734645,0.8346519,2,2,adulto
ICB_04045_016,ICB_218,copd,WelchAllyn Meditron Master Elite,75.0,0,0,4,0.33353898,0.48000145,0,0,adulto
ICB_04045_017,ICB_218,copd,WelchAllyn Meditron Master Elite,75.0,0,0,4,0.057990097,0.7218883,0,0,adulto
ICB_04046_000,ICB_218,copd,3M Littmann 3200 Electronic,75.0,0,0,4,0.3055351,0.8295043,2,0,adulto
ICB_04046_001,ICB_218,copd,3M Littmann 3200 Electronic,75.0,0,0,4,0.22849958,0.7316625,0,0,adulto
ICB_04046_002,ICB_218,copd,3M Littmann 3200 Electronic,75.0,0,0,4,0.16859557,0.8036633,2,0,adulto
ICB_04046_003,ICB_218,copd,3M Littmann 3200 Electronic,75.0,0,1,4,0.053717285,0.9664933,2,2,adulto
ICB_04046_004,ICB_218,copd,3M Littmann 3200 Electronic,75.0,0,1,4,0.052641172,0.9387501,2,2,adulto
ICB_04046_005,ICB_218,copd,3M Littmann 3200 Electronic,75.0,0,1,4,0.08811578,0.97966594,2,2,adulto
ICB_04047_000,ICB_218,copd,3M Littmann 3200 Electronic,75.0,0,0,4,0.20188466,0.6434929,0,0,adulto
ICB_04047_001,ICB_218,copd,3M Littmann 3200 Electronic,75.0,1,0,4,0.21575926,0.6838987,0,1,adulto
ICB_04047_002,ICB_218,copd,3M Littmann 3200 Electronic,75.0,1,0,4,0.18274687,0.69918966,0,1,adulto
ICB_04047_003,ICB_218,copd,3M Littmann 3200 Electronic,75.0,0,0,4,0.27392524,0.5177344,0,0,adulto
ICB_04047_004,ICB_218,copd,3M Littmann 3200 Electronic,75.0,1,1,4,0.09978575,0.7627258,2,3,adulto
ICB_04047_005,ICB_218,copd,3M Littmann 3200 Electronic,75.0,1,1,4,0.08509244,0.83143514,2,3,adulto
ICB_04047_006,ICB_218,copd,3M Littmann 3200 Electronic,75.0,1,1,4,0.1586249,0.8635946,2,3,adulto
ICB_04047_007,ICB_218,copd,3M Littmann 3200 Electronic,75.0,1,1,4,0.11525529,0.9209091,2,3,adulto
ICB_04048_000,ICB_218,copd,3M Littmann 3200 Electronic,75.0,1,0,4,0.45347822,0.7852236,2,1,adulto
ICB_04048_001,ICB_218,copd,3M Littmann 3200 Electronic,75.0,1,0,4,0.33448967,0.9480694,2,1,adulto
ICB_04048_002,ICB_218,copd,3M Littmann 3200 Electronic,75.0,0,0,4,0.33830345,0.68594617,0,0,adulto
ICB_04048_003,ICB_218,copd,3M Littmann 3200 Electronic,75.0,1,1,4,0.08936548,0.9526621,2,3,adulto
ICB_04048_004,ICB_218,copd,3M Littmann 3200 Electronic,75.0,1,1,4,0.034517605,0.79750466,2,3,adulto
ICB_04048_005,ICB_218,copd,3M Littmann 3200 Electronic,75.0,1,1,4,0.25079364,0.70186645,0,3,adulto
ICB_04048_006,ICB_218,copd,3M Littmann 3200 Electronic,75.0,1,1,4,0.1104859,0.7877002,2,3,adulto
