cycle_id,subject_id,pathology_label,equipment,age_years,crackle,wheeze,fold,p_crackle,p_wheeze,pred_4class,true_4class,age_group
ICB_03174_000,ICB_106,copd,3M Littmann Classic II SE,73.0,1,0,0,0.50058323,0.5680124,0,1,adulto
ICB_03174_001,ICB_106,copd,3M Littmann Classic II SE,73.0,1,0,0,0.32470694,0.14819983,0,1,adulto
ICB_03174_002,ICB_106,copd,3M Littmann Classic II SE,73.0,0,0,0,0.2844782,0.6570382,0,0,adulto
ICB_03174_003,ICB_106,copd,3M Littmann Classic II SE,73.0,1,0,0,0.2961258,0.7040117,0,1,adulto
ICB_03174_004,ICB_106,copd,3M Littmann Classic II SE,73.0,1,0,0,0.5884272,0.50041586,0,1,adulto
ICB_03174_005,ICB_106,copd,3M Littmann Classic II SE,73.0,1,0,0,0.48474538,0.8452903,2,1,adulto
ICB_03174_006,ICB_106,copd,3M Littmann Classic II SE,73.0,1,0,0,0.39250338,0.27614108,0,1,adulto
ICB_03174_007,ICB_106,copd,3M Littmann Classic II SE,73.0,1,0,0,0.53154653,0.30545223,0,1,adulto
ICB_03174_008,ICB_106,copd,3M Littmann Classic II SE,73.0,1,0,0,0.43171218,0.8565207,2,1,adulto
ICB_03175_000,ICB_106,copd,3M Littmann Classic II SE,73.0,0,1,0,0.4040262,0.63601667,0,2,adulto
ICB_03175_001,ICB_106,copd,3M Littmann Classic II SE,73.0,0,1,0,0.6318533,0.39016026,0,2,adulto
ICB_03175_002,ICB_106,copd,3M Littmann Classic II SE,73.0,0,0,0,0.32548767,0.37924907,0,0,adulto
ICB_03175_003,ICB_106,copd,3M Littmann Classic II SE,73.0,0,1,0,0.42992473,0.72108775,0,2,adulto
ICB_03175_004,ICB_106,copd,3M Littmann Classic II SE,73.0,0,1,0,0.3174692,0.66356105,0,2,adulto
ICB_03175_005,ICB_106,copd,3M Littmann Classic II SE,73.0,0,1,0,0.542954,0.88073194,2,2,adulto
ICB_03175_006,ICB_106,copd,3M Littmann Classic II SE,73.0,0,1,0,0.54097116,0.5860443,0,2,adulto
ICB_03175_007,ICB_106,copd,3M Littmann Classic II SE,73.0,0,1,0,0.4021845,0.5627306,0,2,adulto
ICB_03175_008,ICB_106,copd,3M Littmann Classic II SE,73.0,0,0,0,0.36224446,0.63389826,0,0,adulto
ICB_03234_000,ICB_115,respiratory_infection,3M Littmann Classic II SE,0.58,0,0,0,0.105790436,0.10903265,0,0,pediátrico (<18)
ICB_03234_001,ICB_115,respiratory_infection,3M Littmann Classic II SE,0.58,0,0,0,0.26605374,0.46204844,0,0,pediátrico (<18)
ICB_03234_002,ICB_115,respiratory_infection,3M Littmann Classic II SE,0.58,0,0,0,0.1305694,0.35500702,0,0,pediátrico (<18)
ICB_03234_003,ICB_115,respiratory_infection,3M Littmann Classic II SE,0.58,0,0,0,0.13691667,0.25352588,0,0,pediátrico (<18)
ICB_03234_004,ICB_115,respiratory_infection,3M Littmann Classic II SE,0.58,0,0,0,0.62987155,0.5018041,0,0,pediátrico (<18)
ICB_03234_005,ICB_115,respiratory_infection,3M Littmann Classic II SE,0.58,0,0,0,0.2058102,0.5295208,0,0,pediátrico (<18)
ICB_03234_006,ICB_115,respiratory_infection,3M Littmann Classic II SE,0.58,0,0,0,0.09733217,0.52087766,0,0,pediátrico (<18)
ICB_03234_007,ICB_115,respiratory_infection,3M Littmann Classic II SE,0.58,0,0,0,0.23779601,0.23475933,0,0,pediátrico (<18)
ICB_03234_008,ICB_115,respiratory_infection,3M Littmann Classic II SE,0.58,0,0,0,0.2364566,0.33523178,0,0,pediátrico (<18)
ICB_03234_009,ICB_115,respiratory_infection,3M Littmann Classic II SE,0.58,0,0,0,0.08501179,0.27798817,0,0,pediátrico (<18)
ICB_03234_010,ICB_115,respiratory_infection,3M Littmann Classic II SE,0.58,0,0,0,0.20986494,0.4524918,0,0,pediátrico (<18)
ICB_03234_011,ICB_115,respiratory_infection,3M Littmann Classic II SE,0.58,0,0,0,0.25225082,0.2592763,0,0,pediátrico (<18)
ICB_03234_012,ICB_115,respiratory_infection,3M Littmann Classic II SE,0.58,0,1,0,0.37882122,0.51093453,0,2,pediátrico (<18)
ICB_03234_013,ICB_115,respiratory_infection,3M Littmann Classic II SE,0.58,0,0,0,0.3166146,0.5145261,0,0,pediátrico (<18)
ICB_03234_014,ICB_115,respiratory_infection,3M Littmann Classic II SE,0.58,0,0,0,0.28451446,0.28610435,0,0,pediátrico (<18)
ICB_03234_015,ICB_115,respiratory_infection,3M Littmann Classic II SE,0.58,0,0,0,0.44091862,0.39375693,0,0,pediátrico (<18)
ICB_03234_016,ICB_115,respiratory_infection,3M Littmann Classic II SE,0.58,0,0,0,0.19806263,0.41466182,0,0,pediátrico (<18)
ICB_03234_017,ICB_115,respiratory_infection,3M Littmann Classic II SE,0.58,0,0,0,0.52415955,0.23553886,0,0,pediátrico (<18)
ICB_03234_018,ICB_115,respiratory_infection,3M Littmann Classic II SE,0.58,0,0,0,0.17901395,0.46492198,0,0,pediátrico (<18)
ICB_03234_019,ICB_115,respiratory_infection,3M Littmann Classic II SE,0.58,0,0,0,0.14879239,0.35549134,0,0,pediátrico (<18)
ICB_03234_020,ICB_115,respiratory_infection,3M Littmann Classic II SE,0.58,0,0,0,0.13625626,0.0397056,0,0,pediátrico (<18)
ICB_03234_021,ICB_115,respiratory_infection,3M Littmann Classic II SE,0.58,0,0,0,0.041331474,0.346583,0,0,pediátrico (<18)
ICB_03234_022,ICB_115,respiratory_infection,3M Littmann Classic II SE,0.58,0,0,0,0.10460717,0.29096946,0,0,pediátrico (<18)
ICB_03234_023,ICB_115,respiratory_infection,3M Littmann Classic II SE,0.58,0,0,0,0.042380117,0.32279578,0,0,pediátrico (<18)
ICB_03235_000,ICB_116,bronchiectasis,3M Littmann Classic II SE,56.0,0,0,0,0.742449,0.3284157,1,0,adulto
ICB_03235_001,ICB_116,bronchiectasis,3M Littmann Classic II SE,56.0,0,1,0,0.51821196,0.73227465,0,2,adulto
ICB_03235_002,ICB_116,bronchiectasis,3M Littmann Classic II SE,56.0,0,1,0,0.5506987,0.7355212,0,2,adulto
ICB_03235_003,ICB_116,bronchiectasis,3M Littmann Classic II SE,56.0,0,0,0,0.6283792,0.68628746,0,0,adulto
ICB_03236_000,ICB_116,bronchiectasis,3M Littmann Classic II SE,56.0,0,0,0,0.60084486,0.31318355,0,0,adulto
ICB_03236_001,ICB_116,bronchiectasis,3M Littmann Classic II SE,56.0,0,0,0,0.22772329,0.41621357,0,0,adulto
ICB_03236_002,ICB_116,bronchiectasis,3M Littmann Classic II SE,56.0,0,0,0,0.3581455,0.21008946,0,0,adulto
ICB_03236_003,ICB_116,bronchiectasis,3M Littmann Classic II SE,56.0,0,0,0,0.2604728,0.12168598,0,0,adulto
ICB_03237_000,ICB_117,copd,3M Littmann Classic II SE,68.0,0,0,0,0.54837924,0.25647295,0,0,adulto
ICB_03237_001,ICB_117,copd,3M Littmann Classic II SE,68.0,0,0,0,0.4334756,0.33785918,0,0,adulto
ICB_03237_002,ICB_117,copd,3M Littmann Classic II SE,68.0,0,0,0,0.4224539,0.33167008,0,0,adulto
ICB_03237_003,ICB_117,copd,3M Littmann Classic II SE,68.0,0,0,0,0.3101734,0.34480697,0,0,adulto
ICB_03237_004,ICB_117,copd,3M Littmann Classic II SE,68.0,0,0,0,0.50997555,0.3475544,0,0,adulto
ICB_03237_005,ICB_117,copd,3M Littmann Classic II SE,68.0,0,0,0,0.23165865,0.27725482,0,0,adulto
ICB_03237_006,ICB_117,copd,3M Littmann Classic II SE,68.0,0,0,0,0.14542517,0.9999765,2,0,adulto
ICB_03238_000,ICB_117,copd,3M Littmann Classic II SE,68.0,0,1,0,0.47836852,0.45113418,0,2,adulto
ICB_03238_001,ICB_117,copd,3M Littmann Classic II SE,68.0,0,1,0,0.55181265,0.28496936,0,2,adulto
ICB_03238_002,ICB_117,copd,3M Littmann Classic II SE,68.0,0,1,0,0.34540796,0.21217601,0,2,adulto
ICB_03238_003,ICB_117,copd,3M Littmann Classic II SE,68.0,0,1,0,0.39293075,0.2501048,0,2,adulto
ICB_03238_004,ICB_117,copd,3M Littmann Classic II SE,68.0,0,1,0,0.47700474,0.38534853,0,2,adulto
ICB_03273_000,ICB_129,respiratory_infection,3M Littmann Classic II SE,6.0,0,0,0,0.6521932,0.588098,1,0,pediátrico (<18)
ICB_03273_001,ICB_129,respiratory_infection,3M Littmann Classic II SE,6.0,1,0,0,0.5806771,0.20898922,0,1,pediátrico (<18)
ICB_03273_002,ICB_129,respiratory_infection,3M Littmann Classic II SE,6.0,0,0,0,0.6474481,0.3056593,0,0,pediátrico (<18)
ICB_03273_003,ICB_129,respiratory_infection,3M Littmann Classic II SE,6.0,1,0,0,0.8071129,0.31235933,1,1,pediátrico (<18)
ICB_03273_004,ICB_129,respiratory_infection,3M Littmann Classic II SE,6.0,1,0,0,0.45596433,0.4147793,0,1,pediátrico (<18)
ICB_03273_005,ICB_129,respiratory_infection,3M Littmann Classic II SE,6.0,1,0,0,0.57381207,0.25985187,0,1,pediátrico (<18)
ICB_03273_006,ICB_129,respiratory_infection,3M Littmann Classic II SE,6.0,1,0,0,0.63685524,0.15694007,0,1,pediátrico (<18)
ICB_03273_007,ICB_129,respiratory_infection,3M Littmann Classic II SE,6.0,0,0,0,0.7146568,0.48625833,1,0,pediátrico (<18)
ICB_03273_008,ICB_129,respiratory_infection,3M Littmann Classic II SE,6.0,0,0,0,0.71390504,0.58201367,1,0,pediátrico (<18)
ICB_03380_000,ICB_136,normal_lung,AKG C417L Microphone,5.0,0,0,0,0.39529058,0.20986111,0,0,pediátrico (<18)
ICB_03380_001,ICB_136,normal_lung,AKG C417L Microphone,5.0,0,0,0,0.3439253,0.20372152,0,0,pediátrico (<18)
ICB_03380_002,ICB_136,normal_lung,AKG C417L Microphone,5.0,0,0,0,0.5413768,0.24611057,0,0,pediátrico (<18)
ICB_03380_003,ICB_136,normal_lung,AKG C417L Microphone,5.0,0,0,0,0.4367684,0.09467879,0,0,pediátrico (<18)
ICB_03380_004,ICB_136,normal_lung,AKG C417L Microphone,5.0,0,0,0,0.61111385,0.1793983,0,0,pediátrico (<18)
ICB_03380_005,ICB_136,normal_lung,AKG C417L Microphone,5.0,0,0,0,0.8319098,0.22411194,1,0,pediátrico (<18)
ICB_03380_006,ICB_136,normal_lung,AKG C417L Microphone,5.0,0,0,0,0.445996,0.21960622,0,0,pediátrico (<18)
ICB_03380_007,ICB_136,normal_lung,AKG C417L Microphone,5.0,0,0,0,0.5793646,0.2352921,0,0,pediátrico (<18)
ICB_03380_008,ICB_136,normal_lung,AKG C417L Microphone,5.0,0,0,0,0.57946014,0.15854931,0,0,pediátrico (<18)
ICB_03381_000,ICB_137,respiratory_infection,3M Littmann Classic II SE,4.0,0,0,0,0.78138626,0.38451722,1,0,pediátrico (<18)
ICB_03381_001,ICB_137,respiratory_infection,3M Littmann Classic II SE,4.0,0,0,0,0.57182354,0.0827051,0,0,pediátrico (<18)
ICB_03381_002,ICB_137,respiratory_infection,3M Littmann Classic II SE,4.0,0,0,0,0.3644313,0.04077655,0,0,pediátrico (<18)
ICB_03381_003,ICB_137,respiratory_infection,3M Littmann Classic II SE,4.0,0,0,0,0.67242813,0.106002726,1,0,pediátrico (<18)
ICB_03381_004,ICB_137,respiratory_infection,3M Littmann Classic II SE,4.0,0,0,0,0.6233731,0.28427842,0,0,pediátrico (<18)
ICB_03381_005,ICB_137,respiratory_infection,3M Littmann Classic II SE,4.0,0,0,0,0.6382285,0.7765872,0,0,pediátrico (<18)
ICB_03381_006,ICB_137,respiratory_infection,3M Littmann Classic II SE,4.0,0,0,0,0.6878633,0.4060585,1,0,pediátrico (<18)
ICB_03381_007,ICB_137,respiratory_infection,3M Littmann Classic II SE,4.0,0,0,0,0.46785206,0.11285278,0,0,pediátrico (<18)
ICB_03382_000,ICB_137,respiratory_infection,3M Littmann Classic II SE,4.0,0,0,0,0.7108686,0.445092,1,0,pediátrico (<18)
ICB_03382_001,ICB_137,respiratory_infection,3M Littmann Classic II SE,4.0,0,0,0,0.7779228,0.5592131,1,0,pediátrico (<18)
ICB_03382_002,ICB_137,respiratory_infection,3M Littmann Classic II SE,4.0,0,0,0,0.7454813,0.5550786,1,0,pediátrico (<18)
ICB_03382_003,ICB_137,respiratory_infection,3M Littmann Classic II SE,4.0,0,0,0,0.6202311,0.36511266,0,0,pediátrico (<18)
ICB_03382_004,ICB_137,respiratory_infection,3M Littmann Classic II SE,4.0,0,0,0,0.7871605,0.20094107,1,0,pediátrico (<18)
ICB_03382_005,ICB_137,respiratory_infection,3M Littmann Classic II SE,4.0,0,0,0,0.64741343,0.28104678,0,0,pediátrico (<18)
ICB_03382_006,ICB_137,respiratory_infection,3M Littmann Classic II SE,4.0,0,0,0,0.5155151,0.34634164,0,0,pediátrico (<18)
ICB_03382_007,ICB_137,respiratory_infection,3M Littmann Classic II SE,4.0,0,0,0,0.6529286,0.23354194,1,0,pediátrico (<18)
ICB_03382_008,ICB_137,respiratory_infection,3M Littmann Classic II SE,4.0,0,0,0,0.7581043,0.22119546,1,0,pediátrico (<18)
ICB_03410_000,ICB_139,copd,3M Littmann 3200 Electronic,61.0,0,0,0,0.16773242,0.6162027,0,0,adulto
ICB_03410_001,ICB_139,copd,3M Littmann 3200 Electronic,61.0,0,0,0,0.04183601,0.6000953,0,0,adulto
ICB_03410_002,ICB_139,copd,3M Littmann 3200 Electronic,61.0,0,0,0,0.10833862,0.6268397,0,0,adulto
ICB_03410_003,ICB_139,copd,3M Littmann 3200 Electronic,61.0,0,0,0,0.1006964,0.6448854,0,0,adulto
ICB_03410_004,ICB_139,copd,3M Littmann 3200 Electronic,61.0,0,0,0,0.073065996,0.6150606,0,0,adulto
ICB_03410_005,ICB_139,copd,3M Littmann 3200 Electronic,61.0,0,0,0,0.058150083,0.5772059,0,0,adulto
ICB_03410_006,ICB_139,copd,3M Littmann 3200 Electronic,61.0,0,0,0,0.19523233,0.5502865,0,0,adulto
ICB_03410_007,ICB_139,copd,3M Littmann 3200 Electronic,61.0,0,0,0,0.076178506,0.48798236,0,0,adulto
ICB_03410_008,ICB_139,copd,3M Littmann 3200 Electronic,61.0,0,0,0,0.14775385,0.38169882,0,0,adulto
ICB_03410_009,ICB_139,copd,3M Littmann 3200 Electronic,61.0,0,0,0,0.12230115,0.9241883,2,0,adulto
ICB_03411_000,ICB_139,copd,3M Littmann 3200 Electronic,61.0,0,0,0,0.3374263,0.59730613,0,0,adulto
ICB_03411_001,ICB_139,copd,3M Littmann 3200 Electronic,61.0,0,0,0,0.1242938,0.802293,2,0,adulto
ICB_03411_002,ICB_139,copd,3M Littmann 3200 Electronic,61.0,0,0,0,0.15517025,0.38465238,0,0,adulto
ICB_03411_003,ICB_139,copd,3M Littmann 3200 Electronic,61.0,0,0,0,0.047249153,0.6769996,0,0,adulto
ICB_03411_004,ICB_139,copd,3M Littmann 3200 Electronic,61.0,0,0,0,0.080184445,0.49520755,0,0,adulto
ICB_03411_005,ICB_139,copd,3M Littmann 3200 Electronic,61.0,0,0,0,0.1479323,0.35455516,0,0,adulto
ICB_03411_006,ICB_139,copd,3M Littmann 3200 Electronic,61.0,0,0,0,0.094532914,0.63055,0,0,adulto
ICB_03411_007,ICB_139,copd,3M Littmann 3200 Electronic,61.0,0,0,0,0.25400868,0.30978248,0,0,adulto
ICB_03411_008,ICB_139,copd,3M Littmann 3200 Electronic,61.0,0,0,0,0.2707015,0.7577208,0,0,adulto
ICB_03412_000,ICB_139,copd,3M Littmann 3200 Electronic,61.0,1,1,0,0.29187095,0.8288842,2,3,adulto
ICB_03412_001,ICB_139,copd,3M Littmann 3200 Electronic,61.0,0,0,0,0.37979707,0.59846216,0,0,adulto
ICB_03412_002,ICB_139,copd,3M Littmann 3200 Electronic,61.0,0,0,0,0.2167199,0.38120043,0,0,adulto
ICB_03412_003,ICB_139,copd,3M Littmann 3200 Electronic,61.0,0,0,0,0.092865095,0.5787326,0,0,adulto
ICB_03412_004,ICB_139,copd,3M Littmann 3200 Electronic,61.0,0,0,0,0.35968393,0.5222841,0,0,adulto
ICB_03412_005,ICB_139,copd,3M Littmann 3200 Electronic,61.0,0,0,0,0.15834796,0.60544866,0,0,adulto
ICB_03412_006,ICB_139,copd,3M Littmann 3200 Electronic,61.0,0,0,0,0.14413609,0.39172363,0,0,adulto
ICB_03412_007,ICB_139,copd,3M Littmann 3200 Electronic,61.0,0,0,0,0.11664235,0.52735734,0,0,adulto
ICB_03413_000,ICB_139,copd,3M Littmann 3200 Electronic,61.0,0,0,0,0.11901403,0.70596486,0,0,adulto
ICB_03413_001,ICB_139,copd,3M Littmann 3200 Electronic,61.0,1,0,0,0.10086535,0.5763807,0,1,adulto
ICB_03413_002,ICB_139,copd,3M Littmann 3200 Electronic,61.0,1,0,0,0.15446891,0.4906437,0,1,adulto
ICB_03413_003,ICB_139,copd,3M Littmann 3200 Electronic,61.0,1,0,0,0.3261463,0.6441718,0,1,adulto
ICB_03413_004,ICB_139,copd,3M Littmann 3200 Electronic,61.0,0,0,0,0.09764396,0.5714603,0,0,adulto
ICB_03413_005,ICB_139,copd,3M Littmann 3200 Electronic,61.0,0,0,0,0.06256667,0.5995276,0,0,adulto
ICB_03414_000,ICB_139,copd,3M Littmann 3200 Electronic,61.0,0,1,0,0.16706423,0.86309016,2,2,adulto
ICB_03414_001,ICB_139,copd,3M Littmann 3200 Electronic,61.0,0,1,0,0.20745555,0.38378733,0,2,adulto
ICB_03414_002,ICB_139,copd,3M Littmann 3200 Electronic,61.0,0,1,0,0.18822955,0.6214735,0,2,adulto
ICB_03414_003,ICB_139,copd,3M Littmann 3200 Electronic,61.0,0,0,0,0.2788464,0.6733007,0,0,adulto
ICB_03414_004,ICB_139,copd,3M Littmann 3200 Electronic,61.0,0,0,0,0.12329885,0.7470807,0,0,adulto
ICB_03414_005,ICB_139,copd,3M Littmann 3200 Electronic,61.0,0,0,0,0.26365277,0.41864178,0,0,adulto
ICB_03415_000,ICB_139,copd,3M Littmann 3200 Electronic,61.0,0,0,0,0.17092785,0.92726403,2,0,adulto
ICB_03415_001,ICB_139,copd,3M Littmann 3200 Electronic,61.0,0,0,0,0.1900611,0.81545347,2,0,adulto
ICB_03415_002,ICB_139,copd,3M Littmann 3200 Electronic,61.0,0,1,0,0.14844398,0.83618057,2,2,adulto
ICB_03415_003,ICB_139,copd,3M Littmann 3200 Electronic,61.0,0,1,0,0.13499457,0.87517864,2,2,adulto
ICB_03415_004,ICB_139,copd,3M Littmann 3200 Electronic,61.0,0,1,0,0.120240554,0.7987849,0,2,adulto
ICB_03415_005,ICB_139,copd,3M Littmann 3200 Electronic,61.0,0,1,0,0.09844833,0.6935111,0,2,adulto
ICB_03415_006,ICB_139,copd,3M Littmann 3200 Electronic,61.0,0,0,0,0.09367355,0.28515017,0,0,adulto
ICB_03430_000,ICB_144,normal_lung,AKG C417L Microphone,3.0,0,0,0,0.25610653,0.06795072,0,0,pediátrico (<18)
ICB_03430_001,ICB_144,normal_lung,AKG C417L Microphone,3.0,0,0,0,0.28783953,0.23681027,0,0,pediátrico (<18)
ICB_03430_002,ICB_144,normal_lung,AKG C417L Microphone,3.0,0,0,0,0.23586759,0.19339593,0,0,pediátrico (<18)
ICB_03430_003,ICB_144,normal_lung,AKG C417L Microphone,3.0,0,0,0,0.43819445,0.22293782,0,0,pediátrico (<18)
ICB_03430_004,ICB_144,normal_lung,AKG C417L Microphone,3.0,0,0,0,0.4259769,0.41461205,0,0,pediátrico (<18)
ICB_03430_005,ICB_144,normal_lung,AKG C417L Microphone,3.0,0,0,0,0.46609622,0.39623398,0,0,pediátrico (<18)
ICB_03430_006,ICB_144,normal_lung,AKG C417L Microphone,3.0,0,0,0,0.41991103,0.35423297,0,0,pediátrico (<18)
ICB_03430_007,ICB_144,normal_lung,AKG C417L Microphone,3.0,0,0,0,0.507768,0.22821485,0,0,pediátrico (<18)
ICB_03430_008,ICB_144,normal_lung,AKG C417L Microphone,3.0,0,0,0,0.23345235,0.13969943,0,0,pediátrico (<18)
ICB_03430_009,ICB_144,normal_lung,AKG C417L Microphone,3.0,0,0,0,0.52318585,0.6153858,0,0,pediátrico (<18)
ICB_03431_000,ICB_144,normal_lung,AKG C417L Microphone,3.0,0,0,0,7.634096e-05,2.6423706e-05,0,0,pediátrico (<18)
ICB_03431_001,ICB_144,normal_lung,AKG C417L Microphone,3.0,0,0,0,0.17934111,0.28817514,0,0,pediátrico (<18)
ICB_03431_002,ICB_144,normal_lung,AKG C417L Microphone,3.0,0,0,0,0.28800544,0.10460583,0,0,pediátrico (<18)
ICB_03431_003,ICB_144,normal_lung,AKG C417L Microphone,3.0,0,0,0,0.43720716,0.12595245,0,0,pediátrico (<18)
ICB_03431_004,ICB_144,normal_lung,AKG C417L Microphone,3.0,0,0,0,0.49658906,0.27104583,0,0,pediátrico (<18)
ICB_03431_005,ICB_144,normal_lung,AKG C417L Microphone,3.0,0,0,0,0.44796237,0.37396893,0,0,pediátrico (<18)
ICB_03431_006,ICB_144,normal_lung,AKG C417L Microphone,3.0,0,0,0,0.38723063,0.34119928,0,0,pediátrico (<18)
ICB_03431_007,ICB_144,normal_lung,AKG C417L Microphone,3.0,0,0,0,0.59666866,0.3457017,0,0,pediátrico (<18)
ICB_03431_008,ICB_144,normal_lung,AKG C417L Microphone,3.0,0,0,0,0.27376515,0.302758,0,0,pediátrico (<18)
ICB_03431_009,ICB_144,normal_lung,AKG C417L Microphone,3.0,0,0,0,0.2893136,0.14472756,0,0,pediátrico (<18)
ICB_03432_000,ICB_145,copd,AKG C417L Microphone,69.0,0,0,0,0.7296821,0.47097123,1,0,adulto
ICB_03432_001,ICB_145,copd,AKG C417L Microphone,69.0,0,0,0,0.65043783,0.56390214,1,0,adulto
ICB_03432_002,ICB_145,copd,AKG C417L Microphone,69.0,0,0,0,0.6999172,0.44708145,1,0,adulto
ICB_03432_003,ICB_145,copd,AKG C417L Microphone,69.0,0,0,0,0.8464308,0.53310597,1,0,adulto
ICB_03432_004,ICB_145,copd,AKG C417L Microphone,69.0,0,0,0,0.5975977,0.50744635,0,0,adulto
ICB_03433_000,ICB_145,copd,AKG C417L Microphone,69.0,1,0,0,0.6757636,0.7129967,1,1,adulto
ICB_03433_001,ICB_145,copd,AKG C417L Microphone,69.0,0,0,0,0.7625425,0.5229191,1,0,adulto
ICB_03433_002,ICB_145,copd,AKG C417L Microphone,69.0,1,0,0,0.75544095,0.51730084,1,1,adulto
ICB_03433_003,ICB_145,copd,AKG C417L Microphone,69.0,1,0,0,0.719889,0.2742046,1,1,adulto
ICB_03433_004,ICB_145,copd,AKG C417L Microphone,69.0,0,0,0,0.64288735,0.5081466,0,0,adulto
ICB_03434_000,ICB_145,copd,AKG C417L Microphone,69.0,0,0,0,0.6647815,0.5285995,1,0,adulto
ICB_03434_001,ICB_145,copd,AKG C417L Microphone,69.0,0,0,0,0.5979568,0.5956299,0,0,adulto
ICB_03434_002,ICB_145,copd,AKG C417L Microphone,69.0,0,0,0,0.46621582,0.50965595,0,0,adulto
ICB_03434_003,ICB_145,copd,AKG C417L Microphone,69.0,0,0,0,0.78810984,0.50037867,1,0,adulto
ICB_03434_004,ICB_145,copd,AKG C417L Microphone,69.0,0,0,0,0.5160798,0.4029333,0,0,adulto
ICB_03435_000,ICB_145,copd,AKG C417L Microphone,69.0,0,0,0,0.7748945,0.4126551,1,0,adulto
ICB_03435_001,ICB_145,copd,AKG C417L Microphone,69.0,0,0,0,0.77405864,0.50129366,1,0,adulto
ICB_03435_002,ICB_145,copd,AKG C417L Microphone,69.0,0,0,0,0.67781043,0.35217917,1,0,adulto
ICB_03435_003,ICB_145,copd,AKG C417L Microphone,69.0,0,0,0,0.79211545,0.64165276,1,0,adulto
ICB_03435_004,ICB_145,copd,AKG C417L Microphone,69.0,0,0,0,0.7450951,0.33510688,1,0,adulto
ICB_03436_000,ICB_145,copd,AKG C417L Microphone,69.0,0,0,0,0.7866002,0.430157,1,0,adulto
ICB_03436_001,ICB_145,copd,AKG C417L Microphone,69.0,0,0,0,0.74646455,0.46742055,1,0,adulto
ICB_03436_002,ICB_145,copd,AKG C417L Microphone,69.0,0,0,0,0.8134657,0.2539971,1,0,adulto
ICB_03436_003,ICB_145,copd,AKG C417L Microphone,69.0,0,0,0,0.7788057,0.4374554,1,0,adulto
ICB_03436_004,ICB_145,copd,AKG C417L Microphone,69.0,0,0,0,0.7296665,0.40480036,1,0,adulto
ICB_03436_005,ICB_145,copd,AKG C417L Microphone,69.0,0,0,0,0.7589091,0.61950475,1,0,adulto
ICB_03437_000,ICB_145,copd,AKG C417L Microphone,69.0,1,0,0,0.59796375,0.598418,0,1,adulto
ICB_03437_001,ICB_145,copd,AKG C417L Microphone,69.0,1,0,0,0.61001915,0.2548219,0,1,adulto
ICB_03437_002,ICB_145,copd,AKG C417L Microphone,69.0,1,0,0,0.71340233,0.3053544,1,1,adulto
ICB_03437_003,ICB_145,copd,AKG C417L Microphone,69.0,1,0,0,0.6760941,0.24167997,1,1,adulto
ICB_03437_004,ICB_145,copd,AKG C417L Microphone,69.0,1,0,0,0.5558684,0.30564556,0,1,adulto
ICB_03437_005,ICB_145,copd,AKG C417L Microphone,69.0,1,0,0,0.4331684,0.22493078,0,1,adulto
ICB_03438_000,ICB_145,copd,AKG C417L Microphone,69.0,0,0,0,0.7742777,0.46144223,1,0,adulto
ICB_03438_001,ICB_145,copd,AKG C417L Microphone,69.0,0,0,0,0.76320505,0.6304248,1,0,adulto
ICB_03438_002,ICB_145,copd,AKG C417L Microphone,69.0,0,0,0,0.7951085,0.45921594,1,0,adulto
ICB_03438_003,ICB_145,copd,AKG C417L Microphone,69.0,0,0,0,0.848807,0.4066537,1,0,adulto
ICB_03438_004,ICB_145,copd,AKG C417L Microphone,69.0,0,0,0,0.76409066,0.47290632,1,0,adulto
ICB_03439_000,ICB_146,copd,AKG C417L Microphone,67.0,0,0,0,0.69794405,0.47383916,1,0,adulto
ICB_03439_001,ICB_146,copd,AKG C417L Microphone,67.0,0,0,0,0.7659223,0.2238261,1,0,adulto
ICB_03439_002,ICB_146,copd,AKG C417L Microphone,67.0,1,1,0,0.6280644,0.39233217,0,3,adulto
ICB_03439_003,ICB_146,copd,AKG C417L Microphone,67.0,1,1,0,0.69306445,0.44941613,1,3,adulto
ICB_03439_004,ICB_146,copd,AKG C417L Microphone,67.0,1,1,0,0.68112284,0.78883195,1,3,adulto
ICB_03440_000,ICB_146,copd,AKG C417L Microphone,67.0,0,0,0,0.6968333,0.4146354,1,0,adulto
ICB_03440_001,ICB_146,copd,AKG C417L Microphone,67.0,0,0,0,0.7038881,0.3118892,1,0,adulto
ICB_03440_002,ICB_146,copd,AKG C417L Microphone,67.0,0,0,0,0.7142071,0.4562233,1,0,adulto
ICB_03440_003,ICB_146,copd,AKG C417L Microphone,67.0,0,0,0,0.6526644,0.34692025,1,0,adulto
ICB_03440_004,ICB_146,copd,AKG C417L Microphone,67.0,0,0,0,0.74034,0.6217872,1,0,adulto
ICB_03440_005,ICB_146,copd,AKG C417L Microphone,67.0,0,0,0,0.6646282,0.3583876,1,0,adulto
ICB_03441_000,ICB_146,copd,AKG C417L Microphone,67.0,0,0,0,0.6547792,0.39428496,1,0,adulto
ICB_03441_001,ICB_146,copd,AKG C417L Microphone,67.0,0,0,0,0.6434069,0.38848847,0,0,adulto
ICB_03441_002,ICB_146,copd,AKG C417L Microphone,67.0,0,0,0,0.73295784,0.2961265,1,0,adulto
ICB_03441_003,ICB_146,copd,AKG C417L Microphone,67.0,0,0,0,0.75692844,0.16451329,1,0,adulto
ICB_03441_004,ICB_146,copd,AKG C417L Microphone,67.0,0,0,0,0.68704236,0.5978155,1,0,adulto
ICB_03441_005,ICB_146,copd,AKG C417L Microphone,67.0,0,0,0,0.5742674,0.47669154,0,0,adulto
ICB_03442_000,ICB_146,copd,AKG C417L Microphone,67.0,0,0,0,0.7175689,0.44732776,1,0,adulto
ICB_03442_001,ICB_146,copd,AKG C417L Microphone,67.0,0,0,0,0.44053802,0.41601038,0,0,adulto
ICB_03442_002,ICB_146,copd,AKG C417L Microphone,67.0,0,0,0,0.7807955,0.7130551,1,0,adulto
ICB_03442_003,ICB_146,copd,AKG C417L Microphone,67.0,0,0,0,0.5797158,0.6285135,0,0,adulto
ICB_03442_004,ICB_146,copd,AKG C417L Microphone,67.0,0,0,0,0.80936104,0.7738311,1,0,adulto
ICB_03442_005,ICB_146,copd,AKG C417L Microphone,67.0,0,0,0,0.7182554,0.4490203,1,0,adulto
ICB_03443_000,ICB_146,copd,AKG C417L Microphone,67.0,0,0,0,0.68770134,0.3833379,1,0,adulto
ICB_03443_001,ICB_146,copd,AKG C417L Microphone,67.0,0,0,0,0.67382693,0.39850014,1,0,adulto
ICB_03443_002,ICB_146,copd,AKG C417L Microphone,67.0,0,0,0,0.56652385,0.43816155,0,0,adulto
ICB_03443_003,ICB_146,copd,AKG C417L Microphone,67.0,0,0,0,0.7361689,0.43019474,1,0,adulto
ICB_03443_004,ICB_146,copd,AKG C417L Microphone,67.0,0,0,0,0.47931436,0.36752033,0,0,adulto
ICB_03443_005,ICB_146,copd,AKG C417L Microphone,67.0,0,0,0,0.5348226,0.38713598,0,0,adulto
ICB_03444_000,ICB_146,copd,AKG C417L Microphone,67.0,0,0,0,0.7904499,0.28070512,1,0,adulto
ICB_03444_001,ICB_146,copd,AKG C417L Microphone,67.0,0,0,0,0.69935256,0.45598796,1,0,adulto
ICB_03444_002,ICB_146,copd,AKG C417L Microphone,67.0,0,0,0,0.8042688,0.1984838,1,0,adulto
ICB_03444_003,ICB_146,copd,AKG C417L Microphone,67.0,0,0,0,0.67989033,0.3375278,1,0,adulto
ICB_03444_004,ICB_146,copd,AKG C417L Microphone,67.0,0,0,0,0.7519221,0.23424153,1,0,adulto
ICB_03444_005,ICB_146,copd,AKG C417L Microphone,67.0,0,0,0,0.6814799,0.25787568,1,0,adulto
ICB_03445_000,ICB_146,copd,AKG C417L Microphone,67.0,0,0,0,0.49169892,0.28349602,0,0,adulto
ICB_03445_001,ICB_146,copd,AKG C417L Microphone,67.0,0,0,0,0.47356403,0.7355021,0,0,adulto
ICB_03445_002,ICB_146,copd,AKG C417L Microphone,67.0,0,0,0,0.5158233,0.7121746,0,0,adulto
ICB_03445_003,ICB_146,copd,AKG C417L Microphone,67.0,0,0,0,0.36195314,0.7200143,0,0,adulto
ICB_03445_004,ICB_146,copd,AKG C417L Microphone,67.0,0,0,0,0.51662,0.6032235,0,0,adulto
ICB_03445_005,ICB_146,copd,AKG C417L Microphone,67.0,0,0,0,0.6636064,0.5116851,1,0,adulto
ICB_03445_006,ICB_146,copd,AKG C417L Microphone,67.0,0,0,0,0.63219744,0.72274953,0,0,adulto
ICB_03445_007,ICB_146,copd,AKG C417L Microphone,67.0,0,0,0,0.46183,0.68343955,0,0,adulto
ICB_03445_008,ICB_146,copd,AKG C417L Microphone,67.0,0,0,0,0.40586898,0.5580865,0,0,adulto
ICB_03446_000,ICB_146,copd,AKG C417L Microphone,67.0,0,0,0,0.71805084,0.39231917,1,0,adulto
ICB_03446_001,ICB_146,copd,AKG C417L Microphone,67.0,1,0,0,0.63659984,0.49890816,0,1,adulto
ICB_03446_002,ICB_146,copd,AKG C417L Microphone,67.0,1,0,0,0.62307674,0.56633836,0,1,adulto
ICB_03446_003,ICB_146,copd,AKG C417L Microphone,67.0,1,0,0,0.5131082,0.6575316,0,1,adulto
ICB_03446_004,ICB_146,copd,AKG C417L Microphone,67.0,1,0,0,0.6995939,0.23846966,1,1,adulto
ICB_03446_005,ICB_146,copd,AKG C417L Microphone,67.0,1,0,0,0.5613184,0.5540461,0,1,adulto
ICB_03446_006,ICB_146,copd,AKG C417L Microphone,67.0,1,0,0,0.5483078,0.14189991,0,1,adulto
ICB_03446_007,ICB_146,copd,AKG C417L Microphone,67.0,0,0,0,0.6130505,0.6063771,0,0,adulto
ICB_03446_008,ICB_146,copd,AKG C417L Microphone,67.0,0,0,0,0.5899728,0.29481357,0,0,adulto
ICB_03447_000,ICB_146,copd,AKG C417L Microphone,67.0,0,0,0,0.57278895,0.5229737,0,0,adulto
ICB_03447_001,ICB_146,copd,AKG C417L Microphone,67.0,0,1,0,0.7259337,0.35359916,1,2,adulto
ICB_03447_002,ICB_146,copd,AKG C417L Microphone,67.0,0,1,0,0.8266343,0.8467903,3,2,adulto
ICB_03447_003,ICB_146,copd,AKG C417L Microphone,67.0,0,1,0,0.6559637,0.47619638,1,2,adulto
ICB_03447_004,ICB_146,copd,AKG C417L Microphone,67.0,0,1,0,0.8361862,0.5281512,1,2,adulto
ICB_03447_005,ICB_146,copd,AKG C417L Microphone,67.0,0,1,0,0.7520324,0.5417226,1,2,adulto
ICB_03447_006,ICB_146,copd,AKG C417L Microphone,67.0,0,1,0,0.3922078,0.445683,0,2,adulto
ICB_03447_007,ICB_146,copd,AKG C417L Microphone,67.0,0,1,0,0.7870127,0.4154649,1,2,adulto
ICB_03447_008,ICB_146,copd,AKG C417L Microphone,67.0,0,1,0,0.33299434,0.43954763,0,2,adulto
ICB_03448_000,ICB_146,copd,AKG C417L Microphone,67.0,0,0,0,0.23494379,0.5796738,0,0,adulto
ICB_03448_001,ICB_146,copd,AKG C417L Microphone,67.0,0,0,0,0.7577907,0.534627,1,0,adulto
ICB_03448_002,ICB_146,copd,AKG C417L Microphone,67.0,0,0,0,0.6594725,0.9886246,3,0,adulto
ICB_03448_003,ICB_146,copd,AKG C417L Microphone,67.0,0,0,0,0.6760551,0.6930522,1,0,adulto
ICB_03448_004,ICB_146,copd,AKG C417L Microphone,67.0,0,0,0,0.57939065,0.7113898,0,0,adulto
ICB_03448_005,ICB_146,copd,AKG C417L Microphone,67.0,0,0,0,0.6208173,0.85493183,2,0,adulto
ICB_03448_006,ICB_146,copd,AKG C417L Microphone,67.0,0,0,0,0.6038982,0.70719725,0,0,adulto
ICB_03448_007,ICB_146,copd,AKG C417L Microphone,67.0,0,0,0,0.6338326,0.3766873,0,0,adulto
ICB_03448_008,ICB_146,copd,AKG C417L Microphone,67.0,0,0,0,0.25919634,0.50242454,0,0,adulto
ICB_03449_000,ICB_146,copd,AKG C417L Microphone,67.0,0,0,0,0.70593536,0.5677723,1,0,adulto
ICB_03449_001,ICB_146,copd,AKG C417L Microphone,67.0,0,0,0,0.8052253,0.14742549,1,0,adulto
ICB_03449_002,ICB_146,copd,AKG C417L Microphone,67.0,0,0,0,0.67066455,0.14974166,1,0,adulto
ICB_03449_003,ICB_146,copd,AKG C417L Microphone,67.0,0,0,0,0.6377854,0.29900002,0,0,adulto
ICB_03449_004,ICB_146,copd,AKG C417L Microphone,67.0,0,0,0,0.7259016,0.44473356,1,0,adulto
ICB_03449_005,ICB_146,copd,AKG C417L Microphone,67.0,0,0,0,0.64905345,0.43677562,0,0,adulto
ICB_03449_006,ICB_146,copd,AKG C417L Microphone,67.0,0,0,0,0.71648324,0.20573558,1,0,adulto
ICB_03449_007,ICB_146,copd,AKG C417L Microphone,67.0,0,0,0,0.68288577,0.29967895,1,0,adulto
ICB_03449_008,ICB_146,copd,AKG C417L Microphone,67.0,0,0,0,0.5519236,0.52942896,0,0,adulto
ICB_03648_000,ICB_168,bronchiectasis,3M Littmann Classic II SE,19.0,0,0,0,0.5751176,0.52380514,0,0,adulto
ICB_03648_001,ICB_168,bronchiectasis,3M Littmann Classic II SE,19.0,0,0,0,0.70933795,0.32255933,1,0,adulto
ICB_03648_002,ICB_168,bronchiectasis,3M Littmann Classic II SE,19.0,0,0,0,0.60158926,0.34422028,0,0,adulto
ICB_03648_003,ICB_168,bronchiectasis,3M Littmann Classic II SE,19.0,0,0,0,0.77972966,0.3277806,1,0,adulto
ICB_03648_004,ICB_168,bronchiectasis,3M Littmann Classic II SE,19.0,0,0,0,0.6310958,0.43164337,0,0,adulto
ICB_03648_005,ICB_168,bronchiectasis,3M Littmann Classic II SE,19.0,0,0,0,0.7423466,0.22113883,1,0,adulto
ICB_03648_006,ICB_168,bronchiectasis,3M Littmann Classic II SE,19.0,0,0,0,0.74024,0.21872109,1,0,adulto
ICB_03651_000,ICB_170,copd,AKG C417L Microphone,79.0,0,0,0,0.74328494,0.28379735,1,0,adulto
ICB_03651_001,ICB_170,copd,AKG C417L Microphone,79.0,0,0,0,0.71291715,0.39138943,1,0,adulto
ICB_03651_002,ICB_170,copd,AKG C417L Microphone,79.0,0,0,0,0.7401595,0.3071527,1,0,adulto
ICB_03651_003,ICB_170,copd,AKG C417L Microphone,79.0,0,0,0,0.6922197,0.15096094,1,0,adulto
ICB_03651_004,ICB_170,copd,AKG C417L Microphone,79.0,0,0,0,0.64402366,0.27327308,0,0,adulto
ICB_03652_000,ICB_170,copd,AKG C417L Microphone,79.0,0,0,0,0.49023992,0.4045607,0,0,adulto
ICB_03652_001,ICB_170,copd,AKG C417L Microphone,79.0,0,0,0,0.57784015,0.4221736,0,0,adulto
ICB_03652_002,ICB_170,copd,AKG C417L Microphone,79.0,0,0,0,0.576683,0.20454197,0,0,adulto
ICB_03652_003,ICB_170,copd,AKG C417L Microphone,79.0,0,0,0,0.54651207,0.5824658,0,0,adulto
ICB_03652_004,ICB_170,copd,AKG C417L Microphone,79.0,0,0,0,0.60357976,0.3156448,0,0,adulto
ICB_03653_000,ICB_170,copd,AKG C417L Microphone,79.0,0,0,0,0.559851,0.34693864,0,0,adulto
ICB_03653_001,ICB_170,copd,AKG C417L Microphone,79.0,0,0,0,0.61071384,0.29458407,0,0,adulto
ICB_03653_002,ICB_170,copd,AKG C417L Microphone,79.0,0,0,0,0.5497216,0.33371106,0,0,adulto
ICB_03653_003,ICB_170,copd,AKG C417L Microphone,79.0,0,0,0,0.61633694,0.36957195,0,0,adulto
ICB_03653_004,ICB_170,copd,AKG C417L Microphone,79.0,0,0,0,0.56705534,0.31383893,0,0,adulto
ICB_03654_000,ICB_170,copd,AKG C417L Microphone,79.0,1,0,0,0.6471159,0.43366447,0,1,adulto
ICB_03654_001,ICB_170,copd,AKG C417L Microphone,79.0,1,0,0,0.5908093,0.33079904,0,1,adulto
ICB_03654_002,ICB_170,copd,AKG C417L Microphone,79.0,1,0,0,0.4285357,0.6926243,0,1,adulto
ICB_03654_003,ICB_170,copd,AKG C417L Microphone,79.0,1,0,0,0.61026424,0.5632635,0,1,adulto
ICB_03654_004,ICB_170,copd,AKG C417L Microphone,79.0,0,0,0,0.51946485,0.3236585,0,0,adulto
ICB_03655_000,ICB_170,copd,AKG C417L Microphone,79.0,0,0,0,0.38361576,0.43857262,0,0,adulto
ICB_03655_001,ICB_170,copd,AKG C417L Microphone,79.0,0,0,0,0.4719786,0.41240686,0,0,adulto
ICB_03655_002,ICB_170,copd,AKG C417L Microphone,79.0,0,0,0,0.5300783,0.32789183,0,0,adulto
ICB_03655_003,ICB_170,copd,AKG C417L Microphone,79.0,0,0,0,0.42239937,0.46093786,0,0,adulto
ICB_03655_004,ICB_170,copd,AKG C417L Microphone,79.0,0,0,0,0.17683998,0.23312765,0,0,adulto
ICB_03656_000,ICB_170,copd,AKG C417L Microphone,79.0,0,0,0,0.40556294,0.4042596,0,0,adulto
ICB_03656_001,ICB_170,copd,AKG C417L Microphone,79.0,0,0,0,0.46178412,0.23658112,0,0,adulto
ICB_03656_002,ICB_170,copd,AKG C417L Microphone,79.0,0,0,0,0.4681607,0.40439373,0,0,adulto
ICB_03656_003,ICB_170,copd,AKG C417L Microphone,79.0,0,0,0,0.32113922,0.31024754,0,0,adulto
ICB_03656_004,ICB_170,copd,AKG C417L Microphone,79.0,0,0,0,0.6018617,0.117630325,0,0,adulto
ICB_03657_000,ICB_170,copd,AKG C417L Microphone,79.0,0,0,0,0.68477625,0.30842564,1,0,adulto
ICB_03657_001,ICB_170,copd,AKG C417L Microphone,79.0,0,0,0,0.6183807,0.39665997,0,0,adulto
ICB_03657_002,ICB_170,copd,AKG C417L Microphone,79.0,0,0,0,0.55327636,0.26087415,0,0,adulto
ICB_03657_003,ICB_170,copd,AKG C417L Microphone,79.0,0,0,0,0.619735,0.21281429,0,0,adulto
ICB_03657_004,ICB_170,copd,AKG C417L Microphone,79.0,0,0,0,0.71127963,0.21891436,1,0,adulto
ICB_03657_005,ICB_170,copd,AKG C417L Microphone,79.0,0,0,0,0.5998662,0.32432717,0,0,adulto
ICB_03658_000,ICB_170,copd,AKG C417L Microphone,79.0,0,0,0,0.71649724,0.65893203,1,0,adulto
ICB_03658_001,ICB_170,copd,AKG C417L Microphone,79.0,0,0,0,0.47602853,0.3140374,0,0,adulto
ICB_03658_002,ICB_170,copd,AKG C417L Microphone,79.0,0,0,0,0.57637227,0.40625814,0,0,adulto
ICB_03658_003,ICB_170,copd,AKG C417L Microphone,79.0,0,0,0,0.62896085,0.23133314,0,0,adulto
ICB_03658_004,ICB_170,copd,AKG C417L Microphone,79.0,0,0,0,0.41682252,0.2819558,0,0,adulto
ICB_03658_005,ICB_170,copd,AKG C417L Microphone,79.0,0,0,0,0.4515663,0.40296265,0,0,adulto
ICB_03659_000,ICB_170,copd,AKG C417L Microphone,79.0,0,0,0,0.71022147,0.46466288,1,0,adulto
ICB_03659_001,ICB_170,copd,AKG C417L Microphone,79.0,0,0,0,0.7617653,0.38448858,1,0,adulto
ICB_03659_002,ICB_170,copd,AKG C417L Microphone,79.0,0,0,0,0.7080633,0.4658345,1,0,adulto
ICB_03659_003,ICB_170,copd,AKG C417L Microphone,79.0,0,0,0,0.7219419,0.3657929,1,0,adulto
ICB_03659_004,ICB_170,copd,AKG C417L Microphone,79.0,0,0,0,0.6467476,0.4294756,0,0,adulto
ICB_03659_005,ICB_170,copd,AKG C417L Microphone,79.0,0,0,0,0.7597275,0.40783814,1,0,adulto
ICB_03660_000,ICB_170,copd,AKG C417L Microphone,79.0,0,0,0,0.588908,0.36922058,0,0,adulto
ICB_03660_001,ICB_170,copd,AKG C417L Microphone,79.0,0,0,0,0.50806075,0.30139866,0,0,adulto
ICB_03660_002,ICB_170,copd,AKG C417L Microphone,79.0,0,0,0,0.56703484,0.47593784,0,0,adulto
ICB_03660_003,ICB_170,copd,AKG C417L Microphone,79.0,1,0,0,0.61461186,0.40224972,0,1,adulto
ICB_03660_004,ICB_170,copd,AKG C417L Microphone,79.0,0,0,0,0.51756626,0.23576322,0,0,adulto
ICB_03660_005,ICB_170,copd,AKG C417L Microphone,79.0,0,0,0,0.58646625,0.29562303,0,0,adulto
ICB_03661_000,ICB_170,copd,AKG C417L Microphone,79.0,1,0,0,0.2746005,0.38718516,0,1,adulto
ICB_03661_001,ICB_170,copd,AKG C417L Microphone,79.0,1,0,0,0.4661532,0.34655595,0,1,adulto
ICB_03661_002,ICB_170,copd,AKG C417L Microphone,79.0,1,0,0,0.60374606,0.49578068,0,1,adulto
ICB_03661_003,ICB_170,copd,AKG C417L Microphone,79.0,1,0,0,0.4533615,0.3115586,0,1,adulto
ICB_03661_004,ICB_170,copd,AKG C417L Microphone,79.0,1,0,0,0.53279144,0.4856668,0,1,adulto
ICB_03661_005,ICB_170,copd,AKG C417L Microphone,79.0,1,0,0,0.6186003,0.44187787,0,1,adulto
ICB_03662_000,ICB_170,copd,AKG C417L Microphone,79.0,1,0,0,0.35111472,0.56135416,0,1,adulto
ICB_03662_001,ICB_170,copd,AKG C417L Microphone,79.0,0,0,0,0.6010231,0.4512595,0,0,adulto
ICB_03662_002,ICB_170,copd,AKG C417L Microphone,79.0,0,0,0,0.47897604,0.5983743,0,0,adulto
ICB_03662_003,ICB_170,copd,AKG C417L Microphone,79.0,0,0,0,0.5196587,0.43562457,0,0,adulto
ICB_03662_004,ICB_170,copd,AKG C417L Microphone,79.0,0,0,0,0.5003178,0.37120014,0,0,adulto
ICB_03662_005,ICB_170,copd,AKG C417L Microphone,79.0,0,0,0,0.56357086,0.6363324,0,0,adulto
ICB_03663_000,ICB_170,copd,AKG C417L Microphone,79.0,0,0,0,0.31690225,0.5530069,0,0,adulto
ICB_03663_001,ICB_170,copd,AKG C417L Microphone,79.0,0,0,0,0.21477734,0.29509398,0,0,adulto
ICB_03663_002,ICB_170,copd,AKG C417L Microphone,79.0,0,0,0,0.2552464,0.45690224,0,0,adulto
ICB_03663_003,ICB_170,copd,AKG C417L Microphone,79.0,0,0,0,0.41331965,0.312006,0,0,adulto
ICB_03663_004,ICB_170,copd,AKG C417L Microphone,79.0,0,0,0,0.28990346,0.15886743,0,0,adulto
ICB_03663_005,ICB_170,copd,AKG C417L Microphone,79.0,0,0,0,0.5809856,0.4870366,0,0,adulto
ICB_03664_000,ICB_170,copd,AKG C417L Microphone,79.0,0,0,0,0.544587,0.37249473,0,0,adulto
ICB_03664_001,ICB_170,copd,AKG C417L Microphone,79.0,0,0,0,0.693861,0.2359711,1,0,adulto
ICB_03664_002,ICB_170,copd,AKG C417L Microphone,79.0,0,0,0,0.55941516,0.5183674,0,0,adulto
ICB_03664_003,ICB_170,copd,AKG C417L Microphone,79.0,0,0,0,0.693682,0.3434585,1,0,adulto
ICB_03664_004,ICB_170,copd,AKG C417L Microphone,79.0,0,0,0,0.64709705,0.37420613,0,0,adulto
ICB_03664_005,ICB_170,copd,AKG C417L Microphone,79.0,0,0,0,0.584306,0.24453843,0,0,adulto
ICB_03665_000,ICB_170,copd,AKG C417L Microphone,79.0,1,0,0,0.4667924,0.3648081,0,1,adulto
ICB_03665_001,ICB_170,copd,AKG C417L Microphone,79.0,1,1,0,0.53536856,0.3080668,0,3,adulto
ICB_03665_002,ICB_170,copd,AKG C417L Microphone,79.0,1,1,0,0.5854483,0.3753152,0,3,adulto
ICB_03665_003,ICB_170,copd,AKG C417L Microphone,79.0,1,1,0,0.5194552,0.5380054,0,3,adulto
ICB_03665_004,ICB_170,copd,AKG C417L Microphone,79.0,0,1,0,0.5623816,0.3328344,0,2,adulto
ICB_03665_005,ICB_170,copd,AKG C417L Microphone,79.0,1,1,0,0.5270387,0.5282274,0,3,adulto
ICB_03666_000,ICB_170,copd,AKG C417L Microphone,79.0,0,0,0,0.32699308,0.19944718,0,0,adulto
ICB_03666_001,ICB_170,copd,AKG C417L Microphone,79.0,0,0,0,0.6938918,0.3033169,1,0,adulto
ICB_03666_002,ICB_170,copd,AKG C417L Microphone,79.0,0,0,0,0.464885,0.33294356,0,0,adulto
ICB_03666_003,ICB_170,copd,AKG C417L Microphone,79.0,0,0,0,0.63080674,0.44222993,0,0,adulto
ICB_03666_004,ICB_170,copd,AKG C417L Microphone,79.0,0,0,0,0.70429343,0.28894675,1,0,adulto
ICB_03666_005,ICB_170,copd,AKG C417L Microphone,79.0,0,0,0,0.69096893,0.41734597,1,0,adulto
ICB_03667_000,ICB_170,copd,AKG C417L Microphone,79.0,1,0,0,0.6384942,0.40630087,0,1,adulto
ICB_03667_001,ICB_170,copd,AKG C417L Microphone,79.0,1,0,0,0.46902385,0.31958383,0,1,adulto
ICB_03667_002,ICB_170,copd,AKG C417L Microphone,79.0,1,0,0,0.5219622,0.40748847,0,1,adulto
ICB_03667_003,ICB_170,copd,AKG C417L Microphone,79.0,1,0,0,0.5501562,0.41613892,0,1,adulto
ICB_03667_004,ICB_170,copd,AKG C417L Microphone,79.0,1,0,0,0.668959,0.3350505,1,1,adulto
ICB_03667_005,ICB_170,copd,AKG C417L Microphone,79.0,1,0,0,0.6227272,0.29687026,0,1,adulto
ICB_03668_000,ICB_170,copd,AKG C417L Microphone,79.0,0,0,0,0.43527842,0.35872102,0,0,adulto
ICB_03668_001,ICB_170,copd,AKG C417L Microphone,79.0,1,0,0,0.5759149,0.38200513,0,1,adulto
ICB_03668_002,ICB_170,copd,AKG C417L Microphone,79.0,0,0,0,0.46435502,0.50523597,0,0,adulto
ICB_03668_003,ICB_170,copd,AKG C417L Microphone,79.0,0,0,0,0.62261015,0.4414983,0,0,adulto
ICB_03668_004,ICB_170,copd,AKG C417L Microphone,79.0,1,0,0,0.5647405,0.63112295,0,1,adulto
ICB_03668_005,ICB_170,copd,AKG C417L Microphone,79.0,0,0,0,0.40391847,0.5694272,0,0,adulto
ICB_03669_000,ICB_170,copd,AKG C417L Microphone,79.0,0,0,0,0.27648127,0.3818568,0,0,adulto
ICB_03669_001,ICB_170,copd,AKG C417L Microphone,79.0,0,0,0,0.44114867,0.16380434,0,0,adulto
ICB_03669_002,ICB_170,copd,AKG C417L Microphone,79.0,0,0,0,0.3818518,0.17988655,0,0,adulto
ICB_03669_003,ICB_170,copd,AKG C417L Microphone,79.0,0,0,0,0.5264578,0.25229654,0,0,adulto
ICB_03669_004,ICB_170,copd,AKG C417L Microphone,79.0,0,0,0,0.34757647,0.25323555,0,0,adulto
ICB_03669_005,ICB_170,copd,AKG C417L Microphone,79.0,0,0,0,0.3018594,0.38397914,0,0,adulto
ICB_03670_000,ICB_170,copd,AKG C417L Microphone,79.0,0,0,0,0.5009591,0.32475162,0,0,adulto
ICB_03670_001,ICB_170,copd,AKG C417L Microphone,79.0,0,0,0,0.602629,0.48551613,0,0,adulto
ICB_03670_002,ICB_170,copd,AKG C417L Microphone,79.0,0,0,0,0.5655842,0.58325756,0,0,adulto
ICB_03670_003,ICB_170,copd,AKG C417L Microphone,79.0,0,0,0,0.59566903,0.6638977,0,0,adulto
ICB_03670_004,ICB_170,copd,AKG C417L Microphone,79.0,0,0,0,0.49583325,0.21881403,0,0,adulto
ICB_03670_005,ICB_170,copd,AKG C417L Microphone,79.0,0,0,0,0.55561835,0.36374643,0,0,adulto
ICB_03670_006,ICB_170,copd,AKG C417L Microphone,79.0,0,0,0,0.12690036,0.30419964,0,0,adulto
ICB_03671_000,ICB_170,copd,AKG C417L Microphone,79.0,0,0,0,0.5446133,0.2001343,0,0,adulto
ICB_03671_001,ICB_170,copd,AKG C417L Microphone,79.0,1,0,0,0.61453533,0.6026011,0,1,adulto
ICB_03671_002,ICB_170,copd,AKG C417L Microphone,79.0,1,0,0,0.50809216,0.3525024,0,1,adulto
ICB_03671_003,ICB_170,copd,AKG C417L Microphone,79.0,1,0,0,0.62838733,0.28736848,0,1,adulto
ICB_03671_004,ICB_170,copd,AKG C417L Microphone,79.0,0,0,0,0.573468,0.2899333,0,0,adulto
ICB_03671_005,ICB_170,copd,AKG C417L Microphone,79.0,0,0,0,0.43511724,0.29737628,0,0,adulto
ICB_03671_006,ICB_170,copd,AKG C417L Microphone,79.0,0,0,0,0.28136355,0.17194021,0,0,adulto
ICB_03672_000,ICB_170,copd,AKG C417L Microphone,79.0,0,0,0,0.4990725,0.17949179,0,0,adulto
ICB_03672_001,ICB_170,copd,AKG C417L Microphone,79.0,0,0,0,0.7190663,0.43817547,1,0,adulto
ICB_03672_002,ICB_170,copd,AKG C417L Microphone,79.0,0,0,0,0.73765695,0.48133835,1,0,adulto
ICB_03672_003,ICB_170,copd,AKG C417L Microphone,79.0,0,0,0,0.6348234,0.20218614,0,0,adulto
ICB_03672_004,ICB_170,copd,AKG C417L Microphone,79.0,0,0,0,0.6989074,0.1479008,1,0,adulto
ICB_03672_005,ICB_170,copd,AKG C417L Microphone,79.0,0,0,0,0.67877287,0.3744515,1,0,adulto
ICB_03672_006,ICB_170,copd,AKG C417L Microphone,79.0,0,0,0,0.4460934,0.34889272,0,0,adulto
ICB_03673_000,ICB_170,copd,AKG C417L Microphone,79.0,0,0,0,0.55357176,0.6124067,0,0,adulto
ICB_03673_001,ICB_170,copd,AKG C417L Microphone,79.0,0,0,0,0.6937878,0.28720728,1,0,adulto
ICB_03673_002,ICB_170,copd,AKG C417L Microphone,79.0,0,0,0,0.59774286,0.6711834,0,0,adulto
ICB_03673_003,ICB_170,copd,AKG C417L Microphone,79.0,0,0,0,0.5988184,0.3405698,0,0,adulto
ICB_03673_004,ICB_170,copd,AKG C417L Microphone,79.0,0,0,0,0.71050256,0.35359445,1,0,adulto
ICB_03673_005,ICB_170,copd,AKG C417L Microphone,79.0,0,0,0,0.7408046,0.33919355,1,0,adulto
ICB_03673_006,ICB_170,copd,AKG C417L Microphone,79.0,0,0,0,0.45153436,0.4212663,0,0,adulto
ICB_03674_000,ICB_170,copd,AKG C417L Microphone,79.0,0,0,0,0.58204836,0.4699733,0,0,adulto
ICB_03674_001,ICB_170,copd,AKG C417L Microphone,79.0,0,0,0,0.44135562,0.30629855,0,0,adulto
ICB_03674_002,ICB_170,copd,AKG C417L Microphone,79.0,0,0,0,0.643882,0.2344636,0,0,adulto
ICB_03674_003,ICB_170,copd,AKG C417L Microphone,79.0,0,0,0,0.606909,0.4700772,0,0,adulto
ICB_03674_004,ICB_170,copd,AKG C417L Microphone,79.0,0,0,0,0.55613124,0.3156616,0,0,adulto
ICB_03674_005,ICB_170,copd,AKG C417L Microphone,79.0,0,0,0,0.52419734,0.42770413,0,0,adulto
ICB_03674_006,ICB_170,copd,AKG C417L Microphone,79.0,0,0,0,0.39611506,0.6284708,0,0,adulto
ICB_03675_000,ICB_170,copd,AKG C417L Microphone,79.0,0,0,0,0.43434912,0.54127574,0,0,adulto
ICB_03675_001,ICB_170,copd,AKG C417L Microphone,79.0,0,0,0,0.3987715,0.29833177,0,0,adulto
ICB_03675_002,ICB_170,copd,AKG C417L Microphone,79.0,0,0,0,0.28292418,0.50212795,0,0,adulto
ICB_03675_003,ICB_170,copd,AKG C417L Microphone,79.0,0,0,0,0.27614287,0.2259492,0,0,adulto
ICB_03675_004,ICB_170,copd,AKG C417L Microphone,79.0,0,0,0,0.33815432,0.2952139,0,0,adulto
ICB_03675_005,ICB_170,copd,AKG C417L Microphone,79.0,0,1,0,0.39660773,0.2930938,0,2,adulto
ICB_03675_006,ICB_170,copd,AKG C417L Microphone,79.0,0,0,0,0.15272969,0.25616017,0,0,adulto
ICB_03676_000,ICB_171,normal_lung,AKG C417L Microphone,9.0,0,0,0,0.39199373,0.33880913,0,0,pediátrico (<18)
ICB_03676_001,ICB_171,normal_lung,AKG C417L Microphone,9.0,0,0,0,0.5369778,0.57794946,0,0,pediátrico (<18)
ICB_03676_002,ICB_171,normal_lung,AKG C417L Microphone,9.0,0,0,0,0.6585206,0.47395974,1,0,pediátrico (<18)
ICB_03676_003,ICB_171,normal_lung,AKG C417L Microphone,9.0,0,0,0,0.5750062,0.21701415,0,0,pediátrico (<18)
ICB_03676_004,ICB_171,normal_lung,AKG C417L Microphone,9.0,0,0,0,0.71415955,0.5746116,1,0,pediátrico (<18)
ICB_03676_005,ICB_171,normal_lung,AKG C417L Microphone,9.0,0,0,0,0.64968747,0.49105522,0,0,pediátrico (<18)
ICB_03676_006,ICB_171,normal_lung,AKG C417L Microphone,9.0,0,0,0,0.6243117,0.5193338,0,0,pediátrico (<18)
ICB_03676_007,ICB_171,normal_lung,AKG C417L Microphone,9.0,0,0,0,0.627097,0.5410633,0,0,pediátrico (<18)
ICB_03676_008,ICB_171,normal_lung,AKG C417L Microphone,9.0,0,0,0,0.5411083,0.34081903,0,0,pediátrico (<18)
ICB_03677_000,ICB_172,copd,AKG C417L Microphone,73.0,0,0,0,0.6621113,0.33109292,1,0,adulto
ICB_03677_001,ICB_172,copd,AKG C417L Microphone,73.0,0,0,0,0.7172526,0.32722992,1,0,adulto
ICB_03677_002,ICB_172,copd,AKG C417L Microphone,73.0,0,0,0,0.52062756,0.2575493,0,0,adulto
ICB_03677_003,ICB_172,copd,AKG C417L Microphone,73.0,0,0,0,0.6065357,0.28411072,0,0,adulto
ICB_03677_004,ICB_172,copd,AKG C417L Microphone,73.0,0,0,0,0.65973955,0.2752685,1,0,adulto
ICB_03677_005,ICB_172,copd,AKG C417L Microphone,73.0,0,0,0,0.56701934,0.29803497,0,0,adulto
ICB_03677_006,ICB_172,copd,AKG C417L Microphone,73.0,1,0,0,0.76808816,0.5039102,1,1,adulto
ICB_03678_000,ICB_172,copd,AKG C417L Microphone,73.0,0,0,0,0.5885526,0.40753958,0,0,adulto
ICB_03678_001,ICB_172,copd,AKG C417L Microphone,73.0,0,0,0,0.5488017,0.34550747,0,0,adulto
ICB_03678_002,ICB_172,copd,AKG C417L Microphone,73.0,0,0,0,0.5317715,0.37319764,0,0,adulto
ICB_03678_003,ICB_172,copd,AKG C417L Microphone,73.0,0,0,0,0.6091391,0.35508606,0,0,adulto
ICB_03678_004,ICB_172,copd,AKG C417L Microphone,73.0,0,0,0,0.617234,0.5963791,0,0,adulto
ICB_03678_005,ICB_172,copd,AKG C417L Microphone,73.0,0,0,0,0.5506206,0.3694975,0,0,adulto
ICB_03678_006,ICB_172,copd,AKG C417L Microphone,73.0,0,0,0,0.517944,0.6882889,0,0,adulto
ICB_03679_000,ICB_172,copd,AKG C417L Microphone,73.0,1,0,0,0.57609487,0.06992515,0,1,adulto
ICB_03679_001,ICB_172,copd,AKG C417L Microphone,73.0,0,0,0,0.6978636,0.027282638,1,0,adulto
ICB_03679_002,ICB_172,copd,AKG C417L Microphone,73.0,1,0,0,0.68775666,0.043891508,1,1,adulto
ICB_03679_003,ICB_172,copd,AKG C417L Microphone,73.0,1,0,0,0.38525048,0.063217446,0,1,adulto
ICB_03679_004,ICB_172,copd,AKG C417L Microphone,73.0,1,0,0,0.6126296,0.09061687,0,1,adulto
ICB_03679_005,ICB_172,copd,AKG C417L Microphone,73.0,1,0,0,0.49495453,0.13022198,0,1,adulto
ICB_03679_006,ICB_172,copd,AKG C417L Microphone,73.0,1,0,0,0.36694366,0.22371934,0,1,adulto
ICB_03680_000,ICB_172,copd,AKG C417L Microphone,73.0,0,0,0,0.60895795,0.24874823,0,0,adulto
ICB_03680_001,ICB_172,copd,AKG C417L Microphone,73.0,0,0,0,0.501805,0.368299,0,0,adulto
ICB_03680_002,ICB_172,copd,AKG C417L Microphone,73.0,0,0,0,0.7633238,0.6262333,1,0,adulto
ICB_03680_003,ICB_172,copd,AKG C417L Microphone,73.0,0,0,0,0.5155642,0.49428073,0,0,adulto
ICB_03680_004,ICB_172,copd,AKG C417L Microphone,73.0,0,0,0,0.724824,0.4605249,1,0,adulto
ICB_03680_005,ICB_172,copd,AKG C417L Microphone,73.0,0,0,0,0.80452085,0.33634958,1,0,adulto
ICB_03680_006,ICB_172,copd,AKG C417L Microphone,73.0,0,0,0,0.45362952,0.6570843,0,0,adulto
ICB_03681_000,ICB_172,copd,AKG C417L Microphone,73.0,1,0,0,0.6711832,0.15368126,1,1,adulto
ICB_03681_001,ICB_172,copd,AKG C417L Microphone,73.0,0,0,0,0.701111,0.19685236,1,0,adulto
ICB_03681_002,ICB_172,copd,AKG C417L Microphone,73.0,0,0,0,0.65664816,0.16725029,1,0,adulto
ICB_03681_003,ICB_172,copd,AKG C417L Microphone,73.0,1,0,0,0.5170916,0.13044657,0,1,adulto
ICB_03681_004,ICB_172,copd,AKG C417L Microphone,73.0,0,0,0,0.520205,0.14103292,0,0,adulto
ICB_03681_005,ICB_172,copd,AKG C417L Microphone,73.0,1,0,0,0.6596376,0.13587381,1,1,adulto
ICB_03681_006,ICB_172,copd,AKG C417L Microphone,73.0,0,0,0,0.7065431,0.12935695,1,0,adulto
ICB_03682_000,ICB_172,copd,AKG C417L Microphone,73.0,1,0,0,0.69298,0.3491455,1,1,adulto
ICB_03682_001,ICB_172,copd,AKG C417L Microphone,73.0,1,0,0,0.61183566,0.29757792,0,1,adulto
ICB_03682_002,ICB_172,copd,AKG C417L Microphone,73.0,1,0,0,0.7381682,0.3999111,1,1,adulto
ICB_03682_003,ICB_172,copd,AKG C417L Microphone,73.0,1,0,0,0.62486035,0.4452074,0,1,adulto
ICB_03682_004,ICB_172,copd,AKG C417L Microphone,73.0,1,0,0,0.6601838,0.52667046,1,1,adulto
ICB_03682_005,ICB_172,copd,AKG C417L Microphone,73.0,1,0,0,0.6694599,0.5936579,1,1,adulto
ICB_03682_006,ICB_172,copd,AKG C417L Microphone,73.0,1,0,0,0.70726746,0.29788795,1,1,adulto
ICB_03683_000,ICB_172,copd,AKG C417L Microphone,73.0,0,0,0,0.18838587,0.18268786,0,0,adulto
ICB_03683_001,ICB_172,copd,AKG C417L Microphone,73.0,0,0,0,0.24702066,0.25260898,0,0,adulto
ICB_03683_002,ICB_172,copd,AKG C417L Microphone,73.0,0,0,0,0.17088625,0.41553172,0,0,adulto
ICB_03683_003,ICB_172,copd,AKG C417L Microphone,73.0,0,0,0,0.14697938,0.30983767,0,0,adulto
ICB_03683_004,ICB_172,copd,AKG C417L Microphone,73.0,0,0,0,0.23565571,0.29655293,0,0,adulto
ICB_03683_005,ICB_172,copd,AKG C417L Microphone,73.0,0,0,0,0.2899986,0.3666689,0,0,adulto
ICB_03683_006,ICB_172,copd,AKG C417L Microphone,73.0,1,0,0,0.53310156,0.17581342,0,1,adulto
ICB_03684_000,ICB_172,copd,AKG C417L Microphone,73.0,1,0,0,0.2287736,0.5131179,0,1,adulto
ICB_03684_001,ICB_172,copd,AKG C417L Microphone,73.0,0,1,0,0.20635849,0.759961,0,2,adulto
ICB_03684_002,ICB_172,copd,AKG C417L Microphone,73.0,0,1,0,0.14717834,0.94244885,2,2,adulto
ICB_03684_003,ICB_172,copd,AKG C417L Microphone,73.0,0,1,0,0.33096883,0.7314468,0,2,adulto
ICB_03684_004,ICB_172,copd,AKG C417L Microphone,73.0,0,0,0,0.18552461,0.36019477,0,0,adulto
ICB_03684_005,ICB_172,copd,AKG C417L Microphone,73.0,1,0,0,0.18976662,0.398082,0,1,adulto
ICB_03685_000,ICB_172,copd,AKG C417L Microphone,73.0,0,0,0,0.23589648,0.40844837,0,0,adulto
ICB_03685_001,ICB_172,copd,AKG C417L Microphone,73.0,1,1,0,0.29249558,0.856928,2,3,adulto
ICB_03685_002,ICB_172,copd,AKG C417L Microphone,73.0,0,1,0,0.30148473,0.99235743,2,2,adulto
ICB_03685_003,ICB_172,copd,AKG C417L Microphone,73.0,0,1,0,0.27824092,0.9876616,2,2,adulto
ICB_03685_004,ICB_172,copd,AKG C417L Microphone,73.0,0,1,0,0.3936711,0.6890801,0,2,adulto
ICB_03685_005,ICB_172,copd,AKG C417L Microphone,73.0,0,0,0,0.34991392,0.7308262,0,0,adulto
ICB_03686_000,ICB_172,copd,AKG C417L Microphone,73.0,0,0,0,0.53774524,0.39429775,0,0,adulto
ICB_03686_001,ICB_172,copd,AKG C417L Microphone,73.0,1,1,0,0.51681995,0.9582554,2,3,adulto
ICB_03686_002,ICB_172,copd,AKG C417L Microphone,73.0,1,1,0,0.60582167,0.8892803,2,3,adulto
ICB_03686_003,ICB_172,copd,AKG C417L Microphone,73.0,0,1,0,0.63020146,0.4116132,0,2,adulto
ICB_03686_004,ICB_172,copd,AKG C417L Microphone,73.0,1,0,0,0.6297621,0.20478559,0,1,adulto
ICB_03686_005,ICB_172,copd,AKG C417L Microphone,73.0,0,0,0,0.6529141,0.22016257,1,0,adulto
ICB_03687_000,ICB_172,copd,AKG C417L Microphone,73.0,0,0,0,0.64690393,0.42498797,0,0,adulto
ICB_03687_001,ICB_172,copd,AKG C417L Microphone,73.0,0,1,0,0.53793657,0.45575196,0,2,adulto
ICB_03687_002,ICB_172,copd,AKG C417L Microphone,73.0,0,1,0,0.44985712,0.88716066,2,2,adulto
ICB_03687_003,ICB_172,copd,AKG C417L Microphone,73.0,0,1,0,0.7371619,0.7969899,1,2,adulto
ICB_03687_004,ICB_172,copd,AKG C417L Microphone,73.0,0,1,0,0.68649894,0.52652204,1,2,adulto
ICB_03687_005,ICB_172,copd,AKG C417L Microphone,73.0,0,0,0,0.45873624,0.5820856,0,0,adulto
ICB_03688_000,ICB_172,copd,AKG C417L Microphone,73.0,1,0,0,0.5750061,0.6853416,0,1,adulto
ICB_03688_001,ICB_172,copd,AKG C417L Microphone,73.0,0,1,0,0.3659396,0.9957527,2,2,adulto
ICB_03688_002,ICB_172,copd,AKG C417L Microphone,73.0,0,1,0,0.4050496,0.97124994,2,2,adulto
ICB_03688_003,ICB_172,copd,AKG C417L Microphone,73.0,0,1,0,0.41052416,0.9604005,2,2,adulto
ICB_03688_004,ICB_172,copd,AKG C417L Microphone,73.0,0,0,0,0.56349516,0.6210828,0,0,adulto
ICB_03688_005,ICB_172,copd,AKG C417L Microphone,73.0,1,1,0,0.58168787,0.6753497,0,3,adulto
ICB_03689_000,ICB_172,copd,AKG C417L Microphone,73.0,0,0,0,0.4130449,0.387928,0,0,adulto
ICB_03689_001,ICB_172,copd,AKG C417L Microphone,73.0,0,1,0,0.424097,0.9665122,2,2,adulto
ICB_03689_002,ICB_172,copd,AKG C417L Microphone,73.0,0,1,0,0.25492638,0.97857535,2,2,adulto
ICB_03689_003,ICB_172,copd,AKG C417L Microphone,73.0,0,1,0,0.16485561,0.97091323,2,2,adulto
ICB_03689_004,ICB_172,copd,AKG C417L Microphone,73.0,0,0,0,0.48331887,0.40589234,0,0,adulto
ICB_03689_005,ICB_172,copd,AKG C417L Microphone,73.0,0,0,0,0.24199602,0.51447654,0,0,adulto
ICB_03690_000,ICB_172,copd,AKG C417L Microphone,73.0,0,0,0,0.36440858,0.40926716,0,0,adulto
ICB_03690_001,ICB_172,copd,AKG C417L Microphone,73.0,1,1,0,0.28885657,0.70257103,0,3,adulto
ICB_03690_002,ICB_172,copd,AKG C417L Microphone,73.0,0,1,0,0.21399105,0.8539581,2,2,adulto
ICB_03690_003,ICB_172,copd,AKG C417L Microphone,73.0,1,1,0,0.43010703,0.93425643,2,3,adulto
ICB_03690_004,ICB_172,copd,AKG C417L Microphone,73.0,0,0,0,0.46686408,0.3973593,0,0,adulto
ICB_03690_005,ICB_172,copd,AKG C417L Microphone,73.0,0,0,0,0.40332383,0.7517814,0,0,adulto
ICB_03691_000,ICB_172,copd,AKG C417L Microphone,73.0,0,0,0,0.59274817,0.5826162,0,0,adulto
ICB_03691_001,ICB_172,copd,AKG C417L Microphone,73.0,0,1,0,0.52205676,0.43131378,0,2,adulto
ICB_03691_002,ICB_172,copd,AKG C417L Microphone,73.0,1,0,0,0.6935572,0.16729873,1,1,adulto
ICB_03691_003,ICB_172,copd,AKG C417L Microphone,73.0,0,0,0,0.47697756,0.3132956,0,0,adulto
ICB_03691_004,ICB_172,copd,AKG C417L Microphone,73.0,0,0,0,0.62770283,0.47419843,0,0,adulto
ICB_03691_005,ICB_172,copd,AKG C417L Microphone,73.0,0,0,0,0.5630675,0.50425285,0,0,adulto
ICB_03691_006,ICB_172,copd,AKG C417L Microphone,73.0,0,0,0,0.51349914,0.16432358,0,0,adulto
ICB_03692_000,ICB_172,copd,AKG C417L Microphone,73.0,0,0,0,0.39005908,0.5742527,0,0,adulto
ICB_03692_001,ICB_172,copd,AKG C417L Microphone,73.0,0,1,0,0.5727624,0.53477955,0,2,adulto
ICB_03692_002,ICB_172,copd,AKG C417L Microphone,73.0,0,0,0,0.54167897,0.37274897,0,0,adulto
ICB_03692_003,ICB_172,copd,AKG C417L Microphone,73.0,0,0,0,0.4399108,0.28418574,0,0,adulto
ICB_03692_004,ICB_172,copd,AKG C417L Microphone,73.0,0,0,0,0.5742122,0.7691514,0,0,adulto
ICB_03692_005,ICB_172,copd,AKG C417L Microphone,73.0,0,0,0,0.37943766,0.39471695,0,0,adulto
ICB_03692_006,ICB_172,copd,AKG C417L Microphone,73.0,0,0,0,0.45852914,0.34456927,0,0,adulto
ICB_03693_000,ICB_172,copd,AKG C417L Microphone,73.0,1,0,0,0.56624436,0.12623295,0,1,adulto
ICB_03693_001,ICB_172,copd,AKG C417L Microphone,73.0,0,1,0,0.46408483,0.45422882,0,2,adulto
ICB_03693_002,ICB_172,copd,AKG C417L Microphone,73.0,1,0,0,0.60936403,0.12545545,0,1,adulto
ICB_03693_003,ICB_172,copd,AKG C417L Microphone,73.0,0,0,0,0.59383816,0.14902802,0,0,adulto
ICB_03693_004,ICB_172,copd,AKG C417L Microphone,73.0,1,0,0,0.68864965,0.06149605,1,1,adulto
ICB_03693_005,ICB_172,copd,AKG C417L Microphone,73.0,0,0,0,0.5744642,0.110958055,0,0,adulto
ICB_03693_006,ICB_172,copd,AKG C417L Microphone,73.0,0,0,0,0.52319026,0.107271805,0,0,adulto
ICB_03694_000,ICB_172,copd,AKG C417L Microphone,73.0,0,0,0,0.6880758,0.51220846,1,0,adulto
ICB_03694_001,ICB_172,copd,AKG C417L Microphone,73.0,0,1,0,0.596117,0.50105286,0,2,adulto
ICB_03694_002,ICB_172,copd,AKG C417L Microphone,73.0,0,0,0,0.28042296,0.6004922,0,0,adulto
ICB_03694_003,ICB_172,copd,AKG C417L Microphone,73.0,1,0,0,0.73355615,0.18178001,1,1,adulto
ICB_03694_004,ICB_172,copd,AKG C417L Microphone,73.0,1,0,0,0.6679097,0.55329055,1,1,adulto
ICB_03694_005,ICB_172,copd,AKG C417L Microphone,73.0,0,0,0,0.7213781,0.3980073,1,0,adulto
ICB_03694_006,ICB_172,copd,AKG C417L Microphone,73.0,0,0,0,0.604077,0.40002602,0,0,adulto
ICB_03695_000,ICB_172,copd,AKG C417L Microphone,73.0,1,0,0,0.81840175,0.2376104,1,1,adulto
ICB_03695_001,ICB_172,copd,AKG C417L Microphone,73.0,0,1,0,0.5329243,0.72556275,0,2,adulto
ICB_03695_002,ICB_172,copd,AKG C417L Microphone,73.0,1,0,0,0.65582156,0.39415306,1,1,adulto
ICB_03695_003,ICB_172,copd,AKG C417L Microphone,73.0,0,0,0,0.7179468,0.12361505,1,0,adulto
ICB_03695_004,ICB_172,copd,AKG C417L Microphone,73.0,1,1,0,0.53233165,0.49658224,0,3,adulto
ICB_03695_005,ICB_172,copd,AKG C417L Microphone,73.0,1,0,0,0.69801396,0.2195561,1,1,adulto
ICB_03695_006,ICB_172,copd,AKG C417L Microphone,73.0,0,0,0,0.49416286,0.31042242,0,0,adulto
ICB_03696_000,ICB_172,copd,AKG C417L Microphone,73.0,0,0,0,0.60499823,0.4179509,0,0,adulto
ICB_03696_001,ICB_172,copd,AKG C417L Microphone,73.0,0,1,0,0.44074842,0.8994421,2,2,adulto
ICB_03696_002,ICB_172,copd,AKG C417L Microphone,73.0,1,0,0,0.64150953,0.6650759,0,1,adulto
ICB_03696_003,ICB_172,copd,AKG C417L Microphone,73.0,0,0,0,0.5875161,0.72354317,0,0,adulto
ICB_03696_004,ICB_172,copd,AKG C417L Microphone,73.0,0,1,0,0.62766415,0.60329413,0,2,adulto
ICB_03696_005,ICB_172,copd,AKG C417L Microphone,73.0,0,0,0,0.573967,0.2873562,0,0,adulto
ICB_03696_006,ICB_172,copd,AKG C417L Microphone,73.0,0,0,0,0.25318134,0.5071381,0,0,adulto
ICB_03697_000,ICB_172,copd,AKG C417L Microphone,73.0,0,0,0,0.48731503,0.3386798,0,0,adulto
ICB_03697_001,ICB_172,copd,AKG C417L Microphone,73.0,1,1,0,0.2201948,0.39652264,0,3,adulto
ICB_03697_002,ICB_172,copd,AKG C417L Microphone,73.0,0,0,0,0.42345726,0.50180155,0,0,adulto
ICB_03697_003,ICB_172,copd,AKG C417L Microphone,73.0,0,0,0,0.3374165,0.39790475,0,0,adulto
ICB_03697_004,ICB_172,copd,AKG C417L Microphone,73.0,0,0,0,0.4786125,0.26332015,0,0,adulto
ICB_03697_005,ICB_172,copd,AKG C417L Microphone,73.0,0,0,0,0.73456144,0.18529361,1,0,adulto
ICB_03697_006,ICB_172,copd,AKG C417L Microphone,73.0,0,0,0,0.28020677,0.4725791,0,0,adulto
ICB_03698_000,ICB_172,copd,AKG C417L Microphone,73.0,1,0,0,0.8444178,0.24784496,1,1,adulto
ICB_03698_001,ICB_172,copd,AKG C417L Microphone,73.0,1,0,0,0.65268594,0.33776894,1,1,adulto
ICB_03698_002,ICB_172,copd,AKG C417L Microphone,73.0,1,0,0,0.6283694,0.26852885,0,1,adulto
ICB_03698_003,ICB_172,copd,AKG C417L Microphone,73.0,1,0,0,0.7101847,0.30744344,1,1,adulto
ICB_03698_004,ICB_172,copd,AKG C417L Microphone,73.0,1,0,0,0.66135615,0.75336605,1,1,adulto
ICB_03698_005,ICB_172,copd,AKG C417L Microphone,73.0,1,1,0,0.6666881,0.5515038,1,3,adulto
ICB_03699_000,ICB_172,copd,AKG C417L Microphone,73.0,0,0,0,0.43010443,0.37341943,0,0,adulto
ICB_03699_001,ICB_172,copd,AKG C417L Microphone,73.0,0,0,0,0.50420743,0.24460399,0,0,adulto
ICB_03699_002,ICB_172,copd,AKG C417L Microphone,73.0,0,0,0,0.48382244,0.32673052,0,0,adulto
ICB_03699_003,ICB_172,copd,AKG C417L Microphone,73.0,0,0,0,0.4623439,0.4498424,0,0,adulto
ICB_03699_004,ICB_172,copd,AKG C417L Microphone,73.0,0,1,0,0.51648456,0.41748402,0,2,adulto
ICB_03699_005,ICB_172,copd,AKG C417L Microphone,73.0,0,1,0,0.57620597,0.5484274,0,2,adulto
ICB_03700_000,ICB_172,copd,AKG C417L Microphone,73.0,0,0,0,0.78854966,0.29888147,1,0,adulto
ICB_03700_001,ICB_172,copd,AKG C417L Microphone,73.0,1,0,0,0.9259045,0.42507875,1,1,adulto
ICB_03700_002,ICB_172,copd,AKG C417L Microphone,73.0,0,0,0,0.80565834,0.35188687,1,0,adulto
ICB_03700_003,ICB_172,copd,AKG C417L Microphone,73.0,0,0,0,0.760494,0.53919554,1,0,adulto
ICB_03700_004,ICB_172,copd,AKG C417L Microphone,73.0,0,1,0,0.6855776,0.5365504,1,2,adulto
ICB_03700_005,ICB_172,copd,AKG C417L Microphone,73.0,0,0,0,0.93183726,0.100989334,1,0,adulto
ICB_03701_000,ICB_172,copd,AKG C417L Microphone,73.0,1,0,0,0.73555416,0.17297386,1,1,adulto
ICB_03701_001,ICB_172,copd,AKG C417L Microphone,73.0,1,0,0,0.71946156,0.5968258,1,1,adulto
ICB_03701_002,ICB_172,copd,AKG C417L Microphone,73.0,1,0,0,0.41377047,0.3178997,0,1,adulto
ICB_03701_003,ICB_172,copd,AKG C417L Microphone,73.0,0,0,0,0.66215044,0.3573017,1,0,adulto
ICB_03701_004,ICB_172,copd,AKG C417L Microphone,73.0,0,0,0,0.6633358,0.41316134,1,0,adulto
ICB_03701_005,ICB_172,copd,AKG C417L Microphone,73.0,0,1,0,0.749124,0.8599409,3,2,adulto
ICB_03702_000,ICB_172,copd,AKG C417L Microphone,73.0,1,0,0,0.7316904,0.40327102,1,1,adulto
ICB_03702_001,ICB_172,copd,AKG C417L Microphone,73.0,0,0,0,0.7435534,0.26173624,1,0,adulto
ICB_03702_002,ICB_172,copd,AKG C417L Microphone,73.0,0,0,0,0.73523784,0.21248963,1,0,adulto
ICB_03702_003,ICB_172,copd,AKG C417L Microphone,73.0,0,0,0,0.6827533,0.41308904,1,0,adulto
ICB_03702_004,ICB_172,copd,AKG C417L Microphone,73.0,1,1,0,0.5666181,0.64051497,0,3,adulto
ICB_03702_005,ICB_172,copd,AKG C417L Microphone,73.0,0,0,0,0.6014451,0.7462993,0,0,adulto
ICB_03703_000,ICB_172,copd,AKG C417L Microphone,73.0,0,0,0,0.48674408,0.029266613,0,0,adulto
ICB_03703_001,ICB_172,copd,AKG C417L Microphone,73.0,0,0,0,0.5154728,0.32950416,0,0,adulto
ICB_03703_002,ICB_172,copd,AKG C417L Microphone,73.0,0,0,0,0.59475875,0.21393226,0,0,adulto
ICB_03703_003,ICB_172,copd,AKG C417L Microphone,73.0,0,0,0,0.33154026,0.23074451,0,0,adulto
ICB_03703_004,ICB_172,copd,AKG C417L Microphone,73.0,0,0,0,0.34023783,0.33886695,0,0,adulto
ICB_03703_005,ICB_172,copd,AKG C417L Microphone,73.0,0,1,0,0.1667505,0.6229846,0,2,adulto
ICB_03704_000,ICB_173,bronchiolitis_asthma,AKG C417L Microphone,3.0,0,0,0,0.3857545,0.2971325,0,0,pediátrico (<18)
ICB_03704_001,ICB_173,bronchiolitis_asthma,AKG C417L Microphone,3.0,0,0,0,0.22333492,0.28243536,0,0,pediátrico (<18)
ICB_03704_002,ICB_173,bronchiolitis_asthma,AKG C417L Microphone,3.0,1,0,0,0.23813693,0.2576339,0,1,pediátrico (<18)
ICB_03704_003,ICB_173,bronchiolitis_asthma,AKG C417L Microphone,3.0,0,0,0,0.49323514,0.43336916,0,0,pediátrico (<18)
ICB_03704_004,ICB_173,bronchiolitis_asthma,AKG C417L Microphone,3.0,1,0,0,0.28220248,0.33616266,0,1,pediátrico (<18)
ICB_03704_005,ICB_173,bronchiolitis_asthma,AKG C417L Microphone,3.0,0,0,0,0.53246397,0.45565236,0,0,pediátrico (<18)
ICB_03704_006,ICB_173,bronchiolitis_asthma,AKG C417L Microphone,3.0,0,0,0,0.39153093,0.39488986,0,0,pediátrico (<18)
ICB_03704_007,ICB_173,bronchiolitis_asthma,AKG C417L Microphone,3.0,1,0,0,0.16824608,0.4528408,0,1,pediátrico (<18)
ICB_03704_008,ICB_173,bronchiolitis_asthma,AKG C417L Microphone,3.0,1,0,0,0.39069897,0.581751,0,1,pediátrico (<18)
ICB_03704_009,ICB_173,bronchiolitis_asthma,AKG C417L Microphone,3.0,1,0,0,0.3082752,0.21283409,0,1,pediátrico (<18)
ICB_03704_010,ICB_173,bronchiolitis_asthma,AKG C417L Microphone,3.0,0,0,0,0.32230785,0.3610379,0,0,pediátrico (<18)
ICB_03704_011,ICB_173,bronchiolitis_asthma,AKG C417L Microphone,3.0,0,0,0,0.2960207,0.6426138,0,0,pediátrico (<18)
ICB_03704_012,ICB_173,bronchiolitis_asthma,AKG C417L Microphone,3.0,0,0,0,0.1625411,0.5016456,0,0,pediátrico (<18)
ICB_03734_000,ICB_176,copd,AKG C417L Microphone,65.0,0,0,0,0.34931275,0.5139443,0,0,adulto
ICB_03734_001,ICB_176,copd,AKG C417L Microphone,65.0,1,0,0,0.77410007,0.38847753,1,1,adulto
ICB_03734_002,ICB_176,copd,AKG C417L Microphone,65.0,1,0,0,0.70500493,0.31365693,1,1,adulto
ICB_03734_003,ICB_176,copd,AKG C417L Microphone,65.0,1,0,0,0.7446149,0.37859246,1,1,adulto
ICB_03734_004,ICB_176,copd,AKG C417L Microphone,65.0,1,0,0,0.6437719,0.22241911,0,1,adulto
ICB_03734_005,ICB_176,copd,AKG C417L Microphone,65.0,1,0,0,0.7154493,0.33617306,1,1,adulto
ICB_03735_000,ICB_176,copd,AKG C417L Microphone,65.0,1,0,0,0.39713997,0.14940499,0,1,adulto
ICB_03735_001,ICB_176,copd,AKG C417L Microphone,65.0,1,0,0,0.74288195,0.29578647,1,1,adulto
ICB_03735_002,ICB_176,copd,AKG C417L Microphone,65.0,1,0,0,0.7515818,0.6836544,1,1,adulto
ICB_03735_003,ICB_176,copd,AKG C417L Microphone,65.0,1,0,0,0.8172912,0.21395253,1,1,adulto
ICB_03735_004,ICB_176,copd,AKG C417L Microphone,65.0,1,0,0,0.72034675,0.25468576,1,1,adulto
ICB_03735_005,ICB_176,copd,AKG C417L Microphone,65.0,1,0,0,0.818831,0.45294052,1,1,adulto
ICB_03736_000,ICB_176,copd,AKG C417L Microphone,65.0,0,0,0,0.2805373,0.115653135,0,0,adulto
ICB_03736_001,ICB_176,copd,AKG C417L Microphone,65.0,1,0,0,0.6903331,0.43129942,1,1,adulto
ICB_03736_002,ICB_176,copd,AKG C417L Microphone,65.0,1,0,0,0.72671574,0.42366666,1,1,adulto
ICB_03736_003,ICB_176,copd,AKG C417L Microphone,65.0,1,0,0,0.79643834,0.36631134,1,1,adulto
ICB_03736_004,ICB_176,copd,AKG C417L Microphone,65.0,1,0,0,0.72882265,0.3647515,1,1,adulto
ICB_03736_005,ICB_176,copd,AKG C417L Microphone,65.0,1,0,0,0.61555624,0.4473457,0,1,adulto
ICB_03737_000,ICB_176,copd,AKG C417L Microphone,65.0,0,0,0,0.54586774,0.3658612,0,0,adulto
ICB_03737_001,ICB_176,copd,AKG C417L Microphone,65.0,1,0,0,0.8668476,0.4269992,1,1,adulto
ICB_03737_002,ICB_176,copd,AKG C417L Microphone,65.0,1,0,0,0.7129092,0.41960895,1,1,adulto
ICB_03737_003,ICB_176,copd,AKG C417L Microphone,65.0,1,0,0,0.7827468,0.4507643,1,1,adulto
ICB_03737_004,ICB_176,copd,AKG C417L Microphone,65.0,1,0,0,0.76852965,0.628317,1,1,adulto
ICB_03737_005,ICB_176,copd,AKG C417L Microphone,65.0,1,0,0,0.81665695,0.5719996,1,1,adulto
ICB_03738_000,ICB_176,copd,AKG C417L Microphone,65.0,0,0,0,0.39623418,0.48705778,0,0,adulto
ICB_03738_001,ICB_176,copd,AKG C417L Microphone,65.0,1,0,0,0.7458671,0.38145334,1,1,adulto
ICB_03738_002,ICB_176,copd,AKG C417L Microphone,65.0,1,0,0,0.83148885,0.24348035,1,1,adulto
ICB_03738_003,ICB_176,copd,AKG C417L Microphone,65.0,1,0,0,0.7698969,0.23061836,1,1,adulto
ICB_03738_004,ICB_176,copd,AKG C417L Microphone,65.0,1,0,0,0.8101629,0.3583944,1,1,adulto
ICB_03738_005,ICB_176,copd,AKG C417L Microphone,65.0,1,0,0,0.7967338,0.50154054,1,1,adulto
ICB_03739_000,ICB_176,copd,AKG C417L Microphone,65.0,0,0,0,0.46336746,0.342178,0,0,adulto
ICB_03739_001,ICB_176,copd,AKG C417L Microphone,65.0,1,0,0,0.8742303,0.5720741,1,1,adulto
ICB_03739_002,ICB_176,copd,AKG C417L Microphone,65.0,1,0,0,0.787535,0.31113556,1,1,adulto
ICB_03739_003,ICB_176,copd,AKG C417L Microphone,65.0,1,0,0,0.79346704,0.3277201,1,1,adulto
ICB_03739_004,ICB_176,copd,AKG C417L Microphone,65.0,1,0,0,0.7231819,0.531909,1,1,adulto
ICB_03739_005,ICB_176,copd,AKG C417L Microphone,65.0,1,0,0,0.7448291,0.3504589,1,1,adulto
ICB_03740_000,ICB_176,copd,AKG C417L Microphone,65.0,1,0,0,0.46187037,0.303145,0,1,adulto
ICB_03740_001,ICB_176,copd,AKG C417L Microphone,65.0,1,0,0,0.6145449,0.30339915,0,1,adulto
ICB_03740_002,ICB_176,copd,AKG C417L Microphone,65.0,1,0,0,0.40962356,0.29899967,0,1,adulto
ICB_03740_003,ICB_176,copd,AKG C417L Microphone,65.0,1,0,0,0.35007495,0.11299729,0,1,adulto
ICB_03740_004,ICB_176,copd,AKG C417L Microphone,65.0,1,0,0,0.5713781,0.21946369,0,1,adulto
ICB_03740_005,ICB_176,copd,AKG C417L Microphone,65.0,1,0,0,0.4926106,0.21331626,0,1,adulto
ICB_03741_000,ICB_176,copd,AKG C417L Microphone,65.0,0,0,0,0.34491614,0.45684874,0,0,adulto
ICB_03741_001,ICB_176,copd,AKG C417L Microphone,65.0,1,0,0,0.7083913,0.20111729,1,1,adulto
ICB_03741_002,ICB_176,copd,AKG C417L Microphone,65.0,1,0,0,0.68811095,0.4047415,1,1,adulto
ICB_03741_003,ICB_176,copd,AKG C417L Microphone,65.0,1,0,0,0.7301889,0.3398011,1,1,adulto
ICB_03741_004,ICB_176,copd,AKG C417L Microphone,65.0,1,0,0,0.69213,0.2995963,1,1,adulto
ICB_03741_005,ICB_176,copd,AKG C417L Microphone,65.0,1,0,0,0.80162907,0.330603,1,1,adulto
ICB_03742_000,ICB_176,copd,AKG C417L Microphone,65.0,1,0,0,0.42255184,0.29863754,0,1,adulto
ICB_03742_001,ICB_176,copd,AKG C417L Microphone,65.0,1,0,0,0.7116398,0.41201788,1,1,adulto
ICB_03742_002,ICB_176,copd,AKG C417L Microphone,65.0,1,0,0,0.74570185,0.6057134,1,1,adulto
ICB_03742_003,ICB_176,copd,AKG C417L Microphone,65.0,1,0,0,0.7876157,0.49190873,1,1,adulto
ICB_03742_004,ICB_176,copd,AKG C417L Microphone,65.0,1,0,0,0.6909633,0.4170021,1,1,adulto
ICB_03742_005,ICB_176,copd,AKG C417L Microphone,65.0,1,0,0,0.8438447,0.42543194,1,1,adulto
ICB_03743_000,ICB_176,copd,AKG C417L Microphone,65.0,1,0,0,0.11313938,0.08638593,0,1,adulto
ICB_03743_001,ICB_176,copd,AKG C417L Microphone,65.0,1,0,0,0.8083616,0.38212088,1,1,adulto
ICB_03743_002,ICB_176,copd,AKG C417L Microphone,65.0,1,0,0,0.7988938,0.33437738,1,1,adulto
ICB_03743_003,ICB_176,copd,AKG C417L Microphone,65.0,1,0,0,0.8381489,0.3901039,1,1,adulto
ICB_03743_004,ICB_176,copd,AKG C417L Microphone,65.0,1,0,0,0.81947154,0.2372465,1,1,adulto
ICB_03743_005,ICB_176,copd,AKG C417L Microphone,65.0,1,0,0,0.88131684,0.41026974,1,1,adulto
ICB_03744_000,ICB_176,copd,AKG C417L Microphone,65.0,1,0,0,0.3908392,0.34249333,0,1,adulto
ICB_03744_001,ICB_176,copd,AKG C417L Microphone,65.0,1,0,0,0.86277664,0.58435625,1,1,adulto
ICB_03744_002,ICB_176,copd,AKG C417L Microphone,65.0,1,0,0,0.7732713,0.48159498,1,1,adulto
ICB_03744_003,ICB_176,copd,AKG C417L Microphone,65.0,1,0,0,0.80083555,0.5123168,1,1,adulto
ICB_03744_004,ICB_176,copd,AKG C417L Microphone,65.0,1,0,0,0.82463354,0.47308227,1,1,adulto
ICB_03744_005,ICB_176,copd,AKG C417L Microphone,65.0,1,0,0,0.87996215,0.57774645,1,1,adulto
ICB_03745_000,ICB_176,copd,AKG C417L Microphone,65.0,1,0,0,0.36597958,0.5166101,0,1,adulto
ICB_03745_001,ICB_176,copd,AKG C417L Microphone,65.0,1,0,0,0.8429581,0.40134153,1,1,adulto
ICB_03745_002,ICB_176,copd,AKG C417L Microphone,65.0,1,0,0,0.59162086,0.33189636,0,1,adulto
ICB_03745_003,ICB_176,copd,AKG C417L Microphone,65.0,1,0,0,0.79237276,0.2945552,1,1,adulto
ICB_03745_004,ICB_176,copd,AKG C417L Microphone,65.0,1,0,0,0.7471105,0.60085577,1,1,adulto
ICB_03745_005,ICB_176,copd,AKG C417L Microphone,65.0,1,0,0,0.7354753,0.28573892,1,1,adulto
ICB_03746_000,ICB_176,copd,AKG C417L Microphone,65.0,1,0,0,0.5691699,0.38320482,0,1,adulto
ICB_03746_001,ICB_176,copd,AKG C417L Microphone,65.0,1,0,0,0.7885739,0.31191427,1,1,adulto
ICB_03746_002,ICB_176,copd,AKG C417L Microphone,65.0,1,0,0,0.6823714,0.2537268,1,1,adulto
ICB_03746_003,ICB_176,copd,AKG C417L Microphone,65.0,1,0,0,0.8574892,0.26484123,1,1,adulto
ICB_03746_004,ICB_176,copd,AKG C417L Microphone,65.0,1,0,0,0.7200279,0.5049466,1,1,adulto
ICB_03746_005,ICB_176,copd,AKG C417L Microphone,65.0,1,0,0,0.8555355,0.2555336,1,1,adulto
ICB_03747_000,ICB_176,copd,AKG C417L Microphone,65.0,1,0,0,0.38789636,0.1297184,0,1,adulto
ICB_03747_001,ICB_176,copd,AKG C417L Microphone,65.0,1,0,0,0.6740525,0.24040228,1,1,adulto
ICB_03747_002,ICB_176,copd,AKG C417L Microphone,65.0,1,0,0,0.47390342,0.34799203,0,1,adulto
ICB_03747_003,ICB_176,copd,AKG C417L Microphone,65.0,0,0,0,0.5254504,0.16304469,0,0,adulto
ICB_03747_004,ICB_176,copd,AKG C417L Microphone,65.0,1,0,0,0.58682805,0.19447461,0,1,adulto
ICB_03747_005,ICB_176,copd,AKG C417L Microphone,65.0,1,0,0,0.5871101,0.26402152,0,1,adulto
ICB_03748_000,ICB_176,copd,AKG C417L Microphone,65.0,0,0,0,0.594374,0.29485884,0,0,adulto
ICB_03748_001,ICB_176,copd,AKG C417L Microphone,65.0,1,0,0,0.6861031,0.21337414,1,1,adulto
ICB_03748_002,ICB_176,copd,AKG C417L Microphone,65.0,1,0,0,0.73145384,0.32778496,1,1,adulto
ICB_03748_003,ICB_176,copd,AKG C417L Microphone,65.0,1,0,0,0.6447534,0.27271068,0,1,adulto
ICB_03748_004,ICB_176,copd,AKG C417L Microphone,65.0,1,0,0,0.70812285,0.3250231,1,1,adulto
ICB_03748_005,ICB_176,copd,AKG C417L Microphone,65.0,1,0,0,0.70043355,0.1631705,1,1,adulto
ICB_03748_006,ICB_176,copd,AKG C417L Microphone,65.0,1,0,0,0.69111663,0.5602572,1,1,adulto
ICB_03749_000,ICB_176,copd,AKG C417L Microphone,65.0,0,0,0,0.462149,0.54935354,0,0,adulto
ICB_03749_001,ICB_176,copd,AKG C417L Microphone,65.0,1,0,0,0.745775,0.28503504,1,1,adulto
ICB_03749_002,ICB_176,copd,AKG C417L Microphone,65.0,1,0,0,0.8154691,0.5542213,1,1,adulto
ICB_03749_003,ICB_176,copd,AKG C417L Microphone,65.0,1,0,0,0.6722254,0.2146211,1,1,adulto
ICB_03749_004,ICB_176,copd,AKG C417L Microphone,65.0,1,0,0,0.8994367,0.37705764,1,1,adulto
ICB_03749_005,ICB_176,copd,AKG C417L Microphone,65.0,1,0,0,0.7717579,0.20453948,1,1,adulto
ICB_03749_006,ICB_176,copd,AKG C417L Microphone,65.0,1,0,0,0.6745275,0.3013806,1,1,adulto
ICB_03750_000,ICB_176,copd,AKG C417L Microphone,65.0,1,0,0,0.5069456,0.44126466,0,1,adulto
ICB_03750_001,ICB_176,copd,AKG C417L Microphone,65.0,1,0,0,0.67574394,0.3296318,1,1,adulto
ICB_03750_002,ICB_176,copd,AKG C417L Microphone,65.0,1,0,0,0.77099836,0.23148845,1,1,adulto
ICB_03750_003,ICB_176,copd,AKG C417L Microphone,65.0,1,0,0,0.71810377,0.2697097,1,1,adulto
ICB_03750_004,ICB_176,copd,AKG C417L Microphone,65.0,1,0,0,0.70233417,0.4282367,1,1,adulto
ICB_03750_005,ICB_176,copd,AKG C417L Microphone,65.0,1,0,0,0.66041434,0.15464532,1,1,adulto
ICB_03750_006,ICB_176,copd,AKG C417L Microphone,65.0,1,0,0,0.65710175,0.30408305,1,1,adulto
ICB_03751_000,ICB_176,copd,AKG C417L Microphone,65.0,0,0,0,0.4340101,0.46068653,0,0,adulto
ICB_03751_001,ICB_176,copd,AKG C417L Microphone,65.0,1,0,0,0.71703726,0.49416482,1,1,adulto
ICB_03751_002,ICB_176,copd,AKG C417L Microphone,65.0,1,0,0,0.78152645,0.6658228,1,1,adulto
ICB_03751_003,ICB_176,copd,AKG C417L Microphone,65.0,1,0,0,0.69675946,0.3825785,1,1,adulto
ICB_03751_004,ICB_176,copd,AKG C417L Microphone,65.0,1,0,0,0.6654212,0.50548255,1,1,adulto
ICB_03751_005,ICB_176,copd,AKG C417L Microphone,65.0,1,0,0,0.5830684,0.4748409,0,1,adulto
ICB_03751_006,ICB_176,copd,AKG C417L Microphone,65.0,1,0,0,0.64932954,0.5304657,0,1,adulto
ICB_03752_000,ICB_176,copd,AKG C417L Microphone,65.0,1,0,0,0.55629706,0.5559591,0,1,adulto
ICB_03752_001,ICB_176,copd,AKG C417L Microphone,65.0,1,0,0,0.743095,0.18513007,1,1,adulto
ICB_03752_002,ICB_176,copd,AKG C417L Microphone,65.0,1,0,0,0.8133571,0.21345834,1,1,adulto
ICB_03752_003,ICB_176,copd,AKG C417L Microphone,65.0,1,0,0,0.725087,0.2895671,1,1,adulto
ICB_03752_004,ICB_176,copd,AKG C417L Microphone,65.0,1,0,0,0.7883495,0.21889476,1,1,adulto
ICB_03752_005,ICB_176,copd,AKG C417L Microphone,65.0,1,0,0,0.61520195,0.43057266,0,1,adulto
ICB_03752_006,ICB_176,copd,AKG C417L Microphone,65.0,1,0,0,0.80871964,0.46334505,1,1,adulto
ICB_03753_000,ICB_176,copd,AKG C417L Microphone,65.0,0,0,0,0.32407138,0.40215373,0,0,adulto
ICB_03753_001,ICB_176,copd,AKG C417L Microphone,65.0,1,0,0,0.8170853,0.37870502,1,1,adulto
ICB_03753_002,ICB_176,copd,AKG C417L Microphone,65.0,1,0,0,0.7221598,0.26289788,1,1,adulto
ICB_03753_003,ICB_176,copd,AKG C417L Microphone,65.0,1,0,0,0.8182088,0.2563527,1,1,adulto
ICB_03753_004,ICB_176,copd,AKG C417L Microphone,65.0,1,0,0,0.6800938,0.27052042,1,1,adulto
ICB_03753_005,ICB_176,copd,AKG C417L Microphone,65.0,1,0,0,0.74374396,0.23515365,1,1,adulto
ICB_03753_006,ICB_176,copd,AKG C417L Microphone,65.0,1,0,0,0.84958667,0.18142001,1,1,adulto
ICB_03754_000,ICB_176,copd,AKG C417L Microphone,65.0,1,0,0,0.4791727,0.3078939,0,1,adulto
ICB_03754_001,ICB_176,copd,AKG C417L Microphone,65.0,1,0,0,0.5608136,0.36149684,0,1,adulto
ICB_03754_002,ICB_176,copd,AKG C417L Microphone,65.0,1,0,0,0.40954745,0.2125231,0,1,adulto
ICB_03754_003,ICB_176,copd,AKG C417L Microphone,65.0,1,0,0,0.29493752,0.32649127,0,1,adulto
ICB_03754_004,ICB_176,copd,AKG C417L Microphone,65.0,1,0,0,0.5044264,0.42870736,0,1,adulto
ICB_03754_005,ICB_176,copd,AKG C417L Microphone,65.0,1,0,0,0.46914613,0.27578145,0,1,adulto
ICB_03754_006,ICB_176,copd,AKG C417L Microphone,65.0,1,0,0,0.4420283,0.26735577,0,1,adulto
ICB_03755_000,ICB_177,copd,AKG C417L Microphone,56.0,1,0,0,0.7101592,0.5508706,1,1,adulto
ICB_03755_001,ICB_177,copd,AKG C417L Microphone,56.0,1,0,0,0.75099605,0.21503936,1,1,adulto
ICB_03755_002,ICB_177,copd,AKG C417L Microphone,56.0,1,0,0,0.69352674,0.13868234,1,1,adulto
ICB_03755_003,ICB_177,copd,AKG C417L Microphone,56.0,1,0,0,0.7622718,0.16649672,1,1,adulto
ICB_03756_000,ICB_177,copd,AKG C417L Microphone,56.0,1,0,0,0.7156084,0.73314965,1,1,adulto
ICB_03756_001,ICB_177,copd,AKG C417L Microphone,56.0,0,0,0,0.503403,0.15548348,0,0,adulto
ICB_03756_002,ICB_177,copd,AKG C417L Microphone,56.0,0,0,0,0.64889693,0.32909116,0,0,adulto
ICB_03756_003,ICB_177,copd,AKG C417L Microphone,56.0,1,0,0,0.59178823,0.53549206,0,1,adulto
ICB_03757_000,ICB_177,copd,AKG C417L Microphone,56.0,1,0,0,0.68051463,0.44850457,1,1,adulto
ICB_03757_001,ICB_177,copd,AKG C417L Microphone,56.0,1,0,0,0.630617,0.24868315,0,1,adulto
ICB_03757_002,ICB_177,copd,AKG C417L Microphone,56.0,0,0,0,0.7292506,0.5606245,1,0,adulto
ICB_03757_003,ICB_177,copd,AKG C417L Microphone,56.0,0,0,0,0.6133045,0.34433758,0,0,adulto
ICB_03758_000,ICB_177,copd,AKG C417L Microphone,56.0,1,0,0,0.7209507,0.52269065,1,1,adulto
ICB_03758_001,ICB_177,copd,AKG C417L Microphone,56.0,1,0,0,0.75076956,0.12774321,1,1,adulto
ICB_03758_002,ICB_177,copd,AKG C417L Microphone,56.0,1,0,0,0.6608777,0.3763294,1,1,adulto
ICB_03758_003,ICB_177,copd,AKG C417L Microphone,56.0,1,0,0,0.68954426,0.28706962,1,1,adulto
ICB_03759_000,ICB_177,copd,AKG C417L Microphone,56.0,1,0,0,0.6185996,0.6428448,0,1,adulto
ICB_03759_001,ICB_177,copd,AKG C417L Microphone,56.0,0,1,0,0.6131247,0.46194118,0,2,adulto
ICB_03759_002,ICB_177,copd,AKG C417L Microphone,56.0,0,1,0,0.4718412,0.3685091,0,2,adulto
ICB_03759_003,ICB_177,copd,AKG C417L Microphone,56.0,0,1,0,0.57519835,0.3417862,0,2,adulto
ICB_03760_000,ICB_177,copd,AKG C417L Microphone,56.0,0,0,0,0.6963375,0.41102993,1,0,adulto
ICB_03760_001,ICB_177,copd,AKG C417L Microphone,56.0,0,0,0,0.6066811,0.0825769,0,0,adulto
ICB_03760_002,ICB_177,copd,AKG C417L Microphone,56.0,0,0,0,0.3103655,0.21597865,0,0,adulto
ICB_03760_003,ICB_177,copd,AKG C417L Microphone,56.0,0,0,0,0.3087376,0.14147756,0,0,adulto
ICB_03761_000,ICB_177,copd,AKG C417L Microphone,56.0,1,0,0,0.6278826,0.24626832,0,1,adulto
ICB_03761_001,ICB_177,copd,AKG C417L Microphone,56.0,1,0,0,0.7308888,0.4335413,1,1,adulto
ICB_03761_002,ICB_177,copd,AKG C417L Microphone,56.0,1,0,0,0.77863884,0.20786022,1,1,adulto
ICB_03761_003,ICB_177,copd,AKG C417L Microphone,56.0,1,0,0,0.7523841,0.15192568,1,1,adulto
ICB_03761_004,ICB_177,copd,AKG C417L Microphone,56.0,1,0,0,0.74426925,0.2231557,1,1,adulto
ICB_03762_000,ICB_177,copd,AKG C417L Microphone,56.0,0,0,0,0.6875772,0.42262033,1,0,adulto
ICB_03762_001,ICB_177,copd,AKG C417L Microphone,56.0,0,0,0,0.7797162,0.49300602,1,0,adulto
ICB_03762_002,ICB_177,copd,AKG C417L Microphone,56.0,0,0,0,0.64924484,0.6286181,0,0,adulto
ICB_03762_003,ICB_177,copd,AKG C417L Microphone,56.0,0,0,0,0.67055315,0.5486815,1,0,adulto
ICB_03762_004,ICB_177,copd,AKG C417L Microphone,56.0,0,0,0,0.55550253,0.325552,0,0,adulto
ICB_03763_000,ICB_177,copd,AKG C417L Microphone,56.0,0,0,0,0.7312207,0.37933525,1,0,adulto
ICB_03763_001,ICB_177,copd,AKG C417L Microphone,56.0,0,0,0,0.7186172,0.42698017,1,0,adulto
ICB_03763_002,ICB_177,copd,AKG C417L Microphone,56.0,0,0,0,0.6798776,0.58504343,1,0,adulto
ICB_03763_003,ICB_177,copd,AKG C417L Microphone,56.0,0,0,0,0.81430686,0.39448106,1,0,adulto
ICB_03763_004,ICB_177,copd,AKG C417L Microphone,56.0,0,0,0,0.7431833,0.713512,1,0,adulto
ICB_03764_000,ICB_177,copd,AKG C417L Microphone,56.0,1,0,0,0.7862948,0.24381295,1,1,adulto
ICB_03764_001,ICB_177,copd,AKG C417L Microphone,56.0,1,0,0,0.6546823,0.33334634,1,1,adulto
ICB_03764_002,ICB_177,copd,AKG C417L Microphone,56.0,1,0,0,0.78163785,0.118486166,1,1,adulto
ICB_03764_003,ICB_177,copd,AKG C417L Microphone,56.0,1,0,0,0.6841038,0.24718364,1,1,adulto
ICB_03764_004,ICB_177,copd,AKG C417L Microphone,56.0,1,0,0,0.46319777,0.37023652,0,1,adulto
ICB_03765_000,ICB_177,copd,AKG C417L Microphone,56.0,0,1,0,0.62275916,0.23657311,0,2,adulto
ICB_03765_001,ICB_177,copd,AKG C417L Microphone,56.0,0,1,0,0.7019197,0.1882531,1,2,adulto
ICB_03765_002,ICB_177,copd,AKG C417L Microphone,56.0,1,1,0,0.75583154,0.18579623,1,3,adulto
ICB_03765_003,ICB_177,copd,AKG C417L Microphone,56.0,0,1,0,0.49396765,0.5224741,0,2,adulto
ICB_03765_004,ICB_177,copd,AKG C417L Microphone,56.0,1,1,0,0.40604407,0.13436408,0,3,adulto
ICB_03766_000,ICB_177,copd,AKG C417L Microphone,56.0,0,0,0,0.48857477,0.13670659,0,0,adulto
ICB_03766_001,ICB_177,copd,AKG C417L Microphone,56.0,0,0,0,0.5515158,0.12938324,0,0,adulto
ICB_03766_002,ICB_177,copd,AKG C417L Microphone,56.0,0,0,0,0.65126467,0.17950757,1,0,adulto
ICB_03766_003,ICB_177,copd,AKG C417L Microphone,56.0,0,0,0,0.38832504,0.17869252,0,0,adulto
ICB_03766_004,ICB_177,copd,AKG C417L Microphone,56.0,0,0,0,0.522118,0.25406995,0,0,adulto
ICB_03767_000,ICB_177,copd,AKG C417L Microphone,56.0,0,0,0,0.5816535,0.41257665,0,0,adulto
ICB_03767_001,ICB_177,copd,AKG C417L Microphone,56.0,1,0,0,0.7011454,0.48713937,1,1,adulto
ICB_03767_002,ICB_177,copd,AKG C417L Microphone,56.0,1,0,0,0.68992233,0.36101225,1,1,adulto
ICB_03767_003,ICB_177,copd,AKG C417L Microphone,56.0,1,0,0,0.8015245,0.2743325,1,1,adulto
ICB_03767_004,ICB_177,copd,AKG C417L Microphone,56.0,0,0,0,0.7580755,0.3399854,1,0,adulto
ICB_03768_000,ICB_177,copd,AKG C417L Microphone,56.0,1,0,0,0.71396554,0.23236693,1,1,adulto
ICB_03768_001,ICB_177,copd,AKG C417L Microphone,56.0,0,0,0,0.7006657,0.12468679,1,0,adulto
ICB_03768_002,ICB_177,copd,AKG C417L Microphone,56.0,1,0,0,0.6022624,0.37578717,0,1,adulto
ICB_03768_003,ICB_177,copd,AKG C417L Microphone,56.0,1,0,0,0.5748017,0.17828079,0,1,adulto
ICB_03768_004,ICB_177,copd,AKG C417L Microphone,56.0,1,0,0,0.51415193,0.26976877,0,1,adulto
ICB_03769_000,ICB_177,copd,AKG C417L Microphone,56.0,1,0,0,0.76944894,0.35615426,1,1,adulto
ICB_03769_001,ICB_177,copd,AKG C417L Microphone,56.0,1,0,0,0.7738063,0.5185874,1,1,adulto
ICB_03769_002,ICB_177,copd,AKG C417L Microphone,56.0,1,0,0,0.8510305,0.25567234,1,1,adulto
ICB_03769_003,ICB_177,copd,AKG C417L Microphone,56.0,1,0,0,0.8402613,0.35760763,1,1,adulto
ICB_03769_004,ICB_177,copd,AKG C417L Microphone,56.0,1,0,0,0.8655312,0.3323214,1,1,adulto
ICB_03770_000,ICB_177,copd,AKG C417L Microphone,56.0,1,0,0,0.7942645,0.41695693,1,1,adulto
ICB_03770_001,ICB_177,copd,AKG C417L Microphone,56.0,1,0,0,0.67302877,0.32293186,1,1,adulto
ICB_03770_002,ICB_177,copd,AKG C417L Microphone,56.0,1,0,0,0.78907216,0.22506456,1,1,adulto
ICB_03770_003,ICB_177,copd,AKG C417L Microphone,56.0,1,0,0,0.8266506,0.245373,1,1,adulto
ICB_03770_004,ICB_177,copd,AKG C417L Microphone,56.0,1,0,0,0.8231608,0.5356422,1,1,adulto
ICB_03771_000,ICB_177,copd,AKG C417L Microphone,56.0,0,0,0,0.68452555,0.5170145,1,0,adulto
ICB_03771_001,ICB_177,copd,AKG C417L Microphone,56.0,0,0,0,0.6552569,0.32232144,1,0,adulto
ICB_03771_002,ICB_177,copd,AKG C417L Microphone,56.0,0,0,0,0.5505866,0.31526464,0,0,adulto
ICB_03771_003,ICB_177,copd,AKG C417L Microphone,56.0,0,0,0,0.64727205,0.32067055,0,0,adulto
ICB_03771_004,ICB_177,copd,AKG C417L Microphone,56.0,0,0,0,0.45842445,0.34154114,0,0,adulto
ICB_03798_000,ICB_180,copd,AKG C417L Microphone,93.0,1,1,0,0.5913711,0.73115546,0,3,adulto
ICB_03798_001,ICB_180,copd,AKG C417L Microphone,93.0,1,1,0,0.4762768,0.6282301,0,3,adulto
ICB_03798_002,ICB_180,copd,AKG C417L Microphone,93.0,1,1,0,0.42927462,0.6499272,0,3,adulto
ICB_03798_003,ICB_180,copd,AKG C417L Microphone,93.0,1,1,0,0.5159315,0.8452146,2,3,adulto
ICB_03798_004,ICB_180,copd,AKG C417L Microphone,93.0,1,1,0,0.56958663,0.5362074,0,3,adulto
ICB_03798_005,ICB_180,copd,AKG C417L Microphone,93.0,0,1,0,0.14706968,0.90753675,2,2,adulto
ICB_03799_000,ICB_180,copd,AKG C417L Microphone,93.0,1,1,0,0.23997897,0.7363545,0,3,adulto
ICB_03799_001,ICB_180,copd,AKG C417L Microphone,93.0,1,1,0,0.3234198,0.45773593,0,3,adulto
ICB_03799_002,ICB_180,copd,AKG C417L Microphone,93.0,1,1,0,0.34872767,0.8361591,2,3,adulto
ICB_03799_003,ICB_180,copd,AKG C417L Microphone,93.0,1,1,0,0.3260341,0.8628359,2,3,adulto
ICB_03799_004,ICB_180,copd,AKG C417L Microphone,93.0,1,1,0,0.24024642,0.886551,2,3,adulto
ICB_03799_005,ICB_180,copd,AKG C417L Microphone,93.0,1,0,0,0.112639695,0.4160948,0,1,adulto
ICB_03800_000,ICB_180,copd,AKG C417L Microphone,93.0,1,1,0,0.71832806,0.5567383,1,3,adulto
ICB_03800_001,ICB_180,copd,AKG C417L Microphone,93.0,1,1,0,0.6854005,0.40843177,1,3,adulto
ICB_03800_002,ICB_180,copd,AKG C417L Microphone,93.0,1,1,0,0.5688623,0.57005763,0,3,adulto
ICB_03800_003,ICB_180,copd,AKG C417L Microphone,93.0,1,1,0,0.73185647,0.5602445,1,3,adulto
ICB_03800_004,ICB_180,copd,AKG C417L Microphone,93.0,1,1,0,0.75503963,0.6744044,1,3,adulto
ICB_03800_005,ICB_180,copd,AKG C417L Microphone,93.0,1,0,0,0.34068078,0.35687575,0,1,adulto
ICB_03801_000,ICB_180,copd,AKG C417L Microphone,93.0,1,1,0,0.3891264,0.49797395,0,3,adulto
ICB_03801_001,ICB_180,copd,AKG C417L Microphone,93.0,1,1,0,0.45049223,0.4091523,0,3,adulto
ICB_03801_002,ICB_180,copd,AKG C417L Microphone,93.0,1,1,0,0.45890975,0.7560507,0,3,adulto
ICB_03801_003,ICB_180,copd,AKG C417L Microphone,93.0,1,1,0,0.7030316,0.60587716,1,3,adulto
ICB_03801_004,ICB_180,copd,AKG C417L Microphone,93.0,1,1,0,0.45933604,0.9024824,2,3,adulto
ICB_03801_005,ICB_180,copd,AKG C417L Microphone,93.0,1,0,0,0.3584486,0.8057881,2,1,adulto
ICB_03802_000,ICB_180,copd,AKG C417L Microphone,93.0,1,1,0,0.44624823,0.8790333,2,3,adulto
ICB_03802_001,ICB_180,copd,AKG C417L Microphone,93.0,1,1,0,0.6260977,0.6190955,0,3,adulto
ICB_03802_002,ICB_180,copd,AKG C417L Microphone,93.0,1,1,0,0.57424057,0.7318184,0,3,adulto
ICB_03802_003,ICB_180,copd,AKG C417L Microphone,93.0,1,1,0,0.6810869,0.8407756,3,3,adulto
ICB_03802_004,ICB_180,copd,AKG C417L Microphone,93.0,1,1,0,0.53823394,0.90627986,2,3,adulto
ICB_03802_005,ICB_180,copd,AKG C417L Microphone,93.0,1,0,0,0.45587492,0.803204,2,1,adulto
ICB_03808_000,ICB_183,normal_lung,AKG C417L Microphone,14.0,1,0,0,0.5917545,0.49428037,0,1,pediátrico (<18)
ICB_03808_001,ICB_183,normal_lung,AKG C417L Microphone,14.0,0,0,0,0.6579594,0.4829929,1,0,pediátrico (<18)
ICB_03808_002,ICB_183,normal_lung,AKG C417L Microphone,14.0,1,0,0,0.7278726,0.31742504,1,1,pediátrico (<18)
ICB_03808_003,ICB_183,normal_lung,AKG C417L Microphone,14.0,0,0,0,0.6443696,0.31437656,0,0,pediátrico (<18)
ICB_03809_000,ICB_183,normal_lung,AKG C417L Microphone,14.0,0,0,0,0.50207096,0.6330115,0,0,pediátrico (<18)
ICB_03809_001,ICB_183,normal_lung,AKG C417L Microphone,14.0,0,0,0,0.40343985,0.50891846,0,0,pediátrico (<18)
ICB_03809_002,ICB_183,normal_lung,AKG C417L Microphone,14.0,0,0,0,0.44579744,0.12537694,0,0,pediátrico (<18)
ICB_03809_003,ICB_183,normal_lung,AKG C417L Microphone,14.0,0,0,0,0.0003099331,0.02700462,0,0,pediátrico (<18)
ICB_03981_000,ICB_207,copd,AKG C417L Microphone,63.0,0,0,0,0.3702069,0.4915622,0,0,adulto
ICB_03981_001,ICB_207,copd,AKG C417L Microphone,63.0,0,0,0,0.42490837,0.44878176,0,0,adulto
ICB_03981_002,ICB_207,copd,AKG C417L Microphone,63.0,0,0,0,0.400276,0.42178985,0,0,adulto
ICB_03981_003,ICB_207,copd,AKG C417L Microphone,63.0,0,0,0,0.49791482,0.43763965,0,0,adulto
ICB_03981_004,ICB_207,copd,AKG C417L Microphone,63.0,0,0,0,0.44896108,0.5405739,0,0,adulto
ICB_03981_005,ICB_207,copd,AKG C417L Microphone,63.0,0,0,0,0.44850448,0.3209837,0,0,adulto
ICB_03982_000,ICB_207,copd,AKG C417L Microphone,63.0,0,0,0,0.59897155,0.7036013,0,0,adulto
ICB_03982_001,ICB_207,copd,AKG C417L Microphone,63.0,0,0,0,0.36883378,0.44478077,0,0,adulto
ICB_03982_002,ICB_207,copd,AKG C417L Microphone,63.0,0,0,0,0.35118094,0.62473315,0,0,adulto
ICB_03982_003,ICB_207,copd,AKG C417L Microphone,63.0,0,0,0,0.41575962,0.3482912,0,0,adulto
ICB_03982_004,ICB_207,copd,AKG C417L Microphone,63.0,0,0,0,0.5213163,0.23870735,0,0,adulto
ICB_03982_005,ICB_207,copd,AKG C417L Microphone,63.0,0,0,0,0.477671,0.43313193,0,0,adulto
ICB_03983_000,ICB_207,copd,AKG C417L Microphone,63.0,0,0,0,0.6056699,0.4602633,0,0,adulto
ICB_03983_001,ICB_207,copd,AKG C417L Microphone,63.0,1,0,0,0.20511022,0.5090197,0,1,adulto
ICB_03983_002,ICB_207,copd,AKG C417L Microphone,63.0,0,0,0,0.30193156,0.40880498,0,0,adulto
ICB_03983_003,ICB_207,copd,AKG C417L Microphone,63.0,1,0,0,0.30759743,0.26679885,0,1,adulto
ICB_03983_004,ICB_207,copd,AKG C417L Microphone,63.0,0,0,0,0.28987333,0.5704913,0,0,adulto
ICB_03983_005,ICB_207,copd,AKG C417L Microphone,63.0,0,0,0,0.34728572,0.4707288,0,0,adulto
ICB_03984_000,ICB_207,copd,AKG C417L Microphone,63.0,0,0,0,0.48594758,0.5512443,0,0,adulto
ICB_03984_001,ICB_207,copd,AKG C417L Microphone,63.0,0,0,0,0.5125156,0.507875,0,0,adulto
ICB_03984_002,ICB_207,copd,AKG C417L Microphone,63.0,0,0,0,0.57701004,0.32059386,0,0,adulto
ICB_03984_003,ICB_207,copd,AKG C417L Microphone,63.0,0,0,0,0.57314795,0.39565063,0,0,adulto
ICB_03984_004,ICB_207,copd,AKG C417L Microphone,63.0,0,0,0,0.6096519,0.28360292,0,0,adulto
ICB_03984_005,ICB_207,copd,AKG C417L Microphone,63.0,0,0,0,0.59247214,0.41227308,0,0,adulto
ICB_03985_000,ICB_207,copd,AKG C417L Microphone,63.0,0,0,0,0.39137807,0.32337266,0,0,adulto
ICB_03985_001,ICB_207,copd,AKG C417L Microphone,63.0,0,0,0,0.43812153,0.30966547,0,0,adulto
ICB_03985_002,ICB_207,copd,AKG C417L Microphone,63.0,0,0,0,0.33386904,0.2248402,0,0,adulto
ICB_03985_003,ICB_207,copd,AKG C417L Microphone,63.0,0,0,0,0.36506507,0.42776653,0,0,adulto
ICB_03985_004,ICB_207,copd,AKG C417L Microphone,63.0,0,0,0,0.59956926,0.23106925,0,0,adulto
ICB_03985_005,ICB_207,copd,AKG C417L Microphone,63.0,0,0,0,0.39968508,0.29365453,0,0,adulto
ICB_03986_000,ICB_207,copd,AKG C417L Microphone,63.0,0,0,0,0.28947935,0.31281322,0,0,adulto
ICB_03986_001,ICB_207,copd,AKG C417L Microphone,63.0,1,0,0,0.39690387,0.4921478,0,1,adulto
ICB_03986_002,ICB_207,copd,AKG C417L Microphone,63.0,1,0,0,0.34298676,0.4569522,0,1,adulto
ICB_03986_003,ICB_207,copd,AKG C417L Microphone,63.0,0,0,0,0.24050978,0.5406601,0,0,adulto
ICB_03986_004,ICB_207,copd,AKG C417L Microphone,63.0,0,0,0,0.5698741,0.35768417,0,0,adulto
ICB_03986_005,ICB_207,copd,AKG C417L Microphone,63.0,0,0,0,0.45386398,0.7621982,0,0,adulto
ICB_03987_000,ICB_207,copd,AKG C417L Microphone,63.0,0,0,0,0.36809513,0.40542707,0,0,adulto
ICB_03987_001,ICB_207,copd,AKG C417L Microphone,63.0,0,0,0,0.36270338,0.47786355,0,0,adulto
ICB_03987_002,ICB_207,copd,AKG C417L Microphone,63.0,1,0,0,0.37432712,0.68427896,0,1,adulto
ICB_03987_003,ICB_207,copd,AKG C417L Microphone,63.0,0,0,0,0.3644447,0.5538777,0,0,adulto
ICB_03987_004,ICB_207,copd,AKG C417L Microphone,63.0,0,0,0,0.49131384,0.5121985,0,0,adulto
ICB_03987_005,ICB_207,copd,AKG C417L Microphone,63.0,0,0,0,0.61158717,0.77959317,0,0,adulto
ICB_03988_000,ICB_207,copd,AKG C417L Microphone,63.0,0,0,0,0.3490242,0.29522923,0,0,adulto
ICB_03988_001,ICB_207,copd,AKG C417L Microphone,63.0,0,0,0,0.3429732,0.364987,0,0,adulto
ICB_03988_002,ICB_207,copd,AKG C417L Microphone,63.0,0,0,0,0.6545279,0.3598491,1,0,adulto
ICB_03988_003,ICB_207,copd,AKG C417L Microphone,63.0,1,0,0,0.5928621,0.55906993,0,1,adulto
ICB_03988_004,ICB_207,copd,AKG C417L Microphone,63.0,0,0,0,0.52979624,0.48955157,0,0,adulto
ICB_03988_005,ICB_207,copd,AKG C417L Microphone,63.0,1,0,0,0.68518835,0.65949243,1,1,adulto
ICB_03989_000,ICB_207,copd,AKG C417L Microphone,63.0,0,0,0,0.4379339,0.46956196,0,0,adulto
ICB_03989_001,ICB_207,copd,AKG C417L Microphone,63.0,0,0,0,0.5513281,0.6673786,0,0,adulto
ICB_03989_002,ICB_207,copd,AKG C417L Microphone,63.0,0,0,0,0.57576096,0.53459376,0,0,adulto
ICB_03989_003,ICB_207,copd,AKG C417L Microphone,63.0,0,0,0,0.40857914,0.6810034,0,0,adulto
ICB_03989_004,ICB_207,copd,AKG C417L Microphone,63.0,0,0,0,0.6391147,0.26371673,0,0,adulto
ICB_03989_005,ICB_207,copd,AKG C417L Microphone,63.0,0,0,0,0.7039115,0.74805915,1,0,adulto
ICB_03990_000,ICB_207,copd,AKG C417L Microphone,63.0,0,0,0,0.25699544,0.23344351,0,0,adulto
ICB_03990_001,ICB_207,copd,AKG C417L Microphone,63.0,0,0,0,0.2840322,0.37336215,0,0,adulto
ICB_03990_002,ICB_207,copd,AKG C417L Microphone,63.0,0,0,0,0.33339947,0.46190506,0,0,adulto
ICB_03990_003,ICB_207,copd,AKG C417L Microphone,63.0,0,0,0,0.29761964,0.15270211,0,0,adulto
ICB_03990_004,ICB_207,copd,AKG C417L Microphone,63.0,0,0,0,0.3973898,0.35538524,0,0,adulto
ICB_03990_005,ICB_207,copd,AKG C417L Microphone,63.0,0,0,0,0.48816597,0.17691782,0,0,adulto
ICB_03991_000,ICB_207,copd,AKG C417L Microphone,63.0,1,0,0,0.49897364,0.29685694,0,1,adulto
ICB_03991_001,ICB_207,copd,AKG C417L Microphone,63.0,1,0,0,0.50447273,0.13503595,0,1,adulto
ICB_03991_002,ICB_207,copd,AKG C417L Microphone,63.0,0,0,0,0.33506498,0.425109,0,0,adulto
ICB_03991_003,ICB_207,copd,AKG C417L Microphone,63.0,1,0,0,0.40586147,0.23797138,0,1,adulto
ICB_03991_004,ICB_207,copd,AKG C417L Microphone,63.0,1,0,0,0.50318545,0.2511176,0,1,adulto
ICB_03992_000,ICB_207,copd,AKG C417L Microphone,63.0,1,0,0,0.28132892,0.7582337,0,1,adulto
ICB_03992_001,ICB_207,copd,AKG C417L Microphone,63.0,1,0,0,0.396344,0.5594241,0,1,adulto
ICB_03992_002,ICB_207,copd,AKG C417L Microphone,63.0,1,0,0,0.5043134,0.47997987,0,1,adulto
ICB_03992_003,ICB_207,copd,AKG C417L Microphone,63.0,1,0,0,0.51888907,0.47500387,0,1,adulto
ICB_03992_004,ICB_207,copd,AKG C417L Microphone,63.0,1,0,0,0.52174383,0.4193623,0,1,adulto
ICB_03993_000,ICB_207,copd,AKG C417L Microphone,63.0,0,0,0,0.69608444,0.6986013,1,0,adulto
ICB_03993_001,ICB_207,copd,AKG C417L Microphone,63.0,1,0,0,0.6832032,0.60107106,1,1,adulto
ICB_03993_002,ICB_207,copd,AKG C417L Microphone,63.0,1,0,0,0.5290456,0.46711072,0,1,adulto
ICB_03993_003,ICB_207,copd,AKG C417L Microphone,63.0,1,0,0,0.46724117,0.68302196,0,1,adulto
ICB_03993_004,ICB_207,copd,AKG C417L Microphone,63.0,0,0,0,0.45872366,0.7260406,0,0,adulto
ICB_03994_000,ICB_207,copd,AKG C417L Microphone,63.0,1,0,0,0.58351564,0.37544903,0,1,adulto
ICB_03994_001,ICB_207,copd,AKG C417L Microphone,63.0,1,0,0,0.73136264,0.4474003,1,1,adulto
ICB_03994_002,ICB_207,copd,AKG C417L Microphone,63.0,1,0,0,0.70729315,0.49126413,1,1,adulto
ICB_03994_003,ICB_207,copd,AKG C417L Microphone,63.0,0,0,0,0.7325505,0.48909628,1,0,adulto
ICB_03994_004,ICB_207,copd,AKG C417L Microphone,63.0,0,0,0,0.6023851,0.4992072,0,0,adulto
ICB_03995_000,ICB_207,copd,AKG C417L Microphone,63.0,0,0,0,0.5917986,0.32145843,0,0,adulto
ICB_03995_001,ICB_207,copd,AKG C417L Microphone,63.0,0,0,0,0.7310832,0.39469662,1,0,adulto
ICB_03995_002,ICB_207,copd,AKG C417L Microphone,63.0,0,1,0,0.45179307,0.5178706,0,2,adulto
ICB_03995_003,ICB_207,copd,AKG C417L Microphone,63.0,0,0,0,0.48066965,0.4104584,0,0,adulto
ICB_03995_004,ICB_207,copd,AKG C417L Microphone,63.0,0,0,0,0.6718565,0.52871114,1,0,adulto
ICB_03996_000,ICB_207,copd,AKG C417L Microphone,63.0,0,0,0,0.32887572,0.092358336,0,0,adulto
ICB_03996_001,ICB_207,copd,AKG C417L Microphone,63.0,0,0,0,0.498454,0.31676346,0,0,adulto
ICB_03996_002,ICB_207,copd,AKG C417L Microphone,63.0,0,0,0,0.4031998,0.35579768,0,0,adulto
ICB_03996_003,ICB_207,copd,AKG C417L Microphone,63.0,0,0,0,0.42622754,0.59388673,0,0,adulto
ICB_03996_004,ICB_207,copd,AKG C417L Microphone,63.0,0,0,0,0.6944871,0.25836012,1,0,adulto
ICB_03996_005,ICB_207,copd,AKG C417L Microphone,63.0,0,0,0,0.547645,0.5769951,0,0,adulto
ICB_03996_006,ICB_207,copd,AKG C417L Microphone,63.0,0,0,0,0.580833,0.2811839,0,0,adulto
ICB_03996_007,ICB_207,copd,AKG C417L Microphone,63.0,0,0,0,0.58748704,0.66243494,0,0,adulto
ICB_03996_008,ICB_207,copd,AKG C417L Microphone,63.0,0,0,0,0.5946392,0.43857792,0,0,adulto
ICB_03997_000,ICB_207,copd,AKG C417L Microphone,63.0,0,0,0,0.21981412,0.039439343,0,0,adulto
ICB_03997_001,ICB_207,copd,AKG C417L Microphone,63.0,0,0,0,0.54469633,0.54138345,0,0,adulto
ICB_03997_002,ICB_207,copd,AKG C417L Microphone,63.0,0,0,0,0.24052821,0.49493665,0,0,adulto
ICB_03997_003,ICB_207,copd,AKG C417L Microphone,63.0,0,0,0,0.42458782,0.44885,0,0,adulto
ICB_03997_004,ICB_207,copd,AKG C417L Microphone,63.0,0,0,0,0.4851033,0.33170313,0,0,adulto
ICB_03997_005,ICB_207,copd,AKG C417L Microphone,63.0,0,0,0,0.31116077,0.5706473,0,0,adulto
ICB_03997_006,ICB_207,copd,AKG C417L Microphone,63.0,0,0,0,0.39699227,0.24138878,0,0,adulto
ICB_03997_007,ICB_207,copd,AKG C417L Microphone,63.0,0,0,0,0.4688461,0.34985182,0,0,adulto
ICB_03997_008,ICB_207,copd,AKG C417L Microphone,63.0,0,0,0,0.30223387,0.31509846,0,0,adulto
ICB_03998_000,ICB_207,copd,AKG C417L Microphone,63.0,0,0,0,0.41309997,0.43613848,0,0,adulto
ICB_03998_001,ICB_207,copd,AKG C417L Microphone,63.0,0,0,0,0.63508654,0.26129425,0,0,adulto
ICB_03998_002,ICB_207,copd,AKG C417L Microphone,63.0,0,0,0,0.4298151,0.55332184,0,0,adulto
ICB_03998_003,ICB_207,copd,AKG C417L Microphone,63.0,0,0,0,0.47653073,0.3313629,0,0,adulto
ICB_03998_004,ICB_207,copd,AKG C417L Microphone,63.0,0,0,0,0.58652496,0.2966762,0,0,adulto
ICB_03998_005,ICB_207,copd,AKG C417L Microphone,63.0,0,0,0,0.6392092,0.34948263,0,0,adulto
ICB_03998_006,ICB_207,copd,AKG C417L Microphone,63.0,0,0,0,0.56016934,0.27442366,0,0,adulto
ICB_03998_007,ICB_207,copd,AKG C417L Microphone,63.0,0,0,0,0.5786767,0.38051262,0,0,adulto
ICB_03998_008,ICB_207,copd,AKG C417L Microphone,63.0,0,0,0,0.50910246,0.42365423,0,0,adulto
ICB_03999_000,ICB_207,copd,AKG C417L Microphone,63.0,0,0,0,0.3396389,0.3060894,0,0,adulto
ICB_03999_001,ICB_207,copd,AKG C417L Microphone,63.0,0,0,0,0.3021289,0.37662426,0,0,adulto
ICB_03999_002,ICB_207,copd,AKG C417L Microphone,63.0,0,0,0,0.37875652,0.15967773,0,0,adulto
ICB_03999_003,ICB_207,copd,AKG C417L Microphone,63.0,0,0,0,0.33578062,0.097787924,0,0,adulto
ICB_03999_004,ICB_207,copd,AKG C417L Microphone,63.0,0,0,0,0.28984654,0.16037345,0,0,adulto
ICB_03999_005,ICB_207,copd,AKG C417L Microphone,63.0,0,0,0,0.24392852,0.34450787,0,0,adulto
ICB_03999_006,ICB_207,copd,AKG C417L Microphone,63.0,0,0,0,0.33005616,0.21060178,0,0,adulto
ICB_03999_007,ICB_207,copd,AKG C417L Microphone,63.0,0,0,0,0.3726008,0.4702648,0,0,adulto
ICB_03999_008,ICB_207,copd,AKG C417L Microphone,63.0,0,0,0,0.5024815,0.14054401,0,0,adulto
ICB_04000_000,ICB_207,copd,AKG C417L Microphone,63.0,0,0,0,0.4214486,0.35654816,0,0,adulto
ICB_04000_001,ICB_207,copd,AKG C417L Microphone,63.0,0,0,0,0.5980041,0.52987,0,0,adulto
ICB_04000_002,ICB_207,copd,AKG C417L Microphone,63.0,0,0,0,0.5606804,0.4518721,0,0,adulto
ICB_04000_003,ICB_207,copd,AKG C417L Microphone,63.0,0,0,0,0.72713035,0.22800669,1,0,adulto
ICB_04000_004,ICB_207,copd,AKG C417L Microphone,63.0,0,0,0,0.45399013,0.45715022,0,0,adulto
ICB_04000_005,ICB_207,copd,AKG C417L Microphone,63.0,0,0,0,0.34046543,0.59328264,0,0,adulto
ICB_04000_006,ICB_207,copd,AKG C417L Microphone,63.0,0,0,0,0.5175311,0.22021778,0,0,adulto
ICB_04000_007,ICB_207,copd,AKG C417L Microphone,63.0,0,0,0,0.508881,0.21998055,0,0,adulto
ICB_04000_008,ICB_207,copd,AKG C417L Microphone,63.0,0,0,0,0.41556048,0.2547308,0,0,adulto
ICB_04001_000,ICB_207,copd,AKG C417L Microphone,63.0,0,0,0,0.17603405,0.12359973,0,0,adulto
ICB_04001_001,ICB_207,copd,AKG C417L Microphone,63.0,0,0,0,0.28565505,0.24102214,0,0,adulto
ICB_04001_002,ICB_207,copd,AKG C417L Microphone,63.0,0,0,0,0.16271192,0.56290334,0,0,adulto
ICB_04001_003,ICB_207,copd,AKG C417L Microphone,63.0,0,0,0,0.16419736,0.25269994,0,0,adulto
ICB_04001_004,ICB_207,copd,AKG C417L Microphone,63.0,0,0,0,0.3229071,0.13760251,0,0,adulto
ICB_04001_005,ICB_207,copd,AKG C417L Microphone,63.0,0,0,0,0.29368955,0.3684326,0,0,adulto
ICB_04001_006,ICB_207,copd,AKG C417L Microphone,63.0,0,0,0,0.38061264,0.3004824,0,0,adulto
ICB_04001_007,ICB_207,copd,AKG C417L Microphone,63.0,0,0,0,0.09815236,0.3636063,0,0,adulto
ICB_04001_008,ICB_207,copd,AKG C417L Microphone,63.0,0,0,0,0.3772634,0.34634575,0,0,adulto
ICB_04035_000,ICB_214,normal_lung,AKG C417L Microphone,5.0,0,0,0,0.5912443,0.32075697,0,0,pediátrico (<18)
ICB_04035_001,ICB_214,normal_lung,AKG C417L Microphone,5.0,0,0,0,0.46514684,0.32175434,0,0,pediátrico (<18)
ICB_04035_002,ICB_214,normal_lung,AKG C417L Microphone,5.0,0,0,0,0.45207253,0.18728696,0,0,pediátrico (<18)
ICB_04035_003,ICB_214,normal_lung,AKG C417L Microphone,5.0,0,0,0,0.5766382,0.40611306,0,0,pediátrico (<18)
ICB_04035_004,ICB_214,normal_lung,AKG C417L Microphone,5.0,0,0,0,0.4487386,0.39191929,0,0,pediátrico (<18)
ICB_04035_005,ICB_214,normal_lung,AKG C417L Microphone,5.0,0,0,0,0.51299036,0.49440166,0,0,pediátrico (<18)
ICB_04035_006,ICB_214,normal_lung,AKG C417L Microphone,5.0,0,0,0,0.57285804,0.46465796,0,0,pediátrico (<18)
ICB_04038_000,ICB_216,bronchiolitis_asthma,AKG C417L Microphone,1.0,1,0,0,0.07172801,0.024433602,0,1,pediátrico (<18)
ICB_04038_001,ICB_216,bronchiolitis_asthma,AKG C417L Microphone,1.0,0,0,0,0.6659778,0.21227552,1,0,pediátrico (<18)
ICB_04038_002,ICB_216,bronchiolitis_asthma,AKG C417L Microphone,1.0,1,0,0,0.23675562,0.22489062,0,1,pediátrico (<18)
ICB_04038_003,ICB_216,bronchiolitis_asthma,AKG C417L Microphone,1.0,1,0,0,0.110355325,0.12647389,0,1,pediátrico (<18)
ICB_04038_004,ICB_216,bronchiolitis_asthma,AKG C417L Microphone,1.0,1,0,0,0.2569681,0.13731004,0,1,pediátrico (<18)
ICB_04038_005,ICB_216,bronchiolitis_asthma,AKG C417L Microphone,1.0,0,0,0,0.40377402,0.29283717,0,0,pediátrico (<18)
ICB_04038_006,ICB_216,bronchiolitis_asthma,AKG C417L Microphone,1.0,0,0,0,0.0837194,0.027910445,0,0,pediátrico (<18)
ICB_04038_007,ICB_216,bronchiolitis_asthma,AKG C417L Microphone,1.0,0,0,0,0.5523403,0.18071412,0,0,pediátrico (<18)
ICB_04038_008,ICB_216,bronchiolitis_asthma,AKG C417L Microphone,1.0,0,0,0,0.43184975,0.16749595,0,0,pediátrico (<18)
ICB_04038_009,ICB_216,bronchiolitis_asthma,AKG C417L Microphone,1.0,0,0,0,0.1879783,0.086384535,0,0,pediátrico (<18)
ICB_04038_010,ICB_216,bronchiolitis_asthma,AKG C417L Microphone,1.0,0,0,0,0.24240892,0.14381738,0,0,pediátrico (<18)
ICB_04038_011,ICB_216,bronchiolitis_asthma,AKG C417L Microphone,1.0,0,0,0,0.06027009,0.4852782,0,0,pediátrico (<18)
ICB_04039_000,ICB_216,bronchiolitis_asthma,AKG C417L Microphone,1.0,0,1,0,0.7224616,0.34376746,1,2,pediátrico (<18)
ICB_04039_001,ICB_216,bronchiolitis_asthma,AKG C417L Microphone,1.0,0,1,0,0.37637004,0.7443991,0,2,pediátrico (<18)
ICB_04039_002,ICB_216,bronchiolitis_asthma,AKG C417L Microphone,1.0,0,1,0,0.39126232,0.7965572,0,2,pediátrico (<18)
ICB_04039_003,ICB_216,bronchiolitis_asthma,AKG C417L Microphone,1.0,0,1,0,0.26775447,0.75813186,0,2,pediátrico (<18)
ICB_04039_004,ICB_216,bronchiolitis_asthma,AKG C417L Microphone,1.0,0,1,0,0.13284363,0.7749314,0,2,pediátrico (<18)
ICB_04039_005,ICB_216,bronchiolitis_asthma,AKG C417L Microphone,1.0,0,1,0,0.605093,0.47533783,0,2,pediátrico (<18)
ICB_04039_006,ICB_216,bronchiolitis_asthma,AKG C417L Microphone,1.0,0,1,0,0.53240967,0.32599524,0,2,pediátrico (<18)
ICB_04039_007,ICB_216,bronchiolitis_asthma,AKG C417L Microphone,1.0,0,1,0,0.36697564,0.61159647,0,2,pediátrico (<18)
ICB_04039_008,ICB_216,bronchiolitis_asthma,AKG C417L Microphone,1.0,0,0,0,0.19030687,0.5403805,0,0,pediátrico (<18)
ICB_04039_009,ICB_216,bronchiolitis_asthma,AKG C417L Microphone,1.0,0,0,0,0.7428198,0.6325833,1,0,pediátrico (<18)
ICB_04049_000,ICB_219,pneumonia,3M Littmann Classic II SE,81.0,0,0,0,0.6293178,0.2728477,0,0,adulto
ICB_04049_001,ICB_219,pneumonia,3M Littmann Classic II SE,81.0,0,0,0,0.6102187,0.5279723,0,0,adulto
ICB_04049_002,ICB_219,pneumonia,3M Littmann Classic II SE,81.0,0,0,0,0.6525717,0.6718867,1,0,adulto
ICB_04049_003,ICB_219,pneumonia,3M Littmann Classic II SE,81.0,0,0,0,0.6544283,0.54272264,1,0,adulto
ICB_04049_004,ICB_219,pneumonia,3M Littmann Classic II SE,81.0,0,0,0,0.4916254,0.39285976,0,0,adulto
ICB_04050_000,ICB_219,pneumonia,3M Littmann Classic II SE,81.0,0,0,0,0.69764316,0.6721509,1,0,adulto
ICB_04050_001,ICB_219,pneumonia,3M Littmann Classic II SE,81.0,0,0,0,0.7025323,0.6876276,1,0,adulto
ICB_04050_002,ICB_219,pneumonia,3M Littmann Classic II SE,81.0,0,0,0,0.61764747,0.47350848,0,0,adulto
ICB_04050_003,ICB_219,pneumonia,3M Littmann Classic II SE,81.0,0,0,0,0.6042845,0.2888018,0,0,adulto
ICB_04050_004,ICB_219,pneumonia,3M Littmann Classic II SE,81.0,0,0,0,0.5702935,0.40278968,0,0,adulto
ICB_04051_000,ICB_219,pneumonia,3M Littmann Classic II SE,81.0,0,0,0,0.71724033,0.35924125,1,0,adulto
ICB_04051_001,ICB_219,pneumonia,3M Littmann Classic II SE,81.0,0,0,0,0.6695269,0.4402991,1,0,adulto
ICB_04051_002,ICB_219,pneumonia,3M Littmann Classic II SE,81.0,1,0,0,0.7186218,0.6590031,1,1,adulto
ICB_04051_003,ICB_219,pneumonia,3M Littmann Classic II SE,81.0,0,0,0,0.49301356,0.3750587,0,0,adulto
ICB_04051_004,ICB_219,pneumonia,3M Littmann Classic II SE,81.0,0,0,0,0.63217205,0.4554963,0,0,adulto
ICB_04052_000,ICB_219,pneumonia,3M Littmann Classic II SE,81.0,0,0,0,0.53064257,0.25492275,0,0,adulto
ICB_04052_001,ICB_219,pneumonia,3M Littmann Classic II SE,81.0,0,0,0,0.5730219,0.4167641,0,0,adulto
ICB_04052_002,ICB_219,pneumonia,3M Littmann Classic II SE,81.0,0,0,0,0.71117383,0.40427545,1,0,adulto
ICB_04052_003,ICB_219,pneumonia,3M Littmann Classic II SE,81.0,0,0,0,0.44618082,0.18170506,0,0,adulto
ICB_04052_004,ICB_219,pneumonia,3M Littmann Classic II SE,81.0,0,0,0,0.52839696,0.3764938,0,0,adulto
ICB_04052_005,ICB_219,pneumonia,3M Littmann Classic II SE,81.0,0,0,0,0.18952103,0.30447203,0,0,adulto
ICB_04053_000,ICB_219,pneumonia,3M Littmann Classic II SE,81.0,0,0,0,0.6439682,0.5920478,0,0,adulto
ICB_04053_001,ICB_219,pneumonia,3M Littmann Classic II SE,81.0,0,0,0,0.6504055,0.2549744,1,0,adulto
ICB_04053_002,ICB_219,pneumonia,3M Littmann Classic II SE,81.0,0,0,0,0.46094206,0.6545076,0,0,adulto
ICB_04053_003,ICB_219,pneumonia,3M Littmann Classic II SE,81.0,0,0,0,0.5356653,0.27999288,0,0,adulto
ICB_04053_004,ICB_219,pneumonia,3M Littmann Classic II SE,81.0,0,0,0,0.5840923,0.43518403,0,0,adulto
ICB_04071_000,ICB_223,copd,WelchAllyn Meditron Master Elite,,0,0,0,0.5269869,0.35909805,0,0,desconocida
ICB_04071_001,ICB_223,copd,WelchAllyn Meditron Master Elite,,0,0,0,0.22672237,0.6589311,0,0,desconocida
ICB_04071_002,ICB_223,copd,WelchAllyn Meditron Master Elite,,0,0,0,0.5696613,0.22826964,0,0,desconocida
ICB_04071_003,ICB_223,copd,WelchAllyn Meditron Master Elite,,0,0,0,0.58410037,0.23943667,0,0,desconocida
ICB_04071_004,ICB_223,copd,WelchAllyn Meditron Master Elite,,0,0,0,0.74105895,0.3081995,1,0,desconocida
ICB_04071_005,ICB_223,copd,WelchAllyn Meditron Master Elite,,0,0,0,0.436839,0.48928794,0,0,desconocida
ICB_04071_006,ICB_223,copd,WelchAllyn Meditron Master Elite,,0,0,0,0.76617,0.40322015,1,0,desconocida
ICB_04071_007,ICB_223,copd,WelchAllyn Meditron Master Elite,,0,0,0,0.5130745,0.38577572,0,0,desconocida
ICB_04071_008,ICB_223,copd,WelchAllyn Meditron Master Elite,,0,0,0,0.3672622,0.5632579,0,0,desconocida
ICB_04071_009,ICB_223,copd,WelchAllyn Meditron Master Elite,,0,0,0,0.7502162,0.5457417,1,0,desconocida
ICB_04072_000,ICB_223,copd,WelchAllyn Meditron Master Elite,,0,1,0,0.36813602,0.29336807,0,2,desconocida
ICB_04072_001,ICB_223,copd,WelchAllyn Meditron Master Elite,,0,1,0,0.5458729,0.42827204,0,2,desconocida
ICB_04072_002,ICB_223,copd,WelchAllyn Meditron Master Elite,,0,1,0,0.26914293,0.15794407,0,2,desconocida
ICB_04072_003,ICB_223,copd,WelchAllyn Meditron Master Elite,,0,1,0,0.62194914,0.23851053,0,2,desconocida
ICB_04072_004,ICB_223,copd,WelchAllyn Meditron Master Elite,,0,1,0,0.4315661,0.49541262,0,2,desconocida
ICB_04072_005,ICB_223,copd,WelchAllyn Meditron Master Elite,,0,1,0,0.40844074,0.27414867,0,2,desconocida
ICB_04072_006,ICB_223,copd,WelchAllyn Meditron Master Elite,,0,1,0,0.53568417,0.24976264,0,2,desconocida
ICB_04072_007,ICB_223,copd,WelchAllyn Meditron Master Elite,,0,1,0,0.43982527,0.3531875,0,2,desconocida
ICB_04072_008,ICB_223,copd,WelchAllyn Meditron Master Elite,,0,1,0,0.37220588,0.40601918,0,2,desconocida
ICB_04072_009,ICB_223,copd,WelchAllyn Meditron Master Elite,,0,1,0,0.61894965,0.46442553,0,2,desconocida
ICB_04073_000,ICB_223,copd,WelchAllyn Meditron Master Elite,,1,0,0,0.7502907,0.4495945,1,1,desconocida
ICB_04073_001,ICB_223,copd,WelchAllyn Meditron Master Elite,,0,0,0,0.3778826,0.20335898,0,0,desconocida
ICB_04073_002,ICB_223,copd,WelchAllyn Meditron Master Elite,,1,0,0,0.6435224,0.48338237,0,1,desconocida
ICB_04073_003,ICB_223,copd,WelchAllyn Meditron Master Elite,,1,0,0,0.454645,0.4396737,0,1,desconocida
ICB_04073_004,ICB_223,copd,WelchAllyn Meditron Master Elite,,1,0,0,0.6297951,0.52009726,0,1,desconocida
ICB_04073_005,ICB_223,copd,WelchAllyn Meditron Master Elite,,1,0,0,0.4045835,0.3062998,0,1,desconocida
ICB_04073_006,ICB_223,copd,WelchAllyn Meditron Master Elite,,1,0,0,0.76359814,0.3646217,1,1,desconocida
ICB_04073_007,ICB_223,copd,WelchAllyn Meditron Master Elite,,1,0,0,0.61152244,0.27674055,0,1,desconocida
ICB_04073_008,ICB_223,copd,WelchAllyn Meditron Master Elite,,1,0,0,0.528789,0.71065646,0,1,desconocida
ICB_04073_009,ICB_223,copd,WelchAllyn Meditron Master Elite,,1,0,0,0.64392143,0.18631531,0,1,desconocida
ICB_04074_000,ICB_223,copd,WelchAllyn Meditron Master Elite,,1,0,0,0.50052404,0.76449674,0,1,desconocida
ICB_04074_001,ICB_223,copd,WelchAllyn Meditron Master Elite,,1,0,0,0.40207928,0.13054307,0,1,desconocida
ICB_04074_002,ICB_223,copd,WelchAllyn Meditron Master Elite,,1,0,0,0.19911733,0.1195852,0,1,desconocida
ICB_04074_003,ICB_223,copd,WelchAllyn Meditron Master Elite,,1,0,0,0.3014569,0.4277939,0,1,desconocida
ICB_04074_004,ICB_223,copd,WelchAllyn Meditron Master Elite,,1,0,0,0.68305665,0.30552387,1,1,desconocida
ICB_04074_005,ICB_223,copd,WelchAllyn Meditron Master Elite,,1,0,0,0.30461732,0.1046273,0,1,desconocida
ICB_04074_006,ICB_223,copd,WelchAllyn Meditron Master Elite,,1,0,0,0.5463375,0.49873316,0,1,desconocida
ICB_04074_007,ICB_223,copd,WelchAllyn Meditron Master Elite,,1,0,0,0.42948425,0.24979879,0,1,desconocida
ICB_04074_008,ICB_223,copd,WelchAllyn Meditron Master Elite,,1,0,0,0.5503046,0.44210228,0,1,desconocida
ICB_04074_009,ICB_223,copd,WelchAllyn Meditron Master Elite,,1,0,0,0.5702551,0.63709927,0,1,desconocida
ICB_04075_000,ICB_223,copd,WelchAllyn Meditron Master Elite,,0,0,0,0.4918379,0.53883547,0,0,desconocida
ICB_04075_001,ICB_223,copd,WelchAllyn Meditron Master Elite,,0,0,0,0.5241574,0.3009969,0,0,desconocida
ICB_04075_002,ICB_223,copd,WelchAllyn Meditron Master Elite,,0,0,0,0.49108732,0.79629666,0,0,desconocida
ICB_04075_003,ICB_223,copd,WelchAllyn Meditron Master Elite,,0,0,0,0.4716635,0.65890634,0,0,desconocida
ICB_04075_004,ICB_223,copd,WelchAllyn Meditron Master Elite,,0,0,0,0.4704721,0.2320989,0,0,desconocida
ICB_04075_005,ICB_223,copd,WelchAllyn Meditron Master Elite,,0,0,0,0.36483195,0.5486556,0,0,desconocida
ICB_04075_006,ICB_223,copd,WelchAllyn Meditron Master Elite,,0,0,0,0.3557859,0.62708974,0,0,desconocida
ICB_04075_007,ICB_223,copd,WelchAllyn Meditron Master Elite,,0,0,0,0.4850915,0.40974885,0,0,desconocida
ICB_04075_008,ICB_223,copd,WelchAllyn Meditron Master Elite,,0,0,0,0.3467536,0.7199354,0,0,desconocida
ICB_04075_009,ICB_223,copd,WelchAllyn Meditron Master Elite,,0,0,0,0.42292085,0.5468013,0,0,desconocida
ICB_04075_010,ICB_223,copd,WelchAllyn Meditron Master Elite,,0,0,0,0.71001846,0.3968763,1,0,desconocida
ICB_04076_000,ICB_223,copd,WelchAllyn Meditron Master Elite,,0,0,0,0.58573866,0.3259688,0,0,desconocida
ICB_04076_001,ICB_223,copd,WelchAllyn Meditron Master Elite,,0,0,0,0.5664885,0.4088202,0,0,desconocida
ICB_04076_002,ICB_223,copd,WelchAllyn Meditron Master Elite,,0,0,0,0.3102915,0.9087967,2,0,desconocida
ICB_04076_003,ICB_223,copd,WelchAllyn Meditron Master Elite,,0,0,0,0.23299286,0.46934727,0,0,desconocida
ICB_04076_004,ICB_223,copd,WelchAllyn Meditron Master Elite,,0,0,0,0.53921723,0.33256942,0,0,desconocida
ICB_04076_005,ICB_223,copd,WelchAllyn Meditron Master Elite,,0,0,0,0.41552746,0.5805024,0,0,desconocida
ICB_04076_006,ICB_223,copd,WelchAllyn Meditron Master Elite,,0,0,0,0.50030494,0.588471,0,0,desconocida
ICB_04076_007,ICB_223,copd,WelchAllyn Meditron Master Elite,,0,1,0,0.39196143,0.7830843,0,2,desconocida
ICB_04076_008,ICB_223,copd,WelchAllyn Meditron Master Elite,,0,1,0,0.57389057,0.39086118,0,2,desconocida
ICB_04076_009,ICB_223,copd,WelchAllyn Meditron Master Elite,,0,1,0,0.35880035,0.7811456,0,2,desconocida
ICB_03165_000,ICB_102,normal_lung,AKG C417L Microphone,0.75,0,0,1,0.7176814,0.34407625,0,0,pediátrico (<18)
ICB_03165_001,ICB_102,normal_lung,AKG C417L Microphone,0.75,0,0,1,0.6829099,0.33402407,0,0,pediátrico (<18)
ICB_03165_002,ICB_102,normal_lung,AKG C417L Microphone,0.75,0,0,1,0.8092792,0.33335423,1,0,pediátrico (<18)
ICB_03165_003,ICB_102,normal_lung,AKG C417L Microphone,0.75,0,0,1,0.49502385,0.3159364,0,0,pediátrico (<18)
ICB_03165_004,ICB_102,normal_lung,AKG C417L Microphone,0.75,0,0,1,0.6654586,0.53209394,0,0,pediátrico (<18)
ICB_03165_005,ICB_102,normal_lung,AKG C417L Microphone,0.75,0,0,1,0.63861,0.38682914,0,0,pediátrico (<18)
ICB_03165_006,ICB_102,normal_lung,AKG C417L Microphone,0.75,0,0,1,0.67857563,0.25678557,0,0,pediátrico (<18)
ICB_03165_007,ICB_102,normal_lung,AKG C417L Microphone,0.75,0,0,1,0.6581168,0.55110145,0,0,pediátrico (<18)
ICB_03165_008,ICB_102,normal_lung,AKG C417L Microphone,0.75,0,0,1,0.6356545,0.43351743,0,0,pediátrico (<18)
ICB_03165_009,ICB_102,normal_lung,AKG C417L Microphone,0.75,0,0,1,0.64676356,0.40825063,0,0,pediátrico (<18)
ICB_03165_010,ICB_102,normal_lung,AKG C417L Microphone,0.75,0,0,1,0.5701711,0.4774153,0,0,pediátrico (<18)
ICB_03165_011,ICB_102,normal_lung,AKG C417L Microphone,0.75,0,0,1,0.4651893,0.58922565,0,0,pediátrico (<18)
ICB_03165_012,ICB_102,normal_lung,AKG C417L Microphone,0.75,0,0,1,0.12646745,0.18593009,0,0,pediátrico (<18)
ICB_03166_000,ICB_103,bronchiolitis_asthma,3M Littmann Classic II SE,70.0,0,1,1,0.82126164,0.5553993,1,2,adulto
ICB_03166_001,ICB_103,bronchiolitis_asthma,3M Littmann Classic II SE,70.0,0,0,1,0.7451415,0.53401035,0,0,adulto
ICB_03166_002,ICB_103,bronchiolitis_asthma,3M Littmann Classic II SE,70.0,0,1,1,0.7750098,0.5639505,1,2,adulto
ICB_03166_003,ICB_103,bronchiolitis_asthma,3M Littmann Classic II SE,70.0,0,1,1,0.8989005,0.50015634,1,2,adulto
ICB_03166_004,ICB_103,bronchiolitis_asthma,3M Littmann Classic II SE,70.0,0,1,1,0.77650684,0.41144362,1,2,adulto
ICB_03166_005,ICB_103,bronchiolitis_asthma,3M Littmann Classic II SE,70.0,0,0,1,0.8055887,0.18505736,1,0,adulto
ICB_03167_000,ICB_104,copd,3M Littmann 3200 Electronic,70.0,0,0,1,0.121561736,0.52031267,0,0,adulto
ICB_03167_001,ICB_104,copd,3M Littmann 3200 Electronic,70.0,0,0,1,0.066209875,0.6337502,0,0,adulto
ICB_03167_002,ICB_104,copd,3M Littmann 3200 Electronic,70.0,0,0,1,0.06756348,0.6557504,0,0,adulto
ICB_03167_003,ICB_104,copd,3M Littmann 3200 Electronic,70.0,0,0,1,0.08760608,0.5473613,0,0,adulto
ICB_03167_004,ICB_104,copd,3M Littmann 3200 Electronic,70.0,0,0,1,0.17684256,0.9590192,2,0,adulto
ICB_03167_005,ICB_104,copd,3M Littmann 3200 Electronic,70.0,0,0,1,0.3651497,0.37336835,0,0,adulto
ICB_03168_000,ICB_104,copd,3M Littmann 3200 Electronic,70.0,0,1,1,0.41365334,0.30595577,0,2,adulto
ICB_03168_001,ICB_104,copd,3M Littmann 3200 Electronic,70.0,0,1,1,0.19334188,0.5977892,0,2,adulto
ICB_03168_002,ICB_104,copd,3M Littmann 3200 Electronic,70.0,0,1,1,0.25653908,0.5705794,0,2,adulto
ICB_03168_003,ICB_104,copd,3M Littmann 3200 Electronic,70.0,0,1,1,0.37082523,0.6043114,0,2,adulto
ICB_03168_004,ICB_104,copd,3M Littmann 3200 Electronic,70.0,0,1,1,0.1862282,0.63868153,0,2,adulto
ICB_03168_005,ICB_104,copd,3M Littmann 3200 Electronic,70.0,0,1,1,0.19763497,0.3472537,0,2,adulto
ICB_03168_006,ICB_104,copd,3M Littmann 3200 Electronic,70.0,0,1,1,0.11202096,0.675833,0,2,adulto
ICB_03168_007,ICB_104,copd,3M Littmann 3200 Electronic,70.0,0,1,1,0.087672874,0.54169995,0,2,adulto
ICB_03168_008,ICB_104,copd,3M Littmann 3200 Electronic,70.0,0,1,1,0.14911403,0.5048239,0,2,adulto
ICB_03168_009,ICB_104,copd,3M Littmann 3200 Electronic,70.0,0,1,1,0.13900682,0.5853152,0,2,adulto
ICB_03168_010,ICB_104,copd,3M Littmann 3200 Electronic,70.0,0,0,1,0.18122843,0.642453,0,0,adulto
ICB_03168_011,ICB_104,copd,3M Littmann 3200 Electronic,70.0,0,0,1,0.1798863,0.28166193,0,0,adulto
ICB_03168_012,ICB_104,copd,3M Littmann 3200 Electronic,70.0,0,0,1,0.13546151,0.419385,0,0,adulto
ICB_03168_013,ICB_104,copd,3M Littmann 3200 Electronic,70.0,0,0,1,0.23227406,0.23058027,0,0,adulto
ICB_03169_000,ICB_104,copd,3M Littmann 3200 Electronic,70.0,0,0,1,0.06141244,0.46176192,0,0,adulto
ICB_03169_001,ICB_104,copd,3M Littmann 3200 Electronic,70.0,0,0,1,0.13994898,0.5563938,0,0,adulto
ICB_03169_002,ICB_104,copd,3M Littmann 3200 Electronic,70.0,0,0,1,0.101988085,0.6037625,0,0,adulto
ICB_03169_003,ICB_104,copd,3M Littmann 3200 Electronic,70.0,0,0,1,0.18649544,0.64796007,0,0,adulto
ICB_03169_004,ICB_104,copd,3M Littmann 3200 Electronic,70.0,1,0,1,0.09951298,0.47938338,0,1,adulto
ICB_03169_005,ICB_104,copd,3M Littmann 3200 Electronic,70.0,0,0,1,0.09611823,0.6456597,0,0,adulto
ICB_03169_006,ICB_104,copd,3M Littmann 3200 Electronic,70.0,0,0,1,0.2615301,0.9092708,2,0,adulto
ICB_03170_000,ICB_104,copd,3M Littmann 3200 Electronic,70.0,0,0,1,0.3665841,0.76164573,2,0,adulto
ICB_03170_001,ICB_104,copd,3M Littmann 3200 Electronic,70.0,0,0,1,0.34839088,0.60246164,0,0,adulto
ICB_03170_002,ICB_104,copd,3M Littmann 3200 Electronic,70.0,0,0,1,0.32738358,0.7270441,2,0,adulto
ICB_03170_003,ICB_104,copd,3M Littmann 3200 Electronic,70.0,0,0,1,0.24864264,0.41241688,0,0,adulto
ICB_03170_004,ICB_104,copd,3M Littmann 3200 Electronic,70.0,0,0,1,0.14143123,0.89957356,2,0,adulto
ICB_03171_000,ICB_104,copd,3M Littmann 3200 Electronic,70.0,0,0,1,0.095662974,0.28127515,0,0,adulto
ICB_03171_001,ICB_104,copd,3M Littmann 3200 Electronic,70.0,0,0,1,0.23944281,0.5567856,0,0,adulto
ICB_03171_002,ICB_104,copd,3M Littmann 3200 Electronic,70.0,0,0,1,0.060641922,0.62645674,0,0,adulto
ICB_03171_003,ICB_104,copd,3M Littmann 3200 Electronic,70.0,0,0,1,0.12797433,0.551507,0,0,adulto
ICB_03171_004,ICB_104,copd,3M Littmann 3200 Electronic,70.0,0,0,1,0.47046098,0.47687376,0,0,adulto
ICB_03171_005,ICB_104,copd,3M Littmann 3200 Electronic,70.0,0,0,1,0.21456334,0.68656987,0,0,adulto
ICB_03171_006,ICB_104,copd,3M Littmann 3200 Electronic,70.0,0,0,1,0.16387586,0.4162639,0,0,adulto
ICB_03171_007,ICB_104,copd,3M Littmann 3200 Electronic,70.0,0,0,1,0.04577298,0.74046606,2,0,adulto
ICB_03171_008,ICB_104,copd,3M Littmann 3200 Electronic,70.0,0,0,1,0.17412065,0.31067714,0,0,adulto
ICB_03171_009,ICB_104,copd,3M Littmann 3200 Electronic,70.0,0,0,1,0.21193947,0.37910503,0,0,adulto
ICB_03171_010,ICB_104,copd,3M Littmann 3200 Electronic,70.0,0,0,1,0.19975922,0.7234103,2,0,adulto
ICB_03171_011,ICB_104,copd,3M Littmann 3200 Electronic,70.0,0,0,1,0.2553641,0.6069063,0,0,adulto
ICB_03171_012,ICB_104,copd,3M Littmann 3200 Electronic,70.0,0,0,1,0.15671551,0.30090055,0,0,adulto
ICB_03172_000,ICB_104,copd,3M Littmann 3200 Electronic,70.0,0,0,1,0.21408731,0.5450028,0,0,adulto
ICB_03172_001,ICB_104,copd,3M Littmann 3200 Electronic,70.0,0,0,1,0.21823478,0.47294965,0,0,adulto
ICB_03172_002,ICB_104,copd,3M Littmann 3200 Electronic,70.0,0,0,1,0.19693214,0.42882326,0,0,adulto
ICB_03172_003,ICB_104,copd,3M Littmann 3200 Electronic,70.0,0,0,1,0.14811704,0.37285087,0,0,adulto
ICB_03172_004,ICB_104,copd,3M Littmann 3200 Electronic,70.0,0,0,1,0.13696504,0.5681239,0,0,adulto
ICB_03172_005,ICB_104,copd,3M Littmann 3200 Electronic,70.0,0,0,1,0.15807372,0.6971186,0,0,adulto
ICB_03172_006,ICB_104,copd,3M Littmann 3200 Electronic,70.0,0,0,1,0.21880303,0.4848032,0,0,adulto
ICB_03172_007,ICB_104,copd,3M Littmann 3200 Electronic,70.0,0,0,1,0.16200824,0.3884084,0,0,adulto
ICB_03172_008,ICB_104,copd,3M Littmann 3200 Electronic,70.0,0,0,1,0.18806842,0.6509382,0,0,adulto
ICB_03172_009,ICB_104,copd,3M Littmann 3200 Electronic,70.0,0,0,1,0.072555564,0.82094353,2,0,adulto
ICB_03176_000,ICB_107,copd,AKG C417L Microphone,75.0,1,0,1,0.53790927,0.34533975,0,1,adulto
ICB_03176_001,ICB_107,copd,AKG C417L Microphone,75.0,1,0,1,0.37057242,0.5299924,0,1,adulto
ICB_03176_002,ICB_107,copd,AKG C417L Microphone,75.0,1,0,1,0.57309663,0.5348994,0,1,adulto
ICB_03176_003,ICB_107,copd,AKG C417L Microphone,75.0,1,0,1,0.43174946,0.59551644,0,1,adulto
ICB_03176_004,ICB_107,copd,AKG C417L Microphone,75.0,1,0,1,0.49986532,0.6038788,0,1,adulto
ICB_03176_005,ICB_107,copd,AKG C417L Microphone,75.0,1,0,1,0.3756707,0.51768744,0,1,adulto
ICB_03176_006,ICB_107,copd,AKG C417L Microphone,75.0,1,0,1,0.46951303,0.5818501,0,1,adulto
ICB_03176_007,ICB_107,copd,AKG C417L Microphone,75.0,0,0,1,0.4050865,0.5534596,0,0,adulto
ICB_03177_000,ICB_107,copd,AKG C417L Microphone,75.0,1,0,1,0.67246306,0.5251206,0,1,adulto
ICB_03177_001,ICB_107,copd,AKG C417L Microphone,75.0,1,1,1,0.5873169,0.47808546,0,3,adulto
ICB_03177_002,ICB_107,copd,AKG C417L Microphone,75.0,1,1,1,0.6456642,0.5583501,0,3,adulto
ICB_03177_003,ICB_107,copd,AKG C417L Microphone,75.0,1,1,1,0.54973,0.6890347,0,3,adulto
ICB_03177_004,ICB_107,copd,AKG C417L Microphone,75.0,1,1,1,0.7193462,0.7039035,2,3,adulto
ICB_03177_005,ICB_107,copd,AKG C417L Microphone,75.0,1,1,1,0.7608998,0.6447931,1,3,adulto
ICB_03177_006,ICB_107,copd,AKG C417L Microphone,75.0,1,1,1,0.56841063,0.70936733,2,3,adulto
ICB_03177_007,ICB_107,copd,AKG C417L Microphone,75.0,1,1,1,0.37077636,0.38152504,0,3,adulto
ICB_03178_000,ICB_107,copd,AKG C417L Microphone,75.0,1,0,1,0.56957227,0.28807628,0,1,adulto
ICB_03178_001,ICB_107,copd,AKG C417L Microphone,75.0,1,0,1,0.78543735,0.5628028,1,1,adulto
ICB_03178_002,ICB_107,copd,AKG C417L Microphone,75.0,1,0,1,0.6911241,0.51985705,0,1,adulto
ICB_03178_003,ICB_107,copd,AKG C417L Microphone,75.0,1,0,1,0.7343357,0.5544906,0,1,adulto
ICB_03178_004,ICB_107,copd,AKG C417L Microphone,75.0,1,0,1,0.58675885,0.7544857,2,1,adulto
ICB_03178_005,ICB_107,copd,AKG C417L Microphone,75.0,1,0,1,0.63046134,0.433734,0,1,adulto
ICB_03178_006,ICB_107,copd,AKG C417L Microphone,75.0,1,0,1,0.7310974,0.6713933,0,1,adulto
ICB_03178_007,ICB_107,copd,AKG C417L Microphone,75.0,1,0,1,0.498577,0.28469133,0,1,adulto
ICB_03179_000,ICB_107,copd,AKG C417L Microphone,75.0,0,0,1,0.47454226,0.3386707,0,0,adulto
ICB_03179_001,ICB_107,copd,AKG C417L Microphone,75.0,1,0,1,0.35194105,0.49146986,0,1,adulto
ICB_03179_002,ICB_107,copd,AKG C417L Microphone,75.0,1,0,1,0.6365813,0.37025315,0,1,adulto
ICB_03179_003,ICB_107,copd,AKG C417L Microphone,75.0,1,0,1,0.54322493,0.45258233,0,1,adulto
ICB_03179_004,ICB_107,copd,AKG C417L Microphone,75.0,1,0,1,0.4768164,0.40268746,0,1,adulto
ICB_03179_005,ICB_107,copd,AKG C417L Microphone,75.0,1,0,1,0.4963464,0.45682853,0,1,adulto
ICB_03179_006,ICB_107,copd,AKG C417L Microphone,75.0,1,0,1,0.6653604,0.48511577,0,1,adulto
ICB_03179_007,ICB_107,copd,AKG C417L Microphone,75.0,1,0,1,0.58991665,0.23413429,0,1,adulto
ICB_03180_000,ICB_107,copd,AKG C417L Microphone,75.0,0,0,1,0.51815665,0.54734784,0,0,adulto
ICB_03180_001,ICB_107,copd,AKG C417L Microphone,75.0,0,0,1,0.26878825,0.45036775,0,0,adulto
ICB_03180_002,ICB_107,copd,AKG C417L Microphone,75.0,0,0,1,0.47017625,0.68041223,0,0,adulto
ICB_03180_003,ICB_107,copd,AKG C417L Microphone,75.0,0,0,1,0.5001426,0.7220071,2,0,adulto
ICB_03180_004,ICB_107,copd,AKG C417L Microphone,75.0,0,0,1,0.6019604,0.81896055,2,0,adulto
ICB_03180_005,ICB_107,copd,AKG C417L Microphone,75.0,0,0,1,0.36625406,0.7898487,2,0,adulto
ICB_03180_006,ICB_107,copd,AKG C417L Microphone,75.0,0,0,1,0.35248014,0.44300672,0,0,adulto
ICB_03180_007,ICB_107,copd,AKG C417L Microphone,75.0,0,0,1,0.26326,0.2522507,0,0,adulto
ICB_03181_000,ICB_107,copd,AKG C417L Microphone,75.0,0,0,1,0.49104258,0.5936915,0,0,adulto
ICB_03181_001,ICB_107,copd,AKG C417L Microphone,75.0,1,0,1,0.75299984,0.6407423,1,1,adulto
ICB_03181_002,ICB_107,copd,AKG C417L Microphone,75.0,1,1,1,0.5495749,0.58493054,0,3,adulto
ICB_03181_003,ICB_107,copd,AKG C417L Microphone,75.0,0,0,1,0.5730538,0.5755794,0,0,adulto
ICB_03181_004,ICB_107,copd,AKG C417L Microphone,75.0,1,0,1,0.63755023,0.6487165,0,1,adulto
ICB_03181_005,ICB_107,copd,AKG C417L Microphone,75.0,1,1,1,0.4833163,0.71425444,2,3,adulto
ICB_03181_006,ICB_107,copd,AKG C417L Microphone,75.0,1,0,1,0.59474987,0.67995363,0,1,adulto
ICB_03181_007,ICB_107,copd,AKG C417L Microphone,75.0,1,1,1,0.18403415,0.57055414,0,3,adulto
ICB_03182_000,ICB_107,copd,AKG C417L Microphone,75.0,0,0,1,0.22563443,0.1601578,0,0,adulto
ICB_03182_001,ICB_107,copd,AKG C417L Microphone,75.0,0,0,1,0.20233567,0.44228,0,0,adulto
ICB_03182_002,ICB_107,copd,AKG C417L Microphone,75.0,0,0,1,0.2715318,0.3200868,0,0,adulto
ICB_03182_003,ICB_107,copd,AKG C417L Microphone,75.0,1,0,1,0.13350247,0.51033664,0,1,adulto
ICB_03182_004,ICB_107,copd,AKG C417L Microphone,75.0,0,0,1,0.14387275,0.27086398,0,0,adulto
ICB_03182_005,ICB_107,copd,AKG C417L Microphone,75.0,0,0,1,0.20107393,0.31941274,0,0,adulto
ICB_03182_006,ICB_107,copd,AKG C417L Microphone,75.0,0,0,1,0.56646395,0.27189755,0,0,adulto
ICB_03182_007,ICB_107,copd,AKG C417L Microphone,75.0,1,0,1,0.19364765,0.27816904,0,1,adulto
ICB_03183_000,ICB_107,copd,AKG C417L Microphone,75.0,1,0,1,0.3692037,0.59582937,0,1,adulto
ICB_03183_001,ICB_107,copd,AKG C417L Microphone,75.0,1,0,1,0.6108054,0.4143959,0,1,adulto
ICB_03183_002,ICB_107,copd,AKG C417L Microphone,75.0,1,1,1,0.36719295,0.45003846,0,3,adulto
ICB_03183_003,ICB_107,copd,AKG C417L Microphone,75.0,1,0,1,0.40507245,0.59738714,0,1,adulto
ICB_03183_004,ICB_107,copd,AKG C417L Microphone,75.0,0,1,1,0.5451108,0.44656646,0,2,adulto
ICB_03183_005,ICB_107,copd,AKG C417L Microphone,75.0,1,0,1,0.49052796,0.40365297,0,1,adulto
ICB_03183_006,ICB_107,copd,AKG C417L Microphone,75.0,1,0,1,0.53120077,0.5097807,0,1,adulto
ICB_03183_007,ICB_107,copd,AKG C417L Microphone,75.0,1,0,1,0.3466979,0.36202586,0,1,adulto
ICB_03184_000,ICB_107,copd,AKG C417L Microphone,75.0,1,0,1,0.64247775,0.69318694,0,1,adulto
ICB_03184_001,ICB_107,copd,AKG C417L Microphone,75.0,1,0,1,0.63950443,0.63393074,0,1,adulto
ICB_03184_002,ICB_107,copd,AKG C417L Microphone,75.0,1,0,1,0.69743073,0.7054266,2,1,adulto
ICB_03184_003,ICB_107,copd,AKG C417L Microphone,75.0,1,0,1,0.6325604,0.7279699,2,1,adulto
ICB_03184_004,ICB_107,copd,AKG C417L Microphone,75.0,1,0,1,0.6999116,0.7600506,2,1,adulto
ICB_03184_005,ICB_107,copd,AKG C417L Microphone,75.0,1,0,1,0.7034851,0.70863134,2,1,adulto
ICB_03184_006,ICB_107,copd,AKG C417L Microphone,75.0,1,0,1,0.8129877,0.6312254,1,1,adulto
ICB_03184_007,ICB_107,copd,AKG C417L Microphone,75.0,1,0,1,0.99387205,0.8543416,3,1,adulto
ICB_03185_000,ICB_107,copd,AKG C417L Microphone,75.0,1,0,1,0.74681485,0.56261474,0,1,adulto
ICB_03185_001,ICB_107,copd,AKG C417L Microphone,75.0,1,0,1,0.69813865,0.54975533,0,1,adulto
ICB_03185_002,ICB_107,copd,AKG C417L Microphone,75.0,1,0,1,0.7433616,0.4321811,0,1,adulto
ICB_03185_003,ICB_107,copd,AKG C417L Microphone,75.0,1,0,1,0.5174812,0.7744416,2,1,adulto
ICB_03185_004,ICB_107,copd,AKG C417L Microphone,75.0,1,0,1,0.8078705,0.43344685,1,1,adulto
ICB_03185_005,ICB_107,copd,AKG C417L Microphone,75.0,1,0,1,0.61842775,0.64421254,0,1,adulto
ICB_03185_006,ICB_107,copd,AKG C417L Microphone,75.0,1,0,1,0.7083179,0.35767972,0,1,adulto
ICB_03185_007,ICB_107,copd,AKG C417L Microphone,75.0,1,0,1,0.78344303,0.30304998,1,1,adulto
ICB_03186_000,ICB_107,copd,AKG C417L Microphone,75.0,1,0,1,0.49820888,0.442639,0,1,adulto
ICB_03186_001,ICB_107,copd,AKG C417L Microphone,75.0,1,0,1,0.59584266,0.4106405,0,1,adulto
ICB_03186_002,ICB_107,copd,AKG C417L Microphone,75.0,1,0,1,0.45682898,0.3554948,0,1,adulto
ICB_03186_003,ICB_107,copd,AKG C417L Microphone,75.0,1,0,1,0.24326956,0.8341151,2,1,adulto
ICB_03186_004,ICB_107,copd,AKG C417L Microphone,75.0,1,0,1,0.568819,0.47515884,0,1,adulto
ICB_03186_005,ICB_107,copd,AKG C417L Microphone,75.0,1,0,1,0.47672063,0.47448242,0,1,adulto
ICB_03186_006,ICB_107,copd,AKG C417L Microphone,75.0,1,0,1,0.45490924,0.40017295,0,1,adulto
ICB_03186_007,ICB_107,copd,AKG C417L Microphone,75.0,1,0,1,0.36377576,0.38684288,0,1,adulto
ICB_03187_000,ICB_107,copd,AKG C417L Microphone,75.0,1,0,1,0.6395822,0.5871762,0,1,adulto
ICB_03187_001,ICB_107,copd,AKG C417L Microphone,75.0,0,0,1,0.42240116,0.4635935,0,0,adulto
ICB_03187_002,ICB_107,copd,AKG C417L Microphone,75.0,1,0,1,0.35181683,0.5156007,0,1,adulto
ICB_03187_003,ICB_107,copd,AKG C417L Microphone,75.0,0,0,1,0.2742476,0.5285987,0,0,adulto
ICB_03187_004,ICB_107,copd,AKG C417L Microphone,75.0,0,0,1,0.6641413,0.56455135,0,0,adulto
ICB_03187_005,ICB_107,copd,AKG C417L Microphone,75.0,1,0,1,0.49139202,0.8012958,2,1,adulto
ICB_03187_006,ICB_107,copd,AKG C417L Microphone,75.0,0,0,1,0.49359363,0.592443,0,0,adulto
ICB_03187_007,ICB_107,copd,AKG C417L Microphone,75.0,0,0,1,0.5982164,0.44785142,0,0,adulto
ICB_03188_000,ICB_107,copd,AKG C417L Microphone,75.0,1,0,1,0.70139354,0.5823946,0,1,adulto
ICB_03188_001,ICB_107,copd,AKG C417L Microphone,75.0,1,0,1,0.68261737,0.6754331,0,1,adulto
ICB_03188_002,ICB_107,copd,AKG C417L Microphone,75.0,1,0,1,0.59619594,0.4804756,0,1,adulto
ICB_03188_003,ICB_107,copd,AKG C417L Microphone,75.0,1,0,1,0.37493113,0.5543413,0,1,adulto
ICB_03188_004,ICB_107,copd,AKG C417L Microphone,75.0,1,0,1,0.63404495,0.5901321,0,1,adulto
ICB_03188_005,ICB_107,copd,AKG C417L Microphone,75.0,1,0,1,0.5421458,0.8122807,2,1,adulto
ICB_03188_006,ICB_107,copd,AKG C417L Microphone,75.0,1,0,1,0.6071934,0.61138767,0,1,adulto
ICB_03188_007,ICB_107,copd,AKG C417L Microphone,75.0,1,0,1,0.462657,0.3920035,0,1,adulto
ICB_03189_000,ICB_107,copd,AKG C417L Microphone,75.0,0,0,1,0.23961799,0.34228912,0,0,adulto
ICB_03189_001,ICB_107,copd,AKG C417L Microphone,75.0,0,0,1,0.19398952,0.48186558,0,0,adulto
ICB_03189_002,ICB_107,copd,AKG C417L Microphone,75.0,0,0,1,0.10126331,0.278451,0,0,adulto
ICB_03189_003,ICB_107,copd,AKG C417L Microphone,75.0,0,0,1,0.22161396,0.48127764,0,0,adulto
ICB_03189_004,ICB_107,copd,AKG C417L Microphone,75.0,0,0,1,0.26768026,0.33722028,0,0,adulto
ICB_03189_005,ICB_107,copd,AKG C417L Microphone,75.0,0,0,1,0.24635646,0.371013,0,0,adulto
ICB_03189_006,ICB_107,copd,AKG C417L Microphone,75.0,0,0,1,0.13605018,0.36026505,0,0,adulto
ICB_03189_007,ICB_107,copd,AKG C417L Microphone,75.0,0,0,1,0.34918588,0.30204028,0,0,adulto
ICB_03190_000,ICB_107,copd,AKG C417L Microphone,75.0,0,0,1,0.44162363,0.47808585,0,0,adulto
ICB_03190_001,ICB_107,copd,AKG C417L Microphone,75.0,1,0,1,0.3366206,0.63400215,0,1,adulto
ICB_03190_002,ICB_107,copd,AKG C417L Microphone,75.0,1,0,1,0.3372559,0.48152614,0,1,adulto
ICB_03190_003,ICB_107,copd,AKG C417L Microphone,75.0,1,0,1,0.46156076,0.60574067,0,1,adulto
ICB_03190_004,ICB_107,copd,AKG C417L Microphone,75.0,1,0,1,0.40437058,0.6674119,0,1,adulto
ICB_03190_005,ICB_107,copd,AKG C417L Microphone,75.0,1,0,1,0.44422755,0.52543676,0,1,adulto
ICB_03190_006,ICB_107,copd,AKG C417L Microphone,75.0,1,0,1,0.39152014,0.43886527,0,1,adulto
ICB_03190_007,ICB_107,copd,AKG C417L Microphone,75.0,1,0,1,0.5348642,0.71230996,2,1,adulto
ICB_03191_000,ICB_107,copd,AKG C417L Microphone,75.0,0,0,1,0.61470914,0.5634367,0,0,adulto
ICB_03191_001,ICB_107,copd,AKG C417L Microphone,75.0,0,0,1,0.6307901,0.5353416,0,0,adulto
ICB_03191_002,ICB_107,copd,AKG C417L Microphone,75.0,1,0,1,0.4539244,0.52272,0,1,adulto
ICB_03191_003,ICB_107,copd,AKG C417L Microphone,75.0,0,0,1,0.71227515,0.50977284,0,0,adulto
ICB_03191_004,ICB_107,copd,AKG C417L Microphone,75.0,1,1,1,0.70661163,0.814199,2,3,adulto
ICB_03191_005,ICB_107,copd,AKG C417L Microphone,75.0,1,0,1,0.6469363,0.58966064,0,1,adulto
ICB_03191_006,ICB_107,copd,AKG C417L Microphone,75.0,0,0,1,0.5629865,0.48353434,0,0,adulto
ICB_03191_007,ICB_107,copd,AKG C417L Microphone,75.0,0,1,1,0.2929779,0.4733686,0,2,adulto
ICB_03192_000,ICB_107,copd,AKG C417L Microphone,75.0,0,0,1,0.62211466,0.5643896,0,0,adulto
ICB_03192_001,ICB_107,copd,AKG C417L Microphone,75.0,1,0,1,0.753526,0.4395232,1,1,adulto
ICB_03192_002,ICB_107,copd,AKG C417L Microphone,75.0,1,0,1,0.7418034,0.54180807,0,1,adulto
ICB_03192_003,ICB_107,copd,AKG C417L Microphone,75.0,1,0,1,0.80640477,0.47420824,1,1,adulto
ICB_03192_004,ICB_107,copd,AKG C417L Microphone,75.0,1,0,1,0.7959217,0.5881605,1,1,adulto
ICB_03192_005,ICB_107,copd,AKG C417L Microphone,75.0,1,0,1,0.7820677,0.50657475,1,1,adulto
ICB_03192_006,ICB_107,copd,AKG C417L Microphone,75.0,0,0,1,0.7847819,0.39037523,1,0,adulto
ICB_03192_007,ICB_107,copd,AKG C417L Microphone,75.0,1,0,1,0.7589618,0.43647212,1,1,adulto
ICB_03193_000,ICB_107,copd,AKG C417L Microphone,75.0,0,0,1,0.49275187,0.352863,0,0,adulto
ICB_03193_001,ICB_107,copd,AKG C417L Microphone,75.0,1,0,1,0.518807,0.3868868,0,1,adulto
ICB_03193_002,ICB_107,copd,AKG C417L Microphone,75.0,1,0,1,0.5914501,0.50700814,0,1,adulto
ICB_03193_003,ICB_107,copd,AKG C417L Microphone,75.0,1,0,1,0.6689983,0.3300384,0,1,adulto
ICB_03193_004,ICB_107,copd,AKG C417L Microphone,75.0,1,0,1,0.7031557,0.5152494,0,1,adulto
ICB_03193_005,ICB_107,copd,AKG C417L Microphone,75.0,1,0,1,0.7583689,0.6161654,1,1,adulto
ICB_03193_006,ICB_107,copd,AKG C417L Microphone,75.0,1,0,1,0.63425964,0.45882082,0,1,adulto
ICB_03193_007,ICB_107,copd,AKG C417L Microphone,75.0,1,0,1,0.7242988,0.57422197,0,1,adulto
ICB_03194_000,ICB_107,copd,AKG C417L Microphone,75.0,0,0,1,0.33228034,0.50494593,0,0,adulto
ICB_03194_001,ICB_107,copd,AKG C417L Microphone,75.0,0,0,1,0.29061505,0.5777339,0,0,adulto
ICB_03194_002,ICB_107,copd,AKG C417L Microphone,75.0,0,0,1,0.43502596,0.804233,2,0,adulto
ICB_03194_003,ICB_107,copd,AKG C417L Microphone,75.0,0,0,1,0.555175,0.676612,0,0,adulto
ICB_03194_004,ICB_107,copd,AKG C417L Microphone,75.0,0,0,1,0.20033714,0.5619262,0,0,adulto
ICB_03194_005,ICB_107,copd,AKG C417L Microphone,75.0,0,0,1,0.3948484,0.6311864,0,0,adulto
ICB_03194_006,ICB_107,copd,AKG C417L Microphone,75.0,0,0,1,0.5369561,0.50925285,0,0,adulto
ICB_03194_007,ICB_107,copd,AKG C417L Microphone,75.0,0,0,1,0.4568229,0.6475617,0,0,adulto
ICB_03195_000,ICB_107,copd,AKG C417L Microphone,75.0,0,0,1,0.49890307,0.5160114,0,0,adulto
ICB_03195_001,ICB_107,copd,AKG C417L Microphone,75.0,1,0,1,0.38085636,0.5784135,0,1,adulto
ICB_03195_002,ICB_107,copd,AKG C417L Microphone,75.0,0,0,1,0.47259417,0.6255289,0,0,adulto
ICB_03195_003,ICB_107,copd,AKG C417L Microphone,75.0,1,0,1,0.43201464,0.5669218,0,1,adulto
ICB_03195_004,ICB_107,copd,AKG C417L Microphone,75.0,1,0,1,0.6311222,0.54959124,0,1,adulto
ICB_03195_005,ICB_107,copd,AKG C417L Microphone,75.0,0,0,1,0.55551994,0.6307566,0,0,adulto
ICB_03195_006,ICB_107,copd,AKG C417L Microphone,75.0,1,0,1,0.71702915,0.46008757,0,1,adulto
ICB_03195_007,ICB_107,copd,AKG C417L Microphone,75.0,1,1,1,0.48821324,0.7111723,2,3,adulto
ICB_03196_000,ICB_107,copd,AKG C417L Microphone,75.0,0,0,1,0.23745342,0.37919235,0,0,adulto
ICB_03196_001,ICB_107,copd,AKG C417L Microphone,75.0,0,0,1,0.30150825,0.4397657,0,0,adulto
ICB_03196_002,ICB_107,copd,AKG C417L Microphone,75.0,1,0,1,0.18463364,0.24298461,0,1,adulto
ICB_03196_003,ICB_107,copd,AKG C417L Microphone,75.0,1,0,1,0.28110528,0.2745554,0,1,adulto
ICB_03196_004,ICB_107,copd,AKG C417L Microphone,75.0,0,0,1,0.23576656,0.30439454,0,0,adulto
ICB_03196_005,ICB_107,copd,AKG C417L Microphone,75.0,0,0,1,0.20255043,0.36826205,0,0,adulto
ICB_03196_006,ICB_107,copd,AKG C417L Microphone,75.0,0,0,1,0.2060806,0.40450156,0,0,adulto
ICB_03196_007,ICB_107,copd,AKG C417L Microphone,75.0,0,0,1,0.303383,0.46095002,0,0,adulto
ICB_03197_000,ICB_107,copd,AKG C417L Microphone,75.0,1,1,1,0.6671566,0.46949247,0,3,adulto
ICB_03197_001,ICB_107,copd,AKG C417L Microphone,75.0,1,1,1,0.4458562,0.8312894,2,3,adulto
ICB_03197_002,ICB_107,copd,AKG C417L Microphone,75.0,1,1,1,0.5565948,0.5300401,0,3,adulto
ICB_03197_003,ICB_107,copd,AKG C417L Microphone,75.0,1,0,1,0.59012467,0.50605404,0,1,adulto
ICB_03197_004,ICB_107,copd,AKG C417L Microphone,75.0,1,0,1,0.4071603,0.504838,0,1,adulto
ICB_03197_005,ICB_107,copd,AKG C417L Microphone,75.0,1,0,1,0.6268216,0.48204485,0,1,adulto
ICB_03197_006,ICB_107,copd,AKG C417L Microphone,75.0,1,0,1,0.60871,0.4603663,0,1,adulto
ICB_03197_007,ICB_107,copd,AKG C417L Microphone,75.0,1,0,1,0.6349149,0.4258923,0,1,adulto
ICB_03197_008,ICB_107,copd,AKG C417L Microphone,75.0,1,0,1,0.59410214,0.5982214,0,1,adulto
ICB_03198_000,ICB_107,copd,AKG C417L Microphone,75.0,0,1,1,0.24088207,0.7347033,2,2,adulto
ICB_03198_001,ICB_107,copd,AKG C417L Microphone,75.0,0,1,1,0.19021112,0.8239537,2,2,adulto
ICB_03198_002,ICB_107,copd,AKG C417L Microphone,75.0,0,1,1,0.15750904,0.5890349,0,2,adulto
ICB_03198_003,ICB_107,copd,AKG C417L Microphone,75.0,1,1,1,0.3359317,0.72285056,2,3,adulto
ICB_03198_004,ICB_107,copd,AKG C417L Microphone,75.0,0,1,1,0.21479379,0.88266116,2,2,adulto
ICB_03198_005,ICB_107,copd,AKG C417L Microphone,75.0,1,1,1,0.3957624,0.6371947,0,3,adulto
ICB_03198_006,ICB_107,copd,AKG C417L Microphone,75.0,1,1,1,0.5145128,0.6143345,0,3,adulto
ICB_03198_007,ICB_107,copd,AKG C417L Microphone,75.0,1,1,1,0.6675614,0.4861749,0,3,adulto
ICB_03198_008,ICB_107,copd,AKG C417L Microphone,75.0,0,1,1,0.22483952,0.46647248,0,2,adulto
ICB_03199_000,ICB_107,copd,AKG C417L Microphone,75.0,1,0,1,0.74208635,0.3614646,0,1,adulto
ICB_03199_001,ICB_107,copd,AKG C417L Microphone,75.0,1,0,1,0.7616785,0.2103073,1,1,adulto
ICB_03199_002,ICB_107,copd,AKG C417L Microphone,75.0,1,0,1,0.753247,0.22854707,1,1,adulto
ICB_03199_003,ICB_107,copd,AKG C417L Microphone,75.0,1,0,1,0.689056,0.34909663,0,1,adulto
ICB_03199_004,ICB_107,copd,AKG C417L Microphone,75.0,1,0,1,0.77266496,0.18907818,1,1,adulto
ICB_03199_005,ICB_107,copd,AKG C417L Microphone,75.0,1,0,1,0.7462829,0.43435988,0,1,adulto
ICB_03199_006,ICB_107,copd,AKG C417L Microphone,75.0,1,0,1,0.767478,0.32712904,1,1,adulto
ICB_03199_007,ICB_107,copd,AKG C417L Microphone,75.0,1,0,1,0.81070465,0.34530497,1,1,adulto
ICB_03199_008,ICB_107,copd,AKG C417L Microphone,75.0,1,0,1,0.6133541,0.26141304,0,1,adulto
ICB_03200_000,ICB_107,copd,AKG C417L Microphone,75.0,0,1,1,0.4250612,0.40815604,0,2,adulto
ICB_03200_001,ICB_107,copd,AKG C417L Microphone,75.0,0,1,1,0.59690154,0.41422573,0,2,adulto
ICB_03200_002,ICB_107,copd,AKG C417L Microphone,75.0,0,1,1,0.72128844,0.4248497,0,2,adulto
ICB_03200_003,ICB_107,copd,AKG C417L Microphone,75.0,0,1,1,0.6661475,0.37817058,0,2,adulto
ICB_03200_004,ICB_107,copd,AKG C417L Microphone,75.0,0,1,1,0.65539974,0.31499326,0,2,adulto
ICB_03200_005,ICB_107,copd,AKG C417L Microphone,75.0,1,0,1,0.57128644,0.31692278,0,1,adulto
ICB_03200_006,ICB_107,copd,AKG C417L Microphone,75.0,1,0,1,0.6529264,0.37725276,0,1,adulto
ICB_03200_007,ICB_107,copd,AKG C417L Microphone,75.0,1,0,1,0.64993334,0.28327948,0,1,adulto
ICB_03200_008,ICB_107,copd,AKG C417L Microphone,75.0,1,1,1,0.47278047,0.1995078,0,3,adulto
ICB_03201_000,ICB_107,copd,AKG C417L Microphone,75.0,1,0,1,0.76791394,0.46444824,1,1,adulto
ICB_03201_001,ICB_107,copd,AKG C417L Microphone,75.0,1,0,1,0.70748144,0.49549264,0,1,adulto
ICB_03201_002,ICB_107,copd,AKG C417L Microphone,75.0,1,0,1,0.46374023,0.48411003,0,1,adulto
ICB_03201_003,ICB_107,copd,AKG C417L Microphone,75.0,1,0,1,0.70644397,0.30916625,0,1,adulto
ICB_03201_004,ICB_107,copd,AKG C417L Microphone,75.0,1,0,1,0.75949687,0.4504944,1,1,adulto
ICB_03201_005,ICB_107,copd,AKG C417L Microphone,75.0,1,0,1,0.80604833,0.28806126,1,1,adulto
ICB_03201_006,ICB_107,copd,AKG C417L Microphone,75.0,1,0,1,0.779755,0.41025028,1,1,adulto
ICB_03201_007,ICB_107,copd,AKG C417L Microphone,75.0,1,0,1,0.7243809,0.7009137,2,1,adulto
ICB_03201_008,ICB_107,copd,AKG C417L Microphone,75.0,1,0,1,0.43705508,0.52578694,0,1,adulto
ICB_03202_000,ICB_107,copd,AKG C417L Microphone,75.0,1,1,1,0.6752641,0.7272661,2,3,adulto
ICB_03202_001,ICB_107,copd,AKG C417L Microphone,75.0,1,1,1,0.53298336,0.9613669,2,3,adulto
ICB_03202_002,ICB_107,copd,AKG C417L Microphone,75.0,1,1,1,0.75652885,0.5597001,1,3,adulto
ICB_03202_003,ICB_107,copd,AKG C417L Microphone,75.0,1,1,1,0.60939,0.43397975,0,3,adulto
ICB_03202_004,ICB_107,copd,AKG C417L Microphone,75.0,1,1,1,0.71327776,0.5582704,0,3,adulto
ICB_03202_005,ICB_107,copd,AKG C417L Microphone,75.0,1,0,1,0.72397685,0.4358703,0,1,adulto
ICB_03202_006,ICB_107,copd,AKG C417L Microphone,75.0,1,0,1,0.8281574,0.2545119,1,1,adulto
ICB_03202_007,ICB_107,copd,AKG C417L Microphone,75.0,1,0,1,0.7819438,0.4741595,1,1,adulto
ICB_03202_008,ICB_107,copd,AKG C417L Microphone,75.0,1,0,1,0.5262836,0.3830131,0,1,adulto
ICB_03203_000,ICB_107,copd,AKG C417L Microphone,75.0,1,1,1,0.32811266,0.7399356,2,3,adulto
ICB_03203_001,ICB_107,copd,AKG C417L Microphone,75.0,1,1,1,0.20439783,0.7433097,2,3,adulto
ICB_03203_002,ICB_107,copd,AKG C417L Microphone,75.0,1,1,1,0.25611883,0.39632472,0,3,adulto
ICB_03203_003,ICB_107,copd,AKG C417L Microphone,75.0,1,1,1,0.27097392,0.5848458,0,3,adulto
ICB_03203_004,ICB_107,copd,AKG C417L Microphone,75.0,1,1,1,0.37020063,0.37167934,0,3,adulto
ICB_03203_005,ICB_107,copd,AKG C417L Microphone,75.0,1,1,1,0.39415434,0.4620739,0,3,adulto
ICB_03203_006,ICB_107,copd,AKG C417L Microphone,75.0,0,1,1,0.47632504,0.33876792,0,2,adulto
ICB_03203_007,ICB_107,copd,AKG C417L Microphone,75.0,0,1,1,0.34334666,0.36690322,0,2,adulto
ICB_03203_008,ICB_107,copd,AKG C417L Microphone,75.0,0,0,1,0.28214887,0.43229613,0,0,adulto
ICB_03216_000,ICB_111,bronchiectasis,3M Littmann Classic II SE,63.0,0,0,1,0.08715366,0.1234294,0,0,adulto
ICB_03216_001,ICB_111,bronchiectasis,3M Littmann Classic II SE,63.0,0,0,1,0.22466831,0.19136593,0,0,adulto
ICB_03216_002,ICB_111,bronchiectasis,3M Littmann Classic II SE,63.0,0,0,1,0.16596386,0.33519492,0,0,adulto
ICB_03216_003,ICB_111,bronchiectasis,3M Littmann Classic II SE,63.0,0,0,1,0.14407766,0.31131503,0,0,adulto
ICB_03216_004,ICB_111,bronchiectasis,3M Littmann Classic II SE,63.0,0,0,1,0.15832739,0.35311863,0,0,adulto
ICB_03216_005,ICB_111,bronchiectasis,3M Littmann Classic II SE,63.0,0,0,1,0.17263114,0.29349175,0,0,adulto
ICB_03216_006,ICB_111,bronchiectasis,3M Littmann Classic II SE,63.0,0,0,1,0.11287215,0.2749815,0,0,adulto
ICB_03216_007,ICB_111,bronchiectasis,3M Littmann Classic II SE,63.0,0,0,1,0.16327627,0.31369182,0,0,adulto
ICB_03217_000,ICB_111,bronchiectasis,3M Littmann Classic II SE,63.0,0,0,1,0.2870364,0.23210487,0,0,adulto
ICB_03217_001,ICB_111,bronchiectasis,3M Littmann Classic II SE,63.0,0,0,1,0.067721516,0.25120404,0,0,adulto
ICB_03217_002,ICB_111,bronchiectasis,3M Littmann Classic II SE,63.0,0,0,1,0.24780507,0.3131915,0,0,adulto
ICB_03217_003,ICB_111,bronchiectasis,3M Littmann Classic II SE,63.0,0,0,1,0.31211865,0.42866346,0,0,adulto
ICB_03217_004,ICB_111,bronchiectasis,3M Littmann Classic II SE,63.0,0,0,1,0.17625517,0.28083664,0,0,adulto
ICB_03217_005,ICB_111,bronchiectasis,3M Littmann Classic II SE,63.0,0,0,1,0.28395975,0.4038969,0,0,adulto
ICB_03217_006,ICB_111,bronchiectasis,3M Littmann Classic II SE,63.0,0,0,1,0.03381855,0.10852607,0,0,adulto
ICB_03217_007,ICB_111,bronchiectasis,3M Littmann Classic II SE,63.0,0,0,1,0.1919224,0.2830394,0,0,adulto
ICB_03217_008,ICB_111,bronchiectasis,3M Littmann Classic II SE,63.0,0,0,1,0.02556137,0.12907518,0,0,adulto
ICB_03239_000,ICB_118,copd,3M Littmann 3200 Electronic,81.0,0,0,1,0.16122559,0.32197204,0,0,adulto
ICB_03239_001,ICB_118,copd,3M Littmann 3200 Electronic,81.0,0,1,1,0.09152385,0.3683188,0,2,adulto
ICB_03239_002,ICB_118,copd,3M Littmann 3200 Electronic,81.0,0,1,1,0.12714863,0.6148619,0,2,adulto
ICB_03239_003,ICB_118,copd,3M Littmann 3200 Electronic,81.0,0,1,1,0.17084403,0.44289526,0,2,adulto
ICB_03239_004,ICB_118,copd,3M Littmann 3200 Electronic,81.0,0,1,1,0.18747494,0.6974498,0,2,adulto
ICB_03239_005,ICB_118,copd,3M Littmann 3200 Electronic,81.0,0,1,1,0.07720457,0.60550797,0,2,adulto
ICB_03239_006,ICB_118,copd,3M Littmann 3200 Electronic,81.0,0,1,1,0.09077395,0.48723963,0,2,adulto
ICB_03239_007,ICB_118,copd,3M Littmann 3200 Electronic,81.0,0,1,1,0.06662004,0.62903845,0,2,adulto
ICB_03239_008,ICB_118,copd,3M Littmann 3200 Electronic,81.0,0,0,1,0.39347416,0.75198483,2,0,adulto
ICB_03240_000,ICB_118,copd,3M Littmann 3200 Electronic,81.0,0,1,1,0.1127109,0.55030656,0,2,adulto
ICB_03240_001,ICB_118,copd,3M Littmann 3200 Electronic,81.0,0,1,1,0.13416983,0.6234194,0,2,adulto
ICB_03240_002,ICB_118,copd,3M Littmann 3200 Electronic,81.0,0,1,1,0.24816722,0.50036,0,2,adulto
ICB_03240_003,ICB_118,copd,3M Littmann 3200 Electronic,81.0,0,1,1,0.1767455,0.66325784,0,2,adulto
ICB_03240_004,ICB_118,copd,3M Littmann 3200 Electronic,81.0,0,1,1,0.15415947,0.6232495,0,2,adulto
ICB_03240_005,ICB_118,copd,3M Littmann 3200 Electronic,81.0,0,1,1,0.1392983,0.43902782,0,2,adulto
ICB_03240_006,ICB_118,copd,3M Littmann 3200 Electronic,81.0,0,1,1,0.14163685,0.54553103,0,2,adulto
ICB_03240_007,ICB_118,copd,3M Littmann 3200 Electronic,81.0,0,1,1,0.16524878,0.6824582,0,2,adulto
ICB_03240_008,ICB_118,copd,3M Littmann 3200 Electronic,81.0,0,0,1,0.2635874,0.93039286,2,0,adulto
ICB_03241_000,ICB_118,copd,3M Littmann 3200 Electronic,81.0,0,0,1,0.13620412,0.3977221,0,0,adulto
ICB_03241_001,ICB_118,copd,3M Littmann 3200 Electronic,81.0,0,1,1,0.08259529,0.40617248,0,2,adulto
ICB_03241_002,ICB_118,copd,3M Littmann 3200 Electronic,81.0,0,0,1,0.11167304,0.32642755,0,0,adulto
ICB_03241_003,ICB_118,copd,3M Littmann 3200 Electronic,81.0,0,1,1,0.19736668,0.41688392,0,2,adulto
ICB_03241_004,ICB_118,copd,3M Littmann 3200 Electronic,81.0,0,0,1,0.24750072,0.93352044,2,0,adulto
ICB_03242_000,ICB_118,copd,3M Littmann 3200 Electronic,81.0,0,1,1,0.16839796,0.33332306,0,2,adulto
ICB_03242_001,ICB_118,copd,3M Littmann 3200 Electronic,81.0,0,1,1,0.14624049,0.5190403,0,2,adulto
ICB_03242_002,ICB_118,copd,3M Littmann 3200 Electronic,81.0,0,1,1,0.18579155,0.46904132,0,2,adulto
ICB_03242_003,ICB_118,copd,3M Littmann 3200 Electronic,81.0,0,1,1,0.12858075,0.45193276,0,2,adulto
ICB_03242_004,ICB_118,copd,3M Littmann 3200 Electronic,81.0,0,1,1,0.17451487,0.5466332,0,2,adulto
ICB_03242_005,ICB_118,copd,3M Littmann 3200 Electronic,81.0,0,0,1,0.14629105,0.40147975,0,0,adulto
ICB_03242_006,ICB_118,copd,3M Littmann 3200 Electronic,81.0,0,0,1,0.46714038,0.8351998,2,0,adulto
ICB_03243_000,ICB_118,copd,3M Littmann 3200 Electronic,81.0,0,0,1,0.10646274,0.4547938,0,0,adulto
ICB_03243_001,ICB_118,copd,3M Littmann 3200 Electronic,81.0,0,0,1,0.35373375,0.55220175,0,0,adulto
ICB_03243_002,ICB_118,copd,3M Littmann 3200 Electronic,81.0,0,0,1,0.12504587,0.4357847,0,0,adulto
ICB_03243_003,ICB_118,copd,3M Littmann 3200 Electronic,81.0,0,0,1,0.13672024,0.51225466,0,0,adulto
ICB_03243_004,ICB_118,copd,3M Littmann 3200 Electronic,81.0,0,0,1,0.09157443,0.8998147,2,0,adulto
ICB_03244_000,ICB_118,copd,3M Littmann 3200 Electronic,81.0,0,0,1,0.09691326,0.51725495,0,0,adulto
ICB_03244_001,ICB_118,copd,3M Littmann 3200 Electronic,81.0,0,1,1,0.062134016,0.2777589,0,2,adulto
ICB_03244_002,ICB_118,copd,3M Littmann 3200 Electronic,81.0,0,1,1,0.05845954,0.43458977,0,2,adulto
ICB_03244_003,ICB_118,copd,3M Littmann 3200 Electronic,81.0,0,1,1,0.1088411,0.48882052,0,2,adulto
ICB_03244_004,ICB_118,copd,3M Littmann 3200 Electronic,81.0,0,0,1,0.26632303,0.74303347,2,0,adulto
ICB_03245_000,ICB_119,respiratory_infection,AKG C417L Microphone,2.0,0,0,1,0.8221559,0.14019036,1,0,pediátrico (<18)
ICB_03245_001,ICB_119,respiratory_infection,AKG C417L Microphone,2.0,0,0,1,0.78425515,0.24275857,1,0,pediátrico (<18)
ICB_03245_002,ICB_119,respiratory_infection,AKG C417L Microphone,2.0,0,0,1,0.81707,0.3215945,1,0,pediátrico (<18)
ICB_03245_003,ICB_119,respiratory_infection,AKG C417L Microphone,2.0,0,0,1,0.82410765,0.39635897,1,0,pediátrico (<18)
ICB_03245_004,ICB_119,respiratory_infection,AKG C417L Microphone,2.0,0,0,1,0.8772937,0.19903041,1,0,pediátrico (<18)
ICB_03245_005,ICB_119,respiratory_infection,AKG C417L Microphone,2.0,0,0,1,0.8004078,0.415309,1,0,pediátrico (<18)
ICB_03245_006,ICB_119,respiratory_infection,AKG C417L Microphone,2.0,0,0,1,0.8210479,0.39771873,1,0,pediátrico (<18)
ICB_03245_007,ICB_119,respiratory_infection,AKG C417L Microphone,2.0,0,0,1,0.7440903,0.28075457,0,0,pediátrico (<18)
ICB_03245_008,ICB_119,respiratory_infection,AKG C417L Microphone,2.0,0,0,1,0.32265922,0.35007897,0,0,pediátrico (<18)
ICB_03253_000,ICB_122,pneumonia,3M Littmann Classic II SE,66.0,0,0,1,0.5941532,0.6690287,0,0,adulto
ICB_03253_001,ICB_122,pneumonia,3M Littmann Classic II SE,66.0,0,1,1,0.5632902,0.661329,0,2,adulto
ICB_03253_002,ICB_122,pneumonia,3M Littmann Classic II SE,66.0,0,1,1,0.6376337,0.58786714,0,2,adulto
ICB_03253_003,ICB_122,pneumonia,3M Littmann Classic II SE,66.0,0,0,1,0.6346543,0.51369655,0,0,adulto
ICB_03253_004,ICB_122,pneumonia,3M Littmann Classic II SE,66.0,0,0,1,0.5308141,0.547657,0,0,adulto
ICB_03253_005,ICB_122,pneumonia,3M Littmann Classic II SE,66.0,0,0,1,0.636322,0.34804654,0,0,adulto
ICB_03254_000,ICB_122,pneumonia,3M Littmann Classic II SE,66.0,0,0,1,0.69269717,0.40280372,0,0,adulto
ICB_03254_001,ICB_122,pneumonia,3M Littmann Classic II SE,66.0,0,1,1,0.42807412,0.8780606,2,2,adulto
ICB_03254_002,ICB_122,pneumonia,3M Littmann Classic II SE,66.0,0,0,1,0.45688003,0.53128886,0,0,adulto
ICB_03254_003,ICB_122,pneumonia,3M Littmann Classic II SE,66.0,0,0,1,0.7546552,0.45283514,1,0,adulto
ICB_03254_004,ICB_122,pneumonia,3M Littmann Classic II SE,66.0,0,0,1,0.5315269,0.51546246,0,0,adulto
ICB_03254_005,ICB_122,pneumonia,3M Littmann Classic II SE,66.0,0,0,1,0.5309472,0.3995998,0,0,adulto
ICB_03255_000,ICB_122,pneumonia,3M Littmann Classic II SE,66.0,0,1,1,0.45216644,0.5745042,0,2,adulto
ICB_03255_001,ICB_122,pneumonia,3M Littmann Classic II SE,66.0,0,1,1,0.30479622,0.73467964,2,2,adulto
ICB_03255_002,ICB_122,pneumonia,3M Littmann Classic II SE,66.0,0,1,1,0.32167825,0.7384051,2,2,adulto
ICB_03255_003,ICB_122,pneumonia,3M Littmann Classic II SE,66.0,0,1,1,0.46741858,0.45510963,0,2,adulto
ICB_03255_004,ICB_122,pneumonia,3M Littmann Classic II SE,66.0,0,1,1,0.34267497,0.68738383,0,2,adulto
ICB_03255_005,ICB_122,pneumonia,3M Littmann Classic II SE,66.0,0,0,1,0.9763623,0.9474366,3,0,adulto
ICB_03256_000,ICB_122,pneumonia,3M Littmann Classic II SE,66.0,0,0,1,0.53863454,0.3253401,0,0,adulto
ICB_03256_001,ICB_122,pneumonia,3M Littmann Classic II SE,66.0,0,0,1,0.66270596,0.69072175,0,0,adulto
ICB_03256_002,ICB_122,pneumonia,3M Littmann Classic II SE,66.0,0,0,1,0.5265239,0.57079923,0,0,adulto
ICB_03256_003,ICB_122,pneumonia,3M Littmann Classic II SE,66.0,0,0,1,0.60851717,0.5871444,0,0,adulto
ICB_03256_004,ICB_122,pneumonia,3M Littmann Classic II SE,66.0,0,0,1,0.58513683,0.45007145,0,0,adulto
ICB_03256_005,ICB_122,pneumonia,3M Littmann Classic II SE,66.0,0,0,1,0.68573266,0.51621157,0,0,adulto
ICB_03257_000,ICB_122,pneumonia,3M Littmann Classic II SE,66.0,0,0,1,0.8821956,0.27234617,1,0,adulto
ICB_03257_001,ICB_122,pneumonia,3M Littmann Classic II SE,66.0,0,0,1,0.46807924,0.52831167,0,0,adulto
ICB_03257_002,ICB_122,pneumonia,3M Littmann Classic II SE,66.0,0,0,1,0.58195984,0.45830312,0,0,adulto
ICB_03257_003,ICB_122,pneumonia,3M Littmann Classic II SE,66.0,0,0,1,0.6487936,0.59882426,0,0,adulto
ICB_03257_004,ICB_122,pneumonia,3M Littmann Classic II SE,66.0,0,0,1,0.60479575,0.5106129,0,0,adulto
ICB_03257_005,ICB_122,pneumonia,3M Littmann Classic II SE,66.0,0,0,1,0.6405928,0.49578935,0,0,adulto
ICB_03257_006,ICB_122,pneumonia,3M Littmann Classic II SE,66.0,0,0,1,0.3692471,0.46721655,0,0,adulto
ICB_03258_000,ICB_122,pneumonia,3M Littmann Classic II SE,66.0,0,0,1,0.48523894,0.42893153,0,0,adulto
ICB_03258_001,ICB_122,pneumonia,3M Littmann Classic II SE,66.0,0,1,1,0.36347672,0.7150589,2,2,adulto
ICB_03258_002,ICB_122,pneumonia,3M Littmann Classic II SE,66.0,0,1,1,0.3263397,0.5290371,0,2,adulto
ICB_03258_003,ICB_122,pneumonia,3M Littmann Classic II SE,66.0,0,1,1,0.1992,0.7146799,2,2,adulto
ICB_03258_004,ICB_122,pneumonia,3M Littmann Classic II SE,66.0,0,1,1,0.24174446,0.5282602,0,2,adulto
ICB_03258_005,ICB_122,pneumonia,3M Littmann Classic II SE,66.0,0,1,1,0.44845667,0.57415146,0,2,adulto
ICB_03259_000,ICB_122,pneumonia,3M Littmann Classic II SE,66.0,0,0,1,0.6600345,0.488549,0,0,adulto
ICB_03259_001,ICB_122,pneumonia,3M Littmann Classic II SE,66.0,0,1,1,0.6950097,0.39961213,0,2,adulto
ICB_03259_002,ICB_122,pneumonia,3M Littmann Classic II SE,66.0,0,0,1,0.5990084,0.57092196,0,0,adulto
ICB_03259_003,ICB_122,pneumonia,3M Littmann Classic II SE,66.0,0,0,1,0.6515938,0.5298479,0,0,adulto
ICB_03259_004,ICB_122,pneumonia,3M Littmann Classic II SE,66.0,0,0,1,0.5980866,0.58992183,0,0,adulto
ICB_03260_000,ICB_122,pneumonia,3M Littmann Classic II SE,66.0,0,0,1,0.47252166,0.64263886,0,0,adulto
ICB_03260_001,ICB_122,pneumonia,3M Littmann Classic II SE,66.0,0,1,1,0.52558863,0.5645678,0,2,adulto
ICB_03260_002,ICB_122,pneumonia,3M Littmann Classic II SE,66.0,0,0,1,0.5690255,0.4964194,0,0,adulto
ICB_03260_003,ICB_122,pneumonia,3M Littmann Classic II SE,66.0,0,0,1,0.6698224,0.53773487,0,0,adulto
ICB_03260_004,ICB_122,pneumonia,3M Littmann Classic II SE,66.0,0,0,1,0.60290974,0.56939703,0,0,adulto
ICB_03261_000,ICB_122,pneumonia,3M Littmann Classic II SE,66.0,0,0,1,0.34732798,0.52801806,0,0,adulto
ICB_03261_001,ICB_122,pneumonia,3M Littmann Classic II SE,66.0,0,0,1,0.35020667,0.5007952,0,0,adulto
ICB_03261_002,ICB_122,pneumonia,3M Littmann Classic II SE,66.0,0,0,1,0.41336152,0.61457884,0,0,adulto
ICB_03261_003,ICB_122,pneumonia,3M Littmann Classic II SE,66.0,0,0,1,0.43170586,0.39691925,0,0,adulto
ICB_03261_004,ICB_122,pneumonia,3M Littmann Classic II SE,66.0,0,0,1,0.36403835,0.4948323,0,0,adulto
ICB_03428_000,ICB_142,copd,3M Littmann Classic II SE,78.0,1,0,1,0.70248336,0.25498655,0,1,adulto
ICB_03428_001,ICB_142,copd,3M Littmann Classic II SE,78.0,1,0,1,0.6613679,0.43748507,0,1,adulto
ICB_03428_002,ICB_142,copd,3M Littmann Classic II SE,78.0,1,0,1,0.65017366,0.36676967,0,1,adulto
ICB_03428_003,ICB_142,copd,3M Littmann Classic II SE,78.0,1,0,1,0.7223743,0.33837202,0,1,adulto
ICB_03428_004,ICB_142,copd,3M Littmann Classic II SE,78.0,1,0,1,0.78505045,0.62054425,1,1,adulto
ICB_03428_005,ICB_142,copd,3M Littmann Classic II SE,78.0,1,0,1,0.69013417,0.42296726,0,1,adulto
ICB_03428_006,ICB_142,copd,3M Littmann Classic II SE,78.0,1,0,1,0.67366755,0.3715278,0,1,adulto
ICB_03428_007,ICB_142,copd,3M Littmann Classic II SE,78.0,1,0,1,0.5104161,0.613058,0,1,adulto
ICB_03428_008,ICB_142,copd,3M Littmann Classic II SE,78.0,1,0,1,0.2961325,0.40242454,0,1,adulto
ICB_03429_000,ICB_143,normal_lung,AKG C417L Microphone,0.25,0,0,1,0.43534106,0.25074044,0,0,pediátrico (<18)
ICB_03429_001,ICB_143,normal_lung,AKG C417L Microphone,0.25,0,0,1,0.6787908,0.309191,0,0,pediátrico (<18)
ICB_03429_002,ICB_143,normal_lung,AKG C417L Microphone,0.25,0,0,1,0.6371116,0.31185955,0,0,pediátrico (<18)
ICB_03429_003,ICB_143,normal_lung,AKG C417L Microphone,0.25,0,0,1,0.59463197,0.33282176,0,0,pediátrico (<18)
ICB_03429_004,ICB_143,normal_lung,AKG C417L Microphone,0.25,0,0,1,0.56332463,0.42507014,0,0,pediátrico (<18)
ICB_03429_005,ICB_143,normal_lung,AKG C417L Microphone,0.25,0,0,1,0.46444765,0.27211112,0,0,pediátrico (<18)
ICB_03429_006,ICB_143,normal_lung,AKG C417L Microphone,0.25,0,0,1,0.5335085,0.39870417,0,0,pediátrico (<18)
ICB_03429_007,ICB_143,normal_lung,AKG C417L Microphone,0.25,0,0,1,0.4547068,0.2539802,0,0,pediátrico (<18)
ICB_03429_008,ICB_143,normal_lung,AKG C417L Microphone,0.25,0,0,1,0.27245787,0.29473102,0,0,pediátrico (<18)
ICB_03429_009,ICB_143,normal_lung,AKG C417L Microphone,0.25,0,0,1,0.37405172,0.3351543,0,0,pediátrico (<18)
ICB_03429_010,ICB_143,normal_lung,AKG C417L Microphone,0.25,0,0,1,0.5670065,0.597029,0,0,pediátrico (<18)
ICB_03429_011,ICB_143,normal_lung,AKG C417L Microphone,0.25,0,0,1,0.49015993,0.40936813,0,0,pediátrico (<18)
ICB_03429_012,ICB_143,normal_lung,AKG C417L Microphone,0.25,0,0,1,0.5684684,0.2832812,0,0,pediátrico (<18)
ICB_03429_013,ICB_143,normal_lung,AKG C417L Microphone,0.25,0,0,1,0.6314244,0.39640236,0,0,pediátrico (<18)
ICB_03429_014,ICB_143,normal_lung,AKG C417L Microphone,0.25,0,0,1,0.43363416,0.28977,0,0,pediátrico (<18)
ICB_03429_015,ICB_143,normal_lung,AKG C417L Microphone,0.25,0,0,1,0.43615738,0.3056318,0,0,pediátrico (<18)
ICB_03429_016,ICB_143,normal_lung,AKG C417L Microphone,0.25,0,0,1,0.55344045,0.38623548,0,0,pediátrico (<18)
ICB_03429_017,ICB_143,normal_lung,AKG C417L Microphone,0.25,0,0,1,0.33004373,0.34848693,0,0,pediátrico (<18)
ICB_03467_000,ICB_149,bronchiolitis_asthma,3M Littmann Classic II SE,0.67,0,0,1,0.35608986,0.37608716,0,0,pediátrico (<18)
ICB_03467_001,ICB_149,bronchiolitis_asthma,3M Littmann Classic II SE,0.67,0,0,1,0.24810572,0.14540765,0,0,pediátrico (<18)
ICB_03467_002,ICB_149,bronchiolitis_asthma,3M Littmann Classic II SE,0.67,0,1,1,0.21202487,0.1368165,0,2,pediátrico (<18)
ICB_03467_003,ICB_149,bronchiolitis_asthma,3M Littmann Classic II SE,0.67,0,1,1,0.14217202,0.19878863,0,2,pediátrico (<18)
ICB_03467_004,ICB_149,bronchiolitis_asthma,3M Littmann Classic II SE,0.67,1,1,1,0.14034997,0.26137063,0,3,pediátrico (<18)
ICB_03467_005,ICB_149,bronchiolitis_asthma,3M Littmann Classic II SE,0.67,0,1,1,0.27314195,0.31978282,0,2,pediátrico (<18)
ICB_03467_006,ICB_149,bronchiolitis_asthma,3M Littmann Classic II SE,0.67,0,0,1,0.1878702,0.1904452,0,0,pediátrico (<18)
ICB_03467_007,ICB_149,bronchiolitis_asthma,3M Littmann Classic II SE,0.67,1,0,1,0.38287118,0.44335756,0,1,pediátrico (<18)
ICB_03467_008,ICB_149,bronchiolitis_asthma,3M Littmann Classic II SE,0.67,0,1,1,0.31056765,0.9963354,2,2,pediátrico (<18)
ICB_03467_009,ICB_149,bronchiolitis_asthma,3M Littmann Classic II SE,0.67,0,1,1,0.2621623,0.15255305,0,2,pediátrico (<18)
ICB_03467_010,ICB_149,bronchiolitis_asthma,3M Littmann Classic II SE,0.67,0,1,1,0.13091932,0.22542454,0,2,pediátrico (<18)
ICB_03467_011,ICB_149,bronchiolitis_asthma,3M Littmann Classic II SE,0.67,0,1,1,0.30080914,0.2873694,0,2,pediátrico (<18)
ICB_03467_012,ICB_149,bronchiolitis_asthma,3M Littmann Classic II SE,0.67,0,1,1,0.47120357,0.40519994,0,2,pediátrico (<18)
ICB_03467_013,ICB_149,bronchiolitis_asthma,3M Littmann Classic II SE,0.67,0,1,1,0.32813263,0.3658111,0,2,pediátrico (<18)
ICB_03467_014,ICB_149,bronchiolitis_asthma,3M Littmann Classic II SE,0.67,0,1,1,0.47239643,0.6109243,0,2,pediátrico (<18)
ICB_03467_015,ICB_149,bronchiolitis_asthma,3M Littmann Classic II SE,0.67,0,1,1,0.45991972,0.41241425,0,2,pediátrico (<18)
ICB_03467_016,ICB_149,bronchiolitis_asthma,3M Littmann Classic II SE,0.67,1,1,1,0.28482264,0.31224418,0,3,pediátrico (<18)
ICB_03467_017,ICB_149,bronchiolitis_asthma,3M Littmann Classic II SE,0.67,0,1,1,0.084685974,0.10217899,0,2,pediátrico (<18)
ICB_03468_000,ICB_149,bronchiolitis_asthma,3M Littmann Classic II SE,0.67,0,0,1,0.62574553,0.39906996,0,0,pediátrico (<18)
ICB_03468_001,ICB_149,bronchiolitis_asthma,3M Littmann Classic II SE,0.67,0,0,1,0.36822128,0.40647814,0,0,pediátrico (<18)
ICB_03468_002,ICB_149,bronchiolitis_asthma,3M Littmann Classic II SE,0.67,0,0,1,0.2610221,0.15596053,0,0,pediátrico (<18)
ICB_03468_003,ICB_149,bronchiolitis_asthma,3M Littmann Classic II SE,0.67,0,0,1,0.7239669,0.39983946,0,0,pediátrico (<18)
ICB_03468_004,ICB_149,bronchiolitis_asthma,3M Littmann Classic II SE,0.67,0,0,1,0.3697202,0.5178416,0,0,pediátrico (<18)
ICB_03468_005,ICB_149,bronchiolitis_asthma,3M Littmann Classic II SE,0.67,0,0,1,0.41107836,0.35480556,0,0,pediátrico (<18)
ICB_03468_006,ICB_149,bronchiolitis_asthma,3M Littmann Classic II SE,0.67,0,0,1,0.079668134,0.3771482,0,0,pediátrico (<18)
ICB_03468_007,ICB_149,bronchiolitis_asthma,3M Littmann Classic II SE,0.67,0,0,1,0.24041367,0.85308063,2,0,pediátrico (<18)
ICB_03468_008,ICB_149,bronchiolitis_asthma,3M Littmann Classic II SE,0.67,1,0,1,0.22989154,0.47857586,0,1,pediátrico (<18)
ICB_03468_009,ICB_149,bronchiolitis_asthma,3M Littmann Classic II SE,0.67,1,0,1,0.113370426,0.19742589,0,1,pediátrico (<18)
ICB_03468_010,ICB_149,bronchiolitis_asthma,3M Littmann Classic II SE,0.67,0,0,1,0.42934537,0.28975406,0,0,pediátrico (<18)
ICB_03468_011,ICB_149,bronchiolitis_asthma,3M Littmann Classic II SE,0.67,0,0,1,0.36164388,0.45813173,0,0,pediátrico (<18)
ICB_03468_012,ICB_149,bronchiolitis_asthma,3M Littmann Classic II SE,0.67,0,0,1,0.038267717,0.81212324,2,0,pediátrico (<18)
ICB_03468_013,ICB_149,bronchiolitis_asthma,3M Littmann Classic II SE,0.67,0,0,1,0.54457796,0.41644275,0,0,pediátrico (<18)
ICB_03468_014,ICB_149,bronchiolitis_asthma,3M Littmann Classic II SE,0.67,0,0,1,0.5421872,0.3228136,0,0,pediátrico (<18)
ICB_03468_015,ICB_149,bronchiolitis_asthma,3M Littmann Classic II SE,0.67,0,0,1,0.6325813,0.5192822,0,0,pediátrico (<18)
ICB_03469_000,ICB_149,bronchiolitis_asthma,3M Littmann Classic II SE,0.67,0,1,1,0.04170587,0.3657044,0,2,pediátrico (<18)
ICB_03469_001,ICB_149,bronchiolitis_asthma,3M Littmann Classic II SE,0.67,0,0,1,0.365139,0.21603078,0,0,pediátrico (<18)
ICB_03469_002,ICB_149,bronchiolitis_asthma,3M Littmann Classic II SE,0.67,0,0,1,0.08413125,0.3997634,0,0,pediátrico (<18)
ICB_03469_003,ICB_149,bronchiolitis_asthma,3M Littmann Classic II SE,0.67,0,0,1,0.35172585,0.32883537,0,0,pediátrico (<18)
ICB_03469_004,ICB_149,bronchiolitis_asthma,3M Littmann Classic II SE,0.67,0,1,1,0.302051,0.6271485,0,2,pediátrico (<18)
ICB_03469_005,ICB_149,bronchiolitis_asthma,3M Littmann Classic II SE,0.67,0,1,1,0.14932366,0.32574525,0,2,pediátrico (<18)
ICB_03469_006,ICB_149,bronchiolitis_asthma,3M Littmann Classic II SE,0.67,0,1,1,0.11082232,0.5032129,0,2,pediátrico (<18)
ICB_03469_007,ICB_149,bronchiolitis_asthma,3M Littmann Classic II SE,0.67,0,1,1,0.12705588,0.33109203,0,2,pediátrico (<18)
ICB_03469_008,ICB_149,bronchiolitis_asthma,3M Littmann Classic II SE,0.67,0,0,1,0.069474116,0.53490764,0,0,pediátrico (<18)
ICB_03469_009,ICB_149,bronchiolitis_asthma,3M Littmann Classic II SE,0.67,1,0,1,0.13107668,0.6031648,0,1,pediátrico (<18)
ICB_03469_010,ICB_149,bronchiolitis_asthma,3M Littmann Classic II SE,0.67,0,1,1,0.3569829,0.1950305,0,2,pediátrico (<18)
ICB_03469_011,ICB_149,bronchiolitis_asthma,3M Littmann Classic II SE,0.67,0,0,1,0.24748386,0.43199417,0,0,pediátrico (<18)
ICB_03469_012,ICB_149,bronchiolitis_asthma,3M Littmann Classic II SE,0.67,0,0,1,0.17016383,0.40403646,0,0,pediátrico (<18)
ICB_03469_013,ICB_149,bronchiolitis_asthma,3M Littmann Classic II SE,0.67,0,0,1,0.30201992,0.2877145,0,0,pediátrico (<18)
ICB_03469_014,ICB_149,bronchiolitis_asthma,3M Littmann Classic II SE,0.67,0,0,1,0.3642876,0.37574783,0,0,pediátrico (<18)
ICB_03469_015,ICB_149,bronchiolitis_asthma,3M Littmann Classic II SE,0.67,0,0,1,0.33805636,0.26722136,0,0,pediátrico (<18)
ICB_03469_016,ICB_149,bronchiolitis_asthma,3M Littmann Classic II SE,0.67,0,0,1,0.31370965,0.21811566,0,0,pediátrico (<18)
ICB_03542_000,ICB_157,copd,WelchAllyn Meditron Master Elite,62.0,0,0,1,0.83088464,0.41975158,1,0,adulto
ICB_03542_001,ICB_157,copd,WelchAllyn Meditron Master Elite,62.0,0,0,1,0.77679515,0.39805487,1,0,adulto
ICB_03542_002,ICB_157,copd,WelchAllyn Meditron Master Elite,62.0,0,0,1,0.76871943,0.34095442,1,0,adulto
ICB_03542_003,ICB_157,copd,WelchAllyn Meditron Master Elite,62.0,0,0,1,0.7329237,0.6055721,0,0,adulto
ICB_03542_004,ICB_157,copd,WelchAllyn Meditron Master Elite,62.0,0,0,1,0.649413,0.6992682,0,0,adulto
ICB_03542_005,ICB_157,copd,WelchAllyn Meditron Master Elite,62.0,0,0,1,0.72402924,0.60643244,0,0,adulto
ICB_03542_006,ICB_157,copd,WelchAllyn Meditron Master Elite,62.0,0,0,1,0.39914483,0.26223516,0,0,adulto
ICB_03542_007,ICB_157,copd,WelchAllyn Meditron Master Elite,62.0,1,0,1,0.5601733,0.7343976,2,1,adulto
ICB_03542_008,ICB_157,copd,WelchAllyn Meditron Master Elite,62.0,0,0,1,0.66097367,0.6407966,0,0,adulto
ICB_03542_009,ICB_157,copd,WelchAllyn Meditron Master Elite,62.0,0,0,1,0.66175056,0.69417274,0,0,adulto
ICB_03542_010,ICB_157,copd,WelchAllyn Meditron Master Elite,62.0,0,0,1,0.59131664,0.5622734,0,0,adulto
ICB_03542_011,ICB_157,copd,WelchAllyn Meditron Master Elite,62.0,1,0,1,0.6250903,0.5096854,0,1,adulto
ICB_03542_012,ICB_157,copd,WelchAllyn Meditron Master Elite,62.0,0,0,1,0.6285231,0.66425276,0,0,adulto
ICB_03542_013,ICB_157,copd,WelchAllyn Meditron Master Elite,62.0,0,0,1,0.5631175,0.50467587,0,0,adulto
ICB_03542_014,ICB_157,copd,WelchAllyn Meditron Master Elite,62.0,0,0,1,0.17592773,0.73931783,2,0,adulto
ICB_03543_000,ICB_157,copd,WelchAllyn Meditron Master Elite,62.0,0,0,1,0.65297663,0.5742714,0,0,adulto
ICB_03543_001,ICB_157,copd,WelchAllyn Meditron Master Elite,62.0,0,0,1,0.7383168,0.5286169,0,0,adulto
ICB_03543_002,ICB_157,copd,WelchAllyn Meditron Master Elite,62.0,0,0,1,0.5977633,0.52944314,0,0,adulto
ICB_03543_003,ICB_157,copd,WelchAllyn Meditron Master Elite,62.0,0,0,1,0.43619394,0.5577392,0,0,adulto
ICB_03543_004,ICB_157,copd,WelchAllyn Meditron Master Elite,62.0,0,0,1,0.6604843,0.6072609,0,0,adulto
ICB_03543_005,ICB_157,copd,WelchAllyn Meditron Master Elite,62.0,0,0,1,0.42508465,0.51608545,0,0,adulto
ICB_03543_006,ICB_157,copd,WelchAllyn Meditron Master Elite,62.0,0,0,1,0.4733371,0.6674166,0,0,adulto
ICB_03543_007,ICB_157,copd,WelchAllyn Meditron Master Elite,62.0,0,0,1,0.3661415,0.5233604,0,0,adulto
ICB_03543_008,ICB_157,copd,WelchAllyn Meditron Master Elite,62.0,0,0,1,0.43675244,0.7755036,2,0,adulto
ICB_03543_009,ICB_157,copd,WelchAllyn Meditron Master Elite,62.0,0,0,1,0.55745703,0.4659558,0,0,adulto
ICB_03543_010,ICB_157,copd,WelchAllyn Meditron Master Elite,62.0,0,0,1,0.66300994,0.6337012,0,0,adulto
ICB_03543_011,ICB_157,copd,WelchAllyn Meditron Master Elite,62.0,0,0,1,0.32227507,0.46873373,0,0,adulto
ICB_03544_000,ICB_157,copd,WelchAllyn Meditron Master Elite,62.0,1,0,1,0.8464661,0.44762638,1,1,adulto
ICB_03544_001,ICB_157,copd,WelchAllyn Meditron Master Elite,62.0,1,0,1,0.874795,0.7893486,3,1,adulto
ICB_03544_002,ICB_157,copd,WelchAllyn Meditron Master Elite,62.0,0,0,1,0.7553991,0.68568003,1,0,adulto
ICB_03544_003,ICB_157,copd,WelchAllyn Meditron Master Elite,62.0,1,0,1,0.7909833,0.72449034,3,1,adulto
ICB_03544_004,ICB_157,copd,WelchAllyn Meditron Master Elite,62.0,1,0,1,0.8128804,0.46026537,1,1,adulto
ICB_03544_005,ICB_157,copd,WelchAllyn Meditron Master Elite,62.0,1,0,1,0.75548065,0.51640296,1,1,adulto
ICB_03544_006,ICB_157,copd,WelchAllyn Meditron Master Elite,62.0,1,0,1,0.6974049,0.6301369,0,1,adulto
ICB_03544_007,ICB_157,copd,WelchAllyn Meditron Master Elite,62.0,1,0,1,0.7369825,0.40788946,0,1,adulto
ICB_03544_008,ICB_157,copd,WelchAllyn Meditron Master Elite,62.0,0,0,1,0.67696786,0.6624811,0,0,adulto
ICB_03545_000,ICB_157,copd,WelchAllyn Meditron Master Elite,62.0,0,0,1,0.64873755,0.3430345,0,0,adulto
ICB_03545_001,ICB_157,copd,WelchAllyn Meditron Master Elite,62.0,0,0,1,0.42974663,0.7309726,2,0,adulto
ICB_03545_002,ICB_157,copd,WelchAllyn Meditron Master Elite,62.0,0,0,1,0.8577803,0.5050085,1,0,adulto
ICB_03545_003,ICB_157,copd,WelchAllyn Meditron Master Elite,62.0,0,0,1,0.76823276,0.30838215,1,0,adulto
ICB_03545_004,ICB_157,copd,WelchAllyn Meditron Master Elite,62.0,0,0,1,0.82912314,0.46341035,1,0,adulto
ICB_03545_005,ICB_157,copd,WelchAllyn Meditron Master Elite,62.0,0,0,1,0.80285484,0.58179116,1,0,adulto
ICB_03545_006,ICB_157,copd,WelchAllyn Meditron Master Elite,62.0,1,0,1,0.3484923,0.62485397,0,1,adulto
ICB_03545_007,ICB_157,copd,WelchAllyn Meditron Master Elite,62.0,1,0,1,0.74171954,0.63800347,0,1,adulto
ICB_03545_008,ICB_157,copd,WelchAllyn Meditron Master Elite,62.0,0,0,1,0.6097795,0.4832661,0,0,adulto
ICB_03545_009,ICB_157,copd,WelchAllyn Meditron Master Elite,62.0,0,0,1,0.68083906,0.3743881,0,0,adulto
ICB_03545_010,ICB_157,copd,WelchAllyn Meditron Master Elite,62.0,1,0,1,0.7098702,0.3801374,0,1,adulto
ICB_03545_011,ICB_157,copd,WelchAllyn Meditron Master Elite,62.0,1,0,1,0.7525967,0.46030322,1,1,adulto
ICB_03545_012,ICB_157,copd,WelchAllyn Meditron Master Elite,62.0,0,0,1,0.63027185,0.37588716,0,0,adulto
ICB_03546_000,ICB_157,copd,WelchAllyn Meditron Master Elite,62.0,1,0,1,0.792346,0.29749718,1,1,adulto
ICB_03546_001,ICB_157,copd,WelchAllyn Meditron Master Elite,62.0,1,0,1,0.6939001,0.27755517,0,1,adulto
ICB_03546_002,ICB_157,copd,WelchAllyn Meditron Master Elite,62.0,1,0,1,0.6563438,0.41671085,0,1,adulto
ICB_03546_003,ICB_157,copd,WelchAllyn Meditron Master Elite,62.0,1,0,1,0.63155997,0.4332448,0,1,adulto
ICB_03546_004,ICB_157,copd,WelchAllyn Meditron Master Elite,62.0,1,0,1,0.81855565,0.24826276,1,1,adulto
ICB_03546_005,ICB_157,copd,WelchAllyn Meditron Master Elite,62.0,0,0,1,0.76832026,0.3163777,1,0,adulto
ICB_03546_006,ICB_157,copd,WelchAllyn Meditron Master Elite,62.0,1,0,1,0.83432543,0.15648377,1,1,adulto
ICB_03546_007,ICB_157,copd,WelchAllyn Meditron Master Elite,62.0,0,0,1,0.64667827,0.6904022,0,0,adulto
ICB_03546_008,ICB_157,copd,WelchAllyn Meditron Master Elite,62.0,0,0,1,0.7573959,0.55015796,1,0,adulto
ICB_03546_009,ICB_157,copd,WelchAllyn Meditron Master Elite,62.0,0,0,1,0.74775285,0.5454749,0,0,adulto
ICB_03546_010,ICB_157,copd,WelchAllyn Meditron Master Elite,62.0,0,0,1,0.43887746,0.4287242,0,0,adulto
ICB_03546_011,ICB_157,copd,WelchAllyn Meditron Master Elite,62.0,1,0,1,0.55393654,0.4300781,0,1,adulto
ICB_03546_012,ICB_157,copd,WelchAllyn Meditron Master Elite,62.0,1,0,1,0.7844302,0.43816045,1,1,adulto
ICB_03546_013,ICB_157,copd,WelchAllyn Meditron Master Elite,62.0,1,0,1,0.5312139,0.27861255,0,1,adulto
ICB_03546_014,ICB_157,copd,WelchAllyn Meditron Master Elite,62.0,1,0,1,0.5240097,0.6419372,0,1,adulto
ICB_03571_000,ICB_159,normal_lung,AKG C417L Microphone,0.83,0,0,1,0.4781557,0.42730904,0,0,pediátrico (<18)
ICB_03571_001,ICB_159,normal_lung,AKG C417L Microphone,0.83,0,0,1,0.34661916,0.284859,0,0,pediátrico (<18)
ICB_03571_002,ICB_159,normal_lung,AKG C417L Microphone,0.83,0,1,1,0.39070183,0.17260161,0,2,pediátrico (<18)
ICB_03571_003,ICB_159,normal_lung,AKG C417L Microphone,0.83,0,0,1,0.5908442,0.3913062,0,0,pediátrico (<18)
ICB_03571_004,ICB_159,normal_lung,AKG C417L Microphone,0.83,0,0,1,0.3153281,0.17256396,0,0,pediátrico (<18)
ICB_03571_005,ICB_159,normal_lung,AKG C417L Microphone,0.83,0,0,1,0.9018132,0.0023329097,1,0,pediátrico (<18)
ICB_03571_006,ICB_159,normal_lung,AKG C417L Microphone,0.83,0,0,1,0.42105475,0.51250935,0,0,pediátrico (<18)
ICB_03571_007,ICB_159,normal_lung,AKG C417L Microphone,0.83,0,0,1,0.436122,0.31267685,0,0,pediátrico (<18)
ICB_03571_008,ICB_159,normal_lung,AKG C417L Microphone,0.83,0,0,1,0.33920404,0.27256644,0,0,pediátrico (<18)
ICB_03571_009,ICB_159,normal_lung,AKG C417L Microphone,0.83,0,0,1,0.35545376,0.2555474,0,0,pediátrico (<18)
ICB_03571_010,ICB_159,normal_lung,AKG C417L Microphone,0.83,0,0,1,0.44368738,0.28064343,0,0,pediátrico (<18)
ICB_03571_011,ICB_159,normal_lung,AKG C417L Microphone,0.83,0,0,1,0.2989911,0.2048721,0,0,pediátrico (<18)
ICB_03572_000,ICB_159,normal_lung,AKG C417L Microphone,0.83,0,0,1,0.7310455,0.24033807,0,0,pediátrico (<18)
ICB_03572_001,ICB_159,normal_lung,AKG C417L Microphone,0.83,0,0,1,0.6360804,0.4319957,0,0,pediátrico (<18)
ICB_03572_002,ICB_159,normal_lung,AKG C417L Microphone,0.83,0,0,1,0.53533155,0.34141713,0,0,pediátrico (<18)
ICB_03572_003,ICB_159,normal_lung,AKG C417L Microphone,0.83,0,0,1,0.5927696,0.6198124,0,0,pediátrico (<18)
ICB_03572_004,ICB_159,normal_lung,AKG C417L Microphone,0.83,0,0,1,0.610177,0.54194635,0,0,pediátrico (<18)
ICB_03572_005,ICB_159,normal_lung,AKG C417L Microphone,0.83,0,0,1,0.3099052,0.4318556,0,0,pediátrico (<18)
ICB_03572_006,ICB_159,normal_lung,AKG C417L Microphone,0.83,0,0,1,0.508151,0.21307436,0,0,pediátrico (<18)
ICB_03572_007,ICB_159,normal_lung,AKG C417L Microphone,0.83,0,0,1,0.523064,0.5741411,0,0,pediátrico (<18)
ICB_03572_008,ICB_159,normal_lung,AKG C417L Microphone,0.83,0,0,1,0.45856437,0.47591332,0,0,pediátrico (<18)
ICB_03573_000,ICB_159,normal_lung,AKG C417L Microphone,0.83,0,0,1,0.31944636,0.7014323,2,0,pediátrico (<18)
ICB_03573_001,ICB_159,normal_lung,AKG C417L Microphone,0.83,0,0,1,0.49755415,0.44851497,0,0,pediátrico (<18)
ICB_03573_002,ICB_159,normal_lung,AKG C417L Microphone,0.83,0,0,1,0.5621992,0.59881264,0,0,pediátrico (<18)
ICB_03573_003,ICB_159,normal_lung,AKG C417L Microphone,0.83,0,0,1,0.3378739,0.31158894,0,0,pediátrico (<18)
ICB_03573_004,ICB_159,normal_lung,AKG C417L Microphone,0.83,0,0,1,0.30287197,0.1978328,0,0,pediátrico (<18)
ICB_03573_005,ICB_159,normal_lung,AKG C417L Microphone,0.83,0,0,1,0.49464715,0.35676947,0,0,pediátrico (<18)
ICB_03573_006,ICB_159,normal_lung,AKG C417L Microphone,0.83,0,0,1,0.30993944,0.4862261,0,0,pediátrico (<18)
ICB_03573_007,ICB_159,normal_lung,AKG C417L Microphone,0.83,0,0,1,0.4120353,0.49571046,0,0,pediátrico (<18)
ICB_03573_008,ICB_159,normal_lung,AKG C417L Microphone,0.83,0,0,1,0.47434607,0.5035897,0,0,pediátrico (<18)
ICB_03573_009,ICB_159,normal_lung,AKG C417L Microphone,0.83,0,0,1,0.3485934,0.2634643,0,0,pediátrico (<18)
ICB_03573_010,ICB_159,normal_lung,AKG C417L Microphone,0.83,0,0,1,0.21888934,0.5003184,0,0,pediátrico (<18)
ICB_03573_011,ICB_159,normal_lung,AKG C417L Microphone,0.83,0,0,1,0.019911692,0.013352905,0,0,pediátrico (<18)
ICB_03574_000,ICB_159,normal_lung,AKG C417L Microphone,0.83,0,0,1,0.4248143,0.4333007,0,0,pediátrico (<18)
ICB_03574_001,ICB_159,normal_lung,AKG C417L Microphone,0.83,0,0,1,0.56424373,0.35747388,0,0,pediátrico (<18)
ICB_03574_002,ICB_159,normal_lung,AKG C417L Microphone,0.83,0,0,1,0.56589043,0.49302724,0,0,pediátrico (<18)
ICB_03574_003,ICB_159,normal_lung,AKG C417L Microphone,0.83,0,0,1,0.5416363,0.4013609,0,0,pediátrico (<18)
ICB_03574_004,ICB_159,normal_lung,AKG C417L Microphone,0.83,0,0,1,0.46807188,0.37997845,0,0,pediátrico (<18)
ICB_03574_005,ICB_159,normal_lung,AKG C417L Microphone,0.83,0,0,1,0.43666303,0.43494615,0,0,pediátrico (<18)
ICB_03574_006,ICB_159,normal_lung,AKG C417L Microphone,0.83,0,0,1,0.3485284,0.23523067,0,0,pediátrico (<18)
ICB_03574_007,ICB_159,normal_lung,AKG C417L Microphone,0.83,0,0,1,0.52476543,0.42651257,0,0,pediátrico (<18)
ICB_03574_008,ICB_159,normal_lung,AKG C417L Microphone,0.83,0,0,1,0.39522055,0.5047677,0,0,pediátrico (<18)
ICB_03641_000,ICB_166,copd,WelchAllyn Meditron Master Elite,71.0,0,0,1,0.70111686,0.48309577,0,0,adulto
ICB_03641_001,ICB_166,copd,WelchAllyn Meditron Master Elite,71.0,0,0,1,0.54059184,0.52998686,0,0,adulto
ICB_03641_002,ICB_166,copd,WelchAllyn Meditron Master Elite,71.0,0,0,1,0.663363,0.6808149,0,0,adulto
ICB_03641_003,ICB_166,copd,WelchAllyn Meditron Master Elite,71.0,0,0,1,0.57871157,0.5177141,0,0,adulto
ICB_03641_004,ICB_166,copd,WelchAllyn Meditron Master Elite,71.0,0,0,1,0.56106746,0.6035129,0,0,adulto
ICB_03641_005,ICB_166,copd,WelchAllyn Meditron Master Elite,71.0,0,0,1,0.5245223,0.757702,2,0,adulto
ICB_03641_006,ICB_166,copd,WelchAllyn Meditron Master Elite,71.0,0,0,1,0.44339395,0.6013706,0,0,adulto
ICB_03641_007,ICB_166,copd,WelchAllyn Meditron Master Elite,71.0,0,0,1,0.6835586,0.6311382,0,0,adulto
ICB_03641_008,ICB_166,copd,WelchAllyn Meditron Master Elite,71.0,0,0,1,0.66891897,0.8507342,2,0,adulto
ICB_03641_009,ICB_166,copd,WelchAllyn Meditron Master Elite,71.0,0,0,1,0.6678794,0.68554175,0,0,adulto
ICB_03641_010,ICB_166,copd,WelchAllyn Meditron Master Elite,71.0,1,0,1,0.5881639,0.8316482,2,1,adulto
ICB_03641_011,ICB_166,copd,WelchAllyn Meditron Master Elite,71.0,1,0,1,0.56197643,0.65663254,0,1,adulto
ICB_03641_012,ICB_166,copd,WelchAllyn Meditron Master Elite,71.0,0,0,1,0.5200342,0.40921214,0,0,adulto
ICB_03641_013,ICB_166,copd,WelchAllyn Meditron Master Elite,71.0,1,0,1,0.7498012,0.5598066,0,1,adulto
ICB_03641_014,ICB_166,copd,WelchAllyn Meditron Master Elite,71.0,1,0,1,0.5786463,0.47223946,0,1,adulto
ICB_03641_015,ICB_166,copd,WelchAllyn Meditron Master Elite,71.0,1,0,1,0.45401564,0.77243435,2,1,adulto
ICB_03641_016,ICB_166,copd,WelchAllyn Meditron Master Elite,71.0,0,0,1,0.6256946,0.7452252,2,0,adulto
ICB_03642_000,ICB_166,copd,WelchAllyn Meditron Master Elite,71.0,0,0,1,0.5648744,0.6809269,0,0,adulto
ICB_03642_001,ICB_166,copd,WelchAllyn Meditron Master Elite,71.0,0,0,1,0.63997024,0.6063186,0,0,adulto
ICB_03642_002,ICB_166,copd,WelchAllyn Meditron Master Elite,71.0,0,0,1,0.62898105,0.44057593,0,0,adulto
ICB_03642_003,ICB_166,copd,WelchAllyn Meditron Master Elite,71.0,0,0,1,0.7296175,0.5199075,0,0,adulto
ICB_03642_004,ICB_166,copd,WelchAllyn Meditron Master Elite,71.0,0,0,1,0.6368422,0.4909536,0,0,adulto
ICB_03642_005,ICB_166,copd,WelchAllyn Meditron Master Elite,71.0,0,0,1,0.8066924,0.51531154,1,0,adulto
ICB_03642_006,ICB_166,copd,WelchAllyn Meditron Master Elite,71.0,0,0,1,0.75786954,0.5856367,1,0,adulto
ICB_03642_007,ICB_166,copd,WelchAllyn Meditron Master Elite,71.0,0,0,1,0.7217391,0.39989096,0,0,adulto
ICB_03642_008,ICB_166,copd,WelchAllyn Meditron Master Elite,71.0,0,0,1,0.70156556,0.4950809,0,0,adulto
ICB_03642_009,ICB_166,copd,WelchAllyn Meditron Master Elite,71.0,0,0,1,0.6682603,0.54572815,0,0,adulto
ICB_03642_010,ICB_166,copd,WelchAllyn Meditron Master Elite,71.0,0,0,1,0.5550285,0.47410905,0,0,adulto
ICB_03642_011,ICB_166,copd,WelchAllyn Meditron Master Elite,71.0,0,0,1,0.65417004,0.55153745,0,0,adulto
ICB_03642_012,ICB_166,copd,WelchAllyn Meditron Master Elite,71.0,0,0,1,0.7596677,0.48426294,1,0,adulto
ICB_03642_013,ICB_166,copd,WelchAllyn Meditron Master Elite,71.0,0,0,1,0.70929897,0.4398918,0,0,adulto
ICB_03642_014,ICB_166,copd,WelchAllyn Meditron Master Elite,71.0,0,0,1,0.39395505,0.6042534,0,0,adulto
ICB_03642_015,ICB_166,copd,WelchAllyn Meditron Master Elite,71.0,0,0,1,0.62522787,0.53579414,0,0,adulto
ICB_03642_016,ICB_166,copd,WelchAllyn Meditron Master Elite,71.0,0,0,1,0.623777,0.54280615,0,0,adulto
ICB_03642_017,ICB_166,copd,WelchAllyn Meditron Master Elite,71.0,0,0,1,0.680376,0.5671233,0,0,adulto
ICB_03642_018,ICB_166,copd,WelchAllyn Meditron Master Elite,71.0,0,0,1,0.63067377,0.54783064,0,0,adulto
ICB_03642_019,ICB_166,copd,WelchAllyn Meditron Master Elite,71.0,0,0,1,0.5371089,0.4870948,0,0,adulto
ICB_03642_020,ICB_166,copd,WelchAllyn Meditron Master Elite,71.0,0,0,1,0.50168663,0.61064667,0,0,adulto
ICB_03642_021,ICB_166,copd,WelchAllyn Meditron Master Elite,71.0,0,0,1,0.6412001,0.4112728,0,0,adulto
ICB_03642_022,ICB_166,copd,WelchAllyn Meditron Master Elite,71.0,0,0,1,0.7232706,0.62730813,0,0,adulto
ICB_03642_023,ICB_166,copd,WelchAllyn Meditron Master Elite,71.0,0,0,1,0.48285055,0.6886577,0,0,adulto
ICB_03642_024,ICB_166,copd,WelchAllyn Meditron Master Elite,71.0,0,0,1,0.5383625,0.5094967,0,0,adulto
ICB_03643_000,ICB_166,copd,WelchAllyn Meditron Master Elite,71.0,1,0,1,0.18373567,0.71205574,2,1,adulto
ICB_03643_001,ICB_166,copd,WelchAllyn Meditron Master Elite,71.0,1,0,1,0.2848081,0.48543146,0,1,adulto
ICB_03643_002,ICB_166,copd,WelchAllyn Meditron Master Elite,71.0,1,0,1,0.5930011,0.5378984,0,1,adulto
ICB_03643_003,ICB_166,copd,WelchAllyn Meditron Master Elite,71.0,1,0,1,0.42678225,0.57814664,0,1,adulto
ICB_03643_004,ICB_166,copd,WelchAllyn Meditron Master Elite,71.0,1,0,1,0.29253018,0.49131292,0,1,adulto
ICB_03643_005,ICB_166,copd,WelchAllyn Meditron Master Elite,71.0,1,0,1,0.22929618,0.36582613,0,1,adulto
ICB_03643_006,ICB_166,copd,WelchAllyn Meditron Master Elite,71.0,1,0,1,0.29129943,0.47449046,0,1,adulto
ICB_03643_007,ICB_166,copd,WelchAllyn Meditron Master Elite,71.0,1,0,1,0.54159564,0.40869895,0,1,adulto
ICB_03643_008,ICB_166,copd,WelchAllyn Meditron Master Elite,71.0,1,0,1,0.49077645,0.5730292,0,1,adulto
ICB_03643_009,ICB_166,copd,WelchAllyn Meditron Master Elite,71.0,1,0,1,0.2935392,0.5036371,0,1,adulto
ICB_03643_010,ICB_166,copd,WelchAllyn Meditron Master Elite,71.0,1,0,1,0.44811898,0.3943519,0,1,adulto
ICB_03643_011,ICB_166,copd,WelchAllyn Meditron Master Elite,71.0,1,0,1,0.32457557,0.53392565,0,1,adulto
ICB_03643_012,ICB_166,copd,WelchAllyn Meditron Master Elite,71.0,1,0,1,0.5170438,0.6483204,0,1,adulto
ICB_03643_013,ICB_166,copd,WelchAllyn Meditron Master Elite,71.0,1,0,1,0.41734302,0.87599784,2,1,adulto
ICB_03643_014,ICB_166,copd,WelchAllyn Meditron Master Elite,71.0,1,0,1,0.5424469,0.43613335,0,1,adulto
ICB_03643_015,ICB_166,copd,WelchAllyn Meditron Master Elite,71.0,0,0,1,0.612295,0.64704216,0,0,adulto
ICB_03643_016,ICB_166,copd,WelchAllyn Meditron Master Elite,71.0,0,0,1,0.61852735,0.5897225,0,0,adulto
ICB_03643_017,ICB_166,copd,WelchAllyn Meditron Master Elite,71.0,1,0,1,0.36499113,0.7092186,2,1,adulto
ICB_03643_018,ICB_166,copd,WelchAllyn Meditron Master Elite,71.0,0,0,1,0.22805743,0.65237886,0,0,adulto
ICB_03643_019,ICB_166,copd,WelchAllyn Meditron Master Elite,71.0,0,0,1,0.56600964,0.50856423,0,0,adulto
ICB_03643_020,ICB_166,copd,WelchAllyn Meditron Master Elite,71.0,0,0,1,0.3977878,0.57066286,0,0,adulto
ICB_03643_021,ICB_166,copd,WelchAllyn Meditron Master Elite,71.0,0,0,1,0.45673674,0.45459014,0,0,adulto
ICB_03643_022,ICB_166,copd,WelchAllyn Meditron Master Elite,71.0,0,0,1,0.53732425,0.53892416,0,0,adulto
ICB_03643_023,ICB_166,copd,WelchAllyn Meditron Master Elite,71.0,0,0,1,0.46775857,0.5811215,0,0,adulto
ICB_03643_024,ICB_166,copd,WelchAllyn Meditron Master Elite,71.0,0,0,1,0.522947,0.17157073,0,0,adulto
ICB_03644_000,ICB_166,copd,WelchAllyn Meditron Master Elite,71.0,0,0,1,0.6438899,0.66094834,0,0,adulto
ICB_03644_001,ICB_166,copd,WelchAllyn Meditron Master Elite,71.0,0,0,1,0.6664494,0.6427881,0,0,adulto
ICB_03644_002,ICB_166,copd,WelchAllyn Meditron Master Elite,71.0,0,0,1,0.6240408,0.6752619,0,0,adulto
ICB_03644_003,ICB_166,copd,WelchAllyn Meditron Master Elite,71.0,0,0,1,0.24423043,0.6429277,0,0,adulto
ICB_03644_004,ICB_166,copd,WelchAllyn Meditron Master Elite,71.0,0,0,1,0.34496903,0.48250204,0,0,adulto
ICB_03644_005,ICB_166,copd,WelchAllyn Meditron Master Elite,71.0,0,0,1,0.52002114,0.69823545,0,0,adulto
ICB_03644_006,ICB_166,copd,WelchAllyn Meditron Master Elite,71.0,0,0,1,0.5348536,0.56142086,0,0,adulto
ICB_03644_007,ICB_166,copd,WelchAllyn Meditron Master Elite,71.0,0,0,1,0.504554,0.61374766,0,0,adulto
ICB_03644_008,ICB_166,copd,WelchAllyn Meditron Master Elite,71.0,0,0,1,0.41063187,0.63021016,0,0,adulto
ICB_03644_009,ICB_166,copd,WelchAllyn Meditron Master Elite,71.0,0,0,1,0.48091996,0.51804537,0,0,adulto
ICB_03644_010,ICB_166,copd,WelchAllyn Meditron Master Elite,71.0,0,0,1,0.46567583,0.55466807,0,0,adulto
ICB_03644_011,ICB_166,copd,WelchAllyn Meditron Master Elite,71.0,0,0,1,0.5097382,0.56006813,0,0,adulto
ICB_03644_012,ICB_166,copd,WelchAllyn Meditron Master Elite,71.0,0,0,1,0.5127413,0.46332967,0,0,adulto
ICB_03644_013,ICB_166,copd,WelchAllyn Meditron Master Elite,71.0,0,0,1,0.67583525,0.7485324,2,0,adulto
ICB_03644_014,ICB_166,copd,WelchAllyn Meditron Master Elite,71.0,0,0,1,0.4528861,0.7144024,2,0,adulto
ICB_03644_015,ICB_166,copd,WelchAllyn Meditron Master Elite,71.0,0,0,1,0.6689565,0.48727512,0,0,adulto
ICB_03644_016,ICB_166,copd,WelchAllyn Meditron Master Elite,71.0,1,0,1,0.8904137,0.20678836,1,1,adulto
ICB_03644_017,ICB_166,copd,WelchAllyn Meditron Master Elite,71.0,1,0,1,0.4532131,0.6224873,0,1,adulto
ICB_03644_018,ICB_166,copd,WelchAllyn Meditron Master Elite,71.0,1,0,1,0.6182978,0.5012434,0,1,adulto
ICB_03644_019,ICB_166,copd,WelchAllyn Meditron Master Elite,71.0,1,0,1,0.7286946,0.41166472,0,1,adulto
ICB_03644_020,ICB_166,copd,WelchAllyn Meditron Master Elite,71.0,1,0,1,0.68160164,0.51404,0,1,adulto
ICB_03644_021,ICB_166,copd,WelchAllyn Meditron Master Elite,71.0,1,0,1,0.76153886,0.5536689,1,1,adulto
ICB_03644_022,ICB_166,copd,WelchAllyn Meditron Master Elite,71.0,0,0,1,0.5805276,0.3582201,0,0,adulto
ICB_03644_023,ICB_166,copd,WelchAllyn Meditron Master Elite,71.0,1,0,1,0.8153779,0.19119336,1,1,adulto
ICB_03645_000,ICB_166,copd,WelchAllyn Meditron Master Elite,71.0,0,0,1,0.3901115,0.3849301,0,0,adulto
ICB_03645_001,ICB_166,copd,WelchAllyn Meditron Master Elite,71.0,0,0,1,0.43693694,0.4353372,0,0,adulto
ICB_03645_002,ICB_166,copd,WelchAllyn Meditron Master Elite,71.0,0,0,1,0.5595142,0.47413045,0,0,adulto
ICB_03645_003,ICB_166,copd,WelchAllyn Meditron Master Elite,71.0,0,1,1,0.30169415,0.44668698,0,2,adulto
ICB_03645_004,ICB_166,copd,WelchAllyn Meditron Master Elite,71.0,0,1,1,0.39679492,0.5003309,0,2,adulto
ICB_03645_005,ICB_166,copd,WelchAllyn Meditron Master Elite,71.0,0,0,1,0.51821876,0.5211903,0,0,adulto
ICB_03645_006,ICB_166,copd,WelchAllyn Meditron Master Elite,71.0,0,0,1,0.45874465,0.40734825,0,0,adulto
ICB_03645_007,ICB_166,copd,WelchAllyn Meditron Master Elite,71.0,0,0,1,0.4695188,0.5209393,0,0,adulto
ICB_03645_008,ICB_166,copd,WelchAllyn Meditron Master Elite,71.0,0,0,1,0.47585553,0.4771207,0,0,adulto
ICB_03645_009,ICB_166,copd,WelchAllyn Meditron Master Elite,71.0,0,0,1,0.378134,0.49395055,0,0,adulto
ICB_03645_010,ICB_166,copd,WelchAllyn Meditron Master Elite,71.0,0,0,1,0.5732728,0.43207088,0,0,adulto
ICB_03645_011,ICB_166,copd,WelchAllyn Meditron Master Elite,71.0,0,0,1,0.5459295,0.3039432,0,0,adulto
ICB_03645_012,ICB_166,copd,WelchAllyn Meditron Master Elite,71.0,0,0,1,0.34559956,0.47151807,0,0,adulto
ICB_03645_013,ICB_166,copd,WelchAllyn Meditron Master Elite,71.0,0,0,1,0.35688648,0.5769673,0,0,adulto
ICB_03645_014,ICB_166,copd,WelchAllyn Meditron Master Elite,71.0,0,0,1,0.41173446,0.7235407,2,0,adulto
ICB_03645_015,ICB_166,copd,WelchAllyn Meditron Master Elite,71.0,0,1,1,0.5443593,0.6051698,0,2,adulto
ICB_03645_016,ICB_166,copd,WelchAllyn Meditron Master Elite,71.0,0,0,1,0.50006676,0.56181794,0,0,adulto
ICB_03645_017,ICB_166,copd,WelchAllyn Meditron Master Elite,71.0,0,0,1,0.42263412,0.53139657,0,0,adulto
ICB_03645_018,ICB_166,copd,WelchAllyn Meditron Master Elite,71.0,0,0,1,0.48869318,0.63808954,0,0,adulto
ICB_03645_019,ICB_166,copd,WelchAllyn Meditron Master Elite,71.0,0,0,1,0.6289354,0.5927403,0,0,adulto
ICB_03645_020,ICB_166,copd,WelchAllyn Meditron Master Elite,71.0,0,0,1,0.53828704,0.7260118,2,0,adulto
ICB_03645_021,ICB_166,copd,WelchAllyn Meditron Master Elite,71.0,0,0,1,0.33169064,0.59418344,0,0,adulto
ICB_03645_022,ICB_166,copd,WelchAllyn Meditron Master Elite,71.0,0,0,1,0.47017393,0.46653628,0,0,adulto
ICB_03645_023,ICB_166,copd,WelchAllyn Meditron Master Elite,71.0,0,0,1,0.47358334,0.51735073,0,0,adulto
ICB_03772_000,ICB_178,copd,AKG C417L Microphone,58.0,0,0,1,0.1839566,0.11462819,0,0,adulto
ICB_03772_001,ICB_178,copd,AKG C417L Microphone,58.0,0,1,1,0.40251634,0.25631994,0,2,adulto
ICB_03772_002,ICB_178,copd,AKG C417L Microphone,58.0,0,1,1,0.59321433,0.4902024,0,2,adulto
ICB_03772_003,ICB_178,copd,AKG C417L Microphone,58.0,0,1,1,0.22399577,0.66877,0,2,adulto
ICB_03772_004,ICB_178,copd,AKG C417L Microphone,58.0,0,1,1,0.25780526,0.22379805,0,2,adulto
ICB_03772_005,ICB_178,copd,AKG C417L Microphone,58.0,0,0,1,0.0680008,0.49676904,0,0,adulto
ICB_03772_006,ICB_178,copd,AKG C417L Microphone,58.0,0,0,1,0.31010583,0.28656498,0,0,adulto
ICB_03772_007,ICB_178,copd,AKG C417L Microphone,58.0,0,1,1,0.28607005,0.5016315,0,2,adulto
ICB_03772_008,ICB_178,copd,AKG C417L Microphone,58.0,0,1,1,0.40844864,0.28429708,0,2,adulto
ICB_03772_009,ICB_178,copd,AKG C417L Microphone,58.0,0,0,1,0.16889095,0.21777979,0,0,adulto
ICB_03772_010,ICB_178,copd,AKG C417L Microphone,58.0,0,0,1,0.3213577,0.24647091,0,0,adulto
ICB_03772_011,ICB_178,copd,AKG C417L Microphone,58.0,0,0,1,0.17872702,0.25745627,0,0,adulto
ICB_03773_000,ICB_178,copd,AKG C417L Microphone,58.0,1,1,1,0.072577246,0.5133466,0,3,adulto
ICB_03773_001,ICB_178,copd,AKG C417L Microphone,58.0,0,1,1,0.39888966,0.39770898,0,2,adulto
ICB_03773_002,ICB_178,copd,AKG C417L Microphone,58.0,0,1,1,0.513656,0.7097779,2,2,adulto
ICB_03773_003,ICB_178,copd,AKG C417L Microphone,58.0,0,0,1,0.27090073,0.74893606,2,0,adulto
ICB_03773_004,ICB_178,copd,AKG C417L Microphone,58.0,0,1,1,0.25103578,0.70084095,2,2,adulto
ICB_03773_005,ICB_178,copd,AKG C417L Microphone,58.0,0,1,1,0.04055032,0.5809471,0,2,adulto
ICB_03773_006,ICB_178,copd,AKG C417L Microphone,58.0,0,0,1,0.4633606,0.40654117,0,0,adulto
ICB_03773_007,ICB_178,copd,AKG C417L Microphone,58.0,0,1,1,0.32254884,0.6470482,0,2,adulto
ICB_03773_008,ICB_178,copd,AKG C417L Microphone,58.0,1,0,1,0.38716424,0.49821374,0,1,adulto
ICB_03773_009,ICB_178,copd,AKG C417L Microphone,58.0,0,0,1,0.21091111,0.26241302,0,0,adulto
ICB_03773_010,ICB_178,copd,AKG C417L Microphone,58.0,0,0,1,0.34584975,0.30191728,0,0,adulto
ICB_03773_011,ICB_178,copd,AKG C417L Microphone,58.0,1,0,1,0.079806976,0.16470988,0,1,adulto
ICB_03774_000,ICB_178,copd,AKG C417L Microphone,58.0,0,1,1,0.38330504,0.21213521,0,2,adulto
ICB_03774_001,ICB_178,copd,AKG C417L Microphone,58.0,1,1,1,0.45992213,0.43779576,0,3,adulto
ICB_03774_002,ICB_178,copd,AKG C417L Microphone,58.0,1,1,1,0.7008867,0.37373933,0,3,adulto
ICB_03774_003,ICB_178,copd,AKG C417L Microphone,58.0,0,1,1,0.16891755,0.5505929,0,2,adulto
ICB_03774_004,ICB_178,copd,AKG C417L Microphone,58.0,0,1,1,0.5132538,0.5533189,0,2,adulto
ICB_03774_005,ICB_178,copd,AKG C417L Microphone,58.0,0,0,1,0.078120604,0.53521645,0,0,adulto
ICB_03774_006,ICB_178,copd,AKG C417L Microphone,58.0,1,0,1,0.51690686,0.35404512,0,1,adulto
ICB_03774_007,ICB_178,copd,AKG C417L Microphone,58.0,1,1,1,0.5795724,0.43030128,0,3,adulto
ICB_03774_008,ICB_178,copd,AKG C417L Microphone,58.0,1,0,1,0.58313537,0.47849202,0,1,adulto
ICB_03774_009,ICB_178,copd,AKG C417L Microphone,58.0,1,0,1,0.6492986,0.37745267,0,1,adulto
ICB_03774_010,ICB_178,copd,AKG C417L Microphone,58.0,1,0,1,0.47419724,0.32982498,0,1,adulto
ICB_03774_011,ICB_178,copd,AKG C417L Microphone,58.0,1,0,1,0.6554405,0.47243688,0,1,adulto
ICB_03775_000,ICB_178,copd,AKG C417L Microphone,58.0,1,0,1,0.119643845,0.10565778,0,1,adulto
ICB_03775_001,ICB_178,copd,AKG C417L Microphone,58.0,1,0,1,0.4662213,0.40790346,0,1,adulto
ICB_03775_002,ICB_178,copd,AKG C417L Microphone,58.0,1,0,1,0.33261198,0.25156295,0,1,adulto
ICB_03775_003,ICB_178,copd,AKG C417L Microphone,58.0,1,0,1,0.19144522,0.2749548,0,1,adulto
ICB_03775_004,ICB_178,copd,AKG C417L Microphone,58.0,1,0,1,0.36902547,0.4926072,0,1,adulto
ICB_03775_005,ICB_178,copd,AKG C417L Microphone,58.0,1,0,1,0.22850752,0.43399808,0,1,adulto
ICB_03775_006,ICB_178,copd,AKG C417L Microphone,58.0,1,0,1,0.45546684,0.31148484,0,1,adulto
ICB_03775_007,ICB_178,copd,AKG C417L Microphone,58.0,1,0,1,0.3715177,0.39026117,0,1,adulto
ICB_03775_008,ICB_178,copd,AKG C417L Microphone,58.0,1,0,1,0.47948384,0.5565095,0,1,adulto
ICB_03775_009,ICB_178,copd,AKG C417L Microphone,58.0,1,0,1,0.36951023,0.35727528,0,1,adulto
ICB_03775_010,ICB_178,copd,AKG C417L Microphone,58.0,1,0,1,0.27560297,0.37850258,0,1,adulto
ICB_03775_011,ICB_178,copd,AKG C417L Microphone,58.0,1,0,1,0.46297255,0.45090395,0,1,adulto
ICB_03776_000,ICB_178,copd,AKG C417L Microphone,58.0,0,0,1,0.30631056,0.27093747,0,0,adulto
ICB_03776_001,ICB_178,copd,AKG C417L Microphone,58.0,0,1,1,0.4492884,0.33944777,0,2,adulto
ICB_03776_002,ICB_178,copd,AKG C417L Microphone,58.0,1,1,1,0.531944,0.34187812,0,3,adulto
ICB_03776_003,ICB_178,copd,AKG C417L Microphone,58.0,0,1,1,0.32061636,0.64753056,0,2,adulto
ICB_03776_004,ICB_178,copd,AKG C417L Microphone,58.0,0,1,1,0.45686242,0.53693694,0,2,adulto
ICB_03776_005,ICB_178,copd,AKG C417L Microphone,58.0,0,1,1,0.018144198,0.61515987,0,2,adulto
ICB_03776_006,ICB_178,copd,AKG C417L Microphone,58.0,0,0,1,0.2278224,0.37068066,0,0,adulto
ICB_03776_007,ICB_178,copd,AKG C417L Microphone,58.0,0,1,1,0.34370744,0.58864987,0,2,adulto
ICB_03776_008,ICB_178,copd,AKG C417L Microphone,58.0,0,0,1,0.39650616,0.5089695,0,0,adulto
ICB_03776_009,ICB_178,copd,AKG C417L Microphone,58.0,0,0,1,0.14643165,0.4513861,0,0,adulto
ICB_03776_010,ICB_178,copd,AKG C417L Microphone,58.0,0,0,1,0.34413075,0.28895605,0,0,adulto
ICB_03776_011,ICB_178,copd,AKG C417L Microphone,58.0,0,0,1,0.3343916,0.606489,0,0,adulto
ICB_03777_000,ICB_178,copd,AKG C417L Microphone,58.0,0,0,1,0.07507131,0.23176402,0,0,adulto
ICB_03777_001,ICB_178,copd,AKG C417L Microphone,58.0,0,1,1,0.2033579,0.2784978,0,2,adulto
ICB_03777_002,ICB_178,copd,AKG C417L Microphone,58.0,0,1,1,0.34354368,0.45162132,0,2,adulto
ICB_03777_003,ICB_178,copd,AKG C417L Microphone,58.0,0,1,1,0.21266481,0.38815466,0,2,adulto
ICB_03777_004,ICB_178,copd,AKG C417L Microphone,58.0,0,0,1,0.1374178,0.3006416,0,0,adulto
ICB_03777_005,ICB_178,copd,AKG C417L Microphone,58.0,0,0,1,0.14928494,0.63582516,0,0,adulto
ICB_03777_006,ICB_178,copd,AKG C417L Microphone,58.0,0,0,1,0.0073948507,0.30342197,0,0,adulto
ICB_03777_007,ICB_178,copd,AKG C417L Microphone,58.0,0,1,1,0.2470651,0.72447604,2,2,adulto
ICB_03777_008,ICB_178,copd,AKG C417L Microphone,58.0,0,1,1,0.3328297,0.4509341,0,2,adulto
ICB_03777_009,ICB_178,copd,AKG C417L Microphone,58.0,0,0,1,0.16669784,0.36690137,0,0,adulto
ICB_03777_010,ICB_178,copd,AKG C417L Microphone,58.0,0,0,1,0.29980576,0.48565394,0,0,adulto
ICB_03777_011,ICB_178,copd,AKG C417L Microphone,58.0,0,0,1,0.16095358,0.28878927,0,0,adulto
ICB_03778_000,ICB_178,copd,AKG C417L Microphone,58.0,1,1,1,0.34547257,0.21065307,0,3,adulto
ICB_03778_001,ICB_178,copd,AKG C417L Microphone,58.0,1,1,1,0.3450444,0.2933374,0,3,adulto
ICB_03778_002,ICB_178,copd,AKG C417L Microphone,58.0,0,1,1,0.70451385,0.25708738,0,2,adulto
ICB_03778_003,ICB_178,copd,AKG C417L Microphone,58.0,0,0,1,0.441138,0.48875353,0,0,adulto
ICB_03778_004,ICB_178,copd,AKG C417L Microphone,58.0,0,0,1,0.37481922,0.23176408,0,0,adulto
ICB_03779_000,ICB_178,copd,AKG C417L Microphone,58.0,1,0,1,0.3330992,0.19789138,0,1,adulto
ICB_03779_001,ICB_178,copd,AKG C417L Microphone,58.0,1,0,1,0.34137005,0.4620626,0,1,adulto
ICB_03779_002,ICB_178,copd,AKG C417L Microphone,58.0,1,1,1,0.4327042,0.34183857,0,3,adulto
ICB_03779_003,ICB_178,copd,AKG C417L Microphone,58.0,1,0,1,0.44105557,0.3190319,0,1,adulto
ICB_03779_004,ICB_178,copd,AKG C417L Microphone,58.0,1,0,1,0.20998263,0.19898647,0,1,adulto
ICB_03780_000,ICB_178,copd,AKG C417L Microphone,58.0,0,0,1,0.9185603,0.45204177,1,0,adulto
ICB_03780_001,ICB_178,copd,AKG C417L Microphone,58.0,0,0,1,0.9087729,0.34816796,1,0,adulto
ICB_03780_002,ICB_178,copd,AKG C417L Microphone,58.0,0,0,1,0.7559905,0.44325805,1,0,adulto
ICB_03780_003,ICB_178,copd,AKG C417L Microphone,58.0,0,0,1,0.830281,0.24637108,1,0,adulto
ICB_03780_004,ICB_178,copd,AKG C417L Microphone,58.0,0,0,1,0.88552403,0.36905798,1,0,adulto
ICB_03781_000,ICB_178,copd,AKG C417L Microphone,58.0,0,0,1,0.5584971,0.43678474,0,0,adulto
ICB_03781_001,ICB_178,copd,AKG C417L Microphone,58.0,0,0,1,0.61396945,0.44714436,0,0,adulto
ICB_03781_002,ICB_178,copd,AKG C417L Microphone,58.0,0,0,1,0.74522454,0.29910335,0,0,adulto
ICB_03781_003,ICB_178,copd,AKG C417L Microphone,58.0,0,0,1,0.75404173,0.49469692,1,0,adulto
ICB_03781_004,ICB_178,copd,AKG C417L Microphone,58.0,0,0,1,0.6465621,0.6754938,0,0,adulto
ICB_03782_000,ICB_178,copd,AKG C417L Microphone,58.0,0,0,1,0.6321147,0.39446813,0,0,adulto
ICB_03782_001,ICB_178,copd,AKG C417L Microphone,58.0,0,0,1,0.61900157,0.6312257,0,0,adulto
ICB_03782_002,ICB_178,copd,AKG C417L Microphone,58.0,0,0,1,0.6215027,0.300681,0,0,adulto
ICB_03782_003,ICB_178,copd,AKG C417L Microphone,58.0,0,0,1,0.6890639,0.41517577,0,0,adulto
ICB_03782_004,ICB_178,copd,AKG C417L Microphone,58.0,0,0,1,0.60510504,0.3839365,0,0,adulto
ICB_03783_000,ICB_178,copd,AKG C417L Microphone,58.0,0,0,1,0.19052717,0.46913108,0,0,adulto
ICB_03783_001,ICB_178,copd,AKG C417L Microphone,58.0,0,0,1,0.34888247,0.67735606,0,0,adulto
ICB_03783_002,ICB_178,copd,AKG C417L Microphone,58.0,1,0,1,0.43557855,0.55973655,0,1,adulto
ICB_03783_003,ICB_178,copd,AKG C417L Microphone,58.0,0,0,1,0.539733,0.6896517,0,0,adulto
ICB_03783_004,ICB_178,copd,AKG C417L Microphone,58.0,0,0,1,0.35739097,0.44573656,0,0,adulto
ICB_03784_000,ICB_178,copd,AKG C417L Microphone,58.0,0,0,1,0.32269487,0.33810085,0,0,adulto
ICB_03784_001,ICB_178,copd,AKG C417L Microphone,58.0,0,0,1,0.47575688,0.52233773,0,0,adulto
ICB_03784_002,ICB_178,copd,AKG C417L Microphone,58.0,0,0,1,0.3925887,0.29466707,0,0,adulto
ICB_03784_003,ICB_178,copd,AKG C417L Microphone,58.0,0,0,1,0.090463325,0.67420703,0,0,adulto
ICB_03784_004,ICB_178,copd,AKG C417L Microphone,58.0,0,0,1,0.37544814,0.36130443,0,0,adulto
ICB_03784_005,ICB_178,copd,AKG C417L Microphone,58.0,0,0,1,0.43639603,0.29193228,0,0,adulto
ICB_03784_006,ICB_178,copd,AKG C417L Microphone,58.0,0,0,1,0.30389142,0.21909645,0,0,adulto
ICB_03784_007,ICB_178,copd,AKG C417L Microphone,58.0,0,0,1,0.40981564,0.3901918,0,0,adulto
ICB_03785_000,ICB_178,copd,AKG C417L Microphone,58.0,1,0,1,0.385464,0.22943737,0,1,adulto
ICB_03785_001,ICB_178,copd,AKG C417L Microphone,58.0,1,0,1,0.29643163,0.61066854,0,1,adulto
ICB_03785_002,ICB_178,copd,AKG C417L Microphone,58.0,1,0,1,0.21605995,0.2461593,0,1,adulto
ICB_03785_003,ICB_178,copd,AKG C417L Microphone,58.0,1,0,1,0.03326104,0.7397827,2,1,adulto
ICB_03785_004,ICB_178,copd,AKG C417L Microphone,58.0,1,0,1,0.35487744,0.32657254,0,1,adulto
ICB_03785_005,ICB_178,copd,AKG C417L Microphone,58.0,1,0,1,0.38860208,0.2609564,0,1,adulto
ICB_03785_006,ICB_178,copd,AKG C417L Microphone,58.0,1,0,1,0.17157486,0.32958242,0,1,adulto
ICB_03785_007,ICB_178,copd,AKG C417L Microphone,58.0,1,0,1,0.21976812,0.3656172,0,1,adulto
ICB_03786_000,ICB_178,copd,AKG C417L Microphone,58.0,0,1,1,0.54329056,0.42574492,0,2,adulto
ICB_03786_001,ICB_178,copd,AKG C417L Microphone,58.0,0,1,1,0.48001567,0.5190923,0,2,adulto
ICB_03786_002,ICB_178,copd,AKG C417L Microphone,58.0,0,1,1,0.5076426,0.48206002,0,2,adulto
ICB_03786_003,ICB_178,copd,AKG C417L Microphone,58.0,0,1,1,0.082343295,0.72994155,2,2,adulto
ICB_03786_004,ICB_178,copd,AKG C417L Microphone,58.0,0,1,1,0.30954027,0.6093641,0,2,adulto
ICB_03786_005,ICB_178,copd,AKG C417L Microphone,58.0,0,1,1,0.5566281,0.3409936,0,2,adulto
ICB_03786_006,ICB_178,copd,AKG C417L Microphone,58.0,0,1,1,0.5880689,0.50485224,0,2,adulto
ICB_03786_007,ICB_178,copd,AKG C417L Microphone,58.0,0,1,1,0.22984628,0.67535734,0,2,adulto
ICB_03787_000,ICB_178,copd,AKG C417L Microphone,58.0,0,0,1,0.5290614,0.20371352,0,0,adulto
ICB_03787_001,ICB_178,copd,AKG C417L Microphone,58.0,0,0,1,0.7178014,0.5600536,0,0,adulto
ICB_03787_002,ICB_178,copd,AKG C417L Microphone,58.0,0,0,1,0.73474634,0.40866292,0,0,adulto
ICB_03787_003,ICB_178,copd,AKG C417L Microphone,58.0,0,0,1,0.058598153,0.37797266,0,0,adulto
ICB_03787_004,ICB_178,copd,AKG C417L Microphone,58.0,0,0,1,0.5746942,0.43069115,0,0,adulto
ICB_03787_005,ICB_178,copd,AKG C417L Microphone,58.0,0,0,1,0.80783284,0.4695617,1,0,adulto
ICB_03787_006,ICB_178,copd,AKG C417L Microphone,58.0,0,0,1,0.759828,0.3929758,1,0,adulto
ICB_03787_007,ICB_178,copd,AKG C417L Microphone,58.0,0,0,1,0.74518025,0.47799,0,0,adulto
ICB_03788_000,ICB_178,copd,AKG C417L Microphone,58.0,0,0,1,0.64820325,0.19751647,0,0,adulto
ICB_03788_001,ICB_178,copd,AKG C417L Microphone,58.0,0,0,1,0.823885,0.33691138,1,0,adulto
ICB_03788_002,ICB_178,copd,AKG C417L Microphone,58.0,0,0,1,0.81939626,0.24435265,1,0,adulto
ICB_03788_003,ICB_178,copd,AKG C417L Microphone,58.0,0,0,1,0.35974053,0.089714065,0,0,adulto
ICB_03788_004,ICB_178,copd,AKG C417L Microphone,58.0,0,0,1,0.5621511,0.44866842,0,0,adulto
ICB_03788_005,ICB_178,copd,AKG C417L Microphone,58.0,0,0,1,0.85632104,0.35685334,1,0,adulto
ICB_03788_006,ICB_178,copd,AKG C417L Microphone,58.0,0,0,1,0.89542544,0.2759251,1,0,adulto
ICB_03788_007,ICB_178,copd,AKG C417L Microphone,58.0,0,0,1,0.6843115,0.60387397,0,0,adulto
ICB_03789_000,ICB_178,copd,AKG C417L Microphone,58.0,0,0,1,0.5781216,0.2798044,0,0,adulto
ICB_03789_001,ICB_178,copd,AKG C417L Microphone,58.0,0,1,1,0.44493693,0.5904823,0,2,adulto
ICB_03789_002,ICB_178,copd,AKG C417L Microphone,58.0,0,0,1,0.637137,0.45750433,0,0,adulto
ICB_03789_003,ICB_178,copd,AKG C417L Microphone,58.0,0,0,1,0.054705136,0.8415066,2,0,adulto
ICB_03789_004,ICB_178,copd,AKG C417L Microphone,58.0,0,0,1,0.48986676,0.62975806,0,0,adulto
ICB_03789_005,ICB_178,copd,AKG C417L Microphone,58.0,0,0,1,0.7185891,0.46071482,0,0,adulto
ICB_03789_006,ICB_178,copd,AKG C417L Microphone,58.0,0,0,1,0.59233737,0.43142185,0,0,adulto
ICB_03789_007,ICB_178,copd,AKG C417L Microphone,58.0,0,1,1,0.4836902,0.47117123,0,2,adulto
ICB_03790_000,ICB_178,copd,AKG C417L Microphone,58.0,0,0,1,0.18901746,0.26093474,0,0,adulto
ICB_03790_001,ICB_178,copd,AKG C417L Microphone,58.0,0,0,1,0.41296586,0.6869508,0,0,adulto
ICB_03790_002,ICB_178,copd,AKG C417L Microphone,58.0,0,0,1,0.25128224,0.31065068,0,0,adulto
ICB_03790_003,ICB_178,copd,AKG C417L Microphone,58.0,0,0,1,0.03367797,0.7889667,2,0,adulto
ICB_03790_004,ICB_178,copd,AKG C417L Microphone,58.0,0,0,1,0.21958001,0.481853,0,0,adulto
ICB_03790_005,ICB_178,copd,AKG C417L Microphone,58.0,0,0,1,0.30323198,0.5215509,0,0,adulto
ICB_03790_006,ICB_178,copd,AKG C417L Microphone,58.0,0,0,1,0.3337091,0.41319063,0,0,adulto
ICB_03790_007,ICB_178,copd,AKG C417L Microphone,58.0,0,0,1,0.29235247,0.45925447,0,0,adulto
ICB_03791_000,ICB_178,copd,AKG C417L Microphone,58.0,1,0,1,0.3823844,0.31330332,0,1,adulto
ICB_03791_001,ICB_178,copd,AKG C417L Microphone,58.0,1,0,1,0.47749025,0.46510378,0,1,adulto
ICB_03791_002,ICB_178,copd,AKG C417L Microphone,58.0,1,0,1,0.38289204,0.30774805,0,1,adulto
ICB_03791_003,ICB_178,copd,AKG C417L Microphone,58.0,0,0,1,0.2715091,0.69456106,0,0,adulto
ICB_03791_004,ICB_178,copd,AKG C417L Microphone,58.0,1,0,1,0.5642874,0.29844937,0,1,adulto
ICB_03791_005,ICB_178,copd,AKG C417L Microphone,58.0,0,0,1,0.5207298,0.5183829,0,0,adulto
ICB_03791_006,ICB_178,copd,AKG C417L Microphone,58.0,1,0,1,0.55971223,0.51854086,0,1,adulto
ICB_03791_007,ICB_178,copd,AKG C417L Microphone,58.0,1,0,1,0.43945372,0.39582556,0,1,adulto
ICB_03791_008,ICB_178,copd,AKG C417L Microphone,58.0,1,0,1,0.32398567,0.58598375,0,1,adulto
ICB_03791_009,ICB_178,copd,AKG C417L Microphone,58.0,0,0,1,0.22357473,0.118905395,0,0,adulto
ICB_03792_000,ICB_178,copd,AKG C417L Microphone,58.0,0,0,1,0.79106003,0.35001454,1,0,adulto
ICB_03792_001,ICB_178,copd,AKG C417L Microphone,58.0,0,0,1,0.43905807,0.44218442,0,0,adulto
ICB_03792_002,ICB_178,copd,AKG C417L Microphone,58.0,0,0,1,0.5287353,0.44310066,0,0,adulto
ICB_03792_003,ICB_178,copd,AKG C417L Microphone,58.0,1,0,1,0.5150025,0.53465116,0,1,adulto
ICB_03792_004,ICB_178,copd,AKG C417L Microphone,58.0,0,0,1,0.6045543,0.3729603,0,0,adulto
ICB_03792_005,ICB_178,copd,AKG C417L Microphone,58.0,1,0,1,0.7423769,0.47197235,0,1,adulto
ICB_03792_006,ICB_178,copd,AKG C417L Microphone,58.0,1,0,1,0.73128164,0.4853001,0,1,adulto
ICB_03792_007,ICB_178,copd,AKG C417L Microphone,58.0,1,0,1,0.6009877,0.41254887,0,1,adulto
ICB_03792_008,ICB_178,copd,AKG C417L Microphone,58.0,1,0,1,0.5405501,0.38643876,0,1,adulto
ICB_03792_009,ICB_178,copd,AKG C417L Microphone,58.0,1,0,1,0.5228251,0.2966715,0,1,adulto
ICB_03793_000,ICB_178,copd,AKG C417L Microphone,58.0,0,0,1,0.51601094,0.5009612,0,0,adulto
ICB_03793_001,ICB_178,copd,AKG C417L Microphone,58.0,0,0,1,0.63745457,0.56330645,0,0,adulto
ICB_03793_002,ICB_178,copd,AKG C417L Microphone,58.0,0,0,1,0.5045176,0.65075743,0,0,adulto
ICB_03793_003,ICB_178,copd,AKG C417L Microphone,58.0,0,0,1,0.5696796,0.4684218,0,0,adulto
ICB_03793_004,ICB_178,copd,AKG C417L Microphone,58.0,0,0,1,0.62662274,0.60976684,0,0,adulto
ICB_03793_005,ICB_178,copd,AKG C417L Microphone,58.0,0,0,1,0.5110089,0.47215882,0,0,adulto
ICB_03793_006,ICB_178,copd,AKG C417L Microphone,58.0,0,0,1,0.5932774,0.5283194,0,0,adulto
ICB_03793_007,ICB_178,copd,AKG C417L Microphone,58.0,0,0,1,0.5877116,0.5262895,0,0,adulto
ICB_03793_008,ICB_178,copd,AKG C417L Microphone,58.0,0,0,1,0.4113902,0.5117944,0,0,adulto
ICB_03793_009,ICB_178,copd,AKG C417L Microphone,58.0,0,0,1,0.5593828,0.24922268,0,0,adulto
ICB_03794_000,ICB_178,copd,AKG C417L Microphone,58.0,0,0,1,0.7377362,0.30496785,0,0,adulto
ICB_03794_001,ICB_178,copd,AKG C417L Microphone,58.0,0,0,1,0.66682905,0.35533303,0,0,adulto
ICB_03794_002,ICB_178,copd,AKG C417L Microphone,58.0,0,0,1,0.76419735,0.58436555,1,0,adulto
ICB_03794_003,ICB_178,copd,AKG C417L Microphone,58.0,0,0,1,0.6205045,0.3406361,0,0,adulto
ICB_03794_004,ICB_178,copd,AKG C417L Microphone,58.0,0,0,1,0.5361178,0.3522897,0,0,adulto
ICB_03794_005,ICB_178,copd,AKG C417L Microphone,58.0,0,0,1,0.7021939,0.4211273,0,0,adulto
ICB_03794_006,ICB_178,copd,AKG C417L Microphone,58.0,0,0,1,0.6226001,0.47282407,0,0,adulto
ICB_03794_007,ICB_178,copd,AKG C417L Microphone,58.0,0,0,1,0.6262157,0.345049,0,0,adulto
ICB_03794_008,ICB_178,copd,AKG C417L Microphone,58.0,0,0,1,0.25260952,0.41300815,0,0,adulto
ICB_03794_009,ICB_178,copd,AKG C417L Microphone,58.0,0,0,1,0.51850694,0.24324194,0,0,adulto
ICB_03795_000,ICB_178,copd,AKG C417L Microphone,58.0,0,0,1,0.19903347,0.47854567,0,0,adulto
ICB_03795_001,ICB_178,copd,AKG C417L Microphone,58.0,0,0,1,0.34929752,0.52335954,0,0,adulto
ICB_03795_002,ICB_178,copd,AKG C417L Microphone,58.0,0,0,1,0.2393913,0.46125072,0,0,adulto
ICB_03795_003,ICB_178,copd,AKG C417L Microphone,58.0,0,0,1,0.2770735,0.5168027,0,0,adulto
ICB_03795_004,ICB_178,copd,AKG C417L Microphone,58.0,0,0,1,0.43772486,0.3658594,0,0,adulto
ICB_03795_005,ICB_178,copd,AKG C417L Microphone,58.0,0,0,1,0.47518554,0.49480072,0,0,adulto
ICB_03795_006,ICB_178,copd,AKG C417L Microphone,58.0,0,0,1,0.34932524,0.51961374,0,0,adulto
ICB_03795_007,ICB_178,copd,AKG C417L Microphone,58.0,0,0,1,0.36369425,0.5504498,0,0,adulto
ICB_03795_008,ICB_178,copd,AKG C417L Microphone,58.0,0,0,1,0.38543263,0.39121538,0,0,adulto
ICB_03795_009,ICB_178,copd,AKG C417L Microphone,58.0,0,0,1,0.4617208,0.3433523,0,0,adulto
ICB_03810_000,ICB_184,normal_lung,3M Littmann Classic II SE,2.0,0,0,1,0.47067493,0.31422406,0,0,pediátrico (<18)
ICB_03810_001,ICB_184,normal_lung,3M Littmann Classic II SE,2.0,0,0,1,0.42820054,0.3528532,0,0,pediátrico (<18)
ICB_03810_002,ICB_184,normal_lung,3M Littmann Classic II SE,2.0,0,0,1,0.6653274,0.37146467,0,0,pediátrico (<18)
ICB_03810_003,ICB_184,normal_lung,3M Littmann Classic II SE,2.0,0,0,1,0.7101269,0.22720282,0,0,pediátrico (<18)
ICB_03810_004,ICB_184,normal_lung,3M Littmann Classic II SE,2.0,0,0,1,0.62468237,0.24804464,0,0,pediátrico (<18)
ICB_03810_005,ICB_184,normal_lung,3M Littmann Classic II SE,2.0,0,0,1,0.6270549,0.21557906,0,0,pediátrico (<18)
ICB_03810_006,ICB_184,normal_lung,3M Littmann Classic II SE,2.0,0,0,1,0.71092933,0.27999714,0,0,pediátrico (<18)
ICB_03810_007,ICB_184,normal_lung,3M Littmann Classic II SE,2.0,0,0,1,0.55117404,0.17373352,0,0,pediátrico (<18)
ICB_03857_000,ICB_193,copd,AKG C417L Microphone,77.0,0,0,1,0.13596243,0.1195932,0,0,adulto
ICB_03857_001,ICB_193,copd,AKG C417L Microphone,77.0,0,1,1,0.2593279,0.6345629,0,2,adulto
ICB_03857_002,ICB_193,copd,AKG C417L Microphone,77.0,0,1,1,0.13986613,0.8842824,2,2,adulto
ICB_03857_003,ICB_193,copd,AKG C417L Microphone,77.0,0,1,1,0.13081256,0.7449021,2,2,adulto
ICB_03857_004,ICB_193,copd,AKG C417L Microphone,77.0,0,1,1,0.11006607,0.86433053,2,2,adulto
ICB_03857_005,ICB_193,copd,AKG C417L Microphone,77.0,0,1,1,0.14693622,0.78341275,2,2,adulto
ICB_03857_006,ICB_193,copd,AKG C417L Microphone,77.0,0,1,1,0.16601035,0.80527896,2,2,adulto
ICB_03857_007,ICB_193,copd,AKG C417L Microphone,77.0,0,1,1,0.13836396,0.6972827,0,2,adulto
ICB_03857_008,ICB_193,copd,AKG C417L Microphone,77.0,0,1,1,0.09600368,0.8229708,2,2,adulto
ICB_03857_009,ICB_193,copd,AKG C417L Microphone,77.0,0,1,1,0.18152574,0.86964315,2,2,adulto
ICB_03857_010,ICB_193,copd,AKG C417L Microphone,77.0,0,1,1,0.1880658,0.7891574,2,2,adulto
ICB_03857_011,ICB_193,copd,AKG C417L Microphone,77.0,0,1,1,0.29694256,0.89549637,2,2,adulto
ICB_03858_000,ICB_193,copd,AKG C417L Microphone,77.0,0,0,1,0.37962833,0.42141852,0,0,adulto
ICB_03858_001,ICB_193,copd,AKG C417L Microphone,77.0,0,1,1,0.14950132,0.9011013,2,2,adulto
ICB_03858_002,ICB_193,copd,AKG C417L Microphone,77.0,0,1,1,0.10028949,0.8579471,2,2,adulto
ICB_03858_003,ICB_193,copd,AKG C417L Microphone,77.0,0,1,1,0.08418463,0.16179654,0,2,adulto
ICB_03858_004,ICB_193,copd,AKG C417L Microphone,77.0,0,1,1,0.118047245,0.69006497,0,2,adulto
ICB_03858_005,ICB_193,copd,AKG C417L Microphone,77.0,0,1,1,0.12143858,0.8913916,2,2,adulto
ICB_03858_006,ICB_193,copd,AKG C417L Microphone,77.0,0,1,1,0.13716984,0.0052616782,0,2,adulto
ICB_03858_007,ICB_193,copd,AKG C417L Microphone,77.0,0,1,1,0.15170118,0.9314293,2,2,adulto
ICB_03858_008,ICB_193,copd,AKG C417L Microphone,77.0,0,1,1,0.089915514,0.90153205,2,2,adulto
ICB_03858_009,ICB_193,copd,AKG C417L Microphone,77.0,0,1,1,0.15242842,0.85729384,2,2,adulto
ICB_03858_010,ICB_193,copd,AKG C417L Microphone,77.0,0,1,1,0.12905145,0.9543851,2,2,adulto
ICB_03858_011,ICB_193,copd,AKG C417L Microphone,77.0,0,1,1,0.15647726,0.8341275,2,2,adulto
ICB_03859_000,ICB_193,copd,AKG C417L Microphone,77.0,0,0,1,0.0,1.0,2,0,adulto
ICB_03859_001,ICB_193,copd,AKG C417L Microphone,77.0,0,0,1,0.0,1.0,2,0,adulto
ICB_03859_002,ICB_193,copd,AKG C417L Microphone,77.0,0,0,1,0.0,1.0,2,0,adulto
ICB_03859_003,ICB_193,copd,AKG C417L Microphone,77.0,0,0,1,0.0,1.0,2,0,adulto
ICB_03859_004,ICB_193,copd,AKG C417L Microphone,77.0,0,0,1,0.0,1.0,2,0,adulto
ICB_03859_005,ICB_193,copd,AKG C417L Microphone,77.0,0,0,1,0.0,1.0,2,0,adulto
ICB_03859_006,ICB_193,copd,AKG C417L Microphone,77.0,0,0,1,0.0,1.0,2,0,adulto
ICB_03859_007,ICB_193,copd,AKG C417L Microphone,77.0,0,0,1,0.0,1.0,2,0,adulto
ICB_03859_008,ICB_193,copd,AKG C417L Microphone,77.0,0,0,1,0.0,1.0,2,0,adulto
ICB_03859_009,ICB_193,copd,AKG C417L Microphone,77.0,0,0,1,0.0,1.0,2,0,adulto
ICB_03859_010,ICB_193,copd,AKG C417L Microphone,77.0,0,0,1,0.0,1.0,2,0,adulto
ICB_03859_011,ICB_193,copd,AKG C417L Microphone,77.0,0,0,1,0.0,1.0,2,0,adulto
ICB_03860_000,ICB_193,copd,AKG C417L Microphone,77.0,0,1,1,0.4919856,0.33626226,0,2,adulto
ICB_03860_001,ICB_193,copd,AKG C417L Microphone,77.0,0,1,1,0.12636802,0.86999774,2,2,adulto
ICB_03860_002,ICB_193,copd,AKG C417L Microphone,77.0,0,1,1,0.10029532,0.7837506,2,2,adulto
ICB_03860_003,ICB_193,copd,AKG C417L Microphone,77.0,0,1,1,0.12697096,0.6996086,0,2,adulto
ICB_03860_004,ICB_193,copd,AKG C417L Microphone,77.0,0,1,1,0.22122346,0.6660009,0,2,adulto
ICB_03860_005,ICB_193,copd,AKG C417L Microphone,77.0,0,1,1,0.13630386,0.8127385,2,2,adulto
ICB_03860_006,ICB_193,copd,AKG C417L Microphone,77.0,0,1,1,0.37501618,0.61282134,0,2,adulto
ICB_03860_007,ICB_193,copd,AKG C417L Microphone,77.0,0,1,1,0.18638772,0.7552467,2,2,adulto
ICB_03860_008,ICB_193,copd,AKG C417L Microphone,77.0,0,1,1,0.08243369,0.781372,2,2,adulto
ICB_03860_009,ICB_193,copd,AKG C417L Microphone,77.0,0,1,1,0.11491378,0.83512294,2,2,adulto
ICB_03860_010,ICB_193,copd,AKG C417L Microphone,77.0,0,1,1,0.16760077,0.83657837,2,2,adulto
ICB_03860_011,ICB_193,copd,AKG C417L Microphone,77.0,0,1,1,0.3245652,0.70614755,2,2,adulto
ICB_03861_000,ICB_193,copd,AKG C417L Microphone,77.0,0,1,1,0.16048934,0.6763717,0,2,adulto
ICB_03861_001,ICB_193,copd,AKG C417L Microphone,77.0,0,1,1,0.4437044,0.61568964,0,2,adulto
ICB_03861_002,ICB_193,copd,AKG C417L Microphone,77.0,0,1,1,0.42581165,0.6484273,0,2,adulto
ICB_03861_003,ICB_193,copd,AKG C417L Microphone,77.0,0,1,1,0.32466242,0.57793844,0,2,adulto
ICB_03861_004,ICB_193,copd,AKG C417L Microphone,77.0,0,1,1,0.27873725,0.75308824,2,2,adulto
ICB_03861_005,ICB_193,copd,AKG C417L Microphone,77.0,0,1,1,0.21667664,0.8544226,2,2,adulto
ICB_03861_006,ICB_193,copd,AKG C417L Microphone,77.0,0,1,1,0.3362485,0.70089513,2,2,adulto
ICB_03861_007,ICB_193,copd,AKG C417L Microphone,77.0,0,1,1,0.40849045,0.75261503,2,2,adulto
ICB_03861_008,ICB_193,copd,AKG C417L Microphone,77.0,0,1,1,0.17861365,0.7652006,2,2,adulto
ICB_03861_009,ICB_193,copd,AKG C417L Microphone,77.0,0,1,1,0.35026076,0.7489255,2,2,adulto
ICB_03861_010,ICB_193,copd,AKG C417L Microphone,77.0,0,1,1,0.30953246,0.79942536,2,2,adulto
ICB_03861_011,ICB_193,copd,AKG C417L Microphone,77.0,0,1,1,0.37383035,0.7644207,2,2,adulto
ICB_03862_000,ICB_193,copd,AKG C417L Microphone,77.0,0,0,1,0.20804805,0.1008828,0,0,adulto
ICB_03862_001,ICB_193,copd,AKG C417L Microphone,77.0,0,1,1,0.14135048,0.41429487,0,2,adulto
ICB_03862_002,ICB_193,copd,AKG C417L Microphone,77.0,0,1,1,0.14515473,0.48808762,0,2,adulto
ICB_03862_003,ICB_193,copd,AKG C417L Microphone,77.0,0,0,1,0.05424602,0.23359872,0,0,adulto
ICB_03862_004,ICB_193,copd,AKG C417L Microphone,77.0,0,0,1,0.23816104,0.21666773,0,0,adulto
ICB_03862_005,ICB_193,copd,AKG C417L Microphone,77.0,0,1,1,0.1048979,0.4530353,0,2,adulto
ICB_03862_006,ICB_193,copd,AKG C417L Microphone,77.0,0,1,1,0.09680252,0.2358392,0,2,adulto
ICB_03862_007,ICB_193,copd,AKG C417L Microphone,77.0,0,1,1,0.070720814,0.42490032,0,2,adulto
ICB_03862_008,ICB_193,copd,AKG C417L Microphone,77.0,0,1,1,0.14370179,0.22495635,0,2,adulto
ICB_03862_009,ICB_193,copd,AKG C417L Microphone,77.0,0,1,1,0.2795749,0.37140262,0,2,adulto
ICB_03862_010,ICB_193,copd,AKG C417L Microphone,77.0,0,1,1,0.22328076,0.36382917,0,2,adulto
ICB_03862_011,ICB_193,copd,AKG C417L Microphone,77.0,0,1,1,0.17694552,0.5036213,0,2,adulto
ICB_03863_000,ICB_193,copd,AKG C417L Microphone,77.0,0,1,1,0.049332425,0.57686955,0,2,adulto
ICB_03863_001,ICB_193,copd,AKG C417L Microphone,77.0,0,1,1,0.20845148,0.8933089,2,2,adulto
ICB_03863_002,ICB_193,copd,AKG C417L Microphone,77.0,0,1,1,0.2552549,0.90504104,2,2,adulto
ICB_03863_003,ICB_193,copd,AKG C417L Microphone,77.0,0,1,1,0.037951183,0.94444937,2,2,adulto
ICB_03863_004,ICB_193,copd,AKG C417L Microphone,77.0,0,1,1,0.18299915,0.9469415,2,2,adulto
ICB_03863_005,ICB_193,copd,AKG C417L Microphone,77.0,0,1,1,0.38285843,0.84807837,2,2,adulto
ICB_03863_006,ICB_193,copd,AKG C417L Microphone,77.0,0,1,1,0.2671444,0.9253685,2,2,adulto
ICB_03863_007,ICB_193,copd,AKG C417L Microphone,77.0,0,1,1,0.3377179,0.8060493,2,2,adulto
ICB_03863_008,ICB_193,copd,AKG C417L Microphone,77.0,0,1,1,0.18667828,0.75822973,2,2,adulto
ICB_03863_009,ICB_193,copd,AKG C417L Microphone,77.0,0,1,1,0.064667046,0.9556947,2,2,adulto
ICB_03864_000,ICB_193,copd,AKG C417L Microphone,77.0,0,0,1,0.40410668,0.43080458,0,0,adulto
ICB_03864_001,ICB_193,copd,AKG C417L Microphone,77.0,0,0,1,0.47549227,0.59891045,0,0,adulto
ICB_03864_002,ICB_193,copd,AKG C417L Microphone,77.0,0,0,1,0.40957332,0.45326206,0,0,adulto
ICB_03864_003,ICB_193,copd,AKG C417L Microphone,77.0,0,0,1,0.6502499,0.42694506,0,0,adulto
ICB_03864_004,ICB_193,copd,AKG C417L Microphone,77.0,0,0,1,0.61106616,0.5401074,0,0,adulto
ICB_03864_005,ICB_193,copd,AKG C417L Microphone,77.0,0,0,1,0.57274324,0.39651605,0,0,adulto
ICB_03864_006,ICB_193,copd,AKG C417L Microphone,77.0,0,0,1,0.4877598,0.4208964,0,0,adulto
ICB_03864_007,ICB_193,copd,AKG C417L Microphone,77.0,0,0,1,0.54607546,0.31360975,0,0,adulto
ICB_03865_000,ICB_193,copd,AKG C417L Microphone,77.0,0,0,1,0.40305078,0.2620359,0,0,adulto
ICB_03865_001,ICB_193,copd,AKG C417L Microphone,77.0,1,0,1,0.40295,0.45803082,0,1,adulto
ICB_03865_002,ICB_193,copd,AKG C417L Microphone,77.0,1,0,1,0.29881763,0.32437897,0,1,adulto
ICB_03865_003,ICB_193,copd,AKG C417L Microphone,77.0,1,0,1,0.5946429,0.37899765,0,1,adulto
ICB_03865_004,ICB_193,copd,AKG C417L Microphone,77.0,1,0,1,0.64885706,0.46711,0,1,adulto
ICB_03865_005,ICB_193,copd,AKG C417L Microphone,77.0,0,0,1,0.59308994,0.34199628,0,0,adulto
ICB_03865_006,ICB_193,copd,AKG C417L Microphone,77.0,1,0,1,0.47879472,0.28309885,0,1,adulto
ICB_03865_007,ICB_193,copd,AKG C417L Microphone,77.0,1,0,1,0.508518,0.40492317,0,1,adulto
ICB_03866_000,ICB_193,copd,AKG C417L Microphone,77.0,0,0,1,0.55630946,0.48785794,0,0,adulto
ICB_03866_001,ICB_193,copd,AKG C417L Microphone,77.0,0,0,1,0.4996655,0.5853159,0,0,adulto
ICB_03866_002,ICB_193,copd,AKG C417L Microphone,77.0,0,0,1,0.48042816,0.4054079,0,0,adulto
ICB_03866_003,ICB_193,copd,AKG C417L Microphone,77.0,1,0,1,0.6666867,0.43580353,0,1,adulto
ICB_03866_004,ICB_193,copd,AKG C417L Microphone,77.0,0,0,1,0.549685,0.5907032,0,0,adulto
ICB_03866_005,ICB_193,copd,AKG C417L Microphone,77.0,0,0,1,0.49358165,0.44302413,0,0,adulto
ICB_03866_006,ICB_193,copd,AKG C417L Microphone,77.0,0,0,1,0.49442473,0.45843756,0,0,adulto
ICB_03866_007,ICB_193,copd,AKG C417L Microphone,77.0,0,0,1,0.70998704,0.48445016,0,0,adulto
ICB_03867_000,ICB_193,copd,AKG C417L Microphone,77.0,1,0,1,0.56833136,0.24283247,0,1,adulto
ICB_03867_001,ICB_193,copd,AKG C417L Microphone,77.0,1,0,1,0.5597092,0.34449333,0,1,adulto
ICB_03867_002,ICB_193,copd,AKG C417L Microphone,77.0,1,0,1,0.5003079,0.36327797,0,1,adulto
ICB_03867_003,ICB_193,copd,AKG C417L Microphone,77.0,1,0,1,0.57867897,0.44203055,0,1,adulto
ICB_03867_004,ICB_193,copd,AKG C417L Microphone,77.0,1,0,1,0.5586955,0.39105424,0,1,adulto
ICB_03867_005,ICB_193,copd,AKG C417L Microphone,77.0,1,0,1,0.55642354,0.3412106,0,1,adulto
ICB_03867_006,ICB_193,copd,AKG C417L Microphone,77.0,1,0,1,0.42855966,0.3130729,0,1,adulto
ICB_03867_007,ICB_193,copd,AKG C417L Microphone,77.0,1,0,1,0.5942505,0.25837916,0,1,adulto
ICB_03868_000,ICB_193,copd,AKG C417L Microphone,77.0,1,0,1,0.595537,0.36145297,0,1,adulto
ICB_03868_001,ICB_193,copd,AKG C417L Microphone,77.0,1,0,1,0.7319177,0.6381971,0,1,adulto
ICB_03868_002,ICB_193,copd,AKG C417L Microphone,77.0,1,0,1,0.6911719,0.46589008,0,1,adulto
ICB_03868_003,ICB_193,copd,AKG C417L Microphone,77.0,1,0,1,0.7365088,0.47893512,0,1,adulto
ICB_03868_004,ICB_193,copd,AKG C417L Microphone,77.0,1,0,1,0.6561452,0.60100275,0,1,adulto
ICB_03868_005,ICB_193,copd,AKG C417L Microphone,77.0,1,0,1,0.6810061,0.4477002,0,1,adulto
ICB_03868_006,ICB_193,copd,AKG C417L Microphone,77.0,1,0,1,0.7254418,0.49161664,0,1,adulto
ICB_03868_007,ICB_193,copd,AKG C417L Microphone,77.0,1,0,1,0.5730619,0.523874,0,1,adulto
ICB_03869_000,ICB_193,copd,AKG C417L Microphone,77.0,0,0,1,0.6508374,0.2680987,0,0,adulto
ICB_03869_001,ICB_193,copd,AKG C417L Microphone,77.0,0,0,1,0.7609532,0.43631393,1,0,adulto
ICB_03869_002,ICB_193,copd,AKG C417L Microphone,77.0,0,0,1,0.7383537,0.46632934,0,0,adulto
ICB_03869_003,ICB_193,copd,AKG C417L Microphone,77.0,0,0,1,0.80918133,0.41249317,1,0,adulto
ICB_03869_004,ICB_193,copd,AKG C417L Microphone,77.0,0,0,1,0.580129,0.6573467,0,0,adulto
ICB_03869_005,ICB_193,copd,AKG C417L Microphone,77.0,0,0,1,0.64997786,0.5493228,0,0,adulto
ICB_03869_006,ICB_193,copd,AKG C417L Microphone,77.0,0,0,1,0.6935358,0.38358724,0,0,adulto
ICB_03869_007,ICB_193,copd,AKG C417L Microphone,77.0,0,0,1,0.42581683,0.52672726,0,0,adulto
ICB_03870_000,ICB_193,copd,AKG C417L Microphone,77.0,0,0,1,0.16446197,0.3282077,0,0,adulto
ICB_03870_001,ICB_193,copd,AKG C417L Microphone,77.0,1,0,1,0.1590037,0.40358445,0,1,adulto
ICB_03870_002,ICB_193,copd,AKG C417L Microphone,77.0,1,0,1,0.19635746,0.52750427,0,1,adulto
ICB_03870_003,ICB_193,copd,AKG C417L Microphone,77.0,1,0,1,0.18593535,0.5002558,0,1,adulto
ICB_03870_004,ICB_193,copd,AKG C417L Microphone,77.0,0,0,1,0.1946415,0.5101054,0,0,adulto
ICB_03870_005,ICB_193,copd,AKG C417L Microphone,77.0,0,0,1,0.17444754,0.565371,0,0,adulto
ICB_03870_006,ICB_193,copd,AKG C417L Microphone,77.0,1,0,1,0.271813,0.5806621,0,1,adulto
ICB_03870_007,ICB_193,copd,AKG C417L Microphone,77.0,1,0,1,0.19674096,0.501706,0,1,adulto
ICB_03873_000,ICB_195,copd,3M Littmann 3200 Electronic,67.0,0,1,1,0.12610215,0.41127524,0,2,adulto
ICB_03873_001,ICB_195,copd,3M Littmann 3200 Electronic,67.0,0,0,1,0.12367968,0.46127516,0,0,adulto
ICB_03873_002,ICB_195,copd,3M Littmann 3200 Electronic,67.0,0,1,1,0.14164433,0.4729066,0,2,adulto
ICB_03873_003,ICB_195,copd,3M Littmann 3200 Electronic,67.0,0,0,1,0.13454834,0.43315056,0,0,adulto
ICB_03873_004,ICB_195,copd,3M Littmann 3200 Electronic,67.0,0,0,1,0.26406807,0.45225736,0,0,adulto
ICB_03873_005,ICB_195,copd,3M Littmann 3200 Electronic,67.0,0,1,1,0.20260027,0.35705212,0,2,adulto
ICB_03873_006,ICB_195,copd,3M Littmann 3200 Electronic,67.0,0,0,1,0.2496271,0.5710234,0,0,adulto
ICB_03873_007,ICB_195,copd,3M Littmann 3200 Electronic,67.0,0,1,1,0.25880498,0.38543338,0,2,adulto
ICB_03873_008,ICB_195,copd,3M Littmann 3200 Electronic,67.0,0,1,1,0.16454002,0.4503634,0,2,adulto
ICB_03873_009,ICB_195,copd,3M Littmann 3200 Electronic,67.0,0,0,1,0.12930483,0.4410276,0,0,adulto
ICB_03873_010,ICB_195,copd,3M Littmann 3200 Electronic,67.0,0,0,1,0.16912106,0.8868324,2,0,adulto
ICB_03873_011,ICB_195,copd,3M Littmann 3200 Electronic,67.0,0,0,1,0.26400167,0.97890294,2,0,adulto
ICB_03874_000,ICB_195,copd,3M Littmann 3200 Electronic,67.0,0,1,1,0.091071874,0.67423064,0,2,adulto
ICB_03874_001,ICB_195,copd,3M Littmann 3200 Electronic,67.0,0,0,1,0.12879403,0.39421105,0,0,adulto
ICB_03874_002,ICB_195,copd,3M Littmann 3200 Electronic,67.0,0,1,1,0.06392226,0.44193062,0,2,adulto
ICB_03874_003,ICB_195,copd,3M Littmann 3200 Electronic,67.0,0,0,1,0.04688907,0.552829,0,0,adulto
ICB_03874_004,ICB_195,copd,3M Littmann 3200 Electronic,67.0,0,0,1,0.0009356301,0.0014248914,0,0,adulto
ICB_03874_005,ICB_195,copd,3M Littmann 3200 Electronic,67.0,0,0,1,0.17692074,0.3701335,0,0,adulto
ICB_03874_006,ICB_195,copd,3M Littmann 3200 Electronic,67.0,0,0,1,0.12378491,0.4172248,0,0,adulto
ICB_03874_007,ICB_195,copd,3M Littmann 3200 Electronic,67.0,0,0,1,0.062143214,0.34143847,0,0,adulto
ICB_03874_008,ICB_195,copd,3M Littmann 3200 Electronic,67.0,0,0,1,0.20329101,0.40937033,0,0,adulto
ICB_03874_009,ICB_195,copd,3M Littmann 3200 Electronic,67.0,0,0,1,0.2898043,0.22913136,0,0,adulto
ICB_03874_010,ICB_195,copd,3M Littmann 3200 Electronic,67.0,0,0,1,0.3186346,0.33916917,0,0,adulto
ICB_03874_011,ICB_195,copd,3M Littmann 3200 Electronic,67.0,0,0,1,0.3728713,0.124137245,0,0,adulto
ICB_03874_012,ICB_195,copd,3M Littmann 3200 Electronic,67.0,0,0,1,0.24152167,0.5179016,0,0,adulto
ICB_03874_013,ICB_195,copd,3M Littmann 3200 Electronic,67.0,0,0,1,0.09966317,0.44180346,0,0,adulto
ICB_03874_014,ICB_195,copd,3M Littmann 3200 Electronic,67.0,0,0,1,0.14255443,0.17307076,0,0,adulto
ICB_03874_015,ICB_195,copd,3M Littmann 3200 Electronic,67.0,0,0,1,0.13458054,0.87989396,2,0,adulto
ICB_03874_016,ICB_195,copd,3M Littmann 3200 Electronic,67.0,0,0,1,0.11585868,0.768982,2,0,adulto
ICB_03875_000,ICB_195,copd,3M Littmann 3200 Electronic,67.0,0,1,1,0.3896586,0.44760516,0,2,adulto
ICB_03875_001,ICB_195,copd,3M Littmann 3200 Electronic,67.0,0,0,1,0.4522491,0.24754147,0,0,adulto
ICB_03875_002,ICB_195,copd,3M Littmann 3200 Electronic,67.0,1,0,1,0.41798335,0.30881292,0,1,adulto
ICB_03875_003,ICB_195,copd,3M Littmann 3200 Electronic,67.0,1,1,1,0.21279338,0.6268865,0,3,adulto
ICB_03875_004,ICB_195,copd,3M Littmann 3200 Electronic,67.0,1,1,1,0.26935688,0.39109877,0,3,adulto
ICB_03875_005,ICB_195,copd,3M Littmann 3200 Electronic,67.0,0,1,1,0.45525798,0.44246215,0,2,adulto
ICB_03875_006,ICB_195,copd,3M Littmann 3200 Electronic,67.0,1,1,1,0.31316444,0.5891645,0,3,adulto
ICB_03875_007,ICB_195,copd,3M Littmann 3200 Electronic,67.0,1,0,1,0.31077048,0.4934336,0,1,adulto
ICB_03875_008,ICB_195,copd,3M Littmann 3200 Electronic,67.0,0,0,1,0.10650915,0.75029707,2,0,adulto
ICB_03875_009,ICB_195,copd,3M Littmann 3200 Electronic,67.0,0,0,1,0.13177893,0.50728273,0,0,adulto
ICB_03875_010,ICB_195,copd,3M Littmann 3200 Electronic,67.0,1,0,1,0.18142043,0.22639254,0,1,adulto
ICB_03876_000,ICB_195,copd,3M Littmann 3200 Electronic,67.0,1,1,1,0.31322762,0.6585935,0,3,adulto
ICB_03876_001,ICB_195,copd,3M Littmann 3200 Electronic,67.0,0,1,1,0.67082125,0.39382583,0,2,adulto
ICB_03876_002,ICB_195,copd,3M Littmann 3200 Electronic,67.0,0,1,1,0.35042763,0.3880501,0,2,adulto
ICB_03876_003,ICB_195,copd,3M Littmann 3200 Electronic,67.0,1,1,1,0.23509201,0.35020468,0,3,adulto
ICB_03876_004,ICB_195,copd,3M Littmann 3200 Electronic,67.0,0,1,1,0.31870526,0.44912434,0,2,adulto
ICB_03876_005,ICB_195,copd,3M Littmann 3200 Electronic,67.0,0,1,1,0.25247422,0.34236205,0,2,adulto
ICB_03876_006,ICB_195,copd,3M Littmann 3200 Electronic,67.0,0,1,1,0.22487436,0.5687566,0,2,adulto
ICB_03876_007,ICB_195,copd,3M Littmann 3200 Electronic,67.0,1,0,1,0.21438897,0.7774254,2,1,adulto
ICB_03876_008,ICB_195,copd,3M Littmann 3200 Electronic,67.0,1,0,1,0.2558794,0.54684436,0,1,adulto
ICB_03877_000,ICB_195,copd,3M Littmann 3200 Electronic,67.0,0,1,1,0.33022124,0.5461266,0,2,adulto
ICB_03877_001,ICB_195,copd,3M Littmann 3200 Electronic,67.0,0,1,1,0.24893749,0.6414885,0,2,adulto
ICB_03877_002,ICB_195,copd,3M Littmann 3200 Electronic,67.0,0,0,1,0.5234086,0.44174266,0,0,adulto
ICB_03877_003,ICB_195,copd,3M Littmann 3200 Electronic,67.0,0,1,1,0.1512161,0.67002976,0,2,adulto
ICB_03877_004,ICB_195,copd,3M Littmann 3200 Electronic,67.0,0,1,1,0.22051077,0.28922346,0,2,adulto
ICB_03877_005,ICB_195,copd,3M Littmann 3200 Electronic,67.0,0,1,1,0.25287816,0.5352213,0,2,adulto
ICB_03877_006,ICB_195,copd,3M Littmann 3200 Electronic,67.0,0,1,1,0.27876547,0.45688844,0,2,adulto
ICB_03877_007,ICB_195,copd,3M Littmann 3200 Electronic,67.0,0,1,1,0.33841822,0.38867515,0,2,adulto
ICB_03877_008,ICB_195,copd,3M Littmann 3200 Electronic,67.0,0,0,1,0.11475263,0.85978013,2,0,adulto
ICB_03878_000,ICB_195,copd,3M Littmann 3200 Electronic,67.0,0,0,1,0.36922783,0.57169497,0,0,adulto
ICB_03878_001,ICB_195,copd,3M Littmann 3200 Electronic,67.0,0,0,1,0.29174805,0.49862364,0,0,adulto
ICB_03878_002,ICB_195,copd,3M Littmann 3200 Electronic,67.0,0,0,1,0.4505652,0.7411585,2,0,adulto
ICB_03878_003,ICB_195,copd,3M Littmann 3200 Electronic,67.0,0,0,1,0.3094044,0.5292075,0,0,adulto
ICB_03878_004,ICB_195,copd,3M Littmann 3200 Electronic,67.0,0,0,1,0.108263284,0.5566438,0,0,adulto
ICB_03878_005,ICB_195,copd,3M Littmann 3200 Electronic,67.0,0,0,1,0.15679748,0.5212192,0,0,adulto
ICB_03878_006,ICB_195,copd,3M Littmann 3200 Electronic,67.0,0,1,1,0.12626429,0.39492604,0,2,adulto
ICB_03878_007,ICB_195,copd,3M Littmann 3200 Electronic,67.0,0,0,1,0.094954945,0.53611773,0,0,adulto
ICB_03878_008,ICB_195,copd,3M Littmann 3200 Electronic,67.0,0,0,1,0.20641524,0.574444,0,0,adulto
ICB_03878_009,ICB_195,copd,3M Littmann 3200 Electronic,67.0,0,0,1,0.11618854,0.3242558,0,0,adulto
ICB_03878_010,ICB_195,copd,3M Littmann 3200 Electronic,67.0,0,0,1,0.18204163,0.20736587,0,0,adulto
ICB_03878_011,ICB_195,copd,3M Littmann 3200 Electronic,67.0,0,0,1,0.28411198,0.21777709,0,0,adulto
ICB_03878_012,ICB_195,copd,3M Littmann 3200 Electronic,67.0,0,0,1,0.23779781,0.28813612,0,0,adulto
ICB_03878_013,ICB_195,copd,3M Littmann 3200 Electronic,67.0,0,0,1,0.21875203,0.53922117,0,0,adulto
ICB_03878_014,ICB_195,copd,3M Littmann 3200 Electronic,67.0,0,0,1,0.18039657,0.8010771,2,0,adulto
ICB_03878_015,ICB_195,copd,3M Littmann 3200 Electronic,67.0,0,0,1,0.2657807,0.7505176,2,0,adulto
ICB_03878_016,ICB_195,copd,3M Littmann 3200 Electronic,67.0,0,1,1,0.07679355,0.78055215,2,2,adulto
ICB_03880_000,ICB_197,respiratory_infection,AKG C417L Microphone,16.0,0,0,1,0.75306994,0.64019614,1,0,pediátrico (<18)
ICB_03880_001,ICB_197,respiratory_infection,AKG C417L Microphone,16.0,0,0,1,0.71013135,0.40858322,0,0,pediátrico (<18)
ICB_03880_002,ICB_197,respiratory_infection,AKG C417L Microphone,16.0,0,0,1,0.7826003,0.47781864,1,0,pediátrico (<18)
ICB_03881_000,ICB_197,respiratory_infection,AKG C417L Microphone,16.0,0,0,1,0.6895692,0.5283853,0,0,pediátrico (<18)
ICB_03881_001,ICB_197,respiratory_infection,AKG C417L Microphone,16.0,1,0,1,0.61262304,0.57115686,0,1,pediátrico (<18)
ICB_03881_002,ICB_197,respiratory_infection,AKG C417L Microphone,16.0,0,0,1,0.6620943,0.40466002,0,0,pediátrico (<18)
ICB_03881_003,ICB_197,respiratory_infection,AKG C417L Microphone,16.0,0,0,1,0.6980242,0.63868886,0,0,pediátrico (<18)
ICB_03881_004,ICB_197,respiratory_infection,AKG C417L Microphone,16.0,0,1,1,0.4768615,0.73592705,2,2,pediátrico (<18)
ICB_03898_000,ICB_200,copd,AKG C417L Microphone,72.0,0,0,1,0.47469854,0.3648048,0,0,adulto
ICB_03898_001,ICB_200,copd,AKG C417L Microphone,72.0,0,0,1,0.6053548,0.41295567,0,0,adulto
ICB_03898_002,ICB_200,copd,AKG C417L Microphone,72.0,0,0,1,0.56885326,0.37530333,0,0,adulto
ICB_03898_003,ICB_200,copd,AKG C417L Microphone,72.0,0,0,1,0.6598181,0.2400103,0,0,adulto
ICB_03898_004,ICB_200,copd,AKG C417L Microphone,72.0,0,0,1,0.52334267,0.2975566,0,0,adulto
ICB_03899_000,ICB_200,copd,AKG C417L Microphone,72.0,0,0,1,0.7410051,0.6908863,0,0,adulto
ICB_03899_001,ICB_200,copd,AKG C417L Microphone,72.0,0,0,1,0.7824177,0.64702713,1,0,adulto
ICB_03899_002,ICB_200,copd,AKG C417L Microphone,72.0,0,0,1,0.7201131,0.7090636,2,0,adulto
ICB_03899_003,ICB_200,copd,AKG C417L Microphone,72.0,0,0,1,0.8005984,0.6988353,1,0,adulto
ICB_03899_004,ICB_200,copd,AKG C417L Microphone,72.0,0,0,1,0.7199693,0.7240218,2,0,adulto
ICB_03900_000,ICB_200,copd,AKG C417L Microphone,72.0,0,0,1,0.5529499,0.3130228,0,0,adulto
ICB_03900_001,ICB_200,copd,AKG C417L Microphone,72.0,0,0,1,0.6658186,0.3075967,0,0,adulto
ICB_03900_002,ICB_200,copd,AKG C417L Microphone,72.0,0,0,1,0.75112313,0.37916806,1,0,adulto
ICB_03900_003,ICB_200,copd,AKG C417L Microphone,72.0,0,0,1,0.67122185,0.35886192,0,0,adulto
ICB_03900_004,ICB_200,copd,AKG C417L Microphone,72.0,0,0,1,0.60062945,0.4029624,0,0,adulto
ICB_03901_000,ICB_200,copd,AKG C417L Microphone,72.0,0,0,1,0.77680594,0.5688418,1,0,adulto
ICB_03901_001,ICB_200,copd,AKG C417L Microphone,72.0,0,0,1,0.70116186,0.5155826,0,0,adulto
ICB_03901_002,ICB_200,copd,AKG C417L Microphone,72.0,0,0,1,0.81868845,0.47692657,1,0,adulto
ICB_03901_003,ICB_200,copd,AKG C417L Microphone,72.0,0,0,1,0.48851475,0.4292103,0,0,adulto
ICB_03901_004,ICB_200,copd,AKG C417L Microphone,72.0,0,0,1,0.8384823,0.4683825,1,0,adulto
ICB_03902_000,ICB_200,copd,AKG C417L Microphone,72.0,0,0,1,0.6524533,0.55880743,0,0,adulto
ICB_03902_001,ICB_200,copd,AKG C417L Microphone,72.0,0,0,1,0.5646326,0.67611897,0,0,adulto
ICB_03902_002,ICB_200,copd,AKG C417L Microphone,72.0,0,0,1,0.6574511,0.69823486,0,0,adulto
ICB_03902_003,ICB_200,copd,AKG C417L Microphone,72.0,1,0,1,0.77753067,0.4643942,1,1,adulto
ICB_03902_004,ICB_200,copd,AKG C417L Microphone,72.0,0,0,1,0.76328236,0.52655447,1,0,adulto
ICB_03903_000,ICB_200,copd,AKG C417L Microphone,72.0,1,0,1,0.7413421,0.51295686,0,1,adulto
ICB_03903_001,ICB_200,copd,AKG C417L Microphone,72.0,1,0,1,0.54436225,0.3001226,0,1,adulto
ICB_03903_002,ICB_200,copd,AKG C417L Microphone,72.0,1,0,1,0.5476213,0.41482863,0,1,adulto
ICB_03903_003,ICB_200,copd,AKG C417L Microphone,72.0,1,0,1,0.64246464,0.2958786,0,1,adulto
ICB_03903_004,ICB_200,copd,AKG C417L Microphone,72.0,0,0,1,0.33861122,0.2718306,0,0,adulto
ICB_03904_000,ICB_200,copd,AKG C417L Microphone,72.0,0,0,1,0.65936077,0.296291,0,0,adulto
ICB_03904_001,ICB_200,copd,AKG C417L Microphone,72.0,0,0,1,0.71072024,0.36527675,0,0,adulto
ICB_03904_002,ICB_200,copd,AKG C417L Microphone,72.0,0,0,1,0.6063396,0.45928806,0,0,adulto
ICB_03905_000,ICB_200,copd,AKG C417L Microphone,72.0,0,0,1,0.5479991,0.8114123,2,0,adulto
ICB_03905_001,ICB_200,copd,AKG C417L Microphone,72.0,0,0,1,0.6482537,0.7682883,2,0,adulto
ICB_03905_002,ICB_200,copd,AKG C417L Microphone,72.0,0,0,1,0.7050505,0.63267,0,0,adulto
ICB_03906_000,ICB_200,copd,AKG C417L Microphone,72.0,0,0,1,0.6135115,0.3917172,0,0,adulto
ICB_03906_001,ICB_200,copd,AKG C417L Microphone,72.0,0,0,1,0.7274814,0.46606067,0,0,adulto
ICB_03906_002,ICB_200,copd,AKG C417L Microphone,72.0,0,0,1,0.6602648,0.3440935,0,0,adulto
ICB_03907_000,ICB_200,copd,AKG C417L Microphone,72.0,1,0,1,0.6362126,0.7768646,2,1,adulto
ICB_03907_001,ICB_200,copd,AKG C417L Microphone,72.0,0,0,1,0.7321768,0.7271936,2,0,adulto
ICB_03907_002,ICB_200,copd,AKG C417L Microphone,72.0,0,0,1,0.7537229,0.6569672,1,0,adulto
ICB_03908_000,ICB_200,copd,AKG C417L Microphone,72.0,0,0,1,0.71778905,0.7639582,2,0,adulto
ICB_03908_001,ICB_200,copd,AKG C417L Microphone,72.0,0,0,1,0.60727304,0.6530793,0,0,adulto
ICB_03908_002,ICB_200,copd,AKG C417L Microphone,72.0,0,0,1,0.59684193,0.668815,0,0,adulto
ICB_03909_000,ICB_200,copd,AKG C417L Microphone,72.0,1,0,1,0.40181524,0.29801452,0,1,adulto
ICB_03909_001,ICB_200,copd,AKG C417L Microphone,72.0,0,0,1,0.522212,0.5442215,0,0,adulto
ICB_03909_002,ICB_200,copd,AKG C417L Microphone,72.0,1,0,1,0.5601028,0.5678463,0,1,adulto
ICB_03910_000,ICB_200,copd,AKG C417L Microphone,72.0,0,0,1,0.6844024,0.27861395,0,0,adulto
ICB_03910_001,ICB_200,copd,AKG C417L Microphone,72.0,0,0,1,0.5488585,0.36256513,0,0,adulto
ICB_03910_002,ICB_200,copd,AKG C417L Microphone,72.0,0,0,1,0.6574543,0.18160267,0,0,adulto
ICB_03910_003,ICB_200,copd,AKG C417L Microphone,72.0,0,0,1,0.5139237,0.2678584,0,0,adulto
ICB_03910_004,ICB_200,copd,AKG C417L Microphone,72.0,0,0,1,0.21739534,0.19495106,0,0,adulto
ICB_03911_000,ICB_200,copd,AKG C417L Microphone,72.0,0,0,1,0.7815416,0.42364532,1,0,adulto
ICB_03911_001,ICB_200,copd,AKG C417L Microphone,72.0,0,0,1,0.68268275,0.4705005,0,0,adulto
ICB_03911_002,ICB_200,copd,AKG C417L Microphone,72.0,0,0,1,0.7127157,0.4623323,0,0,adulto
ICB_03911_003,ICB_200,copd,AKG C417L Microphone,72.0,0,0,1,0.7162923,0.48554018,0,0,adulto
ICB_03911_004,ICB_200,copd,AKG C417L Microphone,72.0,0,0,1,0.46061167,0.4045852,0,0,adulto
ICB_03912_000,ICB_200,copd,AKG C417L Microphone,72.0,0,0,1,0.83150744,0.5580611,1,0,adulto
ICB_03912_001,ICB_200,copd,AKG C417L Microphone,72.0,0,0,1,0.70250356,0.6902416,0,0,adulto
ICB_03912_002,ICB_200,copd,AKG C417L Microphone,72.0,0,0,1,0.8084362,0.6012828,1,0,adulto
ICB_03912_003,ICB_200,copd,AKG C417L Microphone,72.0,0,0,1,0.8116608,0.53930837,1,0,adulto
ICB_03912_004,ICB_200,copd,AKG C417L Microphone,72.0,0,0,1,0.6707156,0.42446104,0,0,adulto
ICB_03913_000,ICB_200,copd,AKG C417L Microphone,72.0,0,0,1,0.7368864,0.6688521,0,0,adulto
ICB_03913_001,ICB_200,copd,AKG C417L Microphone,72.0,0,0,1,0.6879519,0.58006954,0,0,adulto
ICB_03913_002,ICB_200,copd,AKG C417L Microphone,72.0,0,0,1,0.6666916,0.5771247,0,0,adulto
ICB_03913_003,ICB_200,copd,AKG C417L Microphone,72.0,1,0,1,0.7600278,0.40248096,1,1,adulto
ICB_03913_004,ICB_200,copd,AKG C417L Microphone,72.0,0,0,1,0.58760715,0.43467832,0,0,adulto
ICB_03914_000,ICB_200,copd,AKG C417L Microphone,72.0,1,0,1,0.7400074,0.4199262,0,1,adulto
ICB_03914_001,ICB_200,copd,AKG C417L Microphone,72.0,0,0,1,0.6911799,0.70887846,2,0,adulto
ICB_03914_002,ICB_200,copd,AKG C417L Microphone,72.0,0,0,1,0.8341512,0.5236468,1,0,adulto
ICB_03914_003,ICB_200,copd,AKG C417L Microphone,72.0,0,0,1,0.72993624,0.38227364,0,0,adulto
ICB_03914_004,ICB_200,copd,AKG C417L Microphone,72.0,0,0,1,0.53051436,0.6175861,0,0,adulto
ICB_03915_000,ICB_200,copd,AKG C417L Microphone,72.0,0,0,1,0.78872675,0.48746818,1,0,adulto
ICB_03915_001,ICB_200,copd,AKG C417L Microphone,72.0,0,0,1,0.5508104,0.5272567,0,0,adulto
ICB_03915_002,ICB_200,copd,AKG C417L Microphone,72.0,0,0,1,0.6313089,0.28439677,0,0,adulto
ICB_03915_003,ICB_200,copd,AKG C417L Microphone,72.0,0,0,1,0.57453364,0.5785438,0,0,adulto
ICB_03915_004,ICB_200,copd,AKG C417L Microphone,72.0,0,0,1,0.48333836,0.17206064,0,0,adulto
ICB_03916_000,ICB_200,copd,AKG C417L Microphone,72.0,0,0,1,0.64924806,0.23766097,0,0,adulto
ICB_03916_001,ICB_200,copd,AKG C417L Microphone,72.0,0,0,1,0.6417107,0.30941018,0,0,adulto
ICB_03916_002,ICB_200,copd,AKG C417L Microphone,72.0,0,0,1,0.3486402,0.45078468,0,0,adulto
ICB_03916_003,ICB_200,copd,AKG C417L Microphone,72.0,0,0,1,0.4318819,0.13726129,0,0,adulto
ICB_03917_000,ICB_200,copd,AKG C417L Microphone,72.0,0,0,1,0.67194617,0.4831931,0,0,adulto
ICB_03917_001,ICB_200,copd,AKG C417L Microphone,72.0,0,0,1,0.64375454,0.54010123,0,0,adulto
ICB_03917_002,ICB_200,copd,AKG C417L Microphone,72.0,0,0,1,0.2982421,0.68211806,0,0,adulto
ICB_03917_003,ICB_200,copd,AKG C417L Microphone,72.0,0,0,1,0.63385487,0.6566272,0,0,adulto
ICB_03918_000,ICB_200,copd,AKG C417L Microphone,72.0,0,0,1,0.7037875,0.4378676,0,0,adulto
ICB_03918_001,ICB_200,copd,AKG C417L Microphone,72.0,0,0,1,0.7160224,0.49529797,0,0,adulto
ICB_03918_002,ICB_200,copd,AKG C417L Microphone,72.0,0,0,1,0.6560539,0.48513484,0,0,adulto
ICB_03918_003,ICB_200,copd,AKG C417L Microphone,72.0,0,0,1,0.74524456,0.36092228,0,0,adulto
ICB_03919_000,ICB_200,copd,AKG C417L Microphone,72.0,0,0,1,0.7677727,0.6778556,1,0,adulto
ICB_03919_001,ICB_200,copd,AKG C417L Microphone,72.0,0,0,1,0.505302,0.6593848,0,0,adulto
ICB_03919_002,ICB_200,copd,AKG C417L Microphone,72.0,0,0,1,0.65673995,0.54980433,0,0,adulto
ICB_03919_003,ICB_200,copd,AKG C417L Microphone,72.0,0,0,1,0.7533894,0.5669249,1,0,adulto
ICB_03920_000,ICB_200,copd,AKG C417L Microphone,72.0,1,0,1,0.36578655,0.47586116,0,1,adulto
ICB_03920_001,ICB_200,copd,AKG C417L Microphone,72.0,0,0,1,0.38218874,0.37223363,0,0,adulto
ICB_03920_002,ICB_200,copd,AKG C417L Microphone,72.0,0,0,1,0.48102245,0.49867204,0,0,adulto
ICB_03920_003,ICB_200,copd,AKG C417L Microphone,72.0,0,0,1,0.5037179,0.39184517,0,0,adulto
ICB_03927_000,ICB_202,normal_lung,AKG C417L Microphone,2.0,0,0,1,0.72576755,0.3978247,0,0,pediátrico (<18)
ICB_03927_001,ICB_202,normal_lung,AKG C417L Microphone,2.0,0,0,1,0.7256225,0.32025766,0,0,pediátrico (<18)
ICB_03927_002,ICB_202,normal_lung,AKG C417L Microphone,2.0,0,0,1,0.66832215,0.48393553,0,0,pediátrico (<18)
ICB_03927_003,ICB_202,normal_lung,AKG C417L Microphone,2.0,0,0,1,0.6040872,0.41103646,0,0,pediátrico (<18)
ICB_03927_004,ICB_202,normal_lung,AKG C417L Microphone,2.0,0,0,1,0.6140316,0.32623065,0,0,pediátrico (<18)
ICB_03927_005,ICB_202,normal_lung,AKG C417L Microphone,2.0,0,0,1,0.646175,0.3301576,0,0,pediátrico (<18)
ICB_03927_006,ICB_202,normal_lung,AKG C417L Microphone,2.0,0,0,1,0.64769214,0.37485874,0,0,pediátrico (<18)
ICB_03927_007,ICB_202,normal_lung,AKG C417L Microphone,2.0,0,0,1,0.745107,0.4523237,0,0,pediátrico (<18)
ICB_03927_008,ICB_202,normal_lung,AKG C417L Microphone,2.0,0,0,1,0.71961343,0.27492014,0,0,pediátrico (<18)
ICB_03927_009,ICB_202,normal_lung,AKG C417L Microphone,2.0,0,0,1,0.2534814,0.5324781,0,0,pediátrico (<18)
ICB_03928_000,ICB_203,copd,AKG C417L Microphone,57.0,1,0,1,0.6122387,0.61943847,0,1,adulto
ICB_03928_001,ICB_203,copd,AKG C417L Microphone,57.0,1,0,1,0.60848695,0.6562805,0,1,adulto
ICB_03928_002,ICB_203,copd,AKG C417L Microphone,57.0,1,0,1,0.64315593,0.7632213,2,1,adulto
ICB_03928_003,ICB_203,copd,AKG C417L Microphone,57.0,1,0,1,0.5535345,0.47697738,0,1,adulto
ICB_03928_004,ICB_203,copd,AKG C417L Microphone,57.0,1,0,1,0.53291434,0.3091544,0,1,adulto
ICB_03928_005,ICB_203,copd,AKG C417L Microphone,57.0,1,1,1,0.70585763,0.3763538,0,3,adulto
ICB_03928_006,ICB_203,copd,AKG C417L Microphone,57.0,1,0,1,0.6393987,0.57045704,0,1,adulto
ICB_03928_007,ICB_203,copd,AKG C417L Microphone,57.0,1,0,1,0.63332,0.56978214,0,1,adulto
ICB_03928_008,ICB_203,copd,AKG C417L Microphone,57.0,1,0,1,0.51457155,0.40186736,0,1,adulto
ICB_03928_009,ICB_203,copd,AKG C417L Microphone,57.0,0,0,1,0.52792007,0.35251606,0,0,adulto
ICB_03929_000,ICB_203,copd,AKG C417L Microphone,57.0,1,0,1,0.7904917,0.6369009,1,1,adulto
ICB_03929_001,ICB_203,copd,AKG C417L Microphone,57.0,1,0,1,0.4668186,0.40938914,0,1,adulto
ICB_03929_002,ICB_203,copd,AKG C417L Microphone,57.0,1,0,1,0.55419797,0.5719254,0,1,adulto
ICB_03929_003,ICB_203,copd,AKG C417L Microphone,57.0,1,0,1,0.727704,0.6162439,0,1,adulto
ICB_03929_004,ICB_203,copd,AKG C417L Microphone,57.0,1,0,1,0.70770293,0.67308277,0,1,adulto
ICB_03929_005,ICB_203,copd,AKG C417L Microphone,57.0,1,0,1,0.7101586,0.5716068,0,1,adulto
ICB_03929_006,ICB_203,copd,AKG C417L Microphone,57.0,1,0,1,0.7659492,0.527115,1,1,adulto
ICB_03929_007,ICB_203,copd,AKG C417L Microphone,57.0,1,0,1,0.67910326,0.5947122,0,1,adulto
ICB_03929_008,ICB_203,copd,AKG C417L Microphone,57.0,1,0,1,0.7075429,0.35363677,0,1,adulto
ICB_03929_009,ICB_203,copd,AKG C417L Microphone,57.0,1,0,1,0.6116314,0.4423365,0,1,adulto
ICB_03930_000,ICB_203,copd,AKG C417L Microphone,57.0,1,1,1,0.8485231,0.35570762,1,3,adulto
ICB_03930_001,ICB_203,copd,AKG C417L Microphone,57.0,1,1,1,0.66304356,0.66199756,0,3,adulto
ICB_03930_002,ICB_203,copd,AKG C417L Microphone,57.0,1,0,1,0.7598573,0.27475405,1,1,adulto
ICB_03930_003,ICB_203,copd,AKG C417L Microphone,57.0,1,1,1,0.53583544,0.30160525,0,3,adulto
ICB_03930_004,ICB_203,copd,AKG C417L Microphone,57.0,1,0,1,0.4636096,0.36796987,0,1,adulto
ICB_03930_005,ICB_203,copd,AKG C417L Microphone,57.0,1,0,1,0.52576387,0.1359614,0,1,adulto
ICB_03930_006,ICB_203,copd,AKG C417L Microphone,57.0,1,1,1,0.67291933,0.44667497,0,3,adulto
ICB_03930_007,ICB_203,copd,AKG C417L Microphone,57.0,1,1,1,0.48691836,0.26875967,0,3,adulto
ICB_03930_008,ICB_203,copd,AKG C417L Microphone,57.0,0,0,1,0.46749067,0.32815635,0,0,adulto
ICB_03930_009,ICB_203,copd,AKG C417L Microphone,57.0,1,0,1,0.24701056,0.18246855,0,1,adulto
ICB_03931_000,ICB_203,copd,AKG C417L Microphone,57.0,1,0,1,0.64831454,0.41431993,0,1,adulto
ICB_03931_001,ICB_203,copd,AKG C417L Microphone,57.0,1,0,1,0.64523447,0.50020635,0,1,adulto
ICB_03931_002,ICB_203,copd,AKG C417L Microphone,57.0,1,0,1,0.75781375,0.3602933,1,1,adulto
ICB_03931_003,ICB_203,copd,AKG C417L Microphone,57.0,0,0,1,0.5885132,0.85095197,2,0,adulto
ICB_03931_004,ICB_203,copd,AKG C417L Microphone,57.0,1,0,1,0.62250054,0.6258423,0,1,adulto
ICB_03931_005,ICB_203,copd,AKG C417L Microphone,57.0,1,0,1,0.69958884,0.60867804,0,1,adulto
ICB_03931_006,ICB_203,copd,AKG C417L Microphone,57.0,1,0,1,0.63143504,0.2946847,0,1,adulto
ICB_03931_007,ICB_203,copd,AKG C417L Microphone,57.0,1,0,1,0.5774396,0.36949876,0,1,adulto
ICB_03931_008,ICB_203,copd,AKG C417L Microphone,57.0,1,0,1,0.6234246,0.5314061,0,1,adulto
ICB_03931_009,ICB_203,copd,AKG C417L Microphone,57.0,0,0,1,0.44743234,0.5313127,0,0,adulto
ICB_03932_000,ICB_203,copd,AKG C417L Microphone,57.0,0,0,1,0.45988733,0.5404568,0,0,adulto
ICB_03932_001,ICB_203,copd,AKG C417L Microphone,57.0,1,0,1,0.5790659,0.44226056,0,1,adulto
ICB_03932_002,ICB_203,copd,AKG C417L Microphone,57.0,0,0,1,0.61312973,0.69684213,0,0,adulto
ICB_03932_003,ICB_203,copd,AKG C417L Microphone,57.0,0,0,1,0.4997474,0.60707426,0,0,adulto
ICB_03932_004,ICB_203,copd,AKG C417L Microphone,57.0,0,0,1,0.67109233,0.5617966,0,0,adulto
ICB_03932_005,ICB_203,copd,AKG C417L Microphone,57.0,0,0,1,0.57743037,0.37127152,0,0,adulto
ICB_03932_006,ICB_203,copd,AKG C417L Microphone,57.0,0,0,1,0.5917556,0.38344675,0,0,adulto
ICB_03932_007,ICB_203,copd,AKG C417L Microphone,57.0,1,0,1,0.5881557,0.32310668,0,1,adulto
ICB_03932_008,ICB_203,copd,AKG C417L Microphone,57.0,0,0,1,0.7387691,0.3916621,0,0,adulto
ICB_03932_009,ICB_203,copd,AKG C417L Microphone,57.0,0,0,1,0.5291123,0.37154898,0,0,adulto
ICB_03933_000,ICB_203,copd,AKG C417L Microphone,57.0,0,0,1,0.32169887,0.63801795,0,0,adulto
ICB_03933_001,ICB_203,copd,AKG C417L Microphone,57.0,0,0,1,0.3752715,0.6805763,0,0,adulto
ICB_03933_002,ICB_203,copd,AKG C417L Microphone,57.0,0,0,1,0.22020125,0.48987365,0,0,adulto
ICB_03933_003,ICB_203,copd,AKG C417L Microphone,57.0,0,0,1,0.24018337,0.45324767,0,0,adulto
ICB_03933_004,ICB_203,copd,AKG C417L Microphone,57.0,0,1,1,0.26560798,0.44588095,0,2,adulto
ICB_03933_005,ICB_203,copd,AKG C417L Microphone,57.0,0,1,1,0.44931978,0.24759051,0,2,adulto
ICB_03933_006,ICB_203,copd,AKG C417L Microphone,57.0,0,0,1,0.3937616,0.45856136,0,0,adulto
ICB_03933_007,ICB_203,copd,AKG C417L Microphone,57.0,0,0,1,0.47888082,0.67250216,0,0,adulto
ICB_03933_008,ICB_203,copd,AKG C417L Microphone,57.0,0,0,1,0.3982342,0.42526883,0,0,adulto
ICB_03933_009,ICB_203,copd,AKG C417L Microphone,57.0,0,0,1,0.32142267,0.25599077,0,0,adulto
ICB_03934_000,ICB_203,copd,AKG C417L Microphone,57.0,1,0,1,0.55174816,0.3715125,0,1,adulto
ICB_03934_001,ICB_203,copd,AKG C417L Microphone,57.0,1,0,1,0.51463497,0.6139582,0,1,adulto
ICB_03934_002,ICB_203,copd,AKG C417L Microphone,57.0,1,0,1,0.6832097,0.6299218,0,1,adulto
ICB_03934_003,ICB_203,copd,AKG C417L Microphone,57.0,0,0,1,0.44331366,0.68836933,0,0,adulto
ICB_03934_004,ICB_203,copd,AKG C417L Microphone,57.0,1,0,1,0.45688412,0.76352954,2,1,adulto
ICB_03934_005,ICB_203,copd,AKG C417L Microphone,57.0,1,0,1,0.31093535,0.4795131,0,1,adulto
ICB_03934_006,ICB_203,copd,AKG C417L Microphone,57.0,1,0,1,0.45192537,0.5782331,0,1,adulto
ICB_03934_007,ICB_203,copd,AKG C417L Microphone,57.0,1,0,1,0.4473804,0.4879249,0,1,adulto
ICB_03934_008,ICB_203,copd,AKG C417L Microphone,57.0,1,0,1,0.5519099,0.8412466,2,1,adulto
ICB_03934_009,ICB_203,copd,AKG C417L Microphone,57.0,0,0,1,0.47542027,0.60698175,0,0,adulto
ICB_03935_000,ICB_203,copd,AKG C417L Microphone,57.0,1,0,1,0.27302554,0.35120654,0,1,adulto
ICB_03935_001,ICB_203,copd,AKG C417L Microphone,57.0,1,0,1,0.44551235,0.6208988,0,1,adulto
ICB_03935_002,ICB_203,copd,AKG C417L Microphone,57.0,1,0,1,0.29890454,0.56419635,0,1,adulto
ICB_03935_003,ICB_203,copd,AKG C417L Microphone,57.0,1,1,1,0.35211542,0.5652884,0,3,adulto
ICB_03935_004,ICB_203,copd,AKG C417L Microphone,57.0,1,0,1,0.3399917,0.6844686,0,1,adulto
ICB_03935_005,ICB_203,copd,AKG C417L Microphone,57.0,1,0,1,0.3537029,0.5160868,0,1,adulto
ICB_03935_006,ICB_203,copd,AKG C417L Microphone,57.0,1,0,1,0.3996778,0.6615057,0,1,adulto
ICB_03935_007,ICB_203,copd,AKG C417L Microphone,57.0,1,0,1,0.46158507,0.5548463,0,1,adulto
ICB_03935_008,ICB_203,copd,AKG C417L Microphone,57.0,1,0,1,0.61399806,0.5131554,0,1,adulto
ICB_03935_009,ICB_203,copd,AKG C417L Microphone,57.0,1,0,1,0.3856083,0.34058243,0,1,adulto
ICB_03936_000,ICB_203,copd,AKG C417L Microphone,57.0,0,0,1,0.45444867,0.39719126,0,0,adulto
ICB_03936_001,ICB_203,copd,AKG C417L Microphone,57.0,1,0,1,0.65207124,0.39313215,0,1,adulto
ICB_03936_002,ICB_203,copd,AKG C417L Microphone,57.0,1,0,1,0.5427308,0.42170542,0,1,adulto
ICB_03936_003,ICB_203,copd,AKG C417L Microphone,57.0,1,0,1,0.76112235,0.57831603,1,1,adulto
ICB_03936_004,ICB_203,copd,AKG C417L Microphone,57.0,1,0,1,0.5562605,0.5399213,0,1,adulto
ICB_03936_005,ICB_203,copd,AKG C417L Microphone,57.0,1,0,1,0.41609776,0.6102762,0,1,adulto
ICB_03936_006,ICB_203,copd,AKG C417L Microphone,57.0,1,0,1,0.56452066,0.5292936,0,1,adulto
ICB_03936_007,ICB_203,copd,AKG C417L Microphone,57.0,1,0,1,0.6103267,0.5264748,0,1,adulto
ICB_03936_008,ICB_203,copd,AKG C417L Microphone,57.0,1,0,1,0.61786526,0.39540783,0,1,adulto
ICB_03936_009,ICB_203,copd,AKG C417L Microphone,57.0,1,0,1,0.6343756,0.3809296,0,1,adulto
ICB_03937_000,ICB_203,copd,AKG C417L Microphone,57.0,1,0,1,0.70152766,0.43088758,0,1,adulto
ICB_03937_001,ICB_203,copd,AKG C417L Microphone,57.0,1,0,1,0.6968913,0.70975983,2,1,adulto
ICB_03937_002,ICB_203,copd,AKG C417L Microphone,57.0,1,0,1,0.6418272,0.35278744,0,1,adulto
ICB_03937_003,ICB_203,copd,AKG C417L Microphone,57.0,0,0,1,0.60363376,0.33037135,0,0,adulto
ICB_03937_004,ICB_203,copd,AKG C417L Microphone,57.0,0,0,1,0.595452,0.3685045,0,0,adulto
ICB_03937_005,ICB_203,copd,AKG C417L Microphone,57.0,1,1,1,0.41806483,0.5713534,0,3,adulto
ICB_03937_006,ICB_203,copd,AKG C417L Microphone,57.0,1,0,1,0.7068587,0.39980033,0,1,adulto
ICB_03937_007,ICB_203,copd,AKG C417L Microphone,57.0,0,0,1,0.6090069,0.4471492,0,0,adulto
ICB_03937_008,ICB_203,copd,AKG C417L Microphone,57.0,1,0,1,0.56846184,0.452488,0,1,adulto
ICB_03937_009,ICB_203,copd,AKG C417L Microphone,57.0,1,0,1,0.74293256,0.28741533,0,1,adulto
ICB_03938_000,ICB_203,copd,AKG C417L Microphone,57.0,0,0,1,0.15350978,0.52301985,0,0,adulto
ICB_03938_001,ICB_203,copd,AKG C417L Microphone,57.0,0,1,1,0.15084063,0.51613194,0,2,adulto
ICB_03938_002,ICB_203,copd,AKG C417L Microphone,57.0,0,0,1,0.20106742,0.4936656,0,0,adulto
ICB_03938_003,ICB_203,copd,AKG C417L Microphone,57.0,0,0,1,0.20087686,0.34111258,0,0,adulto
ICB_03938_004,ICB_203,copd,AKG C417L Microphone,57.0,0,0,1,0.19749123,0.5703765,0,0,adulto
ICB_03938_005,ICB_203,copd,AKG C417L Microphone,57.0,0,0,1,0.30601156,0.5028448,0,0,adulto
ICB_03938_006,ICB_203,copd,AKG C417L Microphone,57.0,0,0,1,0.19691396,0.4416658,0,0,adulto
ICB_03938_007,ICB_203,copd,AKG C417L Microphone,57.0,0,0,1,0.33176345,0.56738144,0,0,adulto
ICB_03938_008,ICB_203,copd,AKG C417L Microphone,57.0,0,0,1,0.6326539,0.6884253,0,0,adulto
ICB_03938_009,ICB_203,copd,AKG C417L Microphone,57.0,0,0,1,0.26352468,0.51210856,0,0,adulto
ICB_03939_000,ICB_203,copd,AKG C417L Microphone,57.0,0,0,1,0.55656046,0.5513329,0,0,adulto
ICB_03939_001,ICB_203,copd,AKG C417L Microphone,57.0,1,0,1,0.65473634,0.59135425,0,1,adulto
ICB_03939_002,ICB_203,copd,AKG C417L Microphone,57.0,1,0,1,0.5434883,0.61091655,0,1,adulto
ICB_03939_003,ICB_203,copd,AKG C417L Microphone,57.0,1,0,1,0.5985973,0.44035643,0,1,adulto
ICB_03939_004,ICB_203,copd,AKG C417L Microphone,57.0,0,0,1,0.51790226,0.5655344,0,0,adulto
ICB_03939_005,ICB_203,copd,AKG C417L Microphone,57.0,0,0,1,0.4638924,0.5532683,0,0,adulto
ICB_03939_006,ICB_203,copd,AKG C417L Microphone,57.0,0,0,1,0.5443286,0.6332853,0,0,adulto
ICB_03939_007,ICB_203,copd,AKG C417L Microphone,57.0,0,0,1,0.5776394,0.48879978,0,0,adulto
ICB_03939_008,ICB_203,copd,AKG C417L Microphone,57.0,0,0,1,0.4631429,0.35283595,0,0,adulto
ICB_03940_000,ICB_203,copd,AKG C417L Microphone,57.0,0,0,1,0.63218594,0.48767766,0,0,adulto
ICB_03940_001,ICB_203,copd,AKG C417L Microphone,57.0,1,0,1,0.5789902,0.56407213,0,1,adulto
ICB_03940_002,ICB_203,copd,AKG C417L Microphone,57.0,1,0,1,0.6707668,0.48264813,0,1,adulto
ICB_03940_003,ICB_203,copd,AKG C417L Microphone,57.0,1,0,1,0.39788032,0.4463965,0,1,adulto
ICB_03940_004,ICB_203,copd,AKG C417L Microphone,57.0,1,0,1,0.64941835,0.32009494,0,1,adulto
ICB_03940_005,ICB_203,copd,AKG C417L Microphone,57.0,1,0,1,0.6432569,0.45017013,0,1,adulto
ICB_03940_006,ICB_203,copd,AKG C417L Microphone,57.0,1,0,1,0.6912607,0.4884446,0,1,adulto
ICB_03940_007,ICB_203,copd,AKG C417L Microphone,57.0,0,0,1,0.6144393,0.38371798,0,0,adulto
ICB_03940_008,ICB_203,copd,AKG C417L Microphone,57.0,1,0,1,0.39826116,0.47205654,0,1,adulto
ICB_03941_000,ICB_203,copd,AKG C417L Microphone,57.0,1,0,1,0.7488774,0.39454904,0,1,adulto
ICB_03941_001,ICB_203,copd,AKG C417L Microphone,57.0,1,0,1,0.6210328,0.48056692,0,1,adulto
ICB_03941_002,ICB_203,copd,AKG C417L Microphone,57.0,1,0,1,0.62067634,0.5783317,0,1,adulto
ICB_03941_003,ICB_203,copd,AKG C417L Microphone,57.0,1,0,1,0.7078958,0.36240897,0,1,adulto
ICB_03941_004,ICB_203,copd,AKG C417L Microphone,57.0,1,0,1,0.55724925,0.30062702,0,1,adulto
ICB_03941_005,ICB_203,copd,AKG C417L Microphone,57.0,1,0,1,0.5321179,0.54589343,0,1,adulto
ICB_03941_006,ICB_203,copd,AKG C417L Microphone,57.0,1,1,1,0.78679436,0.6174427,1,3,adulto
ICB_03941_007,ICB_203,copd,AKG C417L Microphone,57.0,1,0,1,0.67970264,0.56770223,0,1,adulto
ICB_03941_008,ICB_203,copd,AKG C417L Microphone,57.0,0,0,1,0.4028319,0.14657663,0,0,adulto
ICB_03942_000,ICB_203,copd,AKG C417L Microphone,57.0,0,0,1,0.60406804,0.4111919,0,0,adulto
ICB_03942_001,ICB_203,copd,AKG C417L Microphone,57.0,1,0,1,0.5466783,0.31518322,0,1,adulto
ICB_03942_002,ICB_203,copd,AKG C417L Microphone,57.0,0,0,1,0.65970683,0.50522673,0,0,adulto
ICB_03942_003,ICB_203,copd,AKG C417L Microphone,57.0,1,0,1,0.39286438,0.39713627,0,1,adulto
ICB_03942_004,ICB_203,copd,AKG C417L Microphone,57.0,0,0,1,0.46723467,0.40961584,0,0,adulto
ICB_03942_005,ICB_203,copd,AKG C417L Microphone,57.0,0,0,1,0.5325397,0.5171007,0,0,adulto
ICB_03942_006,ICB_203,copd,AKG C417L Microphone,57.0,0,0,1,0.5827153,0.5706993,0,0,adulto
ICB_03942_007,ICB_203,copd,AKG C417L Microphone,57.0,0,0,1,0.661619,0.34201124,0,0,adulto
ICB_03942_008,ICB_203,copd,AKG C417L Microphone,57.0,0,0,1,0.41666487,0.32950214,0,0,adulto
ICB_03943_000,ICB_203,copd,AKG C417L Microphone,57.0,0,0,1,0.01700132,0.2256206,0,0,adulto
ICB_03943_001,ICB_203,copd,AKG C417L Microphone,57.0,1,0,1,0.11248172,0.4422205,0,1,adulto
ICB_03943_002,ICB_203,copd,AKG C417L Microphone,57.0,1,0,1,0.12649985,0.49413148,0,1,adulto
ICB_03943_003,ICB_203,copd,AKG C417L Microphone,57.0,0,0,1,0.20776483,0.42577133,0,0,adulto
ICB_03943_004,ICB_203,copd,AKG C417L Microphone,57.0,0,0,1,0.14354935,0.46238452,0,0,adulto
ICB_03943_005,ICB_203,copd,AKG C417L Microphone,57.0,0,0,1,0.2442178,0.42768335,0,0,adulto
ICB_03943_006,ICB_203,copd,AKG C417L Microphone,57.0,1,0,1,0.20581056,0.4625367,0,1,adulto
ICB_03943_007,ICB_203,copd,AKG C417L Microphone,57.0,1,1,1,0.15598702,0.32893428,0,3,adulto
ICB_03943_008,ICB_203,copd,AKG C417L Microphone,57.0,0,0,1,0.22480802,0.28676763,0,0,adulto
ICB_03944_000,ICB_203,copd,AKG C417L Microphone,57.0,0,0,1,0.5190886,0.46186373,0,0,adulto
ICB_03944_001,ICB_203,copd,AKG C417L Microphone,57.0,0,0,1,0.44877115,0.5543594,0,0,adulto
ICB_03944_002,ICB_203,copd,AKG C417L Microphone,57.0,0,0,1,0.4863366,0.72029567,2,0,adulto
ICB_03944_003,ICB_203,copd,AKG C417L Microphone,57.0,0,0,1,0.543748,0.6536747,0,0,adulto
ICB_03944_004,ICB_203,copd,AKG C417L Microphone,57.0,0,0,1,0.6919428,0.72741663,2,0,adulto
ICB_03944_005,ICB_203,copd,AKG C417L Microphone,57.0,0,0,1,0.5928374,0.5581708,0,0,adulto
ICB_03945_000,ICB_203,copd,AKG C417L Microphone,57.0,0,0,1,0.62059027,0.42826438,0,0,adulto
ICB_03945_001,ICB_203,copd,AKG C417L Microphone,57.0,1,0,1,0.7180788,0.39381942,0,1,adulto
ICB_03945_002,ICB_203,copd,AKG C417L Microphone,57.0,1,0,1,0.56252706,0.65904593,0,1,adulto
ICB_03945_003,ICB_203,copd,AKG C417L Microphone,57.0,1,0,1,0.7150476,0.590173,0,1,adulto
ICB_03945_004,ICB_203,copd,AKG C417L Microphone,57.0,1,0,1,0.7243189,0.48544383,0,1,adulto
ICB_03945_005,ICB_203,copd,AKG C417L Microphone,57.0,1,0,1,0.60304534,0.48949164,0,1,adulto
ICB_03946_000,ICB_203,copd,AKG C417L Microphone,57.0,0,0,1,0.54524845,0.46769974,0,0,adulto
ICB_03946_001,ICB_203,copd,AKG C417L Microphone,57.0,0,0,1,0.67614883,0.42627788,0,0,adulto
ICB_03946_002,ICB_203,copd,AKG C417L Microphone,57.0,1,0,1,0.6414111,0.6157685,0,1,adulto
ICB_03946_003,ICB_203,copd,AKG C417L Microphone,57.0,0,0,1,0.6893482,0.46952453,0,0,adulto
ICB_03946_004,ICB_203,copd,AKG C417L Microphone,57.0,0,0,1,0.5446517,0.60119635,0,0,adulto
ICB_03946_005,ICB_203,copd,AKG C417L Microphone,57.0,0,0,1,0.4312947,0.32582176,0,0,adulto
ICB_03947_000,ICB_203,copd,AKG C417L Microphone,57.0,0,0,1,0.6780503,0.33855277,0,0,adulto
ICB_03947_001,ICB_203,copd,AKG C417L Microphone,57.0,0,0,1,0.68348795,0.5866172,0,0,adulto
ICB_03947_002,ICB_203,copd,AKG C417L Microphone,57.0,0,0,1,0.70273054,0.5506967,0,0,adulto
ICB_03947_003,ICB_203,copd,AKG C417L Microphone,57.0,1,0,1,0.71122843,0.6203865,0,1,adulto
ICB_03947_004,ICB_203,copd,AKG C417L Microphone,57.0,0,0,1,0.63795716,0.5635036,0,0,adulto
ICB_03947_005,ICB_203,copd,AKG C417L Microphone,57.0,1,0,1,0.4635464,0.37684235,0,1,adulto
ICB_03948_000,ICB_203,copd,AKG C417L Microphone,57.0,0,0,1,0.2489057,0.43132424,0,0,adulto
ICB_03948_001,ICB_203,copd,AKG C417L Microphone,57.0,0,0,1,0.21546501,0.4133246,0,0,adulto
ICB_03948_002,ICB_203,copd,AKG C417L Microphone,57.0,0,0,1,0.095241755,0.46418497,0,0,adulto
ICB_03948_003,ICB_203,copd,AKG C417L Microphone,57.0,0,0,1,0.2387959,0.56664735,0,0,adulto
ICB_03948_004,ICB_203,copd,AKG C417L Microphone,57.0,0,0,1,0.3167931,0.54039633,0,0,adulto
ICB_03948_005,ICB_203,copd,AKG C417L Microphone,57.0,0,0,1,0.12218419,0.42076516,0,0,adulto
ICB_04004_000,ICB_210,respiratory_infection,3M Littmann Classic II SE,1.0,0,0,1,0.22630852,0.17242633,0,0,pediátrico (<18)
ICB_04004_001,ICB_210,respiratory_infection,3M Littmann Classic II SE,1.0,0,0,1,0.26175147,0.31531715,0,0,pediátrico (<18)
ICB_04004_002,ICB_210,respiratory_infection,3M Littmann Classic II SE,1.0,0,0,1,0.38149014,0.3821318,0,0,pediátrico (<18)
ICB_04004_003,ICB_210,respiratory_infection,3M Littmann Classic II SE,1.0,0,0,1,0.053055078,0.55364776,0,0,pediátrico (<18)
ICB_04004_004,ICB_210,respiratory_infection,3M Littmann Classic II SE,1.0,0,0,1,0.35008505,0.38572988,0,0,pediátrico (<18)
ICB_04004_005,ICB_210,respiratory_infection,3M Littmann Classic II SE,1.0,0,0,1,0.43643373,0.34159282,0,0,pediátrico (<18)
ICB_04004_006,ICB_210,respiratory_infection,3M Littmann Classic II SE,1.0,0,0,1,0.37492508,0.31573012,0,0,pediátrico (<18)
ICB_04004_007,ICB_210,respiratory_infection,3M Littmann Classic II SE,1.0,0,0,1,0.44665366,0.4506532,0,0,pediátrico (<18)
ICB_04004_008,ICB_210,respiratory_infection,3M Littmann Classic II SE,1.0,1,0,1,0.39171243,0.30482048,0,1,pediátrico (<18)
ICB_04004_009,ICB_210,respiratory_infection,3M Littmann Classic II SE,1.0,0,0,1,0.3476347,0.17661214,0,0,pediátrico (<18)
ICB_04004_010,ICB_210,respiratory_infection,3M Littmann Classic II SE,1.0,0,0,1,0.45156172,0.26439673,0,0,pediátrico (<18)
ICB_04004_011,ICB_210,respiratory_infection,3M Littmann Classic II SE,1.0,0,0,1,0.2888145,0.26345286,0,0,pediátrico (<18)
ICB_04004_012,ICB_210,respiratory_infection,3M Littmann Classic II SE,1.0,0,0,1,0.29261056,0.2132455,0,0,pediátrico (<18)
ICB_04004_013,ICB_210,respiratory_infection,3M Littmann Classic II SE,1.0,0,0,1,0.2923109,0.2599887,0,0,pediátrico (<18)
ICB_04004_014,ICB_210,respiratory_infection,3M Littmann Classic II SE,1.0,0,0,1,0.20811343,0.19072291,0,0,pediátrico (<18)
ICB_04004_015,ICB_210,respiratory_infection,3M Littmann Classic II SE,1.0,0,0,1,0.20379563,0.23115489,0,0,pediátrico (<18)
ICB_04004_016,ICB_210,respiratory_infection,3M Littmann Classic II SE,1.0,0,0,1,0.47022095,0.2939636,0,0,pediátrico (<18)
ICB_04004_017,ICB_210,respiratory_infection,3M Littmann Classic II SE,1.0,0,0,1,0.13076344,0.17918122,0,0,pediátrico (<18)
ICB_04005_000,ICB_210,respiratory_infection,3M Littmann Classic II SE,1.0,0,0,1,0.70474106,0.37580034,0,0,pediátrico (<18)
ICB_04005_001,ICB_210,respiratory_infection,3M Littmann Classic II SE,1.0,0,0,1,0.46407342,0.3247741,0,0,pediátrico (<18)
ICB_04005_002,ICB_210,respiratory_infection,3M Littmann Classic II SE,1.0,0,0,1,0.6785096,0.5278812,0,0,pediátrico (<18)
ICB_04005_003,ICB_210,respiratory_infection,3M Littmann Classic II SE,1.0,0,0,1,0.13281232,0.6566372,0,0,pediátrico (<18)
ICB_04005_004,ICB_210,respiratory_infection,3M Littmann Classic II SE,1.0,0,0,1,0.5797496,0.20296933,0,0,pediátrico (<18)
ICB_04005_005,ICB_210,respiratory_infection,3M Littmann Classic II SE,1.0,1,0,1,0.58603996,0.6133966,0,1,pediátrico (<18)
ICB_04005_006,ICB_210,respiratory_infection,3M Littmann Classic II SE,1.0,0,0,1,0.3867451,0.41623092,0,0,pediátrico (<18)
ICB_04005_007,ICB_210,respiratory_infection,3M Littmann Classic II SE,1.0,0,0,1,0.32994726,0.3129886,0,0,pediátrico (<18)
ICB_04005_008,ICB_210,respiratory_infection,3M Littmann Classic II SE,1.0,0,0,1,0.70731205,0.39336014,0,0,pediátrico (<18)
ICB_04005_009,ICB_210,respiratory_infection,3M Littmann Classic II SE,1.0,0,0,1,0.47739178,0.66857326,0,0,pediátrico (<18)
ICB_04005_010,ICB_210,respiratory_infection,3M Littmann Classic II SE,1.0,0,0,1,0.4581046,0.32827228,0,0,pediátrico (<18)
ICB_04005_011,ICB_210,respiratory_infection,3M Littmann Classic II SE,1.0,0,0,1,0.27623525,0.388847,0,0,pediátrico (<18)
ICB_04005_012,ICB_210,respiratory_infection,3M Littmann Classic II SE,1.0,0,0,1,0.14550547,0.5456693,0,0,pediátrico (<18)
ICB_04054_000,ICB_220,copd,3M Littmann Classic II SE,66.0,0,0,1,0.34510583,0.4383935,0,0,adulto
ICB_04054_001,ICB_220,copd,3M Littmann Classic II SE,66.0,0,0,1,0.27734888,0.37314552,0,0,adulto
ICB_04054_002,ICB_220,copd,3M Littmann Classic II SE,66.0,0,0,1,0.36187026,0.58365345,0,0,adulto
ICB_04054_003,ICB_220,copd,3M Littmann Classic II SE,66.0,0,0,1,0.37658644,0.50730056,0,0,adulto
ICB_04054_004,ICB_220,copd,3M Littmann Classic II SE,66.0,0,0,1,0.36511478,0.5760604,0,0,adulto
ICB_04054_005,ICB_220,copd,3M Littmann Classic II SE,66.0,1,0,1,0.39077517,0.61634654,0,1,adulto
ICB_04054_006,ICB_220,copd,3M Littmann Classic II SE,66.0,1,0,1,0.43942633,0.42154548,0,1,adulto
ICB_04055_000,ICB_220,copd,3M Littmann Classic II SE,66.0,0,0,1,0.48225367,0.30291513,0,0,adulto
ICB_04055_001,ICB_220,copd,3M Littmann Classic II SE,66.0,0,0,1,0.57808924,0.40076846,0,0,adulto
ICB_04055_002,ICB_220,copd,3M Littmann Classic II SE,66.0,0,0,1,0.6208054,0.49728152,0,0,adulto
ICB_04055_003,ICB_220,copd,3M Littmann Classic II SE,66.0,0,0,1,0.68360966,0.34374857,0,0,adulto
ICB_04055_004,ICB_220,copd,3M Littmann Classic II SE,66.0,0,0,1,0.6039504,0.50234866,0,0,adulto
ICB_04055_005,ICB_220,copd,3M Littmann Classic II SE,66.0,0,0,1,0.6542211,0.36316937,0,0,adulto
ICB_04055_006,ICB_220,copd,3M Littmann Classic II SE,66.0,0,0,1,0.5020257,0.44647276,0,0,adulto
ICB_04056_000,ICB_221,copd,3M Littmann Classic II SE,74.0,0,1,1,0.15741795,0.8422615,2,2,adulto
ICB_04056_001,ICB_221,copd,3M Littmann Classic II SE,74.0,1,1,1,0.3357922,0.9098549,2,3,adulto
ICB_04056_002,ICB_221,copd,3M Littmann Classic II SE,74.0,1,1,1,0.33760524,0.95526737,2,3,adulto
ICB_04056_003,ICB_221,copd,3M Littmann Classic II SE,74.0,1,1,1,0.22603127,0.9809136,2,3,adulto
ICB_04056_004,ICB_221,copd,3M Littmann Classic II SE,74.0,1,1,1,0.29645854,0.9632258,2,3,adulto
ICB_04057_000,ICB_221,copd,3M Littmann Classic II SE,74.0,0,1,1,0.35294834,0.7318104,2,2,adulto
ICB_04057_001,ICB_221,copd,3M Littmann Classic II SE,74.0,1,1,1,0.54039884,0.8020569,2,3,adulto
ICB_04057_002,ICB_221,copd,3M Littmann Classic II SE,74.0,0,1,1,0.39468506,0.7802326,2,2,adulto
ICB_04057_003,ICB_221,copd,3M Littmann Classic II SE,74.0,1,1,1,0.29269448,0.84419805,2,3,adulto
ICB_04057_004,ICB_221,copd,3M Littmann Classic II SE,74.0,1,1,1,0.4996121,0.58549905,0,3,adulto
ICB_04058_000,ICB_221,copd,3M Littmann Classic II SE,74.0,1,1,1,0.2405781,0.9418907,2,3,adulto
ICB_04058_001,ICB_221,copd,3M Littmann Classic II SE,74.0,1,1,1,0.43200645,0.60708964,0,3,adulto
ICB_04058_002,ICB_221,copd,3M Littmann Classic II SE,74.0,0,1,1,0.13347253,0.90485936,2,2,adulto
ICB_04058_003,ICB_221,copd,3M Littmann Classic II SE,74.0,1,1,1,0.4085693,0.82721347,2,3,adulto
ICB_04058_004,ICB_221,copd,3M Littmann Classic II SE,74.0,1,1,1,0.24311562,0.79634356,2,3,adulto
ICB_04059_000,ICB_221,copd,3M Littmann Classic II SE,74.0,0,1,1,0.11555946,0.77844363,2,2,adulto
ICB_04059_001,ICB_221,copd,3M Littmann Classic II SE,74.0,0,1,1,0.3122764,0.82555234,2,2,adulto
ICB_04059_002,ICB_221,copd,3M Littmann Classic II SE,74.0,0,1,1,0.3152294,0.7925111,2,2,adulto
ICB_04059_003,ICB_221,copd,3M Littmann Classic II SE,74.0,0,1,1,0.3121861,0.8736044,2,2,adulto
ICB_04059_004,ICB_221,copd,3M Littmann Classic II SE,74.0,0,1,1,0.28993398,0.6622136,0,2,adulto
ICB_04060_000,ICB_221,copd,3M Littmann Classic II SE,74.0,0,1,1,0.1298856,0.7773534,2,2,adulto
ICB_04060_001,ICB_221,copd,3M Littmann Classic II SE,74.0,0,1,1,0.3424022,0.9714707,2,2,adulto
ICB_04060_002,ICB_221,copd,3M Littmann Classic II SE,74.0,0,1,1,0.29231876,0.93945366,2,2,adulto
ICB_04060_003,ICB_221,copd,3M Littmann Classic II SE,74.0,0,1,1,0.35720184,0.9159488,2,2,adulto
ICB_04060_004,ICB_221,copd,3M Littmann Classic II SE,74.0,0,1,1,0.18478045,0.97325337,2,2,adulto
ICB_04060_005,ICB_221,copd,3M Littmann Classic II SE,74.0,0,0,1,0.58800316,0.18301506,0,0,adulto
ICB_04061_000,ICB_221,copd,3M Littmann Classic II SE,74.0,0,0,1,0.21037857,0.41952506,0,0,adulto
ICB_04061_001,ICB_221,copd,3M Littmann Classic II SE,74.0,1,1,1,0.38131326,0.74508816,2,3,adulto
ICB_04061_002,ICB_221,copd,3M Littmann Classic II SE,74.0,1,1,1,0.2841847,0.89273864,2,3,adulto
ICB_04061_003,ICB_221,copd,3M Littmann Classic II SE,74.0,1,1,1,0.19713491,0.95774996,2,3,adulto
ICB_04061_004,ICB_221,copd,3M Littmann Classic II SE,74.0,1,1,1,0.31944662,0.9349256,2,3,adulto
ICB_04061_005,ICB_221,copd,3M Littmann Classic II SE,74.0,0,1,1,0.41161162,0.31867662,0,2,adulto
ICB_04062_000,ICB_221,copd,3M Littmann Classic II SE,74.0,0,0,1,0.33845437,0.28576365,0,0,adulto
ICB_04062_001,ICB_221,copd,3M Littmann Classic II SE,74.0,1,1,1,0.56202984,0.528182,0,3,adulto
ICB_04062_002,ICB_221,copd,3M Littmann Classic II SE,74.0,1,1,1,0.33905092,0.8765937,2,3,adulto
ICB_04062_003,ICB_221,copd,3M Littmann Classic II SE,74.0,1,1,1,0.4643942,0.6213852,0,3,adulto
ICB_04062_004,ICB_221,copd,3M Littmann Classic II SE,74.0,1,1,1,0.36404464,0.9064678,2,3,adulto
ICB_04063_000,ICB_221,copd,3M Littmann Classic II SE,74.0,0,1,1,0.23447926,0.60101223,0,2,adulto
ICB_04063_001,ICB_221,copd,3M Littmann Classic II SE,74.0,0,1,1,0.47267634,0.87550896,2,2,adulto
ICB_04063_002,ICB_221,copd,3M Littmann Classic II SE,74.0,0,1,1,0.3491182,0.8803246,2,2,adulto
ICB_04063_003,ICB_221,copd,3M Littmann Classic II SE,74.0,0,1,1,0.56681854,0.9269048,2,2,adulto
ICB_04063_004,ICB_221,copd,3M Littmann Classic II SE,74.0,0,1,1,0.4099138,0.83328015,2,2,adulto
ICB_04063_005,ICB_221,copd,3M Littmann Classic II SE,74.0,0,0,1,0.47789273,0.35387212,0,0,adulto
ICB_04064_000,ICB_221,copd,3M Littmann Classic II SE,74.0,0,1,1,0.21079476,0.94254106,2,2,adulto
ICB_04064_001,ICB_221,copd,3M Littmann Classic II SE,74.0,0,1,1,0.39259776,0.92768884,2,2,adulto
ICB_04064_002,ICB_221,copd,3M Littmann Classic II SE,74.0,0,1,1,0.4248326,0.97236216,2,2,adulto
ICB_04064_003,ICB_221,copd,3M Littmann Classic II SE,74.0,0,1,1,0.28874972,0.99337703,2,2,adulto
ICB_04064_004,ICB_221,copd,3M Littmann Classic II SE,74.0,0,1,1,0.2472175,0.92283297,2,2,adulto
ICB_04065_000,ICB_221,copd,3M Littmann Classic II SE,74.0,0,1,1,0.3161873,0.7630208,2,2,adulto
ICB_04065_001,ICB_221,copd,3M Littmann Classic II SE,74.0,1,1,1,0.22743897,0.90212756,2,3,adulto
ICB_04065_002,ICB_221,copd,3M Littmann Classic II SE,74.0,1,1,1,0.29313728,0.6113311,0,3,adulto
ICB_04065_003,ICB_221,copd,3M Littmann Classic II SE,74.0,1,1,1,0.32531008,0.8685046,2,3,adulto
ICB_04065_004,ICB_221,copd,3M Littmann Classic II SE,74.0,1,1,1,0.2750473,0.925986,2,3,adulto
ICB_04066_000,ICB_221,copd,3M Littmann Classic II SE,74.0,0,1,1,0.3865956,0.654734,0,2,adulto
ICB_04066_001,ICB_221,copd,3M Littmann Classic II SE,74.0,1,1,1,0.1907029,0.88277024,2,3,adulto
ICB_04066_002,ICB_221,copd,3M Littmann Classic II SE,74.0,1,1,1,0.25637427,0.8403509,2,3,adulto
ICB_04066_003,ICB_221,copd,3M Littmann Classic II SE,74.0,1,1,1,0.32881713,0.9040136,2,3,adulto
ICB_04066_004,ICB_221,copd,3M Littmann Classic II SE,74.0,1,1,1,0.22191495,0.9635995,2,3,adulto
ICB_04067_000,ICB_221,copd,3M Littmann Classic II SE,74.0,0,1,1,0.3024478,0.8318386,2,2,adulto
ICB_04067_001,ICB_221,copd,3M Littmann Classic II SE,74.0,0,1,1,0.19287246,0.82406664,2,2,adulto
ICB_04067_002,ICB_221,copd,3M Littmann Classic II SE,74.0,1,1,1,0.44809237,0.7385262,2,3,adulto
ICB_04067_003,ICB_221,copd,3M Littmann Classic II SE,74.0,1,1,1,0.28478256,0.88587713,2,3,adulto
ICB_04067_004,ICB_221,copd,3M Littmann Classic II SE,74.0,1,1,1,0.24749723,0.85779506,2,3,adulto
ICB_03173_000,ICB_105,respiratory_infection,3M Littmann Classic II SE,7.0,0,0,2,0.020637043,0.54361844,0,0,pediátrico (<18)
ICB_03173_001,ICB_105,respiratory_infection,3M Littmann Classic II SE,7.0,0,0,2,0.071184345,0.51588935,0,0,pediátrico (<18)
ICB_03173_002,ICB_105,respiratory_infection,3M Littmann Classic II SE,7.0,0,0,2,0.3017777,0.72983867,0,0,pediátrico (<18)
ICB_03173_003,ICB_105,respiratory_infection,3M Littmann Classic II SE,7.0,0,0,2,0.21819247,0.42884105,0,0,pediátrico (<18)
ICB_03173_004,ICB_105,respiratory_infection,3M Littmann Classic II SE,7.0,0,0,2,0.11997933,0.73488396,0,0,pediátrico (<18)
ICB_03173_005,ICB_105,respiratory_infection,3M Littmann Classic II SE,7.0,0,0,2,0.1402016,0.46653494,0,0,pediátrico (<18)
ICB_03173_006,ICB_105,respiratory_infection,3M Littmann Classic II SE,7.0,0,0,2,0.15759969,0.35241026,0,0,pediátrico (<18)
ICB_03173_007,ICB_105,respiratory_infection,3M Littmann Classic II SE,7.0,0,0,2,0.47540948,0.20894144,0,0,pediátrico (<18)
ICB_03211_000,ICB_110,copd,WelchAllyn Meditron Master Elite,75.0,1,0,2,0.44661877,0.38071606,0,1,adulto
ICB_03211_001,ICB_110,copd,WelchAllyn Meditron Master Elite,75.0,1,0,2,0.4577772,0.3492878,0,1,adulto
ICB_03211_002,ICB_110,copd,WelchAllyn Meditron Master Elite,75.0,0,0,2,0.27863356,0.2810687,0,0,adulto
ICB_03211_003,ICB_110,copd,WelchAllyn Meditron Master Elite,75.0,0,0,2,0.57833064,0.31021217,0,0,adulto
ICB_03211_004,ICB_110,copd,WelchAllyn Meditron Master Elite,75.0,0,0,2,0.25232217,0.06478791,0,0,adulto
ICB_03211_005,ICB_110,copd,WelchAllyn Meditron Master Elite,75.0,0,0,2,0.45530304,0.5879181,0,0,adulto
ICB_03211_006,ICB_110,copd,WelchAllyn Meditron Master Elite,75.0,0,0,2,0.42857403,0.5936374,0,0,adulto
ICB_03211_007,ICB_110,copd,WelchAllyn Meditron Master Elite,75.0,0,0,2,0.5130001,0.53015274,0,0,adulto
ICB_03211_008,ICB_110,copd,WelchAllyn Meditron Master Elite,75.0,0,0,2,0.28036684,0.6426141,0,0,adulto
ICB_03211_009,ICB_110,copd,WelchAllyn Meditron Master Elite,75.0,0,0,2,0.14389813,0.9441565,2,0,adulto
ICB_03211_010,ICB_110,copd,WelchAllyn Meditron Master Elite,75.0,0,0,2,0.41887355,0.81494635,0,0,adulto
ICB_03211_011,ICB_110,copd,WelchAllyn Meditron Master Elite,75.0,0,0,2,0.4661454,0.4909059,0,0,adulto
ICB_03211_012,ICB_110,copd,WelchAllyn Meditron Master Elite,75.0,0,0,2,0.363502,0.5245853,0,0,adulto
ICB_03211_013,ICB_110,copd,WelchAllyn Meditron Master Elite,75.0,0,0,2,0.64391553,0.15636772,0,0,adulto
ICB_03211_014,ICB_110,copd,WelchAllyn Meditron Master Elite,75.0,0,0,2,0.36006102,0.45507604,0,0,adulto
ICB_03212_000,ICB_110,copd,WelchAllyn Meditron Master Elite,75.0,1,1,2,0.23759024,0.17220801,0,3,adulto
ICB_03212_001,ICB_110,copd,WelchAllyn Meditron Master Elite,75.0,1,1,2,0.54879504,0.8433776,0,3,adulto
ICB_03212_002,ICB_110,copd,WelchAllyn Meditron Master Elite,75.0,1,1,2,0.538735,0.37340102,0,3,adulto
ICB_03212_003,ICB_110,copd,WelchAllyn Meditron Master Elite,75.0,1,0,2,0.5921471,0.6769759,0,1,adulto
ICB_03212_004,ICB_110,copd,WelchAllyn Meditron Master Elite,75.0,0,0,2,0.5801445,0.48507446,0,0,adulto
ICB_03212_005,ICB_110,copd,WelchAllyn Meditron Master Elite,75.0,1,0,2,0.3478227,0.18210651,0,1,adulto
ICB_03212_006,ICB_110,copd,WelchAllyn Meditron Master Elite,75.0,1,0,2,0.4434205,0.31846684,0,1,adulto
ICB_03213_000,ICB_110,copd,WelchAllyn Meditron Master Elite,75.0,0,1,2,0.29939416,0.42129925,0,2,adulto
ICB_03213_001,ICB_110,copd,WelchAllyn Meditron Master Elite,75.0,0,1,2,0.6236841,0.8312325,0,2,adulto
ICB_03213_002,ICB_110,copd,WelchAllyn Meditron Master Elite,75.0,0,0,2,0.57794714,0.66452944,0,0,adulto
ICB_03213_003,ICB_110,copd,WelchAllyn Meditron Master Elite,75.0,0,0,2,0.64414376,0.4260691,0,0,adulto
ICB_03213_004,ICB_110,copd,WelchAllyn Meditron Master Elite,75.0,0,1,2,0.6259124,0.57823277,0,2,adulto
ICB_03213_005,ICB_110,copd,WelchAllyn Meditron Master Elite,75.0,0,0,2,0.62373203,0.605102,0,0,adulto
ICB_03213_006,ICB_110,copd,WelchAllyn Meditron Master Elite,75.0,0,0,2,0.6702886,0.60847265,0,0,adulto
ICB_03214_000,ICB_110,copd,WelchAllyn Meditron Master Elite,75.0,1,0,2,0.3627495,0.71134764,0,1,adulto
ICB_03214_001,ICB_110,copd,WelchAllyn Meditron Master Elite,75.0,1,0,2,0.7201446,0.64476883,0,1,adulto
ICB_03214_002,ICB_110,copd,WelchAllyn Meditron Master Elite,75.0,1,0,2,0.70546615,0.5192867,0,1,adulto
ICB_03214_003,ICB_110,copd,WelchAllyn Meditron Master Elite,75.0,1,0,2,0.6685561,0.4216894,0,1,adulto
ICB_03214_004,ICB_110,copd,WelchAllyn Meditron Master Elite,75.0,1,0,2,0.69035095,0.53976583,0,1,adulto
ICB_03214_005,ICB_110,copd,WelchAllyn Meditron Master Elite,75.0,1,0,2,0.8052328,0.35679018,1,1,adulto
ICB_03214_006,ICB_110,copd,WelchAllyn Meditron Master Elite,75.0,1,0,2,0.76202697,0.54134774,1,1,adulto
ICB_03215_000,ICB_110,copd,WelchAllyn Meditron Master Elite,75.0,0,0,2,0.6961334,0.39019257,0,0,adulto
ICB_03215_001,ICB_110,copd,WelchAllyn Meditron Master Elite,75.0,0,0,2,0.5077763,0.5543836,0,0,adulto
ICB_03215_002,ICB_110,copd,WelchAllyn Meditron Master Elite,75.0,0,0,2,0.647976,0.54022104,0,0,adulto
ICB_03215_003,ICB_110,copd,WelchAllyn Meditron Master Elite,75.0,0,0,2,0.6120017,0.33504888,0,0,adulto
ICB_03215_004,ICB_110,copd,WelchAllyn Meditron Master Elite,75.0,0,0,2,0.5379518,0.38935813,0,0,adulto
ICB_03215_005,ICB_110,copd,WelchAllyn Meditron Master Elite,75.0,0,0,2,0.66158354,0.53505206,0,0,adulto
ICB_03215_006,ICB_110,copd,WelchAllyn Meditron Master Elite,75.0,0,0,2,0.51648563,0.4975479,0,0,adulto
ICB_03215_007,ICB_110,copd,WelchAllyn Meditron Master Elite,75.0,0,0,2,0.5304091,0.5434941,0,0,adulto
ICB_03215_008,ICB_110,copd,WelchAllyn Meditron Master Elite,75.0,0,0,2,0.21254334,0.7296604,0,0,adulto
ICB_03215_009,ICB_110,copd,WelchAllyn Meditron Master Elite,75.0,0,0,2,0.46263546,0.61034507,0,0,adulto
ICB_03215_010,ICB_110,copd,WelchAllyn Meditron Master Elite,75.0,0,0,2,0.5313566,0.53363895,0,0,adulto
ICB_03215_011,ICB_110,copd,WelchAllyn Meditron Master Elite,75.0,0,0,2,0.28398848,0.7151843,0,0,adulto
ICB_03215_012,ICB_110,copd,WelchAllyn Meditron Master Elite,75.0,0,0,2,0.36149517,0.45980284,0,0,adulto
ICB_03215_013,ICB_110,copd,WelchAllyn Meditron Master Elite,75.0,0,0,2,0.4454453,0.69379514,0,0,adulto
ICB_03215_014,ICB_110,copd,WelchAllyn Meditron Master Elite,75.0,0,0,2,0.52577615,0.38238,0,0,adulto
ICB_03215_015,ICB_110,copd,WelchAllyn Meditron Master Elite,75.0,0,0,2,0.3876574,0.54131126,0,0,adulto
ICB_03246_000,ICB_120,copd,WelchAllyn Meditron Master Elite,78.0,0,0,2,0.44135293,0.55992466,0,0,adulto
ICB_03246_001,ICB_120,copd,WelchAllyn Meditron Master Elite,78.0,0,0,2,0.6252723,0.36378384,0,0,adulto
ICB_03246_002,ICB_120,copd,WelchAllyn Meditron Master Elite,78.0,0,0,2,0.67766,0.27518386,0,0,adulto
ICB_03246_003,ICB_120,copd,WelchAllyn Meditron Master Elite,78.0,0,0,2,0.7773506,0.08879855,1,0,adulto
ICB_03246_004,ICB_120,copd,WelchAllyn Meditron Master Elite,78.0,0,0,2,0.6568379,0.21398509,0,0,adulto
ICB_03246_005,ICB_120,copd,WelchAllyn Meditron Master Elite,78.0,0,0,2,0.67824745,0.20738403,0,0,adulto
ICB_03246_006,ICB_120,copd,WelchAllyn Meditron Master Elite,78.0,0,0,2,0.69804275,0.16009197,0,0,adulto
ICB_03246_007,ICB_120,copd,WelchAllyn Meditron Master Elite,78.0,0,0,2,0.71383625,0.16634017,0,0,adulto
ICB_03246_008,ICB_120,copd,WelchAllyn Meditron Master Elite,78.0,0,0,2,0.7077218,0.17077586,0,0,adulto
ICB_03246_009,ICB_120,copd,WelchAllyn Meditron Master Elite,78.0,0,0,2,0.693365,0.1439098,0,0,adulto
ICB_03246_010,ICB_120,copd,WelchAllyn Meditron Master Elite,78.0,0,0,2,0.6788956,0.29029217,0,0,adulto
ICB_03246_011,ICB_120,copd,WelchAllyn Meditron Master Elite,78.0,0,0,2,0.5467604,0.7173689,0,0,adulto
ICB_03246_012,ICB_120,copd,WelchAllyn Meditron Master Elite,78.0,0,0,2,0.6728034,0.18631521,0,0,adulto
ICB_03246_013,ICB_120,copd,WelchAllyn Meditron Master Elite,78.0,0,0,2,0.706961,0.30237967,0,0,adulto
ICB_03246_014,ICB_120,copd,WelchAllyn Meditron Master Elite,78.0,0,0,2,0.53948325,0.7508045,0,0,adulto
ICB_03246_015,ICB_120,copd,WelchAllyn Meditron Master Elite,78.0,0,0,2,0.64619994,0.5606834,0,0,adulto
ICB_03246_016,ICB_120,copd,WelchAllyn Meditron Master Elite,78.0,0,0,2,0.46927124,0.24570015,0,0,adulto
ICB_03246_017,ICB_120,copd,WelchAllyn Meditron Master Elite,78.0,0,0,2,0.5763717,0.78688985,0,0,adulto
ICB_03246_018,ICB_120,copd,WelchAllyn Meditron Master Elite,78.0,0,0,2,0.7151577,0.22318587,0,0,adulto
ICB_03247_000,ICB_120,copd,WelchAllyn Meditron Master Elite,78.0,0,0,2,0.53262186,0.49536955,0,0,adulto
ICB_03247_001,ICB_120,copd,WelchAllyn Meditron Master Elite,78.0,0,0,2,0.64658445,0.33905235,0,0,adulto
ICB_03247_002,ICB_120,copd,WelchAllyn Meditron Master Elite,78.0,0,0,2,0.63422734,0.36993253,0,0,adulto
ICB_03247_003,ICB_120,copd,WelchAllyn Meditron Master Elite,78.0,0,0,2,0.79728884,0.025169095,1,0,adulto
ICB_03247_004,ICB_120,copd,WelchAllyn Meditron Master Elite,78.0,0,0,2,0.5188133,0.5045658,0,0,adulto
ICB_03247_005,ICB_120,copd,WelchAllyn Meditron Master Elite,78.0,0,0,2,0.5382181,0.58385265,0,0,adulto
ICB_03247_006,ICB_120,copd,WelchAllyn Meditron Master Elite,78.0,0,0,2,0.50733936,0.20174314,0,0,adulto
ICB_03247_007,ICB_120,copd,WelchAllyn Meditron Master Elite,78.0,0,0,2,0.47793674,0.4268982,0,0,adulto
ICB_03247_008,ICB_120,copd,WelchAllyn Meditron Master Elite,78.0,0,0,2,0.5174604,0.29996464,0,0,adulto
ICB_03247_009,ICB_120,copd,WelchAllyn Meditron Master Elite,78.0,0,0,2,0.561916,0.2656063,0,0,adulto
ICB_03247_010,ICB_120,copd,WelchAllyn Meditron Master Elite,78.0,0,0,2,0.46593168,0.79652864,0,0,adulto
ICB_03247_011,ICB_120,copd,WelchAllyn Meditron Master Elite,78.0,0,0,2,0.59393454,0.83320093,0,0,adulto
ICB_03247_012,ICB_120,copd,WelchAllyn Meditron Master Elite,78.0,0,0,2,0.5284109,0.37153074,0,0,adulto
ICB_03247_013,ICB_120,copd,WelchAllyn Meditron Master Elite,78.0,0,0,2,0.43736425,0.77237004,0,0,adulto
ICB_03247_014,ICB_120,copd,WelchAllyn Meditron Master Elite,78.0,0,0,2,0.3977463,0.8654305,0,0,adulto
ICB_03247_015,ICB_120,copd,WelchAllyn Meditron Master Elite,78.0,0,0,2,0.53502333,0.84366834,0,0,adulto
ICB_03247_016,ICB_120,copd,WelchAllyn Meditron Master Elite,78.0,0,0,2,0.6425499,0.8615154,0,0,adulto
ICB_03247_017,ICB_120,copd,WelchAllyn Meditron Master Elite,78.0,0,0,2,0.67723095,0.6231858,0,0,adulto
ICB_03247_018,ICB_120,copd,WelchAllyn Meditron Master Elite,78.0,0,0,2,0.28528598,0.70846033,0,0,adulto
ICB_03247_019,ICB_120,copd,WelchAllyn Meditron Master Elite,78.0,0,0,2,0.34407878,0.83597004,0,0,adulto
ICB_03248_000,ICB_120,copd,WelchAllyn Meditron Master Elite,78.0,0,0,2,0.5770912,0.6785846,0,0,adulto
ICB_03248_001,ICB_120,copd,WelchAllyn Meditron Master Elite,78.0,0,0,2,0.53142947,0.24717893,0,0,adulto
ICB_03248_002,ICB_120,copd,WelchAllyn Meditron Master Elite,78.0,0,0,2,0.46583077,0.69495195,0,0,adulto
ICB_03248_003,ICB_120,copd,WelchAllyn Meditron Master Elite,78.0,0,0,2,0.69447947,0.46618903,0,0,adulto
ICB_03248_004,ICB_120,copd,WelchAllyn Meditron Master Elite,78.0,0,0,2,0.70733726,0.49463546,0,0,adulto
ICB_03248_005,ICB_120,copd,WelchAllyn Meditron Master Elite,78.0,0,0,2,0.55836254,0.42360675,0,0,adulto
ICB_03248_006,ICB_120,copd,WelchAllyn Meditron Master Elite,78.0,0,0,2,0.6401714,0.4127033,0,0,adulto
ICB_03248_007,ICB_120,copd,WelchAllyn Meditron Master Elite,78.0,0,0,2,0.5122586,0.5232881,0,0,adulto
ICB_03248_008,ICB_120,copd,WelchAllyn Meditron Master Elite,78.0,0,0,2,0.6878877,0.6423082,0,0,adulto
ICB_03248_009,ICB_120,copd,WelchAllyn Meditron Master Elite,78.0,0,0,2,0.64678055,0.3256787,0,0,adulto
ICB_03248_010,ICB_120,copd,WelchAllyn Meditron Master Elite,78.0,0,0,2,0.632431,0.33287787,0,0,adulto
ICB_03248_011,ICB_120,copd,WelchAllyn Meditron Master Elite,78.0,0,0,2,0.5859237,0.5827823,0,0,adulto
ICB_03248_012,ICB_120,copd,WelchAllyn Meditron Master Elite,78.0,0,0,2,0.5266522,0.28670302,0,0,adulto
ICB_03248_013,ICB_120,copd,WelchAllyn Meditron Master Elite,78.0,0,0,2,0.7225272,0.41988224,0,0,adulto
ICB_03248_014,ICB_120,copd,WelchAllyn Meditron Master Elite,78.0,0,0,2,0.5549194,0.9597928,2,0,adulto
ICB_03248_015,ICB_120,copd,WelchAllyn Meditron Master Elite,78.0,0,0,2,0.53278124,0.44035962,0,0,adulto
ICB_03248_016,ICB_120,copd,WelchAllyn Meditron Master Elite,78.0,0,0,2,0.51910335,0.22144628,0,0,adulto
ICB_03248_017,ICB_120,copd,WelchAllyn Meditron Master Elite,78.0,0,0,2,0.46145147,0.4013712,0,0,adulto
ICB_03248_018,ICB_120,copd,WelchAllyn Meditron Master Elite,78.0,0,0,2,0.59431535,0.31415325,0,0,adulto
ICB_03248_019,ICB_120,copd,WelchAllyn Meditron Master Elite,78.0,0,0,2,0.54043484,0.5911616,0,0,adulto
ICB_03248_020,ICB_120,copd,WelchAllyn Meditron Master Elite,78.0,0,0,2,0.4686445,0.31158203,0,0,adulto
ICB_03248_021,ICB_120,copd,WelchAllyn Meditron Master Elite,78.0,0,0,2,0.6070585,0.4514599,0,0,adulto
ICB_03248_022,ICB_120,copd,WelchAllyn Meditron Master Elite,78.0,0,0,2,0.41571626,0.3756652,0,0,adulto
ICB_03248_023,ICB_120,copd,WelchAllyn Meditron Master Elite,78.0,0,0,2,0.40016297,0.6009804,0,0,adulto
ICB_03248_024,ICB_120,copd,WelchAllyn Meditron Master Elite,78.0,0,0,2,0.37201622,0.70162344,0,0,adulto
ICB_03248_025,ICB_120,copd,WelchAllyn Meditron Master Elite,78.0,0,0,2,0.5298011,0.74126285,0,0,adulto
ICB_03248_026,ICB_120,copd,WelchAllyn Meditron Master Elite,78.0,0,0,2,0.23513158,0.58939934,0,0,adulto
ICB_03248_027,ICB_120,copd,WelchAllyn Meditron Master Elite,78.0,0,0,2,0.16070373,0.81290823,0,0,adulto
ICB_03248_028,ICB_120,copd,WelchAllyn Meditron Master Elite,78.0,0,0,2,0.4468766,0.60837996,0,0,adulto
ICB_03248_029,ICB_120,copd,WelchAllyn Meditron Master Elite,78.0,0,0,2,0.5097451,0.34534773,0,0,adulto
ICB_03248_030,ICB_120,copd,WelchAllyn Meditron Master Elite,78.0,0,0,2,0.8652852,0.6181344,1,0,adulto
ICB_03248_031,ICB_120,copd,WelchAllyn Meditron Master Elite,78.0,0,0,2,0.73697037,0.59684503,0,0,adulto
ICB_03248_032,ICB_120,copd,WelchAllyn Meditron Master Elite,78.0,0,0,2,0.82148534,0.23710355,1,0,adulto
ICB_03249_000,ICB_120,copd,WelchAllyn Meditron Master Elite,78.0,0,0,2,0.6289675,0.4251488,0,0,adulto
ICB_03249_001,ICB_120,copd,WelchAllyn Meditron Master Elite,78.0,0,0,2,0.4322427,0.39239442,0,0,adulto
ICB_03249_002,ICB_120,copd,WelchAllyn Meditron Master Elite,78.0,0,0,2,0.6911774,0.35193062,0,0,adulto
ICB_03249_003,ICB_120,copd,WelchAllyn Meditron Master Elite,78.0,0,0,2,0.53874165,0.29377675,0,0,adulto
ICB_03249_004,ICB_120,copd,WelchAllyn Meditron Master Elite,78.0,0,0,2,0.6454952,0.3549921,0,0,adulto
ICB_03249_005,ICB_120,copd,WelchAllyn Meditron Master Elite,78.0,0,0,2,0.68912935,0.32072064,0,0,adulto
ICB_03249_006,ICB_120,copd,WelchAllyn Meditron Master Elite,78.0,0,0,2,0.6345134,0.39687717,0,0,adulto
ICB_03249_007,ICB_120,copd,WelchAllyn Meditron Master Elite,78.0,0,0,2,0.5527091,0.3342132,0,0,adulto
ICB_03249_008,ICB_120,copd,WelchAllyn Meditron Master Elite,78.0,0,0,2,0.54267293,0.37001932,0,0,adulto
ICB_03249_009,ICB_120,copd,WelchAllyn Meditron Master Elite,78.0,0,0,2,0.6582016,0.33655506,0,0,adulto
ICB_03249_010,ICB_120,copd,WelchAllyn Meditron Master Elite,78.0,0,0,2,0.6098018,0.2389529,0,0,adulto
ICB_03249_011,ICB_120,copd,WelchAllyn Meditron Master Elite,78.0,0,0,2,0.49335408,0.25495052,0,0,adulto
ICB_03249_012,ICB_120,copd,WelchAllyn Meditron Master Elite,78.0,0,0,2,0.32541695,0.32077667,0,0,adulto
ICB_03249_013,ICB_120,copd,WelchAllyn Meditron Master Elite,78.0,0,0,2,0.36991987,0.8151033,0,0,adulto
ICB_03249_014,ICB_120,copd,WelchAllyn Meditron Master Elite,78.0,0,0,2,0.5666764,0.7466209,0,0,adulto
ICB_03249_015,ICB_120,copd,WelchAllyn Meditron Master Elite,78.0,1,0,2,0.35746926,0.053793028,0,1,adulto
ICB_03249_016,ICB_120,copd,WelchAllyn Meditron Master Elite,78.0,1,0,2,0.4821023,0.22256334,0,1,adulto
ICB_03249_017,ICB_120,copd,WelchAllyn Meditron Master Elite,78.0,1,0,2,0.6662039,0.26463443,0,1,adulto
ICB_03249_018,ICB_120,copd,WelchAllyn Meditron Master Elite,78.0,1,0,2,0.536116,0.6358891,0,1,adulto
ICB_03249_019,ICB_120,copd,WelchAllyn Meditron Master Elite,78.0,0,0,2,0.7148123,0.29347998,0,0,adulto
ICB_03249_020,ICB_120,copd,WelchAllyn Meditron Master Elite,78.0,1,0,2,0.5455197,0.28851333,0,1,adulto
ICB_03249_021,ICB_120,copd,WelchAllyn Meditron Master Elite,78.0,1,0,2,0.41392308,0.33339882,0,1,adulto
ICB_03249_022,ICB_120,copd,WelchAllyn Meditron Master Elite,78.0,1,0,2,0.60283357,0.22316939,0,1,adulto
ICB_03249_023,ICB_120,copd,WelchAllyn Meditron Master Elite,78.0,1,0,2,0.7194731,0.2390551,0,1,adulto
ICB_03249_024,ICB_120,copd,WelchAllyn Meditron Master Elite,78.0,1,0,2,0.4204773,0.35791025,0,1,adulto
ICB_03249_025,ICB_120,copd,WelchAllyn Meditron Master Elite,78.0,1,0,2,0.6236287,0.2774374,0,1,adulto
ICB_03249_026,ICB_120,copd,WelchAllyn Meditron Master Elite,78.0,1,0,2,0.3343496,0.322714,0,1,adulto
ICB_03249_027,ICB_120,copd,WelchAllyn Meditron Master Elite,78.0,1,0,2,0.6455321,0.13993855,0,1,adulto
ICB_03249_028,ICB_120,copd,WelchAllyn Meditron Master Elite,78.0,1,0,2,0.5996245,0.21838504,0,1,adulto
ICB_03249_029,ICB_120,copd,WelchAllyn Meditron Master Elite,78.0,1,0,2,0.5056606,0.5384254,0,1,adulto
ICB_03250_000,ICB_120,copd,WelchAllyn Meditron Master Elite,78.0,1,0,2,0.6828374,0.38504624,0,1,adulto
ICB_03250_001,ICB_120,copd,WelchAllyn Meditron Master Elite,78.0,0,0,2,0.61418843,0.50546485,0,0,adulto
ICB_03250_002,ICB_120,copd,WelchAllyn Meditron Master Elite,78.0,0,0,2,0.6765256,0.5932913,0,0,adulto
ICB_03250_003,ICB_120,copd,WelchAllyn Meditron Master Elite,78.0,0,0,2,0.63783616,0.30484587,0,0,adulto
ICB_03250_004,ICB_120,copd,WelchAllyn Meditron Master Elite,78.0,0,0,2,0.61301595,0.47329834,0,0,adulto
ICB_03250_005,ICB_120,copd,WelchAllyn Meditron Master Elite,78.0,0,0,2,0.68977344,0.6965839,0,0,adulto
ICB_03250_006,ICB_120,copd,WelchAllyn Meditron Master Elite,78.0,0,0,2,0.641306,0.46042892,0,0,adulto
ICB_03250_007,ICB_120,copd,WelchAllyn Meditron Master Elite,78.0,0,0,2,0.6266427,0.3091234,0,0,adulto
ICB_03250_008,ICB_120,copd,WelchAllyn Meditron Master Elite,78.0,0,0,2,0.7226675,0.43152142,0,0,adulto
ICB_03250_009,ICB_120,copd,WelchAllyn Meditron Master Elite,78.0,0,0,2,0.67032903,0.5515058,0,0,adulto
ICB_03250_010,ICB_120,copd,WelchAllyn Meditron Master Elite,78.0,0,0,2,0.65235937,0.6753134,0,0,adulto
ICB_03250_011,ICB_120,copd,WelchAllyn Meditron Master Elite,78.0,0,0,2,0.3268429,0.5142059,0,0,adulto
ICB_03250_012,ICB_120,copd,WelchAllyn Meditron Master Elite,78.0,0,0,2,0.41633323,0.8966085,0,0,adulto
ICB_03250_013,ICB_120,copd,WelchAllyn Meditron Master Elite,78.0,0,0,2,0.62091744,0.41335753,0,0,adulto
ICB_03250_014,ICB_120,copd,WelchAllyn Meditron Master Elite,78.0,0,0,2,0.48998484,0.25491685,0,0,adulto
ICB_03250_015,ICB_120,copd,WelchAllyn Meditron Master Elite,78.0,0,0,2,0.5724676,0.36310083,0,0,adulto
ICB_03250_016,ICB_120,copd,WelchAllyn Meditron Master Elite,78.0,0,0,2,0.30344427,0.47833246,0,0,adulto
ICB_03250_017,ICB_120,copd,WelchAllyn Meditron Master Elite,78.0,0,0,2,0.6853133,0.33583084,0,0,adulto
ICB_03250_018,ICB_120,copd,WelchAllyn Meditron Master Elite,78.0,0,0,2,0.634728,0.42106354,0,0,adulto
ICB_03250_019,ICB_120,copd,WelchAllyn Meditron Master Elite,78.0,0,0,2,0.6186155,0.3453497,0,0,adulto
ICB_03250_020,ICB_120,copd,WelchAllyn Meditron Master Elite,78.0,0,0,2,0.6549194,0.7569031,0,0,adulto
ICB_03269_000,ICB_125,normal_lung,3M Littmann Classic II SE,14.0,0,0,2,0.13950032,0.503418,0,0,pediátrico (<18)
ICB_03269_001,ICB_125,normal_lung,3M Littmann Classic II SE,14.0,0,0,2,0.1335324,0.46783233,0,0,pediátrico (<18)
ICB_03269_002,ICB_125,normal_lung,3M Littmann Classic II SE,14.0,1,0,2,0.13788022,0.24491313,0,1,pediátrico (<18)
ICB_03269_003,ICB_125,normal_lung,3M Littmann Classic II SE,14.0,0,0,2,0.24130341,0.30113578,0,0,pediátrico (<18)
ICB_03269_004,ICB_125,normal_lung,3M Littmann Classic II SE,14.0,1,0,2,0.25666904,0.17837717,0,1,pediátrico (<18)
ICB_03269_005,ICB_125,normal_lung,3M Littmann Classic II SE,14.0,0,0,2,0.018214207,0.08168221,0,0,pediátrico (<18)
ICB_03341_000,ICB_132,copd,3M Littmann Classic II SE,71.0,1,0,2,0.86579645,0.06148474,1,1,adulto
ICB_03341_001,ICB_132,copd,3M Littmann Classic II SE,71.0,1,0,2,0.53415734,0.18159765,0,1,adulto
ICB_03341_002,ICB_132,copd,3M Littmann Classic II SE,71.0,0,0,2,0.3381372,0.12409997,0,0,adulto
ICB_03341_003,ICB_132,copd,3M Littmann Classic II SE,71.0,1,0,2,0.62717587,0.364862,0,1,adulto
ICB_03341_004,ICB_132,copd,3M Littmann Classic II SE,71.0,1,0,2,0.41534215,0.4641596,0,1,adulto
ICB_03341_005,ICB_132,copd,3M Littmann Classic II SE,71.0,1,0,2,0.56753445,0.1841409,0,1,adulto
ICB_03341_006,ICB_132,copd,3M Littmann Classic II SE,71.0,1,0,2,0.24615093,0.08496864,0,1,adulto
ICB_03341_007,ICB_132,copd,3M Littmann Classic II SE,71.0,1,0,2,0.72034043,0.29203787,0,1,adulto
ICB_03341_008,ICB_132,copd,3M Littmann Classic II SE,71.0,1,0,2,0.57239604,0.47792965,0,1,adulto
ICB_03342_000,ICB_132,copd,3M Littmann Classic II SE,71.0,0,0,2,0.5636552,0.24063173,0,0,adulto
ICB_03342_001,ICB_132,copd,3M Littmann Classic II SE,71.0,1,0,2,0.5012468,0.36430493,0,1,adulto
ICB_03342_002,ICB_132,copd,3M Littmann Classic II SE,71.0,1,0,2,0.6665561,0.24136429,0,1,adulto
ICB_03342_003,ICB_132,copd,3M Littmann Classic II SE,71.0,1,0,2,0.531449,0.5269188,0,1,adulto
ICB_03342_004,ICB_132,copd,3M Littmann Classic II SE,71.0,1,0,2,0.6606434,0.31744334,0,1,adulto
ICB_03342_005,ICB_132,copd,3M Littmann Classic II SE,71.0,1,0,2,0.7585653,0.18103255,1,1,adulto
ICB_03342_006,ICB_132,copd,3M Littmann Classic II SE,71.0,1,0,2,0.53500295,0.03993479,0,1,adulto
ICB_03342_007,ICB_132,copd,3M Littmann Classic II SE,71.0,1,0,2,0.60048074,0.48322228,0,1,adulto
ICB_03342_008,ICB_132,copd,3M Littmann Classic II SE,71.0,1,0,2,0.73784125,0.38094234,0,1,adulto
ICB_03342_009,ICB_132,copd,3M Littmann Classic II SE,71.0,1,0,2,0.13264579,0.16991529,0,1,adulto
ICB_03343_000,ICB_133,copd,AKG C417L Microphone,68.0,0,0,2,0.49834087,0.28753138,0,0,adulto
ICB_03343_001,ICB_133,copd,AKG C417L Microphone,68.0,0,0,2,0.5631855,0.23376161,0,0,adulto
ICB_03343_002,ICB_133,copd,AKG C417L Microphone,68.0,0,0,2,0.5492253,0.46563324,0,0,adulto
ICB_03343_003,ICB_133,copd,AKG C417L Microphone,68.0,1,0,2,0.48446196,0.5589274,0,1,adulto
ICB_03343_004,ICB_133,copd,AKG C417L Microphone,68.0,1,0,2,0.5067766,0.4694579,0,1,adulto
ICB_03343_005,ICB_133,copd,AKG C417L Microphone,68.0,0,0,2,0.4940149,0.4792517,0,0,adulto
ICB_03343_006,ICB_133,copd,AKG C417L Microphone,68.0,0,0,2,0.5455473,0.23514003,0,0,adulto
ICB_03343_007,ICB_133,copd,AKG C417L Microphone,68.0,0,0,2,0.5473369,0.37632096,0,0,adulto
ICB_03343_008,ICB_133,copd,AKG C417L Microphone,68.0,0,0,2,0.4860838,0.5265377,0,0,adulto
ICB_03344_000,ICB_133,copd,AKG C417L Microphone,68.0,0,0,2,0.5788859,0.27253532,0,0,adulto
ICB_03344_001,ICB_133,copd,AKG C417L Microphone,68.0,0,0,2,0.43995523,0.66054356,0,0,adulto
ICB_03344_002,ICB_133,copd,AKG C417L Microphone,68.0,0,0,2,0.66044265,0.39929163,0,0,adulto
ICB_03344_003,ICB_133,copd,AKG C417L Microphone,68.0,0,0,2,0.6067034,0.3786921,0,0,adulto
ICB_03344_004,ICB_133,copd,AKG C417L Microphone,68.0,0,0,2,0.4454224,0.40415162,0,0,adulto
ICB_03344_005,ICB_133,copd,AKG C417L Microphone,68.0,0,0,2,0.49523458,0.65466887,0,0,adulto
ICB_03344_006,ICB_133,copd,AKG C417L Microphone,68.0,0,0,2,0.47987485,0.49880907,0,0,adulto
ICB_03344_007,ICB_133,copd,AKG C417L Microphone,68.0,0,0,2,0.5441808,0.42383704,0,0,adulto
ICB_03344_008,ICB_133,copd,AKG C417L Microphone,68.0,0,0,2,0.37097427,0.4789346,0,0,adulto
ICB_03345_000,ICB_133,copd,AKG C417L Microphone,68.0,1,0,2,0.7154541,0.12954263,0,1,adulto
ICB_03345_001,ICB_133,copd,AKG C417L Microphone,68.0,1,0,2,0.68117905,0.16059028,0,1,adulto
ICB_03345_002,ICB_133,copd,AKG C417L Microphone,68.0,1,0,2,0.6079477,0.15069483,0,1,adulto
ICB_03345_003,ICB_133,copd,AKG C417L Microphone,68.0,1,0,2,0.72641164,0.45256084,0,1,adulto
ICB_03345_004,ICB_133,copd,AKG C417L Microphone,68.0,1,0,2,0.7176747,0.4952872,0,1,adulto
ICB_03345_005,ICB_133,copd,AKG C417L Microphone,68.0,1,0,2,0.6468454,0.23308066,0,1,adulto
ICB_03345_006,ICB_133,copd,AKG C417L Microphone,68.0,1,0,2,0.7257209,0.059549395,0,1,adulto
ICB_03345_007,ICB_133,copd,AKG C417L Microphone,68.0,1,0,2,0.6965422,0.39240456,0,1,adulto
ICB_03345_008,ICB_133,copd,AKG C417L Microphone,68.0,0,0,2,0.55547655,0.12380038,0,0,adulto
ICB_03346_000,ICB_133,copd,AKG C417L Microphone,68.0,0,0,2,0.14474331,0.5769174,0,0,adulto
ICB_03346_001,ICB_133,copd,AKG C417L Microphone,68.0,0,0,2,0.15521412,0.5936563,0,0,adulto
ICB_03346_002,ICB_133,copd,AKG C417L Microphone,68.0,1,0,2,0.15541989,0.4437644,0,1,adulto
ICB_03346_003,ICB_133,copd,AKG C417L Microphone,68.0,0,0,2,0.06437276,0.67486435,0,0,adulto
ICB_03346_004,ICB_133,copd,AKG C417L Microphone,68.0,0,0,2,0.07310775,0.5060306,0,0,adulto
ICB_03346_005,ICB_133,copd,AKG C417L Microphone,68.0,1,0,2,0.16796897,0.5319002,0,1,adulto
ICB_03346_006,ICB_133,copd,AKG C417L Microphone,68.0,0,0,2,0.20790333,0.39492157,0,0,adulto
ICB_03346_007,ICB_133,copd,AKG C417L Microphone,68.0,0,0,2,0.21799445,0.6848779,0,0,adulto
ICB_03346_008,ICB_133,copd,AKG C417L Microphone,68.0,0,0,2,0.11011998,0.6326241,0,0,adulto
ICB_03347_000,ICB_133,copd,AKG C417L Microphone,68.0,0,0,2,0.4153021,0.34890476,0,0,adulto
ICB_03347_001,ICB_133,copd,AKG C417L Microphone,68.0,0,0,2,0.65704316,0.36963966,0,0,adulto
ICB_03347_002,ICB_133,copd,AKG C417L Microphone,68.0,0,0,2,0.59546465,0.4533189,0,0,adulto
ICB_03347_003,ICB_133,copd,AKG C417L Microphone,68.0,0,0,2,0.7326049,0.45899925,0,0,adulto
ICB_03347_004,ICB_133,copd,AKG C417L Microphone,68.0,0,0,2,0.5847837,0.32753274,0,0,adulto
ICB_03347_005,ICB_133,copd,AKG C417L Microphone,68.0,0,0,2,0.643757,0.36540475,0,0,adulto
ICB_03347_006,ICB_133,copd,AKG C417L Microphone,68.0,0,0,2,0.66311204,0.44783086,0,0,adulto
ICB_03347_007,ICB_133,copd,AKG C417L Microphone,68.0,0,0,2,0.66087407,0.19515058,0,0,adulto
ICB_03348_000,ICB_133,copd,AKG C417L Microphone,68.0,0,0,2,0.3295027,0.30923977,0,0,adulto
ICB_03348_001,ICB_133,copd,AKG C417L Microphone,68.0,0,0,2,0.5033651,0.30893356,0,0,adulto
ICB_03348_002,ICB_133,copd,AKG C417L Microphone,68.0,0,0,2,0.45797288,0.46460423,0,0,adulto
ICB_03348_003,ICB_133,copd,AKG C417L Microphone,68.0,0,0,2,0.3834952,0.39628267,0,0,adulto
ICB_03348_004,ICB_133,copd,AKG C417L Microphone,68.0,0,0,2,0.55472124,0.31989148,0,0,adulto
ICB_03348_005,ICB_133,copd,AKG C417L Microphone,68.0,0,0,2,0.67602783,0.50595033,0,0,adulto
ICB_03348_006,ICB_133,copd,AKG C417L Microphone,68.0,0,0,2,0.49837196,0.37181184,0,0,adulto
ICB_03348_007,ICB_133,copd,AKG C417L Microphone,68.0,0,0,2,0.5031792,0.47451875,0,0,adulto
ICB_03349_000,ICB_133,copd,AKG C417L Microphone,68.0,1,0,2,0.5231564,0.051685907,0,1,adulto
ICB_03349_001,ICB_133,copd,AKG C417L Microphone,68.0,1,0,2,0.7557065,0.1272219,1,1,adulto
ICB_03349_002,ICB_133,copd,AKG C417L Microphone,68.0,0,0,2,0.86947674,0.25321725,1,0,adulto
ICB_03349_003,ICB_133,copd,AKG C417L Microphone,68.0,1,0,2,0.7560402,0.29341057,1,1,adulto
ICB_03349_004,ICB_133,copd,AKG C417L Microphone,68.0,1,0,2,0.7149846,0.17217259,0,1,adulto
ICB_03349_005,ICB_133,copd,AKG C417L Microphone,68.0,1,0,2,0.8404512,0.48025653,1,1,adulto
ICB_03349_006,ICB_133,copd,AKG C417L Microphone,68.0,1,0,2,0.7334011,0.20119064,0,1,adulto
ICB_03349_007,ICB_133,copd,AKG C417L Microphone,68.0,0,0,2,0.7710021,0.33615068,1,0,adulto
ICB_03350_000,ICB_133,copd,AKG C417L Microphone,68.0,0,0,2,0.4331652,0.18335225,0,0,adulto
ICB_03350_001,ICB_133,copd,AKG C417L Microphone,68.0,0,0,2,0.40718848,0.29977497,0,0,adulto
ICB_03350_002,ICB_133,copd,AKG C417L Microphone,68.0,0,0,2,0.41466922,0.18369943,0,0,adulto
ICB_03350_003,ICB_133,copd,AKG C417L Microphone,68.0,0,0,2,0.68528736,0.23233846,0,0,adulto
ICB_03350_004,ICB_133,copd,AKG C417L Microphone,68.0,1,0,2,0.67035365,0.2623165,0,1,adulto
ICB_03350_005,ICB_133,copd,AKG C417L Microphone,68.0,0,0,2,0.6274016,0.25322744,0,0,adulto
ICB_03350_006,ICB_133,copd,AKG C417L Microphone,68.0,0,0,2,0.53007376,0.29477122,0,0,adulto
ICB_03350_007,ICB_133,copd,AKG C417L Microphone,68.0,0,0,2,0.5269798,0.2890791,0,0,adulto
ICB_03351_000,ICB_133,copd,AKG C417L Microphone,68.0,0,0,2,0.006187088,0.20560011,0,0,adulto
ICB_03351_001,ICB_133,copd,AKG C417L Microphone,68.0,0,0,2,0.088834904,0.66584826,0,0,adulto
ICB_03351_002,ICB_133,copd,AKG C417L Microphone,68.0,0,0,2,0.113226354,0.54656255,0,0,adulto
ICB_03351_003,ICB_133,copd,AKG C417L Microphone,68.0,0,0,2,0.098231785,0.6450161,0,0,adulto
ICB_03351_004,ICB_133,copd,AKG C417L Microphone,68.0,1,0,2,0.22607152,0.55411345,0,1,adulto
ICB_03351_005,ICB_133,copd,AKG C417L Microphone,68.0,0,0,2,0.14303169,0.5632176,0,0,adulto
ICB_03351_006,ICB_133,copd,AKG C417L Microphone,68.0,1,0,2,0.17396842,0.6440914,0,1,adulto
ICB_03351_007,ICB_133,copd,AKG C417L Microphone,68.0,0,0,2,0.18682171,0.67044115,0,0,adulto
ICB_03352_000,ICB_133,copd,AKG C417L Microphone,68.0,0,0,2,0.5800534,0.48855495,0,0,adulto
ICB_03352_001,ICB_133,copd,AKG C417L Microphone,68.0,0,0,2,0.65855426,0.31763387,0,0,adulto
ICB_03352_002,ICB_133,copd,AKG C417L Microphone,68.0,0,0,2,0.5404068,0.48853102,0,0,adulto
ICB_03352_003,ICB_133,copd,AKG C417L Microphone,68.0,0,0,2,0.63752425,0.46402177,0,0,adulto
ICB_03352_004,ICB_133,copd,AKG C417L Microphone,68.0,0,0,2,0.59789515,0.2990627,0,0,adulto
ICB_03352_005,ICB_133,copd,AKG C417L Microphone,68.0,0,1,2,0.6901444,0.430689,0,2,adulto
ICB_03352_006,ICB_133,copd,AKG C417L Microphone,68.0,0,1,2,0.6453956,0.23927309,0,2,adulto
ICB_03352_007,ICB_133,copd,AKG C417L Microphone,68.0,0,0,2,0.48609507,0.4116995,0,0,adulto
ICB_03353_000,ICB_133,copd,AKG C417L Microphone,68.0,1,0,2,0.7000716,0.28422177,0,1,adulto
ICB_03353_001,ICB_133,copd,AKG C417L Microphone,68.0,0,0,2,0.6232124,0.53786254,0,0,adulto
ICB_03353_002,ICB_133,copd,AKG C417L Microphone,68.0,0,0,2,0.4464041,0.5676165,0,0,adulto
ICB_03353_003,ICB_133,copd,AKG C417L Microphone,68.0,0,0,2,0.53545165,0.6657971,0,0,adulto
ICB_03353_004,ICB_133,copd,AKG C417L Microphone,68.0,0,0,2,0.53356594,0.3163366,0,0,adulto
ICB_03353_005,ICB_133,copd,AKG C417L Microphone,68.0,0,0,2,0.41624367,0.66996235,0,0,adulto
ICB_03353_006,ICB_133,copd,AKG C417L Microphone,68.0,0,0,2,0.4709667,0.38912678,0,0,adulto
ICB_03353_007,ICB_133,copd,AKG C417L Microphone,68.0,0,0,2,0.37718692,0.5107724,0,0,adulto
ICB_03354_000,ICB_133,copd,AKG C417L Microphone,68.0,1,0,2,0.79836434,0.16330443,1,1,adulto
ICB_03354_001,ICB_133,copd,AKG C417L Microphone,68.0,1,0,2,0.84710413,0.095835984,1,1,adulto
ICB_03354_002,ICB_133,copd,AKG C417L Microphone,68.0,1,0,2,0.85218084,0.13193637,1,1,adulto
ICB_03354_003,ICB_133,copd,AKG C417L Microphone,68.0,1,0,2,0.8162775,0.10040365,1,1,adulto
ICB_03354_004,ICB_133,copd,AKG C417L Microphone,68.0,1,0,2,0.9001588,0.10525548,1,1,adulto
ICB_03354_005,ICB_133,copd,AKG C417L Microphone,68.0,1,0,2,0.875547,0.18431902,1,1,adulto
ICB_03354_006,ICB_133,copd,AKG C417L Microphone,68.0,1,0,2,0.90487546,0.15989795,1,1,adulto
ICB_03354_007,ICB_133,copd,AKG C417L Microphone,68.0,1,0,2,0.8928581,0.11996907,1,1,adulto
ICB_03355_000,ICB_133,copd,AKG C417L Microphone,68.0,1,0,2,0.7392553,0.25533092,0,1,adulto
ICB_03355_001,ICB_133,copd,AKG C417L Microphone,68.0,0,0,2,0.55835354,0.48785397,0,0,adulto
ICB_03355_002,ICB_133,copd,AKG C417L Microphone,68.0,0,0,2,0.4500816,0.28106907,0,0,adulto
ICB_03355_003,ICB_133,copd,AKG C417L Microphone,68.0,0,0,2,0.4466016,0.34223092,0,0,adulto
ICB_03355_004,ICB_133,copd,AKG C417L Microphone,68.0,0,0,2,0.4427788,0.29123837,0,0,adulto
ICB_03355_005,ICB_133,copd,AKG C417L Microphone,68.0,0,0,2,0.566695,0.16868769,0,0,adulto
ICB_03355_006,ICB_133,copd,AKG C417L Microphone,68.0,0,0,2,0.5379518,0.21934481,0,0,adulto
ICB_03355_007,ICB_133,copd,AKG C417L Microphone,68.0,0,0,2,0.5670207,0.41667643,0,0,adulto
ICB_03356_000,ICB_133,copd,AKG C417L Microphone,68.0,0,0,2,0.19458315,0.69427806,0,0,adulto
ICB_03356_001,ICB_133,copd,AKG C417L Microphone,68.0,1,0,2,0.10564924,0.7080098,0,1,adulto
ICB_03356_002,ICB_133,copd,AKG C417L Microphone,68.0,0,0,2,0.061246514,0.78630996,0,0,adulto
ICB_03356_003,ICB_133,copd,AKG C417L Microphone,68.0,0,0,2,0.051883392,0.661784,0,0,adulto
ICB_03356_004,ICB_133,copd,AKG C417L Microphone,68.0,0,0,2,0.020096887,0.4793777,0,0,adulto
ICB_03356_005,ICB_133,copd,AKG C417L Microphone,68.0,0,1,2,0.11788713,0.6041766,0,2,adulto
ICB_03356_006,ICB_133,copd,AKG C417L Microphone,68.0,0,1,2,0.008338033,0.51467395,0,2,adulto
ICB_03356_007,ICB_133,copd,AKG C417L Microphone,68.0,0,0,2,0.31880653,0.34177434,0,0,adulto
ICB_03357_000,ICB_133,copd,AKG C417L Microphone,68.0,0,0,2,0.48593327,0.35348752,0,0,adulto
ICB_03357_001,ICB_133,copd,AKG C417L Microphone,68.0,0,1,2,0.57272166,0.4470427,0,2,adulto
ICB_03357_002,ICB_133,copd,AKG C417L Microphone,68.0,0,0,2,0.59299445,0.283178,0,0,adulto
ICB_03357_003,ICB_133,copd,AKG C417L Microphone,68.0,0,1,2,0.76345,0.57356364,1,2,adulto
ICB_03357_004,ICB_133,copd,AKG C417L Microphone,68.0,0,1,2,0.461721,0.3399479,0,2,adulto
ICB_03357_005,ICB_133,copd,AKG C417L Microphone,68.0,0,1,2,0.68769914,0.6908658,0,2,adulto
ICB_03357_006,ICB_133,copd,AKG C417L Microphone,68.0,0,1,2,0.59754574,0.5803444,0,2,adulto
ICB_03357_007,ICB_133,copd,AKG C417L Microphone,68.0,0,1,2,0.26072755,0.37572494,0,2,adulto
ICB_03358_000,ICB_133,copd,AKG C417L Microphone,68.0,0,0,2,0.39134908,0.4660577,0,0,adulto
ICB_03358_001,ICB_133,copd,AKG C417L Microphone,68.0,0,1,2,0.44387797,0.6227993,0,2,adulto
ICB_03358_002,ICB_133,copd,AKG C417L Microphone,68.0,0,1,2,0.41465753,0.46512058,0,2,adulto
ICB_03358_003,ICB_133,copd,AKG C417L Microphone,68.0,0,1,2,0.5356603,0.4439865,0,2,adulto
ICB_03358_004,ICB_133,copd,AKG C417L Microphone,68.0,0,1,2,0.50891674,0.52029616,0,2,adulto
ICB_03358_005,ICB_133,copd,AKG C417L Microphone,68.0,0,1,2,0.52924156,0.8462581,0,2,adulto
ICB_03358_006,ICB_133,copd,AKG C417L Microphone,68.0,0,1,2,0.38545978,0.733601,0,2,adulto
ICB_03358_007,ICB_133,copd,AKG C417L Microphone,68.0,0,0,2,0.20284688,0.1021041,0,0,adulto
ICB_03359_000,ICB_133,copd,AKG C417L Microphone,68.0,1,1,2,0.5357247,0.1562488,0,3,adulto
ICB_03359_001,ICB_133,copd,AKG C417L Microphone,68.0,0,1,2,0.7354522,0.117390096,0,2,adulto
ICB_03359_002,ICB_133,copd,AKG C417L Microphone,68.0,0,0,2,0.5620989,0.37785557,0,0,adulto
ICB_03359_003,ICB_133,copd,AKG C417L Microphone,68.0,0,1,2,0.6381583,0.46118265,0,2,adulto
ICB_03359_004,ICB_133,copd,AKG C417L Microphone,68.0,0,0,2,0.40437463,0.540685,0,0,adulto
ICB_03359_005,ICB_133,copd,AKG C417L Microphone,68.0,0,1,2,0.70331985,0.46036363,0,2,adulto
ICB_03359_006,ICB_133,copd,AKG C417L Microphone,68.0,0,1,2,0.69781417,0.50252455,0,2,adulto
ICB_03359_007,ICB_133,copd,AKG C417L Microphone,68.0,0,0,2,0.16792469,0.17778689,0,0,adulto
ICB_03360_000,ICB_133,copd,AKG C417L Microphone,68.0,0,1,2,0.20330805,0.9624458,2,2,adulto
ICB_03360_001,ICB_133,copd,AKG C417L Microphone,68.0,0,1,2,0.49799109,0.7116477,0,2,adulto
ICB_03360_002,ICB_133,copd,AKG C417L Microphone,68.0,1,1,2,0.49115872,0.81178594,0,3,adulto
ICB_03360_003,ICB_133,copd,AKG C417L Microphone,68.0,0,1,2,0.21379226,0.8688464,0,2,adulto
ICB_03360_004,ICB_133,copd,AKG C417L Microphone,68.0,0,1,2,0.56261927,0.3583464,0,2,adulto
ICB_03360_005,ICB_133,copd,AKG C417L Microphone,68.0,0,1,2,0.54701364,0.72337914,0,2,adulto
ICB_03360_006,ICB_133,copd,AKG C417L Microphone,68.0,1,1,2,0.59038115,0.43274277,0,3,adulto
ICB_03360_007,ICB_133,copd,AKG C417L Microphone,68.0,0,1,2,0.21617486,0.21018441,0,2,adulto
ICB_03361_000,ICB_133,copd,AKG C417L Microphone,68.0,0,1,2,0.23290111,0.8498559,0,2,adulto
ICB_03361_001,ICB_133,copd,AKG C417L Microphone,68.0,0,0,2,0.2541228,0.53203917,0,0,adulto
ICB_03361_002,ICB_133,copd,AKG C417L Microphone,68.0,0,1,2,0.08283171,0.7280899,0,2,adulto
ICB_03361_003,ICB_133,copd,AKG C417L Microphone,68.0,0,1,2,0.13715245,0.92040145,2,2,adulto
ICB_03361_004,ICB_133,copd,AKG C417L Microphone,68.0,0,1,2,0.20022154,0.7487752,0,2,adulto
ICB_03361_005,ICB_133,copd,AKG C417L Microphone,68.0,0,1,2,0.2571341,0.95166755,2,2,adulto
ICB_03361_006,ICB_133,copd,AKG C417L Microphone,68.0,0,1,2,0.14986663,0.79481393,0,2,adulto
ICB_03361_007,ICB_133,copd,AKG C417L Microphone,68.0,0,0,2,0.40766358,0.3095723,0,0,adulto
ICB_03362_000,ICB_134,copd,3M Littmann Classic II SE,61.0,0,0,2,0.5041416,0.3287104,0,0,adulto
ICB_03362_001,ICB_134,copd,3M Littmann Classic II SE,61.0,0,0,2,0.7136447,0.25838625,0,0,adulto
ICB_03362_002,ICB_134,copd,3M Littmann Classic II SE,61.0,0,0,2,0.58539283,0.33902857,0,0,adulto
ICB_03362_003,ICB_134,copd,3M Littmann Classic II SE,61.0,0,0,2,0.57118773,0.24643727,0,0,adulto
ICB_03362_004,ICB_134,copd,3M Littmann Classic II SE,61.0,0,0,2,0.5570284,0.1993209,0,0,adulto
ICB_03363_000,ICB_134,copd,3M Littmann Classic II SE,61.0,0,0,2,0.3540539,0.9592251,2,0,adulto
ICB_03363_001,ICB_134,copd,3M Littmann Classic II SE,61.0,0,0,2,0.65111816,0.4725971,0,0,adulto
ICB_03363_002,ICB_134,copd,3M Littmann Classic II SE,61.0,0,0,2,0.5591481,0.6975451,0,0,adulto
ICB_03363_003,ICB_134,copd,3M Littmann Classic II SE,61.0,0,0,2,0.57232416,0.5486227,0,0,adulto
ICB_03363_004,ICB_134,copd,3M Littmann Classic II SE,61.0,0,0,2,0.6309589,0.5388334,0,0,adulto
ICB_03364_000,ICB_134,copd,3M Littmann Classic II SE,61.0,0,0,2,0.699735,0.21388994,0,0,adulto
ICB_03364_001,ICB_134,copd,3M Littmann Classic II SE,61.0,0,0,2,0.57791376,0.1746257,0,0,adulto
ICB_03364_002,ICB_134,copd,3M Littmann Classic II SE,61.0,0,0,2,0.5348145,0.20136482,0,0,adulto
ICB_03364_003,ICB_134,copd,3M Littmann Classic II SE,61.0,0,0,2,0.66590226,0.2571734,0,0,adulto
ICB_03364_004,ICB_134,copd,3M Littmann Classic II SE,61.0,0,0,2,0.6775327,0.21245821,0,0,adulto
ICB_03364_005,ICB_134,copd,3M Littmann Classic II SE,61.0,0,0,2,0.59646463,0.20218863,0,0,adulto
ICB_03364_006,ICB_134,copd,3M Littmann Classic II SE,61.0,0,0,2,0.17942025,0.2032343,0,0,adulto
ICB_03365_000,ICB_134,copd,3M Littmann Classic II SE,61.0,0,0,2,0.13593873,0.38703915,0,0,adulto
ICB_03365_001,ICB_134,copd,3M Littmann Classic II SE,61.0,0,0,2,0.52776366,0.5555939,0,0,adulto
ICB_03365_002,ICB_134,copd,3M Littmann Classic II SE,61.0,0,0,2,0.56699324,0.5333207,0,0,adulto
ICB_03365_003,ICB_134,copd,3M Littmann Classic II SE,61.0,0,0,2,0.5568721,0.6772314,0,0,adulto
ICB_03365_004,ICB_134,copd,3M Littmann Classic II SE,61.0,0,0,2,0.62390757,0.4178966,0,0,adulto
ICB_03365_005,ICB_134,copd,3M Littmann Classic II SE,61.0,0,0,2,0.56099385,0.35094768,0,0,adulto
ICB_03365_006,ICB_134,copd,3M Littmann Classic II SE,61.0,0,0,2,0.014284901,0.6496118,0,0,adulto
ICB_03366_000,ICB_134,copd,3M Littmann Classic II SE,61.0,0,0,2,0.5790694,0.54310673,0,0,adulto
ICB_03366_001,ICB_134,copd,3M Littmann Classic II SE,61.0,0,0,2,0.44777423,0.6299096,0,0,adulto
ICB_03366_002,ICB_134,copd,3M Littmann Classic II SE,61.0,0,0,2,0.47179714,0.6693322,0,0,adulto
ICB_03366_003,ICB_134,copd,3M Littmann Classic II SE,61.0,0,1,2,0.53270155,0.6664227,0,2,adulto
ICB_03366_004,ICB_134,copd,3M Littmann Classic II SE,61.0,0,0,2,0.58374506,0.28132394,0,0,adulto
ICB_03366_005,ICB_134,copd,3M Littmann Classic II SE,61.0,0,0,2,0.58798915,0.4672658,0,0,adulto
ICB_03471_000,ICB_151,copd,AKG C417L Microphone,75.0,1,1,2,0.57128733,0.3538832,0,3,adulto
ICB_03471_001,ICB_151,copd,AKG C417L Microphone,75.0,0,1,2,0.6227984,0.5757664,0,2,adulto
ICB_03471_002,ICB_151,copd,AKG C417L Microphone,75.0,1,1,2,0.64331406,0.38447353,0,3,adulto
ICB_03471_003,ICB_151,copd,AKG C417L Microphone,75.0,0,0,2,0.44879803,0.6173972,0,0,adulto
ICB_03471_004,ICB_151,copd,AKG C417L Microphone,75.0,1,0,2,0.66182303,0.32418743,0,1,adulto
ICB_03471_005,ICB_151,copd,AKG C417L Microphone,75.0,0,1,2,0.6665116,0.6292883,0,2,adulto
ICB_03472_000,ICB_151,copd,AKG C417L Microphone,75.0,0,0,2,0.5770584,0.7200737,0,0,adulto
ICB_03472_001,ICB_151,copd,AKG C417L Microphone,75.0,0,0,2,0.35732588,0.517251,0,0,adulto
ICB_03472_002,ICB_151,copd,AKG C417L Microphone,75.0,0,0,2,0.50827515,0.38141972,0,0,adulto
ICB_03472_003,ICB_151,copd,AKG C417L Microphone,75.0,0,0,2,0.4526404,0.45865354,0,0,adulto
ICB_03472_004,ICB_151,copd,AKG C417L Microphone,75.0,0,0,2,0.41389754,0.5142239,0,0,adulto
ICB_03472_005,ICB_151,copd,AKG C417L Microphone,75.0,0,0,2,0.5266253,0.44888517,0,0,adulto
ICB_03473_000,ICB_151,copd,AKG C417L Microphone,75.0,0,1,2,0.5443809,0.278039,0,2,adulto
ICB_03473_001,ICB_151,copd,AKG C417L Microphone,75.0,1,1,2,0.45529675,0.5992668,0,3,adulto
ICB_03473_002,ICB_151,copd,AKG C417L Microphone,75.0,1,1,2,0.57267565,0.5044989,0,3,adulto
ICB_03473_003,ICB_151,copd,AKG C417L Microphone,75.0,1,0,2,0.63094807,0.38510734,0,1,adulto
ICB_03473_004,ICB_151,copd,AKG C417L Microphone,75.0,1,0,2,0.69221956,0.43549448,0,1,adulto
ICB_03473_005,ICB_151,copd,AKG C417L Microphone,75.0,1,1,2,0.66887045,0.7054073,0,3,adulto
ICB_03474_000,ICB_151,copd,AKG C417L Microphone,75.0,0,1,2,0.57253206,0.61612695,0,2,adulto
ICB_03474_001,ICB_151,copd,AKG C417L Microphone,75.0,0,0,2,0.5966093,0.3849092,0,0,adulto
ICB_03474_002,ICB_151,copd,AKG C417L Microphone,75.0,0,0,2,0.6326469,0.55471694,0,0,adulto
ICB_03474_003,ICB_151,copd,AKG C417L Microphone,75.0,1,0,2,0.74116915,0.36744833,0,1,adulto
ICB_03474_004,ICB_151,copd,AKG C417L Microphone,75.0,0,0,2,0.6670819,0.4410218,0,0,adulto
ICB_03474_005,ICB_151,copd,AKG C417L Microphone,75.0,0,0,2,0.814261,0.5888272,1,0,adulto
ICB_03475_000,ICB_151,copd,AKG C417L Microphone,75.0,0,1,2,0.40801075,0.33023912,0,2,adulto
ICB_03475_001,ICB_151,copd,AKG C417L Microphone,75.0,0,1,2,0.5772916,0.6973745,0,2,adulto
ICB_03475_002,ICB_151,copd,AKG C417L Microphone,75.0,0,1,2,0.47708,0.69914013,0,2,adulto
ICB_03475_003,ICB_151,copd,AKG C417L Microphone,75.0,0,0,2,0.7331673,0.19689511,0,0,adulto
ICB_03475_004,ICB_151,copd,AKG C417L Microphone,75.0,0,0,2,0.6627118,0.45413533,0,0,adulto
ICB_03475_005,ICB_151,copd,AKG C417L Microphone,75.0,0,1,2,0.6338553,0.6989071,0,2,adulto
ICB_03476_000,ICB_151,copd,AKG C417L Microphone,75.0,0,1,2,0.48611575,0.27092835,0,2,adulto
ICB_03476_001,ICB_151,copd,AKG C417L Microphone,75.0,0,0,2,0.56018436,0.3945308,0,0,adulto
ICB_03476_002,ICB_151,copd,AKG C417L Microphone,75.0,0,0,2,0.62910205,0.19634484,0,0,adulto
ICB_03476_003,ICB_151,copd,AKG C417L Microphone,75.0,0,0,2,0.452866,0.40492043,0,0,adulto
ICB_03476_004,ICB_151,copd,AKG C417L Microphone,75.0,0,0,2,0.66411775,0.5478648,0,0,adulto
ICB_03476_005,ICB_151,copd,AKG C417L Microphone,75.0,0,0,2,0.5781535,0.38631728,0,0,adulto
ICB_03477_000,ICB_151,copd,AKG C417L Microphone,75.0,0,0,2,0.25270525,0.34964594,0,0,adulto
ICB_03477_001,ICB_151,copd,AKG C417L Microphone,75.0,0,1,2,0.28353333,0.50352,0,2,adulto
ICB_03477_002,ICB_151,copd,AKG C417L Microphone,75.0,0,0,2,0.4332902,0.17531924,0,0,adulto
ICB_03477_003,ICB_151,copd,AKG C417L Microphone,75.0,0,0,2,0.36662883,0.19315135,0,0,adulto
ICB_03477_004,ICB_151,copd,AKG C417L Microphone,75.0,0,0,2,0.2766937,0.655874,0,0,adulto
ICB_03477_005,ICB_151,copd,AKG C417L Microphone,75.0,0,1,2,0.24844187,0.5980966,0,2,adulto
ICB_03478_000,ICB_151,copd,AKG C417L Microphone,75.0,1,1,2,0.5585791,0.64336675,0,3,adulto
ICB_03478_001,ICB_151,copd,AKG C417L Microphone,75.0,1,1,2,0.6492834,0.3731309,0,3,adulto
ICB_03478_002,ICB_151,copd,AKG C417L Microphone,75.0,1,1,2,0.8018161,0.8597014,1,3,adulto
ICB_03478_003,ICB_151,copd,AKG C417L Microphone,75.0,0,1,2,0.61768407,0.8609822,0,2,adulto
ICB_03478_004,ICB_151,copd,AKG C417L Microphone,75.0,0,0,2,0.5575374,0.71839374,0,0,adulto
ICB_03478_005,ICB_151,copd,AKG C417L Microphone,75.0,0,0,2,0.6067639,0.95445496,2,0,adulto
ICB_03479_000,ICB_151,copd,AKG C417L Microphone,75.0,0,1,2,0.5410588,0.61151725,0,2,adulto
ICB_03479_001,ICB_151,copd,AKG C417L Microphone,75.0,1,0,2,0.53609204,0.37959418,0,1,adulto
ICB_03479_002,ICB_151,copd,AKG C417L Microphone,75.0,0,1,2,0.53417414,0.62287825,0,2,adulto
ICB_03479_003,ICB_151,copd,AKG C417L Microphone,75.0,1,0,2,0.36513814,0.80126846,0,1,adulto
ICB_03479_004,ICB_151,copd,AKG C417L Microphone,75.0,1,0,2,0.51131845,0.48723,0,1,adulto
ICB_03479_005,ICB_151,copd,AKG C417L Microphone,75.0,1,0,2,0.41690367,0.76560575,0,1,adulto
ICB_03480_000,ICB_151,copd,AKG C417L Microphone,75.0,0,1,2,0.6892008,0.7667936,0,2,adulto
ICB_03480_001,ICB_151,copd,AKG C417L Microphone,75.0,0,1,2,0.7244751,0.7248869,0,2,adulto
ICB_03480_002,ICB_151,copd,AKG C417L Microphone,75.0,0,1,2,0.6941261,0.7586438,0,2,adulto
ICB_03480_003,ICB_151,copd,AKG C417L Microphone,75.0,0,1,2,0.64456594,0.9703654,2,2,adulto
ICB_03480_004,ICB_151,copd,AKG C417L Microphone,75.0,1,1,2,0.6046859,0.6533074,0,3,adulto
ICB_03480_005,ICB_151,copd,AKG C417L Microphone,75.0,1,1,2,0.6350372,0.9034664,2,3,adulto
ICB_03481_000,ICB_151,copd,AKG C417L Microphone,75.0,0,0,2,0.6244507,0.92002404,2,0,adulto
ICB_03481_001,ICB_151,copd,AKG C417L Microphone,75.0,0,0,2,0.54110307,0.92426574,2,0,adulto
ICB_03481_002,ICB_151,copd,AKG C417L Microphone,75.0,0,0,2,0.60813653,0.7964326,0,0,adulto
ICB_03481_003,ICB_151,copd,AKG C417L Microphone,75.0,0,0,2,0.45084986,0.9520249,2,0,adulto
ICB_03481_004,ICB_151,copd,AKG C417L Microphone,75.0,0,0,2,0.7811388,0.7650726,1,0,adulto
ICB_03481_005,ICB_151,copd,AKG C417L Microphone,75.0,0,0,2,0.66614944,0.9012446,2,0,adulto
ICB_03482_000,ICB_151,copd,AKG C417L Microphone,75.0,0,1,2,0.41377753,0.44796428,0,2,adulto
ICB_03482_001,ICB_151,copd,AKG C417L Microphone,75.0,0,1,2,0.49404067,0.73985744,0,2,adulto
ICB_03482_002,ICB_151,copd,AKG C417L Microphone,75.0,0,1,2,0.59760827,0.8823459,0,2,adulto
ICB_03482_003,ICB_151,copd,AKG C417L Microphone,75.0,0,1,2,0.601679,0.92758554,2,2,adulto
ICB_03482_004,ICB_151,copd,AKG C417L Microphone,75.0,0,0,2,0.59935987,0.8185594,0,0,adulto
ICB_03482_005,ICB_151,copd,AKG C417L Microphone,75.0,0,1,2,0.65447044,0.85410494,0,2,adulto
ICB_03483_000,ICB_151,copd,AKG C417L Microphone,75.0,0,0,2,0.62017626,0.95638764,2,0,adulto
ICB_03483_001,ICB_151,copd,AKG C417L Microphone,75.0,0,0,2,0.5477499,0.62109137,0,0,adulto
ICB_03483_002,ICB_151,copd,AKG C417L Microphone,75.0,0,0,2,0.70388025,0.7975175,0,0,adulto
ICB_03483_003,ICB_151,copd,AKG C417L Microphone,75.0,0,0,2,0.57786375,0.96176857,2,0,adulto
ICB_03483_004,ICB_151,copd,AKG C417L Microphone,75.0,0,0,2,0.49063292,0.64313185,0,0,adulto
ICB_03483_005,ICB_151,copd,AKG C417L Microphone,75.0,0,0,2,0.7661615,0.9065683,3,0,adulto
ICB_03484_000,ICB_151,copd,AKG C417L Microphone,75.0,0,0,2,0.28648305,0.36563122,0,0,adulto
ICB_03484_001,ICB_151,copd,AKG C417L Microphone,75.0,0,0,2,0.41933984,0.22355576,0,0,adulto
ICB_03484_002,ICB_151,copd,AKG C417L Microphone,75.0,0,0,2,0.34625897,0.4033762,0,0,adulto
ICB_03484_003,ICB_151,copd,AKG C417L Microphone,75.0,0,1,2,0.33195078,0.63657767,0,2,adulto
ICB_03484_004,ICB_151,copd,AKG C417L Microphone,75.0,0,0,2,0.33107328,0.3245973,0,0,adulto
ICB_03484_005,ICB_151,copd,AKG C417L Microphone,75.0,0,1,2,0.31787434,0.47748852,0,2,adulto
ICB_03485_000,ICB_151,copd,AKG C417L Microphone,75.0,0,0,2,0.48510262,0.23492517,0,0,adulto
ICB_03485_001,ICB_151,copd,AKG C417L Microphone,75.0,0,0,2,0.56288105,0.75741,0,0,adulto
ICB_03485_002,ICB_151,copd,AKG C417L Microphone,75.0,1,0,2,0.5960541,0.55124557,0,1,adulto
ICB_03485_003,ICB_151,copd,AKG C417L Microphone,75.0,1,0,2,0.69203085,0.91588247,2,1,adulto
ICB_03485_004,ICB_151,copd,AKG C417L Microphone,75.0,0,1,2,0.6516737,0.86369157,0,2,adulto
ICB_03485_005,ICB_151,copd,AKG C417L Microphone,75.0,0,0,2,0.56601286,0.25282434,0,0,adulto
ICB_03486_000,ICB_151,copd,AKG C417L Microphone,75.0,1,0,2,0.4643453,0.24899672,0,1,adulto
ICB_03486_001,ICB_151,copd,AKG C417L Microphone,75.0,0,1,2,0.4943741,0.47678858,0,2,adulto
ICB_03486_002,ICB_151,copd,AKG C417L Microphone,75.0,0,1,2,0.44321752,0.43047792,0,2,adulto
ICB_03486_003,ICB_151,copd,AKG C417L Microphone,75.0,0,0,2,0.5494464,0.7265792,0,0,adulto
ICB_03486_004,ICB_151,copd,AKG C417L Microphone,75.0,0,0,2,0.59260225,0.8009227,0,0,adulto
ICB_03486_005,ICB_151,copd,AKG C417L Microphone,75.0,0,0,2,0.5089485,0.2394278,0,0,adulto
ICB_03487_000,ICB_151,copd,AKG C417L Microphone,75.0,1,1,2,0.644773,0.53978,0,3,adulto
ICB_03487_001,ICB_151,copd,AKG C417L Microphone,75.0,1,1,2,0.5411354,0.5076591,0,3,adulto
ICB_03487_002,ICB_151,copd,AKG C417L Microphone,75.0,1,1,2,0.7152585,0.54652154,0,3,adulto
ICB_03487_003,ICB_151,copd,AKG C417L Microphone,75.0,1,1,2,0.71470094,0.7102992,0,3,adulto
ICB_03487_004,ICB_151,copd,AKG C417L Microphone,75.0,0,1,2,0.3964324,0.77192223,0,2,adulto
ICB_03487_005,ICB_151,copd,AKG C417L Microphone,75.0,1,0,2,0.6249098,0.35993156,0,1,adulto
ICB_03488_000,ICB_151,copd,AKG C417L Microphone,75.0,0,0,2,0.3648698,0.26915413,0,0,adulto
ICB_03488_001,ICB_151,copd,AKG C417L Microphone,75.0,0,1,2,0.6456733,0.46577966,0,2,adulto
ICB_03488_002,ICB_151,copd,AKG C417L Microphone,75.0,0,0,2,0.5900058,0.45940116,0,0,adulto
ICB_03488_003,ICB_151,copd,AKG C417L Microphone,75.0,0,0,2,0.57571155,0.6859995,0,0,adulto
ICB_03488_004,ICB_151,copd,AKG C417L Microphone,75.0,0,0,2,0.47920817,0.6600743,0,0,adulto
ICB_03488_005,ICB_151,copd,AKG C417L Microphone,75.0,0,0,2,0.6112272,0.4014899,0,0,adulto
ICB_03489_000,ICB_151,copd,AKG C417L Microphone,75.0,1,1,2,0.68352747,0.66038483,0,3,adulto
ICB_03489_001,ICB_151,copd,AKG C417L Microphone,75.0,1,1,2,0.52857834,0.9441215,2,3,adulto
ICB_03489_002,ICB_151,copd,AKG C417L Microphone,75.0,1,1,2,0.65470433,0.5904656,0,3,adulto
ICB_03489_003,ICB_151,copd,AKG C417L Microphone,75.0,1,1,2,0.7585303,0.23065868,1,3,adulto
ICB_03489_004,ICB_151,copd,AKG C417L Microphone,75.0,0,1,2,0.7432992,0.27535862,0,2,adulto
ICB_03489_005,ICB_151,copd,AKG C417L Microphone,75.0,0,0,2,0.5157309,0.3949839,0,0,adulto
ICB_03490_000,ICB_151,copd,AKG C417L Microphone,75.0,0,0,2,0.2810369,0.14235844,0,0,adulto
ICB_03490_001,ICB_151,copd,AKG C417L Microphone,75.0,0,1,2,0.6848915,0.58565736,0,2,adulto
ICB_03490_002,ICB_151,copd,AKG C417L Microphone,75.0,0,0,2,0.60417604,0.22373383,0,0,adulto
ICB_03490_003,ICB_151,copd,AKG C417L Microphone,75.0,0,0,2,0.63212603,0.48395965,0,0,adulto
ICB_03490_004,ICB_151,copd,AKG C417L Microphone,75.0,0,0,2,0.6907129,0.44294745,0,0,adulto
ICB_03490_005,ICB_151,copd,AKG C417L Microphone,75.0,0,0,2,0.46880117,0.5726,0,0,adulto
ICB_03491_000,ICB_151,copd,AKG C417L Microphone,75.0,0,0,2,0.5110122,0.27146587,0,0,adulto
ICB_03491_001,ICB_151,copd,AKG C417L Microphone,75.0,0,1,2,0.4512109,0.26235908,0,2,adulto
ICB_03491_002,ICB_151,copd,AKG C417L Microphone,75.0,0,1,2,0.24260145,0.6881435,0,2,adulto
ICB_03491_003,ICB_151,copd,AKG C417L Microphone,75.0,0,0,2,0.4205886,0.35605213,0,0,adulto
ICB_03491_004,ICB_151,copd,AKG C417L Microphone,75.0,0,1,2,0.4341973,0.6945208,0,2,adulto
ICB_03491_005,ICB_151,copd,AKG C417L Microphone,75.0,0,0,2,0.16350523,0.4022496,0,0,adulto
ICB_03492_000,ICB_151,copd,AKG C417L Microphone,75.0,1,0,2,0.35964468,0.36644047,0,1,adulto
ICB_03492_001,ICB_151,copd,AKG C417L Microphone,75.0,1,1,2,0.52945286,0.5227744,0,3,adulto
ICB_03492_002,ICB_151,copd,AKG C417L Microphone,75.0,1,0,2,0.6230551,0.5355253,0,1,adulto
ICB_03492_003,ICB_151,copd,AKG C417L Microphone,75.0,1,0,2,0.43273783,0.331404,0,1,adulto
ICB_03492_004,ICB_151,copd,AKG C417L Microphone,75.0,1,0,2,0.59513575,0.39702982,0,1,adulto
ICB_03492_005,ICB_151,copd,AKG C417L Microphone,75.0,0,0,2,0.5697993,0.1924609,0,0,adulto
ICB_03493_000,ICB_151,copd,AKG C417L Microphone,75.0,1,0,2,0.32386166,0.48042837,0,1,adulto
ICB_03493_001,ICB_151,copd,AKG C417L Microphone,75.0,1,1,2,0.647926,0.53859633,0,3,adulto
ICB_03493_002,ICB_151,copd,AKG C417L Microphone,75.0,1,0,2,0.34964752,0.65001386,0,1,adulto
ICB_03493_003,ICB_151,copd,AKG C417L Microphone,75.0,1,0,2,0.39393404,0.24353896,0,1,adulto
ICB_03493_004,ICB_151,copd,AKG C417L Microphone,75.0,1,0,2,0.39938,0.48842895,0,1,adulto
ICB_03493_005,ICB_151,copd,AKG C417L Microphone,75.0,0,0,2,0.20538494,0.23784693,0,0,adulto
ICB_03494_000,ICB_151,copd,AKG C417L Microphone,75.0,0,1,2,0.52654225,0.61911815,0,2,adulto
ICB_03494_001,ICB_151,copd,AKG C417L Microphone,75.0,1,1,2,0.48671454,0.95501095,2,3,adulto
ICB_03494_002,ICB_151,copd,AKG C417L Microphone,75.0,0,0,2,0.61706966,0.35616347,0,0,adulto
ICB_03494_003,ICB_151,copd,AKG C417L Microphone,75.0,0,0,2,0.49915898,0.7735196,0,0,adulto
ICB_03494_004,ICB_151,copd,AKG C417L Microphone,75.0,0,1,2,0.5924176,0.38079405,0,2,adulto
ICB_03494_005,ICB_151,copd,AKG C417L Microphone,75.0,0,0,2,0.46480566,0.46190256,0,0,adulto
ICB_03495_000,ICB_151,copd,AKG C417L Microphone,75.0,1,0,2,0.65384346,0.14192396,0,1,adulto
ICB_03495_001,ICB_151,copd,AKG C417L Microphone,75.0,1,1,2,0.83641297,0.9513869,3,3,adulto
ICB_03495_002,ICB_151,copd,AKG C417L Microphone,75.0,1,0,2,0.7174707,0.31597698,0,1,adulto
ICB_03495_003,ICB_151,copd,AKG C417L Microphone,75.0,1,0,2,0.64931256,0.27964875,0,1,adulto
ICB_03495_004,ICB_151,copd,AKG C417L Microphone,75.0,1,0,2,0.7596735,0.09176226,1,1,adulto
ICB_03495_005,ICB_151,copd,AKG C417L Microphone,75.0,1,0,2,0.89772767,0.05674842,1,1,adulto
ICB_03496_000,ICB_151,copd,AKG C417L Microphone,75.0,1,1,2,0.54798955,0.39969972,0,3,adulto
ICB_03496_001,ICB_151,copd,AKG C417L Microphone,75.0,1,1,2,0.6489195,0.950074,2,3,adulto
ICB_03496_002,ICB_151,copd,AKG C417L Microphone,75.0,0,0,2,0.6188301,0.246,0,0,adulto
ICB_03496_003,ICB_151,copd,AKG C417L Microphone,75.0,0,0,2,0.6087299,0.3118871,0,0,adulto
ICB_03496_004,ICB_151,copd,AKG C417L Microphone,75.0,0,0,2,0.4408441,0.32171625,0,0,adulto
ICB_03496_005,ICB_151,copd,AKG C417L Microphone,75.0,0,0,2,0.24578495,0.5658119,0,0,adulto
ICB_03497_000,ICB_151,copd,AKG C417L Microphone,75.0,0,0,2,0.33052206,0.20302986,0,0,adulto
ICB_03497_001,ICB_151,copd,AKG C417L Microphone,75.0,0,1,2,0.41353258,0.47471666,0,2,adulto
ICB_03497_002,ICB_151,copd,AKG C417L Microphone,75.0,0,0,2,0.42674655,0.529369,0,0,adulto
ICB_03497_003,ICB_151,copd,AKG C417L Microphone,75.0,0,0,2,0.47447467,0.43597156,0,0,adulto
ICB_03497_004,ICB_151,copd,AKG C417L Microphone,75.0,0,0,2,0.5362718,0.42983577,0,0,adulto
ICB_03497_005,ICB_151,copd,AKG C417L Microphone,75.0,0,0,2,0.08577839,0.34263873,0,0,adulto
ICB_03498_000,ICB_151,copd,AKG C417L Microphone,75.0,1,0,2,0.6953632,0.7352632,0,1,adulto
ICB_03498_001,ICB_151,copd,AKG C417L Microphone,75.0,1,1,2,0.68743694,0.55292326,0,3,adulto
ICB_03498_002,ICB_151,copd,AKG C417L Microphone,75.0,1,1,2,0.7949614,0.545913,1,3,adulto
ICB_03498_003,ICB_151,copd,AKG C417L Microphone,75.0,1,0,2,0.7542574,0.43923828,1,1,adulto
ICB_03498_004,ICB_151,copd,AKG C417L Microphone,75.0,1,0,2,0.6600244,0.23472747,0,1,adulto
ICB_03498_005,ICB_151,copd,AKG C417L Microphone,75.0,0,0,2,0.58973044,0.39063781,0,0,adulto
ICB_03501_000,ICB_154,copd,AKG C417L Microphone,65.0,1,0,2,0.3093191,0.6102488,0,1,adulto
ICB_03501_001,ICB_154,copd,AKG C417L Microphone,65.0,1,0,2,0.25511742,0.7513903,0,1,adulto
ICB_03501_002,ICB_154,copd,AKG C417L Microphone,65.0,1,0,2,0.45539242,0.40716594,0,1,adulto
ICB_03501_003,ICB_154,copd,AKG C417L Microphone,65.0,1,0,2,0.31292555,0.6895524,0,1,adulto
ICB_03501_004,ICB_154,copd,AKG C417L Microphone,65.0,0,0,2,0.35947093,0.6518752,0,0,adulto
ICB_03501_005,ICB_154,copd,AKG C417L Microphone,65.0,0,0,2,0.2686104,0.64916235,0,0,adulto
ICB_03501_006,ICB_154,copd,AKG C417L Microphone,65.0,1,0,2,0.34986907,0.84671056,0,1,adulto
ICB_03501_007,ICB_154,copd,AKG C417L Microphone,65.0,1,0,2,0.34839156,0.44035396,0,1,adulto
ICB_03501_008,ICB_154,copd,AKG C417L Microphone,65.0,0,0,2,0.2751143,0.64976996,0,0,adulto
ICB_03501_009,ICB_154,copd,AKG C417L Microphone,65.0,1,0,2,0.21457563,0.74089986,0,1,adulto
ICB_03501_010,ICB_154,copd,AKG C417L Microphone,65.0,1,0,2,0.41000083,0.79180163,0,1,adulto
ICB_03501_011,ICB_154,copd,AKG C417L Microphone,65.0,1,0,2,0.27458134,0.6658712,0,1,adulto
ICB_03502_000,ICB_154,copd,AKG C417L Microphone,65.0,0,0,2,0.14535333,0.61825943,0,0,adulto
ICB_03502_001,ICB_154,copd,AKG C417L Microphone,65.0,0,0,2,0.21184471,0.77062565,0,0,adulto
ICB_03502_002,ICB_154,copd,AKG C417L Microphone,65.0,0,0,2,0.24759665,0.703303,0,0,adulto
ICB_03502_003,ICB_154,copd,AKG C417L Microphone,65.0,0,0,2,0.16445531,0.5900172,0,0,adulto
ICB_03502_004,ICB_154,copd,AKG C417L Microphone,65.0,0,0,2,0.18004522,0.7023138,0,0,adulto
ICB_03502_005,ICB_154,copd,AKG C417L Microphone,65.0,1,0,2,0.022793675,0.5172694,0,1,adulto
ICB_03502_006,ICB_154,copd,AKG C417L Microphone,65.0,0,0,2,0.2090005,0.5607769,0,0,adulto
ICB_03502_007,ICB_154,copd,AKG C417L Microphone,65.0,0,0,2,0.1920616,0.6561927,0,0,adulto
ICB_03502_008,ICB_154,copd,AKG C417L Microphone,65.0,0,0,2,0.17491497,0.72936714,0,0,adulto
ICB_03502_009,ICB_154,copd,AKG C417L Microphone,65.0,0,0,2,0.08082186,0.45861027,0,0,adulto
ICB_03502_010,ICB_154,copd,AKG C417L Microphone,65.0,0,0,2,0.112426974,0.62814486,0,0,adulto
ICB_03502_011,ICB_154,copd,AKG C417L Microphone,65.0,0,0,2,0.29222292,0.56981695,0,0,adulto
ICB_03503_000,ICB_154,copd,AKG C417L Microphone,65.0,1,0,2,0.5573983,0.6306311,0,1,adulto
ICB_03503_001,ICB_154,copd,AKG C417L Microphone,65.0,1,0,2,0.6001313,0.23727514,0,1,adulto
ICB_03503_002,ICB_154,copd,AKG C417L Microphone,65.0,1,0,2,0.4023544,0.27009913,0,1,adulto
ICB_03503_003,ICB_154,copd,AKG C417L Microphone,65.0,1,0,2,0.50829566,0.28951386,0,1,adulto
ICB_03503_004,ICB_154,copd,AKG C417L Microphone,65.0,1,0,2,0.30390438,0.5435238,0,1,adulto
ICB_03503_005,ICB_154,copd,AKG C417L Microphone,65.0,1,0,2,0.62416875,0.228354,0,1,adulto
ICB_03503_006,ICB_154,copd,AKG C417L Microphone,65.0,1,0,2,0.28118053,0.52570164,0,1,adulto
ICB_03503_007,ICB_154,copd,AKG C417L Microphone,65.0,1,0,2,0.27595535,0.7789774,0,1,adulto
ICB_03503_008,ICB_154,copd,AKG C417L Microphone,65.0,1,0,2,0.28458834,0.7241241,0,1,adulto
ICB_03503_009,ICB_154,copd,AKG C417L Microphone,65.0,1,0,2,0.3780269,0.6341258,0,1,adulto
ICB_03503_010,ICB_154,copd,AKG C417L Microphone,65.0,1,0,2,0.36743942,0.50258553,0,1,adulto
ICB_03503_011,ICB_154,copd,AKG C417L Microphone,65.0,0,0,2,0.03809399,0.69862956,0,0,adulto
ICB_03504_000,ICB_154,copd,AKG C417L Microphone,65.0,1,0,2,0.36911207,0.75515485,0,1,adulto
ICB_03504_001,ICB_154,copd,AKG C417L Microphone,65.0,0,0,2,0.3025401,0.87995905,0,0,adulto
ICB_03504_002,ICB_154,copd,AKG C417L Microphone,65.0,0,0,2,0.34943306,0.6114003,0,0,adulto
ICB_03504_003,ICB_154,copd,AKG C417L Microphone,65.0,0,0,2,0.3753724,0.832339,0,0,adulto
ICB_03504_004,ICB_154,copd,AKG C417L Microphone,65.0,0,0,2,0.34277678,0.8562401,0,0,adulto
ICB_03504_005,ICB_154,copd,AKG C417L Microphone,65.0,1,0,2,0.3081758,0.6448008,0,1,adulto
ICB_03504_006,ICB_154,copd,AKG C417L Microphone,65.0,0,0,2,0.2657906,0.94451416,2,0,adulto
ICB_03504_007,ICB_154,copd,AKG C417L Microphone,65.0,0,0,2,0.4688103,0.886511,0,0,adulto
ICB_03504_008,ICB_154,copd,AKG C417L Microphone,65.0,0,0,2,0.3576941,0.63245636,0,0,adulto
ICB_03504_009,ICB_154,copd,AKG C417L Microphone,65.0,0,0,2,0.35621282,0.7865644,0,0,adulto
ICB_03504_010,ICB_154,copd,AKG C417L Microphone,65.0,0,0,2,0.3458729,0.90550554,2,0,adulto
ICB_03504_011,ICB_154,copd,AKG C417L Microphone,65.0,0,0,2,0.30661225,0.675105,0,0,adulto
ICB_03505_000,ICB_154,copd,AKG C417L Microphone,65.0,1,0,2,0.19605128,0.4686034,0,1,adulto
ICB_03505_001,ICB_154,copd,AKG C417L Microphone,65.0,1,0,2,0.42087197,0.50286126,0,1,adulto
ICB_03505_002,ICB_154,copd,AKG C417L Microphone,65.0,1,0,2,0.25910562,0.55092263,0,1,adulto
ICB_03505_003,ICB_154,copd,AKG C417L Microphone,65.0,1,0,2,0.2590741,0.2762587,0,1,adulto
ICB_03505_004,ICB_154,copd,AKG C417L Microphone,65.0,1,0,2,0.25335103,0.36271194,0,1,adulto
ICB_03505_005,ICB_154,copd,AKG C417L Microphone,65.0,1,0,2,0.21418504,0.6322022,0,1,adulto
ICB_03505_006,ICB_154,copd,AKG C417L Microphone,65.0,1,0,2,0.5325845,0.19579838,0,1,adulto
ICB_03505_007,ICB_154,copd,AKG C417L Microphone,65.0,1,0,2,0.33321095,0.7127456,0,1,adulto
ICB_03505_008,ICB_154,copd,AKG C417L Microphone,65.0,1,0,2,0.08421653,0.62751484,0,1,adulto
ICB_03505_009,ICB_154,copd,AKG C417L Microphone,65.0,1,0,2,0.063494496,0.97535104,2,1,adulto
ICB_03505_010,ICB_154,copd,AKG C417L Microphone,65.0,0,0,2,0.23905236,0.4466744,0,0,adulto
ICB_03505_011,ICB_154,copd,AKG C417L Microphone,65.0,0,0,2,0.037055105,0.9482221,2,0,adulto
ICB_03506_000,ICB_154,copd,AKG C417L Microphone,65.0,1,0,2,0.43051302,0.85016406,0,1,adulto
ICB_03506_001,ICB_154,copd,AKG C417L Microphone,65.0,0,0,2,0.3996592,0.7411295,0,0,adulto
ICB_03506_002,ICB_154,copd,AKG C417L Microphone,65.0,1,0,2,0.34640047,0.55408907,0,1,adulto
ICB_03506_003,ICB_154,copd,AKG C417L Microphone,65.0,1,0,2,0.3601915,0.7359505,0,1,adulto
ICB_03506_004,ICB_154,copd,AKG C417L Microphone,65.0,1,0,2,0.43362322,0.631545,0,1,adulto
ICB_03506_005,ICB_154,copd,AKG C417L Microphone,65.0,1,0,2,0.37322798,0.4787883,0,1,adulto
ICB_03506_006,ICB_154,copd,AKG C417L Microphone,65.0,0,0,2,0.2733409,0.8518036,0,0,adulto
ICB_03506_007,ICB_154,copd,AKG C417L Microphone,65.0,0,0,2,0.4006129,0.72943974,0,0,adulto
ICB_03506_008,ICB_154,copd,AKG C417L Microphone,65.0,0,0,2,0.45592284,0.6403159,0,0,adulto
ICB_03506_009,ICB_154,copd,AKG C417L Microphone,65.0,1,0,2,0.30832776,0.6083989,0,1,adulto
ICB_03506_010,ICB_154,copd,AKG C417L Microphone,65.0,1,0,2,0.26708788,0.9121385,2,1,adulto
ICB_03506_011,ICB_154,copd,AKG C417L Microphone,65.0,1,0,2,0.12764859,0.9295222,2,1,adulto
ICB_03507_000,ICB_154,copd,AKG C417L Microphone,65.0,0,0,2,0.27285963,0.7708681,0,0,adulto
ICB_03507_001,ICB_154,copd,AKG C417L Microphone,65.0,0,0,2,0.4225748,0.8274266,0,0,adulto
ICB_03507_002,ICB_154,copd,AKG C417L Microphone,65.0,0,0,2,0.49136564,0.5115933,0,0,adulto
ICB_03507_003,ICB_154,copd,AKG C417L Microphone,65.0,0,0,2,0.5234631,0.8541652,0,0,adulto
ICB_03507_004,ICB_154,copd,AKG C417L Microphone,65.0,0,0,2,0.5089124,0.8760798,0,0,adulto
ICB_03507_005,ICB_154,copd,AKG C417L Microphone,65.0,0,0,2,0.45177957,0.82857126,0,0,adulto
ICB_03507_006,ICB_154,copd,AKG C417L Microphone,65.0,0,0,2,0.37238055,0.90830743,2,0,adulto
ICB_03507_007,ICB_154,copd,AKG C417L Microphone,65.0,0,0,2,0.3146259,0.7364724,0,0,adulto
ICB_03507_008,ICB_154,copd,AKG C417L Microphone,65.0,0,0,2,0.23919372,0.81288064,0,0,adulto
ICB_03507_009,ICB_154,copd,AKG C417L Microphone,65.0,0,0,2,0.40381873,0.9368934,2,0,adulto
ICB_03507_010,ICB_154,copd,AKG C417L Microphone,65.0,0,0,2,0.46081632,0.82915366,0,0,adulto
ICB_03507_011,ICB_154,copd,AKG C417L Microphone,65.0,0,0,2,0.28228807,0.8767679,0,0,adulto
ICB_03508_000,ICB_154,copd,AKG C417L Microphone,65.0,0,0,2,0.7185886,0.36393145,0,0,adulto
ICB_03508_001,ICB_154,copd,AKG C417L Microphone,65.0,0,0,2,0.659277,0.9274418,2,0,adulto
ICB_03508_002,ICB_154,copd,AKG C417L Microphone,65.0,1,0,2,0.60358703,0.8231756,0,1,adulto
ICB_03508_003,ICB_154,copd,AKG C417L Microphone,65.0,1,0,2,0.7031552,0.61001414,0,1,adulto
ICB_03508_004,ICB_154,copd,AKG C417L Microphone,65.0,1,0,2,0.6174153,0.58984655,0,1,adulto
ICB_03508_005,ICB_154,copd,AKG C417L Microphone,65.0,1,0,2,0.7801446,0.37082863,1,1,adulto
ICB_03508_006,ICB_154,copd,AKG C417L Microphone,65.0,1,0,2,0.6606817,0.42546624,0,1,adulto
ICB_03509_000,ICB_154,copd,AKG C417L Microphone,65.0,0,0,2,0.6190154,0.5344183,0,0,adulto
ICB_03509_001,ICB_154,copd,AKG C417L Microphone,65.0,0,0,2,0.5768042,0.97374266,2,0,adulto
ICB_03509_002,ICB_154,copd,AKG C417L Microphone,65.0,0,0,2,0.26474896,0.84997106,0,0,adulto
ICB_03509_003,ICB_154,copd,AKG C417L Microphone,65.0,0,0,2,0.38285422,0.66437066,0,0,adulto
ICB_03509_004,ICB_154,copd,AKG C417L Microphone,65.0,1,0,2,0.5098648,0.39511818,0,1,adulto
ICB_03509_005,ICB_154,copd,AKG C417L Microphone,65.0,1,0,2,0.46546406,0.4779657,0,1,adulto
ICB_03509_006,ICB_154,copd,AKG C417L Microphone,65.0,0,0,2,0.4554656,0.44188952,0,0,adulto
ICB_03510_000,ICB_154,copd,AKG C417L Microphone,65.0,1,0,2,0.6677545,0.30783027,0,1,adulto
ICB_03510_001,ICB_154,copd,AKG C417L Microphone,65.0,1,0,2,0.57764393,0.5585798,0,1,adulto
ICB_03510_002,ICB_154,copd,AKG C417L Microphone,65.0,1,0,2,0.54936594,0.39986828,0,1,adulto
ICB_03510_003,ICB_154,copd,AKG C417L Microphone,65.0,1,0,2,0.67626864,0.55119663,0,1,adulto
ICB_03510_004,ICB_154,copd,AKG C417L Microphone,65.0,1,0,2,0.6051281,0.3161962,0,1,adulto
ICB_03510_005,ICB_154,copd,AKG C417L Microphone,65.0,1,0,2,0.65927416,0.30168095,0,1,adulto
ICB_03510_006,ICB_154,copd,AKG C417L Microphone,65.0,1,0,2,0.5944538,0.37852362,0,1,adulto
ICB_03511_000,ICB_154,copd,AKG C417L Microphone,65.0,1,0,2,0.6809808,0.25997588,0,1,adulto
ICB_03511_001,ICB_154,copd,AKG C417L Microphone,65.0,1,0,2,0.6354533,0.89405644,0,1,adulto
ICB_03511_002,ICB_154,copd,AKG C417L Microphone,65.0,1,0,2,0.6251571,0.7962744,0,1,adulto
ICB_03511_003,ICB_154,copd,AKG C417L Microphone,65.0,1,0,2,0.52991945,0.83437115,0,1,adulto
ICB_03511_004,ICB_154,copd,AKG C417L Microphone,65.0,1,0,2,0.69477814,0.2942819,0,1,adulto
ICB_03511_005,ICB_154,copd,AKG C417L Microphone,65.0,1,0,2,0.7094071,0.18055715,0,1,adulto
ICB_03511_006,ICB_154,copd,AKG C417L Microphone,65.0,1,0,2,0.7796558,0.35373247,1,1,adulto
ICB_03512_000,ICB_154,copd,AKG C417L Microphone,65.0,1,0,2,0.74314004,0.2714579,0,1,adulto
ICB_03512_001,ICB_154,copd,AKG C417L Microphone,65.0,1,0,2,0.5051918,0.5930941,0,1,adulto
ICB_03512_002,ICB_154,copd,AKG C417L Microphone,65.0,1,0,2,0.7365381,0.40905532,0,1,adulto
ICB_03512_003,ICB_154,copd,AKG C417L Microphone,65.0,1,0,2,0.6555902,0.3693963,0,1,adulto
ICB_03512_004,ICB_154,copd,AKG C417L Microphone,65.0,1,0,2,0.6654778,0.26441622,0,1,adulto
ICB_03512_005,ICB_154,copd,AKG C417L Microphone,65.0,1,0,2,0.6806636,0.14683162,0,1,adulto
ICB_03512_006,ICB_154,copd,AKG C417L Microphone,65.0,1,0,2,0.5429893,0.18310215,0,1,adulto
ICB_03513_000,ICB_154,copd,AKG C417L Microphone,65.0,0,0,2,0.77108765,0.25248653,1,0,adulto
ICB_03513_001,ICB_154,copd,AKG C417L Microphone,65.0,0,0,2,0.61589164,0.7337579,0,0,adulto
ICB_03513_002,ICB_154,copd,AKG C417L Microphone,65.0,1,0,2,0.8188759,0.90356374,3,1,adulto
ICB_03513_003,ICB_154,copd,AKG C417L Microphone,65.0,0,0,2,0.5876143,0.55253226,0,0,adulto
ICB_03513_004,ICB_154,copd,AKG C417L Microphone,65.0,0,0,2,0.60889256,0.2625436,0,0,adulto
ICB_03513_005,ICB_154,copd,AKG C417L Microphone,65.0,1,0,2,0.6292881,0.36878633,0,1,adulto
ICB_03513_006,ICB_154,copd,AKG C417L Microphone,65.0,0,0,2,0.557082,0.5886748,0,0,adulto
ICB_03514_000,ICB_154,copd,AKG C417L Microphone,65.0,0,0,2,0.6481035,0.30716845,0,0,adulto
ICB_03514_001,ICB_154,copd,AKG C417L Microphone,65.0,0,0,2,0.83222264,0.9197071,3,0,adulto
ICB_03514_002,ICB_154,copd,AKG C417L Microphone,65.0,0,0,2,0.79443383,0.5750161,1,0,adulto
ICB_03514_003,ICB_154,copd,AKG C417L Microphone,65.0,0,0,2,0.6899752,0.25294292,0,0,adulto
ICB_03514_004,ICB_154,copd,AKG C417L Microphone,65.0,0,0,2,0.62468845,0.29427272,0,0,adulto
ICB_03514_005,ICB_154,copd,AKG C417L Microphone,65.0,0,0,2,0.5771617,0.57605374,0,0,adulto
ICB_03514_006,ICB_154,copd,AKG C417L Microphone,65.0,0,0,2,0.60215795,0.5451995,0,0,adulto
ICB_03515_000,ICB_154,copd,AKG C417L Microphone,65.0,0,0,2,0.84700006,0.39989093,1,0,adulto
ICB_03515_001,ICB_154,copd,AKG C417L Microphone,65.0,0,0,2,0.72853696,0.6348931,0,0,adulto
ICB_03515_002,ICB_154,copd,AKG C417L Microphone,65.0,1,0,2,0.7338341,0.31007412,0,1,adulto
ICB_03515_003,ICB_154,copd,AKG C417L Microphone,65.0,0,0,2,0.7645115,0.42986143,1,0,adulto
ICB_03515_004,ICB_154,copd,AKG C417L Microphone,65.0,1,0,2,0.6203501,0.23901652,0,1,adulto
ICB_03516_000,ICB_154,copd,AKG C417L Microphone,65.0,0,0,2,0.41800985,0.62857825,0,0,adulto
ICB_03516_001,ICB_154,copd,AKG C417L Microphone,65.0,1,0,2,0.36750162,0.42179227,0,1,adulto
ICB_03516_002,ICB_154,copd,AKG C417L Microphone,65.0,1,0,2,0.47631353,0.43491504,0,1,adulto
ICB_03516_003,ICB_154,copd,AKG C417L Microphone,65.0,1,0,2,0.37085718,0.34052998,0,1,adulto
ICB_03516_004,ICB_154,copd,AKG C417L Microphone,65.0,1,0,2,0.52972436,0.67541486,0,1,adulto
ICB_03517_000,ICB_154,copd,AKG C417L Microphone,65.0,1,0,2,0.63278574,0.40902352,0,1,adulto
ICB_03517_001,ICB_154,copd,AKG C417L Microphone,65.0,1,0,2,0.62445086,0.52932,0,1,adulto
ICB_03517_002,ICB_154,copd,AKG C417L Microphone,65.0,1,0,2,0.6343795,0.44899976,0,1,adulto
ICB_03517_003,ICB_154,copd,AKG C417L Microphone,65.0,1,0,2,0.7487405,0.32250834,0,1,adulto
ICB_03517_004,ICB_154,copd,AKG C417L Microphone,65.0,0,0,2,0.627882,0.45772535,0,0,adulto
ICB_03518_000,ICB_154,copd,AKG C417L Microphone,65.0,1,0,2,0.6527302,0.3227024,0,1,adulto
ICB_03518_001,ICB_154,copd,AKG C417L Microphone,65.0,1,1,2,0.7285006,0.35720572,0,3,adulto
ICB_03518_002,ICB_154,copd,AKG C417L Microphone,65.0,1,0,2,0.6486102,0.4508368,0,1,adulto
ICB_03518_003,ICB_154,copd,AKG C417L Microphone,65.0,1,0,2,0.676964,0.2805174,0,1,adulto
ICB_03518_004,ICB_154,copd,AKG C417L Microphone,65.0,1,0,2,0.55760443,0.4167626,0,1,adulto
ICB_03518_005,ICB_154,copd,AKG C417L Microphone,65.0,1,0,2,0.4683697,0.82126623,0,1,adulto
ICB_03518_006,ICB_154,copd,AKG C417L Microphone,65.0,0,0,2,0.51308805,0.17113818,0,0,adulto
ICB_03518_007,ICB_154,copd,AKG C417L Microphone,65.0,1,0,2,0.6492109,0.37160134,0,1,adulto
ICB_03518_008,ICB_154,copd,AKG C417L Microphone,65.0,1,0,2,0.56835276,0.40117055,0,1,adulto
ICB_03518_009,ICB_154,copd,AKG C417L Microphone,65.0,0,0,2,0.33042765,0.23828581,0,0,adulto
ICB_03519_000,ICB_154,copd,AKG C417L Microphone,65.0,1,0,2,0.5788979,0.4903238,0,1,adulto
ICB_03519_001,ICB_154,copd,AKG C417L Microphone,65.0,1,0,2,0.5768145,0.425767,0,1,adulto
ICB_03519_002,ICB_154,copd,AKG C417L Microphone,65.0,1,0,2,0.54248536,0.40593225,0,1,adulto
ICB_03519_003,ICB_154,copd,AKG C417L Microphone,65.0,1,0,2,0.64218843,0.36687377,0,1,adulto
ICB_03519_004,ICB_154,copd,AKG C417L Microphone,65.0,0,0,2,0.57639104,0.7717975,0,0,adulto
ICB_03519_005,ICB_154,copd,AKG C417L Microphone,65.0,1,0,2,0.50579363,0.6854651,0,1,adulto
ICB_03519_006,ICB_154,copd,AKG C417L Microphone,65.0,1,0,2,0.6606032,0.2710006,0,1,adulto
ICB_03519_007,ICB_154,copd,AKG C417L Microphone,65.0,0,0,2,0.59526753,0.47348967,0,0,adulto
ICB_03519_008,ICB_154,copd,AKG C417L Microphone,65.0,1,0,2,0.56637037,0.47869417,0,1,adulto
ICB_03519_009,ICB_154,copd,AKG C417L Microphone,65.0,0,0,2,0.22107305,0.3703141,0,0,adulto
ICB_03520_000,ICB_154,copd,AKG C417L Microphone,65.0,0,0,2,0.44794324,0.5032486,0,0,adulto
ICB_03520_001,ICB_154,copd,AKG C417L Microphone,65.0,0,0,2,0.33898512,0.42321187,0,0,adulto
ICB_03520_002,ICB_154,copd,AKG C417L Microphone,65.0,0,0,2,0.466329,0.6806458,0,0,adulto
ICB_03520_003,ICB_154,copd,AKG C417L Microphone,65.0,0,0,2,0.53465277,0.46315804,0,0,adulto
ICB_03520_004,ICB_154,copd,AKG C417L Microphone,65.0,0,0,2,0.55336803,0.28963238,0,0,adulto
ICB_03520_005,ICB_154,copd,AKG C417L Microphone,65.0,0,0,2,0.6659102,0.6606874,0,0,adulto
ICB_03520_006,ICB_154,copd,AKG C417L Microphone,65.0,0,0,2,0.49537155,0.48162788,0,0,adulto
ICB_03520_007,ICB_154,copd,AKG C417L Microphone,65.0,0,0,2,0.4929997,0.32818753,0,0,adulto
ICB_03520_008,ICB_154,copd,AKG C417L Microphone,65.0,0,0,2,0.6854549,0.21866204,0,0,adulto
ICB_03520_009,ICB_154,copd,AKG C417L Microphone,65.0,0,0,2,0.31142268,0.488204,0,0,adulto
ICB_03521_000,ICB_154,copd,AKG C417L Microphone,65.0,1,0,2,0.6205865,0.33459905,0,1,adulto
ICB_03521_001,ICB_154,copd,AKG C417L Microphone,65.0,1,0,2,0.55969584,0.38416225,0,1,adulto
ICB_03521_002,ICB_154,copd,AKG C417L Microphone,65.0,1,0,2,0.49692696,0.37831998,0,1,adulto
ICB_03521_003,ICB_154,copd,AKG C417L Microphone,65.0,1,0,2,0.46282327,0.36990988,0,1,adulto
ICB_03521_004,ICB_154,copd,AKG C417L Microphone,65.0,1,0,2,0.4462224,0.3857291,0,1,adulto
ICB_03521_005,ICB_154,copd,AKG C417L Microphone,65.0,1,0,2,0.47248003,0.70185983,0,1,adulto
ICB_03521_006,ICB_154,copd,AKG C417L Microphone,65.0,1,0,2,0.55274695,0.37284154,0,1,adulto
ICB_03521_007,ICB_154,copd,AKG C417L Microphone,65.0,1,0,2,0.6543002,0.44616097,0,1,adulto
ICB_03521_008,ICB_154,copd,AKG C417L Microphone,65.0,1,0,2,0.4900749,0.34821045,0,1,adulto
ICB_03521_009,ICB_154,copd,AKG C417L Microphone,65.0,0,0,2,0.5152994,0.37474096,0,0,adulto
ICB_03522_000,ICB_154,copd,AKG C417L Microphone,65.0,1,0,2,0.6048126,0.6522518,0,1,adulto
ICB_03522_001,ICB_154,copd,AKG C417L Microphone,65.0,1,0,2,0.57975435,0.675644,0,1,adulto
ICB_03522_002,ICB_154,copd,AKG C417L Microphone,65.0,1,0,2,0.4978497,0.63181084,0,1,adulto
ICB_03522_003,ICB_154,copd,AKG C417L Microphone,65.0,0,0,2,0.66743016,0.39812288,0,0,adulto
ICB_03522_004,ICB_154,copd,AKG C417L Microphone,65.0,0,0,2,0.66361296,0.39115068,0,0,adulto
ICB_03522_005,ICB_154,copd,AKG C417L Microphone,65.0,0,0,2,0.64699066,0.55415756,0,0,adulto
ICB_03522_006,ICB_154,copd,AKG C417L Microphone,65.0,0,0,2,0.59224963,0.3424961,0,0,adulto
ICB_03522_007,ICB_154,copd,AKG C417L Microphone,65.0,1,0,2,0.59798825,0.5028709,0,1,adulto
ICB_03522_008,ICB_154,copd,AKG C417L Microphone,65.0,1,0,2,0.6869308,0.34605142,0,1,adulto
ICB_03522_009,ICB_154,copd,AKG C417L Microphone,65.0,0,0,2,0.46440795,0.35854205,0,0,adulto
ICB_03523_000,ICB_154,copd,AKG C417L Microphone,65.0,1,0,2,0.6314509,0.19274122,0,1,adulto
ICB_03523_001,ICB_154,copd,AKG C417L Microphone,65.0,0,0,2,0.5869211,0.35919264,0,0,adulto
ICB_03523_002,ICB_154,copd,AKG C417L Microphone,65.0,0,0,2,0.60332143,0.34872207,0,0,adulto
ICB_03523_003,ICB_154,copd,AKG C417L Microphone,65.0,0,0,2,0.7030322,0.4856565,0,0,adulto
ICB_03523_004,ICB_154,copd,AKG C417L Microphone,65.0,0,0,2,0.63360864,0.4597742,0,0,adulto
ICB_03523_005,ICB_154,copd,AKG C417L Microphone,65.0,0,0,2,0.4733988,0.53635544,0,0,adulto
ICB_03523_006,ICB_154,copd,AKG C417L Microphone,65.0,0,0,2,0.6929924,0.4036868,0,0,adulto
ICB_03523_007,ICB_154,copd,AKG C417L Microphone,65.0,1,0,2,0.78888196,0.3902327,1,1,adulto
ICB_03523_008,ICB_154,copd,AKG C417L Microphone,65.0,0,0,2,0.5468546,0.57944924,0,0,adulto
ICB_03523_009,ICB_154,copd,AKG C417L Microphone,65.0,0,0,2,0.23836955,0.36009312,0,0,adulto
ICB_03547_000,ICB_158,copd,3M Littmann Classic II SE,63.0,0,0,2,0.79310626,0.1796402,1,0,adulto
ICB_03547_001,ICB_158,copd,3M Littmann Classic II SE,63.0,0,0,2,0.60603833,0.15378958,0,0,adulto
ICB_03547_002,ICB_158,copd,3M Littmann Classic II SE,63.0,0,0,2,0.43155584,0.22846375,0,0,adulto
ICB_03547_003,ICB_158,copd,3M Littmann Classic II SE,63.0,1,0,2,0.50104314,0.21898067,0,1,adulto
ICB_03547_004,ICB_158,copd,3M Littmann Classic II SE,63.0,0,0,2,0.3310705,0.37864673,0,0,adulto
ICB_03547_005,ICB_158,copd,3M Littmann Classic II SE,63.0,1,0,2,0.69260186,0.26879117,0,1,adulto
ICB_03547_006,ICB_158,copd,3M Littmann Classic II SE,63.0,1,0,2,0.7024365,0.09375757,0,1,adulto
ICB_03547_007,ICB_158,copd,3M Littmann Classic II SE,63.0,1,0,2,0.68481255,0.15128574,0,1,adulto
ICB_03547_008,ICB_158,copd,3M Littmann Classic II SE,63.0,1,0,2,0.78163934,0.16122775,1,1,adulto
ICB_03547_009,ICB_158,copd,3M Littmann Classic II SE,63.0,1,0,2,0.7602069,0.18158656,1,1,adulto
ICB_03547_010,ICB_158,copd,3M Littmann Classic II SE,63.0,0,0,2,0.6274198,0.24640083,0,0,adulto
ICB_03548_000,ICB_158,copd,AKG C417L Microphone,63.0,1,1,2,0.43517074,0.9653896,2,3,adulto
ICB_03548_001,ICB_158,copd,AKG C417L Microphone,63.0,1,1,2,0.61597544,0.740775,0,3,adulto
ICB_03548_002,ICB_158,copd,AKG C417L Microphone,63.0,0,0,2,0.8502263,0.18904138,1,0,adulto
ICB_03548_003,ICB_158,copd,AKG C417L Microphone,63.0,1,1,2,0.5617788,0.77557856,0,3,adulto
ICB_03548_004,ICB_158,copd,AKG C417L Microphone,63.0,0,0,2,0.7196652,0.42500064,0,0,adulto
ICB_03548_005,ICB_158,copd,AKG C417L Microphone,63.0,0,0,2,0.8003698,0.44694296,1,0,adulto
ICB_03548_006,ICB_158,copd,AKG C417L Microphone,63.0,0,0,2,0.61179405,0.33440652,0,0,adulto
ICB_03548_007,ICB_158,copd,AKG C417L Microphone,63.0,0,0,2,0.6717123,0.120102525,0,0,adulto
ICB_03549_000,ICB_158,copd,AKG C417L Microphone,63.0,1,1,2,0.2917446,0.33499068,0,3,adulto
ICB_03549_001,ICB_158,copd,AKG C417L Microphone,63.0,1,1,2,0.6859859,0.51863813,0,3,adulto
ICB_03549_002,ICB_158,copd,AKG C417L Microphone,63.0,0,0,2,0.6395774,0.2816815,0,0,adulto
ICB_03549_003,ICB_158,copd,AKG C417L Microphone,63.0,1,1,2,0.6163398,0.28007394,0,3,adulto
ICB_03549_004,ICB_158,copd,AKG C417L Microphone,63.0,0,0,2,0.7519854,0.45885295,1,0,adulto
ICB_03549_005,ICB_158,copd,AKG C417L Microphone,63.0,0,0,2,0.6606377,0.3433837,0,0,adulto
ICB_03549_006,ICB_158,copd,AKG C417L Microphone,63.0,0,0,2,0.81811374,0.2255375,1,0,adulto
ICB_03549_007,ICB_158,copd,AKG C417L Microphone,63.0,0,0,2,0.68244654,0.3626971,0,0,adulto
ICB_03550_000,ICB_158,copd,AKG C417L Microphone,63.0,1,0,2,0.609754,0.20083515,0,1,adulto
ICB_03550_001,ICB_158,copd,AKG C417L Microphone,63.0,1,0,2,0.7250685,0.30502388,0,1,adulto
ICB_03550_002,ICB_158,copd,AKG C417L Microphone,63.0,1,0,2,0.8000083,0.2379535,1,1,adulto
ICB_03550_003,ICB_158,copd,AKG C417L Microphone,63.0,1,1,2,0.704291,0.08645756,0,3,adulto
ICB_03550_004,ICB_158,copd,AKG C417L Microphone,63.0,1,0,2,0.8332365,0.20512667,1,1,adulto
ICB_03550_005,ICB_158,copd,AKG C417L Microphone,63.0,1,0,2,0.583572,0.34613118,0,1,adulto
ICB_03550_006,ICB_158,copd,AKG C417L Microphone,63.0,0,0,2,0.15472046,0.12846942,0,0,adulto
ICB_03550_007,ICB_158,copd,AKG C417L Microphone,63.0,0,0,2,0.47104782,0.30313247,0,0,adulto
ICB_03551_000,ICB_158,copd,AKG C417L Microphone,63.0,1,1,2,0.6835184,0.38783768,0,3,adulto
ICB_03551_001,ICB_158,copd,AKG C417L Microphone,63.0,1,1,2,0.52043575,0.8345718,0,3,adulto
ICB_03551_002,ICB_158,copd,AKG C417L Microphone,63.0,1,1,2,0.52056015,0.33010915,0,3,adulto
ICB_03551_003,ICB_158,copd,AKG C417L Microphone,63.0,1,1,2,0.49989942,0.2394032,0,3,adulto
ICB_03551_004,ICB_158,copd,AKG C417L Microphone,63.0,0,0,2,0.68054086,0.2455371,0,0,adulto
ICB_03551_005,ICB_158,copd,AKG C417L Microphone,63.0,0,0,2,0.79617697,0.17141935,1,0,adulto
ICB_03551_006,ICB_158,copd,AKG C417L Microphone,63.0,0,0,2,0.6586818,0.47326443,0,0,adulto
ICB_03551_007,ICB_158,copd,AKG C417L Microphone,63.0,0,1,2,0.21545868,0.70186466,0,2,adulto
ICB_03552_000,ICB_158,copd,AKG C417L Microphone,63.0,1,1,2,0.69378567,0.5306154,0,3,adulto
ICB_03552_001,ICB_158,copd,AKG C417L Microphone,63.0,1,1,2,0.72522247,0.43728957,0,3,adulto
ICB_03552_002,ICB_158,copd,AKG C417L Microphone,63.0,1,0,2,0.5586734,0.37679103,0,1,adulto
ICB_03552_003,ICB_158,copd,AKG C417L Microphone,63.0,1,1,2,0.7774864,0.35501614,1,3,adulto
ICB_03552_004,ICB_158,copd,AKG C417L Microphone,63.0,0,1,2,0.78939205,0.31726372,1,2,adulto
ICB_03552_005,ICB_158,copd,AKG C417L Microphone,63.0,0,1,2,0.5047067,0.61200947,0,2,adulto
ICB_03552_006,ICB_158,copd,AKG C417L Microphone,63.0,0,0,2,0.7690481,0.46709466,1,0,adulto
ICB_03552_007,ICB_158,copd,AKG C417L Microphone,63.0,0,0,2,0.7281388,0.20354144,0,0,adulto
ICB_03553_000,ICB_158,copd,AKG C417L Microphone,63.0,1,0,2,0.7947341,0.21831702,1,1,adulto
ICB_03553_001,ICB_158,copd,AKG C417L Microphone,63.0,1,1,2,0.7749053,0.32850578,1,3,adulto
ICB_03553_002,ICB_158,copd,AKG C417L Microphone,63.0,1,1,2,0.81762576,0.19888622,1,3,adulto
ICB_03553_003,ICB_158,copd,AKG C417L Microphone,63.0,1,1,2,0.7626776,0.3545631,1,3,adulto
ICB_03553_004,ICB_158,copd,AKG C417L Microphone,63.0,1,1,2,0.7994266,0.056138054,1,3,adulto
ICB_03553_005,ICB_158,copd,AKG C417L Microphone,63.0,0,0,2,0.6659681,0.3107891,0,0,adulto
ICB_03553_006,ICB_158,copd,AKG C417L Microphone,63.0,1,0,2,0.8356181,0.28123116,1,1,adulto
ICB_03553_007,ICB_158,copd,AKG C417L Microphone,63.0,0,1,2,0.31153065,0.3456343,0,2,adulto
ICB_03554_000,ICB_158,copd,AKG C417L Microphone,63.0,1,0,2,0.3893256,0.3139267,0,1,adulto
ICB_03554_001,ICB_158,copd,AKG C417L Microphone,63.0,1,0,2,0.3186295,0.46993807,0,1,adulto
ICB_03554_002,ICB_158,copd,AKG C417L Microphone,63.0,0,0,2,0.31607062,0.43509665,0,0,adulto
ICB_03554_003,ICB_158,copd,AKG C417L Microphone,63.0,0,0,2,0.38174194,0.31676415,0,0,adulto
ICB_03554_004,ICB_158,copd,AKG C417L Microphone,63.0,0,0,2,0.37268126,0.30993244,0,0,adulto
ICB_03554_005,ICB_158,copd,AKG C417L Microphone,63.0,0,0,2,0.37547585,0.60489434,0,0,adulto
ICB_03554_006,ICB_158,copd,AKG C417L Microphone,63.0,0,0,2,0.57689285,0.23353519,0,0,adulto
ICB_03554_007,ICB_158,copd,AKG C417L Microphone,63.0,0,0,2,0.4376434,0.22052318,0,0,adulto
ICB_03555_000,ICB_158,copd,AKG C417L Microphone,63.0,0,1,2,0.51338196,0.9155126,2,2,adulto
ICB_03555_001,ICB_158,copd,AKG C417L Microphone,63.0,1,1,2,0.5997944,0.7051936,0,3,adulto
ICB_03555_002,ICB_158,copd,AKG C417L Microphone,63.0,1,1,2,0.6254965,0.6894694,0,3,adulto
ICB_03555_003,ICB_158,copd,AKG C417L Microphone,63.0,1,0,2,0.6382344,0.46294215,0,1,adulto
ICB_03555_004,ICB_158,copd,AKG C417L Microphone,63.0,1,1,2,0.66030514,0.65258205,0,3,adulto
ICB_03555_005,ICB_158,copd,AKG C417L Microphone,63.0,1,1,2,0.56421053,0.8162885,0,3,adulto
ICB_03555_006,ICB_158,copd,AKG C417L Microphone,63.0,0,1,2,0.6622762,0.6716834,0,2,adulto
ICB_03555_007,ICB_158,copd,AKG C417L Microphone,63.0,0,1,2,0.5246373,0.82539606,0,2,adulto
ICB_03555_008,ICB_158,copd,AKG C417L Microphone,63.0,0,0,2,0.36062026,0.6447462,0,0,adulto
ICB_03556_000,ICB_158,copd,AKG C417L Microphone,63.0,1,1,2,0.47660607,0.5944405,0,3,adulto
ICB_03556_001,ICB_158,copd,AKG C417L Microphone,63.0,0,1,2,0.62743783,0.79125255,0,2,adulto
ICB_03556_002,ICB_158,copd,AKG C417L Microphone,63.0,0,1,2,0.63636637,0.88128126,0,2,adulto
ICB_03556_003,ICB_158,copd,AKG C417L Microphone,63.0,1,1,2,0.64415234,0.40136972,0,3,adulto
ICB_03556_004,ICB_158,copd,AKG C417L Microphone,63.0,1,1,2,0.7464613,0.64361537,0,3,adulto
ICB_03556_005,ICB_158,copd,AKG C417L Microphone,63.0,1,1,2,0.56174165,0.35095847,0,3,adulto
ICB_03556_006,ICB_158,copd,AKG C417L Microphone,63.0,0,1,2,0.5701621,0.6893918,0,2,adulto
ICB_03556_007,ICB_158,copd,AKG C417L Microphone,63.0,0,1,2,0.653759,0.6801548,0,2,adulto
ICB_03556_008,ICB_158,copd,AKG C417L Microphone,63.0,0,0,2,0.32628226,0.46110255,0,0,adulto
ICB_03557_000,ICB_158,copd,AKG C417L Microphone,63.0,0,1,2,0.5412874,0.76018757,0,2,adulto
ICB_03557_001,ICB_158,copd,AKG C417L Microphone,63.0,0,1,2,0.4368674,0.49710044,0,2,adulto
ICB_03557_002,ICB_158,copd,AKG C417L Microphone,63.0,0,1,2,0.65734625,0.42888907,0,2,adulto
ICB_03557_003,ICB_158,copd,AKG C417L Microphone,63.0,1,0,2,0.7907855,0.17787343,1,1,adulto
ICB_03557_004,ICB_158,copd,AKG C417L Microphone,63.0,0,1,2,0.7964355,0.5671341,1,2,adulto
ICB_03557_005,ICB_158,copd,AKG C417L Microphone,63.0,1,1,2,0.91768265,0.21931541,1,3,adulto
ICB_03557_006,ICB_158,copd,AKG C417L Microphone,63.0,1,1,2,0.77937955,0.2673804,1,3,adulto
ICB_03557_007,ICB_158,copd,AKG C417L Microphone,63.0,0,1,2,0.6815093,0.59519356,0,2,adulto
ICB_03557_008,ICB_158,copd,AKG C417L Microphone,63.0,0,0,2,0.5762286,0.28302008,0,0,adulto
ICB_03558_000,ICB_158,copd,AKG C417L Microphone,63.0,1,1,2,0.47630915,0.8329738,0,3,adulto
ICB_03558_001,ICB_158,copd,AKG C417L Microphone,63.0,0,1,2,0.34965155,0.96774656,2,2,adulto
ICB_03558_002,ICB_158,copd,AKG C417L Microphone,63.0,0,1,2,0.17243026,0.89983255,0,2,adulto
ICB_03558_003,ICB_158,copd,AKG C417L Microphone,63.0,0,1,2,0.46785322,0.4842142,0,2,adulto
ICB_03558_004,ICB_158,copd,AKG C417L Microphone,63.0,1,1,2,0.6050527,0.7917925,0,3,adulto
ICB_03558_005,ICB_158,copd,AKG C417L Microphone,63.0,1,1,2,0.5331861,0.48842895,0,3,adulto
ICB_03558_006,ICB_158,copd,AKG C417L Microphone,63.0,1,1,2,0.42208531,0.798766,0,3,adulto
ICB_03558_007,ICB_158,copd,AKG C417L Microphone,63.0,0,1,2,0.2947242,0.7610775,0,2,adulto
ICB_03558_008,ICB_158,copd,AKG C417L Microphone,63.0,0,1,2,0.38390443,0.76842016,0,2,adulto
ICB_03559_000,ICB_158,copd,AKG C417L Microphone,63.0,0,1,2,0.6091835,0.8015286,0,2,adulto
ICB_03559_001,ICB_158,copd,AKG C417L Microphone,63.0,0,1,2,0.573021,0.6643167,0,2,adulto
ICB_03559_002,ICB_158,copd,AKG C417L Microphone,63.0,0,1,2,0.68240696,0.71744716,0,2,adulto
ICB_03559_003,ICB_158,copd,AKG C417L Microphone,63.0,0,1,2,0.45210415,0.3042714,0,2,adulto
ICB_03559_004,ICB_158,copd,AKG C417L Microphone,63.0,1,1,2,0.65988046,0.61109436,0,3,adulto
ICB_03559_005,ICB_158,copd,AKG C417L Microphone,63.0,1,1,2,0.36173478,0.8613408,0,3,adulto
ICB_03559_006,ICB_158,copd,AKG C417L Microphone,63.0,1,1,2,0.6565789,0.46021456,0,3,adulto
ICB_03559_007,ICB_158,copd,AKG C417L Microphone,63.0,0,1,2,0.60916764,0.67338604,0,2,adulto
ICB_03559_008,ICB_158,copd,AKG C417L Microphone,63.0,0,0,2,0.52706444,0.26238748,0,0,adulto
ICB_03560_000,ICB_158,copd,AKG C417L Microphone,63.0,0,1,2,0.6316062,0.6291918,0,2,adulto
ICB_03560_001,ICB_158,copd,AKG C417L Microphone,63.0,0,1,2,0.56585646,0.97000265,2,2,adulto
ICB_03560_002,ICB_158,copd,AKG C417L Microphone,63.0,0,1,2,0.5333651,0.78202116,0,2,adulto
ICB_03560_003,ICB_158,copd,AKG C417L Microphone,63.0,1,1,2,0.39938745,0.82814884,0,3,adulto
ICB_03560_004,ICB_158,copd,AKG C417L Microphone,63.0,0,1,2,0.60505515,0.79490376,0,2,adulto
ICB_03560_005,ICB_158,copd,AKG C417L Microphone,63.0,1,1,2,0.51534206,0.68153447,0,3,adulto
ICB_03560_006,ICB_158,copd,AKG C417L Microphone,63.0,0,1,2,0.6646152,0.7327807,0,2,adulto
ICB_03560_007,ICB_158,copd,AKG C417L Microphone,63.0,1,1,2,0.60660964,0.9055165,2,3,adulto
ICB_03560_008,ICB_158,copd,AKG C417L Microphone,63.0,0,1,2,0.5153783,0.8809303,0,2,adulto
ICB_03561_000,ICB_158,copd,AKG C417L Microphone,63.0,0,1,2,0.47522894,0.19307616,0,2,adulto
ICB_03561_001,ICB_158,copd,AKG C417L Microphone,63.0,0,1,2,0.25513273,0.59739286,0,2,adulto
ICB_03561_002,ICB_158,copd,AKG C417L Microphone,63.0,0,1,2,0.24143587,0.26496676,0,2,adulto
ICB_03561_003,ICB_158,copd,AKG C417L Microphone,63.0,0,0,2,0.36172366,0.6153895,0,0,adulto
ICB_03561_004,ICB_158,copd,AKG C417L Microphone,63.0,0,1,2,0.18137819,0.6808489,0,2,adulto
ICB_03561_005,ICB_158,copd,AKG C417L Microphone,63.0,0,1,2,0.4249698,0.28972358,0,2,adulto
ICB_03561_006,ICB_158,copd,AKG C417L Microphone,63.0,0,1,2,0.32896116,0.7047765,0,2,adulto
ICB_03561_007,ICB_158,copd,AKG C417L Microphone,63.0,0,1,2,0.27872884,0.67716396,0,2,adulto
ICB_03561_008,ICB_158,copd,AKG C417L Microphone,63.0,0,0,2,0.1594154,0.66036654,0,0,adulto
ICB_03562_000,ICB_158,copd,AKG C417L Microphone,63.0,1,1,2,0.53296447,0.57282823,0,3,adulto
ICB_03562_001,ICB_158,copd,AKG C417L Microphone,63.0,1,1,2,0.58957535,0.54702854,0,3,adulto
ICB_03562_002,ICB_158,copd,AKG C417L Microphone,63.0,1,0,2,0.6555376,0.47200215,0,1,adulto
ICB_03562_003,ICB_158,copd,AKG C417L Microphone,63.0,0,0,2,0.81649774,0.21996059,1,0,adulto
ICB_03562_004,ICB_158,copd,AKG C417L Microphone,63.0,1,0,2,0.6391206,0.5258239,0,1,adulto
ICB_03562_005,ICB_158,copd,AKG C417L Microphone,63.0,1,0,2,0.72685885,0.40146112,0,1,adulto
ICB_03562_006,ICB_158,copd,AKG C417L Microphone,63.0,0,0,2,0.55585146,0.56276715,0,0,adulto
ICB_03562_007,ICB_158,copd,AKG C417L Microphone,63.0,1,1,2,0.719784,0.5300955,0,3,adulto
ICB_03562_008,ICB_158,copd,AKG C417L Microphone,63.0,0,0,2,0.57138395,0.35229957,0,0,adulto
ICB_03563_000,ICB_158,copd,AKG C417L Microphone,63.0,1,1,2,0.7466626,0.3678224,0,3,adulto
ICB_03563_001,ICB_158,copd,AKG C417L Microphone,63.0,1,0,2,0.6008304,0.4988575,0,1,adulto
ICB_03563_002,ICB_158,copd,AKG C417L Microphone,63.0,1,0,2,0.71382034,0.32249543,0,1,adulto
ICB_03563_003,ICB_158,copd,AKG C417L Microphone,63.0,0,0,2,0.6478865,0.59498805,0,0,adulto
ICB_03563_004,ICB_158,copd,AKG C417L Microphone,63.0,1,0,2,0.67411417,0.2935509,0,1,adulto
ICB_03563_005,ICB_158,copd,AKG C417L Microphone,63.0,1,0,2,0.63758224,0.42920783,0,1,adulto
ICB_03563_006,ICB_158,copd,AKG C417L Microphone,63.0,0,0,2,0.4699892,0.58736265,0,0,adulto
ICB_03563_007,ICB_158,copd,AKG C417L Microphone,63.0,1,0,2,0.5670847,0.21200994,0,1,adulto
ICB_03563_008,ICB_158,copd,AKG C417L Microphone,63.0,1,0,2,0.67598236,0.46895158,0,1,adulto
ICB_03564_000,ICB_158,copd,AKG C417L Microphone,63.0,1,1,2,0.33380282,0.5972215,0,3,adulto
ICB_03564_001,ICB_158,copd,AKG C417L Microphone,63.0,1,1,2,0.6334351,0.7581756,0,3,adulto
ICB_03564_002,ICB_158,copd,AKG C417L Microphone,63.0,1,1,2,0.5926971,0.77356386,0,3,adulto
ICB_03564_003,ICB_158,copd,AKG C417L Microphone,63.0,0,1,2,0.6596659,0.40951294,0,2,adulto
ICB_03564_004,ICB_158,copd,AKG C417L Microphone,63.0,0,1,2,0.5426582,0.51443696,0,2,adulto
ICB_03564_005,ICB_158,copd,AKG C417L Microphone,63.0,0,1,2,0.4246356,0.71507573,0,2,adulto
ICB_03564_006,ICB_158,copd,AKG C417L Microphone,63.0,0,1,2,0.48483393,0.4517667,0,2,adulto
ICB_03564_007,ICB_158,copd,AKG C417L Microphone,63.0,1,1,2,0.5889168,0.33241335,0,3,adulto
ICB_03564_008,ICB_158,copd,AKG C417L Microphone,63.0,1,1,2,0.60190535,0.4615705,0,3,adulto
ICB_03565_000,ICB_158,copd,AKG C417L Microphone,63.0,0,1,2,0.7189223,0.7061503,0,2,adulto
ICB_03565_001,ICB_158,copd,AKG C417L Microphone,63.0,1,1,2,0.64183563,0.8361717,0,3,adulto
ICB_03565_002,ICB_158,copd,AKG C417L Microphone,63.0,1,0,2,0.8299024,0.23320816,1,1,adulto
ICB_03565_003,ICB_158,copd,AKG C417L Microphone,63.0,0,0,2,0.6693809,0.32460594,0,0,adulto
ICB_03565_004,ICB_158,copd,AKG C417L Microphone,63.0,1,0,2,0.7719719,0.7050331,1,1,adulto
ICB_03565_005,ICB_158,copd,AKG C417L Microphone,63.0,1,0,2,0.6474668,0.39326647,0,1,adulto
ICB_03565_006,ICB_158,copd,AKG C417L Microphone,63.0,0,0,2,0.52063775,0.6434467,0,0,adulto
ICB_03565_007,ICB_158,copd,AKG C417L Microphone,63.0,1,1,2,0.7570449,0.37678108,1,3,adulto
ICB_03565_008,ICB_158,copd,AKG C417L Microphone,63.0,1,1,2,0.66216207,0.23165967,0,3,adulto
ICB_03566_000,ICB_158,copd,AKG C417L Microphone,63.0,0,1,2,0.56720585,0.58815855,0,2,adulto
ICB_03566_001,ICB_158,copd,AKG C417L Microphone,63.0,1,1,2,0.71717596,0.71433866,0,3,adulto
ICB_03566_002,ICB_158,copd,AKG C417L Microphone,63.0,1,1,2,0.7001233,0.8389954,0,3,adulto
ICB_03566_003,ICB_158,copd,AKG C417L Microphone,63.0,1,1,2,0.57606083,0.7122687,0,3,adulto
ICB_03566_004,ICB_158,copd,AKG C417L Microphone,63.0,1,1,2,0.6741368,0.9190888,2,3,adulto
ICB_03566_005,ICB_158,copd,AKG C417L Microphone,63.0,1,1,2,0.44567013,0.9692636,2,3,adulto
ICB_03566_006,ICB_158,copd,AKG C417L Microphone,63.0,0,1,2,0.7507195,0.51995516,1,2,adulto
ICB_03566_007,ICB_158,copd,AKG C417L Microphone,63.0,1,1,2,0.6973812,0.7520035,0,3,adulto
ICB_03566_008,ICB_158,copd,AKG C417L Microphone,63.0,1,1,2,0.6688148,0.78906465,0,3,adulto
ICB_03567_000,ICB_158,copd,AKG C417L Microphone,63.0,1,0,2,0.380853,0.5509947,0,1,adulto
ICB_03567_001,ICB_158,copd,AKG C417L Microphone,63.0,1,0,2,0.33966595,0.3787126,0,1,adulto
ICB_03567_002,ICB_158,copd,AKG C417L Microphone,63.0,0,0,2,0.3397386,0.44734737,0,0,adulto
ICB_03567_003,ICB_158,copd,AKG C417L Microphone,63.0,0,0,2,0.38424087,0.61511105,0,0,adulto
ICB_03567_004,ICB_158,copd,AKG C417L Microphone,63.0,1,0,2,0.31730488,0.61878526,0,1,adulto
ICB_03567_005,ICB_158,copd,AKG C417L Microphone,63.0,0,0,2,0.24587627,0.5118054,0,0,adulto
ICB_03567_006,ICB_158,copd,AKG C417L Microphone,63.0,0,0,2,0.33365324,0.85666066,0,0,adulto
ICB_03567_007,ICB_158,copd,AKG C417L Microphone,63.0,1,0,2,0.2196151,0.64191777,0,1,adulto
ICB_03567_008,ICB_158,copd,AKG C417L Microphone,63.0,0,0,2,0.30640334,0.6964849,0,0,adulto
ICB_03568_000,ICB_158,copd,AKG C417L Microphone,63.0,1,0,2,0.58310646,0.37699,0,1,adulto
ICB_03568_001,ICB_158,copd,AKG C417L Microphone,63.0,1,1,2,0.65394175,0.2880313,0,3,adulto
ICB_03568_002,ICB_158,copd,AKG C417L Microphone,63.0,0,1,2,0.40865973,0.28852212,0,2,adulto
ICB_03568_003,ICB_158,copd,AKG C417L Microphone,63.0,0,0,2,0.47301435,0.20985232,0,0,adulto
ICB_03568_004,ICB_158,copd,AKG C417L Microphone,63.0,1,1,2,0.29713964,0.34453622,0,3,adulto
ICB_03568_005,ICB_158,copd,AKG C417L Microphone,63.0,1,0,2,0.6702993,0.35913998,0,1,adulto
ICB_03568_006,ICB_158,copd,AKG C417L Microphone,63.0,1,0,2,0.674195,0.16699342,0,1,adulto
ICB_03568_007,ICB_158,copd,AKG C417L Microphone,63.0,1,0,2,0.5729724,0.5002567,0,1,adulto
ICB_03568_008,ICB_158,copd,AKG C417L Microphone,63.0,1,0,2,0.47468647,0.5220017,0,1,adulto
ICB_03569_000,ICB_158,copd,AKG C417L Microphone,63.0,1,0,2,0.5465821,0.35530466,0,1,adulto
ICB_03569_001,ICB_158,copd,AKG C417L Microphone,63.0,1,0,2,0.6023099,0.15165183,0,1,adulto
ICB_03569_002,ICB_158,copd,AKG C417L Microphone,63.0,1,1,2,0.67634255,0.30525312,0,3,adulto
ICB_03569_003,ICB_158,copd,AKG C417L Microphone,63.0,1,0,2,0.37766626,0.62027353,0,1,adulto
ICB_03569_004,ICB_158,copd,AKG C417L Microphone,63.0,1,0,2,0.6115913,0.17738697,0,1,adulto
ICB_03569_005,ICB_158,copd,AKG C417L Microphone,63.0,1,0,2,0.61325836,0.27450067,0,1,adulto
ICB_03569_006,ICB_158,copd,AKG C417L Microphone,63.0,1,0,2,0.6155318,0.07277555,0,1,adulto
ICB_03569_007,ICB_158,copd,AKG C417L Microphone,63.0,1,0,2,0.40860257,0.6572952,0,1,adulto
ICB_03569_008,ICB_158,copd,AKG C417L Microphone,63.0,1,1,2,0.5222081,0.3887442,0,3,adulto
ICB_03569_009,ICB_158,copd,AKG C417L Microphone,63.0,1,1,2,0.55100334,0.72631156,0,3,adulto
ICB_03569_010,ICB_158,copd,AKG C417L Microphone,63.0,1,1,2,0.61736375,0.644354,0,3,adulto
ICB_03569_011,ICB_158,copd,AKG C417L Microphone,63.0,1,1,2,0.41708928,0.7375685,0,3,adulto
ICB_03570_000,ICB_158,copd,AKG C417L Microphone,63.0,0,1,2,0.04029288,0.99120694,2,2,adulto
ICB_03570_001,ICB_158,copd,AKG C417L Microphone,63.0,1,1,2,0.3948024,0.84958935,0,3,adulto
ICB_03570_002,ICB_158,copd,AKG C417L Microphone,63.0,0,1,2,0.28877607,0.7121928,0,2,adulto
ICB_03570_003,ICB_158,copd,AKG C417L Microphone,63.0,0,1,2,0.24495696,0.6620379,0,2,adulto
ICB_03570_004,ICB_158,copd,AKG C417L Microphone,63.0,0,1,2,0.4263498,0.5285565,0,2,adulto
ICB_03570_005,ICB_158,copd,AKG C417L Microphone,63.0,1,1,2,0.19539641,0.7671958,0,3,adulto
ICB_03570_006,ICB_158,copd,AKG C417L Microphone,63.0,0,1,2,0.19354196,0.5947831,0,2,adulto
ICB_03570_007,ICB_158,copd,AKG C417L Microphone,63.0,0,1,2,0.16552433,0.8950964,0,2,adulto
ICB_03570_008,ICB_158,copd,AKG C417L Microphone,63.0,0,1,2,0.49855793,0.90729004,2,2,adulto
ICB_03570_009,ICB_158,copd,AKG C417L Microphone,63.0,0,1,2,0.08160802,0.95663154,2,2,adulto
ICB_03570_010,ICB_158,copd,AKG C417L Microphone,63.0,0,1,2,0.30333093,0.9074949,2,2,adulto
ICB_03570_011,ICB_158,copd,AKG C417L Microphone,63.0,0,1,2,0.36607522,0.9377995,2,2,adulto
ICB_03598_000,ICB_161,bronchiolitis_asthma,3M Littmann Classic II SE,2.0,1,1,2,0.5759418,0.38839003,0,3,pediátrico (<18)
ICB_03598_001,ICB_161,bronchiolitis_asthma,3M Littmann Classic II SE,2.0,1,1,2,0.22809386,0.39018297,0,3,pediátrico (<18)
ICB_03598_002,ICB_161,bronchiolitis_asthma,3M Littmann Classic II SE,2.0,0,1,2,0.64574444,0.23531345,0,2,pediátrico (<18)
ICB_03598_003,ICB_161,bronchiolitis_asthma,3M Littmann Classic II SE,2.0,0,1,2,0.55000794,0.6874606,0,2,pediátrico (<18)
ICB_03598_004,ICB_161,bronchiolitis_asthma,3M Littmann Classic II SE,2.0,0,0,2,0.4925594,0.1615672,0,0,pediátrico (<18)
ICB_03598_005,ICB_161,bronchiolitis_asthma,3M Littmann Classic II SE,2.0,1,0,2,0.59443474,0.21563458,0,1,pediátrico (<18)
ICB_03598_006,ICB_161,bronchiolitis_asthma,3M Littmann Classic II SE,2.0,0,0,2,0.37121373,0.29605755,0,0,pediátrico (<18)
ICB_03598_007,ICB_161,bronchiolitis_asthma,3M Littmann Classic II SE,2.0,1,0,2,0.4383089,0.4175333,0,1,pediátrico (<18)
ICB_03598_008,ICB_161,bronchiolitis_asthma,3M Littmann Classic II SE,2.0,0,0,2,0.3374198,0.15088907,0,0,pediátrico (<18)
ICB_03599_000,ICB_161,bronchiolitis_asthma,3M Littmann Classic II SE,2.0,0,0,2,0.54319775,0.1603351,0,0,pediátrico (<18)
ICB_03599_001,ICB_161,bronchiolitis_asthma,3M Littmann Classic II SE,2.0,0,0,2,0.5373605,0.29224914,0,0,pediátrico (<18)
ICB_03599_002,ICB_161,bronchiolitis_asthma,3M Littmann Classic II SE,2.0,0,0,2,0.53406775,0.53806937,0,0,pediátrico (<18)
ICB_03599_003,ICB_161,bronchiolitis_asthma,3M Littmann Classic II SE,2.0,0,1,2,0.55570203,0.56582266,0,2,pediátrico (<18)
ICB_03599_004,ICB_161,bronchiolitis_asthma,3M Littmann Classic II SE,2.0,0,1,2,0.3238944,0.31807694,0,2,pediátrico (<18)
ICB_03599_005,ICB_161,bronchiolitis_asthma,3M Littmann Classic II SE,2.0,0,1,2,0.5378805,0.3367718,0,2,pediátrico (<18)
ICB_03599_006,ICB_161,bronchiolitis_asthma,3M Littmann Classic II SE,2.0,0,1,2,0.6689828,0.28879026,0,2,pediátrico (<18)
ICB_03599_007,ICB_161,bronchiolitis_asthma,3M Littmann Classic II SE,2.0,0,1,2,0.69231266,0.17602319,0,2,pediátrico (<18)
ICB_03599_008,ICB_161,bronchiolitis_asthma,3M Littmann Classic II SE,2.0,0,1,2,0.62951046,0.4558592,0,2,pediátrico (<18)
ICB_03599_009,ICB_161,bronchiolitis_asthma,3M Littmann Classic II SE,2.0,0,1,2,0.46384463,0.2798053,0,2,pediátrico (<18)
ICB_03637_000,ICB_164,respiratory_infection,3M Littmann Classic II SE,1.0,0,1,2,0.08338568,0.9694426,2,2,pediátrico (<18)
ICB_03637_001,ICB_164,respiratory_infection,3M Littmann Classic II SE,1.0,0,1,2,0.20589809,0.68576664,0,2,pediátrico (<18)
ICB_03637_002,ICB_164,respiratory_infection,3M Littmann Classic II SE,1.0,1,0,2,0.25703505,0.476345,0,1,pediátrico (<18)
ICB_03637_003,ICB_164,respiratory_infection,3M Littmann Classic II SE,1.0,0,0,2,0.21296167,0.89676595,0,0,pediátrico (<18)
ICB_03637_004,ICB_164,respiratory_infection,3M Littmann Classic II SE,1.0,0,0,2,0.5118642,0.5283338,0,0,pediátrico (<18)
ICB_03637_005,ICB_164,respiratory_infection,3M Littmann Classic II SE,1.0,0,1,2,0.2910212,0.4509759,0,2,pediátrico (<18)
ICB_03637_006,ICB_164,respiratory_infection,3M Littmann Classic II SE,1.0,0,0,2,0.22181442,0.80512655,0,0,pediátrico (<18)
ICB_03637_007,ICB_164,respiratory_infection,3M Littmann Classic II SE,1.0,0,0,2,0.23825741,0.5304994,0,0,pediátrico (<18)
ICB_03637_008,ICB_164,respiratory_infection,3M Littmann Classic II SE,1.0,0,0,2,0.38283452,0.6197982,0,0,pediátrico (<18)
ICB_03637_009,ICB_164,respiratory_infection,3M Littmann Classic II SE,1.0,0,0,2,0.3675916,0.4667385,0,0,pediátrico (<18)
ICB_03638_000,ICB_165,respiratory_infection,AKG C417L Microphone,2.0,0,0,2,0.22619303,0.046242904,0,0,pediátrico (<18)
ICB_03638_001,ICB_165,respiratory_infection,AKG C417L Microphone,2.0,0,0,2,0.4941451,0.299194,0,0,pediátrico (<18)
ICB_03638_002,ICB_165,respiratory_infection,AKG C417L Microphone,2.0,1,0,2,0.55900806,0.6479694,0,1,pediátrico (<18)
ICB_03638_003,ICB_165,respiratory_infection,AKG C417L Microphone,2.0,1,0,2,0.4390205,0.23593,0,1,pediátrico (<18)
ICB_03638_004,ICB_165,respiratory_infection,AKG C417L Microphone,2.0,0,0,2,0.4981296,0.22631621,0,0,pediátrico (<18)
ICB_03638_005,ICB_165,respiratory_infection,AKG C417L Microphone,2.0,0,0,2,0.40164173,0.11812722,0,0,pediátrico (<18)
ICB_03638_006,ICB_165,respiratory_infection,AKG C417L Microphone,2.0,0,0,2,0.3672433,0.08424591,0,0,pediátrico (<18)
ICB_03639_000,ICB_165,respiratory_infection,AKG C417L Microphone,2.0,0,0,2,0.68622106,0.21808529,0,0,pediátrico (<18)
ICB_03639_001,ICB_165,respiratory_infection,AKG C417L Microphone,2.0,0,0,2,0.57088894,0.33550194,0,0,pediátrico (<18)
ICB_03639_002,ICB_165,respiratory_infection,AKG C417L Microphone,2.0,0,0,2,0.5242614,0.37922558,0,0,pediátrico (<18)
ICB_03639_003,ICB_165,respiratory_infection,AKG C417L Microphone,2.0,0,0,2,0.60686266,0.47056586,0,0,pediátrico (<18)
ICB_03639_004,ICB_165,respiratory_infection,AKG C417L Microphone,2.0,0,0,2,0.54464805,0.37824762,0,0,pediátrico (<18)
ICB_03639_005,ICB_165,respiratory_infection,AKG C417L Microphone,2.0,0,0,2,0.5752477,0.35849407,0,0,pediátrico (<18)
ICB_03639_006,ICB_165,respiratory_infection,AKG C417L Microphone,2.0,0,0,2,0.4837833,0.4287092,0,0,pediátrico (<18)
ICB_03639_007,ICB_165,respiratory_infection,AKG C417L Microphone,2.0,0,0,2,0.39684755,0.32104266,0,0,pediátrico (<18)
ICB_03640_000,ICB_165,respiratory_infection,AKG C417L Microphone,2.0,0,0,2,0.7284194,0.13533528,0,0,pediátrico (<18)
ICB_03640_001,ICB_165,respiratory_infection,AKG C417L Microphone,2.0,1,0,2,0.5984101,0.3395495,0,1,pediátrico (<18)
ICB_03640_002,ICB_165,respiratory_infection,AKG C417L Microphone,2.0,0,0,2,0.6502519,0.28741816,0,0,pediátrico (<18)
ICB_03640_003,ICB_165,respiratory_infection,AKG C417L Microphone,2.0,0,0,2,0.82118714,0.2270624,1,0,pediátrico (<18)
ICB_03640_004,ICB_165,respiratory_infection,AKG C417L Microphone,2.0,0,0,2,0.57963806,0.296292,0,0,pediátrico (<18)
ICB_03640_005,ICB_165,respiratory_infection,AKG C417L Microphone,2.0,0,1,2,0.6447947,0.31937623,0,2,pediátrico (<18)
ICB_03640_006,ICB_165,respiratory_infection,AKG C417L Microphone,2.0,0,0,2,0.67475766,0.27546966,0,0,pediátrico (<18)
ICB_03640_007,ICB_165,respiratory_infection,AKG C417L Microphone,2.0,0,0,2,0.658648,0.11923951,0,0,pediátrico (<18)
ICB_03649_000,ICB_169,bronchiectasis,AKG C417L Microphone,50.0,1,0,2,0.65530163,0.20643362,0,1,adulto
ICB_03649_001,ICB_169,bronchiectasis,AKG C417L Microphone,50.0,1,0,2,0.6190975,0.36195266,0,1,adulto
ICB_03649_002,ICB_169,bronchiectasis,AKG C417L Microphone,50.0,0,0,2,0.65846324,0.30187845,0,0,adulto
ICB_03649_003,ICB_169,bronchiectasis,AKG C417L Microphone,50.0,1,0,2,0.6785793,0.33726647,0,1,adulto
ICB_03649_004,ICB_169,bronchiectasis,AKG C417L Microphone,50.0,1,0,2,0.63356966,0.222442,0,1,adulto
ICB_03649_005,ICB_169,bronchiectasis,AKG C417L Microphone,50.0,1,0,2,0.62252814,0.39789158,0,1,adulto
ICB_03649_006,ICB_169,bronchiectasis,AKG C417L Microphone,50.0,0,0,2,0.55950195,0.24301219,0,0,adulto
ICB_03650_000,ICB_169,bronchiectasis,AKG C417L Microphone,50.0,1,0,2,0.7713512,0.31685936,1,1,adulto
ICB_03650_001,ICB_169,bronchiectasis,AKG C417L Microphone,50.0,1,0,2,0.78275615,0.28658727,1,1,adulto
ICB_03650_002,ICB_169,bronchiectasis,AKG C417L Microphone,50.0,1,0,2,0.5822203,0.39927977,0,1,adulto
ICB_03650_003,ICB_169,bronchiectasis,AKG C417L Microphone,50.0,1,0,2,0.69915086,0.36558568,0,1,adulto
ICB_03650_004,ICB_169,bronchiectasis,AKG C417L Microphone,50.0,0,0,2,0.62355334,0.19993247,0,0,adulto
ICB_03650_005,ICB_169,bronchiectasis,AKG C417L Microphone,50.0,1,0,2,0.60567796,0.31118125,0,1,adulto
ICB_03650_006,ICB_169,bronchiectasis,AKG C417L Microphone,50.0,1,0,2,0.56912893,0.46024632,0,1,adulto
ICB_03728_000,ICB_175,copd,3M Littmann 3200 Electronic,63.0,0,1,2,0.06413402,0.6456179,0,2,adulto
ICB_03728_001,ICB_175,copd,3M Littmann 3200 Electronic,63.0,1,1,2,0.05581314,0.7354132,0,3,adulto
ICB_03728_002,ICB_175,copd,3M Littmann 3200 Electronic,63.0,1,1,2,0.049042672,0.7119308,0,3,adulto
ICB_03728_003,ICB_175,copd,3M Littmann 3200 Electronic,63.0,1,1,2,0.37050226,0.89460593,0,3,adulto
ICB_03729_000,ICB_175,copd,3M Littmann 3200 Electronic,63.0,0,0,2,0.06289415,0.28587636,0,0,adulto
ICB_03729_001,ICB_175,copd,3M Littmann 3200 Electronic,63.0,0,1,2,0.033888135,0.6733612,0,2,adulto
ICB_03729_002,ICB_175,copd,3M Littmann 3200 Electronic,63.0,0,1,2,0.53616047,0.7979971,0,2,adulto
ICB_03730_000,ICB_175,copd,3M Littmann 3200 Electronic,63.0,0,1,2,0.13624099,0.7289399,0,2,adulto
ICB_03730_001,ICB_175,copd,3M Littmann 3200 Electronic,63.0,0,0,2,0.09859878,0.6638947,0,0,adulto
ICB_03730_002,ICB_175,copd,3M Littmann 3200 Electronic,63.0,0,1,2,0.02704485,0.7710403,0,2,adulto
ICB_03730_003,ICB_175,copd,3M Littmann 3200 Electronic,63.0,1,1,2,0.25782955,0.8610802,0,3,adulto
ICB_03731_000,ICB_175,copd,3M Littmann 3200 Electronic,63.0,0,0,2,0.21348026,0.83859664,0,0,adulto
ICB_03731_001,ICB_175,copd,3M Littmann 3200 Electronic,63.0,1,1,2,0.12385077,0.81662554,0,3,adulto
ICB_03731_002,ICB_175,copd,3M Littmann 3200 Electronic,63.0,0,1,2,0.06989247,0.85748255,0,2,adulto
ICB_03731_003,ICB_175,copd,3M Littmann 3200 Electronic,63.0,0,1,2,0.13609822,0.9848092,2,2,adulto
ICB_03732_000,ICB_175,copd,3M Littmann 3200 Electronic,63.0,0,1,2,0.069910824,0.56461215,0,2,adulto
ICB_03732_001,ICB_175,copd,3M Littmann 3200 Electronic,63.0,0,1,2,0.0089156255,0.435428,0,2,adulto
ICB_03732_002,ICB_175,copd,3M Littmann 3200 Electronic,63.0,0,1,2,0.033352856,0.44991916,0,2,adulto
ICB_03732_003,ICB_175,copd,3M Littmann 3200 Electronic,63.0,0,1,2,0.2685135,0.9779508,2,2,adulto
ICB_03733_000,ICB_175,copd,3M Littmann 3200 Electronic,63.0,0,0,2,0.1150984,0.35923406,0,0,adulto
ICB_03733_001,ICB_175,copd,3M Littmann 3200 Electronic,63.0,0,1,2,0.16575845,0.9670479,2,2,adulto
ICB_03733_002,ICB_175,copd,3M Littmann 3200 Electronic,63.0,0,1,2,0.03162178,0.66672313,0,2,adulto
ICB_03733_003,ICB_175,copd,3M Littmann 3200 Electronic,63.0,0,1,2,0.0008894136,1.0,2,2,adulto
ICB_03796_000,ICB_179,normal_lung,3M Littmann Classic II SE,10.0,1,0,2,0.57277286,0.35055274,0,1,pediátrico (<18)
ICB_03796_001,ICB_179,normal_lung,3M Littmann Classic II SE,10.0,1,1,2,0.41352472,0.112213224,0,3,pediátrico (<18)
ICB_03796_002,ICB_179,normal_lung,3M Littmann Classic II SE,10.0,1,0,2,0.4804002,0.16183293,0,1,pediátrico (<18)
ICB_03796_003,ICB_179,normal_lung,3M Littmann Classic II SE,10.0,0,0,2,0.4135473,0.28167385,0,0,pediátrico (<18)
ICB_03796_004,ICB_179,normal_lung,3M Littmann Classic II SE,10.0,0,0,2,0.35734153,0.09507146,0,0,pediátrico (<18)
ICB_03796_005,ICB_179,normal_lung,3M Littmann Classic II SE,10.0,0,0,2,0.27162018,0.17925906,0,0,pediátrico (<18)
ICB_03796_006,ICB_179,normal_lung,3M Littmann Classic II SE,10.0,0,0,2,0.42144462,0.23608646,0,0,pediátrico (<18)
ICB_03796_007,ICB_179,normal_lung,3M Littmann Classic II SE,10.0,0,0,2,0.4107581,0.27619135,0,0,pediátrico (<18)
ICB_03797_000,ICB_179,normal_lung,3M Littmann Classic II SE,10.0,0,0,2,0.19350569,0.19961983,0,0,pediátrico (<18)
ICB_03797_001,ICB_179,normal_lung,3M Littmann Classic II SE,10.0,0,0,2,0.07394208,0.109325364,0,0,pediátrico (<18)
ICB_03797_002,ICB_179,normal_lung,3M Littmann Classic II SE,10.0,1,0,2,0.15462378,0.32357356,0,1,pediátrico (<18)
ICB_03797_003,ICB_179,normal_lung,3M Littmann Classic II SE,10.0,0,0,2,0.01789349,0.022853687,0,0,pediátrico (<18)
ICB_03797_004,ICB_179,normal_lung,3M Littmann Classic II SE,10.0,0,1,2,0.25230938,0.30457637,0,2,pediátrico (<18)
ICB_03797_005,ICB_179,normal_lung,3M Littmann Classic II SE,10.0,1,0,2,0.11837239,0.075697415,0,1,pediátrico (<18)
ICB_03797_006,ICB_179,normal_lung,3M Littmann Classic II SE,10.0,0,0,2,0.0742602,0.19120687,0,0,pediátrico (<18)
ICB_03841_000,ICB_187,normal_lung,AKG C417L Microphone,0.5,0,0,2,0.41091126,0.09633206,0,0,pediátrico (<18)
ICB_03841_001,ICB_187,normal_lung,AKG C417L Microphone,0.5,0,0,2,0.24421373,0.20546773,0,0,pediátrico (<18)
ICB_03841_002,ICB_187,normal_lung,AKG C417L Microphone,0.5,0,0,2,0.666754,0.12002586,0,0,pediátrico (<18)
ICB_03841_003,ICB_187,normal_lung,AKG C417L Microphone,0.5,0,0,2,0.38355026,0.33025992,0,0,pediátrico (<18)
ICB_03841_004,ICB_187,normal_lung,AKG C417L Microphone,0.5,0,0,2,0.55477554,0.33654168,0,0,pediátrico (<18)
ICB_03841_005,ICB_187,normal_lung,AKG C417L Microphone,0.5,0,0,2,0.1593924,0.32640865,0,0,pediátrico (<18)
ICB_03841_006,ICB_187,normal_lung,AKG C417L Microphone,0.5,0,0,2,0.26219505,0.5835111,0,0,pediátrico (<18)
ICB_03841_007,ICB_187,normal_lung,AKG C417L Microphone,0.5,0,0,2,0.3747928,0.18388882,0,0,pediátrico (<18)
ICB_03841_008,ICB_187,normal_lung,AKG C417L Microphone,0.5,0,0,2,0.3088824,0.31893334,0,0,pediátrico (<18)
ICB_03841_009,ICB_187,normal_lung,AKG C417L Microphone,0.5,0,0,2,0.14054675,0.30702677,0,0,pediátrico (<18)
ICB_03841_010,ICB_187,normal_lung,AKG C417L Microphone,0.5,0,0,2,0.36851874,0.34923473,0,0,pediátrico (<18)
ICB_03841_011,ICB_187,normal_lung,AKG C417L Microphone,0.5,0,0,2,0.71341574,0.093881436,0,0,pediátrico (<18)
ICB_03841_012,ICB_187,normal_lung,AKG C417L Microphone,0.5,0,0,2,0.6418277,0.19583859,0,0,pediátrico (<18)
ICB_03841_013,ICB_187,normal_lung,AKG C417L Microphone,0.5,0,0,2,0.72450244,0.13802175,0,0,pediátrico (<18)
ICB_03841_014,ICB_187,normal_lung,AKG C417L Microphone,0.5,0,0,2,0.57270706,0.2233824,0,0,pediátrico (<18)
ICB_03841_015,ICB_187,normal_lung,AKG C417L Microphone,0.5,0,0,2,0.74155575,0.10831535,0,0,pediátrico (<18)
ICB_03841_016,ICB_187,normal_lung,AKG C417L Microphone,0.5,0,0,2,0.51767313,0.09649527,0,0,pediátrico (<18)
ICB_03848_000,ICB_191,pneumonia,3M Littmann Classic II SE,74.0,0,0,2,0.6291819,0.53257704,0,0,adulto
ICB_03848_001,ICB_191,pneumonia,3M Littmann Classic II SE,74.0,0,0,2,0.35918757,0.5342968,0,0,adulto
ICB_03848_002,ICB_191,pneumonia,3M Littmann Classic II SE,74.0,0,0,2,0.6288235,0.3392231,0,0,adulto
ICB_03848_003,ICB_191,pneumonia,3M Littmann Classic II SE,74.0,0,0,2,0.61295724,0.38518474,0,0,adulto
ICB_03848_004,ICB_191,pneumonia,3M Littmann Classic II SE,74.0,0,0,2,0.5203241,0.5904896,0,0,adulto
ICB_03848_005,ICB_191,pneumonia,3M Littmann Classic II SE,74.0,0,0,2,0.55995315,0.6325043,0,0,adulto
ICB_03848_006,ICB_191,pneumonia,3M Littmann Classic II SE,74.0,0,0,2,0.51582915,0.45205933,0,0,adulto
ICB_03848_007,ICB_191,pneumonia,3M Littmann Classic II SE,74.0,0,0,2,0.23925675,0.36362064,0,0,adulto
ICB_03849_000,ICB_191,pneumonia,3M Littmann Classic II SE,74.0,0,0,2,0.6601645,0.47800604,0,0,adulto
ICB_03849_001,ICB_191,pneumonia,3M Littmann Classic II SE,74.0,0,0,2,0.5138883,0.36847085,0,0,adulto
ICB_03849_002,ICB_191,pneumonia,3M Littmann Classic II SE,74.0,0,0,2,0.5464789,0.48993063,0,0,adulto
ICB_03849_003,ICB_191,pneumonia,3M Littmann Classic II SE,74.0,0,0,2,0.59444606,0.48624086,0,0,adulto
ICB_03849_004,ICB_191,pneumonia,3M Littmann Classic II SE,74.0,0,0,2,0.590981,0.17241982,0,0,adulto
ICB_03849_005,ICB_191,pneumonia,3M Littmann Classic II SE,74.0,0,0,2,0.45859355,0.654,0,0,adulto
ICB_03849_006,ICB_191,pneumonia,3M Littmann Classic II SE,74.0,0,0,2,0.6735437,0.26017603,0,0,adulto
ICB_03849_007,ICB_191,pneumonia,3M Littmann Classic II SE,74.0,0,0,2,0.16613847,0.4232295,0,0,adulto
ICB_03850_000,ICB_191,pneumonia,3M Littmann Classic II SE,74.0,0,0,2,0.512588,0.46035716,0,0,adulto
ICB_03850_001,ICB_191,pneumonia,3M Littmann Classic II SE,74.0,0,0,2,0.55998737,0.41025895,0,0,adulto
ICB_03850_002,ICB_191,pneumonia,3M Littmann Classic II SE,74.0,0,0,2,0.5838301,0.66644585,0,0,adulto
ICB_03850_003,ICB_191,pneumonia,3M Littmann Classic II SE,74.0,0,0,2,0.562543,0.41352868,0,0,adulto
ICB_03850_004,ICB_191,pneumonia,3M Littmann Classic II SE,74.0,0,0,2,0.44604012,0.49060056,0,0,adulto
ICB_03850_005,ICB_191,pneumonia,3M Littmann Classic II SE,74.0,0,0,2,0.50065064,0.54262877,0,0,adulto
ICB_03850_006,ICB_191,pneumonia,3M Littmann Classic II SE,74.0,0,0,2,0.53613013,0.37015516,0,0,adulto
ICB_03850_007,ICB_191,pneumonia,3M Littmann Classic II SE,74.0,0,0,2,0.5457679,0.26949942,0,0,adulto
ICB_03882_000,ICB_198,copd,AKG C417L Microphone,71.0,0,1,2,0.2879366,0.9194694,2,2,adulto
ICB_03882_001,ICB_198,copd,AKG C417L Microphone,71.0,0,1,2,0.5092669,0.67028797,0,2,adulto
ICB_03882_002,ICB_198,copd,AKG C417L Microphone,71.0,0,1,2,0.5142094,0.90273744,2,2,adulto
ICB_03882_003,ICB_198,copd,AKG C417L Microphone,71.0,0,1,2,0.44002044,0.73520005,0,2,adulto
ICB_03882_004,ICB_198,copd,AKG C417L Microphone,71.0,0,1,2,0.57161844,0.7127932,0,2,adulto
ICB_03882_005,ICB_198,copd,AKG C417L Microphone,71.0,0,1,2,0.44319937,0.93483955,2,2,adulto
ICB_03882_006,ICB_198,copd,AKG C417L Microphone,71.0,0,0,2,0.5304829,0.3968969,0,0,adulto
ICB_03883_000,ICB_198,copd,AKG C417L Microphone,71.0,0,1,2,0.32174173,0.9817963,2,2,adulto
ICB_03883_001,ICB_198,copd,AKG C417L Microphone,71.0,0,1,2,0.3469027,0.98750454,2,2,adulto
ICB_03883_002,ICB_198,copd,AKG C417L Microphone,71.0,0,1,2,0.34943005,0.91802746,2,2,adulto
ICB_03883_003,ICB_198,copd,AKG C417L Microphone,71.0,0,1,2,0.33321795,0.8788255,0,2,adulto
ICB_03883_004,ICB_198,copd,AKG C417L Microphone,71.0,0,1,2,0.46536088,0.9094441,2,2,adulto
ICB_03883_005,ICB_198,copd,AKG C417L Microphone,71.0,0,1,2,0.36621466,0.8916352,0,2,adulto
ICB_03883_006,ICB_198,copd,AKG C417L Microphone,71.0,0,0,2,0.4725608,0.31340027,0,0,adulto
ICB_03884_000,ICB_198,copd,AKG C417L Microphone,71.0,0,0,2,0.5451651,0.64571726,0,0,adulto
ICB_03884_001,ICB_198,copd,AKG C417L Microphone,71.0,0,1,2,0.60841143,0.726752,0,2,adulto
ICB_03884_002,ICB_198,copd,AKG C417L Microphone,71.0,0,1,2,0.58216953,0.6272542,0,2,adulto
ICB_03884_003,ICB_198,copd,AKG C417L Microphone,71.0,0,1,2,0.51038736,0.7974146,0,2,adulto
ICB_03884_004,ICB_198,copd,AKG C417L Microphone,71.0,0,1,2,0.7191154,0.70269984,0,2,adulto
ICB_03884_005,ICB_198,copd,AKG C417L Microphone,71.0,0,1,2,0.621986,0.8091007,0,2,adulto
ICB_03884_006,ICB_198,copd,AKG C417L Microphone,71.0,0,0,2,0.69215286,0.39820844,0,0,adulto
ICB_03885_000,ICB_198,copd,AKG C417L Microphone,71.0,0,1,2,0.41564965,0.7837978,0,2,adulto
ICB_03885_001,ICB_198,copd,AKG C417L Microphone,71.0,0,1,2,0.4377968,0.98508716,2,2,adulto
ICB_03885_002,ICB_198,copd,AKG C417L Microphone,71.0,0,1,2,0.5997932,0.66158557,0,2,adulto
ICB_03885_003,ICB_198,copd,AKG C417L Microphone,71.0,0,1,2,0.39984643,0.8133942,0,2,adulto
ICB_03885_004,ICB_198,copd,AKG C417L Microphone,71.0,0,1,2,0.5551178,0.5605902,0,2,adulto
ICB_03885_005,ICB_198,copd,AKG C417L Microphone,71.0,0,1,2,0.6102637,0.7090047,0,2,adulto
ICB_03885_006,ICB_198,copd,AKG C417L Microphone,71.0,0,0,2,0.6028696,0.38219324,0,0,adulto
ICB_03886_000,ICB_198,copd,AKG C417L Microphone,71.0,0,1,2,0.543889,0.6840365,0,2,adulto
ICB_03886_001,ICB_198,copd,AKG C417L Microphone,71.0,0,1,2,0.2933118,0.8758834,0,2,adulto
ICB_03886_002,ICB_198,copd,AKG C417L Microphone,71.0,0,1,2,0.79174596,0.4249958,1,2,adulto
ICB_03886_003,ICB_198,copd,AKG C417L Microphone,71.0,0,1,2,0.83093125,0.61605036,1,2,adulto
ICB_03886_004,ICB_198,copd,AKG C417L Microphone,71.0,0,1,2,0.8546961,0.28379667,1,2,adulto
ICB_03886_005,ICB_198,copd,AKG C417L Microphone,71.0,0,1,2,0.7296831,0.6271062,0,2,adulto
ICB_03886_006,ICB_198,copd,AKG C417L Microphone,71.0,0,0,2,0.6086976,0.2506774,0,0,adulto
ICB_03887_000,ICB_198,copd,AKG C417L Microphone,71.0,0,1,2,0.38414145,0.86161447,0,2,adulto
ICB_03887_001,ICB_198,copd,AKG C417L Microphone,71.0,0,1,2,0.387559,0.94975024,2,2,adulto
ICB_03887_002,ICB_198,copd,AKG C417L Microphone,71.0,0,1,2,0.46488392,0.8340358,0,2,adulto
ICB_03887_003,ICB_198,copd,AKG C417L Microphone,71.0,0,1,2,0.6201457,0.58789194,0,2,adulto
ICB_03887_004,ICB_198,copd,AKG C417L Microphone,71.0,0,1,2,0.59275174,0.75438666,0,2,adulto
ICB_03887_005,ICB_198,copd,AKG C417L Microphone,71.0,0,1,2,0.52610785,0.9234259,2,2,adulto
ICB_03887_006,ICB_198,copd,AKG C417L Microphone,71.0,0,0,2,0.40224212,0.5633245,0,0,adulto
ICB_03888_000,ICB_198,copd,AKG C417L Microphone,71.0,0,1,2,0.4093626,0.9089992,2,2,adulto
ICB_03888_001,ICB_198,copd,AKG C417L Microphone,71.0,0,1,2,0.4912754,0.45296904,0,2,adulto
ICB_03888_002,ICB_198,copd,AKG C417L Microphone,71.0,0,1,2,0.31482226,0.65684813,0,2,adulto
ICB_03888_003,ICB_198,copd,AKG C417L Microphone,71.0,0,1,2,0.21059714,0.544576,0,2,adulto
ICB_03888_004,ICB_198,copd,AKG C417L Microphone,71.0,0,1,2,0.42148048,0.317385,0,2,adulto
ICB_03888_005,ICB_198,copd,AKG C417L Microphone,71.0,0,1,2,0.40225396,0.4432951,0,2,adulto
ICB_03888_006,ICB_198,copd,AKG C417L Microphone,71.0,0,0,2,0.31127715,0.11832732,0,0,adulto
ICB_03889_000,ICB_198,copd,AKG C417L Microphone,71.0,0,0,2,0.3206264,0.63382316,0,0,adulto
ICB_03889_001,ICB_198,copd,AKG C417L Microphone,71.0,0,0,2,0.18416929,0.9130277,2,0,adulto
ICB_03889_002,ICB_198,copd,AKG C417L Microphone,71.0,0,0,2,0.31236944,0.8914628,0,0,adulto
ICB_03889_003,ICB_198,copd,AKG C417L Microphone,71.0,0,0,2,0.5542111,0.79696923,0,0,adulto
ICB_03889_004,ICB_198,copd,AKG C417L Microphone,71.0,0,0,2,0.105234765,0.90919584,2,0,adulto
ICB_03889_005,ICB_198,copd,AKG C417L Microphone,71.0,0,0,2,0.30003935,0.8005554,0,0,adulto
ICB_03889_006,ICB_198,copd,AKG C417L Microphone,71.0,0,0,2,0.206842,0.8126805,0,0,adulto
ICB_03890_000,ICB_198,copd,AKG C417L Microphone,71.0,1,0,2,0.6010872,0.59507525,0,1,adulto
ICB_03890_001,ICB_198,copd,AKG C417L Microphone,71.0,1,0,2,0.5422567,0.80219555,0,1,adulto
ICB_03890_002,ICB_198,copd,AKG C417L Microphone,71.0,1,0,2,0.7767431,0.4989312,1,1,adulto
ICB_03890_003,ICB_198,copd,AKG C417L Microphone,71.0,1,0,2,0.72260064,0.30114868,0,1,adulto
ICB_03890_004,ICB_198,copd,AKG C417L Microphone,71.0,1,0,2,0.6934148,0.44489455,0,1,adulto
ICB_03890_005,ICB_198,copd,AKG C417L Microphone,71.0,1,0,2,0.61959356,0.34182277,0,1,adulto
ICB_03891_000,ICB_198,copd,AKG C417L Microphone,71.0,0,0,2,0.67216367,0.5338341,0,0,adulto
ICB_03891_001,ICB_198,copd,AKG C417L Microphone,71.0,1,0,2,0.57972264,0.36525026,0,1,adulto
ICB_03891_002,ICB_198,copd,AKG C417L Microphone,71.0,0,0,2,0.5840076,0.5241367,0,0,adulto
ICB_03891_003,ICB_198,copd,AKG C417L Microphone,71.0,0,0,2,0.60150534,0.24674891,0,0,adulto
ICB_03891_004,ICB_198,copd,AKG C417L Microphone,71.0,0,0,2,0.5105703,0.49988917,0,0,adulto
ICB_03891_005,ICB_198,copd,AKG C417L Microphone,71.0,0,0,2,0.5144006,0.60650027,0,0,adulto
ICB_03891_006,ICB_198,copd,AKG C417L Microphone,71.0,0,0,2,0.6755847,0.50666934,0,0,adulto
ICB_03892_000,ICB_198,copd,AKG C417L Microphone,71.0,1,0,2,0.5595095,0.35976467,0,1,adulto
ICB_03892_001,ICB_198,copd,AKG C417L Microphone,71.0,1,0,2,0.5878276,0.46364868,0,1,adulto
ICB_03892_002,ICB_198,copd,AKG C417L Microphone,71.0,1,0,2,0.4754761,0.3368978,0,1,adulto
ICB_03892_003,ICB_198,copd,AKG C417L Microphone,71.0,1,0,2,0.5446506,0.21738939,0,1,adulto
ICB_03892_004,ICB_198,copd,AKG C417L Microphone,71.0,1,0,2,0.62709725,0.19029614,0,1,adulto
ICB_03892_005,ICB_198,copd,AKG C417L Microphone,71.0,1,0,2,0.3167593,0.07067498,0,1,adulto
ICB_03892_006,ICB_198,copd,AKG C417L Microphone,71.0,1,0,2,0.6297672,0.49770814,0,1,adulto
ICB_03893_000,ICB_198,copd,AKG C417L Microphone,71.0,1,0,2,0.58008987,0.10552782,0,1,adulto
ICB_03893_001,ICB_198,copd,AKG C417L Microphone,71.0,1,0,2,0.39032146,0.21144973,0,1,adulto
ICB_03893_002,ICB_198,copd,AKG C417L Microphone,71.0,1,0,2,0.6803528,0.1559826,0,1,adulto
ICB_03893_003,ICB_198,copd,AKG C417L Microphone,71.0,1,0,2,0.47355285,0.26027212,0,1,adulto
ICB_03893_004,ICB_198,copd,AKG C417L Microphone,71.0,1,0,2,0.48316705,0.15850553,0,1,adulto
ICB_03893_005,ICB_198,copd,AKG C417L Microphone,71.0,0,0,2,0.47225803,0.45572102,0,0,adulto
ICB_03893_006,ICB_198,copd,AKG C417L Microphone,71.0,1,0,2,0.2773807,0.5578935,0,1,adulto
ICB_03894_000,ICB_198,copd,AKG C417L Microphone,71.0,1,0,2,0.42690027,0.2338241,0,1,adulto
ICB_03894_001,ICB_198,copd,AKG C417L Microphone,71.0,1,0,2,0.46249312,0.12697405,0,1,adulto
ICB_03894_002,ICB_198,copd,AKG C417L Microphone,71.0,1,0,2,0.315875,0.21228132,0,1,adulto
ICB_03894_003,ICB_198,copd,AKG C417L Microphone,71.0,0,0,2,0.18281804,0.3869908,0,0,adulto
ICB_03894_004,ICB_198,copd,AKG C417L Microphone,71.0,1,0,2,0.34111935,0.17084007,0,1,adulto
ICB_03894_005,ICB_198,copd,AKG C417L Microphone,71.0,1,0,2,0.47381166,0.122793406,0,1,adulto
ICB_03894_006,ICB_198,copd,AKG C417L Microphone,71.0,0,0,2,0.3014046,0.62117314,0,0,adulto
ICB_03895_000,ICB_198,copd,AKG C417L Microphone,71.0,0,0,2,0.15251762,0.9474864,2,0,adulto
ICB_03895_001,ICB_198,copd,AKG C417L Microphone,71.0,1,0,2,0.40777025,0.4238523,0,1,adulto
ICB_03895_002,ICB_198,copd,AKG C417L Microphone,71.0,1,0,2,0.56334066,0.5982726,0,1,adulto
ICB_03895_003,ICB_198,copd,AKG C417L Microphone,71.0,1,0,2,0.6743833,0.45084158,0,1,adulto
ICB_03895_004,ICB_198,copd,AKG C417L Microphone,71.0,0,0,2,0.55764675,0.25343198,0,0,adulto
ICB_03895_005,ICB_198,copd,AKG C417L Microphone,71.0,0,0,2,0.55976564,0.235498,0,0,adulto
ICB_03895_006,ICB_198,copd,AKG C417L Microphone,71.0,0,0,2,0.69723576,0.3317057,0,0,adulto
ICB_03895_007,ICB_198,copd,AKG C417L Microphone,71.0,0,0,2,0.30066147,0.3307609,0,0,adulto
ICB_03949_000,ICB_204,copd,AKG C417L Microphone,66.0,0,0,2,0.37697455,0.33700132,0,0,adulto
ICB_03949_001,ICB_204,copd,AKG C417L Microphone,66.0,0,1,2,0.32705122,0.9772879,2,2,adulto
ICB_03949_002,ICB_204,copd,AKG C417L Microphone,66.0,0,1,2,0.22485653,0.9666512,2,2,adulto
ICB_03949_003,ICB_204,copd,AKG C417L Microphone,66.0,0,1,2,0.32563984,0.947647,2,2,adulto
ICB_03949_004,ICB_204,copd,AKG C417L Microphone,66.0,0,0,2,0.36843136,0.76281554,0,0,adulto
ICB_03949_005,ICB_204,copd,AKG C417L Microphone,66.0,0,1,2,0.3827989,0.8823811,0,2,adulto
ICB_03949_006,ICB_204,copd,AKG C417L Microphone,66.0,0,0,2,0.51311135,0.33844966,0,0,adulto
ICB_03950_000,ICB_204,copd,AKG C417L Microphone,66.0,0,0,2,0.09905982,0.41020417,0,0,adulto
ICB_03950_001,ICB_204,copd,AKG C417L Microphone,66.0,0,1,2,0.48885506,0.6189696,0,2,adulto
ICB_03950_002,ICB_204,copd,AKG C417L Microphone,66.0,0,1,2,0.10012937,0.49502707,0,2,adulto
ICB_03950_003,ICB_204,copd,AKG C417L Microphone,66.0,0,0,2,0.6439414,0.47618294,0,0,adulto
ICB_03950_004,ICB_204,copd,AKG C417L Microphone,66.0,0,0,2,0.49660343,0.26566473,0,0,adulto
ICB_03950_005,ICB_204,copd,AKG C417L Microphone,66.0,0,0,2,0.5132282,0.23807403,0,0,adulto
ICB_03950_006,ICB_204,copd,AKG C417L Microphone,66.0,0,0,2,0.29651615,0.19627658,0,0,adulto
ICB_03951_000,ICB_204,copd,AKG C417L Microphone,66.0,0,0,2,0.5029099,0.39609215,0,0,adulto
ICB_03951_001,ICB_204,copd,AKG C417L Microphone,66.0,0,0,2,0.290643,0.9942972,2,0,adulto
ICB_03951_002,ICB_204,copd,AKG C417L Microphone,66.0,0,0,2,0.33296564,0.9698989,2,0,adulto
ICB_03951_003,ICB_204,copd,AKG C417L Microphone,66.0,0,0,2,0.21999288,0.95816463,2,0,adulto
ICB_03951_004,ICB_204,copd,AKG C417L Microphone,66.0,0,0,2,0.46614182,0.81875074,0,0,adulto
ICB_03951_005,ICB_204,copd,AKG C417L Microphone,66.0,0,0,2,0.32436034,0.96939117,2,0,adulto
ICB_03951_006,ICB_204,copd,AKG C417L Microphone,66.0,0,0,2,0.5342899,0.45550355,0,0,adulto
ICB_03952_000,ICB_204,copd,AKG C417L Microphone,66.0,0,0,2,0.325612,0.46371064,0,0,adulto
ICB_03952_001,ICB_204,copd,AKG C417L Microphone,66.0,0,0,2,0.8027593,0.20522305,1,0,adulto
ICB_03952_002,ICB_204,copd,AKG C417L Microphone,66.0,0,0,2,0.31821218,0.4464957,0,0,adulto
ICB_03952_003,ICB_204,copd,AKG C417L Microphone,66.0,0,0,2,0.3632263,0.24811047,0,0,adulto
ICB_03952_004,ICB_204,copd,AKG C417L Microphone,66.0,0,0,2,0.6117035,0.3763425,0,0,adulto
ICB_03952_005,ICB_204,copd,AKG C417L Microphone,66.0,0,0,2,0.4792204,0.34674364,0,0,adulto
ICB_03952_006,ICB_204,copd,AKG C417L Microphone,66.0,0,0,2,0.45362335,0.47577888,0,0,adulto
ICB_03953_000,ICB_204,copd,AKG C417L Microphone,66.0,0,0,2,0.44883147,0.7028579,0,0,adulto
ICB_03953_001,ICB_204,copd,AKG C417L Microphone,66.0,0,0,2,0.7378573,0.21546118,0,0,adulto
ICB_03953_002,ICB_204,copd,AKG C417L Microphone,66.0,0,0,2,0.6361709,0.3600452,0,0,adulto
ICB_03953_003,ICB_204,copd,AKG C417L Microphone,66.0,0,0,2,0.40404782,0.33352667,0,0,adulto
ICB_03953_004,ICB_204,copd,AKG C417L Microphone,66.0,0,0,2,0.49895957,0.51708066,0,0,adulto
ICB_03953_005,ICB_204,copd,AKG C417L Microphone,66.0,0,0,2,0.47929436,0.42521527,0,0,adulto
ICB_03953_006,ICB_204,copd,AKG C417L Microphone,66.0,0,0,2,0.44316465,0.4431123,0,0,adulto
ICB_03954_000,ICB_204,copd,AKG C417L Microphone,66.0,0,0,2,0.81882447,0.24908727,1,0,adulto
ICB_03954_001,ICB_204,copd,AKG C417L Microphone,66.0,0,0,2,0.92707115,0.1579116,1,0,adulto
ICB_03954_002,ICB_204,copd,AKG C417L Microphone,66.0,0,0,2,0.6941699,0.3729625,0,0,adulto
ICB_03954_003,ICB_204,copd,AKG C417L Microphone,66.0,0,0,2,0.82658744,0.4149349,1,0,adulto
ICB_03954_004,ICB_204,copd,AKG C417L Microphone,66.0,0,0,2,0.85720146,0.39691576,1,0,adulto
ICB_03954_005,ICB_204,copd,AKG C417L Microphone,66.0,0,0,2,0.78255737,0.32832402,1,0,adulto
ICB_03954_006,ICB_204,copd,AKG C417L Microphone,66.0,0,0,2,0.81321496,0.5744717,1,0,adulto
ICB_03955_000,ICB_204,copd,AKG C417L Microphone,66.0,0,0,2,0.50152236,0.4859548,0,0,adulto
ICB_03955_001,ICB_204,copd,AKG C417L Microphone,66.0,0,0,2,0.51364726,0.5008965,0,0,adulto
ICB_03955_002,ICB_204,copd,AKG C417L Microphone,66.0,0,0,2,0.5695161,0.46598998,0,0,adulto
ICB_03955_003,ICB_204,copd,AKG C417L Microphone,66.0,0,0,2,0.5915148,0.3517323,0,0,adulto
ICB_03955_004,ICB_204,copd,AKG C417L Microphone,66.0,0,0,2,0.5446578,0.45660058,0,0,adulto
ICB_03955_005,ICB_204,copd,AKG C417L Microphone,66.0,0,0,2,0.4467947,0.41951406,0,0,adulto
ICB_03955_006,ICB_204,copd,AKG C417L Microphone,66.0,0,0,2,0.38391426,0.37528342,0,0,adulto
ICB_03956_000,ICB_204,copd,AKG C417L Microphone,66.0,0,0,2,0.96942836,0.7385273,1,0,adulto
ICB_03956_001,ICB_204,copd,AKG C417L Microphone,66.0,0,0,2,0.77992076,0.5747325,1,0,adulto
ICB_03956_002,ICB_204,copd,AKG C417L Microphone,66.0,0,0,2,0.7641701,0.5601903,1,0,adulto
ICB_03956_003,ICB_204,copd,AKG C417L Microphone,66.0,0,0,2,0.7774399,0.3720131,1,0,adulto
ICB_03956_004,ICB_204,copd,AKG C417L Microphone,66.0,0,0,2,0.832868,0.51889706,1,0,adulto
ICB_03956_005,ICB_204,copd,AKG C417L Microphone,66.0,0,0,2,0.8670707,0.5038122,1,0,adulto
ICB_03956_006,ICB_204,copd,AKG C417L Microphone,66.0,0,0,2,0.9053106,0.7236215,1,0,adulto
ICB_03957_000,ICB_204,copd,AKG C417L Microphone,66.0,0,0,2,0.20342782,0.23929225,0,0,adulto
ICB_03957_001,ICB_204,copd,AKG C417L Microphone,66.0,0,0,2,0.19486485,0.25071606,0,0,adulto
ICB_03957_002,ICB_204,copd,AKG C417L Microphone,66.0,0,0,2,0.25642735,0.3054197,0,0,adulto
ICB_03957_003,ICB_204,copd,AKG C417L Microphone,66.0,0,0,2,0.5398992,0.6675029,0,0,adulto
ICB_03957_004,ICB_204,copd,AKG C417L Microphone,66.0,0,0,2,0.51126325,0.33193782,0,0,adulto
ICB_03957_005,ICB_204,copd,AKG C417L Microphone,66.0,0,0,2,0.51832896,0.4439958,0,0,adulto
ICB_03957_006,ICB_204,copd,AKG C417L Microphone,66.0,0,0,2,0.22733504,0.23103581,0,0,adulto
ICB_04002_000,ICB_208,normal_lung,3M Littmann Classic II SE,5.0,0,0,2,0.42125207,0.60879356,0,0,pediátrico (<18)
ICB_04002_001,ICB_208,normal_lung,3M Littmann Classic II SE,5.0,0,0,2,0.44162548,0.3200672,0,0,pediátrico (<18)
ICB_04002_002,ICB_208,normal_lung,3M Littmann Classic II SE,5.0,0,0,2,0.45692205,0.47312188,0,0,pediátrico (<18)
ICB_04002_003,ICB_208,normal_lung,3M Littmann Classic II SE,5.0,0,0,2,0.58350307,0.44378102,0,0,pediátrico (<18)
ICB_04002_004,ICB_208,normal_lung,3M Littmann Classic II SE,5.0,0,0,2,0.49908435,0.2486759,0,0,pediátrico (<18)
ICB_04002_005,ICB_208,normal_lung,3M Littmann Classic II SE,5.0,0,0,2,0.38750997,0.492156,0,0,pediátrico (<18)
ICB_04002_006,ICB_208,normal_lung,3M Littmann Classic II SE,5.0,0,0,2,0.58623356,0.38714838,0,0,pediátrico (<18)
ICB_04002_007,ICB_208,normal_lung,3M Littmann Classic II SE,5.0,0,0,2,0.7059925,0.4366885,0,0,pediátrico (<18)
ICB_04002_008,ICB_208,normal_lung,3M Littmann Classic II SE,5.0,0,0,2,0.41061205,0.2619862,0,0,pediátrico (<18)
ICB_04002_009,ICB_208,normal_lung,3M Littmann Classic II SE,5.0,0,0,2,0.76820695,0.48015526,1,0,pediátrico (<18)
ICB_04002_010,ICB_208,normal_lung,3M Littmann Classic II SE,5.0,0,0,2,0.6130534,0.3908625,0,0,pediátrico (<18)
ICB_04002_011,ICB_208,normal_lung,3M Littmann Classic II SE,5.0,0,0,2,0.64680684,0.38015017,0,0,pediátrico (<18)
ICB_04002_012,ICB_208,normal_lung,3M Littmann Classic II SE,5.0,0,0,2,0.42624027,0.23404771,0,0,pediátrico (<18)
ICB_04006_000,ICB_211,copd,AKG C417L Microphone,70.0,0,0,2,0.3725386,0.32805812,0,0,adulto
ICB_04006_001,ICB_211,copd,AKG C417L Microphone,70.0,0,0,2,0.35414696,0.445442,0,0,adulto
ICB_04006_002,ICB_211,copd,AKG C417L Microphone,70.0,0,0,2,0.48164058,0.46114594,0,0,adulto
ICB_04006_003,ICB_211,copd,AKG C417L Microphone,70.0,0,0,2,0.30477798,0.6355442,0,0,adulto
ICB_04006_004,ICB_211,copd,AKG C417L Microphone,70.0,0,0,2,0.4018439,0.83001333,0,0,adulto
ICB_04006_005,ICB_211,copd,AKG C417L Microphone,70.0,0,0,2,0.6086277,0.42211974,0,0,adulto
ICB_04006_006,ICB_211,copd,AKG C417L Microphone,70.0,0,0,2,0.3189885,0.6633799,0,0,adulto
ICB_04006_007,ICB_211,copd,AKG C417L Microphone,70.0,0,0,2,0.4245518,0.6353749,0,0,adulto
ICB_04006_008,ICB_211,copd,AKG C417L Microphone,70.0,0,0,2,0.38108695,0.7960666,0,0,adulto
ICB_04006_009,ICB_211,copd,AKG C417L Microphone,70.0,0,0,2,0.60795665,0.28998393,0,0,adulto
ICB_04006_010,ICB_211,copd,AKG C417L Microphone,70.0,0,0,2,0.37896004,0.50216526,0,0,adulto
ICB_04006_011,ICB_211,copd,AKG C417L Microphone,70.0,0,0,2,0.4499778,0.20803468,0,0,adulto
ICB_04006_012,ICB_211,copd,AKG C417L Microphone,70.0,0,0,2,0.33169243,0.9725045,2,0,adulto
ICB_04007_000,ICB_211,copd,AKG C417L Microphone,70.0,0,1,2,0.56892097,0.61314046,0,2,adulto
ICB_04007_001,ICB_211,copd,AKG C417L Microphone,70.0,1,1,2,0.6743233,0.43258905,0,3,adulto
ICB_04007_002,ICB_211,copd,AKG C417L Microphone,70.0,1,1,2,0.39738718,0.580205,0,3,adulto
ICB_04007_003,ICB_211,copd,AKG C417L Microphone,70.0,1,0,2,0.29495284,0.34897518,0,1,adulto
ICB_04007_004,ICB_211,copd,AKG C417L Microphone,70.0,1,0,2,0.4489922,0.44290483,0,1,adulto
ICB_04007_005,ICB_211,copd,AKG C417L Microphone,70.0,1,1,2,0.6371155,0.69097537,0,3,adulto
ICB_04007_006,ICB_211,copd,AKG C417L Microphone,70.0,1,0,2,0.40482524,0.59060186,0,1,adulto
ICB_04007_007,ICB_211,copd,AKG C417L Microphone,70.0,0,1,2,0.51951694,0.49137083,0,2,adulto
ICB_04007_008,ICB_211,copd,AKG C417L Microphone,70.0,1,1,2,0.44279632,0.58727574,0,3,adulto
ICB_04007_009,ICB_211,copd,AKG C417L Microphone,70.0,0,1,2,0.2505003,0.5249845,0,2,adulto
ICB_04007_010,ICB_211,copd,AKG C417L Microphone,70.0,0,1,2,0.5530814,0.7375571,0,2,adulto
ICB_04007_011,ICB_211,copd,AKG C417L Microphone,70.0,1,0,2,0.36787254,0.55059445,0,1,adulto
ICB_04007_012,ICB_211,copd,AKG C417L Microphone,70.0,1,0,2,0.26976687,0.3558809,0,1,adulto
ICB_04008_000,ICB_211,copd,AKG C417L Microphone,70.0,0,0,2,0.5332604,0.45673934,0,0,adulto
ICB_04008_001,ICB_211,copd,AKG C417L Microphone,70.0,0,0,2,0.53410137,0.5319307,0,0,adulto
ICB_04008_002,ICB_211,copd,AKG C417L Microphone,70.0,0,0,2,0.43751815,0.56386125,0,0,adulto
ICB_04008_003,ICB_211,copd,AKG C417L Microphone,70.0,0,0,2,0.5041569,0.30560508,0,0,adulto
ICB_04008_004,ICB_211,copd,AKG C417L Microphone,70.0,0,0,2,0.46255067,0.30638218,0,0,adulto
ICB_04008_005,ICB_211,copd,AKG C417L Microphone,70.0,0,0,2,0.62501824,0.5946697,0,0,adulto
ICB_04008_006,ICB_211,copd,AKG C417L Microphone,70.0,0,0,2,0.5474064,0.531033,0,0,adulto
ICB_04008_007,ICB_211,copd,AKG C417L Microphone,70.0,0,0,2,0.64837337,0.44134122,0,0,adulto
ICB_04008_008,ICB_211,copd,AKG C417L Microphone,70.0,0,0,2,0.47854075,0.3555406,0,0,adulto
ICB_04008_009,ICB_211,copd,AKG C417L Microphone,70.0,0,0,2,0.5068586,0.44074425,0,0,adulto
ICB_04008_010,ICB_211,copd,AKG C417L Microphone,70.0,0,0,2,0.82487965,0.007896022,1,0,adulto
ICB_04008_011,ICB_211,copd,AKG C417L Microphone,70.0,0,0,2,0.6612696,0.19230372,0,0,adulto
ICB_04008_012,ICB_211,copd,AKG C417L Microphone,70.0,0,0,2,0.28306603,0.2366443,0,0,adulto
ICB_04009_000,ICB_211,copd,AKG C417L Microphone,70.0,0,0,2,0.652271,0.16398339,0,0,adulto
ICB_04009_001,ICB_211,copd,AKG C417L Microphone,70.0,0,0,2,0.3067962,0.28899795,0,0,adulto
ICB_04009_002,ICB_211,copd,AKG C417L Microphone,70.0,0,0,2,0.32892975,0.755997,0,0,adulto
ICB_04009_003,ICB_211,copd,AKG C417L Microphone,70.0,0,0,2,0.23121683,0.37791106,0,0,adulto
ICB_04009_004,ICB_211,copd,AKG C417L Microphone,70.0,0,0,2,0.23696178,0.36181897,0,0,adulto
ICB_04009_005,ICB_211,copd,AKG C417L Microphone,70.0,0,0,2,0.3839839,0.41029942,0,0,adulto
ICB_04009_006,ICB_211,copd,AKG C417L Microphone,70.0,0,0,2,0.27315536,0.73358625,0,0,adulto
ICB_04009_007,ICB_211,copd,AKG C417L Microphone,70.0,0,0,2,0.28930727,0.4660112,0,0,adulto
ICB_04009_008,ICB_211,copd,AKG C417L Microphone,70.0,0,0,2,0.11388723,0.73980415,0,0,adulto
ICB_04009_009,ICB_211,copd,AKG C417L Microphone,70.0,0,0,2,0.47218174,0.34664685,0,0,adulto
ICB_04009_010,ICB_211,copd,AKG C417L Microphone,70.0,0,0,2,0.3005027,0.46701065,0,0,adulto
ICB_04009_011,ICB_211,copd,AKG C417L Microphone,70.0,0,0,2,0.44223133,0.49354753,0,0,adulto
ICB_04009_012,ICB_211,copd,AKG C417L Microphone,70.0,0,0,2,0.28826317,0.47164848,0,0,adulto
ICB_04009_013,ICB_211,copd,AKG C417L Microphone,70.0,0,0,2,0.25715965,0.34333152,0,0,adulto
ICB_04010_000,ICB_211,copd,AKG C417L Microphone,70.0,0,0,2,0.5711164,0.36103147,0,0,adulto
ICB_04010_001,ICB_211,copd,AKG C417L Microphone,70.0,0,0,2,0.26845786,0.26680234,0,0,adulto
ICB_04010_002,ICB_211,copd,AKG C417L Microphone,70.0,0,0,2,0.23331937,0.31380334,0,0,adulto
ICB_04010_003,ICB_211,copd,AKG C417L Microphone,70.0,0,0,2,0.45295587,0.54205316,0,0,adulto
ICB_04010_004,ICB_211,copd,AKG C417L Microphone,70.0,0,0,2,0.29282486,0.23173262,0,0,adulto
ICB_04010_005,ICB_211,copd,AKG C417L Microphone,70.0,0,0,2,0.25405425,0.6443588,0,0,adulto
ICB_04010_006,ICB_211,copd,AKG C417L Microphone,70.0,0,0,2,0.2118273,0.38920727,0,0,adulto
ICB_04010_007,ICB_211,copd,AKG C417L Microphone,70.0,0,0,2,0.4400718,0.4707731,0,0,adulto
ICB_04010_008,ICB_211,copd,AKG C417L Microphone,70.0,0,0,2,0.21518843,0.732554,0,0,adulto
ICB_04010_009,ICB_211,copd,AKG C417L Microphone,70.0,0,0,2,0.22089152,0.66471374,0,0,adulto
ICB_04010_010,ICB_211,copd,AKG C417L Microphone,70.0,0,0,2,0.4108919,0.19910581,0,0,adulto
ICB_04010_011,ICB_211,copd,AKG C417L Microphone,70.0,0,0,2,0.22623363,0.8040603,0,0,adulto
ICB_04010_012,ICB_211,copd,AKG C417L Microphone,70.0,0,0,2,0.25127757,0.5218155,0,0,adulto
ICB_04010_013,ICB_211,copd,AKG C417L Microphone,70.0,0,0,2,0.20521866,0.8324957,0,0,adulto
ICB_04011_000,ICB_211,copd,AKG C417L Microphone,70.0,0,0,2,0.08897601,0.36821017,0,0,adulto
ICB_04011_001,ICB_211,copd,AKG C417L Microphone,70.0,0,0,2,0.33886546,0.34231073,0,0,adulto
ICB_04011_002,ICB_211,copd,AKG C417L Microphone,70.0,0,0,2,0.055503815,0.5684637,0,0,adulto
ICB_04011_003,ICB_211,copd,AKG C417L Microphone,70.0,0,0,2,0.23889068,0.19469914,0,0,adulto
ICB_04011_004,ICB_211,copd,AKG C417L Microphone,70.0,0,0,2,0.31473556,0.23280396,0,0,adulto
ICB_04011_005,ICB_211,copd,AKG C417L Microphone,70.0,0,0,2,0.34383312,0.32591668,0,0,adulto
ICB_04011_006,ICB_211,copd,AKG C417L Microphone,70.0,0,0,2,0.2840212,0.42174816,0,0,adulto
ICB_04011_007,ICB_211,copd,AKG C417L Microphone,70.0,0,0,2,0.2039885,0.26906502,0,0,adulto
ICB_04011_008,ICB_211,copd,AKG C417L Microphone,70.0,0,0,2,0.46184453,0.3798723,0,0,adulto
ICB_04011_009,ICB_211,copd,AKG C417L Microphone,70.0,0,0,2,0.22280313,0.39040494,0,0,adulto
ICB_04011_010,ICB_211,copd,AKG C417L Microphone,70.0,0,0,2,0.29394448,0.58176583,0,0,adulto
ICB_04011_011,ICB_211,copd,AKG C417L Microphone,70.0,0,0,2,0.21051638,0.63901925,0,0,adulto
ICB_04011_012,ICB_211,copd,AKG C417L Microphone,70.0,0,0,2,0.13319884,0.2114582,0,0,adulto
ICB_04012_000,ICB_211,copd,AKG C417L Microphone,70.0,0,0,2,0.114514396,0.46132955,0,0,adulto
ICB_04012_001,ICB_211,copd,AKG C417L Microphone,70.0,0,0,2,0.26793796,0.32653975,0,0,adulto
ICB_04012_002,ICB_211,copd,AKG C417L Microphone,70.0,0,0,2,0.37479842,0.57461566,0,0,adulto
ICB_04012_003,ICB_211,copd,AKG C417L Microphone,70.0,0,0,2,0.11120472,0.2109208,0,0,adulto
ICB_04012_004,ICB_211,copd,AKG C417L Microphone,70.0,0,0,2,0.1736409,0.40922737,0,0,adulto
ICB_04012_005,ICB_211,copd,AKG C417L Microphone,70.0,0,0,2,0.07639782,0.21161322,0,0,adulto
ICB_04012_006,ICB_211,copd,AKG C417L Microphone,70.0,0,0,2,0.14294171,0.38997975,0,0,adulto
ICB_04012_007,ICB_211,copd,AKG C417L Microphone,70.0,0,0,2,0.28758332,0.44570744,0,0,adulto
ICB_04012_008,ICB_211,copd,AKG C417L Microphone,70.0,0,0,2,0.104892716,0.47757894,0,0,adulto
ICB_04012_009,ICB_211,copd,AKG C417L Microphone,70.0,0,0,2,0.0774196,0.65703124,0,0,adulto
ICB_04012_010,ICB_211,copd,AKG C417L Microphone,70.0,0,0,2,0.10215442,0.4126091,0,0,adulto
ICB_04012_011,ICB_211,copd,AKG C417L Microphone,70.0,0,0,2,0.110448785,0.34209582,0,0,adulto
ICB_04012_012,ICB_211,copd,AKG C417L Microphone,70.0,0,0,2,0.046955068,0.44958162,0,0,adulto
ICB_04012_013,ICB_211,copd,AKG C417L Microphone,70.0,0,0,2,0.064400256,0.49137774,0,0,adulto
ICB_04012_014,ICB_211,copd,AKG C417L Microphone,70.0,0,0,2,0.07789719,0.1926678,0,0,adulto
ICB_04012_015,ICB_211,copd,AKG C417L Microphone,70.0,0,0,2,0.15965591,0.22975467,0,0,adulto
ICB_04013_000,ICB_211,copd,AKG C417L Microphone,70.0,0,0,2,0.32798406,0.79391533,0,0,adulto
ICB_04013_001,ICB_211,copd,AKG C417L Microphone,70.0,0,0,2,0.10264261,0.4944884,0,0,adulto
ICB_04013_002,ICB_211,copd,AKG C417L Microphone,70.0,0,0,2,0.076434575,0.40525502,0,0,adulto
ICB_04013_003,ICB_211,copd,AKG C417L Microphone,70.0,0,0,2,0.16949804,0.7357782,0,0,adulto
ICB_04013_004,ICB_211,copd,AKG C417L Microphone,70.0,0,0,2,0.17973654,0.46158904,0,0,adulto
ICB_04013_005,ICB_211,copd,AKG C417L Microphone,70.0,0,0,2,0.1556649,0.6718675,0,0,adulto
ICB_04013_006,ICB_211,copd,AKG C417L Microphone,70.0,0,0,2,0.1871345,0.5058476,0,0,adulto
ICB_04013_007,ICB_211,copd,AKG C417L Microphone,70.0,0,0,2,0.10659033,0.42735884,0,0,adulto
ICB_04013_008,ICB_211,copd,AKG C417L Microphone,70.0,0,0,2,0.50791514,0.41563877,0,0,adulto
ICB_04013_009,ICB_211,copd,AKG C417L Microphone,70.0,0,0,2,0.15548117,0.5279694,0,0,adulto
ICB_04013_010,ICB_211,copd,AKG C417L Microphone,70.0,0,0,2,0.085665576,0.48143885,0,0,adulto
ICB_04013_011,ICB_211,copd,AKG C417L Microphone,70.0,0,0,2,0.123912536,0.6003035,0,0,adulto
ICB_04013_012,ICB_211,copd,AKG C417L Microphone,70.0,0,0,2,0.15772173,0.51883626,0,0,adulto
ICB_04013_013,ICB_211,copd,AKG C417L Microphone,70.0,0,0,2,0.17052011,0.58966506,0,0,adulto
ICB_04013_014,ICB_211,copd,AKG C417L Microphone,70.0,0,0,2,0.1774575,0.43106988,0,0,adulto
ICB_04014_000,ICB_212,copd,3M Littmann Classic II SE,83.0,0,0,2,0.696861,0.08953348,0,0,adulto
ICB_04014_001,ICB_212,copd,3M Littmann Classic II SE,83.0,1,0,2,0.49723664,0.53055954,0,1,adulto
ICB_04014_002,ICB_212,copd,3M Littmann Classic II SE,83.0,0,0,2,0.5145299,0.37653446,0,0,adulto
ICB_04014_003,ICB_212,copd,3M Littmann Classic II SE,83.0,1,0,2,0.5607872,0.36855352,0,1,adulto
ICB_04014_004,ICB_212,copd,3M Littmann Classic II SE,83.0,0,0,2,0.4768576,0.35678488,0,0,adulto
ICB_04014_005,ICB_212,copd,3M Littmann Classic II SE,83.0,0,0,2,0.4982524,0.20542063,0,0,adulto
ICB_04014_006,ICB_212,copd,3M Littmann Classic II SE,83.0,0,0,2,0.47517747,0.37685654,0,0,adulto
ICB_04077_000,ICB_224,normal_lung,AKG C417L Microphone,10.0,0,0,2,0.581567,0.30151182,0,0,pediátrico (<18)
ICB_04077_001,ICB_224,normal_lung,AKG C417L Microphone,10.0,0,0,2,0.60160094,0.1776734,0,0,pediátrico (<18)
ICB_04077_002,ICB_224,normal_lung,AKG C417L Microphone,10.0,0,0,2,0.530376,0.18188892,0,0,pediátrico (<18)
ICB_04077_003,ICB_224,normal_lung,AKG C417L Microphone,10.0,0,0,2,0.36646673,0.1653799,0,0,pediátrico (<18)
ICB_04077_004,ICB_224,normal_lung,AKG C417L Microphone,10.0,0,0,2,0.43634877,0.08505447,0,0,pediátrico (<18)
ICB_04077_005,ICB_224,normal_lung,AKG C417L Microphone,10.0,0,0,2,0.6083916,0.2886716,0,0,pediátrico (<18)
ICB_04077_006,ICB_224,normal_lung,AKG C417L Microphone,10.0,0,0,2,0.5427181,0.13269836,0,0,pediátrico (<18)
ICB_04078_000,ICB_224,normal_lung,AKG C417L Microphone,10.0,0,0,2,0.44556284,0.28372237,0,0,pediátrico (<18)
ICB_04078_001,ICB_224,normal_lung,AKG C417L Microphone,10.0,0,0,2,0.51494384,0.43357992,0,0,pediátrico (<18)
ICB_04078_002,ICB_224,normal_lung,AKG C417L Microphone,10.0,0,0,2,0.69074106,0.17455988,0,0,pediátrico (<18)
ICB_04078_003,ICB_224,normal_lung,AKG C417L Microphone,10.0,0,0,2,0.41426796,0.24176104,0,0,pediátrico (<18)
ICB_04078_004,ICB_224,normal_lung,AKG C417L Microphone,10.0,0,0,2,0.57491136,0.403317,0,0,pediátrico (<18)
ICB_04078_005,ICB_224,normal_lung,AKG C417L Microphone,10.0,0,0,2,0.4336082,0.41616163,0,0,pediátrico (<18)
ICB_04078_006,ICB_224,normal_lung,AKG C417L Microphone,10.0,0,0,2,0.13616587,0.38480982,0,0,pediátrico (<18)
ICB_04079_000,ICB_225,normal_lung,AKG C417L Microphone,0.83,0,0,2,0.33588365,0.14470711,0,0,pediátrico (<18)
ICB_04079_001,ICB_225,normal_lung,AKG C417L Microphone,0.83,0,0,2,0.41080916,0.28664374,0,0,pediátrico (<18)
ICB_04079_002,ICB_225,normal_lung,AKG C417L Microphone,0.83,0,0,2,0.28257594,0.48572418,0,0,pediátrico (<18)
ICB_04079_003,ICB_225,normal_lung,AKG C417L Microphone,0.83,0,0,2,0.632343,0.64883417,0,0,pediátrico (<18)
ICB_04079_004,ICB_225,normal_lung,AKG C417L Microphone,0.83,0,0,2,0.22085674,0.33783868,0,0,pediátrico (<18)
ICB_04079_005,ICB_225,normal_lung,AKG C417L Microphone,0.83,0,0,2,0.23671602,0.42529064,0,0,pediátrico (<18)
ICB_04079_006,ICB_225,normal_lung,AKG C417L Microphone,0.83,0,0,2,0.13673544,0.43844333,0,0,pediátrico (<18)
ICB_04079_007,ICB_225,normal_lung,AKG C417L Microphone,0.83,0,0,2,0.2954858,0.5052027,0,0,pediátrico (<18)
ICB_04079_008,ICB_225,normal_lung,AKG C417L Microphone,0.83,0,0,2,0.31803194,0.55609196,0,0,pediátrico (<18)
ICB_04079_009,ICB_225,normal_lung,AKG C417L Microphone,0.83,0,0,2,0.4266015,0.47631413,0,0,pediátrico (<18)
ICB_04079_010,ICB_225,normal_lung,AKG C417L Microphone,0.83,0,0,2,0.2887426,0.3603447,0,0,pediátrico (<18)
ICB_04079_011,ICB_225,normal_lung,AKG C417L Microphone,0.83,0,0,2,0.4564551,0.3018558,0,0,pediátrico (<18)
ICB_04079_012,ICB_225,normal_lung,AKG C417L Microphone,0.83,0,0,2,0.18045908,0.43271473,0,0,pediátrico (<18)
ICB_04079_013,ICB_225,normal_lung,AKG C417L Microphone,0.83,0,0,2,0.022048282,0.36547044,0,0,pediátrico (<18)
ICB_03205_000,ICB_109,copd,3M Littmann 3200 Electronic,84.0,0,0,3,0.43784046,0.6945444,0,0,adulto
ICB_03205_001,ICB_109,copd,3M Littmann 3200 Electronic,84.0,0,0,3,0.48586804,0.3587529,0,0,adulto
ICB_03205_002,ICB_109,copd,3M Littmann 3200 Electronic,84.0,0,0,3,0.57895553,0.65094084,0,0,adulto
ICB_03205_003,ICB_109,copd,3M Littmann 3200 Electronic,84.0,0,0,3,0.42036572,0.4149304,0,0,adulto
ICB_03205_004,ICB_109,copd,3M Littmann 3200 Electronic,84.0,0,0,3,0.4146941,0.45797244,0,0,adulto
ICB_03205_005,ICB_109,copd,3M Littmann 3200 Electronic,84.0,0,0,3,0.49483845,0.5198754,0,0,adulto
ICB_03205_006,ICB_109,copd,3M Littmann 3200 Electronic,84.0,0,0,3,0.36609623,0.45154852,0,0,adulto
ICB_03205_007,ICB_109,copd,3M Littmann 3200 Electronic,84.0,0,0,3,0.1708936,0.99381554,2,0,adulto
ICB_03205_008,ICB_109,copd,3M Littmann 3200 Electronic,84.0,0,0,3,0.25281742,0.9217183,0,0,adulto
ICB_03206_000,ICB_109,copd,3M Littmann 3200 Electronic,84.0,0,0,3,0.33178365,0.8934418,0,0,adulto
ICB_03206_001,ICB_109,copd,3M Littmann 3200 Electronic,84.0,0,0,3,0.49383098,0.4719771,0,0,adulto
ICB_03206_002,ICB_109,copd,3M Littmann 3200 Electronic,84.0,0,0,3,0.40955848,0.6892238,0,0,adulto
ICB_03206_003,ICB_109,copd,3M Littmann 3200 Electronic,84.0,0,0,3,0.38083076,0.54589087,0,0,adulto
ICB_03206_004,ICB_109,copd,3M Littmann 3200 Electronic,84.0,0,0,3,0.3400209,0.46171296,0,0,adulto
ICB_03206_005,ICB_109,copd,3M Littmann 3200 Electronic,84.0,0,0,3,0.6209064,0.41984704,1,0,adulto
ICB_03206_006,ICB_109,copd,3M Littmann 3200 Electronic,84.0,0,0,3,0.48659745,0.32774642,0,0,adulto
ICB_03206_007,ICB_109,copd,3M Littmann 3200 Electronic,84.0,0,0,3,0.3865186,0.59403306,0,0,adulto
ICB_03206_008,ICB_109,copd,3M Littmann 3200 Electronic,84.0,0,0,3,0.24361156,0.9786251,2,0,adulto
ICB_03206_009,ICB_109,copd,3M Littmann 3200 Electronic,84.0,0,0,3,0.42795596,0.84597474,0,0,adulto
ICB_03207_000,ICB_109,copd,3M Littmann 3200 Electronic,84.0,0,0,3,0.38681883,0.5541991,0,0,adulto
ICB_03207_001,ICB_109,copd,3M Littmann 3200 Electronic,84.0,1,0,3,0.3144182,0.85657126,0,1,adulto
ICB_03207_002,ICB_109,copd,3M Littmann 3200 Electronic,84.0,1,0,3,0.33743417,0.5184633,0,1,adulto
ICB_03207_003,ICB_109,copd,3M Littmann 3200 Electronic,84.0,1,0,3,0.31546435,0.51966006,0,1,adulto
ICB_03207_004,ICB_109,copd,3M Littmann 3200 Electronic,84.0,1,0,3,0.5000717,0.22396146,0,1,adulto
ICB_03207_005,ICB_109,copd,3M Littmann 3200 Electronic,84.0,1,0,3,0.48288718,0.3158857,0,1,adulto
ICB_03207_006,ICB_109,copd,3M Littmann 3200 Electronic,84.0,1,0,3,0.29057175,0.9604687,2,1,adulto
ICB_03207_007,ICB_109,copd,3M Littmann 3200 Electronic,84.0,1,0,3,0.33946198,0.76399106,0,1,adulto
ICB_03208_000,ICB_109,copd,3M Littmann 3200 Electronic,84.0,1,0,3,0.24686128,0.8354804,0,1,adulto
ICB_03208_001,ICB_109,copd,3M Littmann 3200 Electronic,84.0,1,0,3,0.3824238,0.40282962,0,1,adulto
ICB_03208_002,ICB_109,copd,3M Littmann 3200 Electronic,84.0,1,0,3,0.7202589,0.3398111,1,1,adulto
ICB_03208_003,ICB_109,copd,3M Littmann 3200 Electronic,84.0,1,0,3,0.5439073,0.45677257,0,1,adulto
ICB_03208_004,ICB_109,copd,3M Littmann 3200 Electronic,84.0,1,0,3,0.42780283,0.36314407,0,1,adulto
ICB_03208_005,ICB_109,copd,3M Littmann 3200 Electronic,84.0,1,0,3,0.0029010703,0.9999136,2,1,adulto
ICB_03208_006,ICB_109,copd,3M Littmann 3200 Electronic,84.0,1,0,3,0.2699281,0.88694364,0,1,adulto
ICB_03208_007,ICB_109,copd,3M Littmann 3200 Electronic,84.0,1,0,3,0.336739,0.3024463,0,1,adulto
ICB_03209_000,ICB_109,copd,3M Littmann 3200 Electronic,84.0,0,0,3,0.5790565,0.54906654,0,0,adulto
ICB_03209_001,ICB_109,copd,3M Littmann 3200 Electronic,84.0,0,0,3,0.6677033,0.56153,1,0,adulto
ICB_03209_002,ICB_109,copd,3M Littmann 3200 Electronic,84.0,0,0,3,0.6817646,0.5613566,1,0,adulto
ICB_03209_003,ICB_109,copd,3M Littmann 3200 Electronic,84.0,0,0,3,0.7438158,0.59897345,1,0,adulto
ICB_03209_004,ICB_109,copd,3M Littmann 3200 Electronic,84.0,0,0,3,0.7493965,0.8901298,1,0,adulto
ICB_03209_005,ICB_109,copd,3M Littmann 3200 Electronic,84.0,0,0,3,0.15870786,0.9832585,2,0,adulto
ICB_03209_006,ICB_109,copd,3M Littmann 3200 Electronic,84.0,0,0,3,0.47978967,0.74204695,0,0,adulto
ICB_03209_007,ICB_109,copd,3M Littmann 3200 Electronic,84.0,0,0,3,0.34679604,0.7009174,0,0,adulto
ICB_03209_008,ICB_109,copd,3M Littmann 3200 Electronic,84.0,0,0,3,0.39243782,0.7789155,0,0,adulto
ICB_03210_000,ICB_109,copd,3M Littmann 3200 Electronic,84.0,0,0,3,0.2375503,0.6733018,0,0,adulto
ICB_03210_001,ICB_109,copd,3M Littmann 3200 Electronic,84.0,0,0,3,0.34728834,0.8833351,0,0,adulto
ICB_03210_002,ICB_109,copd,3M Littmann 3200 Electronic,84.0,0,0,3,0.35682037,0.67930114,0,0,adulto
ICB_03210_003,ICB_109,copd,3M Littmann 3200 Electronic,84.0,0,0,3,0.35306486,0.6188853,0,0,adulto
ICB_03210_004,ICB_109,copd,3M Littmann 3200 Electronic,84.0,0,0,3,0.27734694,0.6279188,0,0,adulto
ICB_03210_005,ICB_109,copd,3M Littmann 3200 Electronic,84.0,0,0,3,0.35152686,0.63785625,0,0,adulto
ICB_03210_006,ICB_109,copd,3M Littmann 3200 Electronic,84.0,0,0,3,0.5513334,0.7696984,0,0,adulto
ICB_03210_007,ICB_109,copd,3M Littmann 3200 Electronic,84.0,0,0,3,0.45541394,0.5469906,0,0,adulto
ICB_03210_008,ICB_109,copd,3M Littmann 3200 Electronic,84.0,0,0,3,0.46610203,0.9087945,0,0,adulto
ICB_03210_009,ICB_109,copd,3M Littmann 3200 Electronic,84.0,0,0,3,0.0,1.0,2,0,adulto
ICB_03210_010,ICB_109,copd,3M Littmann 3200 Electronic,84.0,0,0,3,0.3762525,0.9477247,0,0,adulto
ICB_03210_011,ICB_109,copd,3M Littmann 3200 Electronic,84.0,0,0,3,0.39399743,0.8612486,0,0,adulto
ICB_03210_012,ICB_109,copd,3M Littmann 3200 Electronic,84.0,0,0,3,0.35082978,0.9313558,0,0,adulto
ICB_03210_013,ICB_109,copd,3M Littmann 3200 Electronic,84.0,0,0,3,0.36120015,0.7786161,0,0,adulto
ICB_03210_014,ICB_109,copd,3M Littmann 3200 Electronic,84.0,0,0,3,0.34837648,0.7166682,0,0,adulto
ICB_03210_015,ICB_109,copd,3M Littmann 3200 Electronic,84.0,0,0,3,0.29757297,0.78678495,0,0,adulto
ICB_03210_016,ICB_109,copd,3M Littmann 3200 Electronic,84.0,0,0,3,0.45046878,0.8160081,0,0,adulto
ICB_03218_000,ICB_112,copd,WelchAllyn Meditron Master Elite,60.0,0,0,3,0.67172664,0.38539732,1,0,adulto
ICB_03218_001,ICB_112,copd,WelchAllyn Meditron Master Elite,60.0,0,0,3,0.684291,0.4854354,1,0,adulto
ICB_03218_002,ICB_112,copd,WelchAllyn Meditron Master Elite,60.0,0,0,3,0.572705,0.33614194,0,0,adulto
ICB_03218_003,ICB_112,copd,WelchAllyn Meditron Master Elite,60.0,0,0,3,0.77783823,0.28143877,1,0,adulto
ICB_03218_004,ICB_112,copd,WelchAllyn Meditron Master Elite,60.0,0,0,3,0.621958,0.5517239,1,0,adulto
ICB_03218_005,ICB_112,copd,WelchAllyn Meditron Master Elite,60.0,0,0,3,0.6814595,0.33299387,1,0,adulto
ICB_03218_006,ICB_112,copd,WelchAllyn Meditron Master Elite,60.0,0,0,3,0.6515325,0.71236175,1,0,adulto
ICB_03218_007,ICB_112,copd,WelchAllyn Meditron Master Elite,60.0,0,0,3,0.6099228,0.470834,1,0,adulto
ICB_03218_008,ICB_112,copd,WelchAllyn Meditron Master Elite,60.0,1,0,3,0.62963516,0.5680028,1,1,adulto
ICB_03218_009,ICB_112,copd,WelchAllyn Meditron Master Elite,60.0,0,0,3,0.811652,0.33691266,1,0,adulto
ICB_03218_010,ICB_112,copd,WelchAllyn Meditron Master Elite,60.0,0,0,3,0.60610485,0.6499707,1,0,adulto
ICB_03218_011,ICB_112,copd,WelchAllyn Meditron Master Elite,60.0,0,0,3,0.5862939,0.6162695,0,0,adulto
ICB_03218_012,ICB_112,copd,WelchAllyn Meditron Master Elite,60.0,0,0,3,0.5346647,0.68905306,0,0,adulto
ICB_03218_013,ICB_112,copd,WelchAllyn Meditron Master Elite,60.0,0,0,3,0.71579933,0.48246127,1,0,adulto
ICB_03218_014,ICB_112,copd,WelchAllyn Meditron Master Elite,60.0,0,0,3,0.57897276,0.6444525,0,0,adulto
ICB_03218_015,ICB_112,copd,WelchAllyn Meditron Master Elite,60.0,0,0,3,0.5500967,0.623214,0,0,adulto
ICB_03218_016,ICB_112,copd,WelchAllyn Meditron Master Elite,60.0,0,0,3,0.23879673,0.646909,0,0,adulto
ICB_03219_000,ICB_112,copd,WelchAllyn Meditron Master Elite,60.0,1,1,3,0.73575115,0.75793844,1,3,adulto
ICB_03219_001,ICB_112,copd,WelchAllyn Meditron Master Elite,60.0,1,0,3,0.6964949,0.46562573,1,1,adulto
ICB_03219_002,ICB_112,copd,WelchAllyn Meditron Master Elite,60.0,1,1,3,0.7254635,0.753548,1,3,adulto
ICB_03219_003,ICB_112,copd,WelchAllyn Meditron Master Elite,60.0,1,0,3,0.77613896,0.7398314,1,1,adulto
ICB_03219_004,ICB_112,copd,WelchAllyn Meditron Master Elite,60.0,1,0,3,0.633618,0.60853344,1,1,adulto
ICB_03219_005,ICB_112,copd,WelchAllyn Meditron Master Elite,60.0,0,0,3,0.63527364,0.61955315,1,0,adulto
ICB_03219_006,ICB_112,copd,WelchAllyn Meditron Master Elite,60.0,0,1,3,0.67375064,0.6931524,1,2,adulto
ICB_03219_007,ICB_112,copd,WelchAllyn Meditron Master Elite,60.0,0,1,3,0.5302457,0.81017953,0,2,adulto
ICB_03219_008,ICB_112,copd,WelchAllyn Meditron Master Elite,60.0,0,1,3,0.8049546,0.4139106,1,2,adulto
ICB_03219_009,ICB_112,copd,WelchAllyn Meditron Master Elite,60.0,0,1,3,0.50046784,0.7299259,0,2,adulto
ICB_03219_010,ICB_112,copd,WelchAllyn Meditron Master Elite,60.0,0,1,3,0.46373284,0.72070014,0,2,adulto
ICB_03219_011,ICB_112,copd,WelchAllyn Meditron Master Elite,60.0,0,1,3,0.5393108,0.8121978,0,2,adulto
ICB_03220_000,ICB_112,copd,3M Littmann 3200 Electronic,60.0,0,0,3,0.6408291,0.5976824,1,0,adulto
ICB_03220_001,ICB_112,copd,3M Littmann 3200 Electronic,60.0,0,0,3,0.55775446,0.59321433,0,0,adulto
ICB_03220_002,ICB_112,copd,3M Littmann 3200 Electronic,60.0,0,0,3,0.00026684476,0.8494858,0,0,adulto
ICB_03220_003,ICB_112,copd,3M Littmann 3200 Electronic,60.0,0,1,3,0.5318582,0.7411547,0,2,adulto
ICB_03220_004,ICB_112,copd,3M Littmann 3200 Electronic,60.0,0,1,3,0.2973258,0.6841755,0,2,adulto
ICB_03220_005,ICB_112,copd,3M Littmann 3200 Electronic,60.0,0,1,3,0.3962634,0.7281649,0,2,adulto
ICB_03220_006,ICB_112,copd,3M Littmann 3200 Electronic,60.0,0,0,3,0.60717905,0.5462624,1,0,adulto
ICB_03220_007,ICB_112,copd,3M Littmann 3200 Electronic,60.0,0,1,3,0.55243754,0.5040037,0,2,adulto
ICB_03220_008,ICB_112,copd,3M Littmann 3200 Electronic,60.0,0,1,3,0.66323936,0.5681685,1,2,adulto
ICB_03220_009,ICB_112,copd,3M Littmann 3200 Electronic,60.0,0,0,3,0.62088645,0.44655135,1,0,adulto
ICB_03221_000,ICB_112,copd,3M Littmann 3200 Electronic,60.0,1,0,3,0.79890144,0.30127758,1,1,adulto
ICB_03221_001,ICB_112,copd,3M Littmann 3200 Electronic,60.0,0,0,3,0.69883996,0.9063397,1,0,adulto
ICB_03221_002,ICB_112,copd,3M Littmann 3200 Electronic,60.0,1,1,3,0.55455846,0.76639223,0,3,adulto
ICB_03221_003,ICB_112,copd,3M Littmann 3200 Electronic,60.0,1,1,3,0.5113591,0.9885095,2,3,adulto
ICB_03221_004,ICB_112,copd,3M Littmann 3200 Electronic,60.0,1,1,3,0.66032547,0.76315016,1,3,adulto
ICB_03221_005,ICB_112,copd,3M Littmann 3200 Electronic,60.0,1,1,3,0.17594111,0.9943404,2,3,adulto
ICB_03221_006,ICB_112,copd,3M Littmann 3200 Electronic,60.0,0,1,3,0.2865485,0.9943423,2,2,adulto
ICB_03221_007,ICB_112,copd,3M Littmann 3200 Electronic,60.0,0,1,3,0.42635795,0.96338207,2,2,adulto
ICB_03221_008,ICB_112,copd,3M Littmann 3200 Electronic,60.0,0,1,3,0.5570843,0.9182443,0,2,adulto
ICB_03222_000,ICB_112,copd,3M Littmann 3200 Electronic,60.0,0,0,3,0.55565155,0.92604834,0,0,adulto
ICB_03222_001,ICB_112,copd,3M Littmann 3200 Electronic,60.0,0,1,3,0.5294388,0.7925936,0,2,adulto
ICB_03222_002,ICB_112,copd,3M Littmann 3200 Electronic,60.0,0,1,3,0.6266069,0.73504883,1,2,adulto
ICB_03222_003,ICB_112,copd,3M Littmann 3200 Electronic,60.0,0,1,3,0.7005569,0.68126863,1,2,adulto
ICB_03222_004,ICB_112,copd,3M Littmann 3200 Electronic,60.0,0,1,3,0.7697831,0.6177373,1,2,adulto
ICB_03222_005,ICB_112,copd,3M Littmann 3200 Electronic,60.0,0,1,3,0.3920824,0.8463436,0,2,adulto
ICB_03222_006,ICB_112,copd,3M Littmann 3200 Electronic,60.0,0,1,3,0.60306084,0.7701886,1,2,adulto
ICB_03222_007,ICB_112,copd,3M Littmann 3200 Electronic,60.0,0,1,3,0.6965932,0.7515568,1,2,adulto
ICB_03222_008,ICB_112,copd,3M Littmann 3200 Electronic,60.0,0,1,3,0.6661776,0.56162983,1,2,adulto
ICB_03262_000,ICB_123,normal_lung,AKG C417L Microphone,5.0,0,0,3,0.5316483,0.120240316,0,0,pediátrico (<18)
ICB_03262_001,ICB_123,normal_lung,AKG C417L Microphone,5.0,0,0,3,0.46490014,0.11521461,0,0,pediátrico (<18)
ICB_03262_002,ICB_123,normal_lung,AKG C417L Microphone,5.0,0,0,3,0.55488694,0.15424462,0,0,pediátrico (<18)
ICB_03262_003,ICB_123,normal_lung,AKG C417L Microphone,5.0,0,0,3,0.38795522,0.16227114,0,0,pediátrico (<18)
ICB_03262_004,ICB_123,normal_lung,AKG C417L Microphone,5.0,0,0,3,0.50317365,0.2611556,0,0,pediátrico (<18)
ICB_03262_005,ICB_123,normal_lung,AKG C417L Microphone,5.0,0,0,3,0.47115296,0.19822282,0,0,pediátrico (<18)
ICB_03262_006,ICB_123,normal_lung,AKG C417L Microphone,5.0,0,0,3,0.5643781,0.34965277,0,0,pediátrico (<18)
ICB_03262_007,ICB_123,normal_lung,AKG C417L Microphone,5.0,0,0,3,0.23308158,0.3311511,0,0,pediátrico (<18)
ICB_03263_000,ICB_124,copd,3M Littmann 3200 Electronic,65.0,1,1,3,0.18931401,0.8047273,0,3,adulto
ICB_03263_001,ICB_124,copd,3M Littmann 3200 Electronic,65.0,0,1,3,0.1258805,0.61456734,0,2,adulto
ICB_03263_002,ICB_124,copd,3M Littmann 3200 Electronic,65.0,0,1,3,0.18547234,0.46902004,0,2,adulto
ICB_03263_003,ICB_124,copd,3M Littmann 3200 Electronic,65.0,0,1,3,0.20384261,0.36720183,0,2,adulto
ICB_03263_004,ICB_124,copd,3M Littmann 3200 Electronic,65.0,0,1,3,0.16387717,0.52200896,0,2,adulto
ICB_03263_005,ICB_124,copd,3M Littmann 3200 Electronic,65.0,0,1,3,0.25174335,0.48085904,0,2,adulto
ICB_03263_006,ICB_124,copd,3M Littmann 3200 Electronic,65.0,0,1,3,0.33195937,0.49223813,0,2,adulto
ICB_03263_007,ICB_124,copd,3M Littmann 3200 Electronic,65.0,0,0,3,0.14159453,0.9692665,2,0,adulto
ICB_03264_000,ICB_124,copd,3M Littmann 3200 Electronic,65.0,0,1,3,0.19121663,0.68403345,0,2,adulto
ICB_03264_001,ICB_124,copd,3M Littmann 3200 Electronic,65.0,0,1,3,0.1981907,0.43189374,0,2,adulto
ICB_03264_002,ICB_124,copd,3M Littmann 3200 Electronic,65.0,0,1,3,0.2261188,0.40481335,0,2,adulto
ICB_03264_003,ICB_124,copd,3M Littmann 3200 Electronic,65.0,0,1,3,0.26324606,0.5995976,0,2,adulto
ICB_03264_004,ICB_124,copd,3M Littmann 3200 Electronic,65.0,0,1,3,0.20519117,0.5521592,0,2,adulto
ICB_03264_005,ICB_124,copd,3M Littmann 3200 Electronic,65.0,0,1,3,0.13815156,0.52189225,0,2,adulto
ICB_03264_006,ICB_124,copd,3M Littmann 3200 Electronic,65.0,0,0,3,0.21527657,0.9858292,2,0,adulto
ICB_03265_000,ICB_124,copd,3M Littmann 3200 Electronic,65.0,0,0,3,0.35731554,0.5646363,0,0,adulto
ICB_03265_001,ICB_124,copd,3M Littmann 3200 Electronic,65.0,0,0,3,0.21177933,0.5781647,0,0,adulto
ICB_03265_002,ICB_124,copd,3M Littmann 3200 Electronic,65.0,0,0,3,0.3483582,0.6313495,0,0,adulto
ICB_03265_003,ICB_124,copd,3M Littmann 3200 Electronic,65.0,0,0,3,0.19915296,0.48832664,0,0,adulto
ICB_03265_004,ICB_124,copd,3M Littmann 3200 Electronic,65.0,0,0,3,0.46369958,0.5301863,0,0,adulto
ICB_03265_005,ICB_124,copd,3M Littmann 3200 Electronic,65.0,0,0,3,0.2172666,0.7016955,0,0,adulto
ICB_03265_006,ICB_124,copd,3M Littmann 3200 Electronic,65.0,0,0,3,0.20542245,0.6153063,0,0,adulto
ICB_03265_007,ICB_124,copd,3M Littmann 3200 Electronic,65.0,0,0,3,0.2518719,0.9582464,2,0,adulto
ICB_03265_008,ICB_124,copd,3M Littmann 3200 Electronic,65.0,0,0,3,0.17040609,0.9227723,0,0,adulto
ICB_03265_009,ICB_124,copd,3M Littmann 3200 Electronic,65.0,0,0,3,0.851969,0.89775455,1,0,adulto
ICB_03266_000,ICB_124,copd,3M Littmann 3200 Electronic,65.0,0,0,3,0.42778718,0.6300033,0,0,adulto
ICB_03266_001,ICB_124,copd,3M Littmann 3200 Electronic,65.0,0,0,3,0.22443499,0.4637608,0,0,adulto
ICB_03266_002,ICB_124,copd,3M Littmann 3200 Electronic,65.0,0,0,3,0.3500819,0.57017905,0,0,adulto
ICB_03266_003,ICB_124,copd,3M Littmann 3200 Electronic,65.0,0,0,3,0.21920258,0.58095056,0,0,adulto
ICB_03266_004,ICB_124,copd,3M Littmann 3200 Electronic,65.0,0,0,3,0.21482122,0.61166364,0,0,adulto
ICB_03266_005,ICB_124,copd,3M Littmann 3200 Electronic,65.0,0,0,3,0.32798758,0.5010185,0,0,adulto
ICB_03266_006,ICB_124,copd,3M Littmann 3200 Electronic,65.0,0,0,3,0.21993873,0.48569426,0,0,adulto
ICB_03266_007,ICB_124,copd,3M Littmann 3200 Electronic,65.0,0,0,3,0.4574428,0.94821393,0,0,adulto
ICB_03266_008,ICB_124,copd,3M Littmann 3200 Electronic,65.0,0,0,3,0.38388398,0.71790475,0,0,adulto
ICB_03266_009,ICB_124,copd,3M Littmann 3200 Electronic,65.0,0,0,3,0.43009412,0.9892042,2,0,adulto
ICB_03267_000,ICB_124,copd,3M Littmann 3200 Electronic,65.0,0,0,3,0.15499786,0.85621107,0,0,adulto
ICB_03267_001,ICB_124,copd,3M Littmann 3200 Electronic,65.0,1,1,3,0.19599009,0.9278168,0,3,adulto
ICB_03267_002,ICB_124,copd,3M Littmann 3200 Electronic,65.0,0,0,3,0.14185765,0.7144999,0,0,adulto
ICB_03267_003,ICB_124,copd,3M Littmann 3200 Electronic,65.0,0,0,3,0.15422943,0.5824364,0,0,adulto
ICB_03267_004,ICB_124,copd,3M Littmann 3200 Electronic,65.0,0,1,3,0.07389507,0.731464,0,2,adulto
ICB_03267_005,ICB_124,copd,3M Littmann 3200 Electronic,65.0,0,0,3,0.41014758,0.56420135,0,0,adulto
ICB_03267_006,ICB_124,copd,3M Littmann 3200 Electronic,65.0,0,0,3,0.0020355415,0.9999032,2,0,adulto
ICB_03268_000,ICB_124,copd,3M Littmann 3200 Electronic,65.0,0,0,3,0.4635804,0.6301963,0,0,adulto
ICB_03268_001,ICB_124,copd,3M Littmann 3200 Electronic,65.0,0,0,3,0.5053513,0.24860191,0,0,adulto
ICB_03268_002,ICB_124,copd,3M Littmann 3200 Electronic,65.0,0,0,3,0.28535736,0.7696671,0,0,adulto
ICB_03268_003,ICB_124,copd,3M Littmann 3200 Electronic,65.0,0,0,3,0.27874818,0.55973333,0,0,adulto
ICB_03268_004,ICB_124,copd,3M Littmann 3200 Electronic,65.0,0,0,3,0.4099092,0.44529983,0,0,adulto
ICB_03268_005,ICB_124,copd,3M Littmann 3200 Electronic,65.0,0,0,3,0.11198964,0.97189415,2,0,adulto
ICB_03274_000,ICB_130,copd,AKG C417L Microphone,85.0,0,0,3,0.6895113,0.46969247,1,0,adulto
ICB_03274_001,ICB_130,copd,AKG C417L Microphone,85.0,0,0,3,0.64135265,0.4537758,1,0,adulto
ICB_03274_002,ICB_130,copd,AKG C417L Microphone,85.0,1,1,3,0.7469181,0.7365717,1,3,adulto
ICB_03274_003,ICB_130,copd,AKG C417L Microphone,85.0,1,0,3,0.6990066,0.5166001,1,1,adulto
ICB_03274_004,ICB_130,copd,AKG C417L Microphone,85.0,1,1,3,0.7483724,0.77917063,1,3,adulto
ICB_03274_005,ICB_130,copd,AKG C417L Microphone,85.0,0,0,3,0.6436859,0.6252416,1,0,adulto
ICB_03274_006,ICB_130,copd,AKG C417L Microphone,85.0,0,1,3,0.6744135,0.5146573,1,2,adulto
ICB_03275_000,ICB_130,copd,AKG C417L Microphone,85.0,1,0,3,0.6886243,0.3216834,1,1,adulto
ICB_03275_001,ICB_130,copd,AKG C417L Microphone,85.0,1,0,3,0.6335362,0.37400582,1,1,adulto
ICB_03275_002,ICB_130,copd,AKG C417L Microphone,85.0,1,1,3,0.5790042,0.773066,0,3,adulto
ICB_03275_003,ICB_130,copd,AKG C417L Microphone,85.0,1,0,3,0.39871964,0.34347567,0,1,adulto
ICB_03275_004,ICB_130,copd,AKG C417L Microphone,85.0,1,1,3,0.695365,0.80936056,1,3,adulto
ICB_03275_005,ICB_130,copd,AKG C417L Microphone,85.0,1,1,3,0.51500416,0.9142339,0,3,adulto
ICB_03275_006,ICB_130,copd,AKG C417L Microphone,85.0,1,1,3,0.38506028,0.9681749,2,3,adulto
ICB_03276_000,ICB_130,copd,AKG C417L Microphone,85.0,1,1,3,0.56359637,0.3415171,0,3,adulto
ICB_03276_001,ICB_130,copd,AKG C417L Microphone,85.0,1,1,3,0.54241806,0.4782429,0,3,adulto
ICB_03276_002,ICB_130,copd,AKG C417L Microphone,85.0,1,1,3,0.53125703,0.5927177,0,3,adulto
ICB_03276_003,ICB_130,copd,AKG C417L Microphone,85.0,1,1,3,0.6254902,0.38799444,1,3,adulto
ICB_03276_004,ICB_130,copd,AKG C417L Microphone,85.0,1,1,3,0.6113624,0.5412071,1,3,adulto
ICB_03276_005,ICB_130,copd,AKG C417L Microphone,85.0,1,1,3,0.70349866,0.43686113,1,3,adulto
ICB_03276_006,ICB_130,copd,AKG C417L Microphone,85.0,1,1,3,0.77309,0.48490688,1,3,adulto
ICB_03277_000,ICB_130,copd,AKG C417L Microphone,85.0,1,0,3,0.5955735,0.22862703,0,1,adulto
ICB_03277_001,ICB_130,copd,AKG C417L Microphone,85.0,1,0,3,0.6728225,0.5024954,1,1,adulto
ICB_03277_002,ICB_130,copd,AKG C417L Microphone,85.0,1,0,3,0.6582587,0.52120835,1,1,adulto
ICB_03277_003,ICB_130,copd,AKG C417L Microphone,85.0,1,0,3,0.6369256,0.59354985,1,1,adulto
ICB_03277_004,ICB_130,copd,AKG C417L Microphone,85.0,1,1,3,0.7644884,0.4627882,1,3,adulto
ICB_03277_005,ICB_130,copd,AKG C417L Microphone,85.0,1,1,3,0.71440345,0.60502434,1,3,adulto
ICB_03277_006,ICB_130,copd,AKG C417L Microphone,85.0,1,1,3,0.8540755,0.6023479,1,3,adulto
ICB_03278_000,ICB_130,copd,AKG C417L Microphone,85.0,1,0,3,0.77049875,0.23850088,1,1,adulto
ICB_03278_001,ICB_130,copd,AKG C417L Microphone,85.0,1,0,3,0.7921809,0.6296064,1,1,adulto
ICB_03278_002,ICB_130,copd,AKG C417L Microphone,85.0,1,1,3,0.7381132,0.5336721,1,3,adulto
ICB_03278_003,ICB_130,copd,AKG C417L Microphone,85.0,1,0,3,0.6681099,0.6207111,1,1,adulto
ICB_03278_004,ICB_130,copd,AKG C417L Microphone,85.0,1,1,3,0.8380427,0.5573904,1,3,adulto
ICB_03278_005,ICB_130,copd,AKG C417L Microphone,85.0,1,1,3,0.67380065,0.5311857,1,3,adulto
ICB_03278_006,ICB_130,copd,AKG C417L Microphone,85.0,1,1,3,0.6353416,0.48515177,1,3,adulto
ICB_03279_000,ICB_130,copd,AKG C417L Microphone,85.0,0,0,3,0.7359831,0.24257606,1,0,adulto
ICB_03279_001,ICB_130,copd,AKG C417L Microphone,85.0,1,0,3,0.6093458,0.16047595,1,1,adulto
ICB_03279_002,ICB_130,copd,AKG C417L Microphone,85.0,1,1,3,0.67244,0.5855353,1,3,adulto
ICB_03279_003,ICB_130,copd,AKG C417L Microphone,85.0,1,0,3,0.69295913,0.27922696,1,1,adulto
ICB_03279_004,ICB_130,copd,AKG C417L Microphone,85.0,1,1,3,0.64386433,0.47892243,1,3,adulto
ICB_03279_005,ICB_130,copd,AKG C417L Microphone,85.0,1,1,3,0.615384,0.35651875,1,3,adulto
ICB_03279_006,ICB_130,copd,AKG C417L Microphone,85.0,0,0,3,0.6394607,0.29835895,1,0,adulto
ICB_03280_000,ICB_130,copd,AKG C417L Microphone,85.0,1,0,3,0.80393666,0.4710859,1,1,adulto
ICB_03280_001,ICB_130,copd,AKG C417L Microphone,85.0,1,0,3,0.35124084,0.26091754,0,1,adulto
ICB_03280_002,ICB_130,copd,AKG C417L Microphone,85.0,1,1,3,0.5140183,0.5715382,0,3,adulto
ICB_03280_003,ICB_130,copd,AKG C417L Microphone,85.0,1,0,3,0.5036633,0.2402045,0,1,adulto
ICB_03280_004,ICB_130,copd,AKG C417L Microphone,85.0,1,1,3,0.3246877,0.50832355,0,3,adulto
ICB_03280_005,ICB_130,copd,AKG C417L Microphone,85.0,1,1,3,0.32416984,0.87327147,0,3,adulto
ICB_03280_006,ICB_130,copd,AKG C417L Microphone,85.0,1,1,3,0.18694478,0.96123505,2,3,adulto
ICB_03281_000,ICB_130,copd,AKG C417L Microphone,85.0,1,1,3,0.73617876,0.700848,1,3,adulto
ICB_03281_001,ICB_130,copd,AKG C417L Microphone,85.0,1,1,3,0.7262151,0.6214535,1,3,adulto
ICB_03281_002,ICB_130,copd,AKG C417L Microphone,85.0,1,1,3,0.72911996,0.57700884,1,3,adulto
ICB_03281_003,ICB_130,copd,AKG C417L Microphone,85.0,1,1,3,0.7110616,0.53177845,1,3,adulto
ICB_03281_004,ICB_130,copd,AKG C417L Microphone,85.0,1,1,3,0.7193985,0.33338335,1,3,adulto
ICB_03281_005,ICB_130,copd,AKG C417L Microphone,85.0,0,0,3,0.4465544,0.4152891,0,0,adulto
ICB_03282_000,ICB_130,copd,AKG C417L Microphone,85.0,0,1,3,0.5650486,0.51731896,0,2,adulto
ICB_03282_001,ICB_130,copd,AKG C417L Microphone,85.0,1,1,3,0.547452,0.5241886,0,3,adulto
ICB_03282_002,ICB_130,copd,AKG C417L Microphone,85.0,1,1,3,0.6895818,0.3391301,1,3,adulto
ICB_03282_003,ICB_130,copd,AKG C417L Microphone,85.0,0,1,3,0.520622,0.5569649,0,2,adulto
ICB_03282_004,ICB_130,copd,AKG C417L Microphone,85.0,1,1,3,0.6189736,0.38079882,1,3,adulto
ICB_03282_005,ICB_130,copd,AKG C417L Microphone,85.0,1,0,3,0.44459525,0.2294929,0,1,adulto
ICB_03283_000,ICB_130,copd,AKG C417L Microphone,85.0,0,1,3,0.45899877,0.74856925,0,2,adulto
ICB_03283_001,ICB_130,copd,AKG C417L Microphone,85.0,0,1,3,0.59425974,0.66068494,0,2,adulto
ICB_03283_002,ICB_130,copd,AKG C417L Microphone,85.0,1,1,3,0.6082108,0.5316478,1,3,adulto
ICB_03283_003,ICB_130,copd,AKG C417L Microphone,85.0,0,1,3,0.68089193,0.54999614,1,2,adulto
ICB_03283_004,ICB_130,copd,AKG C417L Microphone,85.0,0,1,3,0.57727635,0.3997726,0,2,adulto
ICB_03283_005,ICB_130,copd,AKG C417L Microphone,85.0,0,0,3,0.52948177,0.48609346,0,0,adulto
ICB_03284_000,ICB_130,copd,AKG C417L Microphone,85.0,0,1,3,0.6817487,0.6493445,1,2,adulto
ICB_03284_001,ICB_130,copd,AKG C417L Microphone,85.0,0,0,3,0.7780443,0.71957237,1,0,adulto
ICB_03284_002,ICB_130,copd,AKG C417L Microphone,85.0,0,1,3,0.62284476,0.68782246,1,2,adulto
ICB_03284_003,ICB_130,copd,AKG C417L Microphone,85.0,0,0,3,0.6767984,0.6686133,1,0,adulto
ICB_03284_004,ICB_130,copd,AKG C417L Microphone,85.0,0,1,3,0.58355004,0.6870584,0,2,adulto
ICB_03284_005,ICB_130,copd,AKG C417L Microphone,85.0,0,0,3,0.663735,0.4885562,1,0,adulto
ICB_03285_000,ICB_130,copd,AKG C417L Microphone,85.0,0,1,3,0.84327495,0.7294352,1,2,adulto
ICB_03285_001,ICB_130,copd,AKG C417L Microphone,85.0,0,1,3,0.6480653,0.7926969,1,2,adulto
ICB_03285_002,ICB_130,copd,AKG C417L Microphone,85.0,0,1,3,0.7445615,0.8099538,1,2,adulto
ICB_03285_003,ICB_130,copd,AKG C417L Microphone,85.0,0,1,3,0.67596024,0.42905647,1,2,adulto
ICB_03285_004,ICB_130,copd,AKG C417L Microphone,85.0,0,1,3,0.78775364,0.45175967,1,2,adulto
ICB_03285_005,ICB_130,copd,AKG C417L Microphone,85.0,0,0,3,0.55070287,0.48120698,0,0,adulto
ICB_03286_000,ICB_130,copd,AKG C417L Microphone,85.0,0,1,3,0.7339829,0.60617495,1,2,adulto
ICB_03286_001,ICB_130,copd,AKG C417L Microphone,85.0,0,0,3,0.6751795,0.6880569,1,0,adulto
ICB_03286_002,ICB_130,copd,AKG C417L Microphone,85.0,0,1,3,0.81767124,0.56999296,1,2,adulto
ICB_03286_003,ICB_130,copd,AKG C417L Microphone,85.0,0,0,3,0.8613897,0.5088379,1,0,adulto
ICB_03286_004,ICB_130,copd,AKG C417L Microphone,85.0,0,0,3,0.4239434,0.6124197,0,0,adulto
ICB_03286_005,ICB_130,copd,AKG C417L Microphone,85.0,0,0,3,0.9047363,0.24002415,1,0,adulto
ICB_03287_000,ICB_130,copd,AKG C417L Microphone,85.0,0,1,3,0.380529,0.8154346,0,2,adulto
ICB_03287_001,ICB_130,copd,AKG C417L Microphone,85.0,0,1,3,0.50842077,0.74752307,0,2,adulto
ICB_03287_002,ICB_130,copd,AKG C417L Microphone,85.0,0,1,3,0.60431814,0.7766052,1,2,adulto
ICB_03287_003,ICB_130,copd,AKG C417L Microphone,85.0,0,1,3,0.50029814,0.5186491,0,2,adulto
ICB_03287_004,ICB_130,copd,AKG C417L Microphone,85.0,0,1,3,0.55883193,0.827855,0,2,adulto
ICB_03287_005,ICB_130,copd,AKG C417L Microphone,85.0,0,0,3,0.35453168,0.5572851,0,0,adulto
ICB_03288_000,ICB_130,copd,AKG C417L Microphone,85.0,0,1,3,0.6736936,0.8004493,1,2,adulto
ICB_03288_001,ICB_130,copd,AKG C417L Microphone,85.0,0,1,3,0.8087008,0.62478244,1,2,adulto
ICB_03288_002,ICB_130,copd,AKG C417L Microphone,85.0,0,1,3,0.6519701,0.6900637,1,2,adulto
ICB_03288_003,ICB_130,copd,AKG C417L Microphone,85.0,0,1,3,0.82125705,0.75700843,1,2,adulto
ICB_03288_004,ICB_130,copd,AKG C417L Microphone,85.0,0,1,3,0.74787,0.78213394,1,2,adulto
ICB_03288_005,ICB_130,copd,AKG C417L Microphone,85.0,0,1,3,0.7049618,0.5131381,1,2,adulto
ICB_03288_006,ICB_130,copd,AKG C417L Microphone,85.0,0,1,3,0.48291144,0.87556785,0,2,adulto
ICB_03289_000,ICB_130,copd,AKG C417L Microphone,85.0,0,1,3,0.60053796,0.6137119,1,2,adulto
ICB_03289_001,ICB_130,copd,AKG C417L Microphone,85.0,0,1,3,0.70685923,0.58983344,1,2,adulto
ICB_03289_002,ICB_130,copd,AKG C417L Microphone,85.0,0,1,3,0.5100771,0.6219226,0,2,adulto
ICB_03289_003,ICB_130,copd,AKG C417L Microphone,85.0,0,1,3,0.62507695,0.6832838,1,2,adulto
ICB_03289_004,ICB_130,copd,AKG C417L Microphone,85.0,0,0,3,0.52748674,0.71561414,0,0,adulto
ICB_03289_005,ICB_130,copd,AKG C417L Microphone,85.0,0,1,3,0.606344,0.68237674,1,2,adulto
ICB_03289_006,ICB_130,copd,AKG C417L Microphone,85.0,0,0,3,0.4876331,0.8159188,0,0,adulto
ICB_03290_000,ICB_130,copd,AKG C417L Microphone,85.0,0,1,3,0.6486055,0.7137045,1,2,adulto
ICB_03290_001,ICB_130,copd,AKG C417L Microphone,85.0,0,1,3,0.8141804,0.6047562,1,2,adulto
ICB_03290_002,ICB_130,copd,AKG C417L Microphone,85.0,0,1,3,0.7599471,0.7160029,1,2,adulto
ICB_03290_003,ICB_130,copd,AKG C417L Microphone,85.0,0,1,3,0.726322,0.68898904,1,2,adulto
ICB_03290_004,ICB_130,copd,AKG C417L Microphone,85.0,0,1,3,0.6524111,0.8415818,1,2,adulto
ICB_03290_005,ICB_130,copd,AKG C417L Microphone,85.0,0,1,3,0.7749884,0.67272085,1,2,adulto
ICB_03290_006,ICB_130,copd,AKG C417L Microphone,85.0,0,1,3,0.7031503,0.7453406,1,2,adulto
ICB_03291_000,ICB_130,copd,AKG C417L Microphone,85.0,0,0,3,0.8596031,0.52636427,1,0,adulto
ICB_03291_001,ICB_130,copd,AKG C417L Microphone,85.0,0,1,3,0.82420194,0.8294484,1,2,adulto
ICB_03291_002,ICB_130,copd,AKG C417L Microphone,85.0,0,1,3,0.79875445,0.528776,1,2,adulto
ICB_03291_003,ICB_130,copd,AKG C417L Microphone,85.0,0,1,3,0.81251734,0.78216875,1,2,adulto
ICB_03291_004,ICB_130,copd,AKG C417L Microphone,85.0,0,1,3,0.8316942,0.8001096,1,2,adulto
ICB_03291_005,ICB_130,copd,AKG C417L Microphone,85.0,0,1,3,0.8079429,0.5870394,1,2,adulto
ICB_03291_006,ICB_130,copd,AKG C417L Microphone,85.0,0,0,3,0.84294325,0.7522537,1,0,adulto
ICB_03292_000,ICB_130,copd,AKG C417L Microphone,85.0,0,1,3,0.64383423,0.6943359,1,2,adulto
ICB_03292_001,ICB_130,copd,AKG C417L Microphone,85.0,0,1,3,0.7791346,0.7029014,1,2,adulto
ICB_03292_002,ICB_130,copd,AKG C417L Microphone,85.0,0,1,3,0.67574817,0.68930095,1,2,adulto
ICB_03292_003,ICB_130,copd,AKG C417L Microphone,85.0,0,1,3,0.62626755,0.5994734,1,2,adulto
ICB_03292_004,ICB_130,copd,AKG C417L Microphone,85.0,0,1,3,0.615292,0.6658771,1,2,adulto
ICB_03292_005,ICB_130,copd,AKG C417L Microphone,85.0,0,0,3,0.79132766,0.68153715,1,0,adulto
ICB_03292_006,ICB_130,copd,AKG C417L Microphone,85.0,0,1,3,0.8244094,0.7634067,1,2,adulto
ICB_03293_000,ICB_130,copd,AKG C417L Microphone,85.0,0,0,3,0.67991996,0.48482147,1,0,adulto
ICB_03293_001,ICB_130,copd,AKG C417L Microphone,85.0,0,0,3,0.776137,0.3966888,1,0,adulto
ICB_03293_002,ICB_130,copd,AKG C417L Microphone,85.0,0,0,3,0.7809026,0.40554586,1,0,adulto
ICB_03293_003,ICB_130,copd,AKG C417L Microphone,85.0,0,0,3,0.7327554,0.46832827,1,0,adulto
ICB_03293_004,ICB_130,copd,AKG C417L Microphone,85.0,0,0,3,0.7418802,0.6292297,1,0,adulto
ICB_03293_005,ICB_130,copd,AKG C417L Microphone,85.0,0,0,3,0.5537047,0.5873182,0,0,adulto
ICB_03293_006,ICB_130,copd,AKG C417L Microphone,85.0,0,0,3,0.68531126,0.52227145,1,0,adulto
ICB_03294_000,ICB_130,copd,AKG C417L Microphone,85.0,0,1,3,0.3638711,0.80128944,0,2,adulto
ICB_03294_001,ICB_130,copd,AKG C417L Microphone,85.0,0,1,3,0.33774328,0.8845707,0,2,adulto
ICB_03294_002,ICB_130,copd,AKG C417L Microphone,85.0,0,1,3,0.27830586,0.84823525,0,2,adulto
ICB_03294_003,ICB_130,copd,AKG C417L Microphone,85.0,0,1,3,0.36886996,0.80763155,0,2,adulto
ICB_03294_004,ICB_130,copd,AKG C417L Microphone,85.0,0,1,3,0.36688447,0.80754673,0,2,adulto
ICB_03294_005,ICB_130,copd,AKG C417L Microphone,85.0,0,1,3,0.2034876,0.80432445,0,2,adulto
ICB_03294_006,ICB_130,copd,AKG C417L Microphone,85.0,0,0,3,0.30765364,0.71985686,0,0,adulto
ICB_03294_007,ICB_130,copd,AKG C417L Microphone,85.0,0,1,3,0.28039637,0.39771444,0,2,adulto
ICB_03295_000,ICB_130,copd,AKG C417L Microphone,85.0,1,0,3,0.57873344,0.36680532,0,1,adulto
ICB_03295_001,ICB_130,copd,AKG C417L Microphone,85.0,1,0,3,0.63304,0.29243365,1,1,adulto
ICB_03295_002,ICB_130,copd,AKG C417L Microphone,85.0,1,0,3,0.5486083,0.35325426,0,1,adulto
ICB_03295_003,ICB_130,copd,AKG C417L Microphone,85.0,1,0,3,0.61476064,0.33590057,1,1,adulto
ICB_03295_004,ICB_130,copd,AKG C417L Microphone,85.0,1,0,3,0.66150767,0.4409702,1,1,adulto
ICB_03295_005,ICB_130,copd,AKG C417L Microphone,85.0,1,0,3,0.66079,0.36109456,1,1,adulto
ICB_03295_006,ICB_130,copd,AKG C417L Microphone,85.0,1,0,3,0.54894346,0.32422116,0,1,adulto
ICB_03295_007,ICB_130,copd,AKG C417L Microphone,85.0,1,0,3,0.59589946,0.46000102,0,1,adulto
ICB_03296_000,ICB_130,copd,AKG C417L Microphone,85.0,1,0,3,0.62836224,0.5064121,1,1,adulto
ICB_03296_001,ICB_130,copd,AKG C417L Microphone,85.0,1,0,3,0.61571264,0.27821937,1,1,adulto
ICB_03296_002,ICB_130,copd,AKG C417L Microphone,85.0,1,0,3,0.5803935,0.3242803,0,1,adulto
ICB_03296_003,ICB_130,copd,AKG C417L Microphone,85.0,1,0,3,0.72420657,0.5023757,1,1,adulto
ICB_03296_004,ICB_130,copd,AKG C417L Microphone,85.0,0,0,3,0.68277013,0.50439394,1,0,adulto
ICB_03296_005,ICB_130,copd,AKG C417L Microphone,85.0,0,0,3,0.5550407,0.42696375,0,0,adulto
ICB_03296_006,ICB_130,copd,AKG C417L Microphone,85.0,1,0,3,0.62858003,0.4147012,1,1,adulto
ICB_03296_007,ICB_130,copd,AKG C417L Microphone,85.0,1,0,3,0.48348272,0.34846044,0,1,adulto
ICB_03297_000,ICB_130,copd,AKG C417L Microphone,85.0,1,0,3,0.7185984,0.40838435,1,1,adulto
ICB_03297_001,ICB_130,copd,AKG C417L Microphone,85.0,1,0,3,0.6814794,0.36882436,1,1,adulto
ICB_03297_002,ICB_130,copd,AKG C417L Microphone,85.0,1,0,3,0.76211804,0.36987683,1,1,adulto
ICB_03297_003,ICB_130,copd,AKG C417L Microphone,85.0,1,0,3,0.75237906,0.27564573,1,1,adulto
ICB_03297_004,ICB_130,copd,AKG C417L Microphone,85.0,1,0,3,0.8098011,0.316462,1,1,adulto
ICB_03297_005,ICB_130,copd,AKG C417L Microphone,85.0,1,0,3,0.80927986,0.27969337,1,1,adulto
ICB_03297_006,ICB_130,copd,AKG C417L Microphone,85.0,1,0,3,0.7719603,0.37510458,1,1,adulto
ICB_03297_007,ICB_130,copd,AKG C417L Microphone,85.0,1,0,3,0.77037954,0.41531968,1,1,adulto
ICB_03298_000,ICB_130,copd,AKG C417L Microphone,85.0,1,0,3,0.79403985,0.44372094,1,1,adulto
ICB_03298_001,ICB_130,copd,AKG C417L Microphone,85.0,1,0,3,0.7067726,0.4043051,1,1,adulto
ICB_03298_002,ICB_130,copd,AKG C417L Microphone,85.0,1,0,3,0.68432343,0.45553795,1,1,adulto
ICB_03298_003,ICB_130,copd,AKG C417L Microphone,85.0,1,0,3,0.7013054,0.3789633,1,1,adulto
ICB_03298_004,ICB_130,copd,AKG C417L Microphone,85.0,1,0,3,0.7121469,0.50938165,1,1,adulto
ICB_03298_005,ICB_130,copd,AKG C417L Microphone,85.0,1,0,3,0.6948573,0.28452516,1,1,adulto
ICB_03298_006,ICB_130,copd,AKG C417L Microphone,85.0,1,0,3,0.72770953,0.39261004,1,1,adulto
ICB_03298_007,ICB_130,copd,AKG C417L Microphone,85.0,1,0,3,0.63346,0.41496944,1,1,adulto
ICB_03299_000,ICB_130,copd,AKG C417L Microphone,85.0,1,0,3,0.60707116,0.22927126,1,1,adulto
ICB_03299_001,ICB_130,copd,AKG C417L Microphone,85.0,1,0,3,0.6140239,0.30633914,1,1,adulto
ICB_03299_002,ICB_130,copd,AKG C417L Microphone,85.0,1,0,3,0.5732356,0.28930885,0,1,adulto
ICB_03299_003,ICB_130,copd,AKG C417L Microphone,85.0,1,0,3,0.54675937,0.32703802,0,1,adulto
ICB_03299_004,ICB_130,copd,AKG C417L Microphone,85.0,1,0,3,0.57872087,0.2898873,0,1,adulto
ICB_03299_005,ICB_130,copd,AKG C417L Microphone,85.0,1,0,3,0.5076014,0.27810925,0,1,adulto
ICB_03299_006,ICB_130,copd,AKG C417L Microphone,85.0,1,0,3,0.7125873,0.24049114,1,1,adulto
ICB_03299_007,ICB_130,copd,AKG C417L Microphone,85.0,1,0,3,0.5044396,0.46537006,0,1,adulto
ICB_03300_000,ICB_130,copd,AKG C417L Microphone,85.0,1,0,3,0.57588553,0.47216374,0,1,adulto
ICB_03300_001,ICB_130,copd,AKG C417L Microphone,85.0,1,0,3,0.5733186,0.3939715,0,1,adulto
ICB_03300_002,ICB_130,copd,AKG C417L Microphone,85.0,1,0,3,0.6451803,0.3541451,1,1,adulto
ICB_03300_003,ICB_130,copd,AKG C417L Microphone,85.0,1,0,3,0.6188512,0.23694149,1,1,adulto
ICB_03300_004,ICB_130,copd,AKG C417L Microphone,85.0,1,0,3,0.5506567,0.44556668,0,1,adulto
ICB_03300_005,ICB_130,copd,AKG C417L Microphone,85.0,1,0,3,0.6573995,0.259887,1,1,adulto
ICB_03300_006,ICB_130,copd,AKG C417L Microphone,85.0,1,0,3,0.72914404,0.40907118,1,1,adulto
ICB_03300_007,ICB_130,copd,AKG C417L Microphone,85.0,1,0,3,0.46087706,0.25889373,0,1,adulto
ICB_03301_000,ICB_130,copd,AKG C417L Microphone,85.0,0,0,3,0.75882745,0.16942668,1,0,adulto
ICB_03301_001,ICB_130,copd,AKG C417L Microphone,85.0,0,0,3,0.8533321,0.24897373,1,0,adulto
ICB_03301_002,ICB_130,copd,AKG C417L Microphone,85.0,0,0,3,0.61410385,0.35545623,1,0,adulto
ICB_03301_003,ICB_130,copd,AKG C417L Microphone,85.0,0,0,3,0.50883156,0.5299855,0,0,adulto
ICB_03301_004,ICB_130,copd,AKG C417L Microphone,85.0,0,0,3,0.5479078,0.53739977,0,0,adulto
ICB_03301_005,ICB_130,copd,AKG C417L Microphone,85.0,0,0,3,0.5879419,0.2986122,0,0,adulto
ICB_03301_006,ICB_130,copd,AKG C417L Microphone,85.0,0,0,3,0.7107672,0.22600713,1,0,adulto
ICB_03301_007,ICB_130,copd,AKG C417L Microphone,85.0,0,0,3,0.43868893,0.34619778,0,0,adulto
ICB_03302_000,ICB_130,copd,AKG C417L Microphone,85.0,0,0,3,0.4487578,0.25982776,0,0,adulto
ICB_03302_001,ICB_130,copd,AKG C417L Microphone,85.0,1,0,3,0.64247066,0.37549588,1,1,adulto
ICB_03302_002,ICB_130,copd,AKG C417L Microphone,85.0,1,0,3,0.50734824,0.3214626,0,1,adulto
ICB_03302_003,ICB_130,copd,AKG C417L Microphone,85.0,1,0,3,0.4847837,0.39292574,0,1,adulto
ICB_03302_004,ICB_130,copd,AKG C417L Microphone,85.0,1,0,3,0.49901405,0.4032,0,1,adulto
ICB_03302_005,ICB_130,copd,AKG C417L Microphone,85.0,1,0,3,0.5844145,0.37856442,0,1,adulto
ICB_03302_006,ICB_130,copd,AKG C417L Microphone,85.0,1,0,3,0.62542844,0.56248283,1,1,adulto
ICB_03302_007,ICB_130,copd,AKG C417L Microphone,85.0,1,0,3,0.582674,0.59284455,0,1,adulto
ICB_03302_008,ICB_130,copd,AKG C417L Microphone,85.0,1,0,3,0.6585957,0.36124602,1,1,adulto
ICB_03303_000,ICB_130,copd,AKG C417L Microphone,85.0,0,0,3,0.4707173,0.30636585,0,0,adulto
ICB_03303_001,ICB_130,copd,AKG C417L Microphone,85.0,1,0,3,0.5405169,0.40556023,0,1,adulto
ICB_03303_002,ICB_130,copd,AKG C417L Microphone,85.0,1,0,3,0.5405619,0.4690826,0,1,adulto
ICB_03303_003,ICB_130,copd,AKG C417L Microphone,85.0,1,0,3,0.4637599,0.43132487,0,1,adulto
ICB_03303_004,ICB_130,copd,AKG C417L Microphone,85.0,1,0,3,0.4962051,0.47597364,0,1,adulto
ICB_03303_005,ICB_130,copd,AKG C417L Microphone,85.0,1,0,3,0.4662605,0.44185945,0,1,adulto
ICB_03303_006,ICB_130,copd,AKG C417L Microphone,85.0,1,0,3,0.5609502,0.5377434,0,1,adulto
ICB_03303_007,ICB_130,copd,AKG C417L Microphone,85.0,1,0,3,0.6317486,0.57684326,1,1,adulto
ICB_03303_008,ICB_130,copd,AKG C417L Microphone,85.0,1,0,3,0.5479213,0.2500582,0,1,adulto
ICB_03304_000,ICB_130,copd,AKG C417L Microphone,85.0,1,0,3,0.55249804,0.33100575,0,1,adulto
ICB_03304_001,ICB_130,copd,AKG C417L Microphone,85.0,1,0,3,0.72184104,0.21065521,1,1,adulto
ICB_03304_002,ICB_130,copd,AKG C417L Microphone,85.0,1,0,3,0.67955774,0.34405684,1,1,adulto
ICB_03304_003,ICB_130,copd,AKG C417L Microphone,85.0,1,0,3,0.86521125,0.2558351,1,1,adulto
ICB_03304_004,ICB_130,copd,AKG C417L Microphone,85.0,1,0,3,0.70394933,0.3658239,1,1,adulto
ICB_03304_005,ICB_130,copd,AKG C417L Microphone,85.0,1,0,3,0.54448587,0.3562702,0,1,adulto
ICB_03304_006,ICB_130,copd,AKG C417L Microphone,85.0,1,0,3,0.68933564,0.42054304,1,1,adulto
ICB_03304_007,ICB_130,copd,AKG C417L Microphone,85.0,1,0,3,0.784641,0.4422672,1,1,adulto
ICB_03304_008,ICB_130,copd,AKG C417L Microphone,85.0,1,0,3,0.7607431,0.32441282,1,1,adulto
ICB_03305_000,ICB_130,copd,AKG C417L Microphone,85.0,0,0,3,0.6649328,0.38690996,1,0,adulto
ICB_03305_001,ICB_130,copd,AKG C417L Microphone,85.0,1,0,3,0.6993662,0.31880233,1,1,adulto
ICB_03305_002,ICB_130,copd,AKG C417L Microphone,85.0,1,0,3,0.7009845,0.52113867,1,1,adulto
ICB_03305_003,ICB_130,copd,AKG C417L Microphone,85.0,1,0,3,0.5283887,0.47478986,0,1,adulto
ICB_03305_004,ICB_130,copd,AKG C417L Microphone,85.0,1,0,3,0.68976223,0.32907793,1,1,adulto
ICB_03305_005,ICB_130,copd,AKG C417L Microphone,85.0,1,0,3,0.7263743,0.518693,1,1,adulto
ICB_03305_006,ICB_130,copd,AKG C417L Microphone,85.0,1,0,3,0.68366396,0.49709108,1,1,adulto
ICB_03305_007,ICB_130,copd,AKG C417L Microphone,85.0,1,0,3,0.72881716,0.62794507,1,1,adulto
ICB_03305_008,ICB_130,copd,AKG C417L Microphone,85.0,1,0,3,0.68159956,0.44342276,1,1,adulto
ICB_03306_000,ICB_130,copd,AKG C417L Microphone,85.0,1,0,3,0.42924285,0.2683361,0,1,adulto
ICB_03306_001,ICB_130,copd,AKG C417L Microphone,85.0,1,0,3,0.6482764,0.38012823,1,1,adulto
ICB_03306_002,ICB_130,copd,AKG C417L Microphone,85.0,1,0,3,0.7285562,0.34372464,1,1,adulto
ICB_03306_003,ICB_130,copd,AKG C417L Microphone,85.0,1,0,3,0.55344766,0.20670997,0,1,adulto
ICB_03306_004,ICB_130,copd,AKG C417L Microphone,85.0,1,0,3,0.57466555,0.17849825,0,1,adulto
ICB_03306_005,ICB_130,copd,AKG C417L Microphone,85.0,1,0,3,0.6792469,0.29636732,1,1,adulto
ICB_03306_006,ICB_130,copd,AKG C417L Microphone,85.0,1,0,3,0.5376652,0.26533577,0,1,adulto
ICB_03306_007,ICB_130,copd,AKG C417L Microphone,85.0,1,0,3,0.75180435,0.40696722,1,1,adulto
ICB_03306_008,ICB_130,copd,AKG C417L Microphone,85.0,1,0,3,0.55950123,0.30285606,0,1,adulto
ICB_03307_000,ICB_130,copd,AKG C417L Microphone,85.0,1,0,3,0.53284067,0.26411507,0,1,adulto
ICB_03307_001,ICB_130,copd,AKG C417L Microphone,85.0,1,0,3,0.5605895,0.4773663,0,1,adulto
ICB_03307_002,ICB_130,copd,AKG C417L Microphone,85.0,1,0,3,0.6022233,0.39016792,1,1,adulto
ICB_03307_003,ICB_130,copd,AKG C417L Microphone,85.0,1,0,3,0.56137997,0.45170698,0,1,adulto
ICB_03307_004,ICB_130,copd,AKG C417L Microphone,85.0,1,0,3,0.6186605,0.38178092,1,1,adulto
ICB_03307_005,ICB_130,copd,AKG C417L Microphone,85.0,1,0,3,0.40376148,0.27993408,0,1,adulto
ICB_03307_006,ICB_130,copd,AKG C417L Microphone,85.0,1,0,3,0.611484,0.46932605,1,1,adulto
ICB_03307_007,ICB_130,copd,AKG C417L Microphone,85.0,1,0,3,0.659301,0.38440546,1,1,adulto
ICB_03307_008,ICB_130,copd,AKG C417L Microphone,85.0,1,0,3,0.4545642,0.18531844,0,1,adulto
ICB_03308_000,ICB_130,copd,AKG C417L Microphone,85.0,0,0,3,0.5070924,0.15752757,0,0,adulto
ICB_03308_001,ICB_130,copd,AKG C417L Microphone,85.0,0,0,3,0.8273164,0.40176746,1,0,adulto
ICB_03308_002,ICB_130,copd,AKG C417L Microphone,85.0,0,0,3,0.5779555,0.28192627,0,0,adulto
ICB_03308_003,ICB_130,copd,AKG C417L Microphone,85.0,0,0,3,0.53168136,0.44795358,0,0,adulto
ICB_03308_004,ICB_130,copd,AKG C417L Microphone,85.0,0,0,3,0.54062134,0.23412153,0,0,adulto
ICB_03308_005,ICB_130,copd,AKG C417L Microphone,85.0,0,0,3,0.7586767,0.3396176,1,0,adulto
ICB_03308_006,ICB_130,copd,AKG C417L Microphone,85.0,0,0,3,0.5736637,0.5453869,0,0,adulto
ICB_03308_007,ICB_130,copd,AKG C417L Microphone,85.0,0,0,3,0.8032244,0.13784948,1,0,adulto
ICB_03308_008,ICB_130,copd,AKG C417L Microphone,85.0,0,0,3,0.10315766,0.014539992,0,0,adulto
ICB_03309_000,ICB_130,copd,AKG C417L Microphone,85.0,0,0,3,0.4052324,0.28560346,0,0,adulto
ICB_03309_001,ICB_130,copd,AKG C417L Microphone,85.0,1,0,3,0.5083243,0.27847922,0,1,adulto
ICB_03309_002,ICB_130,copd,AKG C417L Microphone,85.0,1,0,3,0.59492123,0.385949,0,1,adulto
ICB_03309_003,ICB_130,copd,AKG C417L Microphone,85.0,1,0,3,0.51077896,0.3487294,0,1,adulto
ICB_03309_004,ICB_130,copd,AKG C417L Microphone,85.0,1,0,3,0.62701887,0.25104013,1,1,adulto
ICB_03309_005,ICB_130,copd,AKG C417L Microphone,85.0,1,0,3,0.56662875,0.40225357,0,1,adulto
ICB_03309_006,ICB_130,copd,AKG C417L Microphone,85.0,1,0,3,0.4664627,0.38261098,0,1,adulto
ICB_03309_007,ICB_130,copd,AKG C417L Microphone,85.0,1,0,3,0.49884015,0.41714296,0,1,adulto
ICB_03309_008,ICB_130,copd,AKG C417L Microphone,85.0,1,0,3,0.56271553,0.55463624,0,1,adulto
ICB_03310_000,ICB_130,copd,AKG C417L Microphone,85.0,1,0,3,0.5150795,0.31369817,0,1,adulto
ICB_03310_001,ICB_130,copd,AKG C417L Microphone,85.0,1,0,3,0.62391424,0.4347932,1,1,adulto
ICB_03310_002,ICB_130,copd,AKG C417L Microphone,85.0,1,0,3,0.58430123,0.46950912,0,1,adulto
ICB_03310_003,ICB_130,copd,AKG C417L Microphone,85.0,1,0,3,0.66716594,0.61506414,1,1,adulto
ICB_03310_004,ICB_130,copd,AKG C417L Microphone,85.0,1,0,3,0.5389854,0.5469377,0,1,adulto
ICB_03310_005,ICB_130,copd,AKG C417L Microphone,85.0,1,0,3,0.39735147,0.40022275,0,1,adulto
ICB_03310_006,ICB_130,copd,AKG C417L Microphone,85.0,1,0,3,0.4549924,0.3984828,0,1,adulto
ICB_03310_007,ICB_130,copd,AKG C417L Microphone,85.0,1,0,3,0.4773757,0.42637005,0,1,adulto
ICB_03310_008,ICB_130,copd,AKG C417L Microphone,85.0,1,0,3,0.6125387,0.32896256,1,1,adulto
ICB_03311_000,ICB_130,copd,AKG C417L Microphone,85.0,0,0,3,0.56575567,0.3739436,0,0,adulto
ICB_03311_001,ICB_130,copd,AKG C417L Microphone,85.0,1,0,3,0.6946573,0.3513966,1,1,adulto
ICB_03311_002,ICB_130,copd,AKG C417L Microphone,85.0,1,0,3,0.7238987,0.3866746,1,1,adulto
ICB_03311_003,ICB_130,copd,AKG C417L Microphone,85.0,1,0,3,0.75606376,0.36503652,1,1,adulto
ICB_03311_004,ICB_130,copd,AKG C417L Microphone,85.0,1,0,3,0.71515316,0.38509429,1,1,adulto
ICB_03311_005,ICB_130,copd,AKG C417L Microphone,85.0,1,0,3,0.5972245,0.31987414,0,1,adulto
ICB_03311_006,ICB_130,copd,AKG C417L Microphone,85.0,1,0,3,0.7707352,0.37363118,1,1,adulto
ICB_03311_007,ICB_130,copd,AKG C417L Microphone,85.0,1,0,3,0.7017599,0.3205377,1,1,adulto
ICB_03311_008,ICB_130,copd,AKG C417L Microphone,85.0,1,0,3,0.70982546,0.36728662,1,1,adulto
ICB_03312_000,ICB_130,copd,AKG C417L Microphone,85.0,0,0,3,0.52681834,0.29147708,0,0,adulto
ICB_03312_001,ICB_130,copd,AKG C417L Microphone,85.0,1,0,3,0.62786996,0.35789812,1,1,adulto
ICB_03312_002,ICB_130,copd,AKG C417L Microphone,85.0,1,0,3,0.6252686,0.5717952,1,1,adulto
ICB_03312_003,ICB_130,copd,AKG C417L Microphone,85.0,1,0,3,0.7121682,0.58537734,1,1,adulto
ICB_03312_004,ICB_130,copd,AKG C417L Microphone,85.0,1,0,3,0.79652035,0.3184544,1,1,adulto
ICB_03312_005,ICB_130,copd,AKG C417L Microphone,85.0,1,0,3,0.6749112,0.4283456,1,1,adulto
ICB_03312_006,ICB_130,copd,AKG C417L Microphone,85.0,1,0,3,0.6486971,0.49445483,1,1,adulto
ICB_03312_007,ICB_130,copd,AKG C417L Microphone,85.0,1,0,3,0.6222052,0.38536897,1,1,adulto
ICB_03312_008,ICB_130,copd,AKG C417L Microphone,85.0,1,0,3,0.60843503,0.47343013,1,1,adulto
ICB_03313_000,ICB_130,copd,AKG C417L Microphone,85.0,0,0,3,0.53990406,0.32802254,0,0,adulto
ICB_03313_001,ICB_130,copd,AKG C417L Microphone,85.0,1,0,3,0.6464733,0.23989314,1,1,adulto
ICB_03313_002,ICB_130,copd,AKG C417L Microphone,85.0,1,0,3,0.56205094,0.3890496,0,1,adulto
ICB_03313_003,ICB_130,copd,AKG C417L Microphone,85.0,1,0,3,0.65238017,0.26623046,1,1,adulto
ICB_03313_004,ICB_130,copd,AKG C417L Microphone,85.0,1,0,3,0.5106222,0.2175032,0,1,adulto
ICB_03313_005,ICB_130,copd,AKG C417L Microphone,85.0,0,1,3,0.6330528,0.6960308,1,2,adulto
ICB_03313_006,ICB_130,copd,AKG C417L Microphone,85.0,1,0,3,0.57437485,0.26705635,0,1,adulto
ICB_03313_007,ICB_130,copd,AKG C417L Microphone,85.0,1,0,3,0.6349766,0.26709947,1,1,adulto
ICB_03313_008,ICB_130,copd,AKG C417L Microphone,85.0,0,0,3,0.4845585,0.47541928,0,0,adulto
ICB_03314_000,ICB_130,copd,AKG C417L Microphone,85.0,1,0,3,0.36890328,0.48864722,0,1,adulto
ICB_03314_001,ICB_130,copd,AKG C417L Microphone,85.0,1,0,3,0.66782135,0.63628554,1,1,adulto
ICB_03314_002,ICB_130,copd,AKG C417L Microphone,85.0,1,0,3,0.91499525,0.69972134,1,1,adulto
ICB_03314_003,ICB_130,copd,AKG C417L Microphone,85.0,1,0,3,0.92032886,0.51237345,1,1,adulto
ICB_03314_004,ICB_130,copd,AKG C417L Microphone,85.0,1,0,3,0.66679883,0.45171532,1,1,adulto
ICB_03314_005,ICB_130,copd,AKG C417L Microphone,85.0,1,0,3,0.74881136,0.419226,1,1,adulto
ICB_03314_006,ICB_130,copd,AKG C417L Microphone,85.0,1,0,3,0.83293694,0.4286413,1,1,adulto
ICB_03314_007,ICB_130,copd,AKG C417L Microphone,85.0,1,0,3,0.88054585,0.3600292,1,1,adulto
ICB_03314_008,ICB_130,copd,AKG C417L Microphone,85.0,1,0,3,0.6200017,0.3839858,1,1,adulto
ICB_03314_009,ICB_130,copd,AKG C417L Microphone,85.0,1,0,3,0.73013455,0.5954972,1,1,adulto
ICB_03315_000,ICB_130,copd,AKG C417L Microphone,85.0,1,0,3,0.41375187,0.35765544,0,1,adulto
ICB_03315_001,ICB_130,copd,AKG C417L Microphone,85.0,1,0,3,0.74977493,0.28523505,1,1,adulto
ICB_03315_002,ICB_130,copd,AKG C417L Microphone,85.0,1,0,3,0.59364396,0.45385352,0,1,adulto
ICB_03315_003,ICB_130,copd,AKG C417L Microphone,85.0,1,0,3,0.49409223,0.5739073,0,1,adulto
ICB_03315_004,ICB_130,copd,AKG C417L Microphone,85.0,1,0,3,0.61167395,0.48460913,1,1,adulto
ICB_03315_005,ICB_130,copd,AKG C417L Microphone,85.0,1,0,3,0.6152115,0.62528384,1,1,adulto
ICB_03315_006,ICB_130,copd,AKG C417L Microphone,85.0,1,0,3,0.7107564,0.46397147,1,1,adulto
ICB_03315_007,ICB_130,copd,AKG C417L Microphone,85.0,1,0,3,0.65452343,0.45006642,1,1,adulto
ICB_03315_008,ICB_130,copd,AKG C417L Microphone,85.0,1,0,3,0.5274173,0.49241647,0,1,adulto
ICB_03315_009,ICB_130,copd,AKG C417L Microphone,85.0,1,0,3,0.3898247,0.47783175,0,1,adulto
ICB_03315_010,ICB_130,copd,AKG C417L Microphone,85.0,1,1,3,0.26334348,0.43601376,0,3,adulto
ICB_03316_000,ICB_130,copd,AKG C417L Microphone,85.0,1,0,3,0.21881497,0.5190634,0,1,adulto
ICB_03316_001,ICB_130,copd,AKG C417L Microphone,85.0,1,0,3,0.3366005,0.32641456,0,1,adulto
ICB_03316_002,ICB_130,copd,AKG C417L Microphone,85.0,1,0,3,0.3838409,0.6382359,0,1,adulto
ICB_03316_003,ICB_130,copd,AKG C417L Microphone,85.0,1,0,3,0.37572283,0.56967485,0,1,adulto
ICB_03316_004,ICB_130,copd,AKG C417L Microphone,85.0,1,0,3,0.28164792,0.2868505,0,1,adulto
ICB_03316_005,ICB_130,copd,AKG C417L Microphone,85.0,1,0,3,0.33500752,0.67108536,0,1,adulto
ICB_03316_006,ICB_130,copd,AKG C417L Microphone,85.0,1,0,3,0.3254258,0.5497008,0,1,adulto
ICB_03316_007,ICB_130,copd,AKG C417L Microphone,85.0,1,0,3,0.5817225,0.32007563,0,1,adulto
ICB_03316_008,ICB_130,copd,AKG C417L Microphone,85.0,1,0,3,0.32864776,0.4921703,0,1,adulto
ICB_03316_009,ICB_130,copd,AKG C417L Microphone,85.0,1,0,3,0.2666946,0.468662,0,1,adulto
ICB_03316_010,ICB_130,copd,AKG C417L Microphone,85.0,0,0,3,0.0,4.1050215e-14,0,0,adulto
ICB_03317_000,ICB_130,copd,AKG C417L Microphone,85.0,1,0,3,0.28711763,0.37481734,0,1,adulto
ICB_03317_001,ICB_130,copd,AKG C417L Microphone,85.0,1,0,3,0.29663202,0.50128436,0,1,adulto
ICB_03317_002,ICB_130,copd,AKG C417L Microphone,85.0,1,0,3,0.6318125,0.26734045,1,1,adulto
ICB_03317_003,ICB_130,copd,AKG C417L Microphone,85.0,1,0,3,0.65380365,0.2791806,1,1,adulto
ICB_03317_004,ICB_130,copd,AKG C417L Microphone,85.0,1,0,3,0.63916564,0.3537495,1,1,adulto
ICB_03317_005,ICB_130,copd,AKG C417L Microphone,85.0,1,0,3,0.561592,0.3223989,0,1,adulto
ICB_03317_006,ICB_130,copd,AKG C417L Microphone,85.0,0,0,3,0.64910287,0.47128892,1,0,adulto
ICB_03317_007,ICB_130,copd,AKG C417L Microphone,85.0,1,0,3,0.5149481,0.37811035,0,1,adulto
ICB_03317_008,ICB_130,copd,AKG C417L Microphone,85.0,1,0,3,0.5816952,0.25184244,0,1,adulto
ICB_03317_009,ICB_130,copd,AKG C417L Microphone,85.0,1,0,3,0.44176683,0.41338897,0,1,adulto
ICB_03317_010,ICB_130,copd,AKG C417L Microphone,85.0,0,0,3,0.20548838,0.34318402,0,0,adulto
ICB_03318_000,ICB_130,copd,AKG C417L Microphone,85.0,1,0,3,0.8105893,0.5430941,1,1,adulto
ICB_03318_001,ICB_130,copd,AKG C417L Microphone,85.0,1,0,3,0.52539295,0.6670788,0,1,adulto
ICB_03318_002,ICB_130,copd,AKG C417L Microphone,85.0,1,0,3,0.8806489,0.18363453,1,1,adulto
ICB_03318_003,ICB_130,copd,AKG C417L Microphone,85.0,1,0,3,0.6006073,0.4592582,1,1,adulto
ICB_03318_004,ICB_130,copd,AKG C417L Microphone,85.0,1,0,3,0.61970645,0.2970326,1,1,adulto
ICB_03318_005,ICB_130,copd,AKG C417L Microphone,85.0,1,1,3,0.51018226,0.4897088,0,3,adulto
ICB_03318_006,ICB_130,copd,AKG C417L Microphone,85.0,1,0,3,0.5547957,0.5610181,0,1,adulto
ICB_03318_007,ICB_130,copd,AKG C417L Microphone,85.0,1,1,3,0.6631725,0.5588561,1,3,adulto
ICB_03318_008,ICB_130,copd,AKG C417L Microphone,85.0,1,0,3,0.6580497,0.43436086,1,1,adulto
ICB_03318_009,ICB_130,copd,AKG C417L Microphone,85.0,1,0,3,0.43206668,0.42180628,0,1,adulto
ICB_03318_010,ICB_130,copd,AKG C417L Microphone,85.0,1,0,3,0.2633131,0.32084346,0,1,adulto
ICB_03319_000,ICB_130,copd,AKG C417L Microphone,85.0,1,0,3,0.3664148,0.12115694,0,1,adulto
ICB_03319_001,ICB_130,copd,AKG C417L Microphone,85.0,1,1,3,0.44504148,0.33957735,0,3,adulto
ICB_03319_002,ICB_130,copd,AKG C417L Microphone,85.0,1,0,3,0.46853054,0.25576773,0,1,adulto
ICB_03319_003,ICB_130,copd,AKG C417L Microphone,85.0,1,0,3,0.46187735,0.26340136,0,1,adulto
ICB_03319_004,ICB_130,copd,AKG C417L Microphone,85.0,1,0,3,0.4275544,0.16953556,0,1,adulto
ICB_03319_005,ICB_130,copd,AKG C417L Microphone,85.0,1,0,3,0.38140205,0.28599513,0,1,adulto
ICB_03319_006,ICB_130,copd,AKG C417L Microphone,85.0,1,0,3,0.48625356,0.23884976,0,1,adulto
ICB_03319_007,ICB_130,copd,AKG C417L Microphone,85.0,1,0,3,0.47326314,0.1839711,0,1,adulto
ICB_03319_008,ICB_130,copd,AKG C417L Microphone,85.0,1,0,3,0.46757844,0.2912605,0,1,adulto
ICB_03319_009,ICB_130,copd,AKG C417L Microphone,85.0,1,0,3,0.3981963,0.19860825,0,1,adulto
ICB_03319_010,ICB_130,copd,AKG C417L Microphone,85.0,1,0,3,0.39112875,0.23078312,0,1,adulto
ICB_03320_000,ICB_130,copd,AKG C417L Microphone,85.0,0,0,3,0.4071355,0.123619065,0,0,adulto
ICB_03320_001,ICB_130,copd,AKG C417L Microphone,85.0,1,0,3,0.46148244,0.21124329,0,1,adulto
ICB_03320_002,ICB_130,copd,AKG C417L Microphone,85.0,1,0,3,0.42163497,0.25613603,0,1,adulto
ICB_03320_003,ICB_130,copd,AKG C417L Microphone,85.0,1,0,3,0.47376123,0.12574452,0,1,adulto
ICB_03320_004,ICB_130,copd,AKG C417L Microphone,85.0,1,0,3,0.49173272,0.2801226,0,1,adulto
ICB_03320_005,ICB_130,copd,AKG C417L Microphone,85.0,1,0,3,0.43937808,0.2969078,0,1,adulto
ICB_03320_006,ICB_130,copd,AKG C417L Microphone,85.0,1,0,3,0.44884434,0.19854452,0,1,adulto
ICB_03320_007,ICB_130,copd,AKG C417L Microphone,85.0,1,1,3,0.5442042,0.3018864,0,3,adulto
ICB_03320_008,ICB_130,copd,AKG C417L Microphone,85.0,1,0,3,0.38944227,0.18083882,0,1,adulto
ICB_03320_009,ICB_130,copd,AKG C417L Microphone,85.0,0,0,3,0.3549683,0.24417162,0,0,adulto
ICB_03320_010,ICB_130,copd,AKG C417L Microphone,85.0,0,0,3,0.41821206,0.20177874,0,0,adulto
ICB_03321_000,ICB_130,copd,AKG C417L Microphone,85.0,1,0,3,0.83491945,0.5047598,1,1,adulto
ICB_03321_001,ICB_130,copd,AKG C417L Microphone,85.0,1,0,3,0.47864643,0.58965695,0,1,adulto
ICB_03321_002,ICB_130,copd,AKG C417L Microphone,85.0,1,0,3,0.57272243,0.6184432,0,1,adulto
ICB_03321_003,ICB_130,copd,AKG C417L Microphone,85.0,1,0,3,0.7551374,0.6168752,1,1,adulto
ICB_03321_004,ICB_130,copd,AKG C417L Microphone,85.0,1,0,3,0.67285013,0.56479317,1,1,adulto
ICB_03321_005,ICB_130,copd,AKG C417L Microphone,85.0,0,0,3,0.35063797,0.41007584,0,0,adulto
ICB_03322_000,ICB_130,copd,AKG C417L Microphone,85.0,0,0,3,0.5814535,0.3995056,0,0,adulto
ICB_03322_001,ICB_130,copd,AKG C417L Microphone,85.0,0,0,3,0.70099396,0.4795459,1,0,adulto
ICB_03322_002,ICB_130,copd,AKG C417L Microphone,85.0,0,0,3,0.7080443,0.43055233,1,0,adulto
ICB_03322_003,ICB_130,copd,AKG C417L Microphone,85.0,0,0,3,0.7098937,0.582943,1,0,adulto
ICB_03322_004,ICB_130,copd,AKG C417L Microphone,85.0,0,0,3,0.5922888,0.29195654,0,0,adulto
ICB_03323_000,ICB_130,copd,AKG C417L Microphone,85.0,0,0,3,0.59023315,0.54710877,0,0,adulto
ICB_03323_001,ICB_130,copd,AKG C417L Microphone,85.0,0,0,3,0.5943055,0.42404786,0,0,adulto
ICB_03323_002,ICB_130,copd,AKG C417L Microphone,85.0,0,0,3,0.6620498,0.33007753,1,0,adulto
ICB_03323_003,ICB_130,copd,AKG C417L Microphone,85.0,0,0,3,0.6460293,0.35566953,1,0,adulto
ICB_03323_004,ICB_130,copd,AKG C417L Microphone,85.0,0,0,3,0.70076555,0.23425558,1,0,adulto
ICB_03324_000,ICB_130,copd,AKG C417L Microphone,85.0,1,0,3,0.7213999,0.3493644,1,1,adulto
ICB_03324_001,ICB_130,copd,AKG C417L Microphone,85.0,1,0,3,0.61089,0.48030996,1,1,adulto
ICB_03324_002,ICB_130,copd,AKG C417L Microphone,85.0,1,0,3,0.5922223,0.3214876,0,1,adulto
ICB_03324_003,ICB_130,copd,AKG C417L Microphone,85.0,1,0,3,0.5252979,0.37601084,0,1,adulto
ICB_03324_004,ICB_130,copd,AKG C417L Microphone,85.0,1,0,3,0.42212653,0.36160275,0,1,adulto
ICB_03325_000,ICB_130,copd,AKG C417L Microphone,85.0,1,0,3,0.72472066,0.444766,1,1,adulto
ICB_03325_001,ICB_130,copd,AKG C417L Microphone,85.0,1,0,3,0.7833659,0.48952112,1,1,adulto
ICB_03325_002,ICB_130,copd,AKG C417L Microphone,85.0,1,0,3,0.7416233,0.35212702,1,1,adulto
ICB_03325_003,ICB_130,copd,AKG C417L Microphone,85.0,1,0,3,0.746072,0.38492408,1,1,adulto
ICB_03325_004,ICB_130,copd,AKG C417L Microphone,85.0,1,0,3,0.48189643,0.35589883,0,1,adulto
ICB_03326_000,ICB_130,copd,AKG C417L Microphone,85.0,1,0,3,0.763476,0.490385,1,1,adulto
ICB_03326_001,ICB_130,copd,AKG C417L Microphone,85.0,1,0,3,0.81672794,0.45548287,1,1,adulto
ICB_03326_002,ICB_130,copd,AKG C417L Microphone,85.0,1,0,3,0.78940564,0.47407612,1,1,adulto
ICB_03326_003,ICB_130,copd,AKG C417L Microphone,85.0,1,0,3,0.8336867,0.4135155,1,1,adulto
ICB_03326_004,ICB_130,copd,AKG C417L Microphone,85.0,1,0,3,0.7453135,0.43998182,1,1,adulto
ICB_03327_000,ICB_130,copd,AKG C417L Microphone,85.0,1,0,3,0.514945,0.5280903,0,1,adulto
ICB_03327_001,ICB_130,copd,AKG C417L Microphone,85.0,1,0,3,0.5346949,0.5579566,0,1,adulto
ICB_03327_002,ICB_130,copd,AKG C417L Microphone,85.0,1,0,3,0.4990941,0.35945484,0,1,adulto
ICB_03327_003,ICB_130,copd,AKG C417L Microphone,85.0,1,0,3,0.40022874,0.45815122,0,1,adulto
ICB_03327_004,ICB_130,copd,AKG C417L Microphone,85.0,1,0,3,0.47239947,0.33646646,0,1,adulto
ICB_03327_005,ICB_130,copd,AKG C417L Microphone,85.0,1,0,3,0.5379405,0.4709798,0,1,adulto
ICB_03327_006,ICB_130,copd,AKG C417L Microphone,85.0,1,0,3,0.53625077,0.2376403,0,1,adulto
ICB_03328_000,ICB_130,copd,AKG C417L Microphone,85.0,0,0,3,0.43370223,0.4176248,0,0,adulto
ICB_03328_001,ICB_130,copd,AKG C417L Microphone,85.0,1,0,3,0.61089045,0.41654792,1,1,adulto
ICB_03328_002,ICB_130,copd,AKG C417L Microphone,85.0,0,0,3,0.7219974,0.5028115,1,0,adulto
ICB_03328_003,ICB_130,copd,AKG C417L Microphone,85.0,1,0,3,0.59135306,0.6826971,0,1,adulto
ICB_03328_004,ICB_130,copd,AKG C417L Microphone,85.0,1,0,3,0.6441168,0.4828188,1,1,adulto
ICB_03328_005,ICB_130,copd,AKG C417L Microphone,85.0,0,0,3,0.6970038,0.3462514,1,0,adulto
ICB_03328_006,ICB_130,copd,AKG C417L Microphone,85.0,0,0,3,0.24801095,0.42564076,0,0,adulto
ICB_03329_000,ICB_130,copd,AKG C417L Microphone,85.0,1,0,3,0.49926805,0.23034826,0,1,adulto
ICB_03329_001,ICB_130,copd,AKG C417L Microphone,85.0,1,0,3,0.7011962,0.4693771,1,1,adulto
ICB_03329_002,ICB_130,copd,AKG C417L Microphone,85.0,1,0,3,0.729399,0.44571692,1,1,adulto
ICB_03329_003,ICB_130,copd,AKG C417L Microphone,85.0,1,0,3,0.6966718,0.42283788,1,1,adulto
ICB_03329_004,ICB_130,copd,AKG C417L Microphone,85.0,1,0,3,0.73818123,0.50208765,1,1,adulto
ICB_03329_005,ICB_130,copd,AKG C417L Microphone,85.0,1,0,3,0.6893106,0.38055006,1,1,adulto
ICB_03329_006,ICB_130,copd,AKG C417L Microphone,85.0,1,0,3,0.614206,0.32254177,1,1,adulto
ICB_03330_000,ICB_130,copd,AKG C417L Microphone,85.0,1,0,3,0.42719892,0.21461624,0,1,adulto
ICB_03330_001,ICB_130,copd,AKG C417L Microphone,85.0,1,0,3,0.35485497,0.4365897,0,1,adulto
ICB_03330_002,ICB_130,copd,AKG C417L Microphone,85.0,1,0,3,0.393783,0.26552373,0,1,adulto
ICB_03330_003,ICB_130,copd,AKG C417L Microphone,85.0,1,0,3,0.28963417,0.35677367,0,1,adulto
ICB_03330_004,ICB_130,copd,AKG C417L Microphone,85.0,1,0,3,0.3231859,0.22716255,0,1,adulto
ICB_03330_005,ICB_130,copd,AKG C417L Microphone,85.0,1,0,3,0.35404226,0.3689327,0,1,adulto
ICB_03330_006,ICB_130,copd,AKG C417L Microphone,85.0,1,0,3,0.32837483,0.334217,0,1,adulto
ICB_03331_000,ICB_130,copd,AKG C417L Microphone,85.0,1,0,3,0.51261836,0.2290728,0,1,adulto
ICB_03331_001,ICB_130,copd,AKG C417L Microphone,85.0,1,0,3,0.45402703,0.17064674,0,1,adulto
ICB_03331_002,ICB_130,copd,AKG C417L Microphone,85.0,1,0,3,0.38947773,0.23846279,0,1,adulto
ICB_03331_003,ICB_130,copd,AKG C417L Microphone,85.0,1,0,3,0.3493842,0.16645536,0,1,adulto
ICB_03331_004,ICB_130,copd,AKG C417L Microphone,85.0,1,0,3,0.49653926,0.19193466,0,1,adulto
ICB_03331_005,ICB_130,copd,AKG C417L Microphone,85.0,1,0,3,0.47377062,0.16822608,0,1,adulto
ICB_03331_006,ICB_130,copd,AKG C417L Microphone,85.0,1,0,3,0.44107428,0.16418219,0,1,adulto
ICB_03332_000,ICB_130,copd,AKG C417L Microphone,85.0,1,0,3,0.40073577,0.36609292,0,1,adulto
ICB_03332_001,ICB_130,copd,AKG C417L Microphone,85.0,1,0,3,0.50710976,0.39126554,0,1,adulto
ICB_03332_002,ICB_130,copd,AKG C417L Microphone,85.0,1,0,3,0.42554593,0.33442497,0,1,adulto
ICB_03332_003,ICB_130,copd,AKG C417L Microphone,85.0,1,0,3,0.52873963,0.3908805,0,1,adulto
ICB_03332_004,ICB_130,copd,AKG C417L Microphone,85.0,1,0,3,0.44962153,0.48840824,0,1,adulto
ICB_03332_005,ICB_130,copd,AKG C417L Microphone,85.0,1,0,3,0.50527525,0.36904344,0,1,adulto
ICB_03332_006,ICB_130,copd,AKG C417L Microphone,85.0,1,1,3,0.37358862,0.3123789,0,3,adulto
ICB_03333_000,ICB_130,copd,AKG C417L Microphone,85.0,1,0,3,0.6489219,0.49166307,1,1,adulto
ICB_03333_001,ICB_130,copd,AKG C417L Microphone,85.0,1,0,3,0.53569806,0.67763406,0,1,adulto
ICB_03333_002,ICB_130,copd,AKG C417L Microphone,85.0,1,0,3,0.73062176,0.43608528,1,1,adulto
ICB_03333_003,ICB_130,copd,AKG C417L Microphone,85.0,1,0,3,0.68996155,0.5443803,1,1,adulto
ICB_03333_004,ICB_130,copd,AKG C417L Microphone,85.0,1,0,3,0.6818122,0.5333732,1,1,adulto
ICB_03333_005,ICB_130,copd,AKG C417L Microphone,85.0,1,0,3,0.6786128,0.57105255,1,1,adulto
ICB_03333_006,ICB_130,copd,AKG C417L Microphone,85.0,1,1,3,0.7561025,0.4806681,1,3,adulto
ICB_03334_000,ICB_130,copd,AKG C417L Microphone,85.0,1,0,3,0.40961507,0.27202767,0,1,adulto
ICB_03334_001,ICB_130,copd,AKG C417L Microphone,85.0,1,0,3,0.43094477,0.30108893,0,1,adulto
ICB_03334_002,ICB_130,copd,AKG C417L Microphone,85.0,1,0,3,0.35260728,0.29788446,0,1,adulto
ICB_03334_003,ICB_130,copd,AKG C417L Microphone,85.0,1,1,3,0.2613129,0.3360748,0,3,adulto
ICB_03334_004,ICB_130,copd,AKG C417L Microphone,85.0,1,0,3,0.38450506,0.27974838,0,1,adulto
ICB_03334_005,ICB_130,copd,AKG C417L Microphone,85.0,1,0,3,0.4755821,0.2521241,0,1,adulto
ICB_03334_006,ICB_130,copd,AKG C417L Microphone,85.0,1,0,3,0.4546998,0.27656785,0,1,adulto
ICB_03335_000,ICB_130,copd,AKG C417L Microphone,85.0,0,0,3,0.43932077,0.15570779,0,0,adulto
ICB_03335_001,ICB_130,copd,AKG C417L Microphone,85.0,1,0,3,0.42085463,0.19774257,0,1,adulto
ICB_03335_002,ICB_130,copd,AKG C417L Microphone,85.0,1,0,3,0.5297569,0.24620931,0,1,adulto
ICB_03335_003,ICB_130,copd,AKG C417L Microphone,85.0,1,0,3,0.47825864,0.1991973,0,1,adulto
ICB_03335_004,ICB_130,copd,AKG C417L Microphone,85.0,1,0,3,0.45386595,0.23297311,0,1,adulto
ICB_03335_005,ICB_130,copd,AKG C417L Microphone,85.0,1,0,3,0.4783079,0.16902092,0,1,adulto
ICB_03335_006,ICB_130,copd,AKG C417L Microphone,85.0,1,1,3,0.4086155,0.22654364,0,3,adulto
ICB_03336_000,ICB_130,copd,AKG C417L Microphone,85.0,1,1,3,0.36219516,0.4489314,0,3,adulto
ICB_03336_001,ICB_130,copd,AKG C417L Microphone,85.0,1,1,3,0.424875,0.38963792,0,3,adulto
ICB_03336_002,ICB_130,copd,AKG C417L Microphone,85.0,1,0,3,0.49921754,0.3766975,0,1,adulto
ICB_03336_003,ICB_130,copd,AKG C417L Microphone,85.0,1,0,3,0.358203,0.42808092,0,1,adulto
ICB_03336_004,ICB_130,copd,AKG C417L Microphone,85.0,1,0,3,0.34032366,0.3358539,0,1,adulto
ICB_03336_005,ICB_130,copd,AKG C417L Microphone,85.0,0,0,3,0.49934652,0.4127416,0,0,adulto
ICB_03336_006,ICB_130,copd,AKG C417L Microphone,85.0,1,0,3,0.44611827,0.3296009,0,1,adulto
ICB_03336_007,ICB_130,copd,AKG C417L Microphone,85.0,0,0,3,0.33660886,0.4079176,0,0,adulto
ICB_03337_000,ICB_130,copd,AKG C417L Microphone,85.0,1,0,3,0.6137311,0.51344067,1,1,adulto
ICB_03337_001,ICB_130,copd,AKG C417L Microphone,85.0,1,0,3,0.5944543,0.43529925,0,1,adulto
ICB_03337_002,ICB_130,copd,AKG C417L Microphone,85.0,1,1,3,0.47883108,0.46392,0,3,adulto
ICB_03337_003,ICB_130,copd,AKG C417L Microphone,85.0,1,1,3,0.5900443,0.57409906,0,3,adulto
ICB_03337_004,ICB_130,copd,AKG C417L Microphone,85.0,1,1,3,0.6864836,0.41011477,1,3,adulto
ICB_03337_005,ICB_130,copd,AKG C417L Microphone,85.0,1,0,3,0.6343424,0.5249148,1,1,adulto
ICB_03337_006,ICB_130,copd,AKG C417L Microphone,85.0,1,0,3,0.62149596,0.3487249,1,1,adulto
ICB_03337_007,ICB_130,copd,AKG C417L Microphone,85.0,1,0,3,0.41055027,0.48557177,0,1,adulto
ICB_03338_000,ICB_130,copd,AKG C417L Microphone,85.0,1,1,3,0.4036488,0.2669208,0,3,adulto
ICB_03338_001,ICB_130,copd,AKG C417L Microphone,85.0,1,1,3,0.27880493,0.24237894,0,3,adulto
ICB_03338_002,ICB_130,copd,AKG C417L Microphone,85.0,1,0,3,0.386838,0.23666601,0,1,adulto
ICB_03338_003,ICB_130,copd,AKG C417L Microphone,85.0,1,0,3,0.45548776,0.29168704,0,1,adulto
ICB_03338_004,ICB_130,copd,AKG C417L Microphone,85.0,1,0,3,0.41207647,0.25343853,0,1,adulto
ICB_03338_005,ICB_130,copd,AKG C417L Microphone,85.0,1,0,3,0.42956725,0.30688155,0,1,adulto
ICB_03338_006,ICB_130,copd,AKG C417L Microphone,85.0,1,0,3,0.38388234,0.2519703,0,1,adulto
ICB_03338_007,ICB_130,copd,AKG C417L Microphone,85.0,1,0,3,0.4191169,0.21659967,0,1,adulto
ICB_03339_000,ICB_130,copd,AKG C417L Microphone,85.0,1,1,3,0.49649614,0.2940854,0,3,adulto
ICB_03339_001,ICB_130,copd,AKG C417L Microphone,85.0,1,1,3,0.4711058,0.24070202,0,3,adulto
ICB_03339_002,ICB_130,copd,AKG C417L Microphone,85.0,1,1,3,0.38700256,0.1384963,0,3,adulto
ICB_03339_003,ICB_130,copd,AKG C417L Microphone,85.0,1,1,3,0.55421174,0.22878455,0,3,adulto
ICB_03339_004,ICB_130,copd,AKG C417L Microphone,85.0,1,1,3,0.45104408,0.26597312,0,3,adulto
ICB_03339_005,ICB_130,copd,AKG C417L Microphone,85.0,1,0,3,0.3973935,0.22814262,0,1,adulto
ICB_03339_006,ICB_130,copd,AKG C417L Microphone,85.0,1,0,3,0.51484776,0.22659297,0,1,adulto
ICB_03339_007,ICB_130,copd,AKG C417L Microphone,85.0,1,0,3,0.39607856,0.2415786,0,1,adulto
ICB_03340_000,ICB_131,respiratory_infection,3M Littmann Classic II SE,3.0,0,0,3,0.40521103,0.29318333,0,0,pediátrico (<18)
ICB_03340_001,ICB_131,respiratory_infection,3M Littmann Classic II SE,3.0,0,0,3,0.38274813,0.49878672,0,0,pediátrico (<18)
ICB_03340_002,ICB_131,respiratory_infection,3M Littmann Classic II SE,3.0,0,1,3,0.353696,0.71202874,0,2,pediátrico (<18)
ICB_03340_003,ICB_131,respiratory_infection,3M Littmann Classic II SE,3.0,0,0,3,0.47388822,0.39814356,0,0,pediátrico (<18)
ICB_03340_004,ICB_131,respiratory_infection,3M Littmann Classic II SE,3.0,0,0,3,0.36980957,0.52104324,0,0,pediátrico (<18)
ICB_03340_005,ICB_131,respiratory_infection,3M Littmann Classic II SE,3.0,0,0,3,0.64771706,0.51874304,1,0,pediátrico (<18)
ICB_03340_006,ICB_131,respiratory_infection,3M Littmann Classic II SE,3.0,0,0,3,0.44452226,0.57574856,0,0,pediátrico (<18)
ICB_03340_007,ICB_131,respiratory_infection,3M Littmann Classic II SE,3.0,0,0,3,0.3495733,0.5132508,0,0,pediátrico (<18)
ICB_03340_008,ICB_131,respiratory_infection,3M Littmann Classic II SE,3.0,0,0,3,0.5171637,0.44989252,0,0,pediátrico (<18)
ICB_03340_009,ICB_131,respiratory_infection,3M Littmann Classic II SE,3.0,0,1,3,0.1780186,0.56954694,0,2,pediátrico (<18)
ICB_03340_010,ICB_131,respiratory_infection,3M Littmann Classic II SE,3.0,0,0,3,0.21895154,0.3436961,0,0,pediátrico (<18)
ICB_03367_000,ICB_135,pneumonia,3M Littmann Classic II SE,70.0,0,0,3,0.4378302,0.42573053,0,0,adulto
ICB_03367_001,ICB_135,pneumonia,3M Littmann Classic II SE,70.0,0,0,3,0.42416102,0.30270955,0,0,adulto
ICB_03367_002,ICB_135,pneumonia,3M Littmann Classic II SE,70.0,0,0,3,0.4615969,0.57364535,0,0,adulto
ICB_03367_003,ICB_135,pneumonia,3M Littmann Classic II SE,70.0,0,0,3,0.45675153,0.5931063,0,0,adulto
ICB_03367_004,ICB_135,pneumonia,3M Littmann Classic II SE,70.0,0,0,3,0.6079914,0.76502573,1,0,adulto
ICB_03367_005,ICB_135,pneumonia,3M Littmann Classic II SE,70.0,0,0,3,0.4661569,0.5526054,0,0,adulto
ICB_03367_006,ICB_135,pneumonia,3M Littmann Classic II SE,70.0,0,0,3,0.4814859,0.5512852,0,0,adulto
ICB_03367_007,ICB_135,pneumonia,3M Littmann Classic II SE,70.0,0,0,3,0.4455511,0.6223171,0,0,adulto
ICB_03367_008,ICB_135,pneumonia,3M Littmann Classic II SE,70.0,0,0,3,0.4021575,0.635727,0,0,adulto
ICB_03368_000,ICB_135,pneumonia,3M Littmann Classic II SE,70.0,0,0,3,0.6657506,0.45638424,1,0,adulto
ICB_03368_001,ICB_135,pneumonia,3M Littmann Classic II SE,70.0,0,0,3,0.500949,0.6671083,0,0,adulto
ICB_03368_002,ICB_135,pneumonia,3M Littmann Classic II SE,70.0,0,0,3,0.26500848,0.6652003,0,0,adulto
ICB_03368_003,ICB_135,pneumonia,3M Littmann Classic II SE,70.0,0,0,3,0.3804894,0.66409034,0,0,adulto
ICB_03368_004,ICB_135,pneumonia,3M Littmann Classic II SE,70.0,0,0,3,0.55438495,0.80953616,0,0,adulto
ICB_03368_005,ICB_135,pneumonia,3M Littmann Classic II SE,70.0,0,0,3,0.48627684,0.53655446,0,0,adulto
ICB_03368_006,ICB_135,pneumonia,3M Littmann Classic II SE,70.0,0,0,3,0.5683912,0.56030303,0,0,adulto
ICB_03368_007,ICB_135,pneumonia,3M Littmann Classic II SE,70.0,0,0,3,0.40952462,0.5727317,0,0,adulto
ICB_03368_008,ICB_135,pneumonia,3M Littmann Classic II SE,70.0,0,0,3,0.3537876,0.79077876,0,0,adulto
ICB_03369_000,ICB_135,pneumonia,3M Littmann Classic II SE,70.0,1,0,3,0.5019945,0.22902986,0,1,adulto
ICB_03369_001,ICB_135,pneumonia,3M Littmann Classic II SE,70.0,1,0,3,0.53324187,0.5860404,0,1,adulto
ICB_03369_002,ICB_135,pneumonia,3M Littmann Classic II SE,70.0,1,0,3,0.5429135,0.4759911,0,1,adulto
ICB_03369_003,ICB_135,pneumonia,3M Littmann Classic II SE,70.0,1,0,3,0.6222109,0.70050913,1,1,adulto
ICB_03369_004,ICB_135,pneumonia,3M Littmann Classic II SE,70.0,1,0,3,0.59477687,0.7713729,0,1,adulto
ICB_03369_005,ICB_135,pneumonia,3M Littmann Classic II SE,70.0,0,0,3,0.54341227,0.55549484,0,0,adulto
ICB_03369_006,ICB_135,pneumonia,3M Littmann Classic II SE,70.0,0,0,3,0.62121177,0.37304574,1,0,adulto
ICB_03369_007,ICB_135,pneumonia,3M Littmann Classic II SE,70.0,0,0,3,0.45623374,0.42617625,0,0,adulto
ICB_03369_008,ICB_135,pneumonia,3M Littmann Classic II SE,70.0,0,0,3,0.36905602,0.37888157,0,0,adulto
ICB_03370_000,ICB_135,pneumonia,3M Littmann Classic II SE,70.0,0,0,3,0.22199714,0.4559805,0,0,adulto
ICB_03370_001,ICB_135,pneumonia,3M Littmann Classic II SE,70.0,0,0,3,0.18977928,0.50364417,0,0,adulto
ICB_03370_002,ICB_135,pneumonia,3M Littmann Classic II SE,70.0,0,0,3,0.19038394,0.50323266,0,0,adulto
ICB_03370_003,ICB_135,pneumonia,3M Littmann Classic II SE,70.0,0,0,3,0.1655334,0.6462204,0,0,adulto
ICB_03370_004,ICB_135,pneumonia,3M Littmann Classic II SE,70.0,0,0,3,0.142899,0.63330007,0,0,adulto
ICB_03370_005,ICB_135,pneumonia,3M Littmann Classic II SE,70.0,0,0,3,0.41612375,0.6174576,0,0,adulto
ICB_03370_006,ICB_135,pneumonia,3M Littmann Classic II SE,70.0,0,0,3,0.16260251,0.6436441,0,0,adulto
ICB_03370_007,ICB_135,pneumonia,3M Littmann Classic II SE,70.0,0,0,3,0.18599303,0.56574976,0,0,adulto
ICB_03370_008,ICB_135,pneumonia,3M Littmann Classic II SE,70.0,0,0,3,0.27146193,0.620189,0,0,adulto
ICB_03371_000,ICB_135,pneumonia,3M Littmann Classic II SE,70.0,0,0,3,0.46452972,0.40270856,0,0,adulto
ICB_03371_001,ICB_135,pneumonia,3M Littmann Classic II SE,70.0,0,0,3,0.56868213,0.51545537,0,0,adulto
ICB_03371_002,ICB_135,pneumonia,3M Littmann Classic II SE,70.0,0,0,3,0.43651208,0.6880348,0,0,adulto
ICB_03371_003,ICB_135,pneumonia,3M Littmann Classic II SE,70.0,0,0,3,0.42940852,0.44720677,0,0,adulto
ICB_03371_004,ICB_135,pneumonia,3M Littmann Classic II SE,70.0,0,0,3,0.33618566,0.33627993,0,0,adulto
ICB_03371_005,ICB_135,pneumonia,3M Littmann Classic II SE,70.0,0,0,3,0.5256496,0.622436,0,0,adulto
ICB_03371_006,ICB_135,pneumonia,3M Littmann Classic II SE,70.0,0,0,3,0.512609,0.4358917,0,0,adulto
ICB_03371_007,ICB_135,pneumonia,3M Littmann Classic II SE,70.0,0,0,3,0.21991558,0.08822986,0,0,adulto
ICB_03372_000,ICB_135,pneumonia,3M Littmann Classic II SE,70.0,0,0,3,0.61089236,0.3116466,1,0,adulto
ICB_03372_001,ICB_135,pneumonia,3M Littmann Classic II SE,70.0,0,0,3,0.46861973,0.6682586,0,0,adulto
ICB_03372_002,ICB_135,pneumonia,3M Littmann Classic II SE,70.0,0,0,3,0.4955318,0.52122,0,0,adulto
ICB_03372_003,ICB_135,pneumonia,3M Littmann Classic II SE,70.0,0,0,3,0.46185935,0.5282576,0,0,adulto
ICB_03372_004,ICB_135,pneumonia,3M Littmann Classic II SE,70.0,0,0,3,0.47683576,0.66720986,0,0,adulto
ICB_03372_005,ICB_135,pneumonia,3M Littmann Classic II SE,70.0,0,0,3,0.4280455,0.57646286,0,0,adulto
ICB_03372_006,ICB_135,pneumonia,3M Littmann Classic II SE,70.0,0,0,3,0.4727105,0.53642696,0,0,adulto
ICB_03372_007,ICB_135,pneumonia,3M Littmann Classic II SE,70.0,0,0,3,0.4212865,0.3582797,0,0,adulto
ICB_03373_000,ICB_135,pneumonia,3M Littmann Classic II SE,70.0,0,0,3,0.7729259,0.5714271,1,0,adulto
ICB_03373_001,ICB_135,pneumonia,3M Littmann Classic II SE,70.0,0,0,3,0.78484625,0.4823458,1,0,adulto
ICB_03373_002,ICB_135,pneumonia,3M Littmann Classic II SE,70.0,0,0,3,0.62073666,0.55957276,1,0,adulto
ICB_03373_003,ICB_135,pneumonia,3M Littmann Classic II SE,70.0,0,0,3,0.47241783,0.61589336,0,0,adulto
ICB_03373_004,ICB_135,pneumonia,3M Littmann Classic II SE,70.0,0,0,3,0.6041137,0.39477637,1,0,adulto
ICB_03373_005,ICB_135,pneumonia,3M Littmann Classic II SE,70.0,0,0,3,0.54447424,0.3678646,0,0,adulto
ICB_03373_006,ICB_135,pneumonia,3M Littmann Classic II SE,70.0,0,0,3,0.5072778,0.42836866,0,0,adulto
ICB_03374_000,ICB_135,pneumonia,3M Littmann Classic II SE,70.0,0,0,3,0.39126393,0.45760104,0,0,adulto
ICB_03374_001,ICB_135,pneumonia,3M Littmann Classic II SE,70.0,0,0,3,0.45445254,0.5454934,0,0,adulto
ICB_03374_002,ICB_135,pneumonia,3M Littmann Classic II SE,70.0,0,0,3,0.31638318,0.5295977,0,0,adulto
ICB_03374_003,ICB_135,pneumonia,3M Littmann Classic II SE,70.0,0,0,3,0.24226758,0.60516644,0,0,adulto
ICB_03374_004,ICB_135,pneumonia,3M Littmann Classic II SE,70.0,0,0,3,0.23029637,0.5427638,0,0,adulto
ICB_03374_005,ICB_135,pneumonia,3M Littmann Classic II SE,70.0,0,0,3,0.26166523,0.40611732,0,0,adulto
ICB_03374_006,ICB_135,pneumonia,3M Littmann Classic II SE,70.0,0,0,3,0.20311801,0.5095479,0,0,adulto
ICB_03374_007,ICB_135,pneumonia,3M Littmann Classic II SE,70.0,0,0,3,0.12032287,0.81285936,0,0,adulto
ICB_03375_000,ICB_135,pneumonia,3M Littmann Classic II SE,70.0,0,0,3,0.35405123,0.47401547,0,0,adulto
ICB_03375_001,ICB_135,pneumonia,3M Littmann Classic II SE,70.0,0,0,3,0.3447382,0.3674884,0,0,adulto
ICB_03375_002,ICB_135,pneumonia,3M Littmann Classic II SE,70.0,0,0,3,0.50240326,0.36426234,0,0,adulto
ICB_03375_003,ICB_135,pneumonia,3M Littmann Classic II SE,70.0,0,0,3,0.3662232,0.49879667,0,0,adulto
ICB_03375_004,ICB_135,pneumonia,3M Littmann Classic II SE,70.0,0,0,3,0.3164692,0.6164578,0,0,adulto
ICB_03375_005,ICB_135,pneumonia,3M Littmann Classic II SE,70.0,0,0,3,0.39069828,0.53924996,0,0,adulto
ICB_03375_006,ICB_135,pneumonia,3M Littmann Classic II SE,70.0,0,0,3,0.49272445,0.35912356,0,0,adulto
ICB_03375_007,ICB_135,pneumonia,3M Littmann Classic II SE,70.0,0,0,3,0.49003297,0.42677203,0,0,adulto
ICB_03375_008,ICB_135,pneumonia,3M Littmann Classic II SE,70.0,0,0,3,0.29828525,0.33800316,0,0,adulto
ICB_03376_000,ICB_135,pneumonia,3M Littmann Classic II SE,70.0,0,0,3,0.2776567,0.664159,0,0,adulto
ICB_03376_001,ICB_135,pneumonia,3M Littmann Classic II SE,70.0,0,0,3,0.2744478,0.68983114,0,0,adulto
ICB_03376_002,ICB_135,pneumonia,3M Littmann Classic II SE,70.0,0,0,3,0.43082142,0.607495,0,0,adulto
ICB_03376_003,ICB_135,pneumonia,3M Littmann Classic II SE,70.0,0,0,3,0.3117544,0.57833785,0,0,adulto
ICB_03376_004,ICB_135,pneumonia,3M Littmann Classic II SE,70.0,0,0,3,0.43629622,0.64831984,0,0,adulto
ICB_03376_005,ICB_135,pneumonia,3M Littmann Classic II SE,70.0,0,0,3,0.3509828,0.7089622,0,0,adulto
ICB_03376_006,ICB_135,pneumonia,3M Littmann Classic II SE,70.0,0,0,3,0.3278902,0.5596185,0,0,adulto
ICB_03376_007,ICB_135,pneumonia,3M Littmann Classic II SE,70.0,0,0,3,0.29640424,0.73331326,0,0,adulto
ICB_03376_008,ICB_135,pneumonia,3M Littmann Classic II SE,70.0,0,0,3,0.20885986,0.46109584,0,0,adulto
ICB_03377_000,ICB_135,pneumonia,3M Littmann Classic II SE,70.0,0,0,3,0.63334984,0.30290002,1,0,adulto
ICB_03377_001,ICB_135,pneumonia,3M Littmann Classic II SE,70.0,0,0,3,0.5892294,0.4734934,0,0,adulto
ICB_03377_002,ICB_135,pneumonia,3M Littmann Classic II SE,70.0,0,0,3,0.47895536,0.6901967,0,0,adulto
ICB_03377_003,ICB_135,pneumonia,3M Littmann Classic II SE,70.0,0,0,3,0.4330377,0.43736017,0,0,adulto
ICB_03377_004,ICB_135,pneumonia,3M Littmann Classic II SE,70.0,0,0,3,0.49039128,0.499688,0,0,adulto
ICB_03377_005,ICB_135,pneumonia,3M Littmann Classic II SE,70.0,0,0,3,0.39756906,0.57313514,0,0,adulto
ICB_03377_006,ICB_135,pneumonia,3M Littmann Classic II SE,70.0,0,0,3,0.54968476,0.7015404,0,0,adulto
ICB_03377_007,ICB_135,pneumonia,3M Littmann Classic II SE,70.0,0,0,3,0.5716304,0.5101835,0,0,adulto
ICB_03377_008,ICB_135,pneumonia,3M Littmann Classic II SE,70.0,0,0,3,0.24552095,0.51062536,0,0,adulto
ICB_03378_000,ICB_135,pneumonia,3M Littmann Classic II SE,70.0,0,0,3,0.5041713,0.39411998,0,0,adulto
ICB_03378_001,ICB_135,pneumonia,3M Littmann Classic II SE,70.0,0,0,3,0.74322563,0.3918703,1,0,adulto
ICB_03378_002,ICB_135,pneumonia,3M Littmann Classic II SE,70.0,0,0,3,0.60162085,0.14131309,1,0,adulto
ICB_03378_003,ICB_135,pneumonia,3M Littmann Classic II SE,70.0,0,0,3,0.4665703,0.34781536,0,0,adulto
ICB_03378_004,ICB_135,pneumonia,3M Littmann Classic II SE,70.0,0,0,3,0.74479675,0.5214337,1,0,adulto
ICB_03378_005,ICB_135,pneumonia,3M Littmann Classic II SE,70.0,0,0,3,0.43299502,0.32908374,0,0,adulto
ICB_03378_006,ICB_135,pneumonia,3M Littmann Classic II SE,70.0,0,0,3,0.55726206,0.58055246,0,0,adulto
ICB_03378_007,ICB_135,pneumonia,3M Littmann Classic II SE,70.0,0,0,3,0.4571281,0.3987559,0,0,adulto
ICB_03378_008,ICB_135,pneumonia,3M Littmann Classic II SE,70.0,0,0,3,0.33914676,0.43677667,0,0,adulto
ICB_03379_000,ICB_135,pneumonia,3M Littmann Classic II SE,70.0,0,0,3,0.2248917,0.59696484,0,0,adulto
ICB_03379_001,ICB_135,pneumonia,3M Littmann Classic II SE,70.0,0,0,3,0.10409867,0.5573768,0,0,adulto
ICB_03379_002,ICB_135,pneumonia,3M Littmann Classic II SE,70.0,0,0,3,0.17972834,0.47504926,0,0,adulto
ICB_03379_003,ICB_135,pneumonia,3M Littmann Classic II SE,70.0,0,0,3,0.13344806,0.5212537,0,0,adulto
ICB_03379_004,ICB_135,pneumonia,3M Littmann Classic II SE,70.0,0,0,3,0.221207,0.5537712,0,0,adulto
ICB_03379_005,ICB_135,pneumonia,3M Littmann Classic II SE,70.0,0,0,3,0.18513079,0.6769296,0,0,adulto
ICB_03379_006,ICB_135,pneumonia,3M Littmann Classic II SE,70.0,0,0,3,0.15894863,0.5773739,0,0,adulto
ICB_03379_007,ICB_135,pneumonia,3M Littmann Classic II SE,70.0,0,0,3,0.10756881,0.521495,0,0,adulto
ICB_03379_008,ICB_135,pneumonia,3M Littmann Classic II SE,70.0,0,0,3,0.4560658,0.100007676,0,0,adulto
ICB_03450_000,ICB_147,copd,AKG C417L Microphone,77.0,0,0,3,0.14284211,0.5866295,0,0,adulto
ICB_03450_001,ICB_147,copd,AKG C417L Microphone,77.0,0,0,3,0.24906705,0.4921321,0,0,adulto
ICB_03450_002,ICB_147,copd,AKG C417L Microphone,77.0,0,0,3,0.15030447,0.5565183,0,0,adulto
ICB_03450_003,ICB_147,copd,AKG C417L Microphone,77.0,0,0,3,0.29458362,0.59288687,0,0,adulto
ICB_03450_004,ICB_147,copd,AKG C417L Microphone,77.0,0,0,3,0.2670537,0.6973624,0,0,adulto
ICB_03450_005,ICB_147,copd,AKG C417L Microphone,77.0,0,0,3,0.23238568,0.5012362,0,0,adulto
ICB_03450_006,ICB_147,copd,AKG C417L Microphone,77.0,0,0,3,0.22847493,0.5530219,0,0,adulto
ICB_03450_007,ICB_147,copd,AKG C417L Microphone,77.0,0,1,3,0.18760389,0.5490119,0,2,adulto
ICB_03450_008,ICB_147,copd,AKG C417L Microphone,77.0,0,1,3,0.32219464,0.64980435,0,2,adulto
ICB_03450_009,ICB_147,copd,AKG C417L Microphone,77.0,0,1,3,0.3650071,0.5897589,0,2,adulto
ICB_03450_010,ICB_147,copd,AKG C417L Microphone,77.0,0,1,3,0.17490312,0.4257034,0,2,adulto
ICB_03450_011,ICB_147,copd,AKG C417L Microphone,77.0,0,0,3,0.40346676,0.44181943,0,0,adulto
ICB_03451_000,ICB_147,copd,AKG C417L Microphone,77.0,0,0,3,0.18210158,0.6416096,0,0,adulto
ICB_03451_001,ICB_147,copd,AKG C417L Microphone,77.0,0,0,3,0.24593963,0.6007421,0,0,adulto
ICB_03451_002,ICB_147,copd,AKG C417L Microphone,77.0,1,0,3,0.21482903,0.66320676,0,1,adulto
ICB_03451_003,ICB_147,copd,AKG C417L Microphone,77.0,1,0,3,0.13498841,0.64394563,0,1,adulto
ICB_03451_004,ICB_147,copd,AKG C417L Microphone,77.0,0,0,3,0.19928338,0.7354808,0,0,adulto
ICB_03451_005,ICB_147,copd,AKG C417L Microphone,77.0,0,0,3,0.1737264,0.4540872,0,0,adulto
ICB_03451_006,ICB_147,copd,AKG C417L Microphone,77.0,0,0,3,0.031922955,0.7679656,0,0,adulto
ICB_03451_007,ICB_147,copd,AKG C417L Microphone,77.0,0,0,3,0.19763508,0.60050523,0,0,adulto
ICB_03451_008,ICB_147,copd,AKG C417L Microphone,77.0,0,0,3,0.1894952,0.6319226,0,0,adulto
ICB_03451_009,ICB_147,copd,AKG C417L Microphone,77.0,0,0,3,0.13106373,0.60231185,0,0,adulto
ICB_03451_010,ICB_147,copd,AKG C417L Microphone,77.0,0,0,3,0.3074271,0.28215826,0,0,adulto
ICB_03452_000,ICB_147,copd,AKG C417L Microphone,77.0,0,1,3,0.24765454,0.5047648,0,2,adulto
ICB_03452_001,ICB_147,copd,AKG C417L Microphone,77.0,0,1,3,0.182308,0.37199086,0,2,adulto
ICB_03452_002,ICB_147,copd,AKG C417L Microphone,77.0,0,0,3,0.071574606,0.4355151,0,0,adulto
ICB_03452_003,ICB_147,copd,AKG C417L Microphone,77.0,0,1,3,0.10491275,0.65919715,0,2,adulto
ICB_03452_004,ICB_147,copd,AKG C417L Microphone,77.0,0,1,3,0.1948336,0.5980548,0,2,adulto
ICB_03452_005,ICB_147,copd,AKG C417L Microphone,77.0,0,1,3,0.062815726,0.48816097,0,2,adulto
ICB_03452_006,ICB_147,copd,AKG C417L Microphone,77.0,0,1,3,0.16637744,0.6636392,0,2,adulto
ICB_03452_007,ICB_147,copd,AKG C417L Microphone,77.0,0,1,3,0.116399236,0.45878175,0,2,adulto
ICB_03452_008,ICB_147,copd,AKG C417L Microphone,77.0,0,1,3,0.1234886,0.50425583,0,2,adulto
ICB_03452_009,ICB_147,copd,AKG C417L Microphone,77.0,0,0,3,0.28068918,0.5794078,0,0,adulto
ICB_03452_010,ICB_147,copd,AKG C417L Microphone,77.0,0,1,3,0.36488765,0.51944214,0,2,adulto
ICB_03452_011,ICB_147,copd,AKG C417L Microphone,77.0,0,0,3,0.11801824,0.35193858,0,0,adulto
ICB_03452_012,ICB_147,copd,AKG C417L Microphone,77.0,0,0,3,0.14236526,0.45793936,0,0,adulto
ICB_03452_013,ICB_147,copd,AKG C417L Microphone,77.0,0,1,3,0.19682479,0.5856281,0,2,adulto
ICB_03452_014,ICB_147,copd,AKG C417L Microphone,77.0,0,0,3,0.15955411,0.33176032,0,0,adulto
ICB_03453_000,ICB_147,copd,AKG C417L Microphone,77.0,0,1,3,0.545604,0.7223426,0,2,adulto
ICB_03453_001,ICB_147,copd,AKG C417L Microphone,77.0,0,1,3,0.70007825,0.79165107,1,2,adulto
ICB_03453_002,ICB_147,copd,AKG C417L Microphone,77.0,0,1,3,0.62260044,0.7221845,1,2,adulto
ICB_03453_003,ICB_147,copd,AKG C417L Microphone,77.0,0,0,3,0.59498215,0.6432689,0,0,adulto
ICB_03453_004,ICB_147,copd,AKG C417L Microphone,77.0,0,0,3,0.4343909,0.41202322,0,0,adulto
ICB_03454_000,ICB_147,copd,AKG C417L Microphone,77.0,0,1,3,0.7627216,0.61377877,1,2,adulto
ICB_03454_001,ICB_147,copd,AKG C417L Microphone,77.0,0,1,3,0.82271755,0.45593384,1,2,adulto
ICB_03454_002,ICB_147,copd,AKG C417L Microphone,77.0,0,1,3,0.70081955,0.8010428,1,2,adulto
ICB_03454_003,ICB_147,copd,AKG C417L Microphone,77.0,0,0,3,0.780552,0.33678368,1,0,adulto
ICB_03454_004,ICB_147,copd,AKG C417L Microphone,77.0,0,0,3,0.7951728,0.24993585,1,0,adulto
ICB_03455_000,ICB_147,copd,AKG C417L Microphone,77.0,0,0,3,0.6216924,0.5246961,1,0,adulto
ICB_03455_001,ICB_147,copd,AKG C417L Microphone,77.0,0,1,3,0.8583534,0.79206973,1,2,adulto
ICB_03455_002,ICB_147,copd,AKG C417L Microphone,77.0,0,1,3,0.6597217,0.7573971,1,2,adulto
ICB_03455_003,ICB_147,copd,AKG C417L Microphone,77.0,0,1,3,0.68660617,0.5666568,1,2,adulto
ICB_03455_004,ICB_147,copd,AKG C417L Microphone,77.0,0,0,3,0.61458117,0.33931896,1,0,adulto
ICB_03456_000,ICB_147,copd,AKG C417L Microphone,77.0,0,0,3,0.58642817,0.653622,0,0,adulto
ICB_03456_001,ICB_147,copd,AKG C417L Microphone,77.0,0,1,3,0.72740805,0.7168035,1,2,adulto
ICB_03456_002,ICB_147,copd,AKG C417L Microphone,77.0,0,0,3,0.5404227,0.6876987,0,0,adulto
ICB_03456_003,ICB_147,copd,AKG C417L Microphone,77.0,0,1,3,0.64836013,0.583177,1,2,adulto
ICB_03456_004,ICB_147,copd,AKG C417L Microphone,77.0,0,0,3,0.35079962,0.39656058,0,0,adulto
ICB_03457_000,ICB_147,copd,AKG C417L Microphone,77.0,0,0,3,0.5222518,0.540637,0,0,adulto
ICB_03457_001,ICB_147,copd,AKG C417L Microphone,77.0,0,1,3,0.7119521,0.6512668,1,2,adulto
ICB_03457_002,ICB_147,copd,AKG C417L Microphone,77.0,0,0,3,0.62257797,0.7472883,1,0,adulto
ICB_03457_003,ICB_147,copd,AKG C417L Microphone,77.0,0,0,3,0.63100064,0.5908458,1,0,adulto
ICB_03457_004,ICB_147,copd,AKG C417L Microphone,77.0,0,0,3,0.4401332,0.38351384,0,0,adulto
ICB_03458_000,ICB_147,copd,AKG C417L Microphone,77.0,0,0,3,0.80024564,0.6660036,1,0,adulto
ICB_03458_001,ICB_147,copd,AKG C417L Microphone,77.0,0,0,3,0.7171097,0.67526484,1,0,adulto
ICB_03458_002,ICB_147,copd,AKG C417L Microphone,77.0,0,0,3,0.7672849,0.5751097,1,0,adulto
ICB_03458_003,ICB_147,copd,AKG C417L Microphone,77.0,0,0,3,0.589253,0.68688494,0,0,adulto
ICB_03458_004,ICB_147,copd,AKG C417L Microphone,77.0,0,0,3,0.4762338,0.38784033,0,0,adulto
ICB_03459_000,ICB_147,copd,AKG C417L Microphone,77.0,0,0,3,0.6320665,0.51996565,1,0,adulto
ICB_03459_001,ICB_147,copd,AKG C417L Microphone,77.0,0,0,3,0.68020403,0.5574933,1,0,adulto
ICB_03459_002,ICB_147,copd,AKG C417L Microphone,77.0,0,0,3,0.7232722,0.5575901,1,0,adulto
ICB_03459_003,ICB_147,copd,AKG C417L Microphone,77.0,0,0,3,0.59137154,0.6278785,0,0,adulto
ICB_03459_004,ICB_147,copd,AKG C417L Microphone,77.0,0,0,3,0.3553008,0.33317694,0,0,adulto
ICB_03460_000,ICB_147,copd,AKG C417L Microphone,77.0,0,1,3,0.7744481,0.65221703,1,2,adulto
ICB_03460_001,ICB_147,copd,AKG C417L Microphone,77.0,0,1,3,0.85966706,0.7697016,1,2,adulto
ICB_03460_002,ICB_147,copd,AKG C417L Microphone,77.0,0,1,3,0.86514395,0.64364296,1,2,adulto
ICB_03460_003,ICB_147,copd,AKG C417L Microphone,77.0,0,1,3,0.8373434,0.71912354,1,2,adulto
ICB_03460_004,ICB_147,copd,AKG C417L Microphone,77.0,0,0,3,0.5418413,0.5698341,0,0,adulto
ICB_03461_000,ICB_147,copd,AKG C417L Microphone,77.0,0,0,3,0.5008709,0.3243255,0,0,adulto
ICB_03461_001,ICB_147,copd,AKG C417L Microphone,77.0,0,0,3,0.43765646,0.6113313,0,0,adulto
ICB_03461_002,ICB_147,copd,AKG C417L Microphone,77.0,0,0,3,0.64257115,0.5681693,1,0,adulto
ICB_03461_003,ICB_147,copd,AKG C417L Microphone,77.0,0,0,3,0.6999622,0.5627935,1,0,adulto
ICB_03461_004,ICB_147,copd,AKG C417L Microphone,77.0,0,0,3,0.4248739,0.5319416,0,0,adulto
ICB_03462_000,ICB_147,copd,AKG C417L Microphone,77.0,0,0,3,0.65554404,0.53183615,1,0,adulto
ICB_03462_001,ICB_147,copd,AKG C417L Microphone,77.0,0,0,3,0.60748494,0.74056566,1,0,adulto
ICB_03462_002,ICB_147,copd,AKG C417L Microphone,77.0,0,0,3,0.6780389,0.62785333,1,0,adulto
ICB_03462_003,ICB_147,copd,AKG C417L Microphone,77.0,0,0,3,0.85391456,0.47462943,1,0,adulto
ICB_03462_004,ICB_147,copd,AKG C417L Microphone,77.0,0,0,3,0.42980587,0.33664188,0,0,adulto
ICB_03463_000,ICB_147,copd,AKG C417L Microphone,77.0,0,0,3,0.6862262,0.48734415,1,0,adulto
ICB_03463_001,ICB_147,copd,AKG C417L Microphone,77.0,0,0,3,0.6205748,0.56003827,1,0,adulto
ICB_03463_002,ICB_147,copd,AKG C417L Microphone,77.0,0,0,3,0.7116874,0.47297773,1,0,adulto
ICB_03463_003,ICB_147,copd,AKG C417L Microphone,77.0,0,0,3,0.7714292,0.5747158,1,0,adulto
ICB_03463_004,ICB_147,copd,AKG C417L Microphone,77.0,0,0,3,0.49966228,0.51703936,0,0,adulto
ICB_03464_000,ICB_147,copd,AKG C417L Microphone,77.0,0,0,3,0.54149896,0.6894521,0,0,adulto
ICB_03464_001,ICB_147,copd,AKG C417L Microphone,77.0,0,0,3,0.5797595,0.5251442,0,0,adulto
ICB_03464_002,ICB_147,copd,AKG C417L Microphone,77.0,0,0,3,0.58822334,0.64786845,0,0,adulto
ICB_03464_003,ICB_147,copd,AKG C417L Microphone,77.0,0,0,3,0.7372973,0.59890586,1,0,adulto
ICB_03464_004,ICB_147,copd,AKG C417L Microphone,77.0,0,0,3,0.53461796,0.4854262,0,0,adulto
ICB_03465_000,ICB_147,copd,AKG C417L Microphone,77.0,0,1,3,0.7256931,0.59899724,1,2,adulto
ICB_03465_001,ICB_147,copd,AKG C417L Microphone,77.0,0,0,3,0.65710014,0.4984476,1,0,adulto
ICB_03465_002,ICB_147,copd,AKG C417L Microphone,77.0,0,0,3,0.8544767,0.53717667,1,0,adulto
ICB_03465_003,ICB_147,copd,AKG C417L Microphone,77.0,0,0,3,0.6822229,0.6975857,1,0,adulto
ICB_03465_004,ICB_147,copd,AKG C417L Microphone,77.0,0,0,3,0.36723393,0.7244986,0,0,adulto
ICB_03466_000,ICB_148,respiratory_infection,3M Littmann Classic II SE,4.0,0,0,3,0.17406733,0.4247566,0,0,pediátrico (<18)
ICB_03466_001,ICB_148,respiratory_infection,3M Littmann Classic II SE,4.0,0,0,3,0.3392165,0.4062648,0,0,pediátrico (<18)
ICB_03466_002,ICB_148,respiratory_infection,3M Littmann Classic II SE,4.0,0,0,3,0.3101224,0.5410814,0,0,pediátrico (<18)
ICB_03466_003,ICB_148,respiratory_infection,3M Littmann Classic II SE,4.0,0,0,3,0.27366817,0.41179675,0,0,pediátrico (<18)
ICB_03466_004,ICB_148,respiratory_infection,3M Littmann Classic II SE,4.0,0,0,3,0.24727166,0.430762,0,0,pediátrico (<18)
ICB_03466_005,ICB_148,respiratory_infection,3M Littmann Classic II SE,4.0,0,0,3,0.40187627,0.4012744,0,0,pediátrico (<18)
ICB_03466_006,ICB_148,respiratory_infection,3M Littmann Classic II SE,4.0,0,0,3,0.27454063,0.4268162,0,0,pediátrico (<18)
ICB_03466_007,ICB_148,respiratory_infection,3M Littmann Classic II SE,4.0,0,0,3,0.23518348,0.37657043,0,0,pediátrico (<18)
ICB_03466_008,ICB_148,respiratory_infection,3M Littmann Classic II SE,4.0,0,0,3,0.19461627,0.22732192,0,0,pediátrico (<18)
ICB_03466_009,ICB_148,respiratory_infection,3M Littmann Classic II SE,4.0,0,0,3,0.3131418,0.42097867,0,0,pediátrico (<18)
ICB_03466_010,ICB_148,respiratory_infection,3M Littmann Classic II SE,4.0,0,0,3,0.16849168,0.5497545,0,0,pediátrico (<18)
ICB_03499_000,ICB_152,normal_lung,3M Littmann Classic II SE,16.0,0,0,3,0.5932768,0.43688518,0,0,pediátrico (<18)
ICB_03499_001,ICB_152,normal_lung,3M Littmann Classic II SE,16.0,0,0,3,0.6877361,0.29223537,1,0,pediátrico (<18)
ICB_03499_002,ICB_152,normal_lung,3M Littmann Classic II SE,16.0,0,0,3,0.5898654,0.3768251,0,0,pediátrico (<18)
ICB_03499_003,ICB_152,normal_lung,3M Littmann Classic II SE,16.0,0,0,3,0.64696085,0.38358998,1,0,pediátrico (<18)
ICB_03499_004,ICB_152,normal_lung,3M Littmann Classic II SE,16.0,0,0,3,0.6507044,0.46856272,1,0,pediátrico (<18)
ICB_03499_005,ICB_152,normal_lung,3M Littmann Classic II SE,16.0,0,0,3,0.54497117,0.37159067,0,0,pediátrico (<18)
ICB_03499_006,ICB_152,normal_lung,3M Littmann Classic II SE,16.0,0,0,3,0.57500523,0.31640702,0,0,pediátrico (<18)
ICB_03524_000,ICB_155,copd,3M Littmann Classic II SE,69.0,0,0,3,0.55250627,0.41188702,0,0,adulto
ICB_03524_001,ICB_155,copd,3M Littmann Classic II SE,69.0,0,0,3,0.6975229,0.48758367,1,0,adulto
ICB_03524_002,ICB_155,copd,3M Littmann Classic II SE,69.0,0,0,3,0.6253119,0.6194638,1,0,adulto
ICB_03524_003,ICB_155,copd,3M Littmann Classic II SE,69.0,0,0,3,0.5761285,0.38396627,0,0,adulto
ICB_03524_004,ICB_155,copd,3M Littmann Classic II SE,69.0,0,0,3,0.6097833,0.38851953,1,0,adulto
ICB_03524_005,ICB_155,copd,3M Littmann Classic II SE,69.0,0,0,3,0.35765478,0.34948555,0,0,adulto
ICB_03575_000,ICB_160,copd,AKG C417L Microphone,74.0,1,1,3,0.79193515,0.72497255,1,3,adulto
ICB_03575_001,ICB_160,copd,AKG C417L Microphone,74.0,1,1,3,0.75387377,0.810896,1,3,adulto
ICB_03576_000,ICB_160,copd,AKG C417L Microphone,74.0,0,1,3,0.8838532,0.69862777,1,2,adulto
ICB_03576_001,ICB_160,copd,AKG C417L Microphone,74.0,0,1,3,0.7812383,0.566977,1,2,adulto
ICB_03577_000,ICB_160,copd,AKG C417L Microphone,74.0,1,0,3,0.8489079,0.2766275,1,1,adulto
ICB_03577_001,ICB_160,copd,AKG C417L Microphone,74.0,0,1,3,0.91459227,0.5133752,1,2,adulto
ICB_03578_000,ICB_160,copd,AKG C417L Microphone,74.0,0,1,3,0.61703515,0.46050075,1,2,adulto
ICB_03578_001,ICB_160,copd,AKG C417L Microphone,74.0,0,1,3,0.80052507,0.25882086,1,2,adulto
ICB_03579_000,ICB_160,copd,AKG C417L Microphone,74.0,1,1,3,0.68978125,0.59221274,1,3,adulto
ICB_03579_001,ICB_160,copd,AKG C417L Microphone,74.0,0,1,3,0.7456807,0.4351297,1,2,adulto
ICB_03580_000,ICB_160,copd,AKG C417L Microphone,74.0,0,0,3,0.8370629,0.27158806,1,0,adulto
ICB_03580_001,ICB_160,copd,AKG C417L Microphone,74.0,0,1,3,0.76721853,0.39214203,1,2,adulto
ICB_03581_000,ICB_160,copd,AKG C417L Microphone,74.0,0,1,3,0.69825613,0.51788616,1,2,adulto
ICB_03581_001,ICB_160,copd,AKG C417L Microphone,74.0,1,1,3,0.5890385,0.51919055,0,3,adulto
ICB_03581_002,ICB_160,copd,AKG C417L Microphone,74.0,0,1,3,0.5858335,0.5382572,0,2,adulto
ICB_03581_003,ICB_160,copd,AKG C417L Microphone,74.0,0,1,3,0.6286231,0.3891184,1,2,adulto
ICB_03581_004,ICB_160,copd,AKG C417L Microphone,74.0,0,0,3,0.5849078,0.38268816,0,0,adulto
ICB_03582_000,ICB_160,copd,AKG C417L Microphone,74.0,0,1,3,0.8265939,0.45170456,1,2,adulto
ICB_03582_001,ICB_160,copd,AKG C417L Microphone,74.0,0,1,3,0.61528,0.33126634,1,2,adulto
ICB_03582_002,ICB_160,copd,AKG C417L Microphone,74.0,0,1,3,0.62320334,0.49065363,1,2,adulto
ICB_03582_003,ICB_160,copd,AKG C417L Microphone,74.0,0,1,3,0.69612217,0.45560917,1,2,adulto
ICB_03582_004,ICB_160,copd,AKG C417L Microphone,74.0,0,0,3,0.6201283,0.41239333,1,0,adulto
ICB_03583_000,ICB_160,copd,AKG C417L Microphone,74.0,0,1,3,0.79757935,0.5671033,1,2,adulto
ICB_03583_001,ICB_160,copd,AKG C417L Microphone,74.0,0,1,3,0.7460007,0.35689345,1,2,adulto
ICB_03583_002,ICB_160,copd,AKG C417L Microphone,74.0,0,1,3,0.84106565,0.5616045,1,2,adulto
ICB_03583_003,ICB_160,copd,AKG C417L Microphone,74.0,0,1,3,0.862051,0.4913371,1,2,adulto
ICB_03583_004,ICB_160,copd,AKG C417L Microphone,74.0,0,0,3,0.6459436,0.33294833,1,0,adulto
ICB_03584_000,ICB_160,copd,AKG C417L Microphone,74.0,0,1,3,0.65541804,0.6549527,1,2,adulto
ICB_03584_001,ICB_160,copd,AKG C417L Microphone,74.0,1,1,3,0.6061206,0.4324921,1,3,adulto
ICB_03584_002,ICB_160,copd,AKG C417L Microphone,74.0,1,1,3,0.5643652,0.53994465,0,3,adulto
ICB_03584_003,ICB_160,copd,AKG C417L Microphone,74.0,0,1,3,0.55466396,0.3376253,0,2,adulto
ICB_03584_004,ICB_160,copd,AKG C417L Microphone,74.0,0,0,3,0.45683762,0.24038099,0,0,adulto
ICB_03585_000,ICB_160,copd,AKG C417L Microphone,74.0,1,1,3,0.63604194,0.5944321,1,3,adulto
ICB_03585_001,ICB_160,copd,AKG C417L Microphone,74.0,1,1,3,0.6810712,0.52922034,1,3,adulto
ICB_03585_002,ICB_160,copd,AKG C417L Microphone,74.0,1,1,3,0.6805431,0.59186643,1,3,adulto
ICB_03585_003,ICB_160,copd,AKG C417L Microphone,74.0,1,1,3,0.6297048,0.6617925,1,3,adulto
ICB_03585_004,ICB_160,copd,AKG C417L Microphone,74.0,1,0,3,0.5427441,0.25366828,0,1,adulto
ICB_03586_000,ICB_160,copd,AKG C417L Microphone,74.0,0,0,3,0.86468,0.2128397,1,0,adulto
ICB_03586_001,ICB_160,copd,AKG C417L Microphone,74.0,0,1,3,0.85874724,0.37061003,1,2,adulto
ICB_03586_002,ICB_160,copd,AKG C417L Microphone,74.0,0,1,3,0.79721344,0.4508113,1,2,adulto
ICB_03586_003,ICB_160,copd,AKG C417L Microphone,74.0,0,1,3,0.741015,0.29701802,1,2,adulto
ICB_03586_004,ICB_160,copd,AKG C417L Microphone,74.0,0,0,3,0.724051,0.46834543,1,0,adulto
ICB_03587_000,ICB_160,copd,AKG C417L Microphone,74.0,1,1,3,0.85470986,0.15432084,1,3,adulto
ICB_03587_001,ICB_160,copd,AKG C417L Microphone,74.0,1,1,3,0.6769022,0.6056214,1,3,adulto
ICB_03587_002,ICB_160,copd,AKG C417L Microphone,74.0,1,1,3,0.7830812,0.49313226,1,3,adulto
ICB_03587_003,ICB_160,copd,AKG C417L Microphone,74.0,1,1,3,0.7272429,0.60943896,1,3,adulto
ICB_03588_000,ICB_160,copd,AKG C417L Microphone,74.0,0,1,3,0.7042893,0.43815678,1,2,adulto
ICB_03588_001,ICB_160,copd,AKG C417L Microphone,74.0,0,1,3,0.8128564,0.5006976,1,2,adulto
ICB_03588_002,ICB_160,copd,AKG C417L Microphone,74.0,1,1,3,0.7335413,0.6099838,1,3,adulto
ICB_03588_003,ICB_160,copd,AKG C417L Microphone,74.0,1,1,3,0.77139515,0.46097487,1,3,adulto
ICB_03589_000,ICB_160,copd,AKG C417L Microphone,74.0,0,1,3,0.8257362,0.46484703,1,2,adulto
ICB_03589_001,ICB_160,copd,AKG C417L Microphone,74.0,0,1,3,0.7641145,0.4666686,1,2,adulto
ICB_03589_002,ICB_160,copd,AKG C417L Microphone,74.0,0,1,3,0.7811548,0.3354039,1,2,adulto
ICB_03589_003,ICB_160,copd,AKG C417L Microphone,74.0,0,1,3,0.8584312,0.34991947,1,2,adulto
ICB_03590_000,ICB_160,copd,AKG C417L Microphone,74.0,0,1,3,0.56074613,0.3829465,0,2,adulto
ICB_03590_001,ICB_160,copd,AKG C417L Microphone,74.0,1,1,3,0.57454014,0.5815199,0,3,adulto
ICB_03590_002,ICB_160,copd,AKG C417L Microphone,74.0,0,1,3,0.62411153,0.44627273,1,2,adulto
ICB_03590_003,ICB_160,copd,AKG C417L Microphone,74.0,0,1,3,0.6301178,0.4387469,1,2,adulto
ICB_03591_000,ICB_160,copd,AKG C417L Microphone,74.0,1,1,3,0.58931893,0.3668757,0,3,adulto
ICB_03591_001,ICB_160,copd,AKG C417L Microphone,74.0,1,1,3,0.64019686,0.47290638,1,3,adulto
ICB_03591_002,ICB_160,copd,AKG C417L Microphone,74.0,1,0,3,0.6521592,0.39702618,1,1,adulto
ICB_03591_003,ICB_160,copd,AKG C417L Microphone,74.0,1,0,3,0.6682984,0.55204767,1,1,adulto
ICB_03592_000,ICB_160,copd,AKG C417L Microphone,74.0,0,1,3,0.8812608,0.36598018,1,2,adulto
ICB_03592_001,ICB_160,copd,AKG C417L Microphone,74.0,0,1,3,0.7759591,0.3845822,1,2,adulto
ICB_03592_002,ICB_160,copd,AKG C417L Microphone,74.0,0,1,3,0.35835975,0.38024777,0,2,adulto
ICB_03592_003,ICB_160,copd,AKG C417L Microphone,74.0,0,1,3,0.53141683,0.6339344,0,2,adulto
ICB_03593_000,ICB_160,copd,AKG C417L Microphone,74.0,0,0,3,0.58922595,0.28968856,0,0,adulto
ICB_03593_001,ICB_160,copd,AKG C417L Microphone,74.0,0,0,3,0.53512555,0.30479294,0,0,adulto
ICB_03593_002,ICB_160,copd,AKG C417L Microphone,74.0,0,0,3,0.4726575,0.34751067,0,0,adulto
ICB_03593_003,ICB_160,copd,AKG C417L Microphone,74.0,1,0,3,0.60420924,0.26781318,1,1,adulto
ICB_03593_004,ICB_160,copd,AKG C417L Microphone,74.0,0,0,3,0.68076,0.32459992,1,0,adulto
ICB_03593_005,ICB_160,copd,AKG C417L Microphone,74.0,0,0,3,0.55750287,0.35887596,0,0,adulto
ICB_03593_006,ICB_160,copd,AKG C417L Microphone,74.0,0,0,3,0.620609,0.209049,1,0,adulto
ICB_03594_000,ICB_160,copd,AKG C417L Microphone,74.0,1,0,3,0.5840644,0.29796892,0,1,adulto
ICB_03594_001,ICB_160,copd,AKG C417L Microphone,74.0,1,0,3,0.582154,0.32043245,0,1,adulto
ICB_03594_002,ICB_160,copd,AKG C417L Microphone,74.0,1,0,3,0.6365716,0.35541824,1,1,adulto
ICB_03594_003,ICB_160,copd,AKG C417L Microphone,74.0,1,0,3,0.7373013,0.31876507,1,1,adulto
ICB_03594_004,ICB_160,copd,AKG C417L Microphone,74.0,1,0,3,0.6577753,0.331566,1,1,adulto
ICB_03594_005,ICB_160,copd,AKG C417L Microphone,74.0,1,0,3,0.6219152,0.21407503,1,1,adulto
ICB_03594_006,ICB_160,copd,AKG C417L Microphone,74.0,1,0,3,0.60555154,0.3301797,1,1,adulto
ICB_03595_000,ICB_160,copd,AKG C417L Microphone,74.0,1,0,3,0.5305312,0.4027112,0,1,adulto
ICB_03595_001,ICB_160,copd,AKG C417L Microphone,74.0,1,0,3,0.635874,0.20728393,1,1,adulto
ICB_03595_002,ICB_160,copd,AKG C417L Microphone,74.0,1,0,3,0.5828694,0.3534347,0,1,adulto
ICB_03595_003,ICB_160,copd,AKG C417L Microphone,74.0,1,0,3,0.54534847,0.25719634,0,1,adulto
ICB_03595_004,ICB_160,copd,AKG C417L Microphone,74.0,1,0,3,0.58851445,0.2935735,0,1,adulto
ICB_03595_005,ICB_160,copd,AKG C417L Microphone,74.0,1,0,3,0.50762844,0.26087415,0,1,adulto
ICB_03595_006,ICB_160,copd,AKG C417L Microphone,74.0,1,0,3,0.6124073,0.26971158,1,1,adulto
ICB_03596_000,ICB_160,copd,AKG C417L Microphone,74.0,1,0,3,0.4628982,0.39475304,0,1,adulto
ICB_03596_001,ICB_160,copd,AKG C417L Microphone,74.0,1,0,3,0.6610732,0.31133604,1,1,adulto
ICB_03596_002,ICB_160,copd,AKG C417L Microphone,74.0,1,0,3,0.53136706,0.37032902,0,1,adulto
ICB_03596_003,ICB_160,copd,AKG C417L Microphone,74.0,1,0,3,0.53068,0.48890394,0,1,adulto
ICB_03596_004,ICB_160,copd,AKG C417L Microphone,74.0,1,0,3,0.62895715,0.4402125,1,1,adulto
ICB_03596_005,ICB_160,copd,AKG C417L Microphone,74.0,1,0,3,0.6607616,0.25839627,1,1,adulto
ICB_03596_006,ICB_160,copd,AKG C417L Microphone,74.0,1,0,3,0.503584,0.2991166,0,1,adulto
ICB_03597_000,ICB_160,copd,AKG C417L Microphone,74.0,0,0,3,0.7429465,0.5947204,1,0,adulto
ICB_03597_001,ICB_160,copd,AKG C417L Microphone,74.0,0,0,3,0.72379255,0.60709184,1,0,adulto
ICB_03597_002,ICB_160,copd,AKG C417L Microphone,74.0,0,0,3,0.5544234,0.5274221,0,0,adulto
ICB_03597_003,ICB_160,copd,AKG C417L Microphone,74.0,0,0,3,0.6007966,0.7278832,1,0,adulto
ICB_03597_004,ICB_160,copd,AKG C417L Microphone,74.0,0,0,3,0.6963006,0.5430192,1,0,adulto
ICB_03597_005,ICB_160,copd,AKG C417L Microphone,74.0,0,0,3,0.6556963,0.7438854,1,0,adulto
ICB_03597_006,ICB_160,copd,AKG C417L Microphone,74.0,0,0,3,0.6096042,0.4604921,1,0,adulto
ICB_03624_000,ICB_163,copd,AKG C417L Microphone,62.0,0,0,3,0.68057334,0.20999588,1,0,adulto
ICB_03624_001,ICB_163,copd,AKG C417L Microphone,62.0,0,0,3,0.68570155,0.4819015,1,0,adulto
ICB_03624_002,ICB_163,copd,AKG C417L Microphone,62.0,0,0,3,0.66826606,0.37743056,1,0,adulto
ICB_03624_003,ICB_163,copd,AKG C417L Microphone,62.0,0,0,3,0.58750045,0.4556327,0,0,adulto
ICB_03624_004,ICB_163,copd,AKG C417L Microphone,62.0,0,0,3,0.60810363,0.44299176,1,0,adulto
ICB_03625_000,ICB_163,copd,AKG C417L Microphone,62.0,0,0,3,0.43482378,0.39821032,0,0,adulto
ICB_03625_001,ICB_163,copd,AKG C417L Microphone,62.0,0,0,3,0.5526297,0.4246533,0,0,adulto
ICB_03625_002,ICB_163,copd,AKG C417L Microphone,62.0,0,0,3,0.4559318,0.38871863,0,0,adulto
ICB_03625_003,ICB_163,copd,AKG C417L Microphone,62.0,0,0,3,0.5049597,0.38545528,0,0,adulto
ICB_03625_004,ICB_163,copd,AKG C417L Microphone,62.0,0,0,3,0.59626263,0.343974,0,0,adulto
ICB_03626_000,ICB_163,copd,AKG C417L Microphone,62.0,0,0,3,0.55556756,0.2948799,0,0,adulto
ICB_03626_001,ICB_163,copd,AKG C417L Microphone,62.0,1,0,3,0.6952727,0.33751893,1,1,adulto
ICB_03626_002,ICB_163,copd,AKG C417L Microphone,62.0,1,0,3,0.58308154,0.43564194,0,1,adulto
ICB_03626_003,ICB_163,copd,AKG C417L Microphone,62.0,0,0,3,0.58627266,0.2930881,0,0,adulto
ICB_03626_004,ICB_163,copd,AKG C417L Microphone,62.0,0,0,3,0.505537,0.28283438,0,0,adulto
ICB_03627_000,ICB_163,copd,AKG C417L Microphone,62.0,1,0,3,0.64285946,0.24605265,1,1,adulto
ICB_03627_001,ICB_163,copd,AKG C417L Microphone,62.0,0,0,3,0.6740021,0.49139568,1,0,adulto
ICB_03627_002,ICB_163,copd,AKG C417L Microphone,62.0,1,0,3,0.639706,0.50016034,1,1,adulto
ICB_03627_003,ICB_163,copd,AKG C417L Microphone,62.0,1,0,3,0.59702927,0.2753691,0,1,adulto
ICB_03627_004,ICB_163,copd,AKG C417L Microphone,62.0,0,0,3,0.54832023,0.25738576,0,0,adulto
ICB_03628_000,ICB_163,copd,AKG C417L Microphone,62.0,1,0,3,0.6926967,0.3935102,1,1,adulto
ICB_03628_001,ICB_163,copd,AKG C417L Microphone,62.0,1,0,3,0.79836625,0.6035652,1,1,adulto
ICB_03628_002,ICB_163,copd,AKG C417L Microphone,62.0,0,0,3,0.73948383,0.46625873,1,0,adulto
ICB_03628_003,ICB_163,copd,AKG C417L Microphone,62.0,0,0,3,0.80880994,0.34779096,1,0,adulto
ICB_03628_004,ICB_163,copd,AKG C417L Microphone,62.0,0,0,3,0.6417482,0.37051082,1,0,adulto
ICB_03629_000,ICB_163,copd,AKG C417L Microphone,62.0,0,0,3,0.5869029,0.44779462,0,0,adulto
ICB_03629_001,ICB_163,copd,AKG C417L Microphone,62.0,0,0,3,0.7039639,0.52505606,1,0,adulto
ICB_03629_002,ICB_163,copd,AKG C417L Microphone,62.0,0,0,3,0.702437,0.4828177,1,0,adulto
ICB_03629_003,ICB_163,copd,AKG C417L Microphone,62.0,0,0,3,0.6930808,0.49912345,1,0,adulto
ICB_03629_004,ICB_163,copd,AKG C417L Microphone,62.0,0,0,3,0.5812732,0.46108925,0,0,adulto
ICB_03630_000,ICB_163,copd,AKG C417L Microphone,62.0,0,0,3,0.25317672,0.6373083,0,0,adulto
ICB_03630_001,ICB_163,copd,AKG C417L Microphone,62.0,0,0,3,0.53486454,0.645608,0,0,adulto
ICB_03630_002,ICB_163,copd,AKG C417L Microphone,62.0,0,0,3,0.36864737,0.627757,0,0,adulto
ICB_03630_003,ICB_163,copd,AKG C417L Microphone,62.0,0,0,3,0.382672,0.6693197,0,0,adulto
ICB_03630_004,ICB_163,copd,AKG C417L Microphone,62.0,0,0,3,0.34369603,0.54037654,0,0,adulto
ICB_03631_000,ICB_163,copd,AKG C417L Microphone,62.0,0,0,3,0.7071956,0.54273695,1,0,adulto
ICB_03631_001,ICB_163,copd,AKG C417L Microphone,62.0,0,0,3,0.5566131,0.49584568,0,0,adulto
ICB_03631_002,ICB_163,copd,AKG C417L Microphone,62.0,0,0,3,0.67582035,0.47904584,1,0,adulto
ICB_03631_003,ICB_163,copd,AKG C417L Microphone,62.0,0,0,3,0.7094015,0.43523574,1,0,adulto
ICB_03631_004,ICB_163,copd,AKG C417L Microphone,62.0,0,0,3,0.61102587,0.6290174,1,0,adulto
ICB_03631_005,ICB_163,copd,AKG C417L Microphone,62.0,0,0,3,0.76608986,0.45144343,1,0,adulto
ICB_03632_000,ICB_163,copd,AKG C417L Microphone,62.0,0,0,3,0.61997503,0.4099676,1,0,adulto
ICB_03632_001,ICB_163,copd,AKG C417L Microphone,62.0,0,0,3,0.5639724,0.49689963,0,0,adulto
ICB_03632_002,ICB_163,copd,AKG C417L Microphone,62.0,0,0,3,0.48325238,0.45053884,0,0,adulto
ICB_03632_003,ICB_163,copd,AKG C417L Microphone,62.0,0,0,3,0.3767634,0.29793364,0,0,adulto
ICB_03632_004,ICB_163,copd,AKG C417L Microphone,62.0,0,0,3,0.39703494,0.4632162,0,0,adulto
ICB_03632_005,ICB_163,copd,AKG C417L Microphone,62.0,0,0,3,0.43417266,0.49282634,0,0,adulto
ICB_03633_000,ICB_163,copd,AKG C417L Microphone,62.0,0,0,3,0.6995164,0.43333122,1,0,adulto
ICB_03633_001,ICB_163,copd,AKG C417L Microphone,62.0,0,0,3,0.66329503,0.49487755,1,0,adulto
ICB_03633_002,ICB_163,copd,AKG C417L Microphone,62.0,0,0,3,0.7224863,0.5138234,1,0,adulto
ICB_03633_003,ICB_163,copd,AKG C417L Microphone,62.0,0,0,3,0.6710572,0.63090634,1,0,adulto
ICB_03633_004,ICB_163,copd,AKG C417L Microphone,62.0,0,0,3,0.62642485,0.7410861,1,0,adulto
ICB_03633_005,ICB_163,copd,AKG C417L Microphone,62.0,0,0,3,0.7215786,0.51157594,1,0,adulto
ICB_03634_000,ICB_163,copd,AKG C417L Microphone,62.0,0,0,3,0.25347313,0.36939296,0,0,adulto
ICB_03634_001,ICB_163,copd,AKG C417L Microphone,62.0,0,0,3,0.40451318,0.3545039,0,0,adulto
ICB_03634_002,ICB_163,copd,AKG C417L Microphone,62.0,0,0,3,0.2871444,0.35832325,0,0,adulto
ICB_03634_003,ICB_163,copd,AKG C417L Microphone,62.0,0,0,3,0.26445824,0.4402882,0,0,adulto
ICB_03634_004,ICB_163,copd,AKG C417L Microphone,62.0,0,0,3,0.2402201,0.22985595,0,0,adulto
ICB_03634_005,ICB_163,copd,AKG C417L Microphone,62.0,0,0,3,0.54504776,0.21637996,0,0,adulto
ICB_03635_000,ICB_163,copd,AKG C417L Microphone,62.0,0,0,3,0.6273026,0.38467145,1,0,adulto
ICB_03635_001,ICB_163,copd,AKG C417L Microphone,62.0,0,0,3,0.59089303,0.40916935,0,0,adulto
ICB_03635_002,ICB_163,copd,AKG C417L Microphone,62.0,0,0,3,0.7026174,0.3443194,1,0,adulto
ICB_03635_003,ICB_163,copd,AKG C417L Microphone,62.0,0,0,3,0.48699746,0.61117357,0,0,adulto
ICB_03635_004,ICB_163,copd,AKG C417L Microphone,62.0,0,0,3,0.48481828,0.4063673,0,0,adulto
ICB_03635_005,ICB_163,copd,AKG C417L Microphone,62.0,0,0,3,0.6046923,0.5207705,1,0,adulto
ICB_03636_000,ICB_163,copd,AKG C417L Microphone,62.0,0,0,3,0.5461183,0.47870275,0,0,adulto
ICB_03636_001,ICB_163,copd,AKG C417L Microphone,62.0,0,0,3,0.6275674,0.5389737,1,0,adulto
ICB_03636_002,ICB_163,copd,AKG C417L Microphone,62.0,0,0,3,0.58612156,0.36934114,0,0,adulto
ICB_03636_003,ICB_163,copd,AKG C417L Microphone,62.0,0,0,3,0.55330193,0.552803,0,0,adulto
ICB_03636_004,ICB_163,copd,AKG C417L Microphone,62.0,0,0,3,0.6349141,0.50362146,1,0,adulto
ICB_03636_005,ICB_163,copd,AKG C417L Microphone,62.0,0,0,3,0.5629049,0.47373375,0,0,adulto
ICB_03646_000,ICB_167,bronchiolitis_asthma,3M Littmann Classic II SE,1.0,0,0,3,0.51236415,0.35352138,0,0,pediátrico (<18)
ICB_03646_001,ICB_167,bronchiolitis_asthma,3M Littmann Classic II SE,1.0,0,0,3,0.5444933,0.48344344,0,0,pediátrico (<18)
ICB_03646_002,ICB_167,bronchiolitis_asthma,3M Littmann Classic II SE,1.0,0,0,3,0.28559595,0.50277525,0,0,pediátrico (<18)
ICB_03646_003,ICB_167,bronchiolitis_asthma,3M Littmann Classic II SE,1.0,0,0,3,0.35237896,0.5722976,0,0,pediátrico (<18)
ICB_03646_004,ICB_167,bronchiolitis_asthma,3M Littmann Classic II SE,1.0,0,0,3,0.3282854,0.45956776,0,0,pediátrico (<18)
ICB_03646_005,ICB_167,bronchiolitis_asthma,3M Littmann Classic II SE,1.0,0,0,3,0.55376387,0.51761925,0,0,pediátrico (<18)
ICB_03646_006,ICB_167,bronchiolitis_asthma,3M Littmann Classic II SE,1.0,0,0,3,0.31001282,0.40719274,0,0,pediátrico (<18)
ICB_03646_007,ICB_167,bronchiolitis_asthma,3M Littmann Classic II SE,1.0,0,0,3,0.2720837,0.5884953,0,0,pediátrico (<18)
ICB_03646_008,ICB_167,bronchiolitis_asthma,3M Littmann Classic II SE,1.0,0,0,3,0.4023074,0.50374895,0,0,pediátrico (<18)
ICB_03646_009,ICB_167,bronchiolitis_asthma,3M Littmann Classic II SE,1.0,0,0,3,0.31793526,0.50064194,0,0,pediátrico (<18)
ICB_03646_010,ICB_167,bronchiolitis_asthma,3M Littmann Classic II SE,1.0,0,0,3,0.3410746,0.38675088,0,0,pediátrico (<18)
ICB_03646_011,ICB_167,bronchiolitis_asthma,3M Littmann Classic II SE,1.0,0,0,3,0.37883258,0.41015753,0,0,pediátrico (<18)
ICB_03646_012,ICB_167,bronchiolitis_asthma,3M Littmann Classic II SE,1.0,0,0,3,0.19915244,0.33511335,0,0,pediátrico (<18)
ICB_03647_000,ICB_167,bronchiolitis_asthma,3M Littmann Classic II SE,1.0,0,0,3,0.66198534,0.41851184,1,0,pediátrico (<18)
ICB_03647_001,ICB_167,bronchiolitis_asthma,3M Littmann Classic II SE,1.0,0,1,3,0.18073513,0.76311505,0,2,pediátrico (<18)
ICB_03647_002,ICB_167,bronchiolitis_asthma,3M Littmann Classic II SE,1.0,0,1,3,0.6081886,0.6987436,1,2,pediátrico (<18)
ICB_03647_003,ICB_167,bronchiolitis_asthma,3M Littmann Classic II SE,1.0,0,0,3,0.40655395,0.33112013,0,0,pediátrico (<18)
ICB_03647_004,ICB_167,bronchiolitis_asthma,3M Littmann Classic II SE,1.0,0,1,3,0.1602754,0.5780013,0,2,pediátrico (<18)
ICB_03647_005,ICB_167,bronchiolitis_asthma,3M Littmann Classic II SE,1.0,0,1,3,0.36315393,0.5987423,0,2,pediátrico (<18)
ICB_03647_006,ICB_167,bronchiolitis_asthma,3M Littmann Classic II SE,1.0,0,1,3,0.38273525,0.83284605,0,2,pediátrico (<18)
ICB_03647_007,ICB_167,bronchiolitis_asthma,3M Littmann Classic II SE,1.0,0,0,3,0.42008102,0.40220556,0,0,pediátrico (<18)
ICB_03647_008,ICB_167,bronchiolitis_asthma,3M Littmann Classic II SE,1.0,0,0,3,0.49352056,0.6867896,0,0,pediátrico (<18)
ICB_03647_009,ICB_167,bronchiolitis_asthma,3M Littmann Classic II SE,1.0,0,1,3,0.38721368,0.48231658,0,2,pediátrico (<18)
ICB_03647_010,ICB_167,bronchiolitis_asthma,3M Littmann Classic II SE,1.0,0,1,3,0.46638232,0.8808072,0,2,pediátrico (<18)
ICB_03647_011,ICB_167,bronchiolitis_asthma,3M Littmann Classic II SE,1.0,0,0,3,0.4703484,0.47257686,0,0,pediátrico (<18)
ICB_03647_012,ICB_167,bronchiolitis_asthma,3M Littmann Classic II SE,1.0,0,0,3,0.44184735,0.677608,0,0,pediátrico (<18)
ICB_03647_013,ICB_167,bronchiolitis_asthma,3M Littmann Classic II SE,1.0,0,0,3,0.5864018,0.5947592,0,0,pediátrico (<18)
ICB_03647_014,ICB_167,bronchiolitis_asthma,3M Littmann Classic II SE,1.0,0,1,3,0.2813331,0.41341874,0,2,pediátrico (<18)
ICB_03807_000,ICB_182,normal_lung,3M Littmann Classic II SE,11.0,1,0,3,0.16437504,0.24383679,0,1,pediátrico (<18)
ICB_03807_001,ICB_182,normal_lung,3M Littmann Classic II SE,11.0,1,0,3,0.6385205,0.31078926,1,1,pediátrico (<18)
ICB_03807_002,ICB_182,normal_lung,3M Littmann Classic II SE,11.0,0,0,3,0.51641715,0.4815739,0,0,pediátrico (<18)
ICB_03807_003,ICB_182,normal_lung,3M Littmann Classic II SE,11.0,1,0,3,0.23708265,0.37295496,0,1,pediátrico (<18)
ICB_03807_004,ICB_182,normal_lung,3M Littmann Classic II SE,11.0,0,0,3,0.36071676,0.28693664,0,0,pediátrico (<18)
ICB_03807_005,ICB_182,normal_lung,3M Littmann Classic II SE,11.0,1,0,3,0.48570624,0.39413297,0,1,pediátrico (<18)
ICB_03807_006,ICB_182,normal_lung,3M Littmann Classic II SE,11.0,1,0,3,0.30965424,0.25926134,0,1,pediátrico (<18)
ICB_03811_000,ICB_185,copd,3M Littmann 3200 Electronic,75.0,0,0,3,0.23720245,0.36098298,0,0,adulto
ICB_03811_001,ICB_185,copd,3M Littmann 3200 Electronic,75.0,0,0,3,0.16918172,0.61096865,0,0,adulto
ICB_03811_002,ICB_185,copd,3M Littmann 3200 Electronic,75.0,0,0,3,0.27425677,0.43553013,0,0,adulto
ICB_03811_003,ICB_185,copd,3M Littmann 3200 Electronic,75.0,0,0,3,0.18790793,0.6538184,0,0,adulto
ICB_03811_004,ICB_185,copd,3M Littmann 3200 Electronic,75.0,0,0,3,0.12673557,0.7191397,0,0,adulto
ICB_03811_005,ICB_185,copd,3M Littmann 3200 Electronic,75.0,0,0,3,0.4180802,0.66186446,0,0,adulto
ICB_03811_006,ICB_185,copd,3M Littmann 3200 Electronic,75.0,0,0,3,0.3057471,0.90527755,0,0,adulto
ICB_03812_000,ICB_185,copd,3M Littmann 3200 Electronic,75.0,0,0,3,0.27732468,0.68784326,0,0,adulto
ICB_03812_001,ICB_185,copd,3M Littmann 3200 Electronic,75.0,0,0,3,0.15947197,0.6744468,0,0,adulto
ICB_03812_002,ICB_185,copd,3M Littmann 3200 Electronic,75.0,0,0,3,0.15817425,0.743691,0,0,adulto
ICB_03812_003,ICB_185,copd,3M Littmann 3200 Electronic,75.0,0,0,3,0.159697,0.60547113,0,0,adulto
ICB_03812_004,ICB_185,copd,3M Littmann 3200 Electronic,75.0,0,0,3,0.19267765,0.55761635,0,0,adulto
ICB_03812_005,ICB_185,copd,3M Littmann 3200 Electronic,75.0,0,0,3,0.23781349,0.5825615,0,0,adulto
ICB_03812_006,ICB_185,copd,3M Littmann 3200 Electronic,75.0,0,0,3,0.18556528,0.47634208,0,0,adulto
ICB_03812_007,ICB_185,copd,3M Littmann 3200 Electronic,75.0,0,0,3,0.22949697,0.39981318,0,0,adulto
ICB_03812_008,ICB_185,copd,3M Littmann 3200 Electronic,75.0,0,0,3,0.21001132,0.38508025,0,0,adulto
ICB_03812_009,ICB_185,copd,3M Littmann 3200 Electronic,75.0,0,0,3,0.31978524,0.8012675,0,0,adulto
ICB_03812_010,ICB_185,copd,3M Littmann 3200 Electronic,75.0,0,0,3,0.52283645,0.6857166,0,0,adulto
ICB_03813_000,ICB_185,copd,3M Littmann 3200 Electronic,75.0,0,0,3,0.21932347,0.8324869,0,0,adulto
ICB_03813_001,ICB_185,copd,3M Littmann 3200 Electronic,75.0,0,0,3,0.29017484,0.62663525,0,0,adulto
ICB_03813_002,ICB_185,copd,3M Littmann 3200 Electronic,75.0,0,0,3,0.18500763,0.64273185,0,0,adulto
ICB_03813_003,ICB_185,copd,3M Littmann 3200 Electronic,75.0,0,0,3,0.21172926,0.5929463,0,0,adulto
ICB_03813_004,ICB_185,copd,3M Littmann 3200 Electronic,75.0,0,0,3,0.26240823,0.38051382,0,0,adulto
ICB_03813_005,ICB_185,copd,3M Littmann 3200 Electronic,75.0,0,0,3,0.25894055,0.50410676,0,0,adulto
ICB_03813_006,ICB_185,copd,3M Littmann 3200 Electronic,75.0,0,0,3,0.26213318,0.7175971,0,0,adulto
ICB_03813_007,ICB_185,copd,3M Littmann 3200 Electronic,75.0,0,0,3,0.39494213,0.672696,0,0,adulto
ICB_03813_008,ICB_185,copd,3M Littmann 3200 Electronic,75.0,0,1,3,0.5517535,0.78358424,0,2,adulto
ICB_03813_009,ICB_185,copd,3M Littmann 3200 Electronic,75.0,0,0,3,0.27670163,0.77987635,0,0,adulto
ICB_03814_000,ICB_185,copd,3M Littmann 3200 Electronic,75.0,0,0,3,0.33537632,0.6130567,0,0,adulto
ICB_03814_001,ICB_185,copd,3M Littmann 3200 Electronic,75.0,0,0,3,0.3377686,0.45469663,0,0,adulto
ICB_03814_002,ICB_185,copd,3M Littmann 3200 Electronic,75.0,0,0,3,0.27137366,0.5740253,0,0,adulto
ICB_03814_003,ICB_185,copd,3M Littmann 3200 Electronic,75.0,0,0,3,0.38549772,0.47290167,0,0,adulto
ICB_03814_004,ICB_185,copd,3M Littmann 3200 Electronic,75.0,0,0,3,0.27722973,0.52505875,0,0,adulto
ICB_03814_005,ICB_185,copd,3M Littmann 3200 Electronic,75.0,0,0,3,0.41224626,0.7183179,0,0,adulto
ICB_03814_006,ICB_185,copd,3M Littmann 3200 Electronic,75.0,0,0,3,0.41078767,0.68593675,0,0,adulto
ICB_03815_000,ICB_185,copd,3M Littmann 3200 Electronic,75.0,0,0,3,0.01977597,0.90120715,0,0,adulto
ICB_03815_001,ICB_185,copd,3M Littmann 3200 Electronic,75.0,0,0,3,0.076217,0.7508501,0,0,adulto
ICB_03815_002,ICB_185,copd,3M Littmann 3200 Electronic,75.0,0,0,3,0.17755927,0.66735953,0,0,adulto
ICB_03815_003,ICB_185,copd,3M Littmann 3200 Electronic,75.0,0,0,3,0.11148088,0.8213019,0,0,adulto
ICB_03815_004,ICB_185,copd,3M Littmann 3200 Electronic,75.0,0,0,3,0.0702062,0.64822346,0,0,adulto
ICB_03815_005,ICB_185,copd,3M Littmann 3200 Electronic,75.0,0,0,3,0.11163603,0.7679623,0,0,adulto
ICB_03815_006,ICB_185,copd,3M Littmann 3200 Electronic,75.0,0,0,3,0.28143033,0.7029823,0,0,adulto
ICB_03815_007,ICB_185,copd,3M Littmann 3200 Electronic,75.0,0,0,3,0.13682857,0.7719208,0,0,adulto
ICB_03815_008,ICB_185,copd,3M Littmann 3200 Electronic,75.0,0,0,3,0.32859638,0.80708575,0,0,adulto
ICB_03816_000,ICB_185,copd,3M Littmann 3200 Electronic,75.0,0,0,3,0.2979725,0.6162014,0,0,adulto
ICB_03816_001,ICB_185,copd,3M Littmann 3200 Electronic,75.0,0,0,3,0.17227224,0.71304363,0,0,adulto
ICB_03816_002,ICB_185,copd,3M Littmann 3200 Electronic,75.0,0,0,3,0.23058286,0.6203269,0,0,adulto
ICB_03816_003,ICB_185,copd,3M Littmann 3200 Electronic,75.0,0,0,3,0.17810732,0.52140945,0,0,adulto
ICB_03816_004,ICB_185,copd,3M Littmann 3200 Electronic,75.0,0,0,3,0.16022801,0.42511034,0,0,adulto
ICB_03816_005,ICB_185,copd,3M Littmann 3200 Electronic,75.0,0,0,3,0.29557186,0.43797907,0,0,adulto
ICB_03816_006,ICB_185,copd,3M Littmann 3200 Electronic,75.0,0,0,3,0.27600864,0.46561778,0,0,adulto
ICB_03816_007,ICB_185,copd,3M Littmann 3200 Electronic,75.0,0,0,3,0.22576346,0.70129603,0,0,adulto
ICB_03816_008,ICB_185,copd,3M Littmann 3200 Electronic,75.0,0,0,3,0.3980995,0.5420765,0,0,adulto
ICB_03816_009,ICB_185,copd,3M Littmann 3200 Electronic,75.0,0,0,3,0.3489775,0.47266144,0,0,adulto
ICB_03816_010,ICB_185,copd,3M Littmann 3200 Electronic,75.0,0,0,3,0.3954545,0.55741525,0,0,adulto
ICB_03817_000,ICB_186,copd,AKG C417L Microphone,71.0,0,1,3,0.48064408,0.24429712,0,2,adulto
ICB_03817_001,ICB_186,copd,AKG C417L Microphone,71.0,0,0,3,0.6244434,0.5341702,1,0,adulto
ICB_03817_002,ICB_186,copd,AKG C417L Microphone,71.0,0,0,3,0.52948236,0.33283758,0,0,adulto
ICB_03817_003,ICB_186,copd,AKG C417L Microphone,71.0,0,0,3,0.63419616,0.35255763,1,0,adulto
ICB_03817_004,ICB_186,copd,AKG C417L Microphone,71.0,0,0,3,0.4737816,0.50653917,0,0,adulto
ICB_03818_000,ICB_186,copd,AKG C417L Microphone,71.0,1,0,3,0.6838948,0.49305895,1,1,adulto
ICB_03818_001,ICB_186,copd,AKG C417L Microphone,71.0,1,0,3,0.6733444,0.6631357,1,1,adulto
ICB_03818_002,ICB_186,copd,AKG C417L Microphone,71.0,1,0,3,0.6950737,0.4858572,1,1,adulto
ICB_03818_003,ICB_186,copd,AKG C417L Microphone,71.0,1,0,3,0.65047896,0.56381214,1,1,adulto
ICB_03818_004,ICB_186,copd,AKG C417L Microphone,71.0,1,0,3,0.5551146,0.33549446,0,1,adulto
ICB_03819_000,ICB_186,copd,AKG C417L Microphone,71.0,1,0,3,0.610036,0.41792473,1,1,adulto
ICB_03819_001,ICB_186,copd,AKG C417L Microphone,71.0,1,0,3,0.6550157,0.46878126,1,1,adulto
ICB_03819_002,ICB_186,copd,AKG C417L Microphone,71.0,1,0,3,0.6025588,0.7180391,1,1,adulto
ICB_03819_003,ICB_186,copd,AKG C417L Microphone,71.0,1,0,3,0.52373344,0.67097867,0,1,adulto
ICB_03819_004,ICB_186,copd,AKG C417L Microphone,71.0,1,0,3,0.6083836,0.5742429,1,1,adulto
ICB_03820_000,ICB_186,copd,AKG C417L Microphone,71.0,1,0,3,0.62703025,0.68757915,1,1,adulto
ICB_03820_001,ICB_186,copd,AKG C417L Microphone,71.0,1,0,3,0.6498102,0.48893967,1,1,adulto
ICB_03820_002,ICB_186,copd,AKG C417L Microphone,71.0,1,0,3,0.6236992,0.6228288,1,1,adulto
ICB_03820_003,ICB_186,copd,AKG C417L Microphone,71.0,1,0,3,0.5544034,0.48667,0,1,adulto
ICB_03820_004,ICB_186,copd,AKG C417L Microphone,71.0,1,0,3,0.44130743,0.3189197,0,1,adulto
ICB_03821_000,ICB_186,copd,AKG C417L Microphone,71.0,1,0,3,0.5849852,0.43006253,0,1,adulto
ICB_03821_001,ICB_186,copd,AKG C417L Microphone,71.0,1,0,3,0.6893321,0.36302692,1,1,adulto
ICB_03821_002,ICB_186,copd,AKG C417L Microphone,71.0,1,0,3,0.5643583,0.44442362,0,1,adulto
ICB_03821_003,ICB_186,copd,AKG C417L Microphone,71.0,1,0,3,0.5742019,0.49270344,0,1,adulto
ICB_03821_004,ICB_186,copd,AKG C417L Microphone,71.0,1,0,3,0.5757729,0.48187372,0,1,adulto
ICB_03822_000,ICB_186,copd,AKG C417L Microphone,71.0,0,0,3,0.7922548,0.3052726,1,0,adulto
ICB_03822_001,ICB_186,copd,AKG C417L Microphone,71.0,0,0,3,0.623358,0.3839874,1,0,adulto
ICB_03822_002,ICB_186,copd,AKG C417L Microphone,71.0,0,0,3,0.6402478,0.40003976,1,0,adulto
ICB_03822_003,ICB_186,copd,AKG C417L Microphone,71.0,0,0,3,0.63367987,0.37368736,1,0,adulto
ICB_03822_004,ICB_186,copd,AKG C417L Microphone,71.0,0,0,3,0.69011515,0.4098924,1,0,adulto
ICB_03823_000,ICB_186,copd,AKG C417L Microphone,71.0,0,0,3,0.5588017,0.4924706,0,0,adulto
ICB_03823_001,ICB_186,copd,AKG C417L Microphone,71.0,0,0,3,0.60073143,0.38997427,1,0,adulto
ICB_03823_002,ICB_186,copd,AKG C417L Microphone,71.0,0,0,3,0.622518,0.3918855,1,0,adulto
ICB_03823_003,ICB_186,copd,AKG C417L Microphone,71.0,0,0,3,0.57513905,0.41749665,0,0,adulto
ICB_03823_004,ICB_186,copd,AKG C417L Microphone,71.0,1,0,3,0.5325205,0.3289172,0,1,adulto
ICB_03824_000,ICB_186,copd,AKG C417L Microphone,71.0,0,0,3,0.8542914,0.2653044,1,0,adulto
ICB_03824_001,ICB_186,copd,AKG C417L Microphone,71.0,1,0,3,0.80765206,0.34627983,1,1,adulto
ICB_03824_002,ICB_186,copd,AKG C417L Microphone,71.0,1,0,3,0.7373508,0.45177808,1,1,adulto
ICB_03824_003,ICB_186,copd,AKG C417L Microphone,71.0,1,0,3,0.811385,0.44420323,1,1,adulto
ICB_03824_004,ICB_186,copd,AKG C417L Microphone,71.0,1,0,3,0.6695298,0.265167,1,1,adulto
ICB_03825_000,ICB_186,copd,AKG C417L Microphone,71.0,1,0,3,0.67130256,0.5217189,1,1,adulto
ICB_03825_001,ICB_186,copd,AKG C417L Microphone,71.0,1,0,3,0.76084226,0.51932675,1,1,adulto
ICB_03825_002,ICB_186,copd,AKG C417L Microphone,71.0,1,0,3,0.61469823,0.6285177,1,1,adulto
ICB_03825_003,ICB_186,copd,AKG C417L Microphone,71.0,1,0,3,0.6403822,0.5116692,1,1,adulto
ICB_03825_004,ICB_186,copd,AKG C417L Microphone,71.0,1,0,3,0.64441365,0.47312027,1,1,adulto
ICB_03826_000,ICB_186,copd,AKG C417L Microphone,71.0,1,0,3,0.64532954,0.45578134,1,1,adulto
ICB_03826_001,ICB_186,copd,AKG C417L Microphone,71.0,1,0,3,0.63077545,0.56705487,1,1,adulto
ICB_03826_002,ICB_186,copd,AKG C417L Microphone,71.0,1,0,3,0.5832588,0.41561577,0,1,adulto
ICB_03826_003,ICB_186,copd,AKG C417L Microphone,71.0,1,0,3,0.45880526,0.4758349,0,1,adulto
ICB_03826_004,ICB_186,copd,AKG C417L Microphone,71.0,1,0,3,0.7096242,0.46241227,1,1,adulto
ICB_03827_000,ICB_186,copd,AKG C417L Microphone,71.0,1,0,3,0.6660276,0.46091548,1,1,adulto
ICB_03827_001,ICB_186,copd,AKG C417L Microphone,71.0,1,0,3,0.53985137,0.3722859,0,1,adulto
ICB_03827_002,ICB_186,copd,AKG C417L Microphone,71.0,1,0,3,0.4862616,0.41446093,0,1,adulto
ICB_03827_003,ICB_186,copd,AKG C417L Microphone,71.0,1,0,3,0.6189259,0.32382548,1,1,adulto
ICB_03827_004,ICB_186,copd,AKG C417L Microphone,71.0,1,0,3,0.6443487,0.22557761,1,1,adulto
ICB_03828_000,ICB_186,copd,AKG C417L Microphone,71.0,0,0,3,0.6584683,0.4256585,1,0,adulto
ICB_03828_001,ICB_186,copd,AKG C417L Microphone,71.0,0,0,3,0.64542985,0.39550892,1,0,adulto
ICB_03828_002,ICB_186,copd,AKG C417L Microphone,71.0,0,0,3,0.7192475,0.4753409,1,0,adulto
ICB_03828_003,ICB_186,copd,AKG C417L Microphone,71.0,0,0,3,0.63366336,0.55974835,1,0,adulto
ICB_03828_004,ICB_186,copd,AKG C417L Microphone,71.0,0,1,3,0.5363945,0.49523538,0,2,adulto
ICB_03829_000,ICB_186,copd,AKG C417L Microphone,71.0,1,0,3,0.6499973,0.41139233,1,1,adulto
ICB_03829_001,ICB_186,copd,AKG C417L Microphone,71.0,0,0,3,0.554726,0.4160485,0,0,adulto
ICB_03829_002,ICB_186,copd,AKG C417L Microphone,71.0,1,0,3,0.5050532,0.32051775,0,1,adulto
ICB_03829_003,ICB_186,copd,AKG C417L Microphone,71.0,1,0,3,0.7195237,0.39871827,1,1,adulto
ICB_03829_004,ICB_186,copd,AKG C417L Microphone,71.0,1,0,3,0.511274,0.364624,0,1,adulto
ICB_03830_000,ICB_186,copd,AKG C417L Microphone,71.0,1,0,3,0.72494036,0.35047588,1,1,adulto
ICB_03830_001,ICB_186,copd,AKG C417L Microphone,71.0,1,0,3,0.7488058,0.5918031,1,1,adulto
ICB_03830_002,ICB_186,copd,AKG C417L Microphone,71.0,1,0,3,0.75345975,0.4893476,1,1,adulto
ICB_03830_003,ICB_186,copd,AKG C417L Microphone,71.0,1,0,3,0.79031014,0.4910674,1,1,adulto
ICB_03830_004,ICB_186,copd,AKG C417L Microphone,71.0,1,0,3,0.6678371,0.53178334,1,1,adulto
ICB_03831_000,ICB_186,copd,AKG C417L Microphone,71.0,1,0,3,0.67398036,0.44948244,1,1,adulto
ICB_03831_001,ICB_186,copd,AKG C417L Microphone,71.0,1,0,3,0.6936054,0.7011062,1,1,adulto
ICB_03831_002,ICB_186,copd,AKG C417L Microphone,71.0,1,0,3,0.5795332,0.57170814,0,1,adulto
ICB_03831_003,ICB_186,copd,AKG C417L Microphone,71.0,1,0,3,0.64134616,0.4634549,1,1,adulto
ICB_03831_004,ICB_186,copd,AKG C417L Microphone,71.0,1,0,3,0.53865993,0.5322613,0,1,adulto
ICB_03832_000,ICB_186,copd,AKG C417L Microphone,71.0,1,0,3,0.7501925,0.6107814,1,1,adulto
ICB_03832_001,ICB_186,copd,AKG C417L Microphone,71.0,0,0,3,0.63796264,0.5943286,1,0,adulto
ICB_03832_002,ICB_186,copd,AKG C417L Microphone,71.0,1,0,3,0.640581,0.29967824,1,1,adulto
ICB_03832_003,ICB_186,copd,AKG C417L Microphone,71.0,1,0,3,0.61974126,0.3623037,1,1,adulto
ICB_03832_004,ICB_186,copd,AKG C417L Microphone,71.0,1,0,3,0.61791915,0.43570468,1,1,adulto
ICB_03833_000,ICB_186,copd,AKG C417L Microphone,71.0,1,0,3,0.5702587,0.37868762,0,1,adulto
ICB_03833_001,ICB_186,copd,AKG C417L Microphone,71.0,1,0,3,0.65904105,0.4201678,1,1,adulto
ICB_03833_002,ICB_186,copd,AKG C417L Microphone,71.0,1,0,3,0.54798037,0.2753751,0,1,adulto
ICB_03833_003,ICB_186,copd,AKG C417L Microphone,71.0,1,0,3,0.5810088,0.32397246,0,1,adulto
ICB_03833_004,ICB_186,copd,AKG C417L Microphone,71.0,1,0,3,0.3965142,0.22455236,0,1,adulto
ICB_03834_000,ICB_186,copd,AKG C417L Microphone,71.0,0,0,3,0.58062756,0.31016538,0,0,adulto
ICB_03834_001,ICB_186,copd,AKG C417L Microphone,71.0,0,0,3,0.5543295,0.4037321,0,0,adulto
ICB_03834_002,ICB_186,copd,AKG C417L Microphone,71.0,0,0,3,0.68378174,0.3019762,1,0,adulto
ICB_03834_003,ICB_186,copd,AKG C417L Microphone,71.0,0,0,3,0.65581715,0.45586732,1,0,adulto
ICB_03834_004,ICB_186,copd,AKG C417L Microphone,71.0,0,0,3,0.7500037,0.4974266,1,0,adulto
ICB_03835_000,ICB_186,copd,AKG C417L Microphone,71.0,0,0,3,0.55465716,0.39421836,0,0,adulto
ICB_03835_001,ICB_186,copd,AKG C417L Microphone,71.0,0,0,3,0.54181117,0.3037264,0,0,adulto
ICB_03835_002,ICB_186,copd,AKG C417L Microphone,71.0,1,0,3,0.59009975,0.57636446,0,1,adulto
ICB_03835_003,ICB_186,copd,AKG C417L Microphone,71.0,0,0,3,0.519971,0.38141418,0,0,adulto
ICB_03835_004,ICB_186,copd,AKG C417L Microphone,71.0,0,0,3,0.5890419,0.2629858,0,0,adulto
ICB_03835_005,ICB_186,copd,AKG C417L Microphone,71.0,0,0,3,0.43449688,0.31244978,0,0,adulto
ICB_03836_000,ICB_186,copd,AKG C417L Microphone,71.0,0,0,3,0.7765547,0.56719255,1,0,adulto
ICB_03836_001,ICB_186,copd,AKG C417L Microphone,71.0,0,0,3,0.629218,0.4078606,1,0,adulto
ICB_03836_002,ICB_186,copd,AKG C417L Microphone,71.0,1,0,3,0.66610724,0.5774325,1,1,adulto
ICB_03836_003,ICB_186,copd,AKG C417L Microphone,71.0,0,0,3,0.7262399,0.31751344,1,0,adulto
ICB_03836_004,ICB_186,copd,AKG C417L Microphone,71.0,1,0,3,0.6530237,0.4464311,1,1,adulto
ICB_03836_005,ICB_186,copd,AKG C417L Microphone,71.0,1,0,3,0.5139108,0.27093574,0,1,adulto
ICB_03837_000,ICB_186,copd,AKG C417L Microphone,71.0,0,0,3,0.6350796,0.49054477,1,0,adulto
ICB_03837_001,ICB_186,copd,AKG C417L Microphone,71.0,0,0,3,0.6658031,0.4477013,1,0,adulto
ICB_03837_002,ICB_186,copd,AKG C417L Microphone,71.0,0,0,3,0.6167343,0.52111906,1,0,adulto
ICB_03837_003,ICB_186,copd,AKG C417L Microphone,71.0,0,0,3,0.6535105,0.5174473,1,0,adulto
ICB_03837_004,ICB_186,copd,AKG C417L Microphone,71.0,1,0,3,0.6347254,0.49607334,1,1,adulto
ICB_03837_005,ICB_186,copd,AKG C417L Microphone,71.0,0,0,3,0.6046893,0.5360141,1,0,adulto
ICB_03838_000,ICB_186,copd,AKG C417L Microphone,71.0,1,0,3,0.54462403,0.5109237,0,1,adulto
ICB_03838_001,ICB_186,copd,AKG C417L Microphone,71.0,1,0,3,0.48762438,0.3792349,0,1,adulto
ICB_03838_002,ICB_186,copd,AKG C417L Microphone,71.0,1,0,3,0.5470885,0.5091748,0,1,adulto
ICB_03838_003,ICB_186,copd,AKG C417L Microphone,71.0,1,0,3,0.49472684,0.24187051,0,1,adulto
ICB_03838_004,ICB_186,copd,AKG C417L Microphone,71.0,1,0,3,0.59889096,0.43262437,0,1,adulto
ICB_03838_005,ICB_186,copd,AKG C417L Microphone,71.0,1,0,3,0.6436435,0.73270553,1,1,adulto
ICB_03839_000,ICB_186,copd,AKG C417L Microphone,71.0,0,0,3,0.4731933,0.24799798,0,0,adulto
ICB_03839_001,ICB_186,copd,AKG C417L Microphone,71.0,0,0,3,0.44941366,0.49891552,0,0,adulto
ICB_03839_002,ICB_186,copd,AKG C417L Microphone,71.0,0,0,3,0.52139777,0.4058041,0,0,adulto
ICB_03839_003,ICB_186,copd,AKG C417L Microphone,71.0,0,0,3,0.46406573,0.35047263,0,0,adulto
ICB_03839_004,ICB_186,copd,AKG C417L Microphone,71.0,0,0,3,0.39451683,0.36280552,0,0,adulto
ICB_03839_005,ICB_186,copd,AKG C417L Microphone,71.0,0,0,3,0.53107435,0.29667434,0,0,adulto
ICB_03840_000,ICB_186,copd,AKG C417L Microphone,71.0,0,0,3,0.8118289,0.15146828,1,0,adulto
ICB_03840_001,ICB_186,copd,AKG C417L Microphone,71.0,0,0,3,0.67053246,0.3346659,1,0,adulto
ICB_03840_002,ICB_186,copd,AKG C417L Microphone,71.0,0,0,3,0.56637055,0.43772987,0,0,adulto
ICB_03840_003,ICB_186,copd,AKG C417L Microphone,71.0,0,0,3,0.7935074,0.23105444,1,0,adulto
ICB_03840_004,ICB_186,copd,AKG C417L Microphone,71.0,0,0,3,0.6207318,0.3812899,1,0,adulto
ICB_03840_005,ICB_186,copd,AKG C417L Microphone,71.0,0,0,3,0.34541756,0.3320066,0,0,adulto
ICB_03842_000,ICB_188,respiratory_infection,3M Littmann Classic II SE,3.0,0,0,3,0.3994466,0.19552222,0,0,pediátrico (<18)
ICB_03842_001,ICB_188,respiratory_infection,3M Littmann Classic II SE,3.0,0,0,3,0.37982553,0.35304424,0,0,pediátrico (<18)
ICB_03842_002,ICB_188,respiratory_infection,3M Littmann Classic II SE,3.0,0,0,3,0.49480036,0.4830212,0,0,pediátrico (<18)
ICB_03842_003,ICB_188,respiratory_infection,3M Littmann Classic II SE,3.0,0,0,3,0.45393282,0.34809136,0,0,pediátrico (<18)
ICB_03842_004,ICB_188,respiratory_infection,3M Littmann Classic II SE,3.0,0,0,3,0.57450116,0.39651364,0,0,pediátrico (<18)
ICB_03842_005,ICB_188,respiratory_infection,3M Littmann Classic II SE,3.0,0,0,3,0.583103,0.37271208,0,0,pediátrico (<18)
ICB_03842_006,ICB_188,respiratory_infection,3M Littmann Classic II SE,3.0,0,0,3,0.38797075,0.33651716,0,0,pediátrico (<18)
ICB_03842_007,ICB_188,respiratory_infection,3M Littmann Classic II SE,3.0,0,0,3,0.41304812,0.45877624,0,0,pediátrico (<18)
ICB_03842_008,ICB_188,respiratory_infection,3M Littmann Classic II SE,3.0,0,0,3,0.44349647,0.1859192,0,0,pediátrico (<18)
ICB_03842_009,ICB_188,respiratory_infection,3M Littmann Classic II SE,3.0,0,0,3,0.463098,0.3813471,0,0,pediátrico (<18)
ICB_03842_010,ICB_188,respiratory_infection,3M Littmann Classic II SE,3.0,0,0,3,0.6393769,0.4049975,1,0,pediátrico (<18)
ICB_03842_011,ICB_188,respiratory_infection,3M Littmann Classic II SE,3.0,0,0,3,0.5375122,0.45979306,0,0,pediátrico (<18)
ICB_03842_012,ICB_188,respiratory_infection,3M Littmann Classic II SE,3.0,0,0,3,0.5880089,0.5128126,0,0,pediátrico (<18)
ICB_03842_013,ICB_188,respiratory_infection,3M Littmann Classic II SE,3.0,0,0,3,0.38849947,0.52721936,0,0,pediátrico (<18)
ICB_03842_014,ICB_188,respiratory_infection,3M Littmann Classic II SE,3.0,0,0,3,0.41384768,0.41209543,0,0,pediátrico (<18)
ICB_03843_000,ICB_188,respiratory_infection,3M Littmann Classic II SE,3.0,0,0,3,0.339073,0.3284755,0,0,pediátrico (<18)
ICB_03843_001,ICB_188,respiratory_infection,3M Littmann Classic II SE,3.0,0,0,3,0.30661574,0.38351935,0,0,pediátrico (<18)
ICB_03843_002,ICB_188,respiratory_infection,3M Littmann Classic II SE,3.0,0,0,3,0.3358863,0.45117003,0,0,pediátrico (<18)
ICB_03843_003,ICB_188,respiratory_infection,3M Littmann Classic II SE,3.0,0,0,3,0.30294305,0.4532175,0,0,pediátrico (<18)
ICB_03843_004,ICB_188,respiratory_infection,3M Littmann Classic II SE,3.0,0,0,3,0.38631144,0.4655033,0,0,pediátrico (<18)
ICB_03843_005,ICB_188,respiratory_infection,3M Littmann Classic II SE,3.0,0,0,3,0.37595016,0.33185688,0,0,pediátrico (<18)
ICB_03843_006,ICB_188,respiratory_infection,3M Littmann Classic II SE,3.0,0,0,3,0.37050617,0.2849675,0,0,pediátrico (<18)
ICB_03843_007,ICB_188,respiratory_infection,3M Littmann Classic II SE,3.0,0,0,3,0.2293366,0.4161488,0,0,pediátrico (<18)
ICB_03843_008,ICB_188,respiratory_infection,3M Littmann Classic II SE,3.0,0,0,3,0.4159887,0.41747236,0,0,pediátrico (<18)
ICB_03843_009,ICB_188,respiratory_infection,3M Littmann Classic II SE,3.0,0,0,3,0.5468878,0.33923566,0,0,pediátrico (<18)
ICB_03843_010,ICB_188,respiratory_infection,3M Littmann Classic II SE,3.0,0,0,3,0.38472158,0.3911318,0,0,pediátrico (<18)
ICB_03843_011,ICB_188,respiratory_infection,3M Littmann Classic II SE,3.0,0,0,3,0.4520311,0.36796167,0,0,pediátrico (<18)
ICB_03843_012,ICB_188,respiratory_infection,3M Littmann Classic II SE,3.0,0,0,3,0.37107554,0.521076,0,0,pediátrico (<18)
ICB_03843_013,ICB_188,respiratory_infection,3M Littmann Classic II SE,3.0,0,0,3,0.43048483,0.30881047,0,0,pediátrico (<18)
ICB_03843_014,ICB_188,respiratory_infection,3M Littmann Classic II SE,3.0,0,0,3,0.38863719,0.29356977,0,0,pediátrico (<18)
ICB_03843_015,ICB_188,respiratory_infection,3M Littmann Classic II SE,3.0,0,0,3,0.46421936,0.35024506,0,0,pediátrico (<18)
ICB_03843_016,ICB_188,respiratory_infection,3M Littmann Classic II SE,3.0,0,0,3,0.18711814,0.4738107,0,0,pediátrico (<18)
ICB_03844_000,ICB_188,respiratory_infection,3M Littmann Classic II SE,3.0,0,0,3,0.41235858,0.5627845,0,0,pediátrico (<18)
ICB_03844_001,ICB_188,respiratory_infection,3M Littmann Classic II SE,3.0,0,0,3,0.5174319,0.2886344,0,0,pediátrico (<18)
ICB_03844_002,ICB_188,respiratory_infection,3M Littmann Classic II SE,3.0,0,0,3,0.33064795,0.6588199,0,0,pediátrico (<18)
ICB_03844_003,ICB_188,respiratory_infection,3M Littmann Classic II SE,3.0,0,0,3,0.3566789,0.34540808,0,0,pediátrico (<18)
ICB_03844_004,ICB_188,respiratory_infection,3M Littmann Classic II SE,3.0,0,0,3,0.46038112,0.41374338,0,0,pediátrico (<18)
ICB_03844_005,ICB_188,respiratory_infection,3M Littmann Classic II SE,3.0,0,0,3,0.56991696,0.45146403,0,0,pediátrico (<18)
ICB_03844_006,ICB_188,respiratory_infection,3M Littmann Classic II SE,3.0,0,0,3,0.4043171,0.41008908,0,0,pediátrico (<18)
ICB_03844_007,ICB_188,respiratory_infection,3M Littmann Classic II SE,3.0,0,0,3,0.48549092,0.6074782,0,0,pediátrico (<18)
ICB_03844_008,ICB_188,respiratory_infection,3M Littmann Classic II SE,3.0,0,0,3,0.46027195,0.5758572,0,0,pediátrico (<18)
ICB_03844_009,ICB_188,respiratory_infection,3M Littmann Classic II SE,3.0,0,0,3,0.36081064,0.38917905,0,0,pediátrico (<18)
ICB_03844_010,ICB_188,respiratory_infection,3M Littmann Classic II SE,3.0,0,0,3,0.3310072,0.58027875,0,0,pediátrico (<18)
ICB_03844_011,ICB_188,respiratory_infection,3M Littmann Classic II SE,3.0,0,0,3,0.55560285,0.78730965,0,0,pediátrico (<18)
ICB_03844_012,ICB_188,respiratory_infection,3M Littmann Classic II SE,3.0,0,0,3,0.8417439,0.4535743,1,0,pediátrico (<18)
ICB_03844_013,ICB_188,respiratory_infection,3M Littmann Classic II SE,3.0,0,0,3,0.3682316,0.5139108,0,0,pediátrico (<18)
ICB_03845_000,ICB_188,respiratory_infection,3M Littmann Classic II SE,3.0,0,0,3,0.16875751,0.67453533,0,0,pediátrico (<18)
ICB_03845_001,ICB_188,respiratory_infection,3M Littmann Classic II SE,3.0,0,0,3,0.2458131,0.3220539,0,0,pediátrico (<18)
ICB_03845_002,ICB_188,respiratory_infection,3M Littmann Classic II SE,3.0,0,0,3,0.34480095,0.239456,0,0,pediátrico (<18)
ICB_03845_003,ICB_188,respiratory_infection,3M Littmann Classic II SE,3.0,0,0,3,0.08340591,0.598579,0,0,pediátrico (<18)
ICB_03845_004,ICB_188,respiratory_infection,3M Littmann Classic II SE,3.0,0,0,3,0.012515903,0.11694574,0,0,pediátrico (<18)
ICB_03845_005,ICB_188,respiratory_infection,3M Littmann Classic II SE,3.0,0,0,3,0.11017781,0.70661175,0,0,pediátrico (<18)
ICB_03845_006,ICB_188,respiratory_infection,3M Littmann Classic II SE,3.0,0,0,3,0.102637306,0.3996184,0,0,pediátrico (<18)
ICB_03845_007,ICB_188,respiratory_infection,3M Littmann Classic II SE,3.0,0,0,3,0.18004969,0.35170355,0,0,pediátrico (<18)
ICB_03845_008,ICB_188,respiratory_infection,3M Littmann Classic II SE,3.0,0,0,3,0.08290419,0.18753071,0,0,pediátrico (<18)
ICB_03845_009,ICB_188,respiratory_infection,3M Littmann Classic II SE,3.0,0,0,3,0.1726222,0.26623398,0,0,pediátrico (<18)
ICB_03845_010,ICB_188,respiratory_infection,3M Littmann Classic II SE,3.0,0,0,3,0.09174137,0.3788457,0,0,pediátrico (<18)
ICB_03845_011,ICB_188,respiratory_infection,3M Littmann Classic II SE,3.0,0,0,3,0.01303882,0.10222942,0,0,pediátrico (<18)
ICB_03845_012,ICB_188,respiratory_infection,3M Littmann Classic II SE,3.0,0,0,3,0.17620277,0.5055224,0,0,pediátrico (<18)
ICB_03845_013,ICB_188,respiratory_infection,3M Littmann Classic II SE,3.0,0,0,3,0.08769701,0.20764786,0,0,pediátrico (<18)
ICB_03845_014,ICB_188,respiratory_infection,3M Littmann Classic II SE,3.0,0,0,3,0.026228128,0.09129001,0,0,pediátrico (<18)
ICB_03845_015,ICB_188,respiratory_infection,3M Littmann Classic II SE,3.0,0,0,3,0.03574619,0.44847336,0,0,pediátrico (<18)
ICB_03871_000,ICB_194,normal_lung,AKG C417L Microphone,2.0,0,0,3,0.6579707,0.42220786,1,0,pediátrico (<18)
ICB_03871_001,ICB_194,normal_lung,AKG C417L Microphone,2.0,0,0,3,0.56484497,0.3101478,0,0,pediátrico (<18)
ICB_03871_002,ICB_194,normal_lung,AKG C417L Microphone,2.0,0,0,3,0.5328875,0.20745412,0,0,pediátrico (<18)
ICB_03871_003,ICB_194,normal_lung,AKG C417L Microphone,2.0,0,0,3,0.7072275,0.50072086,1,0,pediátrico (<18)
ICB_03871_004,ICB_194,normal_lung,AKG C417L Microphone,2.0,0,0,3,0.4799748,0.2468161,0,0,pediátrico (<18)
ICB_03871_005,ICB_194,normal_lung,AKG C417L Microphone,2.0,0,0,3,0.55576646,0.3914099,0,0,pediátrico (<18)
ICB_03871_006,ICB_194,normal_lung,AKG C417L Microphone,2.0,0,0,3,0.58612704,0.54339886,0,0,pediátrico (<18)
ICB_03871_007,ICB_194,normal_lung,AKG C417L Microphone,2.0,0,0,3,0.45969254,0.5693178,0,0,pediátrico (<18)
ICB_03871_008,ICB_194,normal_lung,AKG C417L Microphone,2.0,0,0,3,0.41798568,0.4647795,0,0,pediátrico (<18)
ICB_03872_000,ICB_194,normal_lung,AKG C417L Microphone,2.0,0,0,3,0.47008672,0.46111536,0,0,pediátrico (<18)
ICB_03872_001,ICB_194,normal_lung,AKG C417L Microphone,2.0,0,0,3,0.5884553,0.2581164,0,0,pediátrico (<18)
ICB_03872_002,ICB_194,normal_lung,AKG C417L Microphone,2.0,0,0,3,0.7063841,0.43313527,1,0,pediátrico (<18)
ICB_03872_003,ICB_194,normal_lung,AKG C417L Microphone,2.0,0,0,3,0.6506468,0.4764259,1,0,pediátrico (<18)
ICB_03872_004,ICB_194,normal_lung,AKG C417L Microphone,2.0,0,0,3,0.6559318,0.31784165,1,0,pediátrico (<18)
ICB_03872_005,ICB_194,normal_lung,AKG C417L Microphone,2.0,0,0,3,0.73701274,0.38914338,1,0,pediátrico (<18)
ICB_03872_006,ICB_194,normal_lung,AKG C417L Microphone,2.0,0,0,3,0.56901747,0.29203823,0,0,pediátrico (<18)
ICB_03872_007,ICB_194,normal_lung,AKG C417L Microphone,2.0,0,0,3,0.5631626,0.55830044,0,0,pediátrico (<18)
ICB_03872_008,ICB_194,normal_lung,AKG C417L Microphone,2.0,0,0,3,0.512436,0.2898427,0,0,pediátrico (<18)
ICB_03896_000,ICB_199,copd,3M Littmann Classic II SE,71.0,0,0,3,0.54733515,0.4633224,0,0,adulto
ICB_03896_001,ICB_199,copd,3M Littmann Classic II SE,71.0,1,0,3,0.63255566,0.251252,1,1,adulto
ICB_03896_002,ICB_199,copd,3M Littmann Classic II SE,71.0,1,0,3,0.6455621,0.47442815,1,1,adulto
ICB_03896_003,ICB_199,copd,3M Littmann Classic II SE,71.0,1,0,3,0.6567921,0.47620627,1,1,adulto
ICB_03896_004,ICB_199,copd,3M Littmann Classic II SE,71.0,1,0,3,0.61490434,0.39664468,1,1,adulto
ICB_03896_005,ICB_199,copd,3M Littmann Classic II SE,71.0,0,0,3,0.59749126,0.5738042,0,0,adulto
ICB_03896_006,ICB_199,copd,3M Littmann Classic II SE,71.0,0,0,3,0.67354745,0.3936325,1,0,adulto
ICB_03896_007,ICB_199,copd,3M Littmann Classic II SE,71.0,0,0,3,0.81439286,0.35812175,1,0,adulto
ICB_03896_008,ICB_199,copd,3M Littmann Classic II SE,71.0,0,0,3,0.5572615,0.36761183,0,0,adulto
ICB_03897_000,ICB_199,copd,3M Littmann Classic II SE,71.0,1,0,3,0.69833523,0.46983105,1,1,adulto
ICB_03897_001,ICB_199,copd,3M Littmann Classic II SE,71.0,1,0,3,0.68678236,0.4847475,1,1,adulto
ICB_03897_002,ICB_199,copd,3M Littmann Classic II SE,71.0,1,0,3,0.8586924,0.56969535,1,1,adulto
ICB_03897_003,ICB_199,copd,3M Littmann Classic II SE,71.0,1,0,3,0.6638225,0.44544786,1,1,adulto
ICB_03897_004,ICB_199,copd,3M Littmann Classic II SE,71.0,1,0,3,0.5578635,0.5511291,0,1,adulto
ICB_03897_005,ICB_199,copd,3M Littmann Classic II SE,71.0,1,0,3,0.7357899,0.5729046,1,1,adulto
ICB_03897_006,ICB_199,copd,3M Littmann Classic II SE,71.0,1,0,3,0.63223594,0.43429682,1,1,adulto
ICB_03897_007,ICB_199,copd,3M Littmann Classic II SE,71.0,1,0,3,0.4268362,0.5251033,0,1,adulto
ICB_03897_008,ICB_199,copd,3M Littmann Classic II SE,71.0,0,0,3,0.53085464,0.4165594,0,0,adulto
ICB_03921_000,ICB_201,bronchiectasis,3M Littmann Classic II SE,73.0,0,0,3,0.80703557,0.6338626,1,0,adulto
ICB_03921_001,ICB_201,bronchiectasis,3M Littmann Classic II SE,73.0,1,0,3,0.71658325,0.561615,1,1,adulto
ICB_03921_002,ICB_201,bronchiectasis,3M Littmann Classic II SE,73.0,0,1,3,0.6878124,0.6762645,1,2,adulto
ICB_03921_003,ICB_201,bronchiectasis,3M Littmann Classic II SE,73.0,1,1,3,0.7458708,0.52473605,1,3,adulto
ICB_03921_004,ICB_201,bronchiectasis,3M Littmann Classic II SE,73.0,1,1,3,0.64287513,0.6472122,1,3,adulto
ICB_03921_005,ICB_201,bronchiectasis,3M Littmann Classic II SE,73.0,0,1,3,0.56968653,0.6755305,0,2,adulto
ICB_03921_006,ICB_201,bronchiectasis,3M Littmann Classic II SE,73.0,0,0,3,0.5636459,0.4865905,0,0,adulto
ICB_03922_000,ICB_201,bronchiectasis,3M Littmann Classic II SE,73.0,0,0,3,0.3192436,0.54389036,0,0,adulto
ICB_03922_001,ICB_201,bronchiectasis,3M Littmann Classic II SE,73.0,0,1,3,0.48782077,0.87434304,0,2,adulto
ICB_03922_002,ICB_201,bronchiectasis,3M Littmann Classic II SE,73.0,0,1,3,0.63065946,0.73150915,1,2,adulto
ICB_03922_003,ICB_201,bronchiectasis,3M Littmann Classic II SE,73.0,0,1,3,0.66489905,0.82167125,1,2,adulto
ICB_03922_004,ICB_201,bronchiectasis,3M Littmann Classic II SE,73.0,0,1,3,0.58590436,0.8642057,0,2,adulto
ICB_03922_005,ICB_201,bronchiectasis,3M Littmann Classic II SE,73.0,0,1,3,0.62590677,0.79220814,1,2,adulto
ICB_03922_006,ICB_201,bronchiectasis,3M Littmann Classic II SE,73.0,0,1,3,0.5295254,0.8678718,0,2,adulto
ICB_03923_000,ICB_201,bronchiectasis,3M Littmann Classic II SE,73.0,0,1,3,0.17796217,0.8334002,0,2,adulto
ICB_03923_001,ICB_201,bronchiectasis,3M Littmann Classic II SE,73.0,1,1,3,0.69762135,0.5435402,1,3,adulto
ICB_03923_002,ICB_201,bronchiectasis,3M Littmann Classic II SE,73.0,1,1,3,0.643909,0.5630552,1,3,adulto
ICB_03923_003,ICB_201,bronchiectasis,3M Littmann Classic II SE,73.0,1,1,3,0.5298249,0.6074967,0,3,adulto
ICB_03923_004,ICB_201,bronchiectasis,3M Littmann Classic II SE,73.0,1,1,3,0.64023584,0.5514648,1,3,adulto
ICB_03923_005,ICB_201,bronchiectasis,3M Littmann Classic II SE,73.0,1,1,3,0.37512738,0.69302434,0,3,adulto
ICB_03923_006,ICB_201,bronchiectasis,3M Littmann Classic II SE,73.0,0,0,3,0.34622398,0.23158878,0,0,adulto
ICB_03924_000,ICB_201,bronchiectasis,3M Littmann Classic II SE,73.0,0,0,3,0.64564556,0.44619003,1,0,adulto
ICB_03924_001,ICB_201,bronchiectasis,3M Littmann Classic II SE,73.0,0,1,3,0.5200348,0.7447239,0,2,adulto
ICB_03924_002,ICB_201,bronchiectasis,3M Littmann Classic II SE,73.0,1,1,3,0.5392495,0.8160717,0,3,adulto
ICB_03924_003,ICB_201,bronchiectasis,3M Littmann Classic II SE,73.0,0,1,3,0.40723413,0.82088846,0,2,adulto
ICB_03924_004,ICB_201,bronchiectasis,3M Littmann Classic II SE,73.0,0,1,3,0.47122526,0.5982571,0,2,adulto
ICB_03924_005,ICB_201,bronchiectasis,3M Littmann Classic II SE,73.0,0,1,3,0.30968243,0.88206875,0,2,adulto
ICB_03924_006,ICB_201,bronchiectasis,3M Littmann Classic II SE,73.0,0,1,3,0.21515375,0.8330703,0,2,adulto
ICB_03925_000,ICB_201,bronchiectasis,3M Littmann Classic II SE,73.0,0,1,3,0.6827271,0.5994213,1,2,adulto
ICB_03925_001,ICB_201,bronchiectasis,3M Littmann Classic II SE,73.0,0,1,3,0.74212366,0.6861246,1,2,adulto
ICB_03925_002,ICB_201,bronchiectasis,3M Littmann Classic II SE,73.0,1,1,3,0.6838343,0.5011318,1,3,adulto
ICB_03925_003,ICB_201,bronchiectasis,3M Littmann Classic II SE,73.0,1,1,3,0.7566305,0.4659132,1,3,adulto
ICB_03925_004,ICB_201,bronchiectasis,3M Littmann Classic II SE,73.0,0,1,3,0.4787939,0.7569167,0,2,adulto
ICB_03925_005,ICB_201,bronchiectasis,3M Littmann Classic II SE,73.0,0,1,3,0.42940843,0.6031532,0,2,adulto
ICB_03926_000,ICB_201,bronchiectasis,3M Littmann Classic II SE,73.0,0,1,3,0.4567458,0.6341552,0,2,adulto
ICB_03926_001,ICB_201,bronchiectasis,3M Littmann Classic II SE,73.0,0,1,3,0.6200469,0.8042361,1,2,adulto
ICB_03926_002,ICB_201,bronchiectasis,3M Littmann Classic II SE,73.0,0,1,3,0.38563147,0.724063,0,2,adulto
ICB_03926_003,ICB_201,bronchiectasis,3M Littmann Classic II SE,73.0,0,1,3,0.5036507,0.7867091,0,2,adulto
ICB_03926_004,ICB_201,bronchiectasis,3M Littmann Classic II SE,73.0,0,1,3,0.4779553,0.81431514,0,2,adulto
ICB_03926_005,ICB_201,bronchiectasis,3M Littmann Classic II SE,73.0,0,1,3,0.37803286,0.8542979,0,2,adulto
ICB_03926_006,ICB_201,bronchiectasis,3M Littmann Classic II SE,73.0,0,1,3,0.33697826,0.8492225,0,2,adulto
ICB_03958_000,ICB_205,copd,AKG C417L Microphone,45.0,0,0,3,0.59243655,0.51231134,0,0,adulto
ICB_03958_001,ICB_205,copd,AKG C417L Microphone,45.0,0,0,3,0.5520231,0.52664256,0,0,adulto
ICB_03958_002,ICB_205,copd,AKG C417L Microphone,45.0,0,0,3,0.6393547,0.52880347,1,0,adulto
ICB_03958_003,ICB_205,copd,AKG C417L Microphone,45.0,1,0,3,0.60354465,0.50144964,1,1,adulto
ICB_03958_004,ICB_205,copd,AKG C417L Microphone,45.0,0,0,3,0.7521045,0.46786433,1,0,adulto
ICB_03958_005,ICB_205,copd,AKG C417L Microphone,45.0,0,0,3,0.58892626,0.47496137,0,0,adulto
ICB_03959_000,ICB_205,copd,AKG C417L Microphone,45.0,1,0,3,0.36166817,0.50995326,0,1,adulto
ICB_03959_001,ICB_205,copd,AKG C417L Microphone,45.0,1,0,3,0.5011141,0.5574936,0,1,adulto
ICB_03959_002,ICB_205,copd,AKG C417L Microphone,45.0,1,0,3,0.3918991,0.45355967,0,1,adulto
ICB_03959_003,ICB_205,copd,AKG C417L Microphone,45.0,1,0,3,0.45084482,0.6113486,0,1,adulto
ICB_03959_004,ICB_205,copd,AKG C417L Microphone,45.0,1,0,3,0.46218622,0.3519827,0,1,adulto
ICB_03959_005,ICB_205,copd,AKG C417L Microphone,45.0,1,0,3,0.56896114,0.1400681,0,1,adulto
ICB_03960_000,ICB_205,copd,AKG C417L Microphone,45.0,0,0,3,0.712551,0.40993893,1,0,adulto
ICB_03960_001,ICB_205,copd,AKG C417L Microphone,45.0,1,0,3,0.74377275,0.47372207,1,1,adulto
ICB_03960_002,ICB_205,copd,AKG C417L Microphone,45.0,1,0,3,0.7871955,0.41801342,1,1,adulto
ICB_03960_003,ICB_205,copd,AKG C417L Microphone,45.0,1,0,3,0.749699,0.2948902,1,1,adulto
ICB_03960_004,ICB_205,copd,AKG C417L Microphone,45.0,1,0,3,0.6583015,0.3651655,1,1,adulto
ICB_03960_005,ICB_205,copd,AKG C417L Microphone,45.0,1,0,3,0.5631364,0.18559211,0,1,adulto
ICB_03961_000,ICB_205,copd,AKG C417L Microphone,45.0,0,0,3,0.6487054,0.51074034,1,0,adulto
ICB_03961_001,ICB_205,copd,AKG C417L Microphone,45.0,1,0,3,0.587677,0.5516749,0,1,adulto
ICB_03961_002,ICB_205,copd,AKG C417L Microphone,45.0,1,0,3,0.59630376,0.54901665,0,1,adulto
ICB_03961_003,ICB_205,copd,AKG C417L Microphone,45.0,0,0,3,0.66962904,0.48253474,1,0,adulto
ICB_03961_004,ICB_205,copd,AKG C417L Microphone,45.0,0,0,3,0.6458139,0.6350501,1,0,adulto
ICB_03961_005,ICB_205,copd,AKG C417L Microphone,45.0,0,0,3,0.6315271,0.41607013,1,0,adulto
ICB_03962_000,ICB_205,copd,AKG C417L Microphone,45.0,0,0,3,0.5650932,0.50367737,0,0,adulto
ICB_03962_001,ICB_205,copd,AKG C417L Microphone,45.0,1,0,3,0.657111,0.5254517,1,1,adulto
ICB_03962_002,ICB_205,copd,AKG C417L Microphone,45.0,1,0,3,0.61968136,0.42437667,1,1,adulto
ICB_03962_003,ICB_205,copd,AKG C417L Microphone,45.0,1,0,3,0.5519559,0.4321318,0,1,adulto
ICB_03962_004,ICB_205,copd,AKG C417L Microphone,45.0,1,0,3,0.68803215,0.42548117,1,1,adulto
ICB_03962_005,ICB_205,copd,AKG C417L Microphone,45.0,0,0,3,0.6197999,0.39526576,1,0,adulto
ICB_03963_000,ICB_205,copd,AKG C417L Microphone,45.0,1,0,3,0.7268918,0.3921897,1,1,adulto
ICB_03963_001,ICB_205,copd,AKG C417L Microphone,45.0,1,0,3,0.72806776,0.5514187,1,1,adulto
ICB_03963_002,ICB_205,copd,AKG C417L Microphone,45.0,1,0,3,0.69506013,0.41512784,1,1,adulto
ICB_03963_003,ICB_205,copd,AKG C417L Microphone,45.0,0,0,3,0.5936947,0.4507176,0,0,adulto
ICB_03963_004,ICB_205,copd,AKG C417L Microphone,45.0,1,0,3,0.6283306,0.54027164,1,1,adulto
ICB_03963_005,ICB_205,copd,AKG C417L Microphone,45.0,0,0,3,0.48793763,0.4202368,0,0,adulto
ICB_03964_000,ICB_205,copd,AKG C417L Microphone,45.0,0,0,3,0.671081,0.32195136,1,0,adulto
ICB_03964_001,ICB_205,copd,AKG C417L Microphone,45.0,0,0,3,0.51157856,0.23681113,0,0,adulto
ICB_03964_002,ICB_205,copd,AKG C417L Microphone,45.0,0,0,3,0.5693013,0.37993228,0,0,adulto
ICB_03964_003,ICB_205,copd,AKG C417L Microphone,45.0,0,0,3,0.6166599,0.18367279,1,0,adulto
ICB_03964_004,ICB_205,copd,AKG C417L Microphone,45.0,0,0,3,0.6653426,0.33408153,1,0,adulto
ICB_03965_000,ICB_205,copd,AKG C417L Microphone,45.0,0,0,3,0.62340486,0.27656525,1,0,adulto
ICB_03965_001,ICB_205,copd,AKG C417L Microphone,45.0,0,0,3,0.69204944,0.43561634,1,0,adulto
ICB_03965_002,ICB_205,copd,AKG C417L Microphone,45.0,1,0,3,0.56029236,0.2920465,0,1,adulto
ICB_03965_003,ICB_205,copd,AKG C417L Microphone,45.0,1,0,3,0.63088936,0.3838562,1,1,adulto
ICB_03965_004,ICB_205,copd,AKG C417L Microphone,45.0,0,0,3,0.720376,0.42812422,1,0,adulto
ICB_03966_000,ICB_205,copd,AKG C417L Microphone,45.0,1,0,3,0.4444208,0.54303336,0,1,adulto
ICB_03966_001,ICB_205,copd,AKG C417L Microphone,45.0,1,0,3,0.43642795,0.46072292,0,1,adulto
ICB_03966_002,ICB_205,copd,AKG C417L Microphone,45.0,1,0,3,0.31595737,0.48569036,0,1,adulto
ICB_03966_003,ICB_205,copd,AKG C417L Microphone,45.0,1,0,3,0.5024842,0.4552158,0,1,adulto
ICB_03966_004,ICB_205,copd,AKG C417L Microphone,45.0,0,0,3,0.6361463,0.23745546,1,0,adulto
ICB_03967_000,ICB_205,copd,AKG C417L Microphone,45.0,1,0,3,0.8209098,0.37609985,1,1,adulto
ICB_03967_001,ICB_205,copd,AKG C417L Microphone,45.0,1,0,3,0.7837019,0.24825333,1,1,adulto
ICB_03967_002,ICB_205,copd,AKG C417L Microphone,45.0,1,0,3,0.76060873,0.23831093,1,1,adulto
ICB_03967_003,ICB_205,copd,AKG C417L Microphone,45.0,0,0,3,0.8390908,0.26139468,1,0,adulto
ICB_03967_004,ICB_205,copd,AKG C417L Microphone,45.0,0,0,3,0.72686356,0.40713638,1,0,adulto
ICB_03968_000,ICB_205,copd,AKG C417L Microphone,45.0,1,0,3,0.62232304,0.5089671,1,1,adulto
ICB_03968_001,ICB_205,copd,AKG C417L Microphone,45.0,1,0,3,0.6546435,0.46820563,1,1,adulto
ICB_03968_002,ICB_205,copd,AKG C417L Microphone,45.0,1,0,3,0.63593453,0.43738315,1,1,adulto
ICB_03968_003,ICB_205,copd,AKG C417L Microphone,45.0,1,0,3,0.71131384,0.6306992,1,1,adulto
ICB_03968_004,ICB_205,copd,AKG C417L Microphone,45.0,1,0,3,0.49451348,0.49493232,0,1,adulto
ICB_03969_000,ICB_205,copd,AKG C417L Microphone,45.0,1,0,3,0.6610601,0.3887963,1,1,adulto
ICB_03969_001,ICB_205,copd,AKG C417L Microphone,45.0,1,0,3,0.68000704,0.68211484,1,1,adulto
ICB_03969_002,ICB_205,copd,AKG C417L Microphone,45.0,1,0,3,0.5877926,0.5367943,0,1,adulto
ICB_03969_003,ICB_205,copd,AKG C417L Microphone,45.0,1,0,3,0.6938167,0.50541836,1,1,adulto
ICB_03970_000,ICB_205,copd,AKG C417L Microphone,45.0,0,0,3,0.6825534,0.4567826,1,0,adulto
ICB_03970_001,ICB_205,copd,AKG C417L Microphone,45.0,0,0,3,0.7195779,0.5765802,1,0,adulto
ICB_03970_002,ICB_205,copd,AKG C417L Microphone,45.0,1,0,3,0.7156694,0.3185275,1,1,adulto
ICB_03970_003,ICB_205,copd,AKG C417L Microphone,45.0,0,0,3,0.6997223,0.6608548,1,0,adulto
ICB_03971_000,ICB_205,copd,AKG C417L Microphone,45.0,0,0,3,0.53837687,0.44919178,0,0,adulto
ICB_03971_001,ICB_205,copd,AKG C417L Microphone,45.0,1,0,3,0.6730906,0.6167272,1,1,adulto
ICB_03971_002,ICB_205,copd,AKG C417L Microphone,45.0,0,0,3,0.61294454,0.4650799,1,0,adulto
ICB_03971_003,ICB_205,copd,AKG C417L Microphone,45.0,1,0,3,0.686806,0.45562786,1,1,adulto
ICB_03972_000,ICB_205,copd,AKG C417L Microphone,45.0,0,0,3,0.72907484,0.197246,1,0,adulto
ICB_03972_001,ICB_205,copd,AKG C417L Microphone,45.0,0,0,3,0.71217513,0.1434847,1,0,adulto
ICB_03972_002,ICB_205,copd,AKG C417L Microphone,45.0,0,0,3,0.74659985,0.20172028,1,0,adulto
ICB_03972_003,ICB_205,copd,AKG C417L Microphone,45.0,0,0,3,0.6934877,0.20849799,1,0,adulto
ICB_03973_000,ICB_205,copd,AKG C417L Microphone,45.0,1,0,3,0.6694757,0.40728104,1,1,adulto
ICB_03973_001,ICB_205,copd,AKG C417L Microphone,45.0,1,0,3,0.4678301,0.51170236,0,1,adulto
ICB_03973_002,ICB_205,copd,AKG C417L Microphone,45.0,1,0,3,0.6780618,0.3727071,1,1,adulto
ICB_03973_003,ICB_205,copd,AKG C417L Microphone,45.0,1,0,3,0.6749479,0.38791028,1,1,adulto
ICB_03973_004,ICB_205,copd,AKG C417L Microphone,45.0,1,0,3,0.5507752,0.47522548,0,1,adulto
ICB_03974_000,ICB_205,copd,AKG C417L Microphone,45.0,1,0,3,0.5170776,0.42504752,0,1,adulto
ICB_03974_001,ICB_205,copd,AKG C417L Microphone,45.0,1,0,3,0.70480525,0.3186181,1,1,adulto
ICB_03974_002,ICB_205,copd,AKG C417L Microphone,45.0,1,0,3,0.6546761,0.22850294,1,1,adulto
ICB_03974_003,ICB_205,copd,AKG C417L Microphone,45.0,0,0,3,0.5315242,0.3554728,0,0,adulto
ICB_03974_004,ICB_205,copd,AKG C417L Microphone,45.0,1,0,3,0.45657715,0.36252192,0,1,adulto
ICB_03975_000,ICB_205,copd,AKG C417L Microphone,45.0,1,0,3,0.7343902,0.3918721,1,1,adulto
ICB_03975_001,ICB_205,copd,AKG C417L Microphone,45.0,0,0,3,0.7395369,0.250427,1,0,adulto
ICB_03975_002,ICB_205,copd,AKG C417L Microphone,45.0,0,0,3,0.78964716,0.44652948,1,0,adulto
ICB_03975_003,ICB_205,copd,AKG C417L Microphone,45.0,0,0,3,0.75660855,0.3174179,1,0,adulto
ICB_03975_004,ICB_205,copd,AKG C417L Microphone,45.0,0,0,3,0.64345235,0.3471048,1,0,adulto
ICB_03976_000,ICB_205,copd,AKG C417L Microphone,45.0,0,0,3,0.58716494,0.40103388,0,0,adulto
ICB_03976_001,ICB_205,copd,AKG C417L Microphone,45.0,0,0,3,0.6023339,0.3549343,1,0,adulto
ICB_03976_002,ICB_205,copd,AKG C417L Microphone,45.0,0,0,3,0.6669407,0.43564764,1,0,adulto
ICB_03976_003,ICB_205,copd,AKG C417L Microphone,45.0,0,0,3,0.61002576,0.66423774,1,0,adulto
ICB_03976_004,ICB_205,copd,AKG C417L Microphone,45.0,0,0,3,0.62997365,0.51791555,1,0,adulto
ICB_03977_000,ICB_205,copd,AKG C417L Microphone,45.0,1,0,3,0.7423418,0.37690043,1,1,adulto
ICB_03977_001,ICB_205,copd,AKG C417L Microphone,45.0,1,0,3,0.65029675,0.35857126,1,1,adulto
ICB_03977_002,ICB_205,copd,AKG C417L Microphone,45.0,0,0,3,0.7589145,0.34988746,1,0,adulto
ICB_03977_003,ICB_205,copd,AKG C417L Microphone,45.0,1,0,3,0.76233876,0.40485466,1,1,adulto
ICB_03977_004,ICB_205,copd,AKG C417L Microphone,45.0,1,0,3,0.6896203,0.4130015,1,1,adulto
ICB_04003_000,ICB_209,normal_lung,3M Littmann Classic II SE,14.0,0,0,3,0.13333118,0.06520536,0,0,pediátrico (<18)
ICB_04003_001,ICB_209,normal_lung,3M Littmann Classic II SE,14.0,0,0,3,0.11972355,0.025899272,0,0,pediátrico (<18)
ICB_04003_002,ICB_209,normal_lung,3M Littmann Classic II SE,14.0,0,0,3,0.15050453,0.20784833,0,0,pediátrico (<18)
ICB_04003_003,ICB_209,normal_lung,3M Littmann Classic II SE,14.0,0,0,3,0.35740134,0.22883478,0,0,pediátrico (<18)
ICB_04068_000,ICB_222,copd,WelchAllyn Meditron Master Elite,60.0,0,0,3,0.6250371,0.29808295,1,0,adulto
ICB_04068_001,ICB_222,copd,WelchAllyn Meditron Master Elite,60.0,0,0,3,0.6815114,0.4029023,1,0,adulto
ICB_04068_002,ICB_222,copd,WelchAllyn Meditron Master Elite,60.0,0,0,3,0.63297004,0.3015225,1,0,adulto
ICB_04068_003,ICB_222,copd,WelchAllyn Meditron Master Elite,60.0,0,0,3,0.7501433,0.11672998,1,0,adulto
ICB_04068_004,ICB_222,copd,WelchAllyn Meditron Master Elite,60.0,0,0,3,0.52104694,0.7799006,0,0,adulto
ICB_04068_005,ICB_222,copd,WelchAllyn Meditron Master Elite,60.0,0,0,3,0.58564633,0.6763299,0,0,adulto
ICB_04068_006,ICB_222,copd,WelchAllyn Meditron Master Elite,60.0,0,0,3,0.6328912,0.491363,1,0,adulto
ICB_04068_007,ICB_222,copd,WelchAllyn Meditron Master Elite,60.0,0,0,3,0.5521022,0.3923329,0,0,adulto
ICB_04068_008,ICB_222,copd,WelchAllyn Meditron Master Elite,60.0,0,0,3,0.6714873,0.37394452,1,0,adulto
ICB_04068_009,ICB_222,copd,WelchAllyn Meditron Master Elite,60.0,0,0,3,0.5622089,0.42144644,0,0,adulto
ICB_04069_000,ICB_222,copd,WelchAllyn Meditron Master Elite,60.0,1,0,3,0.8416874,0.3288302,1,1,adulto
ICB_04069_001,ICB_222,copd,WelchAllyn Meditron Master Elite,60.0,0,0,3,0.6886261,0.46522114,1,0,adulto
ICB_04069_002,ICB_222,copd,WelchAllyn Meditron Master Elite,60.0,1,0,3,0.7186186,0.35958531,1,1,adulto
ICB_04069_003,ICB_222,copd,WelchAllyn Meditron Master Elite,60.0,0,0,3,0.5683155,0.33571482,0,0,adulto
ICB_04069_004,ICB_222,copd,WelchAllyn Meditron Master Elite,60.0,0,0,3,0.5588505,0.45151544,0,0,adulto
ICB_04069_005,ICB_222,copd,WelchAllyn Meditron Master Elite,60.0,1,0,3,0.79266906,0.32602447,1,1,adulto
ICB_04069_006,ICB_222,copd,WelchAllyn Meditron Master Elite,60.0,0,0,3,0.5978421,0.5419788,0,0,adulto
ICB_04069_007,ICB_222,copd,WelchAllyn Meditron Master Elite,60.0,1,0,3,0.8107912,0.3368464,1,1,adulto
ICB_04069_008,ICB_222,copd,WelchAllyn Meditron Master Elite,60.0,0,0,3,0.48774543,0.36835092,0,0,adulto
ICB_04069_009,ICB_222,copd,WelchAllyn Meditron Master Elite,60.0,1,0,3,0.82858324,0.40336424,1,1,adulto
ICB_04069_010,ICB_222,copd,WelchAllyn Meditron Master Elite,60.0,1,0,3,0.6648459,0.7349379,1,1,adulto
ICB_04069_011,ICB_222,copd,WelchAllyn Meditron Master Elite,60.0,1,0,3,0.79462093,0.249063,1,1,adulto
ICB_04069_012,ICB_222,copd,WelchAllyn Meditron Master Elite,60.0,1,0,3,0.7160464,0.7488899,1,1,adulto
ICB_04069_013,ICB_222,copd,WelchAllyn Meditron Master Elite,60.0,1,0,3,0.6865146,0.39623418,1,1,adulto
ICB_04069_014,ICB_222,copd,WelchAllyn Meditron Master Elite,60.0,1,0,3,0.77093154,0.33531722,1,1,adulto
ICB_04069_015,ICB_222,copd,WelchAllyn Meditron Master Elite,60.0,1,0,3,0.7484743,0.5860805,1,1,adulto
ICB_04069_016,ICB_222,copd,WelchAllyn Meditron Master Elite,60.0,1,0,3,0.7484175,0.57357115,1,1,adulto
ICB_04069_017,ICB_222,copd,WelchAllyn Meditron Master Elite,60.0,0,0,3,0.77854717,0.52217734,1,0,adulto
ICB_04069_018,ICB_222,copd,WelchAllyn Meditron Master Elite,60.0,1,0,3,0.71398604,0.31831565,1,1,adulto
ICB_04069_019,ICB_222,copd,WelchAllyn Meditron Master Elite,60.0,0,0,3,0.721185,0.42527363,1,0,adulto
ICB_04070_000,ICB_222,copd,WelchAllyn Meditron Master Elite,60.0,0,0,3,0.84666586,0.39256352,1,0,adulto
ICB_04070_001,ICB_222,copd,WelchAllyn Meditron Master Elite,60.0,0,0,3,0.8078612,0.53033507,1,0,adulto
ICB_04070_002,ICB_222,copd,WelchAllyn Meditron Master Elite,60.0,0,0,3,0.7780048,0.40893766,1,0,adulto
ICB_04070_003,ICB_222,copd,WelchAllyn Meditron Master Elite,60.0,0,0,3,0.83660096,0.34775504,1,0,adulto
ICB_04070_004,ICB_222,copd,WelchAllyn Meditron Master Elite,60.0,0,0,3,0.8672834,0.5691917,1,0,adulto
ICB_04070_005,ICB_222,copd,WelchAllyn Meditron Master Elite,60.0,0,0,3,0.77608,0.52093756,1,0,adulto
ICB_04070_006,ICB_222,copd,WelchAllyn Meditron Master Elite,60.0,0,0,3,0.6719859,0.8504193,1,0,adulto
ICB_04070_007,ICB_222,copd,WelchAllyn Meditron Master Elite,60.0,0,1,3,0.8065052,0.5841408,1,2,adulto
ICB_04070_008,ICB_222,copd,WelchAllyn Meditron Master Elite,60.0,0,1,3,0.4455652,0.6351231,0,2,adulto
ICB_04070_009,ICB_222,copd,WelchAllyn Meditron Master Elite,60.0,0,1,3,0.4624908,0.5630848,0,2,adulto
ICB_04070_010,ICB_222,copd,WelchAllyn Meditron Master Elite,60.0,0,1,3,0.5318746,0.6868226,0,2,adulto
ICB_04070_011,ICB_222,copd,WelchAllyn Meditron Master Elite,60.0,0,1,3,0.72256744,0.9040514,1,2,adulto
ICB_04070_012,ICB_222,copd,WelchAllyn Meditron Master Elite,60.0,0,1,3,0.7305346,0.8376893,1,2,adulto
ICB_04070_013,ICB_222,copd,WelchAllyn Meditron Master Elite,60.0,0,1,3,0.6854991,0.7146007,1,2,adulto
ICB_04070_014,ICB_222,copd,WelchAllyn Meditron Master Elite,60.0,0,1,3,0.279104,0.5598082,0,2,adulto
ICB_04080_000,ICB_226,pneumonia,3M Littmann Classic II SE,4.0,0,0,3,0.3573419,0.33392432,0,0,pediátrico (<18)
ICB_04080_001,ICB_226,pneumonia,3M Littmann Classic II SE,4.0,0,0,3,0.4598554,0.34839115,0,0,pediátrico (<18)
ICB_04080_002,ICB_226,pneumonia,3M Littmann Classic II SE,4.0,1,0,3,0.2730709,0.35453528,0,1,pediátrico (<18)
ICB_04080_003,ICB_226,pneumonia,3M Littmann Classic II SE,4.0,1,0,3,0.6582595,0.24315912,1,1,pediátrico (<18)
ICB_04080_004,ICB_226,pneumonia,3M Littmann Classic II SE,4.0,0,0,3,0.32915407,0.44622582,0,0,pediátrico (<18)
ICB_04080_005,ICB_226,pneumonia,3M Littmann Classic II SE,4.0,0,0,3,0.20667662,0.43679565,0,0,pediátrico (<18)
ICB_04080_006,ICB_226,pneumonia,3M Littmann Classic II SE,4.0,0,0,3,0.25614038,0.3259922,0,0,pediátrico (<18)
ICB_04080_007,ICB_226,pneumonia,3M Littmann Classic II SE,4.0,0,0,3,0.45464468,0.30904144,0,0,pediátrico (<18)
ICB_04080_008,ICB_226,pneumonia,3M Littmann Classic II SE,4.0,0,0,3,0.6206083,0.22340147,1,0,pediátrico (<18)
ICB_04080_009,ICB_226,pneumonia,3M Littmann Classic II SE,4.0,0,0,3,0.39960632,0.4358146,0,0,pediátrico (<18)
ICB_04081_000,ICB_226,pneumonia,3M Littmann Classic II SE,4.0,0,0,3,0.6621314,0.30853647,1,0,pediátrico (<18)
ICB_04081_001,ICB_226,pneumonia,3M Littmann Classic II SE,4.0,1,0,3,0.56176716,0.46138838,0,1,pediátrico (<18)
ICB_04081_002,ICB_226,pneumonia,3M Littmann Classic II SE,4.0,1,0,3,0.45203412,0.4164519,0,1,pediátrico (<18)
ICB_04081_003,ICB_226,pneumonia,3M Littmann Classic II SE,4.0,1,0,3,0.55429345,0.38950944,0,1,pediátrico (<18)
ICB_04081_004,ICB_226,pneumonia,3M Littmann Classic II SE,4.0,0,0,3,0.7211017,0.4604043,1,0,pediátrico (<18)
ICB_04081_005,ICB_226,pneumonia,3M Littmann Classic II SE,4.0,1,0,3,0.49382097,0.45743263,0,1,pediátrico (<18)
ICB_04081_006,ICB_226,pneumonia,3M Littmann Classic II SE,4.0,1,0,3,0.5933456,0.37530503,0,1,pediátrico (<18)
ICB_04081_007,ICB_226,pneumonia,3M Littmann Classic II SE,4.0,1,0,3,0.62826705,0.31024536,1,1,pediátrico (<18)
ICB_04081_008,ICB_226,pneumonia,3M Littmann Classic II SE,4.0,0,0,3,0.53547883,0.4185609,0,0,pediátrico (<18)
ICB_04081_009,ICB_226,pneumonia,3M Littmann Classic II SE,4.0,0,0,3,0.6551078,0.30009902,1,0,pediátrico (<18)
ICB_04082_000,ICB_226,pneumonia,3M Littmann Classic II SE,4.0,0,0,3,0.61969274,0.40108624,1,0,pediátrico (<18)
ICB_04082_001,ICB_226,pneumonia,3M Littmann Classic II SE,4.0,0,0,3,0.70442975,0.54184663,1,0,pediátrico (<18)
ICB_04082_002,ICB_226,pneumonia,3M Littmann Classic II SE,4.0,1,0,3,0.64026684,0.38713378,1,1,pediátrico (<18)
ICB_04082_003,ICB_226,pneumonia,3M Littmann Classic II SE,4.0,1,0,3,0.6324385,0.3814404,1,1,pediátrico (<18)
ICB_04082_004,ICB_226,pneumonia,3M Littmann Classic II SE,4.0,0,0,3,0.42620155,0.22604659,0,0,pediátrico (<18)
ICB_04082_005,ICB_226,pneumonia,3M Littmann Classic II SE,4.0,1,0,3,0.49027824,0.53125775,0,1,pediátrico (<18)
ICB_04082_006,ICB_226,pneumonia,3M Littmann Classic II SE,4.0,1,0,3,0.68628335,0.22024739,1,1,pediátrico (<18)
ICB_04082_007,ICB_226,pneumonia,3M Littmann Classic II SE,4.0,0,0,3,0.6674769,0.37755448,1,0,pediátrico (<18)
ICB_04082_008,ICB_226,pneumonia,3M Littmann Classic II SE,4.0,0,0,3,0.70028144,0.70475036,1,0,pediátrico (<18)
ICB_04082_009,ICB_226,pneumonia,3M Littmann Classic II SE,4.0,1,0,3,0.6752844,0.5556135,1,1,pediátrico (<18)
ICB_04082_010,ICB_226,pneumonia,3M Littmann Classic II SE,4.0,0,0,3,0.37255862,0.46344435,0,0,pediátrico (<18)
ICB_03163_000,ICB_101,respiratory_infection,AKG C417L Microphone,3.0,0,0,4,0.6636872,0.5382074,1,0,pediátrico (<18)
ICB_03163_001,ICB_101,respiratory_infection,AKG C417L Microphone,3.0,0,0,4,0.18431343,0.12757383,0,0,pediátrico (<18)
ICB_03163_002,ICB_101,respiratory_infection,AKG C417L Microphone,3.0,0,0,4,0.2790215,0.013101552,0,0,pediátrico (<18)
ICB_03163_003,ICB_101,respiratory_infection,AKG C417L Microphone,3.0,0,0,4,0.28785494,0.1474504,0,0,pediátrico (<18)
ICB_03163_004,ICB_101,respiratory_infection,AKG C417L Microphone,3.0,0,0,4,0.2641955,0.05900382,0,0,pediátrico (<18)
ICB_03163_005,ICB_101,respiratory_infection,AKG C417L Microphone,3.0,0,0,4,0.5038912,0.037535638,0,0,pediátrico (<18)
ICB_03163_006,ICB_101,respiratory_infection,AKG C417L Microphone,3.0,0,0,4,0.17105703,0.054939467,0,0,pediátrico (<18)
ICB_03163_007,ICB_101,respiratory_infection,AKG C417L Microphone,3.0,0,0,4,0.41549435,0.07546351,0,0,pediátrico (<18)
ICB_03163_008,ICB_101,respiratory_infection,AKG C417L Microphone,3.0,0,0,4,0.5028922,0.09849355,0,0,pediátrico (<18)
ICB_03163_009,ICB_101,respiratory_infection,AKG C417L Microphone,3.0,0,0,4,0.1928767,0.19511795,0,0,pediátrico (<18)
ICB_03163_010,ICB_101,respiratory_infection,AKG C417L Microphone,3.0,0,0,4,0.25811023,0.11743015,0,0,pediátrico (<18)
ICB_03163_011,ICB_101,respiratory_infection,AKG C417L Microphone,3.0,0,0,4,0.28673464,0.09386286,0,0,pediátrico (<18)
ICB_03164_000,ICB_101,respiratory_infection,AKG C417L Microphone,3.0,0,0,4,0.07739331,0.09939942,0,0,pediátrico (<18)
ICB_03164_001,ICB_101,respiratory_infection,AKG C417L Microphone,3.0,0,0,4,0.7425872,0.0515981,1,0,pediátrico (<18)
ICB_03164_002,ICB_101,respiratory_infection,AKG C417L Microphone,3.0,0,0,4,0.60542434,0.12636346,1,0,pediátrico (<18)
ICB_03164_003,ICB_101,respiratory_infection,AKG C417L Microphone,3.0,0,0,4,0.62995404,0.4414204,1,0,pediátrico (<18)
ICB_03164_004,ICB_101,respiratory_infection,AKG C417L Microphone,3.0,0,0,4,0.27458692,0.20565492,0,0,pediátrico (<18)
ICB_03164_005,ICB_101,respiratory_infection,AKG C417L Microphone,3.0,0,0,4,0.28910267,0.021276427,0,0,pediátrico (<18)
ICB_03164_006,ICB_101,respiratory_infection,AKG C417L Microphone,3.0,0,0,4,0.6632181,0.07780026,1,0,pediátrico (<18)
ICB_03164_007,ICB_101,respiratory_infection,AKG C417L Microphone,3.0,0,0,4,0.38980016,0.06246048,0,0,pediátrico (<18)
ICB_03164_008,ICB_101,respiratory_infection,AKG C417L Microphone,3.0,0,0,4,0.39444402,0.16082478,0,0,pediátrico (<18)
ICB_03164_009,ICB_101,respiratory_infection,AKG C417L Microphone,3.0,0,0,4,0.3950939,0.18690327,0,0,pediátrico (<18)
ICB_03164_010,ICB_101,respiratory_infection,AKG C417L Microphone,3.0,0,0,4,0.8066318,0.0001055048,1,0,pediátrico (<18)
ICB_03204_000,ICB_108,respiratory_infection,3M Littmann Classic II SE,3.0,0,0,4,0.4644948,0.032440208,0,0,pediátrico (<18)
ICB_03204_001,ICB_108,respiratory_infection,3M Littmann Classic II SE,3.0,0,0,4,0.53293157,0.28984228,0,0,pediátrico (<18)
ICB_03204_002,ICB_108,respiratory_infection,3M Littmann Classic II SE,3.0,0,0,4,0.66242266,0.17697622,1,0,pediátrico (<18)
ICB_03204_003,ICB_108,respiratory_infection,3M Littmann Classic II SE,3.0,0,0,4,0.6345859,0.09594772,1,0,pediátrico (<18)
ICB_03204_004,ICB_108,respiratory_infection,3M Littmann Classic II SE,3.0,0,0,4,0.31773287,0.08525391,0,0,pediátrico (<18)
ICB_03204_005,ICB_108,respiratory_infection,3M Littmann Classic II SE,3.0,0,0,4,0.68025273,0.056571465,1,0,pediátrico (<18)
ICB_03204_006,ICB_108,respiratory_infection,3M Littmann Classic II SE,3.0,0,0,4,0.46380392,0.050476722,0,0,pediátrico (<18)
ICB_03204_007,ICB_108,respiratory_infection,3M Littmann Classic II SE,3.0,0,0,4,0.7981855,0.04745455,1,0,pediátrico (<18)
ICB_03223_000,ICB_113,copd,3M Littmann 3200 Electronic,58.0,0,0,4,0.043521054,0.6033157,0,0,adulto
ICB_03223_001,ICB_113,copd,3M Littmann 3200 Electronic,58.0,0,0,4,0.27103117,0.58611804,0,0,adulto
ICB_03223_002,ICB_113,copd,3M Littmann 3200 Electronic,58.0,0,0,4,0.019258237,0.3293849,0,0,adulto
ICB_03223_003,ICB_113,copd,3M Littmann 3200 Electronic,58.0,0,0,4,0.020723963,0.92079324,2,0,adulto
ICB_03223_004,ICB_113,copd,3M Littmann 3200 Electronic,58.0,0,0,4,0.07405306,0.98631406,2,0,adulto
ICB_03223_005,ICB_113,copd,3M Littmann 3200 Electronic,58.0,0,0,4,0.08112263,0.81288093,2,0,adulto
ICB_03223_006,ICB_113,copd,3M Littmann 3200 Electronic,58.0,0,0,4,0.12987697,0.533386,0,0,adulto
ICB_03224_000,ICB_113,copd,3M Littmann 3200 Electronic,58.0,0,0,4,0.2141122,0.59332097,0,0,adulto
ICB_03224_001,ICB_113,copd,3M Littmann 3200 Electronic,58.0,0,0,4,0.050391246,0.715256,0,0,adulto
ICB_03224_002,ICB_113,copd,3M Littmann 3200 Electronic,58.0,0,0,4,0.057189077,0.86620426,2,0,adulto
ICB_03224_003,ICB_113,copd,3M Littmann 3200 Electronic,58.0,0,0,4,0.017406506,0.8674949,2,0,adulto
ICB_03224_004,ICB_113,copd,3M Littmann 3200 Electronic,58.0,0,0,4,0.033357896,0.9351279,2,0,adulto
ICB_03224_005,ICB_113,copd,3M Littmann 3200 Electronic,58.0,0,0,4,0.10076284,0.88421476,2,0,adulto
ICB_03224_006,ICB_113,copd,3M Littmann 3200 Electronic,58.0,0,0,4,0.1587996,0.7310605,0,0,adulto
ICB_03224_007,ICB_113,copd,3M Littmann 3200 Electronic,58.0,0,0,4,0.16365075,0.45784196,0,0,adulto
ICB_03225_000,ICB_113,copd,3M Littmann 3200 Electronic,58.0,0,0,4,0.081457384,0.68521947,0,0,adulto
ICB_03225_001,ICB_113,copd,3M Littmann 3200 Electronic,58.0,0,0,4,0.11477444,0.43799755,0,0,adulto
ICB_03225_002,ICB_113,copd,3M Littmann 3200 Electronic,58.0,0,0,4,0.084684126,0.6475554,0,0,adulto
ICB_03225_003,ICB_113,copd,3M Littmann 3200 Electronic,58.0,0,0,4,0.1044746,0.3504525,0,0,adulto
ICB_03225_004,ICB_113,copd,3M Littmann 3200 Electronic,58.0,0,0,4,0.22988212,0.68970484,0,0,adulto
ICB_03225_005,ICB_113,copd,3M Littmann 3200 Electronic,58.0,0,0,4,0.120099194,0.5745728,0,0,adulto
ICB_03225_006,ICB_113,copd,3M Littmann 3200 Electronic,58.0,0,0,4,0.16935243,0.6627471,0,0,adulto
ICB_03225_007,ICB_113,copd,3M Littmann 3200 Electronic,58.0,0,0,4,0.18635651,0.73536235,0,0,adulto
ICB_03225_008,ICB_113,copd,3M Littmann 3200 Electronic,58.0,0,0,4,0.2553139,0.6853623,0,0,adulto
ICB_03225_009,ICB_113,copd,3M Littmann 3200 Electronic,58.0,0,0,4,0.3979223,0.6694228,0,0,adulto
ICB_03225_010,ICB_113,copd,3M Littmann 3200 Electronic,58.0,0,0,4,0.17406628,0.5152013,0,0,adulto
ICB_03226_000,ICB_113,copd,3M Littmann 3200 Electronic,58.0,0,0,4,0.73916906,0.08335099,1,0,adulto
ICB_03226_001,ICB_113,copd,3M Littmann 3200 Electronic,58.0,0,0,4,0.55369943,0.1298937,1,0,adulto
ICB_03226_002,ICB_113,copd,3M Littmann 3200 Electronic,58.0,0,0,4,0.14314787,0.48079345,0,0,adulto
ICB_03226_003,ICB_113,copd,3M Littmann 3200 Electronic,58.0,0,0,4,0.101980485,0.57126987,0,0,adulto
ICB_03226_004,ICB_113,copd,3M Littmann 3200 Electronic,58.0,0,0,4,0.055862963,0.7734939,2,0,adulto
ICB_03226_005,ICB_113,copd,3M Littmann 3200 Electronic,58.0,0,0,4,0.06657055,0.43752238,0,0,adulto
ICB_03226_006,ICB_113,copd,3M Littmann 3200 Electronic,58.0,0,0,4,0.08465826,0.18217488,0,0,adulto
ICB_03227_000,ICB_113,copd,3M Littmann 3200 Electronic,58.0,0,0,4,0.021017456,0.6960549,0,0,adulto
ICB_03227_001,ICB_113,copd,3M Littmann 3200 Electronic,58.0,0,0,4,0.030313248,0.72890806,0,0,adulto
ICB_03227_002,ICB_113,copd,3M Littmann 3200 Electronic,58.0,0,0,4,0.061738785,0.35455924,0,0,adulto
ICB_03227_003,ICB_113,copd,3M Littmann 3200 Electronic,58.0,0,0,4,0.04025192,0.7727929,2,0,adulto
ICB_03227_004,ICB_113,copd,3M Littmann 3200 Electronic,58.0,0,0,4,0.029349158,0.49466518,0,0,adulto
ICB_03227_005,ICB_113,copd,3M Littmann 3200 Electronic,58.0,0,0,4,0.048928924,0.91637516,2,0,adulto
ICB_03227_006,ICB_113,copd,3M Littmann 3200 Electronic,58.0,0,0,4,0.004460312,0.7166731,0,0,adulto
ICB_03227_007,ICB_113,copd,3M Littmann 3200 Electronic,58.0,0,0,4,0.07801222,0.48799518,0,0,adulto
ICB_03228_000,ICB_113,copd,3M Littmann 3200 Electronic,58.0,0,0,4,0.0077668764,0.5092037,0,0,adulto
ICB_03228_001,ICB_113,copd,3M Littmann 3200 Electronic,58.0,0,0,4,0.013046515,0.7068191,0,0,adulto
ICB_03228_002,ICB_113,copd,3M Littmann 3200 Electronic,58.0,0,0,4,0.024435421,0.34565037,0,0,adulto
ICB_03228_003,ICB_113,copd,3M Littmann 3200 Electronic,58.0,0,0,4,0.02815133,0.78952444,2,0,adulto
ICB_03228_004,ICB_113,copd,3M Littmann 3200 Electronic,58.0,0,0,4,0.03413306,0.35610354,0,0,adulto
ICB_03228_005,ICB_113,copd,3M Littmann 3200 Electronic,58.0,0,0,4,0.04191898,0.84150606,2,0,adulto
ICB_03228_006,ICB_113,copd,3M Littmann 3200 Electronic,58.0,0,0,4,0.021734433,0.5281329,0,0,adulto
ICB_03228_007,ICB_113,copd,3M Littmann 3200 Electronic,58.0,0,0,4,0.033161726,0.6175652,0,0,adulto
ICB_03228_008,ICB_113,copd,3M Littmann 3200 Electronic,58.0,0,0,4,0.19537836,0.3891555,0,0,adulto
ICB_03229_000,ICB_114,copd,AKG C417L Microphone,77.0,0,1,4,0.04773908,0.9794159,2,2,adulto
ICB_03229_001,ICB_114,copd,AKG C417L Microphone,77.0,1,1,4,0.18364693,0.85683584,2,3,adulto
ICB_03229_002,ICB_114,copd,AKG C417L Microphone,77.0,1,1,4,0.24637713,0.6546689,0,3,adulto
ICB_03229_003,ICB_114,copd,AKG C417L Microphone,77.0,1,1,4,0.1211659,0.91376835,2,3,adulto
ICB_03229_004,ICB_114,copd,AKG C417L Microphone,77.0,1,0,4,0.38104197,0.5341852,0,1,adulto
ICB_03229_005,ICB_114,copd,AKG C417L Microphone,77.0,1,1,4,0.49687368,0.10720425,0,3,adulto
ICB_03229_006,ICB_114,copd,AKG C417L Microphone,77.0,1,0,4,0.873823,0.0063973013,1,1,adulto
ICB_03230_000,ICB_114,copd,AKG C417L Microphone,77.0,0,1,4,0.17468436,0.47282788,0,2,adulto
ICB_03230_001,ICB_114,copd,AKG C417L Microphone,77.0,1,1,4,0.080182984,0.50014293,0,3,adulto
ICB_03230_002,ICB_114,copd,AKG C417L Microphone,77.0,1,1,4,0.110368066,0.44599247,0,3,adulto
ICB_03230_003,ICB_114,copd,AKG C417L Microphone,77.0,1,1,4,0.12409831,0.8246385,2,3,adulto
ICB_03230_004,ICB_114,copd,AKG C417L Microphone,77.0,1,0,4,0.07897863,0.21112734,0,1,adulto
ICB_03230_005,ICB_114,copd,AKG C417L Microphone,77.0,1,1,4,0.07558662,0.26011485,0,3,adulto
ICB_03230_006,ICB_114,copd,AKG C417L Microphone,77.0,0,0,4,0.5834321,0.34851724,1,0,adulto
ICB_03231_000,ICB_114,copd,AKG C417L Microphone,77.0,1,1,4,0.1507994,0.85347825,2,3,adulto
ICB_03231_001,ICB_114,copd,AKG C417L Microphone,77.0,1,1,4,0.34908244,0.947506,2,3,adulto
ICB_03231_002,ICB_114,copd,AKG C417L Microphone,77.0,1,1,4,0.07967933,0.96226716,2,3,adulto
ICB_03231_003,ICB_114,copd,AKG C417L Microphone,77.0,1,1,4,0.08771479,0.9265961,2,3,adulto
ICB_03231_004,ICB_114,copd,AKG C417L Microphone,77.0,1,0,4,0.22129263,0.50056213,0,1,adulto
ICB_03231_005,ICB_114,copd,AKG C417L Microphone,77.0,1,1,4,0.414083,0.17024018,0,3,adulto
ICB_03231_006,ICB_114,copd,AKG C417L Microphone,77.0,1,0,4,0.48442,0.015626315,0,1,adulto
ICB_03232_000,ICB_114,copd,AKG C417L Microphone,77.0,1,1,4,0.04330112,0.99382544,2,3,adulto
ICB_03232_001,ICB_114,copd,AKG C417L Microphone,77.0,1,1,4,0.1608751,0.99766076,2,3,adulto
ICB_03232_002,ICB_114,copd,AKG C417L Microphone,77.0,1,1,4,0.11623283,0.99639845,2,3,adulto
ICB_03232_003,ICB_114,copd,AKG C417L Microphone,77.0,1,1,4,0.08077888,0.9845318,2,3,adulto
ICB_03232_004,ICB_114,copd,AKG C417L Microphone,77.0,1,0,4,0.2952188,0.78332365,2,1,adulto
ICB_03232_005,ICB_114,copd,AKG C417L Microphone,77.0,1,1,4,0.2624928,0.82683045,2,3,adulto
ICB_03232_006,ICB_114,copd,AKG C417L Microphone,77.0,1,0,4,0.18842223,0.7278352,0,1,adulto
ICB_03233_000,ICB_114,copd,AKG C417L Microphone,77.0,0,1,4,0.11817102,0.97967064,2,2,adulto
ICB_03233_001,ICB_114,copd,AKG C417L Microphone,77.0,1,1,4,0.11372778,0.99332505,2,3,adulto
ICB_03233_002,ICB_114,copd,AKG C417L Microphone,77.0,1,1,4,0.15083644,0.9899962,2,3,adulto
ICB_03233_003,ICB_114,copd,AKG C417L Microphone,77.0,1,1,4,0.31558064,0.8673609,2,3,adulto
ICB_03233_004,ICB_114,copd,AKG C417L Microphone,77.0,1,0,4,0.17834643,0.92288315,2,1,adulto
ICB_03233_005,ICB_114,copd,AKG C417L Microphone,77.0,1,1,4,0.49106959,0.31010604,0,3,adulto
ICB_03233_006,ICB_114,copd,AKG C417L Microphone,77.0,1,0,4,0.16638356,0.66645694,0,1,adulto
ICB_03251_000,ICB_121,normal_lung,3M Littmann Classic II SE,13.0,0,0,4,0.32163188,0.046135277,0,0,pediátrico (<18)
ICB_03251_001,ICB_121,normal_lung,3M Littmann Classic II SE,13.0,0,0,4,0.12772031,0.409336,0,0,pediátrico (<18)
ICB_03251_002,ICB_121,normal_lung,3M Littmann Classic II SE,13.0,0,0,4,0.5312931,0.5869386,0,0,pediátrico (<18)
ICB_03251_003,ICB_121,normal_lung,3M Littmann Classic II SE,13.0,0,0,4,0.5191965,0.42382598,0,0,pediátrico (<18)
ICB_03251_004,ICB_121,normal_lung,3M Littmann Classic II SE,13.0,0,0,4,0.657153,0.050672624,1,0,pediátrico (<18)
ICB_03251_005,ICB_121,normal_lung,3M Littmann Classic II SE,13.0,0,0,4,0.14743145,0.2517463,0,0,pediátrico (<18)
ICB_03252_000,ICB_121,normal_lung,3M Littmann Classic II SE,13.0,0,0,4,0.12651788,0.11902544,0,0,pediátrico (<18)
ICB_03252_001,ICB_121,normal_lung,3M Littmann Classic II SE,13.0,0,0,4,0.245715,0.03773062,0,0,pediátrico (<18)
ICB_03252_002,ICB_121,normal_lung,3M Littmann Classic II SE,13.0,0,0,4,0.12353722,0.21913123,0,0,pediátrico (<18)
ICB_03252_003,ICB_121,normal_lung,3M Littmann Classic II SE,13.0,0,0,4,0.21746802,0.0172671,0,0,pediátrico (<18)
ICB_03252_004,ICB_121,normal_lung,3M Littmann Classic II SE,13.0,0,0,4,0.5755629,0.044474725,1,0,pediátrico (<18)
ICB_03252_005,ICB_121,normal_lung,3M Littmann Classic II SE,13.0,0,0,4,0.21471953,0.09153239,0,0,pediátrico (<18)
ICB_03252_006,ICB_121,normal_lung,3M Littmann Classic II SE,13.0,0,0,4,0.14925046,0.061385382,0,0,pediátrico (<18)
ICB_03252_007,ICB_121,normal_lung,3M Littmann Classic II SE,13.0,0,0,4,0.39682308,0.0666656,0,0,pediátrico (<18)
ICB_03270_000,ICB_126,normal_lung,AKG C417L Microphone,1.0,0,0,4,0.079651915,0.025254244,0,0,pediátrico (<18)
ICB_03270_001,ICB_126,normal_lung,AKG C417L Microphone,1.0,0,0,4,0.49180168,0.08405988,0,0,pediátrico (<18)
ICB_03270_002,ICB_126,normal_lung,AKG C417L Microphone,1.0,0,0,4,0.19002713,0.06229788,0,0,pediátrico (<18)
ICB_03270_003,ICB_126,normal_lung,AKG C417L Microphone,1.0,0,0,4,0.20485577,0.044805847,0,0,pediátrico (<18)
ICB_03270_004,ICB_126,normal_lung,AKG C417L Microphone,1.0,0,0,4,0.108574584,0.09773096,0,0,pediátrico (<18)
ICB_03270_005,ICB_126,normal_lung,AKG C417L Microphone,1.0,0,0,4,0.059437733,0.35399362,0,0,pediátrico (<18)
ICB_03270_006,ICB_126,normal_lung,AKG C417L Microphone,1.0,0,0,4,0.17712425,0.0357408,0,0,pediátrico (<18)
ICB_03270_007,ICB_126,normal_lung,AKG C417L Microphone,1.0,0,0,4,0.19316202,0.034445714,0,0,pediátrico (<18)
ICB_03270_008,ICB_126,normal_lung,AKG C417L Microphone,1.0,0,0,4,0.39216748,0.060240984,0,0,pediátrico (<18)
ICB_03270_009,ICB_126,normal_lung,AKG C417L Microphone,1.0,0,0,4,0.21157968,0.023716556,0,0,pediátrico (<18)
ICB_03270_010,ICB_126,normal_lung,AKG C417L Microphone,1.0,0,0,4,0.0959844,0.05795218,0,0,pediátrico (<18)
ICB_03271_000,ICB_127,normal_lung,3M Littmann Classic II SE,2.0,0,0,4,0.6194588,0.077910416,1,0,pediátrico (<18)
ICB_03271_001,ICB_127,normal_lung,3M Littmann Classic II SE,2.0,0,0,4,0.68879724,0.05250369,1,0,pediátrico (<18)
ICB_03271_002,ICB_127,normal_lung,3M Littmann Classic II SE,2.0,0,0,4,0.48134768,0.14336358,0,0,pediátrico (<18)
ICB_03271_003,ICB_127,normal_lung,3M Littmann Classic II SE,2.0,0,0,4,0.66185075,0.13519688,1,0,pediátrico (<18)
ICB_03271_004,ICB_127,normal_lung,3M Littmann Classic II SE,2.0,1,0,4,0.79773754,0.1898892,1,1,pediátrico (<18)
ICB_03271_005,ICB_127,normal_lung,3M Littmann Classic II SE,2.0,0,0,4,0.554063,0.23255318,1,0,pediátrico (<18)
ICB_03271_006,ICB_127,normal_lung,3M Littmann Classic II SE,2.0,1,0,4,0.60232097,0.10962623,1,1,pediátrico (<18)
ICB_03271_007,ICB_127,normal_lung,3M Littmann Classic II SE,2.0,0,0,4,0.66846484,0.07495609,1,0,pediátrico (<18)
ICB_03271_008,ICB_127,normal_lung,3M Littmann Classic II SE,2.0,1,0,4,0.7961836,0.31231382,1,1,pediátrico (<18)
ICB_03271_009,ICB_127,normal_lung,3M Littmann Classic II SE,2.0,0,0,4,0.63391656,0.37433323,1,0,pediátrico (<18)
ICB_03272_000,ICB_128,copd,3M Littmann Classic II SE,65.0,1,0,4,0.45052075,0.62829137,0,1,adulto
ICB_03272_001,ICB_128,copd,3M Littmann Classic II SE,65.0,0,0,4,0.23574427,0.46770447,0,0,adulto
ICB_03272_002,ICB_128,copd,3M Littmann Classic II SE,65.0,1,0,4,0.29063994,0.15271734,0,1,adulto
ICB_03272_003,ICB_128,copd,3M Littmann Classic II SE,65.0,1,0,4,0.4511375,0.21061875,0,1,adulto
ICB_03272_004,ICB_128,copd,3M Littmann Classic II SE,65.0,0,0,4,0.0033116231,0.11330475,0,0,adulto
ICB_03383_000,ICB_138,copd,AKG C417L Microphone,56.0,0,1,4,0.3617104,0.18204781,0,2,adulto
ICB_03383_001,ICB_138,copd,AKG C417L Microphone,56.0,1,0,4,0.62046295,0.1556284,1,1,adulto
ICB_03383_002,ICB_138,copd,AKG C417L Microphone,56.0,1,0,4,0.65685517,0.44511506,1,1,adulto
ICB_03383_003,ICB_138,copd,AKG C417L Microphone,56.0,1,0,4,0.7504944,0.27512795,1,1,adulto
ICB_03383_004,ICB_138,copd,AKG C417L Microphone,56.0,1,0,4,0.6534476,0.19598608,1,1,adulto
ICB_03384_000,ICB_138,copd,AKG C417L Microphone,56.0,1,0,4,0.37855732,0.21448988,0,1,adulto
ICB_03384_001,ICB_138,copd,AKG C417L Microphone,56.0,1,0,4,0.3541096,0.1700544,0,1,adulto
ICB_03384_002,ICB_138,copd,AKG C417L Microphone,56.0,0,0,4,0.24547088,0.14435996,0,0,adulto
ICB_03384_003,ICB_138,copd,AKG C417L Microphone,56.0,0,0,4,0.60611403,0.03908413,1,0,adulto
ICB_03384_004,ICB_138,copd,AKG C417L Microphone,56.0,0,0,4,0.32320383,0.33286723,0,0,adulto
ICB_03385_000,ICB_138,copd,AKG C417L Microphone,56.0,1,0,4,0.7028397,0.7381728,1,1,adulto
ICB_03385_001,ICB_138,copd,AKG C417L Microphone,56.0,1,0,4,0.7615216,0.5930281,1,1,adulto
ICB_03385_002,ICB_138,copd,AKG C417L Microphone,56.0,1,0,4,0.7580695,0.6157132,1,1,adulto
ICB_03385_003,ICB_138,copd,AKG C417L Microphone,56.0,1,0,4,0.82242095,0.39107546,1,1,adulto
ICB_03385_004,ICB_138,copd,AKG C417L Microphone,56.0,1,0,4,0.646212,0.5647329,1,1,adulto
ICB_03386_000,ICB_138,copd,AKG C417L Microphone,56.0,1,1,4,0.78210443,0.5348264,1,3,adulto
ICB_03386_001,ICB_138,copd,AKG C417L Microphone,56.0,1,0,4,0.7028822,0.08395053,1,1,adulto
ICB_03386_002,ICB_138,copd,AKG C417L Microphone,56.0,1,0,4,0.69464046,0.00024550615,1,1,adulto
ICB_03386_003,ICB_138,copd,AKG C417L Microphone,56.0,1,0,4,0.7210488,0.38592044,1,1,adulto
ICB_03386_004,ICB_138,copd,AKG C417L Microphone,56.0,1,0,4,0.640419,0.25933293,1,1,adulto
ICB_03387_000,ICB_138,copd,AKG C417L Microphone,56.0,1,1,4,0.67343324,0.44567665,1,3,adulto
ICB_03387_001,ICB_138,copd,AKG C417L Microphone,56.0,1,0,4,0.75995743,0.36864278,1,1,adulto
ICB_03387_002,ICB_138,copd,AKG C417L Microphone,56.0,1,0,4,0.76408195,0.48676243,1,1,adulto
ICB_03387_003,ICB_138,copd,AKG C417L Microphone,56.0,1,0,4,0.7116151,0.7423007,1,1,adulto
ICB_03387_004,ICB_138,copd,AKG C417L Microphone,56.0,1,0,4,0.8637734,0.3534155,1,1,adulto
ICB_03388_000,ICB_138,copd,AKG C417L Microphone,56.0,1,1,4,0.028830705,9.440476e-06,0,3,adulto
ICB_03388_001,ICB_138,copd,AKG C417L Microphone,56.0,1,1,4,0.75401914,0.34831735,1,3,adulto
ICB_03388_002,ICB_138,copd,AKG C417L Microphone,56.0,1,0,4,0.958978,0.016975423,1,1,adulto
ICB_03388_003,ICB_138,copd,AKG C417L Microphone,56.0,1,0,4,0.59518856,0.8836865,3,1,adulto
ICB_03388_004,ICB_138,copd,AKG C417L Microphone,56.0,1,0,4,0.70797956,0.67786586,1,1,adulto
ICB_03389_000,ICB_138,copd,AKG C417L Microphone,56.0,0,0,4,0.2861323,0.67572194,0,0,adulto
ICB_03389_001,ICB_138,copd,AKG C417L Microphone,56.0,0,0,4,0.13885616,0.23707792,0,0,adulto
ICB_03389_002,ICB_138,copd,AKG C417L Microphone,56.0,0,0,4,0.17021388,0.27293485,0,0,adulto
ICB_03389_003,ICB_138,copd,AKG C417L Microphone,56.0,0,1,4,0.13383858,0.5035424,0,2,adulto
ICB_03389_004,ICB_138,copd,AKG C417L Microphone,56.0,0,0,4,0.3668519,0.23154831,0,0,adulto
ICB_03390_000,ICB_138,copd,AKG C417L Microphone,56.0,0,0,4,0.7791557,0.18740024,1,0,adulto
ICB_03390_001,ICB_138,copd,AKG C417L Microphone,56.0,0,0,4,0.74663043,0.3392261,1,0,adulto
ICB_03390_002,ICB_138,copd,AKG C417L Microphone,56.0,0,0,4,0.68760467,0.12217691,1,0,adulto
ICB_03390_003,ICB_138,copd,AKG C417L Microphone,56.0,0,0,4,0.73000205,0.1431987,1,0,adulto
ICB_03390_004,ICB_138,copd,AKG C417L Microphone,56.0,0,0,4,0.76370895,0.38133353,1,0,adulto
ICB_03391_000,ICB_138,copd,AKG C417L Microphone,56.0,1,0,4,0.5791053,0.56545085,1,1,adulto
ICB_03391_001,ICB_138,copd,AKG C417L Microphone,56.0,1,0,4,0.24838738,0.85524535,2,1,adulto
ICB_03391_002,ICB_138,copd,AKG C417L Microphone,56.0,1,0,4,0.8305271,0.48756304,1,1,adulto
ICB_03391_003,ICB_138,copd,AKG C417L Microphone,56.0,1,0,4,0.6925169,0.48304117,1,1,adulto
ICB_03391_004,ICB_138,copd,AKG C417L Microphone,56.0,1,0,4,0.6189139,0.6666351,1,1,adulto
ICB_03392_000,ICB_138,copd,AKG C417L Microphone,56.0,1,0,4,0.8342637,0.77724,3,1,adulto
ICB_03392_001,ICB_138,copd,AKG C417L Microphone,56.0,1,0,4,0.83488816,0.37610424,1,1,adulto
ICB_03392_002,ICB_138,copd,AKG C417L Microphone,56.0,1,0,4,0.76192695,0.3830339,1,1,adulto
ICB_03392_003,ICB_138,copd,AKG C417L Microphone,56.0,1,0,4,0.85329103,0.24629432,1,1,adulto
ICB_03392_004,ICB_138,copd,AKG C417L Microphone,56.0,1,0,4,0.5976304,0.39104754,1,1,adulto
ICB_03393_000,ICB_138,copd,AKG C417L Microphone,56.0,1,0,4,0.819205,0.07339752,1,1,adulto
ICB_03393_001,ICB_138,copd,AKG C417L Microphone,56.0,1,0,4,0.8873781,0.18475367,1,1,adulto
ICB_03393_002,ICB_138,copd,AKG C417L Microphone,56.0,1,0,4,0.9213773,0.3866942,1,1,adulto
ICB_03393_003,ICB_138,copd,AKG C417L Microphone,56.0,1,0,4,0.8303425,0.20141393,1,1,adulto
ICB_03393_004,ICB_138,copd,AKG C417L Microphone,56.0,1,0,4,0.68912745,0.121488586,1,1,adulto
ICB_03394_000,ICB_138,copd,AKG C417L Microphone,56.0,0,1,4,0.7824346,0.28147146,1,2,adulto
ICB_03394_001,ICB_138,copd,AKG C417L Microphone,56.0,1,0,4,0.7571252,0.5345942,1,1,adulto
ICB_03394_002,ICB_138,copd,AKG C417L Microphone,56.0,1,0,4,0.77159435,0.28166667,1,1,adulto
ICB_03394_003,ICB_138,copd,AKG C417L Microphone,56.0,1,0,4,0.66425383,0.51407224,1,1,adulto
ICB_03394_004,ICB_138,copd,AKG C417L Microphone,56.0,1,0,4,0.86840874,0.20007312,1,1,adulto
ICB_03395_000,ICB_138,copd,AKG C417L Microphone,56.0,1,0,4,0.7912865,0.13386776,1,1,adulto
ICB_03395_001,ICB_138,copd,AKG C417L Microphone,56.0,1,0,4,0.8009365,0.22497162,1,1,adulto
ICB_03395_002,ICB_138,copd,AKG C417L Microphone,56.0,1,0,4,0.8509597,0.29310828,1,1,adulto
ICB_03395_003,ICB_138,copd,AKG C417L Microphone,56.0,1,0,4,0.8359013,0.37644637,1,1,adulto
ICB_03395_004,ICB_138,copd,AKG C417L Microphone,56.0,1,0,4,0.74426407,0.30325675,1,1,adulto
ICB_03396_000,ICB_138,copd,AKG C417L Microphone,56.0,1,0,4,0.17787324,0.36529243,0,1,adulto
ICB_03396_001,ICB_138,copd,AKG C417L Microphone,56.0,0,1,4,0.10736744,0.49056393,0,2,adulto
ICB_03396_002,ICB_138,copd,AKG C417L Microphone,56.0,1,0,4,0.22011594,0.36828867,0,1,adulto
ICB_03396_003,ICB_138,copd,AKG C417L Microphone,56.0,0,0,4,0.3060188,0.12082994,0,0,adulto
ICB_03396_004,ICB_138,copd,AKG C417L Microphone,56.0,0,0,4,0.112773985,0.26053786,0,0,adulto
ICB_03397_000,ICB_138,copd,AKG C417L Microphone,56.0,1,0,4,0.7996745,0.7209568,1,1,adulto
ICB_03397_001,ICB_138,copd,AKG C417L Microphone,56.0,1,0,4,0.7608226,0.6422983,1,1,adulto
ICB_03397_002,ICB_138,copd,AKG C417L Microphone,56.0,1,0,4,0.76364607,0.12690648,1,1,adulto
ICB_03397_003,ICB_138,copd,AKG C417L Microphone,56.0,1,0,4,0.7128518,0.5431798,1,1,adulto
ICB_03397_004,ICB_138,copd,AKG C417L Microphone,56.0,0,0,4,0.6850639,0.37031782,1,0,adulto
ICB_03398_000,ICB_138,copd,AKG C417L Microphone,56.0,1,0,4,0.6914847,0.29456866,1,1,adulto
ICB_03398_001,ICB_138,copd,AKG C417L Microphone,56.0,1,0,4,0.7922386,0.69873524,1,1,adulto
ICB_03398_002,ICB_138,copd,AKG C417L Microphone,56.0,1,0,4,0.6288998,0.270721,1,1,adulto
ICB_03398_003,ICB_138,copd,AKG C417L Microphone,56.0,0,0,4,0.6340409,0.35549852,1,0,adulto
ICB_03398_004,ICB_138,copd,AKG C417L Microphone,56.0,1,0,4,0.9268836,0.06330892,1,1,adulto
ICB_03399_000,ICB_138,copd,AKG C417L Microphone,56.0,1,0,4,0.77237666,0.14083353,1,1,adulto
ICB_03399_001,ICB_138,copd,AKG C417L Microphone,56.0,1,0,4,0.75126,0.13454875,1,1,adulto
ICB_03399_002,ICB_138,copd,AKG C417L Microphone,56.0,1,0,4,0.5404115,0.19982383,0,1,adulto
ICB_03399_003,ICB_138,copd,AKG C417L Microphone,56.0,1,0,4,0.7353883,0.08901974,1,1,adulto
ICB_03399_004,ICB_138,copd,AKG C417L Microphone,56.0,1,0,4,0.43110883,0.12514073,0,1,adulto
ICB_03400_000,ICB_138,copd,AKG C417L Microphone,56.0,1,1,4,0.70251626,0.7491162,1,3,adulto
ICB_03400_001,ICB_138,copd,AKG C417L Microphone,56.0,1,0,4,0.86192214,0.507151,1,1,adulto
ICB_03400_002,ICB_138,copd,AKG C417L Microphone,56.0,1,0,4,0.8355616,0.7145938,1,1,adulto
ICB_03400_003,ICB_138,copd,AKG C417L Microphone,56.0,1,0,4,0.86602515,0.28310037,1,1,adulto
ICB_03400_004,ICB_138,copd,AKG C417L Microphone,56.0,0,0,4,0.87769675,0.11429317,1,0,adulto
ICB_03401_000,ICB_138,copd,AKG C417L Microphone,56.0,1,0,4,0.7619248,0.25933078,1,1,adulto
ICB_03401_001,ICB_138,copd,AKG C417L Microphone,56.0,1,0,4,0.7443447,0.20245124,1,1,adulto
ICB_03401_002,ICB_138,copd,AKG C417L Microphone,56.0,1,0,4,0.8001735,0.2281566,1,1,adulto
ICB_03401_003,ICB_138,copd,AKG C417L Microphone,56.0,1,0,4,0.9590453,0.340089,1,1,adulto
ICB_03401_004,ICB_138,copd,AKG C417L Microphone,56.0,1,0,4,0.7840761,0.4141481,1,1,adulto
ICB_03402_000,ICB_138,copd,AKG C417L Microphone,56.0,0,0,4,0.17015162,0.26971054,0,0,adulto
ICB_03402_001,ICB_138,copd,AKG C417L Microphone,56.0,0,0,4,0.106289834,0.2971284,0,0,adulto
ICB_03402_002,ICB_138,copd,AKG C417L Microphone,56.0,0,0,4,0.2255526,0.038974393,0,0,adulto
ICB_03402_003,ICB_138,copd,AKG C417L Microphone,56.0,0,0,4,0.14882937,0.28109092,0,0,adulto
ICB_03402_004,ICB_138,copd,AKG C417L Microphone,56.0,0,0,4,0.3726828,0.3633934,0,0,adulto
ICB_03403_000,ICB_138,copd,AKG C417L Microphone,56.0,1,0,4,0.9612435,0.06430298,1,1,adulto
ICB_03403_001,ICB_138,copd,AKG C417L Microphone,56.0,1,0,4,0.82732636,0.2169174,1,1,adulto
ICB_03403_002,ICB_138,copd,AKG C417L Microphone,56.0,1,0,4,0.87505764,0.08381408,1,1,adulto
ICB_03403_003,ICB_138,copd,AKG C417L Microphone,56.0,1,0,4,0.77860314,0.30104062,1,1,adulto
ICB_03403_004,ICB_138,copd,AKG C417L Microphone,56.0,1,0,4,0.78907144,0.12139795,1,1,adulto
ICB_03403_005,ICB_138,copd,AKG C417L Microphone,56.0,1,0,4,0.5864934,0.0499945,1,1,adulto
ICB_03403_006,ICB_138,copd,AKG C417L Microphone,56.0,1,0,4,0.8274412,0.15690477,1,1,adulto
ICB_03404_000,ICB_138,copd,AKG C417L Microphone,56.0,0,0,4,0.46317592,0.24828552,0,0,adulto
ICB_03404_001,ICB_138,copd,AKG C417L Microphone,56.0,1,0,4,0.75598145,0.3889955,1,1,adulto
ICB_03404_002,ICB_138,copd,AKG C417L Microphone,56.0,1,1,4,0.57906336,0.74835515,1,3,adulto
ICB_03404_003,ICB_138,copd,AKG C417L Microphone,56.0,1,0,4,0.42112952,0.23471566,0,1,adulto
ICB_03404_004,ICB_138,copd,AKG C417L Microphone,56.0,1,0,4,0.6318815,0.7073989,1,1,adulto
ICB_03404_005,ICB_138,copd,AKG C417L Microphone,56.0,1,0,4,0.6815331,0.22288361,1,1,adulto
ICB_03404_006,ICB_138,copd,AKG C417L Microphone,56.0,1,1,4,0.31720993,0.28619403,0,3,adulto
ICB_03405_000,ICB_138,copd,AKG C417L Microphone,56.0,0,0,4,0.5290238,0.2748284,0,0,adulto
ICB_03405_001,ICB_138,copd,AKG C417L Microphone,56.0,0,0,4,0.71682924,0.6244045,1,0,adulto
ICB_03405_002,ICB_138,copd,AKG C417L Microphone,56.0,1,0,4,0.94647384,0.23030776,1,1,adulto
ICB_03405_003,ICB_138,copd,AKG C417L Microphone,56.0,0,0,4,0.7243294,0.43548703,1,0,adulto
ICB_03405_004,ICB_138,copd,AKG C417L Microphone,56.0,0,0,4,0.6422887,0.11558478,1,0,adulto
ICB_03405_005,ICB_138,copd,AKG C417L Microphone,56.0,0,0,4,0.8897386,0.46755394,1,0,adulto
ICB_03405_006,ICB_138,copd,AKG C417L Microphone,56.0,0,0,4,0.75536734,0.4220663,1,0,adulto
ICB_03406_000,ICB_138,copd,AKG C417L Microphone,56.0,1,0,4,0.67449796,0.29705638,1,1,adulto
ICB_03406_001,ICB_138,copd,AKG C417L Microphone,56.0,0,0,4,0.84898466,0.2457332,1,0,adulto
ICB_03406_002,ICB_138,copd,AKG C417L Microphone,56.0,1,0,4,0.8365993,0.9729475,3,1,adulto
ICB_03406_003,ICB_138,copd,AKG C417L Microphone,56.0,1,0,4,0.78867424,0.74706346,1,1,adulto
ICB_03406_004,ICB_138,copd,AKG C417L Microphone,56.0,1,0,4,0.8312062,0.5766063,1,1,adulto
ICB_03406_005,ICB_138,copd,AKG C417L Microphone,56.0,0,0,4,0.67148465,0.19766688,1,0,adulto
ICB_03406_006,ICB_138,copd,AKG C417L Microphone,56.0,1,0,4,0.41544774,0.44973716,0,1,adulto
ICB_03407_000,ICB_138,copd,AKG C417L Microphone,56.0,1,0,4,0.78166944,0.06606693,1,1,adulto
ICB_03407_001,ICB_138,copd,AKG C417L Microphone,56.0,1,0,4,0.8334378,0.59201235,1,1,adulto
ICB_03407_002,ICB_138,copd,AKG C417L Microphone,56.0,1,0,4,0.7660153,0.22785397,1,1,adulto
ICB_03407_003,ICB_138,copd,AKG C417L Microphone,56.0,1,0,4,0.8732832,0.7993086,3,1,adulto
ICB_03407_004,ICB_138,copd,AKG C417L Microphone,56.0,1,0,4,0.82003,0.44949824,1,1,adulto
ICB_03407_005,ICB_138,copd,AKG C417L Microphone,56.0,1,0,4,0.7337805,0.44967926,1,1,adulto
ICB_03407_006,ICB_138,copd,AKG C417L Microphone,56.0,0,0,4,0.5118415,0.39019352,0,0,adulto
ICB_03408_000,ICB_138,copd,AKG C417L Microphone,56.0,1,0,4,0.72897977,0.20427538,1,1,adulto
ICB_03408_001,ICB_138,copd,AKG C417L Microphone,56.0,1,0,4,0.8062137,0.32023445,1,1,adulto
ICB_03408_002,ICB_138,copd,AKG C417L Microphone,56.0,1,1,4,0.81039226,0.7264082,1,3,adulto
ICB_03408_003,ICB_138,copd,AKG C417L Microphone,56.0,1,0,4,0.8217385,0.47166452,1,1,adulto
ICB_03408_004,ICB_138,copd,AKG C417L Microphone,56.0,1,0,4,0.82645595,0.33186144,1,1,adulto
ICB_03408_005,ICB_138,copd,AKG C417L Microphone,56.0,1,0,4,0.8460965,0.4621175,1,1,adulto
ICB_03408_006,ICB_138,copd,AKG C417L Microphone,56.0,1,1,4,0.75175697,0.16417773,1,3,adulto
ICB_03409_000,ICB_138,copd,AKG C417L Microphone,56.0,1,0,4,0.0013796114,0.04977076,0,1,adulto
ICB_03409_001,ICB_138,copd,AKG C417L Microphone,56.0,0,0,4,0.43082282,0.38112956,0,0,adulto
ICB_03409_002,ICB_138,copd,AKG C417L Microphone,56.0,1,0,4,0.48659387,0.02309438,0,1,adulto
ICB_03409_003,ICB_138,copd,AKG C417L Microphone,56.0,0,0,4,0.758033,0.082518995,1,0,adulto
ICB_03409_004,ICB_138,copd,AKG C417L Microphone,56.0,1,0,4,0.60466367,0.08971287,1,1,adulto
ICB_03409_005,ICB_138,copd,AKG C417L Microphone,56.0,0,0,4,0.31993005,0.17423883,0,0,adulto
ICB_03409_006,ICB_138,copd,AKG C417L Microphone,56.0,0,0,4,0.28446233,0.01637622,0,0,adulto
ICB_03416_000,ICB_140,pneumonia,3M Littmann Classic II SE,79.0,0,0,4,0.66294295,0.14974894,1,0,adulto
ICB_03416_001,ICB_140,pneumonia,3M Littmann Classic II SE,79.0,0,0,4,0.53835,0.45817566,0,0,adulto
ICB_03416_002,ICB_140,pneumonia,3M Littmann Classic II SE,79.0,0,0,4,0.7215398,0.122484304,1,0,adulto
ICB_03416_003,ICB_140,pneumonia,3M Littmann Classic II SE,79.0,0,0,4,0.5583157,0.26497275,1,0,adulto
ICB_03416_004,ICB_140,pneumonia,3M Littmann Classic II SE,79.0,0,0,4,0.633027,0.16901784,1,0,adulto
ICB_03416_005,ICB_140,pneumonia,3M Littmann Classic II SE,79.0,0,0,4,0.28288317,0.09708045,0,0,adulto
ICB_03416_006,ICB_140,pneumonia,3M Littmann Classic II SE,79.0,1,0,4,0.5901436,0.2188632,1,1,adulto
ICB_03416_007,ICB_140,pneumonia,3M Littmann Classic II SE,79.0,0,0,4,0.5928668,0.10681159,1,0,adulto
ICB_03416_008,ICB_140,pneumonia,3M Littmann Classic II SE,79.0,0,0,4,0.71953034,0.18639259,1,0,adulto
ICB_03416_009,ICB_140,pneumonia,3M Littmann Classic II SE,79.0,0,0,4,0.49959823,0.12427802,0,0,adulto
ICB_03416_010,ICB_140,pneumonia,3M Littmann Classic II SE,79.0,0,0,4,0.07747354,0.30710876,0,0,adulto
ICB_03417_000,ICB_140,pneumonia,3M Littmann Classic II SE,79.0,0,0,4,0.17588687,0.4082199,0,0,adulto
ICB_03417_001,ICB_140,pneumonia,3M Littmann Classic II SE,79.0,1,0,4,0.7564601,0.3282197,1,1,adulto
ICB_03417_002,ICB_140,pneumonia,3M Littmann Classic II SE,79.0,0,0,4,0.6988771,0.25941846,1,0,adulto
ICB_03417_003,ICB_140,pneumonia,3M Littmann Classic II SE,79.0,0,0,4,0.55411154,0.14208812,1,0,adulto
ICB_03417_004,ICB_140,pneumonia,3M Littmann Classic II SE,79.0,0,0,4,0.4217178,0.27022406,0,0,adulto
ICB_03417_005,ICB_140,pneumonia,3M Littmann Classic II SE,79.0,0,0,4,0.7759575,0.0058341776,1,0,adulto
ICB_03417_006,ICB_140,pneumonia,3M Littmann Classic II SE,79.0,0,0,4,0.6114548,0.19941626,1,0,adulto
ICB_03417_007,ICB_140,pneumonia,3M Littmann Classic II SE,79.0,0,0,4,0.37538272,0.106469974,0,0,adulto
ICB_03417_008,ICB_140,pneumonia,3M Littmann Classic II SE,79.0,0,0,4,0.5765602,0.07536384,1,0,adulto
ICB_03417_009,ICB_140,pneumonia,3M Littmann Classic II SE,79.0,0,0,4,0.34021643,0.1264298,0,0,adulto
ICB_03418_000,ICB_140,pneumonia,3M Littmann Classic II SE,79.0,0,0,4,0.8363811,0.054823294,1,0,adulto
ICB_03418_001,ICB_140,pneumonia,3M Littmann Classic II SE,79.0,0,1,4,0.68374884,0.3106404,1,2,adulto
ICB_03418_002,ICB_140,pneumonia,3M Littmann Classic II SE,79.0,0,1,4,0.55383164,0.47371727,1,2,adulto
ICB_03418_003,ICB_140,pneumonia,3M Littmann Classic II SE,79.0,0,1,4,0.4939872,0.70276594,0,2,adulto
ICB_03418_004,ICB_140,pneumonia,3M Littmann Classic II SE,79.0,0,0,4,0.5237316,0.2726475,0,0,adulto
ICB_03418_005,ICB_140,pneumonia,3M Littmann Classic II SE,79.0,0,0,4,0.49926537,0.25521988,0,0,adulto
ICB_03418_006,ICB_140,pneumonia,3M Littmann Classic II SE,79.0,0,0,4,0.6161902,0.24366629,1,0,adulto
ICB_03418_007,ICB_140,pneumonia,3M Littmann Classic II SE,79.0,0,0,4,0.39374033,0.31185198,0,0,adulto
ICB_03418_008,ICB_140,pneumonia,3M Littmann Classic II SE,79.0,0,0,4,0.35713565,0.3890532,0,0,adulto
ICB_03419_000,ICB_140,pneumonia,3M Littmann Classic II SE,79.0,0,0,4,0.5961093,0.5830682,1,0,adulto
ICB_03419_001,ICB_140,pneumonia,3M Littmann Classic II SE,79.0,0,1,4,0.6244954,0.8920589,3,2,adulto
ICB_03419_002,ICB_140,pneumonia,3M Littmann Classic II SE,79.0,0,1,4,0.2965988,0.6015663,0,2,adulto
ICB_03419_003,ICB_140,pneumonia,3M Littmann Classic II SE,79.0,0,1,4,0.87249815,0.00877282,1,2,adulto
ICB_03419_004,ICB_140,pneumonia,3M Littmann Classic II SE,79.0,0,1,4,0.33710822,0.19425344,0,2,adulto
ICB_03419_005,ICB_140,pneumonia,3M Littmann Classic II SE,79.0,0,0,4,0.5880778,0.07179413,1,0,adulto
ICB_03419_006,ICB_140,pneumonia,3M Littmann Classic II SE,79.0,0,0,4,0.54272175,0.41738895,0,0,adulto
ICB_03419_007,ICB_140,pneumonia,3M Littmann Classic II SE,79.0,0,1,4,0.3259106,0.16286312,0,2,adulto
ICB_03419_008,ICB_140,pneumonia,3M Littmann Classic II SE,79.0,0,1,4,0.29056245,0.3848058,0,2,adulto
ICB_03419_009,ICB_140,pneumonia,3M Littmann Classic II SE,79.0,0,0,4,0.20893028,0.079149105,0,0,adulto
ICB_03420_000,ICB_141,copd,3M Littmann Classic II SE,66.0,0,0,4,0.89385504,0.28810623,1,0,adulto
ICB_03420_001,ICB_141,copd,3M Littmann Classic II SE,66.0,0,1,4,0.101447806,0.9170132,2,2,adulto
ICB_03420_002,ICB_141,copd,3M Littmann Classic II SE,66.0,0,1,4,0.18590517,0.9730262,2,2,adulto
ICB_03420_003,ICB_141,copd,3M Littmann Classic II SE,66.0,1,1,4,0.16104265,0.98399645,2,3,adulto
ICB_03420_004,ICB_141,copd,3M Littmann Classic II SE,66.0,0,1,4,0.011768472,0.35636652,0,2,adulto
ICB_03421_000,ICB_141,copd,3M Littmann Classic II SE,66.0,0,0,4,0.46223298,0.14021738,0,0,adulto
ICB_03421_001,ICB_141,copd,3M Littmann Classic II SE,66.0,0,0,4,0.51561683,0.5381609,0,0,adulto
ICB_03421_002,ICB_141,copd,3M Littmann Classic II SE,66.0,0,1,4,0.7161307,0.76686835,3,2,adulto
ICB_03421_003,ICB_141,copd,3M Littmann Classic II SE,66.0,1,1,4,0.53455544,0.58832604,0,3,adulto
ICB_03421_004,ICB_141,copd,3M Littmann Classic II SE,66.0,0,1,4,0.65310395,0.5303128,1,2,adulto
ICB_03421_005,ICB_141,copd,3M Littmann Classic II SE,66.0,0,0,4,0.092624925,0.40326446,0,0,adulto
ICB_03422_000,ICB_141,copd,3M Littmann Classic II SE,66.0,0,0,4,0.43625665,0.25466713,0,0,adulto
ICB_03422_001,ICB_141,copd,3M Littmann Classic II SE,66.0,0,1,4,0.36810023,0.8172208,2,2,adulto
ICB_03422_002,ICB_141,copd,3M Littmann Classic II SE,66.0,0,1,4,0.29600844,0.8245759,2,2,adulto
ICB_03422_003,ICB_141,copd,3M Littmann Classic II SE,66.0,0,1,4,0.25906578,0.8326701,2,2,adulto
ICB_03422_004,ICB_141,copd,3M Littmann Classic II SE,66.0,0,1,4,0.2740678,0.7659125,2,2,adulto
ICB_03423_000,ICB_141,copd,3M Littmann Classic II SE,66.0,0,0,4,0.06678082,0.39806348,0,0,adulto
ICB_03423_001,ICB_141,copd,3M Littmann Classic II SE,66.0,1,1,4,0.43493694,0.8119834,2,3,adulto
ICB_03423_002,ICB_141,copd,3M Littmann Classic II SE,66.0,1,1,4,0.052392136,0.046684217,0,3,adulto
ICB_03423_003,ICB_141,copd,3M Littmann Classic II SE,66.0,0,1,4,0.22709014,0.9974849,2,2,adulto
ICB_03423_004,ICB_141,copd,3M Littmann Classic II SE,66.0,1,1,4,0.032670993,0.0010750634,0,3,adulto
ICB_03423_005,ICB_141,copd,3M Littmann Classic II SE,66.0,0,1,4,0.09244347,0.9297187,2,2,adulto
ICB_03424_000,ICB_141,copd,3M Littmann Classic II SE,66.0,0,0,4,0.3493404,0.093923874,0,0,adulto
ICB_03424_001,ICB_141,copd,3M Littmann Classic II SE,66.0,0,0,4,0.1676625,0.33328316,0,0,adulto
ICB_03424_002,ICB_141,copd,3M Littmann Classic II SE,66.0,0,0,4,0.16979162,0.1336187,0,0,adulto
ICB_03424_003,ICB_141,copd,3M Littmann Classic II SE,66.0,0,0,4,0.33253682,0.069566354,0,0,adulto
ICB_03424_004,ICB_141,copd,3M Littmann Classic II SE,66.0,0,0,4,0.4963242,0.24668139,0,0,adulto
ICB_03425_000,ICB_141,copd,3M Littmann Classic II SE,66.0,0,0,4,0.5612157,0.17062068,1,0,adulto
ICB_03425_001,ICB_141,copd,3M Littmann Classic II SE,66.0,0,1,4,0.5018783,0.47932854,0,2,adulto
ICB_03425_002,ICB_141,copd,3M Littmann Classic II SE,66.0,0,1,4,0.48098072,0.38742578,0,2,adulto
ICB_03425_003,ICB_141,copd,3M Littmann Classic II SE,66.0,0,1,4,0.65541357,0.8548198,3,2,adulto
ICB_03425_004,ICB_141,copd,3M Littmann Classic II SE,66.0,0,1,4,0.7885039,0.4298247,1,2,adulto
ICB_03426_000,ICB_141,copd,3M Littmann Classic II SE,66.0,0,0,4,0.7671472,0.19194938,1,0,adulto
ICB_03426_001,ICB_141,copd,3M Littmann Classic II SE,66.0,0,1,4,0.6020854,0.50919306,1,2,adulto
ICB_03426_002,ICB_141,copd,3M Littmann Classic II SE,66.0,0,0,4,0.7343818,0.8353175,3,0,adulto
ICB_03426_003,ICB_141,copd,3M Littmann Classic II SE,66.0,0,1,4,0.4436174,0.63333434,0,2,adulto
ICB_03426_004,ICB_141,copd,3M Littmann Classic II SE,66.0,0,1,4,0.63639975,0.81025374,3,2,adulto
ICB_03427_000,ICB_141,copd,3M Littmann Classic II SE,66.0,1,1,4,0.2657856,0.9722191,2,3,adulto
ICB_03427_001,ICB_141,copd,3M Littmann Classic II SE,66.0,1,1,4,0.29222643,0.57428586,0,3,adulto
ICB_03427_002,ICB_141,copd,3M Littmann Classic II SE,66.0,1,1,4,0.14617962,0.88090205,2,3,adulto
ICB_03427_003,ICB_141,copd,3M Littmann Classic II SE,66.0,1,1,4,0.30786502,0.9942477,2,3,adulto
ICB_03427_004,ICB_141,copd,3M Littmann Classic II SE,66.0,1,1,4,0.11785818,0.94609135,2,3,adulto
ICB_03427_005,ICB_141,copd,3M Littmann Classic II SE,66.0,1,1,4,0.06979462,0.85482883,2,3,adulto
ICB_03470_000,ICB_150,respiratory_infection,AKG C417L Microphone,0.67,1,0,4,0.04170888,0.050927345,0,1,pediátrico (<18)
ICB_03470_001,ICB_150,respiratory_infection,AKG C417L Microphone,0.67,1,0,4,0.03642157,0.35985127,0,1,pediátrico (<18)
ICB_03470_002,ICB_150,respiratory_infection,AKG C417L Microphone,0.67,1,0,4,0.3739588,0.45320526,0,1,pediátrico (<18)
ICB_03470_003,ICB_150,respiratory_infection,AKG C417L Microphone,0.67,1,0,4,0.5545099,0.19770303,1,1,pediátrico (<18)
ICB_03470_004,ICB_150,respiratory_infection,AKG C417L Microphone,0.67,0,0,4,0.3346133,0.3126193,0,0,pediátrico (<18)
ICB_03470_005,ICB_150,respiratory_infection,AKG C417L Microphone,0.67,1,0,4,0.1524496,0.12867934,0,1,pediátrico (<18)
ICB_03470_006,ICB_150,respiratory_infection,AKG C417L Microphone,0.67,1,0,4,0.117186286,0.22422776,0,1,pediátrico (<18)
ICB_03470_007,ICB_150,respiratory_infection,AKG C417L Microphone,0.67,1,0,4,0.29085082,0.24424815,0,1,pediátrico (<18)
ICB_03470_008,ICB_150,respiratory_infection,AKG C417L Microphone,0.67,1,0,4,0.3351856,0.08960615,0,1,pediátrico (<18)
ICB_03470_009,ICB_150,respiratory_infection,AKG C417L Microphone,0.67,0,0,4,0.21435829,0.098934,0,0,pediátrico (<18)
ICB_03470_010,ICB_150,respiratory_infection,AKG C417L Microphone,0.67,1,0,4,0.2775101,0.4599853,0,1,pediátrico (<18)
ICB_03470_011,ICB_150,respiratory_infection,AKG C417L Microphone,0.67,0,0,4,0.038751267,0.13214499,0,0,pediátrico (<18)
ICB_03470_012,ICB_150,respiratory_infection,AKG C417L Microphone,0.67,0,0,4,0.19031996,0.12164675,0,0,pediátrico (<18)
ICB_03470_013,ICB_150,respiratory_infection,AKG C417L Microphone,0.67,0,0,4,0.25563562,0.13446055,0,0,pediátrico (<18)
ICB_03470_014,ICB_150,respiratory_infection,AKG C417L Microphone,0.67,0,1,4,0.006397626,0.9809229,2,2,pediátrico (<18)
ICB_03470_015,ICB_150,respiratory_infection,AKG C417L Microphone,0.67,0,0,4,0.028422501,0.0956729,0,0,pediátrico (<18)
ICB_03470_016,ICB_150,respiratory_infection,AKG C417L Microphone,0.67,0,0,4,0.06888158,0.11119549,0,0,pediátrico (<18)
ICB_03500_000,ICB_153,normal_lung,3M Littmann Classic II SE,3.0,0,0,4,0.44684172,0.15404755,0,0,pediátrico (<18)
ICB_03500_001,ICB_153,normal_lung,3M Littmann Classic II SE,3.0,0,0,4,0.6042169,0.07754675,1,0,pediátrico (<18)
ICB_03500_002,ICB_153,normal_lung,3M Littmann Classic II SE,3.0,0,0,4,0.59891415,0.29874942,1,0,pediátrico (<18)
ICB_03500_003,ICB_153,normal_lung,3M Littmann Classic II SE,3.0,0,0,4,0.74841845,0.27151254,1,0,pediátrico (<18)
ICB_03500_004,ICB_153,normal_lung,3M Littmann Classic II SE,3.0,0,0,4,0.475523,0.13698365,0,0,pediátrico (<18)
ICB_03500_005,ICB_153,normal_lung,3M Littmann Classic II SE,3.0,0,0,4,0.78003347,0.15331015,1,0,pediátrico (<18)
ICB_03500_006,ICB_153,normal_lung,3M Littmann Classic II SE,3.0,0,0,4,0.83245283,0.08136093,1,0,pediátrico (<18)
ICB_03500_007,ICB_153,normal_lung,3M Littmann Classic II SE,3.0,0,0,4,0.3086447,0.23797005,0,0,pediátrico (<18)
ICB_03500_008,ICB_153,normal_lung,3M Littmann Classic II SE,3.0,0,0,4,0.30979854,0.34707716,0,0,pediátrico (<18)
ICB_03525_000,ICB_156,copd,AKG C417L Microphone,80.0,1,1,4,0.34675467,0.48858753,0,3,adulto
ICB_03525_001,ICB_156,copd,AKG C417L Microphone,80.0,1,1,4,0.26279783,0.6786643,0,3,adulto
ICB_03525_002,ICB_156,copd,AKG C417L Microphone,80.0,1,0,4,0.31624514,0.71878296,0,1,adulto
ICB_03525_003,ICB_156,copd,AKG C417L Microphone,80.0,1,1,4,0.35,0.69732976,0,3,adulto
ICB_03525_004,ICB_156,copd,AKG C417L Microphone,80.0,1,1,4,0.6633534,0.7782161,3,3,adulto
ICB_03525_005,ICB_156,copd,AKG C417L Microphone,80.0,1,1,4,0.43257657,0.5533436,0,3,adulto
ICB_03526_000,ICB_156,copd,AKG C417L Microphone,80.0,0,1,4,0.10184271,0.44716325,0,2,adulto
ICB_03526_001,ICB_156,copd,AKG C417L Microphone,80.0,1,1,4,0.07247915,0.79309005,2,3,adulto
ICB_03526_002,ICB_156,copd,AKG C417L Microphone,80.0,1,0,4,0.19444336,0.07948671,0,1,adulto
ICB_03526_003,ICB_156,copd,AKG C417L Microphone,80.0,0,0,4,0.18875451,0.552614,0,0,adulto
ICB_03526_004,ICB_156,copd,AKG C417L Microphone,80.0,1,0,4,0.17408596,0.21055612,0,1,adulto
ICB_03526_005,ICB_156,copd,AKG C417L Microphone,80.0,1,0,4,0.21149358,0.17978932,0,1,adulto
ICB_03527_000,ICB_156,copd,AKG C417L Microphone,80.0,1,1,4,0.20844813,0.8790451,2,3,adulto
ICB_03527_001,ICB_156,copd,AKG C417L Microphone,80.0,1,1,4,0.29266855,0.8479494,2,3,adulto
ICB_03527_002,ICB_156,copd,AKG C417L Microphone,80.0,1,1,4,0.3683457,0.74443555,0,3,adulto
ICB_03527_003,ICB_156,copd,AKG C417L Microphone,80.0,1,1,4,0.28511718,0.88614994,2,3,adulto
ICB_03527_004,ICB_156,copd,AKG C417L Microphone,80.0,1,1,4,0.3793855,0.4153774,0,3,adulto
ICB_03527_005,ICB_156,copd,AKG C417L Microphone,80.0,1,1,4,0.67312944,0.8822567,3,3,adulto
ICB_03528_000,ICB_156,copd,AKG C417L Microphone,80.0,1,1,4,0.5396318,0.52031595,0,3,adulto
ICB_03528_001,ICB_156,copd,AKG C417L Microphone,80.0,1,1,4,0.39350787,0.8555514,2,3,adulto
ICB_03528_002,ICB_156,copd,AKG C417L Microphone,80.0,1,0,4,0.4032078,0.6389217,0,1,adulto
ICB_03528_003,ICB_156,copd,AKG C417L Microphone,80.0,1,0,4,0.34507683,0.7328817,0,1,adulto
ICB_03528_004,ICB_156,copd,AKG C417L Microphone,80.0,1,0,4,0.31445286,0.7414407,0,1,adulto
ICB_03528_005,ICB_156,copd,AKG C417L Microphone,80.0,1,1,4,0.47534552,0.66609186,0,3,adulto
ICB_03529_000,ICB_156,copd,AKG C417L Microphone,80.0,1,1,4,0.40068632,0.51983035,0,3,adulto
ICB_03529_001,ICB_156,copd,AKG C417L Microphone,80.0,1,1,4,0.22989967,0.7552548,2,3,adulto
ICB_03529_002,ICB_156,copd,AKG C417L Microphone,80.0,1,0,4,0.25813732,0.6810465,0,1,adulto
ICB_03529_003,ICB_156,copd,AKG C417L Microphone,80.0,1,1,4,0.2519986,0.9652102,2,3,adulto
ICB_03529_004,ICB_156,copd,AKG C417L Microphone,80.0,1,1,4,0.29942912,0.75188756,2,3,adulto
ICB_03529_005,ICB_156,copd,AKG C417L Microphone,80.0,1,1,4,0.21244013,0.83070385,2,3,adulto
ICB_03530_000,ICB_156,copd,AKG C417L Microphone,80.0,1,0,4,0.6019294,0.072489314,1,1,adulto
ICB_03530_001,ICB_156,copd,AKG C417L Microphone,80.0,1,0,4,0.47855523,0.5164243,0,1,adulto
ICB_03530_002,ICB_156,copd,AKG C417L Microphone,80.0,1,0,4,0.6548254,0.57414,1,1,adulto
ICB_03530_003,ICB_156,copd,AKG C417L Microphone,80.0,1,0,4,0.6926956,0.6410338,1,1,adulto
ICB_03530_004,ICB_156,copd,AKG C417L Microphone,80.0,1,0,4,0.43535164,0.21379086,0,1,adulto
ICB_03530_005,ICB_156,copd,AKG C417L Microphone,80.0,1,0,4,0.6556624,0.43913022,1,1,adulto
ICB_03531_000,ICB_156,copd,AKG C417L Microphone,80.0,0,1,4,0.2528235,0.5908284,0,2,adulto
ICB_03531_001,ICB_156,copd,AKG C417L Microphone,80.0,1,1,4,0.40415847,0.2618396,0,3,adulto
ICB_03531_002,ICB_156,copd,AKG C417L Microphone,80.0,1,1,4,0.27463827,0.39182037,0,3,adulto
ICB_03531_003,ICB_156,copd,AKG C417L Microphone,80.0,1,1,4,0.4241645,0.32873783,0,3,adulto
ICB_03531_004,ICB_156,copd,AKG C417L Microphone,80.0,1,1,4,0.34234408,0.0866149,0,3,adulto
ICB_03531_005,ICB_156,copd,AKG C417L Microphone,80.0,1,1,4,0.81695116,0.22028996,1,3,adulto
ICB_03531_006,ICB_156,copd,AKG C417L Microphone,80.0,1,1,4,0.53999996,0.40418035,0,3,adulto
ICB_03531_007,ICB_156,copd,AKG C417L Microphone,80.0,1,1,4,0.8366182,0.44904348,1,3,adulto
ICB_03531_008,ICB_156,copd,AKG C417L Microphone,80.0,1,1,4,0.60093594,0.58971775,1,3,adulto
ICB_03532_000,ICB_156,copd,AKG C417L Microphone,80.0,0,1,4,0.21488446,0.50281006,0,2,adulto
ICB_03532_001,ICB_156,copd,AKG C417L Microphone,80.0,1,1,4,0.52303946,0.030516542,0,3,adulto
ICB_03532_002,ICB_156,copd,AKG C417L Microphone,80.0,1,1,4,0.17499301,0.52662474,0,3,adulto
ICB_03532_003,ICB_156,copd,AKG C417L Microphone,80.0,0,1,4,0.1006096,0.7160125,0,2,adulto
ICB_03532_004,ICB_156,copd,AKG C417L Microphone,80.0,1,1,4,0.038221255,0.39389738,0,3,adulto
ICB_03532_005,ICB_156,copd,AKG C417L Microphone,80.0,1,1,4,0.35584378,0.2144858,0,3,adulto
ICB_03532_006,ICB_156,copd,AKG C417L Microphone,80.0,1,1,4,0.49187496,0.10823,0,3,adulto
ICB_03532_007,ICB_156,copd,AKG C417L Microphone,80.0,1,1,4,0.650392,0.1769123,1,3,adulto
ICB_03532_008,ICB_156,copd,AKG C417L Microphone,80.0,1,1,4,0.62202,0.1016308,1,3,adulto
ICB_03533_000,ICB_156,copd,AKG C417L Microphone,80.0,1,1,4,0.63046724,0.6775811,1,3,adulto
ICB_03533_001,ICB_156,copd,AKG C417L Microphone,80.0,1,1,4,0.30182007,0.23963182,0,3,adulto
ICB_03533_002,ICB_156,copd,AKG C417L Microphone,80.0,1,0,4,0.4658688,0.19163184,0,1,adulto
ICB_03533_003,ICB_156,copd,AKG C417L Microphone,80.0,1,0,4,0.5701173,0.70242506,1,1,adulto
ICB_03533_004,ICB_156,copd,AKG C417L Microphone,80.0,1,0,4,0.37829423,0.24648152,0,1,adulto
ICB_03533_005,ICB_156,copd,AKG C417L Microphone,80.0,1,0,4,0.24202311,0.11717605,0,1,adulto
ICB_03533_006,ICB_156,copd,AKG C417L Microphone,80.0,1,0,4,0.5307661,0.067945674,0,1,adulto
ICB_03533_007,ICB_156,copd,AKG C417L Microphone,80.0,1,0,4,0.4345699,0.15147823,0,1,adulto
ICB_03533_008,ICB_156,copd,AKG C417L Microphone,80.0,1,0,4,0.6848718,0.1391088,1,1,adulto
ICB_03534_000,ICB_156,copd,AKG C417L Microphone,80.0,1,0,4,0.12065373,0.17704412,0,1,adulto
ICB_03534_001,ICB_156,copd,AKG C417L Microphone,80.0,1,1,4,0.27822873,0.2767705,0,3,adulto
ICB_03534_002,ICB_156,copd,AKG C417L Microphone,80.0,1,1,4,0.6361825,0.32578096,1,3,adulto
ICB_03534_003,ICB_156,copd,AKG C417L Microphone,80.0,1,1,4,0.6011267,0.12410936,1,3,adulto
ICB_03534_004,ICB_156,copd,AKG C417L Microphone,80.0,1,1,4,0.33142796,0.3012927,0,3,adulto
ICB_03534_005,ICB_156,copd,AKG C417L Microphone,80.0,1,1,4,0.24800053,0.37258512,0,3,adulto
ICB_03534_006,ICB_156,copd,AKG C417L Microphone,80.0,1,1,4,0.454055,0.4199306,0,3,adulto
ICB_03534_007,ICB_156,copd,AKG C417L Microphone,80.0,1,1,4,0.6464688,0.49762726,1,3,adulto
ICB_03534_008,ICB_156,copd,AKG C417L Microphone,80.0,1,1,4,0.6971657,0.21382101,1,3,adulto
ICB_03535_000,ICB_156,copd,AKG C417L Microphone,80.0,1,1,4,0.6526424,0.69432795,1,3,adulto
ICB_03535_001,ICB_156,copd,AKG C417L Microphone,80.0,1,1,4,0.6697013,0.6227895,1,3,adulto
ICB_03535_002,ICB_156,copd,AKG C417L Microphone,80.0,1,1,4,0.5976332,0.77395266,3,3,adulto
ICB_03535_003,ICB_156,copd,AKG C417L Microphone,80.0,1,1,4,0.62730926,0.7176747,1,3,adulto
ICB_03535_004,ICB_156,copd,AKG C417L Microphone,80.0,1,1,4,0.53299403,0.67657924,0,3,adulto
ICB_03535_005,ICB_156,copd,AKG C417L Microphone,80.0,1,1,4,0.78910184,0.5838176,1,3,adulto
ICB_03535_006,ICB_156,copd,AKG C417L Microphone,80.0,1,0,4,0.23822345,0.6336719,0,1,adulto
ICB_03535_007,ICB_156,copd,AKG C417L Microphone,80.0,1,1,4,0.5838275,0.5099299,1,3,adulto
ICB_03535_008,ICB_156,copd,AKG C417L Microphone,80.0,1,0,4,0.6953665,0.7514607,3,1,adulto
ICB_03536_000,ICB_156,copd,AKG C417L Microphone,80.0,1,1,4,0.45901865,0.4940643,0,3,adulto
ICB_03536_001,ICB_156,copd,AKG C417L Microphone,80.0,1,1,4,0.6166298,0.43696114,1,3,adulto
ICB_03536_002,ICB_156,copd,AKG C417L Microphone,80.0,1,1,4,0.72993976,0.5287395,1,3,adulto
ICB_03536_003,ICB_156,copd,AKG C417L Microphone,80.0,1,1,4,0.62161624,0.7552971,3,3,adulto
ICB_03536_004,ICB_156,copd,AKG C417L Microphone,80.0,1,1,4,0.5215828,0.95833236,2,3,adulto
ICB_03536_005,ICB_156,copd,AKG C417L Microphone,80.0,1,1,4,0.19898711,0.09484858,0,3,adulto
ICB_03536_006,ICB_156,copd,AKG C417L Microphone,80.0,1,1,4,0.6187631,0.7602329,3,3,adulto
ICB_03536_007,ICB_156,copd,AKG C417L Microphone,80.0,1,1,4,0.8246436,0.4547229,1,3,adulto
ICB_03536_008,ICB_156,copd,AKG C417L Microphone,80.0,1,1,4,0.78252804,0.9666267,3,3,adulto
ICB_03537_000,ICB_156,copd,AKG C417L Microphone,80.0,0,0,4,0.42248386,0.12671922,0,0,adulto
ICB_03537_001,ICB_156,copd,AKG C417L Microphone,80.0,1,1,4,0.6690287,0.48323685,1,3,adulto
ICB_03537_002,ICB_156,copd,AKG C417L Microphone,80.0,1,1,4,0.49827054,0.38743097,0,3,adulto
ICB_03537_003,ICB_156,copd,AKG C417L Microphone,80.0,1,1,4,0.5874953,0.23713122,1,3,adulto
ICB_03537_004,ICB_156,copd,AKG C417L Microphone,80.0,1,1,4,0.40660346,0.51954114,0,3,adulto
ICB_03537_005,ICB_156,copd,AKG C417L Microphone,80.0,0,1,4,0.71285874,0.50588906,1,2,adulto
ICB_03537_006,ICB_156,copd,AKG C417L Microphone,80.0,0,1,4,0.25590354,0.5172292,0,2,adulto
ICB_03537_007,ICB_156,copd,AKG C417L Microphone,80.0,0,1,4,0.6237869,0.42261472,1,2,adulto
ICB_03538_000,ICB_156,copd,AKG C417L Microphone,80.0,1,0,4,0.09570786,0.2353708,0,1,adulto
ICB_03538_001,ICB_156,copd,AKG C417L Microphone,80.0,0,1,4,0.19384904,0.110925406,0,2,adulto
ICB_03538_002,ICB_156,copd,AKG C417L Microphone,80.0,0,1,4,0.14485495,0.47741807,0,2,adulto
ICB_03538_003,ICB_156,copd,AKG C417L Microphone,80.0,0,1,4,0.23834643,0.5559192,0,2,adulto
ICB_03538_004,ICB_156,copd,AKG C417L Microphone,80.0,0,1,4,0.36173204,0.18124725,0,2,adulto
ICB_03538_005,ICB_156,copd,AKG C417L Microphone,80.0,0,0,4,0.3621368,0.079399884,0,0,adulto
ICB_03538_006,ICB_156,copd,AKG C417L Microphone,80.0,0,1,4,0.30090424,0.4836246,0,2,adulto
ICB_03538_007,ICB_156,copd,AKG C417L Microphone,80.0,0,1,4,0.5372021,0.38489395,0,2,adulto
ICB_03539_000,ICB_156,copd,AKG C417L Microphone,80.0,1,0,4,0.5983664,0.4639355,1,1,adulto
ICB_03539_001,ICB_156,copd,AKG C417L Microphone,80.0,1,1,4,0.5875381,0.2842317,1,3,adulto
ICB_03539_002,ICB_156,copd,AKG C417L Microphone,80.0,1,1,4,0.3757089,0.45118576,0,3,adulto
ICB_03539_003,ICB_156,copd,AKG C417L Microphone,80.0,1,1,4,0.42406783,0.15939926,0,3,adulto
ICB_03539_004,ICB_156,copd,AKG C417L Microphone,80.0,1,1,4,0.47723642,0.83731526,2,3,adulto
ICB_03539_005,ICB_156,copd,AKG C417L Microphone,80.0,1,1,4,0.58487684,0.2254618,1,3,adulto
ICB_03539_006,ICB_156,copd,AKG C417L Microphone,80.0,1,1,4,0.21044718,0.53766376,0,3,adulto
ICB_03539_007,ICB_156,copd,AKG C417L Microphone,80.0,1,1,4,0.4350517,0.37585843,0,3,adulto
ICB_03540_000,ICB_156,copd,AKG C417L Microphone,80.0,0,0,4,0.02630561,0.3521968,0,0,adulto
ICB_03540_001,ICB_156,copd,AKG C417L Microphone,80.0,0,0,4,0.25576684,0.39609262,0,0,adulto
ICB_03540_002,ICB_156,copd,AKG C417L Microphone,80.0,0,0,4,0.27754116,0.12559071,0,0,adulto
ICB_03540_003,ICB_156,copd,AKG C417L Microphone,80.0,0,0,4,0.14366804,0.4852656,0,0,adulto
ICB_03540_004,ICB_156,copd,AKG C417L Microphone,80.0,0,0,4,0.13272543,0.45037606,0,0,adulto
ICB_03540_005,ICB_156,copd,AKG C417L Microphone,80.0,0,0,4,0.34119263,0.20293649,0,0,adulto
ICB_03540_006,ICB_156,copd,AKG C417L Microphone,80.0,0,0,4,0.50178224,0.11624426,0,0,adulto
ICB_03540_007,ICB_156,copd,AKG C417L Microphone,80.0,0,1,4,0.4181807,0.24437739,0,2,adulto
ICB_03541_000,ICB_156,copd,AKG C417L Microphone,80.0,1,0,4,0.813562,0.19803573,1,1,adulto
ICB_03541_001,ICB_156,copd,AKG C417L Microphone,80.0,0,1,4,0.37697566,0.6352492,0,2,adulto
ICB_03541_002,ICB_156,copd,AKG C417L Microphone,80.0,1,1,4,0.4983504,0.24338552,0,3,adulto
ICB_03541_003,ICB_156,copd,AKG C417L Microphone,80.0,1,1,4,0.4560668,0.29023677,0,3,adulto
ICB_03541_004,ICB_156,copd,AKG C417L Microphone,80.0,1,1,4,0.25583008,0.6979465,0,3,adulto
ICB_03541_005,ICB_156,copd,AKG C417L Microphone,80.0,1,0,4,0.7025715,0.36011994,1,1,adulto
ICB_03541_006,ICB_156,copd,AKG C417L Microphone,80.0,1,1,4,0.5282933,0.5249469,0,3,adulto
ICB_03541_007,ICB_156,copd,AKG C417L Microphone,80.0,1,1,4,0.4416564,0.33168352,0,3,adulto
ICB_03600_000,ICB_162,copd,AKG C417L Microphone,67.0,0,0,4,0.39772135,0.23865645,0,0,adulto
ICB_03600_001,ICB_162,copd,AKG C417L Microphone,67.0,0,0,4,0.45094216,0.16301438,0,0,adulto
ICB_03600_002,ICB_162,copd,AKG C417L Microphone,67.0,0,0,4,0.38710833,0.22104192,0,0,adulto
ICB_03601_000,ICB_162,copd,AKG C417L Microphone,67.0,0,0,4,0.3976275,0.12384987,0,0,adulto
ICB_03601_001,ICB_162,copd,AKG C417L Microphone,67.0,1,1,4,0.37985066,0.57705325,0,3,adulto
ICB_03601_002,ICB_162,copd,AKG C417L Microphone,67.0,0,0,4,0.27205163,0.20299369,0,0,adulto
ICB_03602_000,ICB_162,copd,AKG C417L Microphone,67.0,0,0,4,0.6457128,0.08293592,1,0,adulto
ICB_03602_001,ICB_162,copd,AKG C417L Microphone,67.0,0,0,4,0.44641688,0.10907788,0,0,adulto
ICB_03602_002,ICB_162,copd,AKG C417L Microphone,67.0,0,0,4,0.3526664,0.4698875,0,0,adulto
ICB_03603_000,ICB_162,copd,AKG C417L Microphone,67.0,0,0,4,0.30499977,0.28018668,0,0,adulto
ICB_03603_001,ICB_162,copd,AKG C417L Microphone,67.0,0,0,4,0.47723323,0.09872464,0,0,adulto
ICB_03603_002,ICB_162,copd,AKG C417L Microphone,67.0,0,0,4,0.48442894,0.6068987,0,0,adulto
ICB_03604_000,ICB_162,copd,AKG C417L Microphone,67.0,0,0,4,0.5370244,0.19233124,0,0,adulto
ICB_03604_001,ICB_162,copd,AKG C417L Microphone,67.0,0,0,4,0.45786992,0.5405619,0,0,adulto
ICB_03604_002,ICB_162,copd,AKG C417L Microphone,67.0,0,0,4,0.6165339,0.69210845,1,0,adulto
ICB_03605_000,ICB_162,copd,AKG C417L Microphone,67.0,0,0,4,0.4291875,0.8034319,2,0,adulto
ICB_03605_001,ICB_162,copd,AKG C417L Microphone,67.0,0,0,4,0.77645445,0.38878897,1,0,adulto
ICB_03605_002,ICB_162,copd,AKG C417L Microphone,67.0,0,0,4,0.67552423,0.68055636,1,0,adulto
ICB_03606_000,ICB_162,copd,AKG C417L Microphone,67.0,1,0,4,0.35236624,0.16120318,0,1,adulto
ICB_03606_001,ICB_162,copd,AKG C417L Microphone,67.0,1,0,4,0.43189764,0.13762772,0,1,adulto
ICB_03606_002,ICB_162,copd,AKG C417L Microphone,67.0,1,0,4,0.34554112,0.2219232,0,1,adulto
ICB_03607_000,ICB_162,copd,AKG C417L Microphone,67.0,0,0,4,0.31327122,0.7629465,2,0,adulto
ICB_03607_001,ICB_162,copd,AKG C417L Microphone,67.0,0,0,4,0.5114167,0.8467345,2,0,adulto
ICB_03607_002,ICB_162,copd,AKG C417L Microphone,67.0,0,0,4,0.5487821,0.80426234,2,0,adulto
ICB_03607_003,ICB_162,copd,AKG C417L Microphone,67.0,0,0,4,0.49892864,0.26753658,0,0,adulto
ICB_03608_000,ICB_162,copd,AKG C417L Microphone,67.0,0,0,4,0.4609874,0.7035407,0,0,adulto
ICB_03608_001,ICB_162,copd,AKG C417L Microphone,67.0,0,0,4,0.53149354,0.70696086,0,0,adulto
ICB_03608_002,ICB_162,copd,AKG C417L Microphone,67.0,0,0,4,0.48018152,0.7486867,0,0,adulto
ICB_03608_003,ICB_162,copd,AKG C417L Microphone,67.0,0,0,4,0.54802185,0.78649414,2,0,adulto
ICB_03609_000,ICB_162,copd,AKG C417L Microphone,67.0,0,0,4,0.37183103,0.79741514,2,0,adulto
ICB_03609_001,ICB_162,copd,AKG C417L Microphone,67.0,0,0,4,0.5580249,0.8185264,3,0,adulto
ICB_03609_002,ICB_162,copd,AKG C417L Microphone,67.0,0,0,4,0.40272167,0.9632303,2,0,adulto
ICB_03609_003,ICB_162,copd,AKG C417L Microphone,67.0,0,0,4,0.455433,0.88410413,2,0,adulto
ICB_03610_000,ICB_162,copd,AKG C417L Microphone,67.0,0,0,4,0.25206742,0.6818399,0,0,adulto
ICB_03610_001,ICB_162,copd,AKG C417L Microphone,67.0,0,0,4,0.5948233,0.63611674,1,0,adulto
ICB_03610_002,ICB_162,copd,AKG C417L Microphone,67.0,0,0,4,0.38382214,0.974974,2,0,adulto
ICB_03610_003,ICB_162,copd,AKG C417L Microphone,67.0,0,0,4,0.28774682,0.9333693,2,0,adulto
ICB_03611_000,ICB_162,copd,AKG C417L Microphone,67.0,0,0,4,0.19602235,0.8399519,2,0,adulto
ICB_03611_001,ICB_162,copd,AKG C417L Microphone,67.0,0,0,4,0.3581776,0.5407428,0,0,adulto
ICB_03611_002,ICB_162,copd,AKG C417L Microphone,67.0,0,0,4,0.3122819,0.49294367,0,0,adulto
ICB_03611_003,ICB_162,copd,AKG C417L Microphone,67.0,0,0,4,0.66422766,0.28018945,1,0,adulto
ICB_03612_000,ICB_162,copd,AKG C417L Microphone,67.0,0,0,4,0.36105764,0.62793654,0,0,adulto
ICB_03612_001,ICB_162,copd,AKG C417L Microphone,67.0,0,0,4,0.42535976,0.490166,0,0,adulto
ICB_03612_002,ICB_162,copd,AKG C417L Microphone,67.0,0,0,4,0.3401893,0.74001485,0,0,adulto
ICB_03612_003,ICB_162,copd,AKG C417L Microphone,67.0,0,0,4,0.35306436,0.3472564,0,0,adulto
ICB_03613_000,ICB_162,copd,AKG C417L Microphone,67.0,0,0,4,0.4288671,0.9128257,2,0,adulto
ICB_03613_001,ICB_162,copd,AKG C417L Microphone,67.0,0,0,4,0.3521346,0.6561451,0,0,adulto
ICB_03613_002,ICB_162,copd,AKG C417L Microphone,67.0,0,0,4,0.33559716,0.81132364,2,0,adulto
ICB_03613_003,ICB_162,copd,AKG C417L Microphone,67.0,0,0,4,0.683648,0.31817,1,0,adulto
ICB_03614_000,ICB_162,copd,AKG C417L Microphone,67.0,0,0,4,0.057510775,0.98674786,2,0,adulto
ICB_03614_001,ICB_162,copd,AKG C417L Microphone,67.0,0,0,4,0.13517202,0.5290988,0,0,adulto
ICB_03614_002,ICB_162,copd,AKG C417L Microphone,67.0,0,0,4,0.6009412,0.5551386,1,0,adulto
ICB_03614_003,ICB_162,copd,AKG C417L Microphone,67.0,0,0,4,0.52612084,0.36103612,0,0,adulto
ICB_03615_000,ICB_162,copd,AKG C417L Microphone,67.0,0,0,4,0.6234118,0.59526956,1,0,adulto
ICB_03615_001,ICB_162,copd,AKG C417L Microphone,67.0,0,0,4,0.56821424,0.8455489,3,0,adulto
ICB_03615_002,ICB_162,copd,AKG C417L Microphone,67.0,0,0,4,0.5708068,0.92894423,3,0,adulto
ICB_03615_003,ICB_162,copd,AKG C417L Microphone,67.0,0,0,4,0.104283765,0.8940875,2,0,adulto
ICB_03616_000,ICB_162,copd,AKG C417L Microphone,67.0,0,0,4,0.14837198,0.7261687,0,0,adulto
ICB_03616_001,ICB_162,copd,AKG C417L Microphone,67.0,0,0,4,0.38331056,0.64669365,0,0,adulto
ICB_03616_002,ICB_162,copd,AKG C417L Microphone,67.0,0,0,4,0.41231808,0.32008246,0,0,adulto
ICB_03616_003,ICB_162,copd,AKG C417L Microphone,67.0,0,0,4,0.387461,0.16976827,0,0,adulto
ICB_03617_000,ICB_162,copd,AKG C417L Microphone,67.0,0,0,4,0.2168548,0.9015283,2,0,adulto
ICB_03617_001,ICB_162,copd,AKG C417L Microphone,67.0,0,0,4,0.27211806,0.13851966,0,0,adulto
ICB_03617_002,ICB_162,copd,AKG C417L Microphone,67.0,0,0,4,0.29869542,0.8407928,2,0,adulto
ICB_03617_003,ICB_162,copd,AKG C417L Microphone,67.0,0,0,4,0.10478737,0.13638234,0,0,adulto
ICB_03618_000,ICB_162,copd,AKG C417L Microphone,67.0,0,0,4,0.55782396,0.46523136,1,0,adulto
ICB_03618_001,ICB_162,copd,AKG C417L Microphone,67.0,0,0,4,0.18532595,0.57774997,0,0,adulto
ICB_03618_002,ICB_162,copd,AKG C417L Microphone,67.0,0,0,4,0.34177834,0.8810171,2,0,adulto
ICB_03618_003,ICB_162,copd,AKG C417L Microphone,67.0,0,0,4,0.56233585,0.47257063,1,0,adulto
ICB_03619_000,ICB_162,copd,AKG C417L Microphone,67.0,0,0,4,0.38317326,0.80774367,2,0,adulto
ICB_03619_001,ICB_162,copd,AKG C417L Microphone,67.0,0,0,4,0.24958114,0.53409076,0,0,adulto
ICB_03619_002,ICB_162,copd,AKG C417L Microphone,67.0,0,0,4,0.3206815,0.9445974,2,0,adulto
ICB_03619_003,ICB_162,copd,AKG C417L Microphone,67.0,0,0,4,0.6162959,0.6065901,1,0,adulto
ICB_03620_000,ICB_162,copd,AKG C417L Microphone,67.0,0,0,4,0.54949844,0.71055514,0,0,adulto
ICB_03620_001,ICB_162,copd,AKG C417L Microphone,67.0,0,0,4,0.3322781,0.53709006,0,0,adulto
ICB_03620_002,ICB_162,copd,AKG C417L Microphone,67.0,0,0,4,0.0537488,0.9858656,2,0,adulto
ICB_03620_003,ICB_162,copd,AKG C417L Microphone,67.0,0,0,4,0.29547074,0.72933394,0,0,adulto
ICB_03621_000,ICB_162,copd,AKG C417L Microphone,67.0,0,0,4,0.34069332,0.82279694,2,0,adulto
ICB_03621_001,ICB_162,copd,AKG C417L Microphone,67.0,0,0,4,0.27106646,0.40125507,0,0,adulto
ICB_03621_002,ICB_162,copd,AKG C417L Microphone,67.0,0,0,4,0.48349014,0.9751158,2,0,adulto
ICB_03621_003,ICB_162,copd,AKG C417L Microphone,67.0,0,0,4,0.49299264,0.3741019,0,0,adulto
ICB_03622_000,ICB_162,copd,AKG C417L Microphone,67.0,0,1,4,0.2859162,0.77233297,2,2,adulto
ICB_03622_001,ICB_162,copd,AKG C417L Microphone,67.0,0,0,4,0.13707119,0.7921953,2,0,adulto
ICB_03622_002,ICB_162,copd,AKG C417L Microphone,67.0,0,0,4,0.5561833,0.86621284,3,0,adulto
ICB_03622_003,ICB_162,copd,AKG C417L Microphone,67.0,0,0,4,0.32268456,0.6381055,0,0,adulto
ICB_03623_000,ICB_162,copd,AKG C417L Microphone,67.0,1,0,4,0.26669082,0.2793844,0,1,adulto
ICB_03623_001,ICB_162,copd,AKG C417L Microphone,67.0,1,0,4,0.27415118,0.2412369,0,1,adulto
ICB_03623_002,ICB_162,copd,AKG C417L Microphone,67.0,1,0,4,0.46307525,0.57223356,0,1,adulto
ICB_03623_003,ICB_162,copd,AKG C417L Microphone,67.0,0,0,4,0.32183343,0.72231585,0,0,adulto
ICB_03705_000,ICB_174,copd,AKG C417L Microphone,68.0,0,1,4,0.59811693,0.71544653,1,2,adulto
ICB_03705_001,ICB_174,copd,AKG C417L Microphone,68.0,0,0,4,0.6068761,0.26487714,1,0,adulto
ICB_03705_002,ICB_174,copd,AKG C417L Microphone,68.0,1,0,4,0.546752,0.3567079,0,1,adulto
ICB_03705_003,ICB_174,copd,AKG C417L Microphone,68.0,0,0,4,0.39336503,0.53340876,0,0,adulto
ICB_03705_004,ICB_174,copd,AKG C417L Microphone,68.0,0,0,4,0.40678862,0.4620544,0,0,adulto
ICB_03706_000,ICB_174,copd,AKG C417L Microphone,68.0,0,1,4,0.6327924,0.29622197,1,2,adulto
ICB_03706_001,ICB_174,copd,AKG C417L Microphone,68.0,1,0,4,0.4322507,0.112356976,0,1,adulto
ICB_03706_002,ICB_174,copd,AKG C417L Microphone,68.0,1,0,4,0.8253749,0.1821031,1,1,adulto
ICB_03706_003,ICB_174,copd,AKG C417L Microphone,68.0,1,0,4,0.63552266,0.13375612,1,1,adulto
ICB_03706_004,ICB_174,copd,AKG C417L Microphone,68.0,1,0,4,0.5772828,0.1305383,1,1,adulto
ICB_03707_000,ICB_174,copd,AKG C417L Microphone,68.0,0,1,4,0.36527237,0.4997379,0,2,adulto
ICB_03707_001,ICB_174,copd,AKG C417L Microphone,68.0,1,0,4,0.5826645,0.34212098,1,1,adulto
ICB_03707_002,ICB_174,copd,AKG C417L Microphone,68.0,1,0,4,0.5130797,0.19213995,0,1,adulto
ICB_03707_003,ICB_174,copd,AKG C417L Microphone,68.0,1,0,4,0.8012088,0.32372802,1,1,adulto
ICB_03707_004,ICB_174,copd,AKG C417L Microphone,68.0,1,0,4,0.67102087,0.15922722,1,1,adulto
ICB_03708_000,ICB_174,copd,AKG C417L Microphone,68.0,0,1,4,0.640408,0.7202895,1,2,adulto
ICB_03708_001,ICB_174,copd,AKG C417L Microphone,68.0,1,0,4,0.85642856,0.19146246,1,1,adulto
ICB_03708_002,ICB_174,copd,AKG C417L Microphone,68.0,1,0,4,0.7624451,0.4465716,1,1,adulto
ICB_03708_003,ICB_174,copd,AKG C417L Microphone,68.0,1,0,4,0.7342001,0.6117145,1,1,adulto
ICB_03708_004,ICB_174,copd,AKG C417L Microphone,68.0,1,0,4,0.8791443,0.4165336,1,1,adulto
ICB_03709_000,ICB_174,copd,AKG C417L Microphone,68.0,0,1,4,0.5408917,0.7148195,0,2,adulto
ICB_03709_001,ICB_174,copd,AKG C417L Microphone,68.0,1,0,4,0.7319629,0.13774082,1,1,adulto
ICB_03709_002,ICB_174,copd,AKG C417L Microphone,68.0,1,0,4,0.61550385,0.32333612,1,1,adulto
ICB_03709_003,ICB_174,copd,AKG C417L Microphone,68.0,1,0,4,0.34919998,0.47539794,0,1,adulto
ICB_03709_004,ICB_174,copd,AKG C417L Microphone,68.0,1,0,4,0.7924304,0.24955483,1,1,adulto
ICB_03710_000,ICB_174,copd,AKG C417L Microphone,68.0,1,0,4,0.51496595,0.14174506,0,1,adulto
ICB_03710_001,ICB_174,copd,AKG C417L Microphone,68.0,1,0,4,0.419749,0.14649048,0,1,adulto
ICB_03710_002,ICB_174,copd,AKG C417L Microphone,68.0,0,0,4,0.5006148,0.2412892,0,0,adulto
ICB_03710_003,ICB_174,copd,AKG C417L Microphone,68.0,1,0,4,0.2822722,0.09735551,0,1,adulto
ICB_03710_004,ICB_174,copd,AKG C417L Microphone,68.0,1,0,4,0.41088057,0.27155703,0,1,adulto
ICB_03711_000,ICB_174,copd,AKG C417L Microphone,68.0,1,0,4,0.50701183,0.55605006,0,1,adulto
ICB_03711_001,ICB_174,copd,AKG C417L Microphone,68.0,1,0,4,0.6974275,0.26014972,1,1,adulto
ICB_03711_002,ICB_174,copd,AKG C417L Microphone,68.0,1,0,4,0.4025576,0.22322942,0,1,adulto
ICB_03711_003,ICB_174,copd,AKG C417L Microphone,68.0,1,0,4,0.546709,0.49345234,0,1,adulto
ICB_03711_004,ICB_174,copd,AKG C417L Microphone,68.0,1,0,4,0.5985167,0.5861376,1,1,adulto
ICB_03712_000,ICB_174,copd,AKG C417L Microphone,68.0,1,0,4,0.32716048,0.80782294,2,1,adulto
ICB_03712_001,ICB_174,copd,AKG C417L Microphone,68.0,1,0,4,0.70299506,0.3488813,1,1,adulto
ICB_03712_002,ICB_174,copd,AKG C417L Microphone,68.0,1,0,4,0.7795684,0.21333773,1,1,adulto
ICB_03712_003,ICB_174,copd,AKG C417L Microphone,68.0,1,0,4,0.8827025,0.18617709,1,1,adulto
ICB_03712_004,ICB_174,copd,AKG C417L Microphone,68.0,1,0,4,0.7267738,0.2693451,1,1,adulto
ICB_03713_000,ICB_174,copd,AKG C417L Microphone,68.0,1,0,4,0.7289182,0.6125333,1,1,adulto
ICB_03713_001,ICB_174,copd,AKG C417L Microphone,68.0,1,0,4,0.71648073,0.77020293,3,1,adulto
ICB_03713_002,ICB_174,copd,AKG C417L Microphone,68.0,1,0,4,0.71206725,0.32402205,1,1,adulto
ICB_03713_003,ICB_174,copd,AKG C417L Microphone,68.0,1,0,4,0.57333666,0.52837944,1,1,adulto
ICB_03713_004,ICB_174,copd,AKG C417L Microphone,68.0,1,0,4,0.63951707,0.33843398,1,1,adulto
ICB_03714_000,ICB_174,copd,AKG C417L Microphone,68.0,1,0,4,0.7132228,0.5728209,1,1,adulto
ICB_03714_001,ICB_174,copd,AKG C417L Microphone,68.0,1,0,4,0.79428244,0.6659812,1,1,adulto
ICB_03714_002,ICB_174,copd,AKG C417L Microphone,68.0,1,0,4,0.7341822,0.29518792,1,1,adulto
ICB_03714_003,ICB_174,copd,AKG C417L Microphone,68.0,1,0,4,0.7069634,0.40382767,1,1,adulto
ICB_03714_004,ICB_174,copd,AKG C417L Microphone,68.0,1,0,4,0.7066924,0.5244067,1,1,adulto
ICB_03715_000,ICB_174,copd,AKG C417L Microphone,68.0,1,1,4,0.6578447,0.36710128,1,3,adulto
ICB_03715_001,ICB_174,copd,AKG C417L Microphone,68.0,1,0,4,0.68400645,0.5918602,1,1,adulto
ICB_03715_002,ICB_174,copd,AKG C417L Microphone,68.0,1,1,4,0.3504664,0.50408477,0,3,adulto
ICB_03715_003,ICB_174,copd,AKG C417L Microphone,68.0,1,0,4,0.54109824,0.28926438,0,1,adulto
ICB_03715_004,ICB_174,copd,AKG C417L Microphone,68.0,1,0,4,0.47947308,0.52603185,0,1,adulto
ICB_03716_000,ICB_174,copd,AKG C417L Microphone,68.0,0,0,4,0.49476862,0.72981834,0,0,adulto
ICB_03716_001,ICB_174,copd,AKG C417L Microphone,68.0,1,0,4,0.30748847,0.5033835,0,1,adulto
ICB_03716_002,ICB_174,copd,AKG C417L Microphone,68.0,1,0,4,0.4553146,0.14824192,0,1,adulto
ICB_03716_003,ICB_174,copd,AKG C417L Microphone,68.0,1,0,4,0.7941808,0.19465101,1,1,adulto
ICB_03716_004,ICB_174,copd,AKG C417L Microphone,68.0,0,0,4,0.49346942,0.16487984,0,0,adulto
ICB_03717_000,ICB_174,copd,AKG C417L Microphone,68.0,0,0,4,0.44765878,0.42699578,0,0,adulto
ICB_03717_001,ICB_174,copd,AKG C417L Microphone,68.0,0,0,4,0.60650146,0.62916595,1,0,adulto
ICB_03717_002,ICB_174,copd,AKG C417L Microphone,68.0,1,0,4,0.41020536,0.46610653,0,1,adulto
ICB_03717_003,ICB_174,copd,AKG C417L Microphone,68.0,1,0,4,0.74017674,0.24588117,1,1,adulto
ICB_03717_004,ICB_174,copd,AKG C417L Microphone,68.0,1,0,4,0.6061051,0.23428804,1,1,adulto
ICB_03718_000,ICB_174,copd,AKG C417L Microphone,68.0,0,0,4,0.6694989,0.17873956,1,0,adulto
ICB_03718_001,ICB_174,copd,AKG C417L Microphone,68.0,1,0,4,0.6281839,0.06919645,1,1,adulto
ICB_03718_002,ICB_174,copd,AKG C417L Microphone,68.0,1,0,4,0.630021,0.14362825,1,1,adulto
ICB_03718_003,ICB_174,copd,AKG C417L Microphone,68.0,1,0,4,0.6475846,0.09015994,1,1,adulto
ICB_03718_004,ICB_174,copd,AKG C417L Microphone,68.0,1,0,4,0.5281375,0.22522914,0,1,adulto
ICB_03719_000,ICB_174,copd,AKG C417L Microphone,68.0,0,0,4,0.42155716,0.53851104,0,0,adulto
ICB_03719_001,ICB_174,copd,AKG C417L Microphone,68.0,1,0,4,0.55444044,0.5348562,1,1,adulto
ICB_03719_002,ICB_174,copd,AKG C417L Microphone,68.0,1,0,4,0.6443233,0.64041924,1,1,adulto
ICB_03719_003,ICB_174,copd,AKG C417L Microphone,68.0,1,0,4,0.40696064,0.21075441,0,1,adulto
ICB_03719_004,ICB_174,copd,AKG C417L Microphone,68.0,1,0,4,0.5572212,0.19122489,1,1,adulto
ICB_03720_000,ICB_174,copd,AKG C417L Microphone,68.0,1,0,4,0.8224523,0.6667118,1,1,adulto
ICB_03720_001,ICB_174,copd,AKG C417L Microphone,68.0,1,0,4,0.7503333,0.3220433,1,1,adulto
ICB_03720_002,ICB_174,copd,AKG C417L Microphone,68.0,1,0,4,0.7720655,0.25704294,1,1,adulto
ICB_03720_003,ICB_174,copd,AKG C417L Microphone,68.0,1,0,4,0.8686219,0.36274573,1,1,adulto
ICB_03720_004,ICB_174,copd,AKG C417L Microphone,68.0,1,0,4,0.61963755,0.22381094,1,1,adulto
ICB_03721_000,ICB_174,copd,AKG C417L Microphone,68.0,1,0,4,0.48353478,0.81594294,2,1,adulto
ICB_03721_001,ICB_174,copd,AKG C417L Microphone,68.0,1,0,4,0.4647197,0.2613388,0,1,adulto
ICB_03721_002,ICB_174,copd,AKG C417L Microphone,68.0,1,0,4,0.7414125,0.45710862,1,1,adulto
ICB_03721_003,ICB_174,copd,AKG C417L Microphone,68.0,1,0,4,0.69957244,0.6717354,1,1,adulto
ICB_03721_004,ICB_174,copd,AKG C417L Microphone,68.0,1,0,4,0.72120416,0.56356025,1,1,adulto
ICB_03722_000,ICB_174,copd,AKG C417L Microphone,68.0,1,0,4,0.38533992,0.1110143,0,1,adulto
ICB_03722_001,ICB_174,copd,AKG C417L Microphone,68.0,0,0,4,0.2981881,0.022906264,0,0,adulto
ICB_03722_002,ICB_174,copd,AKG C417L Microphone,68.0,1,0,4,0.41367313,0.11876089,0,1,adulto
ICB_03722_003,ICB_174,copd,AKG C417L Microphone,68.0,1,0,4,0.5780352,0.47613773,1,1,adulto
ICB_03722_004,ICB_174,copd,AKG C417L Microphone,68.0,0,0,4,0.205337,0.45285246,0,0,adulto
ICB_03723_000,ICB_174,copd,AKG C417L Microphone,68.0,1,0,4,0.7210266,0.3896839,1,1,adulto
ICB_03723_001,ICB_174,copd,AKG C417L Microphone,68.0,0,0,4,0.5900888,0.48936525,1,0,adulto
ICB_03723_002,ICB_174,copd,AKG C417L Microphone,68.0,0,0,4,0.6560274,0.34732682,1,0,adulto
ICB_03723_003,ICB_174,copd,AKG C417L Microphone,68.0,0,0,4,0.60817677,0.55803716,1,0,adulto
ICB_03724_000,ICB_174,copd,AKG C417L Microphone,68.0,1,0,4,0.34418824,0.71948475,0,1,adulto
ICB_03724_001,ICB_174,copd,AKG C417L Microphone,68.0,1,0,4,0.6810601,0.52285373,1,1,adulto
ICB_03724_002,ICB_174,copd,AKG C417L Microphone,68.0,1,0,4,0.62804353,0.86165744,3,1,adulto
ICB_03724_003,ICB_174,copd,AKG C417L Microphone,68.0,1,0,4,0.35153884,0.7004293,0,1,adulto
ICB_03725_000,ICB_174,copd,AKG C417L Microphone,68.0,1,0,4,0.6309944,0.22363214,1,1,adulto
ICB_03725_001,ICB_174,copd,AKG C417L Microphone,68.0,1,0,4,0.7496876,0.15871271,1,1,adulto
ICB_03725_002,ICB_174,copd,AKG C417L Microphone,68.0,1,0,4,0.63194466,0.48885107,1,1,adulto
ICB_03725_003,ICB_174,copd,AKG C417L Microphone,68.0,1,0,4,0.5434662,0.56413233,0,1,adulto
ICB_03726_000,ICB_174,copd,AKG C417L Microphone,68.0,1,0,4,0.5360474,0.18352294,0,1,adulto
ICB_03726_001,ICB_174,copd,AKG C417L Microphone,68.0,1,0,4,0.80403525,0.49471074,1,1,adulto
ICB_03726_002,ICB_174,copd,AKG C417L Microphone,68.0,1,0,4,0.5097713,0.591668,0,1,adulto
ICB_03726_003,ICB_174,copd,AKG C417L Microphone,68.0,1,0,4,0.50961554,0.4364782,0,1,adulto
ICB_03727_000,ICB_174,copd,AKG C417L Microphone,68.0,1,0,4,0.52770835,0.22158334,0,1,adulto
ICB_03727_001,ICB_174,copd,AKG C417L Microphone,68.0,1,0,4,0.72272485,0.7255848,1,1,adulto
ICB_03727_002,ICB_174,copd,AKG C417L Microphone,68.0,0,0,4,0.40244025,0.24182859,0,0,adulto
ICB_03727_003,ICB_174,copd,AKG C417L Microphone,68.0,1,0,4,0.34915832,0.39799798,0,1,adulto
ICB_03803_000,ICB_181,copd,3M Littmann Classic II SE,65.0,0,0,4,0.62495726,0.23654214,1,0,adulto
ICB_03803_001,ICB_181,copd,3M Littmann Classic II SE,65.0,0,0,4,0.7856138,0.60540074,1,0,adulto
ICB_03803_002,ICB_181,copd,3M Littmann Classic II SE,65.0,0,0,4,0.64807254,0.24487753,1,0,adulto
ICB_03803_003,ICB_181,copd,3M Littmann Classic II SE,65.0,0,0,4,0.3471714,0.2968376,0,0,adulto
ICB_03804_000,ICB_181,copd,3M Littmann Classic II SE,65.0,0,0,4,0.12188565,0.052438308,0,0,adulto
ICB_03804_001,ICB_181,copd,3M Littmann Classic II SE,65.0,0,0,4,0.11206396,0.6354886,0,0,adulto
ICB_03804_002,ICB_181,copd,3M Littmann Classic II SE,65.0,0,0,4,0.26696953,0.34264943,0,0,adulto
ICB_03804_003,ICB_181,copd,3M Littmann Classic II SE,65.0,0,0,4,0.12760617,0.6234018,0,0,adulto
ICB_03805_000,ICB_181,copd,3M Littmann Classic II SE,65.0,1,0,4,0.70684874,0.17077301,1,1,adulto
ICB_03805_001,ICB_181,copd,3M Littmann Classic II SE,65.0,1,0,4,0.69045573,0.33870187,1,1,adulto
ICB_03805_002,ICB_181,copd,3M Littmann Classic II SE,65.0,0,0,4,0.77946347,0.16033429,1,0,adulto
ICB_03805_003,ICB_181,copd,3M Littmann Classic II SE,65.0,0,0,4,0.5710522,0.2572812,1,0,adulto
ICB_03806_000,ICB_181,copd,3M Littmann Classic II SE,65.0,0,0,4,0.49656913,0.14048977,0,0,adulto
ICB_03806_001,ICB_181,copd,3M Littmann Classic II SE,65.0,0,0,4,0.17903596,0.2829774,0,0,adulto
ICB_03806_002,ICB_181,copd,3M Littmann Classic II SE,65.0,0,0,4,0.235839,0.16696332,0,0,adulto
ICB_03806_003,ICB_181,copd,3M Littmann Classic II SE,65.0,0,0,4,0.18488915,0.60751516,0,0,adulto
ICB_03806_004,ICB_181,copd,3M Littmann Classic II SE,65.0,0,0,4,0.3441132,0.25384808,0,0,adulto
ICB_03846_000,ICB_189,copd,3M Littmann Classic II SE,75.0,1,0,4,0.60944915,0.17389521,1,1,adulto
ICB_03846_001,ICB_189,copd,3M Littmann Classic II SE,75.0,1,0,4,0.7492192,0.16735491,1,1,adulto
ICB_03846_002,ICB_189,copd,3M Littmann Classic II SE,75.0,0,0,4,0.6559338,0.15916176,1,0,adulto
ICB_03846_003,ICB_189,copd,3M Littmann Classic II SE,75.0,0,0,4,0.5098469,0.26002014,0,0,adulto
ICB_03846_004,ICB_189,copd,3M Littmann Classic II SE,75.0,0,0,4,0.05346285,0.08329631,0,0,adulto
ICB_03847_000,ICB_190,respiratory_infection,AKG C417L Microphone,3.0,0,0,4,0.28280136,0.67429346,0,0,pediátrico (<18)
ICB_03847_001,ICB_190,respiratory_infection,AKG C417L Microphone,3.0,0,0,4,0.28017893,0.71103567,0,0,pediátrico (<18)
ICB_03847_002,ICB_190,respiratory_infection,AKG C417L Microphone,3.0,0,0,4,0.6495773,0.5088767,1,0,pediátrico (<18)
ICB_03847_003,ICB_190,respiratory_infection,AKG C417L Microphone,3.0,0,0,4,0.13486345,0.7159369,0,0,pediátrico (<18)
ICB_03851_000,ICB_192,copd,3M Littmann Classic II SE,69.0,0,0,4,0.2070532,0.20768401,0,0,adulto
ICB_03851_001,ICB_192,copd,3M Littmann Classic II SE,69.0,0,1,4,0.4941404,0.9612223,2,2,adulto
ICB_03851_002,ICB_192,copd,3M Littmann Classic II SE,69.0,0,1,4,0.58035904,0.9337922,3,2,adulto
ICB_03851_003,ICB_192,copd,3M Littmann Classic II SE,69.0,0,1,4,0.50283074,0.8265158,2,2,adulto
ICB_03851_004,ICB_192,copd,3M Littmann Classic II SE,69.0,0,1,4,0.5337428,0.97635436,2,2,adulto
ICB_03851_005,ICB_192,copd,3M Littmann Classic II SE,69.0,1,1,4,0.5351204,0.9032537,2,3,adulto
ICB_03851_006,ICB_192,copd,3M Littmann Classic II SE,69.0,0,1,4,0.31820506,0.9140732,2,2,adulto
ICB_03851_007,ICB_192,copd,3M Littmann Classic II SE,69.0,0,1,4,0.116675384,0.9904885,2,2,adulto
ICB_03852_000,ICB_192,copd,3M Littmann Classic II SE,69.0,0,0,4,0.23030613,0.26800403,0,0,adulto
ICB_03852_001,ICB_192,copd,3M Littmann Classic II SE,69.0,0,1,4,0.26600733,0.75192046,2,2,adulto
ICB_03852_002,ICB_192,copd,3M Littmann Classic II SE,69.0,0,1,4,0.2539399,0.9323685,2,2,adulto
ICB_03852_003,ICB_192,copd,3M Littmann Classic II SE,69.0,0,1,4,0.2309775,0.83169705,2,2,adulto
ICB_03852_004,ICB_192,copd,3M Littmann Classic II SE,69.0,0,1,4,0.44970462,0.74689037,0,2,adulto
ICB_03852_005,ICB_192,copd,3M Littmann Classic II SE,69.0,0,1,4,0.47255036,0.69708925,0,2,adulto
ICB_03852_006,ICB_192,copd,3M Littmann Classic II SE,69.0,0,1,4,0.4884765,0.7615474,2,2,adulto
ICB_03852_007,ICB_192,copd,3M Littmann Classic II SE,69.0,0,1,4,0.18883201,0.9889087,2,2,adulto
ICB_03853_000,ICB_192,copd,3M Littmann Classic II SE,69.0,0,1,4,0.35890663,0.40116033,0,2,adulto
ICB_03853_001,ICB_192,copd,3M Littmann Classic II SE,69.0,1,1,4,0.45629305,0.7193786,0,3,adulto
ICB_03853_002,ICB_192,copd,3M Littmann Classic II SE,69.0,0,1,4,0.29248223,0.6147062,0,2,adulto
ICB_03853_003,ICB_192,copd,3M Littmann Classic II SE,69.0,1,1,4,0.7293072,0.8641442,3,3,adulto
ICB_03853_004,ICB_192,copd,3M Littmann Classic II SE,69.0,0,1,4,0.17658506,0.76297957,2,2,adulto
ICB_03853_005,ICB_192,copd,3M Littmann Classic II SE,69.0,0,1,4,0.35206375,0.9494879,2,2,adulto
ICB_03853_006,ICB_192,copd,3M Littmann Classic II SE,69.0,0,1,4,0.5551989,0.9480588,3,2,adulto
ICB_03853_007,ICB_192,copd,3M Littmann Classic II SE,69.0,0,1,4,0.085913315,0.59533,0,2,adulto
ICB_03854_000,ICB_192,copd,3M Littmann Classic II SE,69.0,0,0,4,0.6026695,0.16732846,1,0,adulto
ICB_03854_001,ICB_192,copd,3M Littmann Classic II SE,69.0,0,1,4,0.5288634,0.6337675,0,2,adulto
ICB_03854_002,ICB_192,copd,3M Littmann Classic II SE,69.0,0,1,4,0.30938467,0.9231827,2,2,adulto
ICB_03854_003,ICB_192,copd,3M Littmann Classic II SE,69.0,0,1,4,0.3089492,0.53591245,0,2,adulto
ICB_03854_004,ICB_192,copd,3M Littmann Classic II SE,69.0,0,1,4,0.48954958,0.7396822,0,2,adulto
ICB_03854_005,ICB_192,copd,3M Littmann Classic II SE,69.0,0,1,4,0.61805034,0.9766492,3,2,adulto
ICB_03854_006,ICB_192,copd,3M Littmann Classic II SE,69.0,0,1,4,0.19492523,0.57080895,0,2,adulto
ICB_03854_007,ICB_192,copd,3M Littmann Classic II SE,69.0,0,1,4,2.2248043e-08,0.9312536,2,2,adulto
ICB_03855_000,ICB_192,copd,3M Littmann Classic II SE,69.0,1,0,4,0.6657859,0.22634552,1,1,adulto
ICB_03855_001,ICB_192,copd,3M Littmann Classic II SE,69.0,0,1,4,0.35478336,0.45403716,0,2,adulto
ICB_03855_002,ICB_192,copd,3M Littmann Classic II SE,69.0,0,1,4,0.51688844,0.5512039,0,2,adulto
ICB_03855_003,ICB_192,copd,3M Littmann Classic II SE,69.0,0,1,4,0.35528624,0.6527487,0,2,adulto
ICB_03855_004,ICB_192,copd,3M Littmann Classic II SE,69.0,0,1,4,0.2820558,0.2363763,0,2,adulto
ICB_03855_005,ICB_192,copd,3M Littmann Classic II SE,69.0,0,1,4,0.058367454,0.5857548,0,2,adulto
ICB_03855_006,ICB_192,copd,3M Littmann Classic II SE,69.0,0,1,4,0.3845607,0.75825864,2,2,adulto
ICB_03856_000,ICB_192,copd,3M Littmann Classic II SE,69.0,0,0,4,0.32767743,0.2863956,0,0,adulto
ICB_03856_001,ICB_192,copd,3M Littmann Classic II SE,69.0,0,1,4,0.26378837,0.9091195,2,2,adulto
ICB_03856_002,ICB_192,copd,3M Littmann Classic II SE,69.0,0,1,4,0.13625345,0.74714065,0,2,adulto
ICB_03856_003,ICB_192,copd,3M Littmann Classic II SE,69.0,0,1,4,0.40078938,0.8845903,2,2,adulto
ICB_03856_004,ICB_192,copd,3M Littmann Classic II SE,69.0,0,1,4,0.24184236,0.8357826,2,2,adulto
ICB_03856_005,ICB_192,copd,3M Littmann Classic II SE,69.0,0,1,4,0.5411157,0.6593149,0,2,adulto
ICB_03856_006,ICB_192,copd,3M Littmann Classic II SE,69.0,0,1,4,0.51888776,0.9230018,2,2,adulto
ICB_03879_000,ICB_196,bronchiectasis,3M Littmann Classic II SE,21.0,0,0,4,0.5245437,0.26057282,0,0,adulto
ICB_03879_001,ICB_196,bronchiectasis,3M Littmann Classic II SE,21.0,0,0,4,0.78947294,0.31582868,1,0,adulto
ICB_03879_002,ICB_196,bronchiectasis,3M Littmann Classic II SE,21.0,0,0,4,0.47691393,0.17023645,0,0,adulto
ICB_03879_003,ICB_196,bronchiectasis,3M Littmann Classic II SE,21.0,0,0,4,0.6682435,0.10403929,1,0,adulto
ICB_03879_004,ICB_196,bronchiectasis,3M Littmann Classic II SE,21.0,0,0,4,0.43532145,0.3088756,0,0,adulto
ICB_03879_005,ICB_196,bronchiectasis,3M Littmann Classic II SE,21.0,0,0,4,0.6887805,0.16072711,1,0,adulto
ICB_03978_000,ICB_206,bronchiolitis_asthma,3M Littmann Classic II SE,3.0,0,0,4,0.024369612,0.17482042,0,0,pediátrico (<18)
ICB_03978_001,ICB_206,bronchiolitis_asthma,3M Littmann Classic II SE,3.0,0,0,4,0.08584812,0.90185636,2,0,pediátrico (<18)
ICB_03978_002,ICB_206,bronchiolitis_asthma,3M Littmann Classic II SE,3.0,0,1,4,0.23690835,0.8382783,2,2,pediátrico (<18)
ICB_03978_003,ICB_206,bronchiolitis_asthma,3M Littmann Classic II SE,3.0,0,1,4,0.019069796,0.9872318,2,2,pediátrico (<18)
ICB_03978_004,ICB_206,bronchiolitis_asthma,3M Littmann Classic II SE,3.0,0,1,4,0.22887771,0.84699655,2,2,pediátrico (<18)
ICB_03978_005,ICB_206,bronchiolitis_asthma,3M Littmann Classic II SE,3.0,0,1,4,0.1477075,0.9430678,2,2,pediátrico (<18)
ICB_03978_006,ICB_206,bronchiolitis_asthma,3M Littmann Classic II SE,3.0,1,1,4,0.6080726,0.79760194,3,3,pediátrico (<18)
ICB_03978_007,ICB_206,bronchiolitis_asthma,3M Littmann Classic II SE,3.0,0,1,4,0.2632647,0.5140983,0,2,pediátrico (<18)
ICB_03978_008,ICB_206,bronchiolitis_asthma,3M Littmann Classic II SE,3.0,0,0,4,0.3626532,0.19428752,0,0,pediátrico (<18)
ICB_03978_009,ICB_206,bronchiolitis_asthma,3M Littmann Classic II SE,3.0,0,1,4,0.48064408,0.83548903,2,2,pediátrico (<18)
ICB_03978_010,ICB_206,bronchiolitis_asthma,3M Littmann Classic II SE,3.0,0,0,4,0.43415332,0.48919863,0,0,pediátrico (<18)
ICB_03979_000,ICB_206,bronchiolitis_asthma,3M Littmann Classic II SE,3.0,0,0,4,0.29632723,0.823308,2,0,pediátrico (<18)
ICB_03979_001,ICB_206,bronchiolitis_asthma,3M Littmann Classic II SE,3.0,0,1,4,0.24509145,0.946166,2,2,pediátrico (<18)
ICB_03979_002,ICB_206,bronchiolitis_asthma,3M Littmann Classic II SE,3.0,0,1,4,0.14486177,0.8358804,2,2,pediátrico (<18)
ICB_03979_003,ICB_206,bronchiolitis_asthma,3M Littmann Classic II SE,3.0,0,1,4,0.16235639,0.7125867,0,2,pediátrico (<18)
ICB_03979_004,ICB_206,bronchiolitis_asthma,3M Littmann Classic II SE,3.0,0,1,4,0.3601811,0.8845751,2,2,pediátrico (<18)
ICB_03979_005,ICB_206,bronchiolitis_asthma,3M Littmann Classic II SE,3.0,0,1,4,0.19408864,0.87483436,2,2,pediátrico (<18)
ICB_03979_006,ICB_206,bronchiolitis_asthma,3M Littmann Classic II SE,3.0,0,1,4,0.16886029,0.93906957,2,2,pediátrico (<18)
ICB_03979_007,ICB_206,bronchiolitis_asthma,3M Littmann Classic II SE,3.0,0,1,4,0.14012608,0.9986615,2,2,pediátrico (<18)
ICB_03980_000,ICB_206,bronchiolitis_asthma,3M Littmann Classic II SE,3.0,0,1,4,0.2784287,0.5477242,0,2,pediátrico (<18)
ICB_03980_001,ICB_206,bronchiolitis_asthma,3M Littmann Classic II SE,3.0,0,1,4,0.04177181,0.999501,2,2,pediátrico (<18)
ICB_03980_002,ICB_206,bronchiolitis_asthma,3M Littmann Classic II SE,3.0,0,1,4,0.18990576,0.75494504,2,2,pediátrico (<18)
ICB_03980_003,ICB_206,bronchiolitis_asthma,3M Littmann Classic II SE,3.0,0,1,4,0.039348595,0.9879529,2,2,pediátrico (<18)
ICB_03980_004,ICB_206,bronchiolitis_asthma,3M Littmann Classic II SE,3.0,0,1,4,0.16230682,0.970214,2,2,pediátrico (<18)
ICB_03980_005,ICB_206,bronchiolitis_asthma,3M Littmann Classic II SE,3.0,0,1,4,0.115760066,0.96643084,2,2,pediátrico (<18)
ICB_03980_006,ICB_206,bronchiolitis_asthma,3M Littmann Classic II SE,3.0,0,1,4,0.095878154,0.9986142,2,2,pediátrico (<18)
ICB_03980_007,ICB_206,bronchiolitis_asthma,3M Littmann Classic II SE,3.0,0,1,4,0.11558224,0.99003243,2,2,pediátrico (<18)
ICB_04015_000,ICB_213,copd,AKG C417L Microphone,58.0,0,0,4,0.79644454,0.42035758,1,0,adulto
ICB_04015_001,ICB_213,copd,AKG C417L Microphone,58.0,0,0,4,0.4600551,0.5001559,0,0,adulto
ICB_04015_002,ICB_213,copd,AKG C417L Microphone,58.0,0,0,4,0.39546916,0.10691867,0,0,adulto
ICB_04015_003,ICB_213,copd,AKG C417L Microphone,58.0,0,0,4,0.5315853,0.4800395,0,0,adulto
ICB_04015_004,ICB_213,copd,AKG C417L Microphone,58.0,0,0,4,0.7188494,0.100728646,1,0,adulto
ICB_04015_005,ICB_213,copd,AKG C417L Microphone,58.0,0,0,4,0.69888026,0.5946521,1,0,adulto
ICB_04016_000,ICB_213,copd,AKG C417L Microphone,58.0,0,0,4,0.5888665,0.47193834,1,0,adulto
ICB_04016_001,ICB_213,copd,AKG C417L Microphone,58.0,0,0,4,0.62603503,0.1472553,1,0,adulto
ICB_04016_002,ICB_213,copd,AKG C417L Microphone,58.0,0,0,4,0.22849335,0.30341575,0,0,adulto
ICB_04016_003,ICB_213,copd,AKG C417L Microphone,58.0,0,0,4,0.61120504,0.71514326,1,0,adulto
ICB_04016_004,ICB_213,copd,AKG C417L Microphone,58.0,0,0,4,0.68859494,0.4926087,1,0,adulto
ICB_04016_005,ICB_213,copd,AKG C417L Microphone,58.0,0,0,4,0.68518066,0.28465712,1,0,adulto
ICB_04017_000,ICB_213,copd,AKG C417L Microphone,58.0,0,0,4,0.7103977,0.39493343,1,0,adulto
ICB_04017_001,ICB_213,copd,AKG C417L Microphone,58.0,0,0,4,0.6609035,0.42034516,1,0,adulto
ICB_04017_002,ICB_213,copd,AKG C417L Microphone,58.0,0,0,4,0.6007803,0.2022081,1,0,adulto
ICB_04017_003,ICB_213,copd,AKG C417L Microphone,58.0,0,0,4,0.55128324,0.5278722,1,0,adulto
ICB_04017_004,ICB_213,copd,AKG C417L Microphone,58.0,0,0,4,0.79628474,0.4399755,1,0,adulto
ICB_04017_005,ICB_213,copd,AKG C417L Microphone,58.0,0,0,4,0.55080086,0.16272861,1,0,adulto
ICB_04018_000,ICB_213,copd,AKG C417L Microphone,58.0,0,0,4,0.75724936,0.5551639,1,0,adulto
ICB_04018_001,ICB_213,copd,AKG C417L Microphone,58.0,0,0,4,0.7150717,0.2923196,1,0,adulto
ICB_04018_002,ICB_213,copd,AKG C417L Microphone,58.0,1,0,4,0.6859726,0.21102268,1,1,adulto
ICB_04018_003,ICB_213,copd,AKG C417L Microphone,58.0,0,0,4,0.62876517,0.3925098,1,0,adulto
ICB_04018_004,ICB_213,copd,AKG C417L Microphone,58.0,1,0,4,0.8005331,0.19901988,1,1,adulto
ICB_04018_005,ICB_213,copd,AKG C417L Microphone,58.0,1,0,4,0.48223737,0.6411165,0,1,adulto
ICB_04019_000,ICB_213,copd,AKG C417L Microphone,58.0,0,0,4,0.86538154,0.7487324,1,0,adulto
ICB_04019_001,ICB_213,copd,AKG C417L Microphone,58.0,1,0,4,0.6373427,0.6125674,1,1,adulto
ICB_04019_002,ICB_213,copd,AKG C417L Microphone,58.0,1,0,4,0.68826365,0.2242906,1,1,adulto
ICB_04019_003,ICB_213,copd,AKG C417L Microphone,58.0,1,0,4,0.62044954,0.5175012,1,1,adulto
ICB_04019_004,ICB_213,copd,AKG C417L Microphone,58.0,1,0,4,0.60989463,0.6227151,1,1,adulto
ICB_04019_005,ICB_213,copd,AKG C417L Microphone,58.0,0,0,4,0.6870009,0.12161361,1,0,adulto
ICB_04020_000,ICB_213,copd,AKG C417L Microphone,58.0,0,0,4,0.7887123,0.13785306,1,0,adulto
ICB_04020_001,ICB_213,copd,AKG C417L Microphone,58.0,0,0,4,0.28119102,0.05775369,0,0,adulto
ICB_04020_002,ICB_213,copd,AKG C417L Microphone,58.0,0,0,4,0.34520906,0.32389742,0,0,adulto
ICB_04020_003,ICB_213,copd,AKG C417L Microphone,58.0,0,0,4,0.30529842,0.42386153,0,0,adulto
ICB_04020_004,ICB_213,copd,AKG C417L Microphone,58.0,0,0,4,0.21732406,0.033531293,0,0,adulto
ICB_04020_005,ICB_213,copd,AKG C417L Microphone,58.0,0,0,4,0.13212521,0.16403356,0,0,adulto
ICB_04021_000,ICB_213,copd,AKG C417L Microphone,58.0,0,0,4,0.5885895,0.1638495,1,0,adulto
ICB_04021_001,ICB_213,copd,AKG C417L Microphone,58.0,0,0,4,0.7949587,0.11157039,1,0,adulto
ICB_04021_002,ICB_213,copd,AKG C417L Microphone,58.0,0,0,4,0.6023296,0.24424396,1,0,adulto
ICB_04021_003,ICB_213,copd,AKG C417L Microphone,58.0,0,0,4,0.6550852,0.27529204,1,0,adulto
ICB_04021_004,ICB_213,copd,AKG C417L Microphone,58.0,0,0,4,0.53017074,0.42835772,0,0,adulto
ICB_04021_005,ICB_213,copd,AKG C417L Microphone,58.0,0,0,4,0.636431,0.1825376,1,0,adulto
ICB_04021_006,ICB_213,copd,AKG C417L Microphone,58.0,0,0,4,0.3852481,0.11436314,0,0,adulto
ICB_04022_000,ICB_213,copd,AKG C417L Microphone,58.0,0,0,4,0.84137905,0.6884069,1,0,adulto
ICB_04022_001,ICB_213,copd,AKG C417L Microphone,58.0,0,0,4,0.5545094,0.16929166,1,0,adulto
ICB_04022_002,ICB_213,copd,AKG C417L Microphone,58.0,0,0,4,0.5006304,0.77457523,2,0,adulto
ICB_04022_003,ICB_213,copd,AKG C417L Microphone,58.0,0,0,4,0.74286324,0.81606305,3,0,adulto
ICB_04022_004,ICB_213,copd,AKG C417L Microphone,58.0,0,0,4,0.82523096,0.5295779,1,0,adulto
ICB_04022_005,ICB_213,copd,AKG C417L Microphone,58.0,0,0,4,0.64283156,0.79252076,3,0,adulto
ICB_04022_006,ICB_213,copd,AKG C417L Microphone,58.0,0,0,4,0.44888666,0.14638872,0,0,adulto
ICB_04023_000,ICB_213,copd,AKG C417L Microphone,58.0,0,0,4,0.81605613,0.38391075,1,0,adulto
ICB_04023_001,ICB_213,copd,AKG C417L Microphone,58.0,0,0,4,0.57498556,0.1002369,1,0,adulto
ICB_04023_002,ICB_213,copd,AKG C417L Microphone,58.0,0,0,4,0.84750336,0.38528112,1,0,adulto
ICB_04023_003,ICB_213,copd,AKG C417L Microphone,58.0,0,0,4,0.77193904,0.21968022,1,0,adulto
ICB_04023_004,ICB_213,copd,AKG C417L Microphone,58.0,0,0,4,0.38143164,0.121736884,0,0,adulto
ICB_04023_005,ICB_213,copd,AKG C417L Microphone,58.0,0,0,4,0.79712284,0.24139312,1,0,adulto
ICB_04023_006,ICB_213,copd,AKG C417L Microphone,58.0,0,0,4,0.27786222,0.25961468,0,0,adulto
ICB_04024_000,ICB_213,copd,AKG C417L Microphone,58.0,0,0,4,0.62947387,0.24219677,1,0,adulto
ICB_04024_001,ICB_213,copd,AKG C417L Microphone,58.0,0,0,4,0.6916799,0.20527229,1,0,adulto
ICB_04024_002,ICB_213,copd,AKG C417L Microphone,58.0,0,0,4,0.72019833,0.35191938,1,0,adulto
ICB_04024_003,ICB_213,copd,AKG C417L Microphone,58.0,0,0,4,0.8103227,0.44556636,1,0,adulto
ICB_04024_004,ICB_213,copd,AKG C417L Microphone,58.0,0,0,4,0.83400893,0.1591109,1,0,adulto
ICB_04024_005,ICB_213,copd,AKG C417L Microphone,58.0,0,0,4,0.6135518,0.52146435,1,0,adulto
ICB_04024_006,ICB_213,copd,AKG C417L Microphone,58.0,0,0,4,0.47914565,0.6453153,0,0,adulto
ICB_04025_000,ICB_213,copd,AKG C417L Microphone,58.0,0,0,4,0.4328122,0.16476774,0,0,adulto
ICB_04025_001,ICB_213,copd,AKG C417L Microphone,58.0,0,0,4,0.6945657,0.37190905,1,0,adulto
ICB_04025_002,ICB_213,copd,AKG C417L Microphone,58.0,0,0,4,0.46338123,0.0889231,0,0,adulto
ICB_04025_003,ICB_213,copd,AKG C417L Microphone,58.0,0,0,4,0.5055072,0.14226656,0,0,adulto
ICB_04025_004,ICB_213,copd,AKG C417L Microphone,58.0,0,0,4,0.74483174,0.36200553,1,0,adulto
ICB_04025_005,ICB_213,copd,AKG C417L Microphone,58.0,0,0,4,0.4425148,0.3920845,0,0,adulto
ICB_04026_000,ICB_213,copd,AKG C417L Microphone,58.0,0,0,4,0.6237963,0.27236047,1,0,adulto
ICB_04026_001,ICB_213,copd,AKG C417L Microphone,58.0,0,0,4,0.82389987,0.38022995,1,0,adulto
ICB_04026_002,ICB_213,copd,AKG C417L Microphone,58.0,0,0,4,0.8265482,0.3657368,1,0,adulto
ICB_04026_003,ICB_213,copd,AKG C417L Microphone,58.0,0,0,4,0.6276589,0.5139794,1,0,adulto
ICB_04026_004,ICB_213,copd,AKG C417L Microphone,58.0,0,0,4,0.7676042,0.41815642,1,0,adulto
ICB_04026_005,ICB_213,copd,AKG C417L Microphone,58.0,0,0,4,0.44481283,0.30121255,0,0,adulto
ICB_04027_000,ICB_213,copd,AKG C417L Microphone,58.0,0,0,4,0.48466462,0.51776975,0,0,adulto
ICB_04027_001,ICB_213,copd,AKG C417L Microphone,58.0,1,0,4,0.6904004,0.21524051,1,1,adulto
ICB_04027_002,ICB_213,copd,AKG C417L Microphone,58.0,0,0,4,0.3945331,0.5497515,0,0,adulto
ICB_04027_003,ICB_213,copd,AKG C417L Microphone,58.0,0,0,4,0.8020981,0.2757504,1,0,adulto
ICB_04027_004,ICB_213,copd,AKG C417L Microphone,58.0,0,0,4,0.81255704,0.5709355,1,0,adulto
ICB_04027_005,ICB_213,copd,AKG C417L Microphone,58.0,0,0,4,0.7341828,0.46011743,1,0,adulto
ICB_04028_000,ICB_213,copd,AKG C417L Microphone,58.0,0,0,4,0.78239214,0.45112848,1,0,adulto
ICB_04028_001,ICB_213,copd,AKG C417L Microphone,58.0,1,0,4,0.7114754,0.44101313,1,1,adulto
ICB_04028_002,ICB_213,copd,AKG C417L Microphone,58.0,0,0,4,0.6729142,0.19056354,1,0,adulto
ICB_04028_003,ICB_213,copd,AKG C417L Microphone,58.0,0,0,4,0.6218855,0.61980593,1,0,adulto
ICB_04028_004,ICB_213,copd,AKG C417L Microphone,58.0,0,0,4,0.6816683,0.53486335,1,0,adulto
ICB_04028_005,ICB_213,copd,AKG C417L Microphone,58.0,1,0,4,0.61695004,0.40402874,1,1,adulto
ICB_04029_000,ICB_213,copd,AKG C417L Microphone,58.0,0,0,4,0.040709488,0.17351854,0,0,adulto
ICB_04029_001,ICB_213,copd,AKG C417L Microphone,58.0,0,0,4,0.16424043,0.33129364,0,0,adulto
ICB_04029_002,ICB_213,copd,AKG C417L Microphone,58.0,0,0,4,0.08371566,0.45690697,0,0,adulto
ICB_04029_003,ICB_213,copd,AKG C417L Microphone,58.0,0,0,4,0.14112443,0.103911355,0,0,adulto
ICB_04029_004,ICB_213,copd,AKG C417L Microphone,58.0,0,0,4,0.15958436,0.058794234,0,0,adulto
ICB_04029_005,ICB_213,copd,AKG C417L Microphone,58.0,0,0,4,0.12538075,0.28043187,0,0,adulto
ICB_04030_000,ICB_213,copd,AKG C417L Microphone,58.0,0,0,4,0.62077874,0.11025303,1,0,adulto
ICB_04030_001,ICB_213,copd,AKG C417L Microphone,58.0,0,0,4,0.63157463,0.09231855,1,0,adulto
ICB_04030_002,ICB_213,copd,AKG C417L Microphone,58.0,0,0,4,0.3527142,0.09232097,0,0,adulto
ICB_04030_003,ICB_213,copd,AKG C417L Microphone,58.0,0,0,4,0.6788632,0.04272138,1,0,adulto
ICB_04030_004,ICB_213,copd,AKG C417L Microphone,58.0,0,0,4,0.37522912,0.12115367,0,0,adulto
ICB_04030_005,ICB_213,copd,AKG C417L Microphone,58.0,0,0,4,0.86279607,0.013871969,1,0,adulto
ICB_04030_006,ICB_213,copd,AKG C417L Microphone,58.0,0,0,4,0.5909421,0.12996674,1,0,adulto
ICB_04031_000,ICB_213,copd,AKG C417L Microphone,58.0,1,0,4,0.6915136,0.15652084,1,1,adulto
ICB_04031_001,ICB_213,copd,AKG C417L Microphone,58.0,0,0,4,0.57515115,0.566791,1,0,adulto
ICB_04031_002,ICB_213,copd,AKG C417L Microphone,58.0,0,0,4,0.5998015,0.4480559,1,0,adulto
ICB_04031_003,ICB_213,copd,AKG C417L Microphone,58.0,0,0,4,0.59374255,0.28225026,1,0,adulto
ICB_04031_004,ICB_213,copd,AKG C417L Microphone,58.0,0,0,4,0.5768368,0.2177829,1,0,adulto
ICB_04031_005,ICB_213,copd,AKG C417L Microphone,58.0,0,0,4,0.6306784,0.15014385,1,0,adulto
ICB_04031_006,ICB_213,copd,AKG C417L Microphone,58.0,0,0,4,0.61919415,0.22395162,1,0,adulto
ICB_04032_000,ICB_213,copd,AKG C417L Microphone,58.0,1,0,4,0.75307554,0.28937733,1,1,adulto
ICB_04032_001,ICB_213,copd,AKG C417L Microphone,58.0,1,0,4,0.6071768,0.39889458,1,1,adulto
ICB_04032_002,ICB_213,copd,AKG C417L Microphone,58.0,1,0,4,0.72208816,0.31029803,1,1,adulto
ICB_04032_003,ICB_213,copd,AKG C417L Microphone,58.0,0,0,4,0.54893476,0.5437105,0,0,adulto
ICB_04032_004,ICB_213,copd,AKG C417L Microphone,58.0,1,0,4,0.78399414,0.15446164,1,1,adulto
ICB_04032_005,ICB_213,copd,AKG C417L Microphone,58.0,0,0,4,0.8292034,0.16072462,1,0,adulto
ICB_04032_006,ICB_213,copd,AKG C417L Microphone,58.0,1,0,4,0.81212497,0.67742884,1,1,adulto
ICB_04033_000,ICB_213,copd,AKG C417L Microphone,58.0,0,0,4,0.6103529,0.39791015,1,0,adulto
ICB_04033_001,ICB_213,copd,AKG C417L Microphone,58.0,0,0,4,0.6568291,0.44333673,1,0,adulto
ICB_04033_002,ICB_213,copd,AKG C417L Microphone,58.0,0,0,4,0.7757728,0.5097161,1,0,adulto
ICB_04033_003,ICB_213,copd,AKG C417L Microphone,58.0,0,0,4,0.77849287,0.65839696,1,0,adulto
ICB_04033_004,ICB_213,copd,AKG C417L Microphone,58.0,0,0,4,0.59353375,0.08560996,1,0,adulto
ICB_04033_005,ICB_213,copd,AKG C417L Microphone,58.0,1,0,4,0.77635777,0.25781476,1,1,adulto
ICB_04033_006,ICB_213,copd,AKG C417L Microphone,58.0,1,0,4,0.8053958,0.34078315,1,1,adulto
ICB_04034_000,ICB_213,copd,AKG C417L Microphone,58.0,0,0,4,0.08058268,0.30815753,0,0,adulto
ICB_04034_001,ICB_213,copd,AKG C417L Microphone,58.0,0,0,4,0.09492133,0.75165236,2,0,adulto
ICB_04034_002,ICB_213,copd,AKG C417L Microphone,58.0,0,0,4,0.14650023,0.09781761,0,0,adulto
ICB_04034_003,ICB_213,copd,AKG C417L Microphone,58.0,0,0,4,0.06581122,0.25760925,0,0,adulto
ICB_04034_004,ICB_213,copd,AKG C417L Microphone,58.0,0,0,4,0.11914451,0.08960074,0,0,adulto
ICB_04034_005,ICB_213,copd,AKG C417L Microphone,58.0,0,0,4,0.13044424,0.25627694,0,0,adulto
ICB_04034_006,ICB_213,copd,AKG C417L Microphone,58.0,0,0,4,0.09051884,0.24760056,0,0,adulto
ICB_04036_000,ICB_215,bronchiectasis,3M Littmann Classic II SE,56.0,0,0,4,0.5484793,0.03424694,0,0,adulto
ICB_04036_001,ICB_215,bronchiectasis,3M Littmann Classic II SE,56.0,0,1,4,0.24201493,0.28853327,0,2,adulto
ICB_04036_002,ICB_215,bronchiectasis,3M Littmann Classic II SE,56.0,0,1,4,0.26483184,0.56912965,0,2,adulto
ICB_04036_003,ICB_215,bronchiectasis,3M Littmann Classic II SE,56.0,0,1,4,0.27494478,0.26568434,0,2,adulto
ICB_04036_004,ICB_215,bronchiectasis,3M Littmann Classic II SE,56.0,0,1,4,0.43362072,0.16581093,0,2,adulto
ICB_04037_000,ICB_215,bronchiectasis,3M Littmann Classic II SE,56.0,0,0,4,0.03214476,0.7790346,2,0,adulto
ICB_04037_001,ICB_215,bronchiectasis,3M Littmann Classic II SE,56.0,0,0,4,0.28211895,0.31499228,0,0,adulto
ICB_04037_002,ICB_215,bronchiectasis,3M Littmann Classic II SE,56.0,0,0,4,0.15554821,0.1791695,0,0,adulto
ICB_04037_003,ICB_215,bronchiectasis,3M Littmann Classic II SE,56.0,0,0,4,0.17537357,0.2562979,0,0,adulto
ICB_04037_004,ICB_215,bronchiectasis,3M Littmann Classic II SE,56.0,0,0,4,0.32870403,0.21875314,0,0,adulto
ICB_04037_005,ICB_215,bronchiectasis,3M Littmann Classic II SE,56.0,0,0,4,0.089926556,0.3865527,0,0,adulto
ICB_04040_000,ICB_217,normal_lung,3M Littmann Classic II SE,12.0,0,0,4,0.16674311,0.08782944,0,0,pediátrico (<18)
ICB_04040_001,ICB_217,normal_lung,3M Littmann Classic II SE,12.0,0,0,4,0.61283726,0.17901504,1,0,pediátrico (<18)
ICB_04040_002,ICB_217,normal_lung,3M Littmann Classic II SE,12.0,0,0,4,0.49371037,0.017373124,0,0,pediátrico (<18)
ICB_04040_003,ICB_217,normal_lung,3M Littmann Classic II SE,12.0,0,0,4,0.11114456,0.4745261,0,0,pediátrico (<18)
ICB_04040_004,ICB_217,normal_lung,3M Littmann Classic II SE,12.0,0,0,4,0.2589842,0.021573663,0,0,pediátrico (<18)
ICB_04040_005,ICB_217,normal_lung,3M Littmann Classic II SE,12.0,0,0,4,0.058056243,0.1517848,0,0,pediátrico (<18)
ICB_04040_006,ICB_217,normal_lung,3M Littmann Classic II SE,12.0,0,0,4,0.07644267,0.024493396,0,0,pediátrico (<18)
ICB_04040_007,ICB_217,normal_lung,3M Littmann Classic II SE,12.0,0,0,4,0.16049163,0.08381547,0,0,pediátrico (<18)
ICB_04040_008,ICB_217,normal_lung,3M Littmann Classic II SE,12.0,0,0,4,0.57401055,0.042576596,1,0,pediátrico (<18)
ICB_04040_009,ICB_217,normal_lung,3M Littmann Classic II SE,12.0,0,0,4,0.24395332,0.087047815,0,0,pediátrico (<18)
ICB_04040_010,ICB_217,normal_lung,3M Littmann Classic II SE,12.0,0,0,4,1.0,1.0,3,0,pediátrico (<18)
ICB_04041_000,ICB_218,copd,WelchAllyn Meditron Master Elite,75.0,0,0,4,0.5398359,0.27328947,0,0,adulto
ICB_04041_001,ICB_218,copd,WelchAllyn Meditron Master Elite,75.0,0,0,4,0.67590564,0.14598753,1,0,adulto
ICB_04041_002,ICB_218,copd,WelchAllyn Meditron Master Elite,75.0,0,0,4,0.51973873,0.39846024,0,0,adulto
ICB_04041_003,ICB_218,copd,WelchAllyn Meditron Master Elite,75.0,0,0,4,0.68046576,0.22892843,1,0,adulto
ICB_04041_004,ICB_218,copd,WelchAllyn Meditron Master Elite,75.0,0,1,4,0.44238,0.9704497,2,2,adulto
ICB_04041_005,ICB_218,copd,WelchAllyn Meditron Master Elite,75.0,1,0,4,0.55226976,0.42495236,1,1,adulto
ICB_04041_006,ICB_218,copd,WelchAllyn Meditron Master Elite,75.0,1,0,4,0.3659059,0.48995215,0,1,adulto
ICB_04041_007,ICB_218,copd,WelchAllyn Meditron Master Elite,75.0,1,0,4,0.735725,0.45555797,1,1,adulto
ICB_04041_008,ICB_218,copd,WelchAllyn Meditron Master Elite,75.0,1,0,4,0.49516633,0.6760418,0,1,adulto
ICB_04041_009,ICB_218,copd,WelchAllyn Meditron Master Elite,75.0,1,1,4,0.20193256,0.515212,0,3,adulto
ICB_04041_010,ICB_218,copd,WelchAllyn Meditron Master Elite,75.0,1,1,4,0.39839044,0.8774477,2,3,adulto
ICB_04041_011,ICB_218,copd,WelchAllyn Meditron Master Elite,75.0,1,1,4,0.26942933,0.8293526,2,3,adulto
ICB_04041_012,ICB_218,copd,WelchAllyn Meditron Master Elite,75.0,1,1,4,0.36135188,0.9986304,2,3,adulto
ICB_04041_013,ICB_218,copd,WelchAllyn Meditron Master Elite,75.0,0,0,4,0.27434048,0.9924827,2,0,adulto
ICB_04041_014,ICB_218,copd,WelchAllyn Meditron Master Elite,75.0,1,1,4,0.2785968,0.9092402,2,3,adulto
ICB_04042_000,ICB_218,copd,WelchAllyn Meditron Master Elite,75.0,1,1,4,0.5994574,0.061633613,1,3,adulto
ICB_04042_001,ICB_218,copd,WelchAllyn Meditron Master Elite,75.0,1,1,4,0.39461267,0.2958464,0,3,adulto
ICB_04042_002,ICB_218,copd,WelchAllyn Meditron Master Elite,75.0,1,1,4,0.67423624,0.9475126,3,3,adulto
ICB_04042_003,ICB_218,copd,WelchAllyn Meditron Master Elite,75.0,0,0,4,0.24508993,0.46909153,0,0,adulto
ICB_04042_004,ICB_218,copd,WelchAllyn Meditron Master Elite,75.0,0,1,4,0.5447451,0.7044554,0,2,adulto
ICB_04042_005,ICB_218,copd,WelchAllyn Meditron Master Elite,75.0,1,1,4,0.40795952,0.20922524,0,3,adulto
ICB_04042_006,ICB_218,copd,WelchAllyn Meditron Master Elite,75.0,1,1,4,0.54257303,0.10914991,0,3,adulto
ICB_04042_007,ICB_218,copd,WelchAllyn Meditron Master Elite,75.0,1,1,4,0.61391866,0.073476754,1,3,adulto
ICB_04042_008,ICB_218,copd,WelchAllyn Meditron Master Elite,75.0,1,0,4,0.6134166,0.09832329,1,1,adulto
ICB_04042_009,ICB_218,copd,WelchAllyn Meditron Master Elite,75.0,1,0,4,0.40891552,0.7256241,0,1,adulto
ICB_04042_010,ICB_218,copd,WelchAllyn Meditron Master Elite,75.0,1,1,4,0.2477695,0.43163222,0,3,adulto
ICB_04042_011,ICB_218,copd,WelchAllyn Meditron Master Elite,75.0,1,1,4,0.45733607,0.96402943,2,3,adulto
ICB_04042_012,ICB_218,copd,WelchAllyn Meditron Master Elite,75.0,1,1,4,0.56032944,0.46441278,1,3,adulto
ICB_04042_013,ICB_218,copd,WelchAllyn Meditron Master Elite,75.0,1,1,4,0.15949062,0.84373397,2,3,adulto
ICB_04042_014,ICB_218,copd,WelchAllyn Meditron Master Elite,75.0,1,1,4,0.22663228,0.99500364,2,3,adulto
ICB_04042_015,ICB_218,copd,WelchAllyn Meditron Master Elite,75.0,0,0,4,0.22602352,0.9756527,2,0,adulto
ICB_04043_000,ICB_218,copd,WelchAllyn Meditron Master Elite,75.0,1,0,4,0.5219671,0.014334429,0,1,adulto
ICB_04043_001,ICB_218,copd,WelchAllyn Meditron Master Elite,75.0,1,0,4,0.6427945,0.03417173,1,1,adulto
ICB_04043_002,ICB_218,copd,WelchAllyn Meditron Master Elite,75.0,1,0,4,0.24125005,0.045007568,0,1,adulto
ICB_04043_003,ICB_218,copd,WelchAllyn Meditron Master Elite,75.0,1,0,4,0.51569676,0.016214345,0,1,adulto
ICB_04043_004,ICB_218,copd,WelchAllyn Meditron Master Elite,75.0,1,0,4,0.35327423,0.07508659,0,1,adulto
ICB_04043_005,ICB_218,copd,WelchAllyn Meditron Master Elite,75.0,1,0,4,0.24076445,0.097779825,0,1,adulto
ICB_04043_006,ICB_218,copd,WelchAllyn Meditron Master Elite,75.0,1,0,4,0.29638064,0.009693049,0,1,adulto
ICB_04043_007,ICB_218,copd,WelchAllyn Meditron Master Elite,75.0,1,0,4,0.46609542,0.034462504,0,1,adulto
ICB_04043_008,ICB_218,copd,WelchAllyn Meditron Master Elite,75.0,1,0,4,7.020838e-07,0.83602166,2,1,adulto
ICB_04043_009,ICB_218,copd,WelchAllyn Meditron Master Elite,75.0,0,0,4,0.10642965,0.27746248,0,0,adulto
ICB_04043_010,ICB_218,copd,WelchAllyn Meditron Master Elite,75.0,1,0,4,0.0018630533,0.99909174,2,1,adulto
ICB_04043_011,ICB_218,copd,WelchAllyn Meditron Master Elite,75.0,1,0,4,0.20213303,0.25299934,0,1,adulto
ICB_04043_012,ICB_218,copd,WelchAllyn Meditron Master Elite,75.0,1,1,4,0.26408538,0.23573476,0,3,adulto
ICB_04043_013,ICB_218,copd,WelchAllyn Meditron Master Elite,75.0,1,1,4,0.46030113,0.27506205,0,3,adulto
ICB_04043_014,ICB_218,copd,WelchAllyn Meditron Master Elite,75.0,1,1,4,0.63470656,0.15805507,1,3,adulto
ICB_04043_015,ICB_218,copd,WelchAllyn Meditron Master Elite,75.0,0,1,4,0.37840366,0.08222278,0,2,adulto
ICB_04043_016,ICB_218,copd,WelchAllyn Meditron Master Elite,75.0,0,1,4,0.39194798,0.17061263,0,2,adulto
ICB_04043_017,ICB_218,copd,WelchAllyn Meditron Master Elite,75.0,1,1,4,0.46828854,0.5836307,0,3,adulto
ICB_04043_018,ICB_218,copd,WelchAllyn Meditron Master Elite,75.0,0,0,4,0.17807585,0.55807215,0,0,adulto
ICB_04044_000,ICB_218,copd,WelchAllyn Meditron Master Elite,75.0,0,0,4,0.15823571,0.028752971,0,0,adulto
ICB_04044_001,ICB_218,copd,WelchAllyn Meditron Master Elite,75.0,1,0,4,0.5594633,0.030670358,1,1,adulto
ICB_04044_002,ICB_218,copd,WelchAllyn Meditron Master Elite,75.0,1,0,4,0.58566475,0.04059964,1,1,adulto
ICB_04044_003,ICB_218,copd,WelchAllyn Meditron Master Elite,75.0,1,0,4,0.39208102,0.05864723,0,1,adulto
ICB_04044_004,ICB_218,copd,WelchAllyn Meditron Master Elite,75.0,1,0,4,0.68805313,0.10819425,1,1,adulto
ICB_04044_005,ICB_218,copd,WelchAllyn Meditron Master Elite,75.0,1,0,4,0.6518883,0.0416428,1,1,adulto
ICB_04044_006,ICB_218,copd,WelchAllyn Meditron Master Elite,75.0,1,0,4,0.65559924,0.043507993,1,1,adulto
ICB_04044_007,ICB_218,copd,WelchAllyn Meditron Master Elite,75.0,1,0,4,0.41424546,0.13801344,0,1,adulto
ICB_04044_008,ICB_218,copd,WelchAllyn Meditron Master Elite,75.0,1,0,4,0.2351792,0.0632009,0,1,adulto
ICB_04044_009,ICB_218,copd,WelchAllyn Meditron Master Elite,75.0,1,0,4,0.1765393,0.7700944,2,1,adulto
ICB_04044_010,ICB_218,copd,WelchAllyn Meditron Master Elite,75.0,1,1,4,0.3063819,0.2916088,0,3,adulto
ICB_04044_011,ICB_218,copd,WelchAllyn Meditron Master Elite,75.0,1,1,4,0.20492117,0.26420045,0,3,adulto
ICB_04044_012,ICB_218,copd,WelchAllyn Meditron Master Elite,75.0,1,1,4,0.10879533,0.88356084,2,3,adulto
ICB_04044_013,ICB_218,copd,WelchAllyn Meditron Master Elite,75.0,1,1,4,0.10564623,0.12625226,0,3,adulto
ICB_04044_014,ICB_218,copd,WelchAllyn Meditron Master Elite,75.0,0,1,4,0.16535157,0.9405779,2,2,adulto
ICB_04044_015,ICB_218,copd,WelchAllyn Meditron Master Elite,75.0,0,1,4,0.2532382,0.6812691,0,2,adulto
ICB_04044_016,ICB_218,copd,WelchAllyn Meditron Master Elite,75.0,0,1,4,0.5370096,0.43992555,0,2,adulto
ICB_04044_017,ICB_218,copd,WelchAllyn Meditron Master Elite,75.0,0,0,4,0.20655644,0.44408724,0,0,adulto
ICB_04045_000,ICB_218,copd,WelchAllyn Meditron Master Elite,75.0,1,0,4,3.411732e-05,0.3386544,0,1,adulto
ICB_04045_001,ICB_218,copd,WelchAllyn Meditron Master Elite,75.0,1,1,4,0.45008928,0.10829679,0,3,adulto
ICB_04045_002,ICB_218,copd,WelchAllyn Meditron Master Elite,75.0,0,1,4,0.5524292,0.07235677,1,2,adulto
ICB_04045_003,ICB_218,copd,WelchAllyn Meditron Master Elite,75.0,1,1,4,0.2358423,0.11800853,0,3,adulto
ICB_04045_004,ICB_218,copd,WelchAllyn Meditron Master Elite,75.0,1,0,4,0.311258,0.22516888,0,1,adulto
ICB_04045_005,ICB_218,copd,WelchAllyn Meditron Master Elite,75.0,1,1,4,0.7145917,0.44528443,1,3,adulto
ICB_04045_006,ICB_218,copd,WelchAllyn Meditron Master Elite,75.0,1,1,4,0.41019452,0.069823675,0,3,adulto
ICB_04045_007,ICB_218,copd,WelchAllyn Meditron Master Elite,75.0,1,0,4,0.3381733,0.05271552,0,1,adulto
ICB_04045_008,ICB_218,copd,WelchAllyn Meditron Master Elite,75.0,1,1,4,0.37862068,0.19348681,0,3,adulto
ICB_04045_009,ICB_218,copd,WelchAllyn Meditron Master Elite,75.0,1,1,4,0.43188998,0.38761002,0,3,adulto
ICB_04045_010,ICB_218,copd,WelchAllyn Meditron Master Elite,75.0,1,1,4,0.58869994,0.23835194,1,3,adulto
ICB_04045_011,ICB_218,copd,WelchAllyn Meditron Master Elite,75.0,1,1,4,0.2177946,0.22559126,0,3,adulto
ICB_04045_012,ICB_218,copd,WelchAllyn Meditron Master Elite,75.0,1,1,4,0.22166657,0.45605004,0,3,adulto
ICB_04045_013,ICB_218,copd,WelchAllyn Meditron Master Elite,75.0,1,1,4,0.49023494,0.14921217,0,3,adulto
ICB_04045_014,ICB_218,copd,WelchAllyn Meditron Master Elite,75.0,1,1,4,0.7026616,0.7833251,3,3,adulto
ICB_04045_015,ICB_218,copd,WelchAllyn Meditron Master Elite,75.0,0,1,4,0.6018578,0.8379648,3,2,adulto
ICB_04045_016,ICB_218,copd,WelchAllyn Meditron Master Elite,75.0,0,0,4,0.41252267,0.60256207,0,0,adulto
ICB_04045_017,ICB_218,copd,WelchAllyn Meditron Master Elite,75.0,0,0,4,0.3857048,0.60514003,0,0,adulto
ICB_04046_000,ICB_218,copd,3M Littmann 3200 Electronic,75.0,0,0,4,0.16332643,0.10347723,0,0,adulto
ICB_04046_001,ICB_218,copd,3M Littmann 3200 Electronic,75.0,0,0,4,0.07666669,0.1405901,0,0,adulto
ICB_04046_002,ICB_218,copd,3M Littmann 3200 Electronic,75.0,0,0,4,0.1902998,0.61353904,0,0,adulto
ICB_04046_003,ICB_218,copd,3M Littmann 3200 Electronic,75.0,0,1,4,0.45807558,0.9985361,2,2,adulto
ICB_04046_004,ICB_218,copd,3M Littmann 3200 Electronic,75.0,0,1,4,0.20865759,0.9889492,2,2,adulto
ICB_04046_005,ICB_218,copd,3M Littmann 3200 Electronic,75.0,0,1,4,0.22209342,0.99775606,2,2,adulto
ICB_04047_000,ICB_218,copd,3M Littmann 3200 Electronic,75.0,0,0,4,0.23646022,0.6910071,0,0,adulto
ICB_04047_001,ICB_218,copd,3M Littmann 3200 Electronic,75.0,1,0,4,0.34417704,0.3441856,0,1,adulto
ICB_04047_002,ICB_218,copd,3M Littmann 3200 Electronic,75.0,1,0,4,0.1658621,0.47394124,0,1,adulto
ICB_04047_003,ICB_218,copd,3M Littmann 3200 Electronic,75.0,0,0,4,0.3219154,0.39002195,0,0,adulto
ICB_04047_004,ICB_218,copd,3M Littmann 3200 Electronic,75.0,1,1,4,0.30739358,0.9104083,2,3,adulto
ICB_04047_005,ICB_218,copd,3M Littmann 3200 Electronic,75.0,1,1,4,0.37241814,0.9005792,2,3,adulto
ICB_04047_006,ICB_218,copd,3M Littmann 3200 Electronic,75.0,1,1,4,0.32952085,0.73708475,0,3,adulto
ICB_04047_007,ICB_218,copd,3M Littmann 3200 Electronic,75.0,1,1,4,0.19441213,0.7501203,2,3,adulto
ICB_04048_000,ICB_218,copd,3M Littmann 3200 Electronic,75.0,1,0,4,0.5032049,0.48380882,0,1,adulto
ICB_04048_001,ICB_218,copd,3M Littmann 3200 Electronic,75.0,1,0,4,0.26073816,0.6718596,0,1,adulto
ICB_04048_002,ICB_218,copd,3M Littmann 3200 Electronic,75.0,0,0,4,0.0057407836,0.40976188,0,0,adulto
ICB_04048_003,ICB_218,copd,3M Littmann 3200 Electronic,75.0,1,1,4,0.28886962,0.9992549,2,3,adulto
ICB_04048_004,ICB_218,copd,3M Littmann 3200 Electronic,75.0,1,1,4,0.28441685,0.99174494,2,3,adulto
ICB_04048_005,ICB_218,copd,3M Littmann 3200 Electronic,75.0,1,1,4,0.7347381,0.9513416,3,3,adulto
ICB_04048_006,ICB_218,copd,3M Littmann 3200 Electronic,75.0,1,1,4,0.24611768,0.98639363,2,3,adulto
