cycle_id,subject_id,pathology_label,equipment,age_years,crackle,wheeze,fold,p_crackle,p_wheeze,pred_4class,true_4class,age_group
ICB_03174_000,ICB_106,copd,3M Littmann Classic II SE,73.0,1,0,0,0.6822223,0.35297874,0,1,adulto
ICB_03174_001,ICB_106,copd,3M Littmann Classic II SE,73.0,1,0,0,0.7593765,0.36314294,1,1,adulto
ICB_03174_002,ICB_106,copd,3M Littmann Classic II SE,73.0,0,0,0,0.70611185,0.30140728,1,0,adulto
ICB_03174_003,ICB_106,copd,3M Littmann Classic II SE,73.0,1,0,0,0.7403427,0.37888125,1,1,adulto
ICB_03174_004,ICB_106,copd,3M Littmann Classic II SE,73.0,1,0,0,0.7184189,0.4001122,1,1,adulto
ICB_03174_005,ICB_106,copd,3M Littmann Classic II SE,73.0,1,0,0,0.71198714,0.42865238,1,1,adulto
ICB_03174_006,ICB_106,copd,3M Littmann Classic II SE,73.0,1,0,0,0.7180004,0.47120622,3,1,adulto
ICB_03174_007,ICB_106,copd,3M Littmann Classic II SE,73.0,1,0,0,0.7621946,0.31085357,1,1,adulto
ICB_03174_008,ICB_106,copd,3M Littmann Classic II SE,73.0,1,0,0,0.63804924,0.41682,0,1,adulto
ICB_03175_000,ICB_106,copd,3M Littmann Classic II SE,73.0,0,1,0,0.72191924,0.4656201,3,2,adulto
ICB_03175_001,ICB_106,copd,3M Littmann Classic II SE,73.0,0,1,0,0.70785564,0.46348923,3,2,adulto
ICB_03175_002,ICB_106,copd,3M Littmann Classic II SE,73.0,0,0,0,0.6697122,0.3546487,0,0,adulto
ICB_03175_003,ICB_106,copd,3M Littmann Classic II SE,73.0,0,1,0,0.65222335,0.42181593,0,2,adulto
ICB_03175_004,ICB_106,copd,3M Littmann Classic II SE,73.0,0,1,0,0.761315,0.52068144,3,2,adulto
ICB_03175_005,ICB_106,copd,3M Littmann Classic II SE,73.0,0,1,0,0.71203583,0.47776654,3,2,adulto
ICB_03175_006,ICB_106,copd,3M Littmann Classic II SE,73.0,0,1,0,0.7731522,0.44479892,1,2,adulto
ICB_03175_007,ICB_106,copd,3M Littmann Classic II SE,73.0,0,1,0,0.7521274,0.43212155,1,2,adulto
ICB_03175_008,ICB_106,copd,3M Littmann Classic II SE,73.0,0,0,0,0.697612,0.36742583,0,0,adulto
ICB_03234_000,ICB_115,respiratory_infection,3M Littmann Classic II SE,0.58,0,0,0,0.52387226,0.26905856,0,0,pediátrico (<18)
ICB_03234_001,ICB_115,respiratory_infection,3M Littmann Classic II SE,0.58,0,0,0,0.4618597,0.21776725,0,0,pediátrico (<18)
ICB_03234_002,ICB_115,respiratory_infection,3M Littmann Classic II SE,0.58,0,0,0,0.4924463,0.17447549,0,0,pediátrico (<18)
ICB_03234_003,ICB_115,respiratory_infection,3M Littmann Classic II SE,0.58,0,0,0,0.6419247,0.19845651,0,0,pediátrico (<18)
ICB_03234_004,ICB_115,respiratory_infection,3M Littmann Classic II SE,0.58,0,0,0,0.49224576,0.2357848,0,0,pediátrico (<18)
ICB_03234_005,ICB_115,respiratory_infection,3M Littmann Classic II SE,0.58,0,0,0,0.4488576,0.27309018,0,0,pediátrico (<18)
ICB_03234_006,ICB_115,respiratory_infection,3M Littmann Classic II SE,0.58,0,0,0,0.56274164,0.18888405,0,0,pediátrico (<18)
ICB_03234_007,ICB_115,respiratory_infection,3M Littmann Classic II SE,0.58,0,0,0,0.5112876,0.18568158,0,0,pediátrico (<18)
ICB_03234_008,ICB_115,respiratory_infection,3M Littmann Classic II SE,0.58,0,0,0,0.3847014,0.18660378,0,0,pediátrico (<18)
ICB_03234_009,ICB_115,respiratory_infection,3M Littmann Classic II SE,0.58,0,0,0,0.4178512,0.16632219,0,0,pediátrico (<18)
ICB_03234_010,ICB_115,respiratory_infection,3M Littmann Classic II SE,0.58,0,0,0,0.479838,0.19947913,0,0,pediátrico (<18)
ICB_03234_011,ICB_115,respiratory_infection,3M Littmann Classic II SE,0.58,0,0,0,0.5904105,0.1770691,0,0,pediátrico (<18)
ICB_03234_012,ICB_115,respiratory_infection,3M Littmann Classic II SE,0.58,0,1,0,0.45803025,0.27482337,0,2,pediátrico (<18)
ICB_03234_013,ICB_115,respiratory_infection,3M Littmann Classic II SE,0.58,0,0,0,0.36629814,0.07009571,0,0,pediátrico (<18)
ICB_03234_014,ICB_115,respiratory_infection,3M Littmann Classic II SE,0.58,0,0,0,0.44692686,0.22624665,0,0,pediátrico (<18)
ICB_03234_015,ICB_115,respiratory_infection,3M Littmann Classic II SE,0.58,0,0,0,0.32627824,0.12909514,0,0,pediátrico (<18)
ICB_03234_016,ICB_115,respiratory_infection,3M Littmann Classic II SE,0.58,0,0,0,0.5665878,0.24613766,0,0,pediátrico (<18)
ICB_03234_017,ICB_115,respiratory_infection,3M Littmann Classic II SE,0.58,0,0,0,0.52060044,0.15719011,0,0,pediátrico (<18)
ICB_03234_018,ICB_115,respiratory_infection,3M Littmann Classic II SE,0.58,0,0,0,0.51127225,0.19875117,0,0,pediátrico (<18)
ICB_03234_019,ICB_115,respiratory_infection,3M Littmann Classic II SE,0.58,0,0,0,0.5830658,0.22274412,0,0,pediátrico (<18)
ICB_03234_020,ICB_115,respiratory_infection,3M Littmann Classic II SE,0.58,0,0,0,0.57426757,0.1783809,0,0,pediátrico (<18)
ICB_03234_021,ICB_115,respiratory_infection,3M Littmann Classic II SE,0.58,0,0,0,0.4721265,0.14404565,0,0,pediátrico (<18)
ICB_03234_022,ICB_115,respiratory_infection,3M Littmann Classic II SE,0.58,0,0,0,0.4783171,0.20922467,0,0,pediátrico (<18)
ICB_03234_023,ICB_115,respiratory_infection,3M Littmann Classic II SE,0.58,0,0,0,0.3356236,0.19394913,0,0,pediátrico (<18)
ICB_03235_000,ICB_116,bronchiectasis,3M Littmann Classic II SE,56.0,0,0,0,0.6065749,0.26882634,0,0,adulto
ICB_03235_001,ICB_116,bronchiectasis,3M Littmann Classic II SE,56.0,0,1,0,0.5277329,0.6441217,2,2,adulto
ICB_03235_002,ICB_116,bronchiectasis,3M Littmann Classic II SE,56.0,0,1,0,0.6172816,0.5929306,2,2,adulto
ICB_03235_003,ICB_116,bronchiectasis,3M Littmann Classic II SE,56.0,0,0,0,0.57709,0.19824874,0,0,adulto
ICB_03236_000,ICB_116,bronchiectasis,3M Littmann Classic II SE,56.0,0,0,0,0.40532047,0.13934557,0,0,adulto
ICB_03236_001,ICB_116,bronchiectasis,3M Littmann Classic II SE,56.0,0,0,0,0.3802197,0.06550072,0,0,adulto
ICB_03236_002,ICB_116,bronchiectasis,3M Littmann Classic II SE,56.0,0,0,0,0.36226937,0.0669596,0,0,adulto
ICB_03236_003,ICB_116,bronchiectasis,3M Littmann Classic II SE,56.0,0,0,0,0.2585106,0.026606115,0,0,adulto
ICB_03237_000,ICB_117,copd,3M Littmann Classic II SE,68.0,0,0,0,0.3096115,0.18528812,0,0,adulto
ICB_03237_001,ICB_117,copd,3M Littmann Classic II SE,68.0,0,0,0,0.39764985,0.2998268,0,0,adulto
ICB_03237_002,ICB_117,copd,3M Littmann Classic II SE,68.0,0,0,0,0.45091054,0.23321152,0,0,adulto
ICB_03237_003,ICB_117,copd,3M Littmann Classic II SE,68.0,0,0,0,0.38446444,0.32025027,0,0,adulto
ICB_03237_004,ICB_117,copd,3M Littmann Classic II SE,68.0,0,0,0,0.37290654,0.30851346,0,0,adulto
ICB_03237_005,ICB_117,copd,3M Littmann Classic II SE,68.0,0,0,0,0.35620508,0.19137801,0,0,adulto
ICB_03237_006,ICB_117,copd,3M Littmann Classic II SE,68.0,0,0,0,0.42284662,0.25248817,0,0,adulto
ICB_03238_000,ICB_117,copd,3M Littmann Classic II SE,68.0,0,1,0,0.3156669,0.23958361,0,2,adulto
ICB_03238_001,ICB_117,copd,3M Littmann Classic II SE,68.0,0,1,0,0.4275215,0.37721786,0,2,adulto
ICB_03238_002,ICB_117,copd,3M Littmann Classic II SE,68.0,0,1,0,0.43140194,0.3809102,0,2,adulto
ICB_03238_003,ICB_117,copd,3M Littmann Classic II SE,68.0,0,1,0,0.40086967,0.46514124,2,2,adulto
ICB_03238_004,ICB_117,copd,3M Littmann Classic II SE,68.0,0,1,0,0.37432563,0.31311494,0,2,adulto
ICB_03273_000,ICB_129,respiratory_infection,3M Littmann Classic II SE,6.0,0,0,0,0.5797942,0.27324325,0,0,pediátrico (<18)
ICB_03273_001,ICB_129,respiratory_infection,3M Littmann Classic II SE,6.0,1,0,0,0.59006053,0.34084523,0,1,pediátrico (<18)
ICB_03273_002,ICB_129,respiratory_infection,3M Littmann Classic II SE,6.0,0,0,0,0.6095812,0.27503932,0,0,pediátrico (<18)
ICB_03273_003,ICB_129,respiratory_infection,3M Littmann Classic II SE,6.0,1,0,0,0.57354176,0.26274544,0,1,pediátrico (<18)
ICB_03273_004,ICB_129,respiratory_infection,3M Littmann Classic II SE,6.0,1,0,0,0.60394853,0.2322848,0,1,pediátrico (<18)
ICB_03273_005,ICB_129,respiratory_infection,3M Littmann Classic II SE,6.0,1,0,0,0.62554336,0.26588124,0,1,pediátrico (<18)
ICB_03273_006,ICB_129,respiratory_infection,3M Littmann Classic II SE,6.0,1,0,0,0.5818969,0.2887818,0,1,pediátrico (<18)
ICB_03273_007,ICB_129,respiratory_infection,3M Littmann Classic II SE,6.0,0,0,0,0.6525139,0.2932691,0,0,pediátrico (<18)
ICB_03273_008,ICB_129,respiratory_infection,3M Littmann Classic II SE,6.0,0,0,0,0.56947654,0.34693134,0,0,pediátrico (<18)
ICB_03380_000,ICB_136,normal_lung,AKG C417L Microphone,5.0,0,0,0,0.7188726,0.37973934,1,0,pediátrico (<18)
ICB_03380_001,ICB_136,normal_lung,AKG C417L Microphone,5.0,0,0,0,0.685085,0.38461655,0,0,pediátrico (<18)
ICB_03380_002,ICB_136,normal_lung,AKG C417L Microphone,5.0,0,0,0,0.67397034,0.37730342,0,0,pediátrico (<18)
ICB_03380_003,ICB_136,normal_lung,AKG C417L Microphone,5.0,0,0,0,0.6912721,0.4052239,0,0,pediátrico (<18)
ICB_03380_004,ICB_136,normal_lung,AKG C417L Microphone,5.0,0,0,0,0.67460656,0.31732658,0,0,pediátrico (<18)
ICB_03380_005,ICB_136,normal_lung,AKG C417L Microphone,5.0,0,0,0,0.6690704,0.39469677,0,0,pediátrico (<18)
ICB_03380_006,ICB_136,normal_lung,AKG C417L Microphone,5.0,0,0,0,0.62906736,0.24601144,0,0,pediátrico (<18)
ICB_03380_007,ICB_136,normal_lung,AKG C417L Microphone,5.0,0,0,0,0.6838629,0.37080204,0,0,pediátrico (<18)
ICB_03380_008,ICB_136,normal_lung,AKG C417L Microphone,5.0,0,0,0,0.66942966,0.40655106,0,0,pediátrico (<18)
ICB_03381_000,ICB_137,respiratory_infection,3M Littmann Classic II SE,4.0,0,0,0,0.71646637,0.45393997,3,0,pediátrico (<18)
ICB_03381_001,ICB_137,respiratory_infection,3M Littmann Classic II SE,4.0,0,0,0,0.62839633,0.39881995,0,0,pediátrico (<18)
ICB_03381_002,ICB_137,respiratory_infection,3M Littmann Classic II SE,4.0,0,0,0,0.7191587,0.36391944,1,0,pediátrico (<18)
ICB_03381_003,ICB_137,respiratory_infection,3M Littmann Classic II SE,4.0,0,0,0,0.63343215,0.39378762,0,0,pediátrico (<18)
ICB_03381_004,ICB_137,respiratory_infection,3M Littmann Classic II SE,4.0,0,0,0,0.5556715,0.3112234,0,0,pediátrico (<18)
ICB_03381_005,ICB_137,respiratory_infection,3M Littmann Classic II SE,4.0,0,0,0,0.6520839,0.32400233,0,0,pediátrico (<18)
ICB_03381_006,ICB_137,respiratory_infection,3M Littmann Classic II SE,4.0,0,0,0,0.6392147,0.39384696,0,0,pediátrico (<18)
ICB_03381_007,ICB_137,respiratory_infection,3M Littmann Classic II SE,4.0,0,0,0,0.61893106,0.35463297,0,0,pediátrico (<18)
ICB_03382_000,ICB_137,respiratory_infection,3M Littmann Classic II SE,4.0,0,0,0,0.5584264,0.33128682,0,0,pediátrico (<18)
ICB_03382_001,ICB_137,respiratory_infection,3M Littmann Classic II SE,4.0,0,0,0,0.6633915,0.35057724,0,0,pediátrico (<18)
ICB_03382_002,ICB_137,respiratory_infection,3M Littmann Classic II SE,4.0,0,0,0,0.51716393,0.33854827,0,0,pediátrico (<18)
ICB_03382_003,ICB_137,respiratory_infection,3M Littmann Classic II SE,4.0,0,0,0,0.54509884,0.3398581,0,0,pediátrico (<18)
ICB_03382_004,ICB_137,respiratory_infection,3M Littmann Classic II SE,4.0,0,0,0,0.56332684,0.33004007,0,0,pediátrico (<18)
ICB_03382_005,ICB_137,respiratory_infection,3M Littmann Classic II SE,4.0,0,0,0,0.63214797,0.3661144,0,0,pediátrico (<18)
ICB_03382_006,ICB_137,respiratory_infection,3M Littmann Classic II SE,4.0,0,0,0,0.61340016,0.38768354,0,0,pediátrico (<18)
ICB_03382_007,ICB_137,respiratory_infection,3M Littmann Classic II SE,4.0,0,0,0,0.52664274,0.345764,0,0,pediátrico (<18)
ICB_03382_008,ICB_137,respiratory_infection,3M Littmann Classic II SE,4.0,0,0,0,0.54170614,0.2749318,0,0,pediátrico (<18)
ICB_03410_000,ICB_139,copd,3M Littmann 3200 Electronic,61.0,0,0,0,0.4257476,0.7011486,2,0,adulto
ICB_03410_001,ICB_139,copd,3M Littmann 3200 Electronic,61.0,0,0,0,0.3780641,0.50584567,2,0,adulto
ICB_03410_002,ICB_139,copd,3M Littmann 3200 Electronic,61.0,0,0,0,0.34020293,0.4933661,2,0,adulto
ICB_03410_003,ICB_139,copd,3M Littmann 3200 Electronic,61.0,0,0,0,0.4306478,0.4812942,2,0,adulto
ICB_03410_004,ICB_139,copd,3M Littmann 3200 Electronic,61.0,0,0,0,0.37490416,0.65281266,2,0,adulto
ICB_03410_005,ICB_139,copd,3M Littmann 3200 Electronic,61.0,0,0,0,0.35595036,0.85369354,2,0,adulto
ICB_03410_006,ICB_139,copd,3M Littmann 3200 Electronic,61.0,0,0,0,0.41726035,0.808785,2,0,adulto
ICB_03410_007,ICB_139,copd,3M Littmann 3200 Electronic,61.0,0,0,0,0.3949619,0.7602208,2,0,adulto
ICB_03410_008,ICB_139,copd,3M Littmann 3200 Electronic,61.0,0,0,0,0.41836584,0.5612933,2,0,adulto
ICB_03410_009,ICB_139,copd,3M Littmann 3200 Electronic,61.0,0,0,0,0.47120765,0.46149492,2,0,adulto
ICB_03411_000,ICB_139,copd,3M Littmann 3200 Electronic,61.0,0,0,0,0.41584635,0.70693916,2,0,adulto
ICB_03411_001,ICB_139,copd,3M Littmann 3200 Electronic,61.0,0,0,0,0.4156879,0.64279604,2,0,adulto
ICB_03411_002,ICB_139,copd,3M Littmann 3200 Electronic,61.0,0,0,0,0.494737,0.6491983,2,0,adulto
ICB_03411_003,ICB_139,copd,3M Littmann 3200 Electronic,61.0,0,0,0,0.38185728,0.5343206,2,0,adulto
ICB_03411_004,ICB_139,copd,3M Littmann 3200 Electronic,61.0,0,0,0,0.3716518,0.7189805,2,0,adulto
ICB_03411_005,ICB_139,copd,3M Littmann 3200 Electronic,61.0,0,0,0,0.44023326,0.71883,2,0,adulto
ICB_03411_006,ICB_139,copd,3M Littmann 3200 Electronic,61.0,0,0,0,0.37096068,0.71478075,2,0,adulto
ICB_03411_007,ICB_139,copd,3M Littmann 3200 Electronic,61.0,0,0,0,0.4107665,0.6684404,2,0,adulto
ICB_03411_008,ICB_139,copd,3M Littmann 3200 Electronic,61.0,0,0,0,0.52071655,0.4740931,2,0,adulto
ICB_03412_000,ICB_139,copd,3M Littmann 3200 Electronic,61.0,1,1,0,0.45998698,0.5345747,2,3,adulto
ICB_03412_001,ICB_139,copd,3M Littmann 3200 Electronic,61.0,0,0,0,0.4041873,0.5412079,2,0,adulto
ICB_03412_002,ICB_139,copd,3M Littmann 3200 Electronic,61.0,0,0,0,0.46615875,0.4456473,0,0,adulto
ICB_03412_003,ICB_139,copd,3M Littmann 3200 Electronic,61.0,0,0,0,0.36999187,0.4793304,2,0,adulto
ICB_03412_004,ICB_139,copd,3M Littmann 3200 Electronic,61.0,0,0,0,0.43811363,0.4964473,2,0,adulto
ICB_03412_005,ICB_139,copd,3M Littmann 3200 Electronic,61.0,0,0,0,0.4579395,0.57126737,2,0,adulto
ICB_03412_006,ICB_139,copd,3M Littmann 3200 Electronic,61.0,0,0,0,0.38424286,0.92578965,2,0,adulto
ICB_03412_007,ICB_139,copd,3M Littmann 3200 Electronic,61.0,0,0,0,0.48858947,0.6849853,2,0,adulto
ICB_03413_000,ICB_139,copd,3M Littmann 3200 Electronic,61.0,0,0,0,0.43513846,0.5865439,2,0,adulto
ICB_03413_001,ICB_139,copd,3M Littmann 3200 Electronic,61.0,1,0,0,0.46853486,0.49861452,2,1,adulto
ICB_03413_002,ICB_139,copd,3M Littmann 3200 Electronic,61.0,1,0,0,0.47878855,0.62926257,2,1,adulto
ICB_03413_003,ICB_139,copd,3M Littmann 3200 Electronic,61.0,1,0,0,0.5200553,0.68025905,2,1,adulto
ICB_03413_004,ICB_139,copd,3M Littmann 3200 Electronic,61.0,0,0,0,0.47189057,0.8418847,2,0,adulto
ICB_03413_005,ICB_139,copd,3M Littmann 3200 Electronic,61.0,0,0,0,0.5219255,0.5022218,2,0,adulto
ICB_03414_000,ICB_139,copd,3M Littmann 3200 Electronic,61.0,0,1,0,0.50710964,0.5009709,2,2,adulto
ICB_03414_001,ICB_139,copd,3M Littmann 3200 Electronic,61.0,0,1,0,0.56805325,0.52827114,2,2,adulto
ICB_03414_002,ICB_139,copd,3M Littmann 3200 Electronic,61.0,0,1,0,0.6091104,0.54571867,2,2,adulto
ICB_03414_003,ICB_139,copd,3M Littmann 3200 Electronic,61.0,0,0,0,0.52768356,0.53610086,2,0,adulto
ICB_03414_004,ICB_139,copd,3M Littmann 3200 Electronic,61.0,0,0,0,0.458215,0.7069755,2,0,adulto
ICB_03414_005,ICB_139,copd,3M Littmann 3200 Electronic,61.0,0,0,0,0.6336276,0.6119212,2,0,adulto
ICB_03415_000,ICB_139,copd,3M Littmann 3200 Electronic,61.0,0,0,0,0.43116271,0.55093664,2,0,adulto
ICB_03415_001,ICB_139,copd,3M Littmann 3200 Electronic,61.0,0,0,0,0.4365866,0.48991668,2,0,adulto
ICB_03415_002,ICB_139,copd,3M Littmann 3200 Electronic,61.0,0,1,0,0.43650854,0.6229614,2,2,adulto
ICB_03415_003,ICB_139,copd,3M Littmann 3200 Electronic,61.0,0,1,0,0.3754385,0.691333,2,2,adulto
ICB_03415_004,ICB_139,copd,3M Littmann 3200 Electronic,61.0,0,1,0,0.38274583,0.64149344,2,2,adulto
ICB_03415_005,ICB_139,copd,3M Littmann 3200 Electronic,61.0,0,1,0,0.34844226,0.8449037,2,2,adulto
ICB_03415_006,ICB_139,copd,3M Littmann 3200 Electronic,61.0,0,0,0,0.49852988,0.6531172,2,0,adulto
ICB_03430_000,ICB_144,normal_lung,AKG C417L Microphone,3.0,0,0,0,0.62316364,0.25972915,0,0,pediátrico (<18)
ICB_03430_001,ICB_144,normal_lung,AKG C417L Microphone,3.0,0,0,0,0.5530795,0.37200502,0,0,pediátrico (<18)
ICB_03430_002,ICB_144,normal_lung,AKG C417L Microphone,3.0,0,0,0,0.570323,0.28802556,0,0,pediátrico (<18)
ICB_03430_003,ICB_144,normal_lung,AKG C417L Microphone,3.0,0,0,0,0.6821734,0.29382926,0,0,pediátrico (<18)
ICB_03430_004,ICB_144,normal_lung,AKG C417L Microphone,3.0,0,0,0,0.54383427,0.22732271,0,0,pediátrico (<18)
ICB_03430_005,ICB_144,normal_lung,AKG C417L Microphone,3.0,0,0,0,0.534778,0.29281226,0,0,pediátrico (<18)
ICB_03430_006,ICB_144,normal_lung,AKG C417L Microphone,3.0,0,0,0,0.5936532,0.29097155,0,0,pediátrico (<18)
ICB_03430_007,ICB_144,normal_lung,AKG C417L Microphone,3.0,0,0,0,0.61788905,0.27237165,0,0,pediátrico (<18)
ICB_03430_008,ICB_144,normal_lung,AKG C417L Microphone,3.0,0,0,0,0.59363055,0.3200547,0,0,pediátrico (<18)
ICB_03430_009,ICB_144,normal_lung,AKG C417L Microphone,3.0,0,0,0,0.65853775,0.28546357,0,0,pediátrico (<18)
ICB_03431_000,ICB_144,normal_lung,AKG C417L Microphone,3.0,0,0,0,0.32469025,0.11528238,0,0,pediátrico (<18)
ICB_03431_001,ICB_144,normal_lung,AKG C417L Microphone,3.0,0,0,0,0.28244695,0.028000128,0,0,pediátrico (<18)
ICB_03431_002,ICB_144,normal_lung,AKG C417L Microphone,3.0,0,0,0,0.32403928,0.049603757,0,0,pediátrico (<18)
ICB_03431_003,ICB_144,normal_lung,AKG C417L Microphone,3.0,0,0,0,0.35636353,0.049736623,0,0,pediátrico (<18)
ICB_03431_004,ICB_144,normal_lung,AKG C417L Microphone,3.0,0,0,0,0.46928036,0.19931184,0,0,pediátrico (<18)
ICB_03431_005,ICB_144,normal_lung,AKG C417L Microphone,3.0,0,0,0,0.44574675,0.07291927,0,0,pediátrico (<18)
ICB_03431_006,ICB_144,normal_lung,AKG C417L Microphone,3.0,0,0,0,0.4840642,0.14031944,0,0,pediátrico (<18)
ICB_03431_007,ICB_144,normal_lung,AKG C417L Microphone,3.0,0,0,0,0.7004143,0.17175572,1,0,pediátrico (<18)
ICB_03431_008,ICB_144,normal_lung,AKG C417L Microphone,3.0,0,0,0,0.4058109,0.065639175,0,0,pediátrico (<18)
ICB_03431_009,ICB_144,normal_lung,AKG C417L Microphone,3.0,0,0,0,0.5001269,0.09209685,0,0,pediátrico (<18)
ICB_03432_000,ICB_145,copd,AKG C417L Microphone,69.0,0,0,0,0.730774,0.29516718,1,0,adulto
ICB_03432_001,ICB_145,copd,AKG C417L Microphone,69.0,0,0,0,0.7528729,0.3337449,1,0,adulto
ICB_03432_002,ICB_145,copd,AKG C417L Microphone,69.0,0,0,0,0.7413383,0.35088685,1,0,adulto
ICB_03432_003,ICB_145,copd,AKG C417L Microphone,69.0,0,0,0,0.7754385,0.29648784,1,0,adulto
ICB_03432_004,ICB_145,copd,AKG C417L Microphone,69.0,0,0,0,0.7199994,0.30642578,1,0,adulto
ICB_03433_000,ICB_145,copd,AKG C417L Microphone,69.0,1,0,0,0.6762561,0.3546805,0,1,adulto
ICB_03433_001,ICB_145,copd,AKG C417L Microphone,69.0,0,0,0,0.68545276,0.3403677,0,0,adulto
ICB_03433_002,ICB_145,copd,AKG C417L Microphone,69.0,1,0,0,0.6891362,0.2756276,0,1,adulto
ICB_03433_003,ICB_145,copd,AKG C417L Microphone,69.0,1,0,0,0.7290818,0.28211123,1,1,adulto
ICB_03433_004,ICB_145,copd,AKG C417L Microphone,69.0,0,0,0,0.61512804,0.23874073,0,0,adulto
ICB_03434_000,ICB_145,copd,AKG C417L Microphone,69.0,0,0,0,0.669407,0.35839814,0,0,adulto
ICB_03434_001,ICB_145,copd,AKG C417L Microphone,69.0,0,0,0,0.716633,0.3144703,1,0,adulto
ICB_03434_002,ICB_145,copd,AKG C417L Microphone,69.0,0,0,0,0.6767341,0.24782416,0,0,adulto
ICB_03434_003,ICB_145,copd,AKG C417L Microphone,69.0,0,0,0,0.62311375,0.30179206,0,0,adulto
ICB_03434_004,ICB_145,copd,AKG C417L Microphone,69.0,0,0,0,0.5412899,0.19415626,0,0,adulto
ICB_03435_000,ICB_145,copd,AKG C417L Microphone,69.0,0,0,0,0.6959075,0.3214488,0,0,adulto
ICB_03435_001,ICB_145,copd,AKG C417L Microphone,69.0,0,0,0,0.7185927,0.28378898,1,0,adulto
ICB_03435_002,ICB_145,copd,AKG C417L Microphone,69.0,0,0,0,0.67100817,0.21631515,0,0,adulto
ICB_03435_003,ICB_145,copd,AKG C417L Microphone,69.0,0,0,0,0.71574235,0.24479616,1,0,adulto
ICB_03435_004,ICB_145,copd,AKG C417L Microphone,69.0,0,0,0,0.6780275,0.23849817,0,0,adulto
ICB_03436_000,ICB_145,copd,AKG C417L Microphone,69.0,0,0,0,0.64199835,0.30829525,0,0,adulto
ICB_03436_001,ICB_145,copd,AKG C417L Microphone,69.0,0,0,0,0.6207405,0.35563284,0,0,adulto
ICB_03436_002,ICB_145,copd,AKG C417L Microphone,69.0,0,0,0,0.70728946,0.37251484,1,0,adulto
ICB_03436_003,ICB_145,copd,AKG C417L Microphone,69.0,0,0,0,0.6113916,0.39687005,0,0,adulto
ICB_03436_004,ICB_145,copd,AKG C417L Microphone,69.0,0,0,0,0.7339734,0.30874124,1,0,adulto
ICB_03436_005,ICB_145,copd,AKG C417L Microphone,69.0,0,0,0,0.5508065,0.277591,0,0,adulto
ICB_03437_000,ICB_145,copd,AKG C417L Microphone,69.0,1,0,0,0.60290295,0.2556375,0,1,adulto
ICB_03437_001,ICB_145,copd,AKG C417L Microphone,69.0,1,0,0,0.695562,0.3862682,0,1,adulto
ICB_03437_002,ICB_145,copd,AKG C417L Microphone,69.0,1,0,0,0.7633815,0.4159724,1,1,adulto
ICB_03437_003,ICB_145,copd,AKG C417L Microphone,69.0,1,0,0,0.73547465,0.44555268,1,1,adulto
ICB_03437_004,ICB_145,copd,AKG C417L Microphone,69.0,1,0,0,0.74749655,0.4226162,1,1,adulto
ICB_03437_005,ICB_145,copd,AKG C417L Microphone,69.0,1,0,0,0.6732577,0.42441678,0,1,adulto
ICB_03438_000,ICB_145,copd,AKG C417L Microphone,69.0,0,0,0,0.6979041,0.3357065,0,0,adulto
ICB_03438_001,ICB_145,copd,AKG C417L Microphone,69.0,0,0,0,0.72946614,0.36517403,1,0,adulto
ICB_03438_002,ICB_145,copd,AKG C417L Microphone,69.0,0,0,0,0.6963804,0.5045232,2,0,adulto
ICB_03438_003,ICB_145,copd,AKG C417L Microphone,69.0,0,0,0,0.67647463,0.34060782,0,0,adulto
ICB_03438_004,ICB_145,copd,AKG C417L Microphone,69.0,0,0,0,0.6983363,0.3768219,0,0,adulto
ICB_03439_000,ICB_146,copd,AKG C417L Microphone,67.0,0,0,0,0.6674751,0.41664243,0,0,adulto
ICB_03439_001,ICB_146,copd,AKG C417L Microphone,67.0,0,0,0,0.63744277,0.35162744,0,0,adulto
ICB_03439_002,ICB_146,copd,AKG C417L Microphone,67.0,1,1,0,0.6535114,0.3600941,0,3,adulto
ICB_03439_003,ICB_146,copd,AKG C417L Microphone,67.0,1,1,0,0.6527362,0.60295916,2,3,adulto
ICB_03439_004,ICB_146,copd,AKG C417L Microphone,67.0,1,1,0,0.6143091,0.49609998,2,3,adulto
ICB_03440_000,ICB_146,copd,AKG C417L Microphone,67.0,0,0,0,0.64623344,0.30002517,0,0,adulto
ICB_03440_001,ICB_146,copd,AKG C417L Microphone,67.0,0,0,0,0.6579514,0.31435326,0,0,adulto
ICB_03440_002,ICB_146,copd,AKG C417L Microphone,67.0,0,0,0,0.6726737,0.31578052,0,0,adulto
ICB_03440_003,ICB_146,copd,AKG C417L Microphone,67.0,0,0,0,0.6636906,0.33337492,0,0,adulto
ICB_03440_004,ICB_146,copd,AKG C417L Microphone,67.0,0,0,0,0.6767456,0.29804832,0,0,adulto
ICB_03440_005,ICB_146,copd,AKG C417L Microphone,67.0,0,0,0,0.61777544,0.274988,0,0,adulto
ICB_03441_000,ICB_146,copd,AKG C417L Microphone,67.0,0,0,0,0.6541033,0.2945281,0,0,adulto
ICB_03441_001,ICB_146,copd,AKG C417L Microphone,67.0,0,0,0,0.6477668,0.31746453,0,0,adulto
ICB_03441_002,ICB_146,copd,AKG C417L Microphone,67.0,0,0,0,0.6939009,0.37371278,0,0,adulto
ICB_03441_003,ICB_146,copd,AKG C417L Microphone,67.0,0,0,0,0.62254745,0.28736034,0,0,adulto
ICB_03441_004,ICB_146,copd,AKG C417L Microphone,67.0,0,0,0,0.64245814,0.28232524,0,0,adulto
ICB_03441_005,ICB_146,copd,AKG C417L Microphone,67.0,0,0,0,0.6331265,0.21959919,0,0,adulto
ICB_03442_000,ICB_146,copd,AKG C417L Microphone,67.0,0,0,0,0.6551739,0.28065076,0,0,adulto
ICB_03442_001,ICB_146,copd,AKG C417L Microphone,67.0,0,0,0,0.68361783,0.3226626,0,0,adulto
ICB_03442_002,ICB_146,copd,AKG C417L Microphone,67.0,0,0,0,0.7127452,0.38904446,1,0,adulto
ICB_03442_003,ICB_146,copd,AKG C417L Microphone,67.0,0,0,0,0.6616156,0.37846056,0,0,adulto
ICB_03442_004,ICB_146,copd,AKG C417L Microphone,67.0,0,0,0,0.66625184,0.30561507,0,0,adulto
ICB_03442_005,ICB_146,copd,AKG C417L Microphone,67.0,0,0,0,0.5695878,0.2412709,0,0,adulto
ICB_03443_000,ICB_146,copd,AKG C417L Microphone,67.0,0,0,0,0.56439483,0.20601042,0,0,adulto
ICB_03443_001,ICB_146,copd,AKG C417L Microphone,67.0,0,0,0,0.5602293,0.19300999,0,0,adulto
ICB_03443_002,ICB_146,copd,AKG C417L Microphone,67.0,0,0,0,0.56341827,0.22518873,0,0,adulto
ICB_03443_003,ICB_146,copd,AKG C417L Microphone,67.0,0,0,0,0.55123156,0.23998982,0,0,adulto
ICB_03443_004,ICB_146,copd,AKG C417L Microphone,67.0,0,0,0,0.61323273,0.2171591,0,0,adulto
ICB_03443_005,ICB_146,copd,AKG C417L Microphone,67.0,0,0,0,0.5598262,0.24112077,0,0,adulto
ICB_03444_000,ICB_146,copd,AKG C417L Microphone,67.0,0,0,0,0.7096567,0.28021765,1,0,adulto
ICB_03444_001,ICB_146,copd,AKG C417L Microphone,67.0,0,0,0,0.78220177,0.27417055,1,0,adulto
ICB_03444_002,ICB_146,copd,AKG C417L Microphone,67.0,0,0,0,0.79602146,0.31460488,1,0,adulto
ICB_03444_003,ICB_146,copd,AKG C417L Microphone,67.0,0,0,0,0.7696861,0.26950958,1,0,adulto
ICB_03444_004,ICB_146,copd,AKG C417L Microphone,67.0,0,0,0,0.7143867,0.22167848,1,0,adulto
ICB_03444_005,ICB_146,copd,AKG C417L Microphone,67.0,0,0,0,0.623375,0.2662058,0,0,adulto
ICB_03445_000,ICB_146,copd,AKG C417L Microphone,67.0,0,0,0,0.6658808,0.2933397,0,0,adulto
ICB_03445_001,ICB_146,copd,AKG C417L Microphone,67.0,0,0,0,0.62943107,0.67532355,2,0,adulto
ICB_03445_002,ICB_146,copd,AKG C417L Microphone,67.0,0,0,0,0.5786966,0.5817145,2,0,adulto
ICB_03445_003,ICB_146,copd,AKG C417L Microphone,67.0,0,0,0,0.5657256,0.63343436,2,0,adulto
ICB_03445_004,ICB_146,copd,AKG C417L Microphone,67.0,0,0,0,0.6210979,0.73853695,2,0,adulto
ICB_03445_005,ICB_146,copd,AKG C417L Microphone,67.0,0,0,0,0.6019033,0.73987883,2,0,adulto
ICB_03445_006,ICB_146,copd,AKG C417L Microphone,67.0,0,0,0,0.58904725,0.70568293,2,0,adulto
ICB_03445_007,ICB_146,copd,AKG C417L Microphone,67.0,0,0,0,0.641969,0.59159106,2,0,adulto
ICB_03445_008,ICB_146,copd,AKG C417L Microphone,67.0,0,0,0,0.54753643,0.7982138,2,0,adulto
ICB_03446_000,ICB_146,copd,AKG C417L Microphone,67.0,0,0,0,0.59073746,0.4854976,2,0,adulto
ICB_03446_001,ICB_146,copd,AKG C417L Microphone,67.0,1,0,0,0.6711134,0.34686044,0,1,adulto
ICB_03446_002,ICB_146,copd,AKG C417L Microphone,67.0,1,0,0,0.6205916,0.40657815,0,1,adulto
ICB_03446_003,ICB_146,copd,AKG C417L Microphone,67.0,1,0,0,0.64838547,0.41379616,0,1,adulto
ICB_03446_004,ICB_146,copd,AKG C417L Microphone,67.0,1,0,0,0.62974256,0.2910923,0,1,adulto
ICB_03446_005,ICB_146,copd,AKG C417L Microphone,67.0,1,0,0,0.642458,0.33942157,0,1,adulto
ICB_03446_006,ICB_146,copd,AKG C417L Microphone,67.0,1,0,0,0.6239489,0.32778704,0,1,adulto
ICB_03446_007,ICB_146,copd,AKG C417L Microphone,67.0,0,0,0,0.6380866,0.39034143,0,0,adulto
ICB_03446_008,ICB_146,copd,AKG C417L Microphone,67.0,0,0,0,0.6782788,0.2872612,0,0,adulto
ICB_03447_000,ICB_146,copd,AKG C417L Microphone,67.0,0,0,0,0.7114827,0.30593935,1,0,adulto
ICB_03447_001,ICB_146,copd,AKG C417L Microphone,67.0,0,1,0,0.7330208,0.22927833,1,2,adulto
ICB_03447_002,ICB_146,copd,AKG C417L Microphone,67.0,0,1,0,0.7397457,0.25096235,1,2,adulto
ICB_03447_003,ICB_146,copd,AKG C417L Microphone,67.0,0,1,0,0.7320323,0.3120215,1,2,adulto
ICB_03447_004,ICB_146,copd,AKG C417L Microphone,67.0,0,1,0,0.73422897,0.2564481,1,2,adulto
ICB_03447_005,ICB_146,copd,AKG C417L Microphone,67.0,0,1,0,0.62542456,0.2877731,0,2,adulto
ICB_03447_006,ICB_146,copd,AKG C417L Microphone,67.0,0,1,0,0.6607318,0.15404397,0,2,adulto
ICB_03447_007,ICB_146,copd,AKG C417L Microphone,67.0,0,1,0,0.7092306,0.32041773,1,2,adulto
ICB_03447_008,ICB_146,copd,AKG C417L Microphone,67.0,0,1,0,0.6849795,0.1765295,0,2,adulto
ICB_03448_000,ICB_146,copd,AKG C417L Microphone,67.0,0,0,0,0.55027485,0.5606095,2,0,adulto
ICB_03448_001,ICB_146,copd,AKG C417L Microphone,67.0,0,0,0,0.632592,0.6616269,2,0,adulto
ICB_03448_002,ICB_146,copd,AKG C417L Microphone,67.0,0,0,0,0.6150694,0.81857294,2,0,adulto
ICB_03448_003,ICB_146,copd,AKG C417L Microphone,67.0,0,0,0,0.6148216,0.6652195,2,0,adulto
ICB_03448_004,ICB_146,copd,AKG C417L Microphone,67.0,0,0,0,0.61943424,0.6956284,2,0,adulto
ICB_03448_005,ICB_146,copd,AKG C417L Microphone,67.0,0,0,0,0.6606918,0.6865025,2,0,adulto
ICB_03448_006,ICB_146,copd,AKG C417L Microphone,67.0,0,0,0,0.6438079,0.81954396,2,0,adulto
ICB_03448_007,ICB_146,copd,AKG C417L Microphone,67.0,0,0,0,0.6486768,0.7052333,2,0,adulto
ICB_03448_008,ICB_146,copd,AKG C417L Microphone,67.0,0,0,0,0.60197186,0.79560065,2,0,adulto
ICB_03449_000,ICB_146,copd,AKG C417L Microphone,67.0,0,0,0,0.69946575,0.27734312,0,0,adulto
ICB_03449_001,ICB_146,copd,AKG C417L Microphone,67.0,0,0,0,0.6398901,0.3257313,0,0,adulto
ICB_03449_002,ICB_146,copd,AKG C417L Microphone,67.0,0,0,0,0.6767549,0.30879495,0,0,adulto
ICB_03449_003,ICB_146,copd,AKG C417L Microphone,67.0,0,0,0,0.63542724,0.37586907,0,0,adulto
ICB_03449_004,ICB_146,copd,AKG C417L Microphone,67.0,0,0,0,0.63321036,0.33570722,0,0,adulto
ICB_03449_005,ICB_146,copd,AKG C417L Microphone,67.0,0,0,0,0.67021334,0.33399385,0,0,adulto
ICB_03449_006,ICB_146,copd,AKG C417L Microphone,67.0,0,0,0,0.66413754,0.33488244,0,0,adulto
ICB_03449_007,ICB_146,copd,AKG C417L Microphone,67.0,0,0,0,0.67090416,0.3452505,0,0,adulto
ICB_03449_008,ICB_146,copd,AKG C417L Microphone,67.0,0,0,0,0.54943043,0.32034308,0,0,adulto
ICB_03648_000,ICB_168,bronchiectasis,3M Littmann Classic II SE,19.0,0,0,0,0.7266108,0.28524205,1,0,adulto
ICB_03648_001,ICB_168,bronchiectasis,3M Littmann Classic II SE,19.0,0,0,0,0.6937189,0.27405268,0,0,adulto
ICB_03648_002,ICB_168,bronchiectasis,3M Littmann Classic II SE,19.0,0,0,0,0.7073986,0.25252983,1,0,adulto
ICB_03648_003,ICB_168,bronchiectasis,3M Littmann Classic II SE,19.0,0,0,0,0.73650783,0.21098703,1,0,adulto
ICB_03648_004,ICB_168,bronchiectasis,3M Littmann Classic II SE,19.0,0,0,0,0.70072055,0.17185654,1,0,adulto
ICB_03648_005,ICB_168,bronchiectasis,3M Littmann Classic II SE,19.0,0,0,0,0.71140647,0.2040751,1,0,adulto
ICB_03648_006,ICB_168,bronchiectasis,3M Littmann Classic II SE,19.0,0,0,0,0.69313765,0.19737153,0,0,adulto
ICB_03651_000,ICB_170,copd,AKG C417L Microphone,79.0,0,0,0,0.72648174,0.21796963,1,0,adulto
ICB_03651_001,ICB_170,copd,AKG C417L Microphone,79.0,0,0,0,0.69379115,0.35447577,0,0,adulto
ICB_03651_002,ICB_170,copd,AKG C417L Microphone,79.0,0,0,0,0.66119766,0.22787853,0,0,adulto
ICB_03651_003,ICB_170,copd,AKG C417L Microphone,79.0,0,0,0,0.6694829,0.17071348,0,0,adulto
ICB_03651_004,ICB_170,copd,AKG C417L Microphone,79.0,0,0,0,0.64830697,0.27869663,0,0,adulto
ICB_03652_000,ICB_170,copd,AKG C417L Microphone,79.0,0,0,0,0.6839225,0.3428636,0,0,adulto
ICB_03652_001,ICB_170,copd,AKG C417L Microphone,79.0,0,0,0,0.68981206,0.34619778,0,0,adulto
ICB_03652_002,ICB_170,copd,AKG C417L Microphone,79.0,0,0,0,0.6754425,0.23709771,0,0,adulto
ICB_03652_003,ICB_170,copd,AKG C417L Microphone,79.0,0,0,0,0.63881767,0.29909563,0,0,adulto
ICB_03652_004,ICB_170,copd,AKG C417L Microphone,79.0,0,0,0,0.6292929,0.26832187,0,0,adulto
ICB_03653_000,ICB_170,copd,AKG C417L Microphone,79.0,0,0,0,0.7313648,0.24740848,1,0,adulto
ICB_03653_001,ICB_170,copd,AKG C417L Microphone,79.0,0,0,0,0.7225411,0.28250447,1,0,adulto
ICB_03653_002,ICB_170,copd,AKG C417L Microphone,79.0,0,0,0,0.72514474,0.24797927,1,0,adulto
ICB_03653_003,ICB_170,copd,AKG C417L Microphone,79.0,0,0,0,0.7190327,0.28365397,1,0,adulto
ICB_03653_004,ICB_170,copd,AKG C417L Microphone,79.0,0,0,0,0.7282777,0.22616293,1,0,adulto
ICB_03654_000,ICB_170,copd,AKG C417L Microphone,79.0,1,0,0,0.67593914,0.2964491,0,1,adulto
ICB_03654_001,ICB_170,copd,AKG C417L Microphone,79.0,1,0,0,0.6854999,0.32384318,0,1,adulto
ICB_03654_002,ICB_170,copd,AKG C417L Microphone,79.0,1,0,0,0.6599164,0.26633257,0,1,adulto
ICB_03654_003,ICB_170,copd,AKG C417L Microphone,79.0,1,0,0,0.60303116,0.35011914,0,1,adulto
ICB_03654_004,ICB_170,copd,AKG C417L Microphone,79.0,0,0,0,0.6190281,0.33366805,0,0,adulto
ICB_03655_000,ICB_170,copd,AKG C417L Microphone,79.0,0,0,0,0.60884476,0.33152124,0,0,adulto
ICB_03655_001,ICB_170,copd,AKG C417L Microphone,79.0,0,0,0,0.6310179,0.31209183,0,0,adulto
ICB_03655_002,ICB_170,copd,AKG C417L Microphone,79.0,0,0,0,0.6091363,0.26455075,0,0,adulto
ICB_03655_003,ICB_170,copd,AKG C417L Microphone,79.0,0,0,0,0.6172751,0.31384623,0,0,adulto
ICB_03655_004,ICB_170,copd,AKG C417L Microphone,79.0,0,0,0,0.6224114,0.27844784,0,0,adulto
ICB_03656_000,ICB_170,copd,AKG C417L Microphone,79.0,0,0,0,0.5208194,0.27498934,0,0,adulto
ICB_03656_001,ICB_170,copd,AKG C417L Microphone,79.0,0,0,0,0.59902,0.25725687,0,0,adulto
ICB_03656_002,ICB_170,copd,AKG C417L Microphone,79.0,0,0,0,0.54405856,0.1699568,0,0,adulto
ICB_03656_003,ICB_170,copd,AKG C417L Microphone,79.0,0,0,0,0.48469955,0.2867905,0,0,adulto
ICB_03656_004,ICB_170,copd,AKG C417L Microphone,79.0,0,0,0,0.41353798,0.16330163,0,0,adulto
ICB_03657_000,ICB_170,copd,AKG C417L Microphone,79.0,0,0,0,0.657424,0.18784687,0,0,adulto
ICB_03657_001,ICB_170,copd,AKG C417L Microphone,79.0,0,0,0,0.695104,0.2740746,0,0,adulto
ICB_03657_002,ICB_170,copd,AKG C417L Microphone,79.0,0,0,0,0.73479635,0.14239389,1,0,adulto
ICB_03657_003,ICB_170,copd,AKG C417L Microphone,79.0,0,0,0,0.665031,0.29973412,0,0,adulto
ICB_03657_004,ICB_170,copd,AKG C417L Microphone,79.0,0,0,0,0.66860884,0.1852802,0,0,adulto
ICB_03657_005,ICB_170,copd,AKG C417L Microphone,79.0,0,0,0,0.59530276,0.18273315,0,0,adulto
ICB_03658_000,ICB_170,copd,AKG C417L Microphone,79.0,0,0,0,0.6642568,0.2773419,0,0,adulto
ICB_03658_001,ICB_170,copd,AKG C417L Microphone,79.0,0,0,0,0.6603073,0.2631633,0,0,adulto
ICB_03658_002,ICB_170,copd,AKG C417L Microphone,79.0,0,0,0,0.6806934,0.2293797,0,0,adulto
ICB_03658_003,ICB_170,copd,AKG C417L Microphone,79.0,0,0,0,0.6618958,0.30103582,0,0,adulto
ICB_03658_004,ICB_170,copd,AKG C417L Microphone,79.0,0,0,0,0.69095016,0.2524393,0,0,adulto
ICB_03658_005,ICB_170,copd,AKG C417L Microphone,79.0,0,0,0,0.61496735,0.2590869,0,0,adulto
ICB_03659_000,ICB_170,copd,AKG C417L Microphone,79.0,0,0,0,0.75576717,0.22835633,1,0,adulto
ICB_03659_001,ICB_170,copd,AKG C417L Microphone,79.0,0,0,0,0.71368414,0.31597847,1,0,adulto
ICB_03659_002,ICB_170,copd,AKG C417L Microphone,79.0,0,0,0,0.749012,0.24292319,1,0,adulto
ICB_03659_003,ICB_170,copd,AKG C417L Microphone,79.0,0,0,0,0.7323533,0.213129,1,0,adulto
ICB_03659_004,ICB_170,copd,AKG C417L Microphone,79.0,0,0,0,0.73697674,0.22630997,1,0,adulto
ICB_03659_005,ICB_170,copd,AKG C417L Microphone,79.0,0,0,0,0.72135675,0.24038868,1,0,adulto
ICB_03660_000,ICB_170,copd,AKG C417L Microphone,79.0,0,0,0,0.7355732,0.29487565,1,0,adulto
ICB_03660_001,ICB_170,copd,AKG C417L Microphone,79.0,0,0,0,0.71013135,0.3036684,1,0,adulto
ICB_03660_002,ICB_170,copd,AKG C417L Microphone,79.0,0,0,0,0.70190006,0.25986025,1,0,adulto
ICB_03660_003,ICB_170,copd,AKG C417L Microphone,79.0,1,0,0,0.69448984,0.22967365,0,1,adulto
ICB_03660_004,ICB_170,copd,AKG C417L Microphone,79.0,0,0,0,0.7176088,0.26148862,1,0,adulto
ICB_03660_005,ICB_170,copd,AKG C417L Microphone,79.0,0,0,0,0.68879193,0.2581639,0,0,adulto
ICB_03661_000,ICB_170,copd,AKG C417L Microphone,79.0,1,0,0,0.60985595,0.32689208,0,1,adulto
ICB_03661_001,ICB_170,copd,AKG C417L Microphone,79.0,1,0,0,0.5844308,0.32849237,0,1,adulto
ICB_03661_002,ICB_170,copd,AKG C417L Microphone,79.0,1,0,0,0.6272686,0.29212657,0,1,adulto
ICB_03661_003,ICB_170,copd,AKG C417L Microphone,79.0,1,0,0,0.60709095,0.2946446,0,1,adulto
ICB_03661_004,ICB_170,copd,AKG C417L Microphone,79.0,1,0,0,0.6345568,0.32878494,0,1,adulto
ICB_03661_005,ICB_170,copd,AKG C417L Microphone,79.0,1,0,0,0.5882776,0.28611347,0,1,adulto
ICB_03662_000,ICB_170,copd,AKG C417L Microphone,79.0,1,0,0,0.63307804,0.2728606,0,1,adulto
ICB_03662_001,ICB_170,copd,AKG C417L Microphone,79.0,0,0,0,0.615578,0.29549518,0,0,adulto
ICB_03662_002,ICB_170,copd,AKG C417L Microphone,79.0,0,0,0,0.5821299,0.31323823,0,0,adulto
ICB_03662_003,ICB_170,copd,AKG C417L Microphone,79.0,0,0,0,0.60735357,0.30744964,0,0,adulto
ICB_03662_004,ICB_170,copd,AKG C417L Microphone,79.0,0,0,0,0.6329621,0.31925216,0,0,adulto
ICB_03662_005,ICB_170,copd,AKG C417L Microphone,79.0,0,0,0,0.60563904,0.32654947,0,0,adulto
ICB_03663_000,ICB_170,copd,AKG C417L Microphone,79.0,0,0,0,0.38197795,0.19608098,0,0,adulto
ICB_03663_001,ICB_170,copd,AKG C417L Microphone,79.0,0,0,0,0.35205135,0.12821187,0,0,adulto
ICB_03663_002,ICB_170,copd,AKG C417L Microphone,79.0,0,0,0,0.38106036,0.09716957,0,0,adulto
ICB_03663_003,ICB_170,copd,AKG C417L Microphone,79.0,0,0,0,0.40878722,0.14612336,0,0,adulto
ICB_03663_004,ICB_170,copd,AKG C417L Microphone,79.0,0,0,0,0.42309785,0.14036572,0,0,adulto
ICB_03663_005,ICB_170,copd,AKG C417L Microphone,79.0,0,0,0,0.37574318,0.11546575,0,0,adulto
ICB_03664_000,ICB_170,copd,AKG C417L Microphone,79.0,0,0,0,0.68149114,0.18421155,0,0,adulto
ICB_03664_001,ICB_170,copd,AKG C417L Microphone,79.0,0,0,0,0.66640526,0.12094752,0,0,adulto
ICB_03664_002,ICB_170,copd,AKG C417L Microphone,79.0,0,0,0,0.6215023,0.18673658,0,0,adulto
ICB_03664_003,ICB_170,copd,AKG C417L Microphone,79.0,0,0,0,0.6590485,0.14715682,0,0,adulto
ICB_03664_004,ICB_170,copd,AKG C417L Microphone,79.0,0,0,0,0.5857834,0.16673928,0,0,adulto
ICB_03664_005,ICB_170,copd,AKG C417L Microphone,79.0,0,0,0,0.69556034,0.17765883,0,0,adulto
ICB_03665_000,ICB_170,copd,AKG C417L Microphone,79.0,1,0,0,0.6585766,0.16414621,0,1,adulto
ICB_03665_001,ICB_170,copd,AKG C417L Microphone,79.0,1,1,0,0.6174123,0.19309282,0,3,adulto
ICB_03665_002,ICB_170,copd,AKG C417L Microphone,79.0,1,1,0,0.6366008,0.2953885,0,3,adulto
ICB_03665_003,ICB_170,copd,AKG C417L Microphone,79.0,1,1,0,0.6584823,0.24611045,0,3,adulto
ICB_03665_004,ICB_170,copd,AKG C417L Microphone,79.0,0,1,0,0.645769,0.25969627,0,2,adulto
ICB_03665_005,ICB_170,copd,AKG C417L Microphone,79.0,1,1,0,0.66281146,0.29565823,0,3,adulto
ICB_03666_000,ICB_170,copd,AKG C417L Microphone,79.0,0,0,0,0.7026197,0.22248445,1,0,adulto
ICB_03666_001,ICB_170,copd,AKG C417L Microphone,79.0,0,0,0,0.68797183,0.33471456,0,0,adulto
ICB_03666_002,ICB_170,copd,AKG C417L Microphone,79.0,0,0,0,0.71532285,0.2628387,1,0,adulto
ICB_03666_003,ICB_170,copd,AKG C417L Microphone,79.0,0,0,0,0.7198508,0.2477332,1,0,adulto
ICB_03666_004,ICB_170,copd,AKG C417L Microphone,79.0,0,0,0,0.70137924,0.20383443,1,0,adulto
ICB_03666_005,ICB_170,copd,AKG C417L Microphone,79.0,0,0,0,0.71722686,0.34522572,1,0,adulto
ICB_03667_000,ICB_170,copd,AKG C417L Microphone,79.0,1,0,0,0.62306166,0.24284285,0,1,adulto
ICB_03667_001,ICB_170,copd,AKG C417L Microphone,79.0,1,0,0,0.5806675,0.25937036,0,1,adulto
ICB_03667_002,ICB_170,copd,AKG C417L Microphone,79.0,1,0,0,0.5282852,0.24574858,0,1,adulto
ICB_03667_003,ICB_170,copd,AKG C417L Microphone,79.0,1,0,0,0.64140874,0.31872606,0,1,adulto
ICB_03667_004,ICB_170,copd,AKG C417L Microphone,79.0,1,0,0,0.5761703,0.26586977,0,1,adulto
ICB_03667_005,ICB_170,copd,AKG C417L Microphone,79.0,1,0,0,0.67773926,0.30250385,0,1,adulto
ICB_03668_000,ICB_170,copd,AKG C417L Microphone,79.0,0,0,0,0.5697358,0.2273001,0,0,adulto
ICB_03668_001,ICB_170,copd,AKG C417L Microphone,79.0,1,0,0,0.57043684,0.27117598,0,1,adulto
ICB_03668_002,ICB_170,copd,AKG C417L Microphone,79.0,0,0,0,0.62996435,0.28831327,0,0,adulto
ICB_03668_003,ICB_170,copd,AKG C417L Microphone,79.0,0,0,0,0.61063176,0.29823387,0,0,adulto
ICB_03668_004,ICB_170,copd,AKG C417L Microphone,79.0,1,0,0,0.58774436,0.2332673,0,1,adulto
ICB_03668_005,ICB_170,copd,AKG C417L Microphone,79.0,0,0,0,0.6227658,0.30803546,0,0,adulto
ICB_03669_000,ICB_170,copd,AKG C417L Microphone,79.0,0,0,0,0.41067955,0.1448317,0,0,adulto
ICB_03669_001,ICB_170,copd,AKG C417L Microphone,79.0,0,0,0,0.4245596,0.12408333,0,0,adulto
ICB_03669_002,ICB_170,copd,AKG C417L Microphone,79.0,0,0,0,0.40967932,0.11559838,0,0,adulto
ICB_03669_003,ICB_170,copd,AKG C417L Microphone,79.0,0,0,0,0.44177094,0.12294877,0,0,adulto
ICB_03669_004,ICB_170,copd,AKG C417L Microphone,79.0,0,0,0,0.39817184,0.10495434,0,0,adulto
ICB_03669_005,ICB_170,copd,AKG C417L Microphone,79.0,0,0,0,0.40247914,0.152609,0,0,adulto
ICB_03670_000,ICB_170,copd,AKG C417L Microphone,79.0,0,0,0,0.73994654,0.23231918,1,0,adulto
ICB_03670_001,ICB_170,copd,AKG C417L Microphone,79.0,0,0,0,0.7271623,0.34618607,1,0,adulto
ICB_03670_002,ICB_170,copd,AKG C417L Microphone,79.0,0,0,0,0.6892751,0.32151183,0,0,adulto
ICB_03670_003,ICB_170,copd,AKG C417L Microphone,79.0,0,0,0,0.6748372,0.35414928,0,0,adulto
ICB_03670_004,ICB_170,copd,AKG C417L Microphone,79.0,0,0,0,0.6276704,0.28113222,0,0,adulto
ICB_03670_005,ICB_170,copd,AKG C417L Microphone,79.0,0,0,0,0.64302546,0.17693572,0,0,adulto
ICB_03670_006,ICB_170,copd,AKG C417L Microphone,79.0,0,0,0,0.59586936,0.30897856,0,0,adulto
ICB_03671_000,ICB_170,copd,AKG C417L Microphone,79.0,0,0,0,0.61344427,0.19251324,0,0,adulto
ICB_03671_001,ICB_170,copd,AKG C417L Microphone,79.0,1,0,0,0.5855248,0.27318916,0,1,adulto
ICB_03671_002,ICB_170,copd,AKG C417L Microphone,79.0,1,0,0,0.626752,0.19537567,0,1,adulto
ICB_03671_003,ICB_170,copd,AKG C417L Microphone,79.0,1,0,0,0.5761909,0.16665787,0,1,adulto
ICB_03671_004,ICB_170,copd,AKG C417L Microphone,79.0,0,0,0,0.58804166,0.19513686,0,0,adulto
ICB_03671_005,ICB_170,copd,AKG C417L Microphone,79.0,0,0,0,0.5058213,0.111809276,0,0,adulto
ICB_03671_006,ICB_170,copd,AKG C417L Microphone,79.0,0,0,0,0.54304606,0.13894042,0,0,adulto
ICB_03672_000,ICB_170,copd,AKG C417L Microphone,79.0,0,0,0,0.66280454,0.24758682,0,0,adulto
ICB_03672_001,ICB_170,copd,AKG C417L Microphone,79.0,0,0,0,0.67599237,0.24465868,0,0,adulto
ICB_03672_002,ICB_170,copd,AKG C417L Microphone,79.0,0,0,0,0.6726351,0.3096948,0,0,adulto
ICB_03672_003,ICB_170,copd,AKG C417L Microphone,79.0,0,0,0,0.64104056,0.34822205,0,0,adulto
ICB_03672_004,ICB_170,copd,AKG C417L Microphone,79.0,0,0,0,0.7019422,0.34602174,1,0,adulto
ICB_03672_005,ICB_170,copd,AKG C417L Microphone,79.0,0,0,0,0.6027772,0.45532686,2,0,adulto
ICB_03672_006,ICB_170,copd,AKG C417L Microphone,79.0,0,0,0,0.64908975,0.41421723,0,0,adulto
ICB_03673_000,ICB_170,copd,AKG C417L Microphone,79.0,0,0,0,0.6580166,0.27041662,0,0,adulto
ICB_03673_001,ICB_170,copd,AKG C417L Microphone,79.0,0,0,0,0.65117186,0.29328513,0,0,adulto
ICB_03673_002,ICB_170,copd,AKG C417L Microphone,79.0,0,0,0,0.69008595,0.26235858,0,0,adulto
ICB_03673_003,ICB_170,copd,AKG C417L Microphone,79.0,0,0,0,0.61587363,0.34737846,0,0,adulto
ICB_03673_004,ICB_170,copd,AKG C417L Microphone,79.0,0,0,0,0.65783495,0.27201056,0,0,adulto
ICB_03673_005,ICB_170,copd,AKG C417L Microphone,79.0,0,0,0,0.65967035,0.31199163,0,0,adulto
ICB_03673_006,ICB_170,copd,AKG C417L Microphone,79.0,0,0,0,0.52653825,0.24775986,0,0,adulto
ICB_03674_000,ICB_170,copd,AKG C417L Microphone,79.0,0,0,0,0.640502,0.23867245,0,0,adulto
ICB_03674_001,ICB_170,copd,AKG C417L Microphone,79.0,0,0,0,0.62821126,0.2692499,0,0,adulto
ICB_03674_002,ICB_170,copd,AKG C417L Microphone,79.0,0,0,0,0.64695436,0.24892165,0,0,adulto
ICB_03674_003,ICB_170,copd,AKG C417L Microphone,79.0,0,0,0,0.62620115,0.35083643,0,0,adulto
ICB_03674_004,ICB_170,copd,AKG C417L Microphone,79.0,0,0,0,0.63585156,0.30425078,0,0,adulto
ICB_03674_005,ICB_170,copd,AKG C417L Microphone,79.0,0,0,0,0.61492395,0.38028228,0,0,adulto
ICB_03674_006,ICB_170,copd,AKG C417L Microphone,79.0,0,0,0,0.58262026,0.34707072,0,0,adulto
ICB_03675_000,ICB_170,copd,AKG C417L Microphone,79.0,0,0,0,0.49825966,0.17383748,0,0,adulto
ICB_03675_001,ICB_170,copd,AKG C417L Microphone,79.0,0,0,0,0.54594034,0.1959979,0,0,adulto
ICB_03675_002,ICB_170,copd,AKG C417L Microphone,79.0,0,0,0,0.35404083,0.11259464,0,0,adulto
ICB_03675_003,ICB_170,copd,AKG C417L Microphone,79.0,0,0,0,0.36170053,0.12275817,0,0,adulto
ICB_03675_004,ICB_170,copd,AKG C417L Microphone,79.0,0,0,0,0.38795218,0.088201225,0,0,adulto
ICB_03675_005,ICB_170,copd,AKG C417L Microphone,79.0,0,1,0,0.38693222,0.12270657,0,2,adulto
ICB_03675_006,ICB_170,copd,AKG C417L Microphone,79.0,0,0,0,0.27643496,0.0887534,0,0,adulto
ICB_03676_000,ICB_171,normal_lung,AKG C417L Microphone,9.0,0,0,0,0.63391167,0.33747545,0,0,pediátrico (<18)
ICB_03676_001,ICB_171,normal_lung,AKG C417L Microphone,9.0,0,0,0,0.6352758,0.4069615,0,0,pediátrico (<18)
ICB_03676_002,ICB_171,normal_lung,AKG C417L Microphone,9.0,0,0,0,0.67213833,0.4647106,2,0,pediátrico (<18)
ICB_03676_003,ICB_171,normal_lung,AKG C417L Microphone,9.0,0,0,0,0.63541704,0.38041773,0,0,pediátrico (<18)
ICB_03676_004,ICB_171,normal_lung,AKG C417L Microphone,9.0,0,0,0,0.62227505,0.37950224,0,0,pediátrico (<18)
ICB_03676_005,ICB_171,normal_lung,AKG C417L Microphone,9.0,0,0,0,0.64275503,0.41470143,0,0,pediátrico (<18)
ICB_03676_006,ICB_171,normal_lung,AKG C417L Microphone,9.0,0,0,0,0.68281484,0.500233,2,0,pediátrico (<18)
ICB_03676_007,ICB_171,normal_lung,AKG C417L Microphone,9.0,0,0,0,0.6609328,0.36103097,0,0,pediátrico (<18)
ICB_03676_008,ICB_171,normal_lung,AKG C417L Microphone,9.0,0,0,0,0.5835315,0.32302973,0,0,pediátrico (<18)
ICB_03677_000,ICB_172,copd,AKG C417L Microphone,73.0,0,0,0,0.68858933,0.30244416,0,0,adulto
ICB_03677_001,ICB_172,copd,AKG C417L Microphone,73.0,0,0,0,0.7302412,0.23173091,1,0,adulto
ICB_03677_002,ICB_172,copd,AKG C417L Microphone,73.0,0,0,0,0.70211464,0.27885255,1,0,adulto
ICB_03677_003,ICB_172,copd,AKG C417L Microphone,73.0,0,0,0,0.73501587,0.5615887,3,0,adulto
ICB_03677_004,ICB_172,copd,AKG C417L Microphone,73.0,0,0,0,0.7335556,0.22722487,1,0,adulto
ICB_03677_005,ICB_172,copd,AKG C417L Microphone,73.0,0,0,0,0.693779,0.2561868,0,0,adulto
ICB_03677_006,ICB_172,copd,AKG C417L Microphone,73.0,1,0,0,0.77098876,0.27229482,1,1,adulto
ICB_03678_000,ICB_172,copd,AKG C417L Microphone,73.0,0,0,0,0.6410593,0.25165743,0,0,adulto
ICB_03678_001,ICB_172,copd,AKG C417L Microphone,73.0,0,0,0,0.61617863,0.22629005,0,0,adulto
ICB_03678_002,ICB_172,copd,AKG C417L Microphone,73.0,0,0,0,0.643569,0.24749762,0,0,adulto
ICB_03678_003,ICB_172,copd,AKG C417L Microphone,73.0,0,0,0,0.6640045,0.41747823,0,0,adulto
ICB_03678_004,ICB_172,copd,AKG C417L Microphone,73.0,0,0,0,0.6122776,0.2531123,0,0,adulto
ICB_03678_005,ICB_172,copd,AKG C417L Microphone,73.0,0,0,0,0.6512805,0.2944072,0,0,adulto
ICB_03678_006,ICB_172,copd,AKG C417L Microphone,73.0,0,0,0,0.70677954,0.2598417,1,0,adulto
ICB_03679_000,ICB_172,copd,AKG C417L Microphone,73.0,1,0,0,0.76694286,0.37758303,1,1,adulto
ICB_03679_001,ICB_172,copd,AKG C417L Microphone,73.0,0,0,0,0.7375991,0.3457676,1,0,adulto
ICB_03679_002,ICB_172,copd,AKG C417L Microphone,73.0,1,0,0,0.6676447,0.3685776,0,1,adulto
ICB_03679_003,ICB_172,copd,AKG C417L Microphone,73.0,1,0,0,0.7459636,0.5107564,3,1,adulto
ICB_03679_004,ICB_172,copd,AKG C417L Microphone,73.0,1,0,0,0.7411969,0.27676108,1,1,adulto
ICB_03679_005,ICB_172,copd,AKG C417L Microphone,73.0,1,0,0,0.73290706,0.36888215,1,1,adulto
ICB_03679_006,ICB_172,copd,AKG C417L Microphone,73.0,1,0,0,0.6964559,0.34431714,0,1,adulto
ICB_03680_000,ICB_172,copd,AKG C417L Microphone,73.0,0,0,0,0.6869166,0.30335516,0,0,adulto
ICB_03680_001,ICB_172,copd,AKG C417L Microphone,73.0,0,0,0,0.5397988,0.37410542,0,0,adulto
ICB_03680_002,ICB_172,copd,AKG C417L Microphone,73.0,0,0,0,0.7292499,0.2524778,1,0,adulto
ICB_03680_003,ICB_172,copd,AKG C417L Microphone,73.0,0,0,0,0.6409902,0.35622376,0,0,adulto
ICB_03680_004,ICB_172,copd,AKG C417L Microphone,73.0,0,0,0,0.57815427,0.28365433,0,0,adulto
ICB_03680_005,ICB_172,copd,AKG C417L Microphone,73.0,0,0,0,0.695322,0.24628405,0,0,adulto
ICB_03680_006,ICB_172,copd,AKG C417L Microphone,73.0,0,0,0,0.52140874,0.34653023,0,0,adulto
ICB_03681_000,ICB_172,copd,AKG C417L Microphone,73.0,1,0,0,0.6636197,0.31480455,0,1,adulto
ICB_03681_001,ICB_172,copd,AKG C417L Microphone,73.0,0,0,0,0.66554695,0.29963952,0,0,adulto
ICB_03681_002,ICB_172,copd,AKG C417L Microphone,73.0,0,0,0,0.7025855,0.3060209,1,0,adulto
ICB_03681_003,ICB_172,copd,AKG C417L Microphone,73.0,1,0,0,0.65827346,0.3310287,0,1,adulto
ICB_03681_004,ICB_172,copd,AKG C417L Microphone,73.0,0,0,0,0.68019664,0.29774112,0,0,adulto
ICB_03681_005,ICB_172,copd,AKG C417L Microphone,73.0,1,0,0,0.6752834,0.316141,0,1,adulto
ICB_03681_006,ICB_172,copd,AKG C417L Microphone,73.0,0,0,0,0.66922987,0.26360348,0,0,adulto
ICB_03682_000,ICB_172,copd,AKG C417L Microphone,73.0,1,0,0,0.6122748,0.30139506,0,1,adulto
ICB_03682_001,ICB_172,copd,AKG C417L Microphone,73.0,1,0,0,0.6031847,0.2931193,0,1,adulto
ICB_03682_002,ICB_172,copd,AKG C417L Microphone,73.0,1,0,0,0.60449845,0.26566166,0,1,adulto
ICB_03682_003,ICB_172,copd,AKG C417L Microphone,73.0,1,0,0,0.62790287,0.2714026,0,1,adulto
ICB_03682_004,ICB_172,copd,AKG C417L Microphone,73.0,1,0,0,0.626605,0.27228373,0,1,adulto
ICB_03682_005,ICB_172,copd,AKG C417L Microphone,73.0,1,0,0,0.5899092,0.24879868,0,1,adulto
ICB_03682_006,ICB_172,copd,AKG C417L Microphone,73.0,1,0,0,0.62269634,0.27090725,0,1,adulto
ICB_03683_000,ICB_172,copd,AKG C417L Microphone,73.0,0,0,0,0.4730136,0.09396135,0,0,adulto
ICB_03683_001,ICB_172,copd,AKG C417L Microphone,73.0,0,0,0,0.47113556,0.09388855,0,0,adulto
ICB_03683_002,ICB_172,copd,AKG C417L Microphone,73.0,0,0,0,0.4906157,0.12399927,0,0,adulto
ICB_03683_003,ICB_172,copd,AKG C417L Microphone,73.0,0,0,0,0.519464,0.15550964,0,0,adulto
ICB_03683_004,ICB_172,copd,AKG C417L Microphone,73.0,0,0,0,0.41736794,0.17151244,0,0,adulto
ICB_03683_005,ICB_172,copd,AKG C417L Microphone,73.0,0,0,0,0.46546188,0.09929893,0,0,adulto
ICB_03683_006,ICB_172,copd,AKG C417L Microphone,73.0,1,0,0,0.62074566,0.246341,0,1,adulto
ICB_03684_000,ICB_172,copd,AKG C417L Microphone,73.0,1,0,0,0.7072486,0.22112493,1,1,adulto
ICB_03684_001,ICB_172,copd,AKG C417L Microphone,73.0,0,1,0,0.55717397,0.9134754,2,2,adulto
ICB_03684_002,ICB_172,copd,AKG C417L Microphone,73.0,0,1,0,0.62140924,0.9325775,2,2,adulto
ICB_03684_003,ICB_172,copd,AKG C417L Microphone,73.0,0,1,0,0.6300821,0.8969095,2,2,adulto
ICB_03684_004,ICB_172,copd,AKG C417L Microphone,73.0,0,0,0,0.7218826,0.26229444,1,0,adulto
ICB_03684_005,ICB_172,copd,AKG C417L Microphone,73.0,1,0,0,0.7061785,0.5245477,3,1,adulto
ICB_03685_000,ICB_172,copd,AKG C417L Microphone,73.0,0,0,0,0.61523587,0.20126721,0,0,adulto
ICB_03685_001,ICB_172,copd,AKG C417L Microphone,73.0,1,1,0,0.58351433,0.69570065,2,3,adulto
ICB_03685_002,ICB_172,copd,AKG C417L Microphone,73.0,0,1,0,0.58953625,0.90597624,2,2,adulto
ICB_03685_003,ICB_172,copd,AKG C417L Microphone,73.0,0,1,0,0.5983398,0.74248284,2,2,adulto
ICB_03685_004,ICB_172,copd,AKG C417L Microphone,73.0,0,1,0,0.5909281,0.30445614,0,2,adulto
ICB_03685_005,ICB_172,copd,AKG C417L Microphone,73.0,0,0,0,0.6818459,0.5920231,2,0,adulto
ICB_03686_000,ICB_172,copd,AKG C417L Microphone,73.0,0,0,0,0.7248532,0.42447615,1,0,adulto
ICB_03686_001,ICB_172,copd,AKG C417L Microphone,73.0,1,1,0,0.62168103,0.84710634,2,3,adulto
ICB_03686_002,ICB_172,copd,AKG C417L Microphone,73.0,1,1,0,0.6541745,0.94351864,2,3,adulto
ICB_03686_003,ICB_172,copd,AKG C417L Microphone,73.0,0,1,0,0.6256413,0.7897864,2,2,adulto
ICB_03686_004,ICB_172,copd,AKG C417L Microphone,73.0,1,0,0,0.7062299,0.38489145,1,1,adulto
ICB_03686_005,ICB_172,copd,AKG C417L Microphone,73.0,0,0,0,0.6397472,0.37655035,0,0,adulto
ICB_03687_000,ICB_172,copd,AKG C417L Microphone,73.0,0,0,0,0.45915452,0.31709507,0,0,adulto
ICB_03687_001,ICB_172,copd,AKG C417L Microphone,73.0,0,1,0,0.4265857,0.27222112,0,2,adulto
ICB_03687_002,ICB_172,copd,AKG C417L Microphone,73.0,0,1,0,0.51951796,0.82433176,2,2,adulto
ICB_03687_003,ICB_172,copd,AKG C417L Microphone,73.0,0,1,0,0.4001616,0.7010251,2,2,adulto
ICB_03687_004,ICB_172,copd,AKG C417L Microphone,73.0,0,1,0,0.5099848,0.26952812,0,2,adulto
ICB_03687_005,ICB_172,copd,AKG C417L Microphone,73.0,0,0,0,0.6418781,0.38080436,0,0,adulto
ICB_03688_000,ICB_172,copd,AKG C417L Microphone,73.0,1,0,0,0.6198818,0.31901258,0,1,adulto
ICB_03688_001,ICB_172,copd,AKG C417L Microphone,73.0,0,1,0,0.5371296,0.93505055,2,2,adulto
ICB_03688_002,ICB_172,copd,AKG C417L Microphone,73.0,0,1,0,0.55380577,0.97607565,2,2,adulto
ICB_03688_003,ICB_172,copd,AKG C417L Microphone,73.0,0,1,0,0.5740225,0.9553343,2,2,adulto
ICB_03688_004,ICB_172,copd,AKG C417L Microphone,73.0,0,0,0,0.63482386,0.31178498,0,0,adulto
ICB_03688_005,ICB_172,copd,AKG C417L Microphone,73.0,1,1,0,0.67139,0.60148996,2,3,adulto
ICB_03689_000,ICB_172,copd,AKG C417L Microphone,73.0,0,0,0,0.57483226,0.29468575,0,0,adulto
ICB_03689_001,ICB_172,copd,AKG C417L Microphone,73.0,0,1,0,0.37208644,0.8918125,2,2,adulto
ICB_03689_002,ICB_172,copd,AKG C417L Microphone,73.0,0,1,0,0.45718622,0.87201744,2,2,adulto
ICB_03689_003,ICB_172,copd,AKG C417L Microphone,73.0,0,1,0,0.50260466,0.89759165,2,2,adulto
ICB_03689_004,ICB_172,copd,AKG C417L Microphone,73.0,0,0,0,0.6151677,0.28666326,0,0,adulto
ICB_03689_005,ICB_172,copd,AKG C417L Microphone,73.0,0,0,0,0.60656464,0.6607257,2,0,adulto
ICB_03690_000,ICB_172,copd,AKG C417L Microphone,73.0,0,0,0,0.521185,0.051964518,0,0,adulto
ICB_03690_001,ICB_172,copd,AKG C417L Microphone,73.0,1,1,0,0.4823774,0.5994195,2,3,adulto
ICB_03690_002,ICB_172,copd,AKG C417L Microphone,73.0,0,1,0,0.3838858,0.65460384,2,2,adulto
ICB_03690_003,ICB_172,copd,AKG C417L Microphone,73.0,1,1,0,0.4540694,0.68262815,2,3,adulto
ICB_03690_004,ICB_172,copd,AKG C417L Microphone,73.0,0,0,0,0.45051774,0.029638024,0,0,adulto
ICB_03690_005,ICB_172,copd,AKG C417L Microphone,73.0,0,0,0,0.6446196,0.5499234,2,0,adulto
ICB_03691_000,ICB_172,copd,AKG C417L Microphone,73.0,0,0,0,0.76335865,0.28539944,1,0,adulto
ICB_03691_001,ICB_172,copd,AKG C417L Microphone,73.0,0,1,0,0.6594664,0.7451684,2,2,adulto
ICB_03691_002,ICB_172,copd,AKG C417L Microphone,73.0,1,0,0,0.6979598,0.20852846,0,1,adulto
ICB_03691_003,ICB_172,copd,AKG C417L Microphone,73.0,0,0,0,0.679407,0.23933148,0,0,adulto
ICB_03691_004,ICB_172,copd,AKG C417L Microphone,73.0,0,0,0,0.74341905,0.26015234,1,0,adulto
ICB_03691_005,ICB_172,copd,AKG C417L Microphone,73.0,0,0,0,0.7436664,0.27396905,1,0,adulto
ICB_03691_006,ICB_172,copd,AKG C417L Microphone,73.0,0,0,0,0.71876186,0.2524615,1,0,adulto
ICB_03692_000,ICB_172,copd,AKG C417L Microphone,73.0,0,0,0,0.68497837,0.24198823,0,0,adulto
ICB_03692_001,ICB_172,copd,AKG C417L Microphone,73.0,0,1,0,0.6414478,0.45866376,2,2,adulto
ICB_03692_002,ICB_172,copd,AKG C417L Microphone,73.0,0,0,0,0.64857554,0.31044328,0,0,adulto
ICB_03692_003,ICB_172,copd,AKG C417L Microphone,73.0,0,0,0,0.64528817,0.24231954,0,0,adulto
ICB_03692_004,ICB_172,copd,AKG C417L Microphone,73.0,0,0,0,0.62887937,0.26271027,0,0,adulto
ICB_03692_005,ICB_172,copd,AKG C417L Microphone,73.0,0,0,0,0.6690557,0.20152421,0,0,adulto
ICB_03692_006,ICB_172,copd,AKG C417L Microphone,73.0,0,0,0,0.6049047,0.22515537,0,0,adulto
ICB_03693_000,ICB_172,copd,AKG C417L Microphone,73.0,1,0,0,0.7060943,0.3254039,1,1,adulto
ICB_03693_001,ICB_172,copd,AKG C417L Microphone,73.0,0,1,0,0.5952624,0.73804176,2,2,adulto
ICB_03693_002,ICB_172,copd,AKG C417L Microphone,73.0,1,0,0,0.6740659,0.40292746,0,1,adulto
ICB_03693_003,ICB_172,copd,AKG C417L Microphone,73.0,0,0,0,0.66936576,0.34679618,0,0,adulto
ICB_03693_004,ICB_172,copd,AKG C417L Microphone,73.0,1,0,0,0.6833963,0.432473,0,1,adulto
ICB_03693_005,ICB_172,copd,AKG C417L Microphone,73.0,0,0,0,0.7743416,0.29911938,1,0,adulto
ICB_03693_006,ICB_172,copd,AKG C417L Microphone,73.0,0,0,0,0.6637324,0.43688092,0,0,adulto
ICB_03694_000,ICB_172,copd,AKG C417L Microphone,73.0,0,0,0,0.675549,0.323975,0,0,adulto
ICB_03694_001,ICB_172,copd,AKG C417L Microphone,73.0,0,1,0,0.57059383,0.3138232,0,2,adulto
ICB_03694_002,ICB_172,copd,AKG C417L Microphone,73.0,0,0,0,0.48352203,0.24391007,0,0,adulto
ICB_03694_003,ICB_172,copd,AKG C417L Microphone,73.0,1,0,0,0.58370024,0.30848888,0,1,adulto
ICB_03694_004,ICB_172,copd,AKG C417L Microphone,73.0,1,0,0,0.63011694,0.32605326,0,1,adulto
ICB_03694_005,ICB_172,copd,AKG C417L Microphone,73.0,0,0,0,0.70047563,0.26986203,1,0,adulto
ICB_03694_006,ICB_172,copd,AKG C417L Microphone,73.0,0,0,0,0.5808878,0.25021002,0,0,adulto
ICB_03695_000,ICB_172,copd,AKG C417L Microphone,73.0,1,0,0,0.72112453,0.26070586,1,1,adulto
ICB_03695_001,ICB_172,copd,AKG C417L Microphone,73.0,0,1,0,0.62367415,0.7164458,2,2,adulto
ICB_03695_002,ICB_172,copd,AKG C417L Microphone,73.0,1,0,0,0.66359043,0.27190366,0,1,adulto
ICB_03695_003,ICB_172,copd,AKG C417L Microphone,73.0,0,0,0,0.6772536,0.28968793,0,0,adulto
ICB_03695_004,ICB_172,copd,AKG C417L Microphone,73.0,1,1,0,0.64775777,0.3178991,0,3,adulto
ICB_03695_005,ICB_172,copd,AKG C417L Microphone,73.0,1,0,0,0.69201785,0.35868728,0,1,adulto
ICB_03695_006,ICB_172,copd,AKG C417L Microphone,73.0,0,0,0,0.6055719,0.25092253,0,0,adulto
ICB_03696_000,ICB_172,copd,AKG C417L Microphone,73.0,0,0,0,0.6292356,0.2556299,0,0,adulto
ICB_03696_001,ICB_172,copd,AKG C417L Microphone,73.0,0,1,0,0.61944944,0.5362377,2,2,adulto
ICB_03696_002,ICB_172,copd,AKG C417L Microphone,73.0,1,0,0,0.64571863,0.287164,0,1,adulto
ICB_03696_003,ICB_172,copd,AKG C417L Microphone,73.0,0,0,0,0.62387645,0.28838432,0,0,adulto
ICB_03696_004,ICB_172,copd,AKG C417L Microphone,73.0,0,1,0,0.65017295,0.28419864,0,2,adulto
ICB_03696_005,ICB_172,copd,AKG C417L Microphone,73.0,0,0,0,0.5873815,0.2556732,0,0,adulto
ICB_03696_006,ICB_172,copd,AKG C417L Microphone,73.0,0,0,0,0.580025,0.22781207,0,0,adulto
ICB_03697_000,ICB_172,copd,AKG C417L Microphone,73.0,0,0,0,0.4528324,0.07188985,0,0,adulto
ICB_03697_001,ICB_172,copd,AKG C417L Microphone,73.0,1,1,0,0.4985437,0.13764502,0,3,adulto
ICB_03697_002,ICB_172,copd,AKG C417L Microphone,73.0,0,0,0,0.56945556,0.10607449,0,0,adulto
ICB_03697_003,ICB_172,copd,AKG C417L Microphone,73.0,0,0,0,0.502617,0.087449595,0,0,adulto
ICB_03697_004,ICB_172,copd,AKG C417L Microphone,73.0,0,0,0,0.45381972,0.059956603,0,0,adulto
ICB_03697_005,ICB_172,copd,AKG C417L Microphone,73.0,0,0,0,0.5826433,0.07990044,0,0,adulto
ICB_03697_006,ICB_172,copd,AKG C417L Microphone,73.0,0,0,0,0.47261354,0.1498258,0,0,adulto
ICB_03698_000,ICB_172,copd,AKG C417L Microphone,73.0,1,0,0,0.7320151,0.26274762,1,1,adulto
ICB_03698_001,ICB_172,copd,AKG C417L Microphone,73.0,1,0,0,0.73237956,0.32755506,1,1,adulto
ICB_03698_002,ICB_172,copd,AKG C417L Microphone,73.0,1,0,0,0.6922337,0.2967774,0,1,adulto
ICB_03698_003,ICB_172,copd,AKG C417L Microphone,73.0,1,0,0,0.71212965,0.28855798,1,1,adulto
ICB_03698_004,ICB_172,copd,AKG C417L Microphone,73.0,1,0,0,0.67572707,0.23375705,0,1,adulto
ICB_03698_005,ICB_172,copd,AKG C417L Microphone,73.0,1,1,0,0.70536804,0.6937602,3,3,adulto
ICB_03699_000,ICB_172,copd,AKG C417L Microphone,73.0,0,0,0,0.5675494,0.15711331,0,0,adulto
ICB_03699_001,ICB_172,copd,AKG C417L Microphone,73.0,0,0,0,0.6348522,0.25674796,0,0,adulto
ICB_03699_002,ICB_172,copd,AKG C417L Microphone,73.0,0,0,0,0.6141858,0.19232555,0,0,adulto
ICB_03699_003,ICB_172,copd,AKG C417L Microphone,73.0,0,0,0,0.6146143,0.150774,0,0,adulto
ICB_03699_004,ICB_172,copd,AKG C417L Microphone,73.0,0,1,0,0.539839,0.15132886,0,2,adulto
ICB_03699_005,ICB_172,copd,AKG C417L Microphone,73.0,0,1,0,0.5966171,0.43231627,0,2,adulto
ICB_03700_000,ICB_172,copd,AKG C417L Microphone,73.0,0,0,0,0.6457413,0.28194523,0,0,adulto
ICB_03700_001,ICB_172,copd,AKG C417L Microphone,73.0,1,0,0,0.70368147,0.32297826,1,1,adulto
ICB_03700_002,ICB_172,copd,AKG C417L Microphone,73.0,0,0,0,0.6256494,0.29946932,0,0,adulto
ICB_03700_003,ICB_172,copd,AKG C417L Microphone,73.0,0,0,0,0.607651,0.31792578,0,0,adulto
ICB_03700_004,ICB_172,copd,AKG C417L Microphone,73.0,0,1,0,0.56969404,0.3365139,0,2,adulto
ICB_03700_005,ICB_172,copd,AKG C417L Microphone,73.0,0,0,0,0.6464276,0.2395149,0,0,adulto
ICB_03701_000,ICB_172,copd,AKG C417L Microphone,73.0,1,0,0,0.6468363,0.22593272,0,1,adulto
ICB_03701_001,ICB_172,copd,AKG C417L Microphone,73.0,1,0,0,0.63290143,0.2660516,0,1,adulto
ICB_03701_002,ICB_172,copd,AKG C417L Microphone,73.0,1,0,0,0.5741083,0.3152753,0,1,adulto
ICB_03701_003,ICB_172,copd,AKG C417L Microphone,73.0,0,0,0,0.6103601,0.30849048,0,0,adulto
ICB_03701_004,ICB_172,copd,AKG C417L Microphone,73.0,0,0,0,0.58369386,0.21674278,0,0,adulto
ICB_03701_005,ICB_172,copd,AKG C417L Microphone,73.0,0,1,0,0.6231184,0.31296596,0,2,adulto
ICB_03702_000,ICB_172,copd,AKG C417L Microphone,73.0,1,0,0,0.64877903,0.2523545,0,1,adulto
ICB_03702_001,ICB_172,copd,AKG C417L Microphone,73.0,0,0,0,0.66992295,0.30236423,0,0,adulto
ICB_03702_002,ICB_172,copd,AKG C417L Microphone,73.0,0,0,0,0.6276252,0.27796492,0,0,adulto
ICB_03702_003,ICB_172,copd,AKG C417L Microphone,73.0,0,0,0,0.6340866,0.2620428,0,0,adulto
ICB_03702_004,ICB_172,copd,AKG C417L Microphone,73.0,1,1,0,0.56966424,0.46214467,2,3,adulto
ICB_03702_005,ICB_172,copd,AKG C417L Microphone,73.0,0,0,0,0.68470424,0.30711895,0,0,adulto
ICB_03703_000,ICB_172,copd,AKG C417L Microphone,73.0,0,0,0,0.49152642,0.053084612,0,0,adulto
ICB_03703_001,ICB_172,copd,AKG C417L Microphone,73.0,0,0,0,0.5679079,0.08277875,0,0,adulto
ICB_03703_002,ICB_172,copd,AKG C417L Microphone,73.0,0,0,0,0.5683684,0.07909617,0,0,adulto
ICB_03703_003,ICB_172,copd,AKG C417L Microphone,73.0,0,0,0,0.5710805,0.035945404,0,0,adulto
ICB_03703_004,ICB_172,copd,AKG C417L Microphone,73.0,0,0,0,0.42544195,0.02583216,0,0,adulto
ICB_03703_005,ICB_172,copd,AKG C417L Microphone,73.0,0,1,0,0.571658,0.06900234,0,2,adulto
ICB_03704_000,ICB_173,bronchiolitis_asthma,AKG C417L Microphone,3.0,0,0,0,0.6398766,0.2848203,0,0,pediátrico (<18)
ICB_03704_001,ICB_173,bronchiolitis_asthma,AKG C417L Microphone,3.0,0,0,0,0.6819179,0.33221588,0,0,pediátrico (<18)
ICB_03704_002,ICB_173,bronchiolitis_asthma,AKG C417L Microphone,3.0,1,0,0,0.6014438,0.346301,0,1,pediátrico (<18)
ICB_03704_003,ICB_173,bronchiolitis_asthma,AKG C417L Microphone,3.0,0,0,0,0.38195983,0.15050225,0,0,pediátrico (<18)
ICB_03704_004,ICB_173,bronchiolitis_asthma,AKG C417L Microphone,3.0,1,0,0,0.67575306,0.38008925,0,1,pediátrico (<18)
ICB_03704_005,ICB_173,bronchiolitis_asthma,AKG C417L Microphone,3.0,0,0,0,0.5309581,0.29828843,0,0,pediátrico (<18)
ICB_03704_006,ICB_173,bronchiolitis_asthma,AKG C417L Microphone,3.0,0,0,0,0.6028014,0.2927733,0,0,pediátrico (<18)
ICB_03704_007,ICB_173,bronchiolitis_asthma,AKG C417L Microphone,3.0,1,0,0,0.74770427,0.3529595,1,1,pediátrico (<18)
ICB_03704_008,ICB_173,bronchiolitis_asthma,AKG C417L Microphone,3.0,1,0,0,0.67361104,0.34545147,0,1,pediátrico (<18)
ICB_03704_009,ICB_173,bronchiolitis_asthma,AKG C417L Microphone,3.0,1,0,0,0.65075916,0.3956857,0,1,pediátrico (<18)
ICB_03704_010,ICB_173,bronchiolitis_asthma,AKG C417L Microphone,3.0,0,0,0,0.59209245,0.27125508,0,0,pediátrico (<18)
ICB_03704_011,ICB_173,bronchiolitis_asthma,AKG C417L Microphone,3.0,0,0,0,0.50458425,0.33355686,0,0,pediátrico (<18)
ICB_03704_012,ICB_173,bronchiolitis_asthma,AKG C417L Microphone,3.0,0,0,0,0.5592956,0.23965189,0,0,pediátrico (<18)
ICB_03734_000,ICB_176,copd,AKG C417L Microphone,65.0,0,0,0,0.46739265,0.13757658,0,0,adulto
ICB_03734_001,ICB_176,copd,AKG C417L Microphone,65.0,1,0,0,0.75713634,0.2949842,1,1,adulto
ICB_03734_002,ICB_176,copd,AKG C417L Microphone,65.0,1,0,0,0.7604128,0.27263936,1,1,adulto
ICB_03734_003,ICB_176,copd,AKG C417L Microphone,65.0,1,0,0,0.7437398,0.25958237,1,1,adulto
ICB_03734_004,ICB_176,copd,AKG C417L Microphone,65.0,1,0,0,0.7725177,0.20729035,1,1,adulto
ICB_03734_005,ICB_176,copd,AKG C417L Microphone,65.0,1,0,0,0.7456429,0.27169716,1,1,adulto
ICB_03735_000,ICB_176,copd,AKG C417L Microphone,65.0,1,0,0,0.60484946,0.15450796,0,1,adulto
ICB_03735_001,ICB_176,copd,AKG C417L Microphone,65.0,1,0,0,0.7002168,0.25635386,1,1,adulto
ICB_03735_002,ICB_176,copd,AKG C417L Microphone,65.0,1,0,0,0.7129745,0.21809016,1,1,adulto
ICB_03735_003,ICB_176,copd,AKG C417L Microphone,65.0,1,0,0,0.69626296,0.25846016,0,1,adulto
ICB_03735_004,ICB_176,copd,AKG C417L Microphone,65.0,1,0,0,0.7392025,0.21455698,1,1,adulto
ICB_03735_005,ICB_176,copd,AKG C417L Microphone,65.0,1,0,0,0.7072454,0.25221577,1,1,adulto
ICB_03736_000,ICB_176,copd,AKG C417L Microphone,65.0,0,0,0,0.48698083,0.013624013,0,0,adulto
ICB_03736_001,ICB_176,copd,AKG C417L Microphone,65.0,1,0,0,0.8379599,0.29189157,1,1,adulto
ICB_03736_002,ICB_176,copd,AKG C417L Microphone,65.0,1,0,0,0.77012557,0.24360567,1,1,adulto
ICB_03736_003,ICB_176,copd,AKG C417L Microphone,65.0,1,0,0,0.8108565,0.28074828,1,1,adulto
ICB_03736_004,ICB_176,copd,AKG C417L Microphone,65.0,1,0,0,0.7866393,0.10513694,1,1,adulto
ICB_03736_005,ICB_176,copd,AKG C417L Microphone,65.0,1,0,0,0.7950856,0.28120112,1,1,adulto
ICB_03737_000,ICB_176,copd,AKG C417L Microphone,65.0,0,0,0,0.5748119,0.23670715,0,0,adulto
ICB_03737_001,ICB_176,copd,AKG C417L Microphone,65.0,1,0,0,0.6483317,0.28010625,0,1,adulto
ICB_03737_002,ICB_176,copd,AKG C417L Microphone,65.0,1,0,0,0.5938135,0.25759986,0,1,adulto
ICB_03737_003,ICB_176,copd,AKG C417L Microphone,65.0,1,0,0,0.6089146,0.23534037,0,1,adulto
ICB_03737_004,ICB_176,copd,AKG C417L Microphone,65.0,1,0,0,0.66222155,0.24405046,0,1,adulto
ICB_03737_005,ICB_176,copd,AKG C417L Microphone,65.0,1,0,0,0.56537837,0.1899177,0,1,adulto
ICB_03738_000,ICB_176,copd,AKG C417L Microphone,65.0,0,0,0,0.45007724,0.051401455,0,0,adulto
ICB_03738_001,ICB_176,copd,AKG C417L Microphone,65.0,1,0,0,0.7532658,0.2663533,1,1,adulto
ICB_03738_002,ICB_176,copd,AKG C417L Microphone,65.0,1,0,0,0.73486507,0.21388415,1,1,adulto
ICB_03738_003,ICB_176,copd,AKG C417L Microphone,65.0,1,0,0,0.7672164,0.2379272,1,1,adulto
ICB_03738_004,ICB_176,copd,AKG C417L Microphone,65.0,1,0,0,0.7565573,0.22274834,1,1,adulto
ICB_03738_005,ICB_176,copd,AKG C417L Microphone,65.0,1,0,0,0.693277,0.22727823,0,1,adulto
ICB_03739_000,ICB_176,copd,AKG C417L Microphone,65.0,0,0,0,0.5142911,0.07021146,0,0,adulto
ICB_03739_001,ICB_176,copd,AKG C417L Microphone,65.0,1,0,0,0.7305625,0.28634813,1,1,adulto
ICB_03739_002,ICB_176,copd,AKG C417L Microphone,65.0,1,0,0,0.70733,0.2907149,1,1,adulto
ICB_03739_003,ICB_176,copd,AKG C417L Microphone,65.0,1,0,0,0.6936217,0.26068428,0,1,adulto
ICB_03739_004,ICB_176,copd,AKG C417L Microphone,65.0,1,0,0,0.70407826,0.2560882,1,1,adulto
ICB_03739_005,ICB_176,copd,AKG C417L Microphone,65.0,1,0,0,0.6822956,0.22333233,0,1,adulto
ICB_03740_000,ICB_176,copd,AKG C417L Microphone,65.0,1,0,0,0.6532015,0.16092116,0,1,adulto
ICB_03740_001,ICB_176,copd,AKG C417L Microphone,65.0,1,0,0,0.6830759,0.21079451,0,1,adulto
ICB_03740_002,ICB_176,copd,AKG C417L Microphone,65.0,1,0,0,0.60504544,0.20762269,0,1,adulto
ICB_03740_003,ICB_176,copd,AKG C417L Microphone,65.0,1,0,0,0.6396219,0.16356072,0,1,adulto
ICB_03740_004,ICB_176,copd,AKG C417L Microphone,65.0,1,0,0,0.6607647,0.12852986,0,1,adulto
ICB_03740_005,ICB_176,copd,AKG C417L Microphone,65.0,1,0,0,0.64768034,0.17665966,0,1,adulto
ICB_03741_000,ICB_176,copd,AKG C417L Microphone,65.0,0,0,0,0.48879495,0.22218224,0,0,adulto
ICB_03741_001,ICB_176,copd,AKG C417L Microphone,65.0,1,0,0,0.740418,0.21004602,1,1,adulto
ICB_03741_002,ICB_176,copd,AKG C417L Microphone,65.0,1,0,0,0.66550976,0.28453237,0,1,adulto
ICB_03741_003,ICB_176,copd,AKG C417L Microphone,65.0,1,0,0,0.6940936,0.21002503,0,1,adulto
ICB_03741_004,ICB_176,copd,AKG C417L Microphone,65.0,1,0,0,0.7044462,0.28428432,1,1,adulto
ICB_03741_005,ICB_176,copd,AKG C417L Microphone,65.0,1,0,0,0.7051777,0.24033716,1,1,adulto
ICB_03742_000,ICB_176,copd,AKG C417L Microphone,65.0,1,0,0,0.48873526,0.24897993,0,1,adulto
ICB_03742_001,ICB_176,copd,AKG C417L Microphone,65.0,1,0,0,0.6590322,0.23650528,0,1,adulto
ICB_03742_002,ICB_176,copd,AKG C417L Microphone,65.0,1,0,0,0.6497029,0.21124795,0,1,adulto
ICB_03742_003,ICB_176,copd,AKG C417L Microphone,65.0,1,0,0,0.6952248,0.22881076,0,1,adulto
ICB_03742_004,ICB_176,copd,AKG C417L Microphone,65.0,1,0,0,0.6707913,0.23043773,0,1,adulto
ICB_03742_005,ICB_176,copd,AKG C417L Microphone,65.0,1,0,0,0.6806576,0.20827465,0,1,adulto
ICB_03743_000,ICB_176,copd,AKG C417L Microphone,65.0,1,0,0,0.33311462,0.010027014,0,1,adulto
ICB_03743_001,ICB_176,copd,AKG C417L Microphone,65.0,1,0,0,0.78013843,0.26832592,1,1,adulto
ICB_03743_002,ICB_176,copd,AKG C417L Microphone,65.0,1,0,0,0.80979687,0.23021434,1,1,adulto
ICB_03743_003,ICB_176,copd,AKG C417L Microphone,65.0,1,0,0,0.8137583,0.24155873,1,1,adulto
ICB_03743_004,ICB_176,copd,AKG C417L Microphone,65.0,1,0,0,0.8126661,0.19228207,1,1,adulto
ICB_03743_005,ICB_176,copd,AKG C417L Microphone,65.0,1,0,0,0.7800037,0.18681595,1,1,adulto
ICB_03744_000,ICB_176,copd,AKG C417L Microphone,65.0,1,0,0,0.38280436,0.2387351,0,1,adulto
ICB_03744_001,ICB_176,copd,AKG C417L Microphone,65.0,1,0,0,0.61829895,0.22104189,0,1,adulto
ICB_03744_002,ICB_176,copd,AKG C417L Microphone,65.0,1,0,0,0.4996149,0.15649989,0,1,adulto
ICB_03744_003,ICB_176,copd,AKG C417L Microphone,65.0,1,0,0,0.6310008,0.23707895,0,1,adulto
ICB_03744_004,ICB_176,copd,AKG C417L Microphone,65.0,1,0,0,0.5708114,0.2449097,0,1,adulto
ICB_03744_005,ICB_176,copd,AKG C417L Microphone,65.0,1,0,0,0.5936289,0.24160586,0,1,adulto
ICB_03745_000,ICB_176,copd,AKG C417L Microphone,65.0,1,0,0,0.49821255,0.12548608,0,1,adulto
ICB_03745_001,ICB_176,copd,AKG C417L Microphone,65.0,1,0,0,0.7381418,0.22635041,1,1,adulto
ICB_03745_002,ICB_176,copd,AKG C417L Microphone,65.0,1,0,0,0.71905357,0.18843736,1,1,adulto
ICB_03745_003,ICB_176,copd,AKG C417L Microphone,65.0,1,0,0,0.74192774,0.27487442,1,1,adulto
ICB_03745_004,ICB_176,copd,AKG C417L Microphone,65.0,1,0,0,0.7111322,0.22545585,1,1,adulto
ICB_03745_005,ICB_176,copd,AKG C417L Microphone,65.0,1,0,0,0.7430653,0.21329376,1,1,adulto
ICB_03746_000,ICB_176,copd,AKG C417L Microphone,65.0,1,0,0,0.4243693,0.05880373,0,1,adulto
ICB_03746_001,ICB_176,copd,AKG C417L Microphone,65.0,1,0,0,0.6779225,0.26071656,0,1,adulto
ICB_03746_002,ICB_176,copd,AKG C417L Microphone,65.0,1,0,0,0.6645377,0.22959928,0,1,adulto
ICB_03746_003,ICB_176,copd,AKG C417L Microphone,65.0,1,0,0,0.6793576,0.23738332,0,1,adulto
ICB_03746_004,ICB_176,copd,AKG C417L Microphone,65.0,1,0,0,0.7164345,0.26149172,1,1,adulto
ICB_03746_005,ICB_176,copd,AKG C417L Microphone,65.0,1,0,0,0.71578693,0.24056998,1,1,adulto
ICB_03747_000,ICB_176,copd,AKG C417L Microphone,65.0,1,0,0,0.49795264,0.10460965,0,1,adulto
ICB_03747_001,ICB_176,copd,AKG C417L Microphone,65.0,1,0,0,0.6498571,0.20740664,0,1,adulto
ICB_03747_002,ICB_176,copd,AKG C417L Microphone,65.0,1,0,0,0.5608759,0.2186679,0,1,adulto
ICB_03747_003,ICB_176,copd,AKG C417L Microphone,65.0,0,0,0,0.53503716,0.22053361,0,0,adulto
ICB_03747_004,ICB_176,copd,AKG C417L Microphone,65.0,1,0,0,0.6306177,0.34944436,0,1,adulto
ICB_03747_005,ICB_176,copd,AKG C417L Microphone,65.0,1,0,0,0.59476346,0.26240036,0,1,adulto
ICB_03748_000,ICB_176,copd,AKG C417L Microphone,65.0,0,0,0,0.496629,0.64307714,2,0,adulto
ICB_03748_001,ICB_176,copd,AKG C417L Microphone,65.0,1,0,0,0.64620453,0.28725007,0,1,adulto
ICB_03748_002,ICB_176,copd,AKG C417L Microphone,65.0,1,0,0,0.6521945,0.29790202,0,1,adulto
ICB_03748_003,ICB_176,copd,AKG C417L Microphone,65.0,1,0,0,0.6920538,0.35209358,0,1,adulto
ICB_03748_004,ICB_176,copd,AKG C417L Microphone,65.0,1,0,0,0.610118,0.24477595,0,1,adulto
ICB_03748_005,ICB_176,copd,AKG C417L Microphone,65.0,1,0,0,0.7048845,0.2220828,1,1,adulto
ICB_03748_006,ICB_176,copd,AKG C417L Microphone,65.0,1,0,0,0.6874377,0.25961724,0,1,adulto
ICB_03749_000,ICB_176,copd,AKG C417L Microphone,65.0,0,0,0,0.48407465,0.6739089,2,0,adulto
ICB_03749_001,ICB_176,copd,AKG C417L Microphone,65.0,1,0,0,0.7250254,0.29555523,1,1,adulto
ICB_03749_002,ICB_176,copd,AKG C417L Microphone,65.0,1,0,0,0.69563603,0.3955203,0,1,adulto
ICB_03749_003,ICB_176,copd,AKG C417L Microphone,65.0,1,0,0,0.6917575,0.28147027,0,1,adulto
ICB_03749_004,ICB_176,copd,AKG C417L Microphone,65.0,1,0,0,0.68675554,0.2813062,0,1,adulto
ICB_03749_005,ICB_176,copd,AKG C417L Microphone,65.0,1,0,0,0.7079333,0.28014424,1,1,adulto
ICB_03749_006,ICB_176,copd,AKG C417L Microphone,65.0,1,0,0,0.7090848,0.3201554,1,1,adulto
ICB_03750_000,ICB_176,copd,AKG C417L Microphone,65.0,1,0,0,0.5327989,0.69254994,2,1,adulto
ICB_03750_001,ICB_176,copd,AKG C417L Microphone,65.0,1,0,0,0.68877304,0.24445887,0,1,adulto
ICB_03750_002,ICB_176,copd,AKG C417L Microphone,65.0,1,0,0,0.72906077,0.4141522,1,1,adulto
ICB_03750_003,ICB_176,copd,AKG C417L Microphone,65.0,1,0,0,0.70548916,0.24786912,1,1,adulto
ICB_03750_004,ICB_176,copd,AKG C417L Microphone,65.0,1,0,0,0.7305226,0.27153793,1,1,adulto
ICB_03750_005,ICB_176,copd,AKG C417L Microphone,65.0,1,0,0,0.76717955,0.3716804,1,1,adulto
ICB_03750_006,ICB_176,copd,AKG C417L Microphone,65.0,1,0,0,0.758236,0.31687903,1,1,adulto
ICB_03751_000,ICB_176,copd,AKG C417L Microphone,65.0,0,0,0,0.5183487,0.27191755,0,0,adulto
ICB_03751_001,ICB_176,copd,AKG C417L Microphone,65.0,1,0,0,0.6445269,0.21175829,0,1,adulto
ICB_03751_002,ICB_176,copd,AKG C417L Microphone,65.0,1,0,0,0.56062526,0.33030093,0,1,adulto
ICB_03751_003,ICB_176,copd,AKG C417L Microphone,65.0,1,0,0,0.65128547,0.23258598,0,1,adulto
ICB_03751_004,ICB_176,copd,AKG C417L Microphone,65.0,1,0,0,0.67092377,0.21140487,0,1,adulto
ICB_03751_005,ICB_176,copd,AKG C417L Microphone,65.0,1,0,0,0.63421893,0.23108584,0,1,adulto
ICB_03751_006,ICB_176,copd,AKG C417L Microphone,65.0,1,0,0,0.6331387,0.27501628,0,1,adulto
ICB_03752_000,ICB_176,copd,AKG C417L Microphone,65.0,1,0,0,0.518504,0.5090753,2,1,adulto
ICB_03752_001,ICB_176,copd,AKG C417L Microphone,65.0,1,0,0,0.7074043,0.4006891,1,1,adulto
ICB_03752_002,ICB_176,copd,AKG C417L Microphone,65.0,1,0,0,0.7141028,0.3255581,1,1,adulto
ICB_03752_003,ICB_176,copd,AKG C417L Microphone,65.0,1,0,0,0.71119684,0.23969263,1,1,adulto
ICB_03752_004,ICB_176,copd,AKG C417L Microphone,65.0,1,0,0,0.7194407,0.28652707,1,1,adulto
ICB_03752_005,ICB_176,copd,AKG C417L Microphone,65.0,1,0,0,0.6878393,0.2649362,0,1,adulto
ICB_03752_006,ICB_176,copd,AKG C417L Microphone,65.0,1,0,0,0.70251894,0.40644908,1,1,adulto
ICB_03753_000,ICB_176,copd,AKG C417L Microphone,65.0,0,0,0,0.5426795,0.41946718,0,0,adulto
ICB_03753_001,ICB_176,copd,AKG C417L Microphone,65.0,1,0,0,0.72160727,0.37592727,1,1,adulto
ICB_03753_002,ICB_176,copd,AKG C417L Microphone,65.0,1,0,0,0.6801051,0.3077538,0,1,adulto
ICB_03753_003,ICB_176,copd,AKG C417L Microphone,65.0,1,0,0,0.7010554,0.27856672,1,1,adulto
ICB_03753_004,ICB_176,copd,AKG C417L Microphone,65.0,1,0,0,0.7004046,0.23062399,1,1,adulto
ICB_03753_005,ICB_176,copd,AKG C417L Microphone,65.0,1,0,0,0.72667617,0.2419031,1,1,adulto
ICB_03753_006,ICB_176,copd,AKG C417L Microphone,65.0,1,0,0,0.75108707,0.29059064,1,1,adulto
ICB_03754_000,ICB_176,copd,AKG C417L Microphone,65.0,1,0,0,0.47863168,0.12690735,0,1,adulto
ICB_03754_001,ICB_176,copd,AKG C417L Microphone,65.0,1,0,0,0.5373841,0.15507261,0,1,adulto
ICB_03754_002,ICB_176,copd,AKG C417L Microphone,65.0,1,0,0,0.49207538,0.10628447,0,1,adulto
ICB_03754_003,ICB_176,copd,AKG C417L Microphone,65.0,1,0,0,0.47252667,0.1343577,0,1,adulto
ICB_03754_004,ICB_176,copd,AKG C417L Microphone,65.0,1,0,0,0.5075706,0.17528969,0,1,adulto
ICB_03754_005,ICB_176,copd,AKG C417L Microphone,65.0,1,0,0,0.6290235,0.12152685,0,1,adulto
ICB_03754_006,ICB_176,copd,AKG C417L Microphone,65.0,1,0,0,0.6213922,0.06383447,0,1,adulto
ICB_03755_000,ICB_177,copd,AKG C417L Microphone,56.0,1,0,0,0.73883784,0.4807158,3,1,adulto
ICB_03755_001,ICB_177,copd,AKG C417L Microphone,56.0,1,0,0,0.73552847,0.32289484,1,1,adulto
ICB_03755_002,ICB_177,copd,AKG C417L Microphone,56.0,1,0,0,0.7603723,0.33587518,1,1,adulto
ICB_03755_003,ICB_177,copd,AKG C417L Microphone,56.0,1,0,0,0.76783574,0.37132093,1,1,adulto
ICB_03756_000,ICB_177,copd,AKG C417L Microphone,56.0,1,0,0,0.7238141,0.3984085,1,1,adulto
ICB_03756_001,ICB_177,copd,AKG C417L Microphone,56.0,0,0,0,0.7240038,0.35714415,1,0,adulto
ICB_03756_002,ICB_177,copd,AKG C417L Microphone,56.0,0,0,0,0.7555673,0.37097123,1,0,adulto
ICB_03756_003,ICB_177,copd,AKG C417L Microphone,56.0,1,0,0,0.7652231,0.37483755,1,1,adulto
ICB_03757_000,ICB_177,copd,AKG C417L Microphone,56.0,1,0,0,0.7023148,0.3459448,1,1,adulto
ICB_03757_001,ICB_177,copd,AKG C417L Microphone,56.0,1,0,0,0.68415767,0.30090785,0,1,adulto
ICB_03757_002,ICB_177,copd,AKG C417L Microphone,56.0,0,0,0,0.67371905,0.2822606,0,0,adulto
ICB_03757_003,ICB_177,copd,AKG C417L Microphone,56.0,0,0,0,0.6775664,0.34645975,0,0,adulto
ICB_03758_000,ICB_177,copd,AKG C417L Microphone,56.0,1,0,0,0.73182577,0.35386822,1,1,adulto
ICB_03758_001,ICB_177,copd,AKG C417L Microphone,56.0,1,0,0,0.6856039,0.3135628,0,1,adulto
ICB_03758_002,ICB_177,copd,AKG C417L Microphone,56.0,1,0,0,0.7248261,0.3033093,1,1,adulto
ICB_03758_003,ICB_177,copd,AKG C417L Microphone,56.0,1,0,0,0.7101457,0.27302995,1,1,adulto
ICB_03759_000,ICB_177,copd,AKG C417L Microphone,56.0,1,0,0,0.73682934,0.4563415,3,1,adulto
ICB_03759_001,ICB_177,copd,AKG C417L Microphone,56.0,0,1,0,0.7157655,0.3830851,1,2,adulto
ICB_03759_002,ICB_177,copd,AKG C417L Microphone,56.0,0,1,0,0.71399873,0.41625503,1,2,adulto
ICB_03759_003,ICB_177,copd,AKG C417L Microphone,56.0,0,1,0,0.7113899,0.35207117,1,2,adulto
ICB_03760_000,ICB_177,copd,AKG C417L Microphone,56.0,0,0,0,0.43224198,0.12049033,0,0,adulto
ICB_03760_001,ICB_177,copd,AKG C417L Microphone,56.0,0,0,0,0.44616488,0.27226734,0,0,adulto
ICB_03760_002,ICB_177,copd,AKG C417L Microphone,56.0,0,0,0,0.31607714,0.20848103,0,0,adulto
ICB_03760_003,ICB_177,copd,AKG C417L Microphone,56.0,0,0,0,0.36718154,0.2936723,0,0,adulto
ICB_03761_000,ICB_177,copd,AKG C417L Microphone,56.0,1,0,0,0.7206089,0.40034676,1,1,adulto
ICB_03761_001,ICB_177,copd,AKG C417L Microphone,56.0,1,0,0,0.7693284,0.46685648,3,1,adulto
ICB_03761_002,ICB_177,copd,AKG C417L Microphone,56.0,1,0,0,0.781053,0.33757314,1,1,adulto
ICB_03761_003,ICB_177,copd,AKG C417L Microphone,56.0,1,0,0,0.76970583,0.32169923,1,1,adulto
ICB_03761_004,ICB_177,copd,AKG C417L Microphone,56.0,1,0,0,0.77238476,0.38145024,1,1,adulto
ICB_03762_000,ICB_177,copd,AKG C417L Microphone,56.0,0,0,0,0.67161465,0.39967006,0,0,adulto
ICB_03762_001,ICB_177,copd,AKG C417L Microphone,56.0,0,0,0,0.7765735,0.5405922,3,0,adulto
ICB_03762_002,ICB_177,copd,AKG C417L Microphone,56.0,0,0,0,0.7775992,0.35796922,1,0,adulto
ICB_03762_003,ICB_177,copd,AKG C417L Microphone,56.0,0,0,0,0.78929424,0.355694,1,0,adulto
ICB_03762_004,ICB_177,copd,AKG C417L Microphone,56.0,0,0,0,0.71142817,0.37263808,1,0,adulto
ICB_03763_000,ICB_177,copd,AKG C417L Microphone,56.0,0,0,0,0.6648471,0.35195658,0,0,adulto
ICB_03763_001,ICB_177,copd,AKG C417L Microphone,56.0,0,0,0,0.70253056,0.41883034,1,0,adulto
ICB_03763_002,ICB_177,copd,AKG C417L Microphone,56.0,0,0,0,0.6287431,0.25510973,0,0,adulto
ICB_03763_003,ICB_177,copd,AKG C417L Microphone,56.0,0,0,0,0.7087199,0.28357592,1,0,adulto
ICB_03763_004,ICB_177,copd,AKG C417L Microphone,56.0,0,0,0,0.7198356,0.382933,1,0,adulto
ICB_03764_000,ICB_177,copd,AKG C417L Microphone,56.0,1,0,0,0.7547269,0.26608908,1,1,adulto
ICB_03764_001,ICB_177,copd,AKG C417L Microphone,56.0,1,0,0,0.760619,0.38848972,1,1,adulto
ICB_03764_002,ICB_177,copd,AKG C417L Microphone,56.0,1,0,0,0.7563567,0.30453625,1,1,adulto
ICB_03764_003,ICB_177,copd,AKG C417L Microphone,56.0,1,0,0,0.77392334,0.35538998,1,1,adulto
ICB_03764_004,ICB_177,copd,AKG C417L Microphone,56.0,1,0,0,0.77859867,0.31858256,1,1,adulto
ICB_03765_000,ICB_177,copd,AKG C417L Microphone,56.0,0,1,0,0.72872126,0.3145776,1,2,adulto
ICB_03765_001,ICB_177,copd,AKG C417L Microphone,56.0,0,1,0,0.7359789,0.45054853,3,2,adulto
ICB_03765_002,ICB_177,copd,AKG C417L Microphone,56.0,1,1,0,0.70550203,0.38829985,1,3,adulto
ICB_03765_003,ICB_177,copd,AKG C417L Microphone,56.0,0,1,0,0.7439652,0.36514995,1,2,adulto
ICB_03765_004,ICB_177,copd,AKG C417L Microphone,56.0,1,1,0,0.7787373,0.44975418,1,3,adulto
ICB_03766_000,ICB_177,copd,AKG C417L Microphone,56.0,0,0,0,0.4876169,0.697674,2,0,adulto
ICB_03766_001,ICB_177,copd,AKG C417L Microphone,56.0,0,0,0,0.49435005,0.4216164,0,0,adulto
ICB_03766_002,ICB_177,copd,AKG C417L Microphone,56.0,0,0,0,0.47260013,0.28081724,0,0,adulto
ICB_03766_003,ICB_177,copd,AKG C417L Microphone,56.0,0,0,0,0.5603135,0.33862153,0,0,adulto
ICB_03766_004,ICB_177,copd,AKG C417L Microphone,56.0,0,0,0,0.47171786,0.24571057,0,0,adulto
ICB_03767_000,ICB_177,copd,AKG C417L Microphone,56.0,0,0,0,0.63506335,0.25351053,0,0,adulto
ICB_03767_001,ICB_177,copd,AKG C417L Microphone,56.0,1,0,0,0.76946616,0.25942442,1,1,adulto
ICB_03767_002,ICB_177,copd,AKG C417L Microphone,56.0,1,0,0,0.73526466,0.2976582,1,1,adulto
ICB_03767_003,ICB_177,copd,AKG C417L Microphone,56.0,1,0,0,0.7173967,0.2789865,1,1,adulto
ICB_03767_004,ICB_177,copd,AKG C417L Microphone,56.0,0,0,0,0.6380628,0.27743533,0,0,adulto
ICB_03768_000,ICB_177,copd,AKG C417L Microphone,56.0,1,0,0,0.66663194,0.28428474,0,1,adulto
ICB_03768_001,ICB_177,copd,AKG C417L Microphone,56.0,0,0,0,0.63418657,0.34935397,0,0,adulto
ICB_03768_002,ICB_177,copd,AKG C417L Microphone,56.0,1,0,0,0.58649313,0.31175786,0,1,adulto
ICB_03768_003,ICB_177,copd,AKG C417L Microphone,56.0,1,0,0,0.62909436,0.28569242,0,1,adulto
ICB_03768_004,ICB_177,copd,AKG C417L Microphone,56.0,1,0,0,0.57462215,0.26682582,0,1,adulto
ICB_03769_000,ICB_177,copd,AKG C417L Microphone,56.0,1,0,0,0.65214956,0.36113018,0,1,adulto
ICB_03769_001,ICB_177,copd,AKG C417L Microphone,56.0,1,0,0,0.65753967,0.27108714,0,1,adulto
ICB_03769_002,ICB_177,copd,AKG C417L Microphone,56.0,1,0,0,0.6411695,0.2851642,0,1,adulto
ICB_03769_003,ICB_177,copd,AKG C417L Microphone,56.0,1,0,0,0.6405595,0.35268322,0,1,adulto
ICB_03769_004,ICB_177,copd,AKG C417L Microphone,56.0,1,0,0,0.57106483,0.22703531,0,1,adulto
ICB_03770_000,ICB_177,copd,AKG C417L Microphone,56.0,1,0,0,0.63229764,0.35465202,0,1,adulto
ICB_03770_001,ICB_177,copd,AKG C417L Microphone,56.0,1,0,0,0.6788029,0.2946301,0,1,adulto
ICB_03770_002,ICB_177,copd,AKG C417L Microphone,56.0,1,0,0,0.67286205,0.32116088,0,1,adulto
ICB_03770_003,ICB_177,copd,AKG C417L Microphone,56.0,1,0,0,0.6842073,0.2878138,0,1,adulto
ICB_03770_004,ICB_177,copd,AKG C417L Microphone,56.0,1,0,0,0.56804395,0.2663391,0,1,adulto
ICB_03771_000,ICB_177,copd,AKG C417L Microphone,56.0,0,0,0,0.6621579,0.3103418,0,0,adulto
ICB_03771_001,ICB_177,copd,AKG C417L Microphone,56.0,0,0,0,0.6511129,0.25908393,0,0,adulto
ICB_03771_002,ICB_177,copd,AKG C417L Microphone,56.0,0,0,0,0.6348604,0.18696782,0,0,adulto
ICB_03771_003,ICB_177,copd,AKG C417L Microphone,56.0,0,0,0,0.6108002,0.25398362,0,0,adulto
ICB_03771_004,ICB_177,copd,AKG C417L Microphone,56.0,0,0,0,0.6104867,0.15515998,0,0,adulto
ICB_03798_000,ICB_180,copd,AKG C417L Microphone,93.0,1,1,0,0.5673748,0.3983453,0,3,adulto
ICB_03798_001,ICB_180,copd,AKG C417L Microphone,93.0,1,1,0,0.508393,0.29723665,0,3,adulto
ICB_03798_002,ICB_180,copd,AKG C417L Microphone,93.0,1,1,0,0.492235,0.8174696,2,3,adulto
ICB_03798_003,ICB_180,copd,AKG C417L Microphone,93.0,1,1,0,0.52132505,0.7664235,2,3,adulto
ICB_03798_004,ICB_180,copd,AKG C417L Microphone,93.0,1,1,0,0.56547976,0.40699992,0,3,adulto
ICB_03798_005,ICB_180,copd,AKG C417L Microphone,93.0,0,1,0,0.57845473,0.4854507,2,2,adulto
ICB_03799_000,ICB_180,copd,AKG C417L Microphone,93.0,1,1,0,0.33472455,0.29350054,0,3,adulto
ICB_03799_001,ICB_180,copd,AKG C417L Microphone,93.0,1,1,0,0.35913017,0.23378442,0,3,adulto
ICB_03799_002,ICB_180,copd,AKG C417L Microphone,93.0,1,1,0,0.32428342,0.11440647,0,3,adulto
ICB_03799_003,ICB_180,copd,AKG C417L Microphone,93.0,1,1,0,0.3459131,0.36061007,0,3,adulto
ICB_03799_004,ICB_180,copd,AKG C417L Microphone,93.0,1,1,0,0.36324358,0.15819111,0,3,adulto
ICB_03799_005,ICB_180,copd,AKG C417L Microphone,93.0,1,0,0,0.4894773,0.13411647,0,1,adulto
ICB_03800_000,ICB_180,copd,AKG C417L Microphone,93.0,1,1,0,0.64951295,0.4090577,0,3,adulto
ICB_03800_001,ICB_180,copd,AKG C417L Microphone,93.0,1,1,0,0.65149176,0.2894644,0,3,adulto
ICB_03800_002,ICB_180,copd,AKG C417L Microphone,93.0,1,1,0,0.5978393,0.7016117,2,3,adulto
ICB_03800_003,ICB_180,copd,AKG C417L Microphone,93.0,1,1,0,0.657555,0.5782225,2,3,adulto
ICB_03800_004,ICB_180,copd,AKG C417L Microphone,93.0,1,1,0,0.61859286,0.49058786,2,3,adulto
ICB_03800_005,ICB_180,copd,AKG C417L Microphone,93.0,1,0,0,0.6401281,0.20349848,0,1,adulto
ICB_03801_000,ICB_180,copd,AKG C417L Microphone,93.0,1,1,0,0.6049601,0.40713212,0,3,adulto
ICB_03801_001,ICB_180,copd,AKG C417L Microphone,93.0,1,1,0,0.58522344,0.30778873,0,3,adulto
ICB_03801_002,ICB_180,copd,AKG C417L Microphone,93.0,1,1,0,0.5376722,0.56254226,2,3,adulto
ICB_03801_003,ICB_180,copd,AKG C417L Microphone,93.0,1,1,0,0.63286275,0.43026283,0,3,adulto
ICB_03801_004,ICB_180,copd,AKG C417L Microphone,93.0,1,1,0,0.5611765,0.74206984,2,3,adulto
ICB_03801_005,ICB_180,copd,AKG C417L Microphone,93.0,1,0,0,0.57950425,0.2185694,0,1,adulto
ICB_03802_000,ICB_180,copd,AKG C417L Microphone,93.0,1,1,0,0.6004166,0.7665684,2,3,adulto
ICB_03802_001,ICB_180,copd,AKG C417L Microphone,93.0,1,1,0,0.5978132,0.35708928,0,3,adulto
ICB_03802_002,ICB_180,copd,AKG C417L Microphone,93.0,1,1,0,0.57247704,0.70055,2,3,adulto
ICB_03802_003,ICB_180,copd,AKG C417L Microphone,93.0,1,1,0,0.6396856,0.42186698,0,3,adulto
ICB_03802_004,ICB_180,copd,AKG C417L Microphone,93.0,1,1,0,0.6066057,0.44014955,0,3,adulto
ICB_03802_005,ICB_180,copd,AKG C417L Microphone,93.0,1,0,0,0.6115429,0.23330002,0,1,adulto
ICB_03808_000,ICB_183,normal_lung,AKG C417L Microphone,14.0,1,0,0,0.63964504,0.276135,0,1,pediátrico (<18)
ICB_03808_001,ICB_183,normal_lung,AKG C417L Microphone,14.0,0,0,0,0.72665244,0.39448446,1,0,pediátrico (<18)
ICB_03808_002,ICB_183,normal_lung,AKG C417L Microphone,14.0,1,0,0,0.73104423,0.3454714,1,1,pediátrico (<18)
ICB_03808_003,ICB_183,normal_lung,AKG C417L Microphone,14.0,0,0,0,0.6681192,0.39536494,0,0,pediátrico (<18)
ICB_03809_000,ICB_183,normal_lung,AKG C417L Microphone,14.0,0,0,0,0.42917156,0.028801048,0,0,pediátrico (<18)
ICB_03809_001,ICB_183,normal_lung,AKG C417L Microphone,14.0,0,0,0,0.3666661,0.025118444,0,0,pediátrico (<18)
ICB_03809_002,ICB_183,normal_lung,AKG C417L Microphone,14.0,0,0,0,0.34334958,0.022942802,0,0,pediátrico (<18)
ICB_03809_003,ICB_183,normal_lung,AKG C417L Microphone,14.0,0,0,0,0.28402305,0.056013197,0,0,pediátrico (<18)
ICB_03981_000,ICB_207,copd,AKG C417L Microphone,63.0,0,0,0,0.60880905,0.44140851,0,0,adulto
ICB_03981_001,ICB_207,copd,AKG C417L Microphone,63.0,0,0,0,0.6228833,0.26741746,0,0,adulto
ICB_03981_002,ICB_207,copd,AKG C417L Microphone,63.0,0,0,0,0.5528382,0.2139497,0,0,adulto
ICB_03981_003,ICB_207,copd,AKG C417L Microphone,63.0,0,0,0,0.5675443,0.25425914,0,0,adulto
ICB_03981_004,ICB_207,copd,AKG C417L Microphone,63.0,0,0,0,0.62824446,0.2618506,0,0,adulto
ICB_03981_005,ICB_207,copd,AKG C417L Microphone,63.0,0,0,0,0.5929817,0.27631062,0,0,adulto
ICB_03982_000,ICB_207,copd,AKG C417L Microphone,63.0,0,0,0,0.5514175,0.23451728,0,0,adulto
ICB_03982_001,ICB_207,copd,AKG C417L Microphone,63.0,0,0,0,0.5180148,0.1619265,0,0,adulto
ICB_03982_002,ICB_207,copd,AKG C417L Microphone,63.0,0,0,0,0.5691779,0.14250433,0,0,adulto
ICB_03982_003,ICB_207,copd,AKG C417L Microphone,63.0,0,0,0,0.5428829,0.19250078,0,0,adulto
ICB_03982_004,ICB_207,copd,AKG C417L Microphone,63.0,0,0,0,0.566878,0.17505875,0,0,adulto
ICB_03982_005,ICB_207,copd,AKG C417L Microphone,63.0,0,0,0,0.5701764,0.18069404,0,0,adulto
ICB_03983_000,ICB_207,copd,AKG C417L Microphone,63.0,0,0,0,0.46452737,0.19881113,0,0,adulto
ICB_03983_001,ICB_207,copd,AKG C417L Microphone,63.0,1,0,0,0.4847172,0.13770959,0,1,adulto
ICB_03983_002,ICB_207,copd,AKG C417L Microphone,63.0,0,0,0,0.49730226,0.14596507,0,0,adulto
ICB_03983_003,ICB_207,copd,AKG C417L Microphone,63.0,1,0,0,0.44876084,0.15300322,0,1,adulto
ICB_03983_004,ICB_207,copd,AKG C417L Microphone,63.0,0,0,0,0.50264597,0.13711503,0,0,adulto
ICB_03983_005,ICB_207,copd,AKG C417L Microphone,63.0,0,0,0,0.491101,0.20656091,0,0,adulto
ICB_03984_000,ICB_207,copd,AKG C417L Microphone,63.0,0,0,0,0.66223556,0.37617278,0,0,adulto
ICB_03984_001,ICB_207,copd,AKG C417L Microphone,63.0,0,0,0,0.64501935,0.35869882,0,0,adulto
ICB_03984_002,ICB_207,copd,AKG C417L Microphone,63.0,0,0,0,0.6805439,0.2899755,0,0,adulto
ICB_03984_003,ICB_207,copd,AKG C417L Microphone,63.0,0,0,0,0.6659505,0.34807622,0,0,adulto
ICB_03984_004,ICB_207,copd,AKG C417L Microphone,63.0,0,0,0,0.663523,0.31326982,0,0,adulto
ICB_03984_005,ICB_207,copd,AKG C417L Microphone,63.0,0,0,0,0.645514,0.37386033,0,0,adulto
ICB_03985_000,ICB_207,copd,AKG C417L Microphone,63.0,0,0,0,0.29488152,0.08766338,0,0,adulto
ICB_03985_001,ICB_207,copd,AKG C417L Microphone,63.0,0,0,0,0.3219009,0.01006012,0,0,adulto
ICB_03985_002,ICB_207,copd,AKG C417L Microphone,63.0,0,0,0,0.36997005,0.015387079,0,0,adulto
ICB_03985_003,ICB_207,copd,AKG C417L Microphone,63.0,0,0,0,0.3839443,0.060834143,0,0,adulto
ICB_03985_004,ICB_207,copd,AKG C417L Microphone,63.0,0,0,0,0.43215317,0.025144624,0,0,adulto
ICB_03985_005,ICB_207,copd,AKG C417L Microphone,63.0,0,0,0,0.3723541,0.034452762,0,0,adulto
ICB_03986_000,ICB_207,copd,AKG C417L Microphone,63.0,0,0,0,0.59334916,0.30286148,0,0,adulto
ICB_03986_001,ICB_207,copd,AKG C417L Microphone,63.0,1,0,0,0.52468556,0.16411324,0,1,adulto
ICB_03986_002,ICB_207,copd,AKG C417L Microphone,63.0,1,0,0,0.57163167,0.17979807,0,1,adulto
ICB_03986_003,ICB_207,copd,AKG C417L Microphone,63.0,0,0,0,0.5734237,0.25141126,0,0,adulto
ICB_03986_004,ICB_207,copd,AKG C417L Microphone,63.0,0,0,0,0.6074602,0.2002233,0,0,adulto
ICB_03986_005,ICB_207,copd,AKG C417L Microphone,63.0,0,0,0,0.5348209,0.81318617,2,0,adulto
ICB_03987_000,ICB_207,copd,AKG C417L Microphone,63.0,0,0,0,0.5313829,0.20304155,0,0,adulto
ICB_03987_001,ICB_207,copd,AKG C417L Microphone,63.0,0,0,0,0.49890003,0.09571348,0,0,adulto
ICB_03987_002,ICB_207,copd,AKG C417L Microphone,63.0,1,0,0,0.5880026,0.08015663,0,1,adulto
ICB_03987_003,ICB_207,copd,AKG C417L Microphone,63.0,0,0,0,0.5652878,0.13818344,0,0,adulto
ICB_03987_004,ICB_207,copd,AKG C417L Microphone,63.0,0,0,0,0.5045548,0.12601174,0,0,adulto
ICB_03987_005,ICB_207,copd,AKG C417L Microphone,63.0,0,0,0,0.51051086,0.58863616,2,0,adulto
ICB_03988_000,ICB_207,copd,AKG C417L Microphone,63.0,0,0,0,0.4397798,0.19849797,0,0,adulto
ICB_03988_001,ICB_207,copd,AKG C417L Microphone,63.0,0,0,0,0.4816151,0.13669991,0,0,adulto
ICB_03988_002,ICB_207,copd,AKG C417L Microphone,63.0,0,0,0,0.5170123,0.13472554,0,0,adulto
ICB_03988_003,ICB_207,copd,AKG C417L Microphone,63.0,1,0,0,0.4816363,0.12147752,0,1,adulto
ICB_03988_004,ICB_207,copd,AKG C417L Microphone,63.0,0,0,0,0.5292439,0.16193587,0,0,adulto
ICB_03988_005,ICB_207,copd,AKG C417L Microphone,63.0,1,0,0,0.5251067,0.8888274,2,1,adulto
ICB_03989_000,ICB_207,copd,AKG C417L Microphone,63.0,0,0,0,0.63858354,0.33347484,0,0,adulto
ICB_03989_001,ICB_207,copd,AKG C417L Microphone,63.0,0,0,0,0.5961765,0.2440589,0,0,adulto
ICB_03989_002,ICB_207,copd,AKG C417L Microphone,63.0,0,0,0,0.64906526,0.25139502,0,0,adulto
ICB_03989_003,ICB_207,copd,AKG C417L Microphone,63.0,0,0,0,0.6368482,0.2607171,0,0,adulto
ICB_03989_004,ICB_207,copd,AKG C417L Microphone,63.0,0,0,0,0.62701017,0.25285774,0,0,adulto
ICB_03989_005,ICB_207,copd,AKG C417L Microphone,63.0,0,0,0,0.58137214,0.91286814,2,0,adulto
ICB_03990_000,ICB_207,copd,AKG C417L Microphone,63.0,0,0,0,0.34245288,0.0783719,0,0,adulto
ICB_03990_001,ICB_207,copd,AKG C417L Microphone,63.0,0,0,0,0.36590317,0.038215045,0,0,adulto
ICB_03990_002,ICB_207,copd,AKG C417L Microphone,63.0,0,0,0,0.43429998,0.051422987,0,0,adulto
ICB_03990_003,ICB_207,copd,AKG C417L Microphone,63.0,0,0,0,0.37135145,0.03361477,0,0,adulto
ICB_03990_004,ICB_207,copd,AKG C417L Microphone,63.0,0,0,0,0.39001396,0.06651752,0,0,adulto
ICB_03990_005,ICB_207,copd,AKG C417L Microphone,63.0,0,0,0,0.39414075,0.02774315,0,0,adulto
ICB_03991_000,ICB_207,copd,AKG C417L Microphone,63.0,1,0,0,0.60725635,0.28103378,0,1,adulto
ICB_03991_001,ICB_207,copd,AKG C417L Microphone,63.0,1,0,0,0.6830933,0.44651026,0,1,adulto
ICB_03991_002,ICB_207,copd,AKG C417L Microphone,63.0,0,0,0,0.60240006,0.31063157,0,0,adulto
ICB_03991_003,ICB_207,copd,AKG C417L Microphone,63.0,1,0,0,0.6217466,0.38480806,0,1,adulto
ICB_03991_004,ICB_207,copd,AKG C417L Microphone,63.0,1,0,0,0.6211875,0.30271804,0,1,adulto
ICB_03992_000,ICB_207,copd,AKG C417L Microphone,63.0,1,0,0,0.5777155,0.2831076,0,1,adulto
ICB_03992_001,ICB_207,copd,AKG C417L Microphone,63.0,1,0,0,0.7016214,0.27967504,1,1,adulto
ICB_03992_002,ICB_207,copd,AKG C417L Microphone,63.0,1,0,0,0.6256387,0.2058792,0,1,adulto
ICB_03992_003,ICB_207,copd,AKG C417L Microphone,63.0,1,0,0,0.6319411,0.33579516,0,1,adulto
ICB_03992_004,ICB_207,copd,AKG C417L Microphone,63.0,1,0,0,0.5979273,0.19488913,0,1,adulto
ICB_03993_000,ICB_207,copd,AKG C417L Microphone,63.0,0,0,0,0.52397126,0.236142,0,0,adulto
ICB_03993_001,ICB_207,copd,AKG C417L Microphone,63.0,1,0,0,0.63627476,0.33118033,0,1,adulto
ICB_03993_002,ICB_207,copd,AKG C417L Microphone,63.0,1,0,0,0.5394046,0.3009085,0,1,adulto
ICB_03993_003,ICB_207,copd,AKG C417L Microphone,63.0,1,0,0,0.62338036,0.37929937,0,1,adulto
ICB_03993_004,ICB_207,copd,AKG C417L Microphone,63.0,0,0,0,0.6224502,0.2592642,0,0,adulto
ICB_03994_000,ICB_207,copd,AKG C417L Microphone,63.0,1,0,0,0.6617153,0.40346476,0,1,adulto
ICB_03994_001,ICB_207,copd,AKG C417L Microphone,63.0,1,0,0,0.68151,0.2976749,0,1,adulto
ICB_03994_002,ICB_207,copd,AKG C417L Microphone,63.0,1,0,0,0.70150346,0.31355384,1,1,adulto
ICB_03994_003,ICB_207,copd,AKG C417L Microphone,63.0,0,0,0,0.7015076,0.55393595,3,0,adulto
ICB_03994_004,ICB_207,copd,AKG C417L Microphone,63.0,0,0,0,0.6579939,0.43449676,0,0,adulto
ICB_03995_000,ICB_207,copd,AKG C417L Microphone,63.0,0,0,0,0.5132955,0.044034656,0,0,adulto
ICB_03995_001,ICB_207,copd,AKG C417L Microphone,63.0,0,0,0,0.68653995,0.19122398,0,0,adulto
ICB_03995_002,ICB_207,copd,AKG C417L Microphone,63.0,0,1,0,0.6429092,0.2942984,0,2,adulto
ICB_03995_003,ICB_207,copd,AKG C417L Microphone,63.0,0,0,0,0.6608208,0.1369615,0,0,adulto
ICB_03995_004,ICB_207,copd,AKG C417L Microphone,63.0,0,0,0,0.70488656,0.07097488,1,0,adulto
ICB_03996_000,ICB_207,copd,AKG C417L Microphone,63.0,0,0,0,0.5524405,0.15784134,0,0,adulto
ICB_03996_001,ICB_207,copd,AKG C417L Microphone,63.0,0,0,0,0.63533235,0.27571115,0,0,adulto
ICB_03996_002,ICB_207,copd,AKG C417L Microphone,63.0,0,0,0,0.5843818,0.19516587,0,0,adulto
ICB_03996_003,ICB_207,copd,AKG C417L Microphone,63.0,0,0,0,0.5964107,0.27246308,0,0,adulto
ICB_03996_004,ICB_207,copd,AKG C417L Microphone,63.0,0,0,0,0.58556384,0.25398937,0,0,adulto
ICB_03996_005,ICB_207,copd,AKG C417L Microphone,63.0,0,0,0,0.6005324,0.20459133,0,0,adulto
ICB_03996_006,ICB_207,copd,AKG C417L Microphone,63.0,0,0,0,0.6239069,0.23654748,0,0,adulto
ICB_03996_007,ICB_207,copd,AKG C417L Microphone,63.0,0,0,0,0.5900689,0.20234556,0,0,adulto
ICB_03996_008,ICB_207,copd,AKG C417L Microphone,63.0,0,0,0,0.5743861,0.19448589,0,0,adulto
ICB_03997_000,ICB_207,copd,AKG C417L Microphone,63.0,0,0,0,0.6159526,0.20412183,0,0,adulto
ICB_03997_001,ICB_207,copd,AKG C417L Microphone,63.0,0,0,0,0.64080864,0.29211164,0,0,adulto
ICB_03997_002,ICB_207,copd,AKG C417L Microphone,63.0,0,0,0,0.5939061,0.24977544,0,0,adulto
ICB_03997_003,ICB_207,copd,AKG C417L Microphone,63.0,0,0,0,0.65830326,0.3114552,0,0,adulto
ICB_03997_004,ICB_207,copd,AKG C417L Microphone,63.0,0,0,0,0.64572626,0.2882666,0,0,adulto
ICB_03997_005,ICB_207,copd,AKG C417L Microphone,63.0,0,0,0,0.63184613,0.26793978,0,0,adulto
ICB_03997_006,ICB_207,copd,AKG C417L Microphone,63.0,0,0,0,0.6245975,0.2727663,0,0,adulto
ICB_03997_007,ICB_207,copd,AKG C417L Microphone,63.0,0,0,0,0.6532721,0.24450368,0,0,adulto
ICB_03997_008,ICB_207,copd,AKG C417L Microphone,63.0,0,0,0,0.63897544,0.2504212,0,0,adulto
ICB_03998_000,ICB_207,copd,AKG C417L Microphone,63.0,0,0,0,0.51858956,0.25467926,0,0,adulto
ICB_03998_001,ICB_207,copd,AKG C417L Microphone,63.0,0,0,0,0.49805224,0.24069114,0,0,adulto
ICB_03998_002,ICB_207,copd,AKG C417L Microphone,63.0,0,0,0,0.53954285,0.27989823,0,0,adulto
ICB_03998_003,ICB_207,copd,AKG C417L Microphone,63.0,0,0,0,0.5505723,0.32377103,0,0,adulto
ICB_03998_004,ICB_207,copd,AKG C417L Microphone,63.0,0,0,0,0.52294767,0.30219895,0,0,adulto
ICB_03998_005,ICB_207,copd,AKG C417L Microphone,63.0,0,0,0,0.46364036,0.22803503,0,0,adulto
ICB_03998_006,ICB_207,copd,AKG C417L Microphone,63.0,0,0,0,0.5223396,0.284849,0,0,adulto
ICB_03998_007,ICB_207,copd,AKG C417L Microphone,63.0,0,0,0,0.49036136,0.25255114,0,0,adulto
ICB_03998_008,ICB_207,copd,AKG C417L Microphone,63.0,0,0,0,0.4191817,0.28913328,0,0,adulto
ICB_03999_000,ICB_207,copd,AKG C417L Microphone,63.0,0,0,0,0.631378,0.16006254,0,0,adulto
ICB_03999_001,ICB_207,copd,AKG C417L Microphone,63.0,0,0,0,0.6546161,0.32494962,0,0,adulto
ICB_03999_002,ICB_207,copd,AKG C417L Microphone,63.0,0,0,0,0.5969619,0.33451572,0,0,adulto
ICB_03999_003,ICB_207,copd,AKG C417L Microphone,63.0,0,0,0,0.6306407,0.40225345,0,0,adulto
ICB_03999_004,ICB_207,copd,AKG C417L Microphone,63.0,0,0,0,0.65428084,0.35605678,0,0,adulto
ICB_03999_005,ICB_207,copd,AKG C417L Microphone,63.0,0,0,0,0.6578828,0.25097632,0,0,adulto
ICB_03999_006,ICB_207,copd,AKG C417L Microphone,63.0,0,0,0,0.6749611,0.3481342,0,0,adulto
ICB_03999_007,ICB_207,copd,AKG C417L Microphone,63.0,0,0,0,0.66579854,0.3981586,0,0,adulto
ICB_03999_008,ICB_207,copd,AKG C417L Microphone,63.0,0,0,0,0.6247415,0.34573704,0,0,adulto
ICB_04000_000,ICB_207,copd,AKG C417L Microphone,63.0,0,0,0,0.60533476,0.041932955,0,0,adulto
ICB_04000_001,ICB_207,copd,AKG C417L Microphone,63.0,0,0,0,0.68896586,0.29016125,0,0,adulto
ICB_04000_002,ICB_207,copd,AKG C417L Microphone,63.0,0,0,0,0.6748348,0.34519815,0,0,adulto
ICB_04000_003,ICB_207,copd,AKG C417L Microphone,63.0,0,0,0,0.67821366,0.25767377,0,0,adulto
ICB_04000_004,ICB_207,copd,AKG C417L Microphone,63.0,0,0,0,0.68911475,0.3113127,0,0,adulto
ICB_04000_005,ICB_207,copd,AKG C417L Microphone,63.0,0,0,0,0.6413541,0.39755493,0,0,adulto
ICB_04000_006,ICB_207,copd,AKG C417L Microphone,63.0,0,0,0,0.68031836,0.3066778,0,0,adulto
ICB_04000_007,ICB_207,copd,AKG C417L Microphone,63.0,0,0,0,0.7015547,0.28285939,1,0,adulto
ICB_04000_008,ICB_207,copd,AKG C417L Microphone,63.0,0,0,0,0.6825615,0.27573702,0,0,adulto
ICB_04001_000,ICB_207,copd,AKG C417L Microphone,63.0,0,0,0,0.42566934,0.052239604,0,0,adulto
ICB_04001_001,ICB_207,copd,AKG C417L Microphone,63.0,0,0,0,0.3933326,0.18079473,0,0,adulto
ICB_04001_002,ICB_207,copd,AKG C417L Microphone,63.0,0,0,0,0.33726022,0.057706162,0,0,adulto
ICB_04001_003,ICB_207,copd,AKG C417L Microphone,63.0,0,0,0,0.5320841,0.15662411,0,0,adulto
ICB_04001_004,ICB_207,copd,AKG C417L Microphone,63.0,0,0,0,0.46768647,0.14465243,0,0,adulto
ICB_04001_005,ICB_207,copd,AKG C417L Microphone,63.0,0,0,0,0.44460076,0.088408254,0,0,adulto
ICB_04001_006,ICB_207,copd,AKG C417L Microphone,63.0,0,0,0,0.41388214,0.111430936,0,0,adulto
ICB_04001_007,ICB_207,copd,AKG C417L Microphone,63.0,0,0,0,0.47029856,0.1232473,0,0,adulto
ICB_04001_008,ICB_207,copd,AKG C417L Microphone,63.0,0,0,0,0.5069605,0.17308196,0,0,adulto
ICB_04035_000,ICB_214,normal_lung,AKG C417L Microphone,5.0,0,0,0,0.44545022,0.18998934,0,0,pediátrico (<18)
ICB_04035_001,ICB_214,normal_lung,AKG C417L Microphone,5.0,0,0,0,0.6450578,0.25814417,0,0,pediátrico (<18)
ICB_04035_002,ICB_214,normal_lung,AKG C417L Microphone,5.0,0,0,0,0.6004377,0.30003044,0,0,pediátrico (<18)
ICB_04035_003,ICB_214,normal_lung,AKG C417L Microphone,5.0,0,0,0,0.65782,0.30493787,0,0,pediátrico (<18)
ICB_04035_004,ICB_214,normal_lung,AKG C417L Microphone,5.0,0,0,0,0.5709066,0.2541527,0,0,pediátrico (<18)
ICB_04035_005,ICB_214,normal_lung,AKG C417L Microphone,5.0,0,0,0,0.62902206,0.40387842,0,0,pediátrico (<18)
ICB_04035_006,ICB_214,normal_lung,AKG C417L Microphone,5.0,0,0,0,0.6210477,0.29646045,0,0,pediátrico (<18)
ICB_04038_000,ICB_216,bronchiolitis_asthma,AKG C417L Microphone,1.0,1,0,0,0.6249188,0.18287231,0,1,pediátrico (<18)
ICB_04038_001,ICB_216,bronchiolitis_asthma,AKG C417L Microphone,1.0,0,0,0,0.65138847,0.30350778,0,0,pediátrico (<18)
ICB_04038_002,ICB_216,bronchiolitis_asthma,AKG C417L Microphone,1.0,1,0,0,0.6566337,0.25654995,0,1,pediátrico (<18)
ICB_04038_003,ICB_216,bronchiolitis_asthma,AKG C417L Microphone,1.0,1,0,0,0.75970364,0.3333846,1,1,pediátrico (<18)
ICB_04038_004,ICB_216,bronchiolitis_asthma,AKG C417L Microphone,1.0,1,0,0,0.8198126,0.2501943,1,1,pediátrico (<18)
ICB_04038_005,ICB_216,bronchiolitis_asthma,AKG C417L Microphone,1.0,0,0,0,0.68760246,0.3471248,0,0,pediátrico (<18)
ICB_04038_006,ICB_216,bronchiolitis_asthma,AKG C417L Microphone,1.0,0,0,0,0.70597875,0.29416642,1,0,pediátrico (<18)
ICB_04038_007,ICB_216,bronchiolitis_asthma,AKG C417L Microphone,1.0,0,0,0,0.6601957,0.23035716,0,0,pediátrico (<18)
ICB_04038_008,ICB_216,bronchiolitis_asthma,AKG C417L Microphone,1.0,0,0,0,0.57324916,0.30224377,0,0,pediátrico (<18)
ICB_04038_009,ICB_216,bronchiolitis_asthma,AKG C417L Microphone,1.0,0,0,0,0.6594939,0.28179908,0,0,pediátrico (<18)
ICB_04038_010,ICB_216,bronchiolitis_asthma,AKG C417L Microphone,1.0,0,0,0,0.67859656,0.37423834,0,0,pediátrico (<18)
ICB_04038_011,ICB_216,bronchiolitis_asthma,AKG C417L Microphone,1.0,0,0,0,0.6602897,0.35499042,0,0,pediátrico (<18)
ICB_04039_000,ICB_216,bronchiolitis_asthma,AKG C417L Microphone,1.0,0,1,0,0.6061394,0.4170551,0,2,pediátrico (<18)
ICB_04039_001,ICB_216,bronchiolitis_asthma,AKG C417L Microphone,1.0,0,1,0,0.5265632,0.30653265,0,2,pediátrico (<18)
ICB_04039_002,ICB_216,bronchiolitis_asthma,AKG C417L Microphone,1.0,0,1,0,0.5737253,0.38618115,0,2,pediátrico (<18)
ICB_04039_003,ICB_216,bronchiolitis_asthma,AKG C417L Microphone,1.0,0,1,0,0.51032525,0.3525294,0,2,pediátrico (<18)
ICB_04039_004,ICB_216,bronchiolitis_asthma,AKG C417L Microphone,1.0,0,1,0,0.5032083,0.45091906,2,2,pediátrico (<18)
ICB_04039_005,ICB_216,bronchiolitis_asthma,AKG C417L Microphone,1.0,0,1,0,0.7057158,0.5178282,3,2,pediátrico (<18)
ICB_04039_006,ICB_216,bronchiolitis_asthma,AKG C417L Microphone,1.0,0,1,0,0.50038236,0.4611946,2,2,pediátrico (<18)
ICB_04039_007,ICB_216,bronchiolitis_asthma,AKG C417L Microphone,1.0,0,1,0,0.57056266,0.377554,0,2,pediátrico (<18)
ICB_04039_008,ICB_216,bronchiolitis_asthma,AKG C417L Microphone,1.0,0,0,0,0.56144184,0.4055562,0,0,pediátrico (<18)
ICB_04039_009,ICB_216,bronchiolitis_asthma,AKG C417L Microphone,1.0,0,0,0,0.63632584,0.31968924,0,0,pediátrico (<18)
ICB_04049_000,ICB_219,pneumonia,3M Littmann Classic II SE,81.0,0,0,0,0.70994705,0.4079179,1,0,adulto
ICB_04049_001,ICB_219,pneumonia,3M Littmann Classic II SE,81.0,0,0,0,0.71376103,0.5677977,3,0,adulto
ICB_04049_002,ICB_219,pneumonia,3M Littmann Classic II SE,81.0,0,0,0,0.7609124,0.52897364,3,0,adulto
ICB_04049_003,ICB_219,pneumonia,3M Littmann Classic II SE,81.0,0,0,0,0.7479151,0.5624061,3,0,adulto
ICB_04049_004,ICB_219,pneumonia,3M Littmann Classic II SE,81.0,0,0,0,0.6736814,0.42615226,0,0,adulto
ICB_04050_000,ICB_219,pneumonia,3M Littmann Classic II SE,81.0,0,0,0,0.62010276,0.5039298,2,0,adulto
ICB_04050_001,ICB_219,pneumonia,3M Littmann Classic II SE,81.0,0,0,0,0.65235114,0.46804595,2,0,adulto
ICB_04050_002,ICB_219,pneumonia,3M Littmann Classic II SE,81.0,0,0,0,0.6757737,0.51613164,2,0,adulto
ICB_04050_003,ICB_219,pneumonia,3M Littmann Classic II SE,81.0,0,0,0,0.58739316,0.47678214,2,0,adulto
ICB_04050_004,ICB_219,pneumonia,3M Littmann Classic II SE,81.0,0,0,0,0.5121293,0.30596638,0,0,adulto
ICB_04051_000,ICB_219,pneumonia,3M Littmann Classic II SE,81.0,0,0,0,0.7356984,0.3914676,1,0,adulto
ICB_04051_001,ICB_219,pneumonia,3M Littmann Classic II SE,81.0,0,0,0,0.7646564,0.49498162,3,0,adulto
ICB_04051_002,ICB_219,pneumonia,3M Littmann Classic II SE,81.0,1,0,0,0.6998202,0.5700073,2,1,adulto
ICB_04051_003,ICB_219,pneumonia,3M Littmann Classic II SE,81.0,0,0,0,0.72906005,0.38843644,1,0,adulto
ICB_04051_004,ICB_219,pneumonia,3M Littmann Classic II SE,81.0,0,0,0,0.69633514,0.34934574,0,0,adulto
ICB_04052_000,ICB_219,pneumonia,3M Littmann Classic II SE,81.0,0,0,0,0.5418993,0.29239333,0,0,adulto
ICB_04052_001,ICB_219,pneumonia,3M Littmann Classic II SE,81.0,0,0,0,0.6191197,0.42347962,0,0,adulto
ICB_04052_002,ICB_219,pneumonia,3M Littmann Classic II SE,81.0,0,0,0,0.5950568,0.47124013,2,0,adulto
ICB_04052_003,ICB_219,pneumonia,3M Littmann Classic II SE,81.0,0,0,0,0.5552614,0.49613905,2,0,adulto
ICB_04052_004,ICB_219,pneumonia,3M Littmann Classic II SE,81.0,0,0,0,0.60340655,0.4592849,2,0,adulto
ICB_04052_005,ICB_219,pneumonia,3M Littmann Classic II SE,81.0,0,0,0,0.40733576,0.31477082,0,0,adulto
ICB_04053_000,ICB_219,pneumonia,3M Littmann Classic II SE,81.0,0,0,0,0.6515269,0.34036192,0,0,adulto
ICB_04053_001,ICB_219,pneumonia,3M Littmann Classic II SE,81.0,0,0,0,0.6809183,0.4405353,0,0,adulto
ICB_04053_002,ICB_219,pneumonia,3M Littmann Classic II SE,81.0,0,0,0,0.6456974,0.47089338,2,0,adulto
ICB_04053_003,ICB_219,pneumonia,3M Littmann Classic II SE,81.0,0,0,0,0.59693116,0.5004651,2,0,adulto
ICB_04053_004,ICB_219,pneumonia,3M Littmann Classic II SE,81.0,0,0,0,0.57259536,0.45984694,2,0,adulto
ICB_04071_000,ICB_223,copd,WelchAllyn Meditron Master Elite,,0,0,0,0.67054623,0.15376289,0,0,desconocida
ICB_04071_001,ICB_223,copd,WelchAllyn Meditron Master Elite,,0,0,0,0.61032623,0.20240806,0,0,desconocida
ICB_04071_002,ICB_223,copd,WelchAllyn Meditron Master Elite,,0,0,0,0.5800493,0.22483292,0,0,desconocida
ICB_04071_003,ICB_223,copd,WelchAllyn Meditron Master Elite,,0,0,0,0.63827276,0.2680393,0,0,desconocida
ICB_04071_004,ICB_223,copd,WelchAllyn Meditron Master Elite,,0,0,0,0.6905413,0.2706357,0,0,desconocida
ICB_04071_005,ICB_223,copd,WelchAllyn Meditron Master Elite,,0,0,0,0.69460255,0.24624708,0,0,desconocida
ICB_04071_006,ICB_223,copd,WelchAllyn Meditron Master Elite,,0,0,0,0.5593682,0.24792753,0,0,desconocida
ICB_04071_007,ICB_223,copd,WelchAllyn Meditron Master Elite,,0,0,0,0.55657774,0.22886781,0,0,desconocida
ICB_04071_008,ICB_223,copd,WelchAllyn Meditron Master Elite,,0,0,0,0.59134626,0.25376084,0,0,desconocida
ICB_04071_009,ICB_223,copd,WelchAllyn Meditron Master Elite,,0,0,0,0.6486586,0.33107007,0,0,desconocida
ICB_04072_000,ICB_223,copd,WelchAllyn Meditron Master Elite,,0,1,0,0.59049475,0.43691626,0,2,desconocida
ICB_04072_001,ICB_223,copd,WelchAllyn Meditron Master Elite,,0,1,0,0.6110439,0.37600204,0,2,desconocida
ICB_04072_002,ICB_223,copd,WelchAllyn Meditron Master Elite,,0,1,0,0.5790264,0.38864788,0,2,desconocida
ICB_04072_003,ICB_223,copd,WelchAllyn Meditron Master Elite,,0,1,0,0.6086381,0.42854792,0,2,desconocida
ICB_04072_004,ICB_223,copd,WelchAllyn Meditron Master Elite,,0,1,0,0.5986727,0.35372475,0,2,desconocida
ICB_04072_005,ICB_223,copd,WelchAllyn Meditron Master Elite,,0,1,0,0.5303171,0.41973227,0,2,desconocida
ICB_04072_006,ICB_223,copd,WelchAllyn Meditron Master Elite,,0,1,0,0.6150609,0.39177728,0,2,desconocida
ICB_04072_007,ICB_223,copd,WelchAllyn Meditron Master Elite,,0,1,0,0.60772955,0.34456146,0,2,desconocida
ICB_04072_008,ICB_223,copd,WelchAllyn Meditron Master Elite,,0,1,0,0.61236274,0.46952927,2,2,desconocida
ICB_04072_009,ICB_223,copd,WelchAllyn Meditron Master Elite,,0,1,0,0.65188956,0.50679606,2,2,desconocida
ICB_04073_000,ICB_223,copd,WelchAllyn Meditron Master Elite,,1,0,0,0.6313184,0.26144418,0,1,desconocida
ICB_04073_001,ICB_223,copd,WelchAllyn Meditron Master Elite,,0,0,0,0.55474204,0.19866942,0,0,desconocida
ICB_04073_002,ICB_223,copd,WelchAllyn Meditron Master Elite,,1,0,0,0.51073587,0.17762205,0,1,desconocida
ICB_04073_003,ICB_223,copd,WelchAllyn Meditron Master Elite,,1,0,0,0.6762554,0.25751787,0,1,desconocida
ICB_04073_004,ICB_223,copd,WelchAllyn Meditron Master Elite,,1,0,0,0.54651004,0.26192427,0,1,desconocida
ICB_04073_005,ICB_223,copd,WelchAllyn Meditron Master Elite,,1,0,0,0.5982995,0.3631406,0,1,desconocida
ICB_04073_006,ICB_223,copd,WelchAllyn Meditron Master Elite,,1,0,0,0.51253724,0.31470641,0,1,desconocida
ICB_04073_007,ICB_223,copd,WelchAllyn Meditron Master Elite,,1,0,0,0.5426101,0.3531966,0,1,desconocida
ICB_04073_008,ICB_223,copd,WelchAllyn Meditron Master Elite,,1,0,0,0.64986104,0.3583484,0,1,desconocida
ICB_04073_009,ICB_223,copd,WelchAllyn Meditron Master Elite,,1,0,0,0.66465795,0.25156426,0,1,desconocida
ICB_04074_000,ICB_223,copd,WelchAllyn Meditron Master Elite,,1,0,0,0.4295779,0.103557855,0,1,desconocida
ICB_04074_001,ICB_223,copd,WelchAllyn Meditron Master Elite,,1,0,0,0.53891623,0.3717492,0,1,desconocida
ICB_04074_002,ICB_223,copd,WelchAllyn Meditron Master Elite,,1,0,0,0.5659219,0.38744795,0,1,desconocida
ICB_04074_003,ICB_223,copd,WelchAllyn Meditron Master Elite,,1,0,0,0.5445953,0.45581523,2,1,desconocida
ICB_04074_004,ICB_223,copd,WelchAllyn Meditron Master Elite,,1,0,0,0.46246734,0.24893722,0,1,desconocida
ICB_04074_005,ICB_223,copd,WelchAllyn Meditron Master Elite,,1,0,0,0.58703244,0.40090486,0,1,desconocida
ICB_04074_006,ICB_223,copd,WelchAllyn Meditron Master Elite,,1,0,0,0.5549834,0.5916931,2,1,desconocida
ICB_04074_007,ICB_223,copd,WelchAllyn Meditron Master Elite,,1,0,0,0.60564244,0.5595661,2,1,desconocida
ICB_04074_008,ICB_223,copd,WelchAllyn Meditron Master Elite,,1,0,0,0.45899493,0.20350508,0,1,desconocida
ICB_04074_009,ICB_223,copd,WelchAllyn Meditron Master Elite,,1,0,0,0.6863965,0.15480651,0,1,desconocida
ICB_04075_000,ICB_223,copd,WelchAllyn Meditron Master Elite,,0,0,0,0.4672028,0.8153409,2,0,desconocida
ICB_04075_001,ICB_223,copd,WelchAllyn Meditron Master Elite,,0,0,0,0.6301552,0.24379434,0,0,desconocida
ICB_04075_002,ICB_223,copd,WelchAllyn Meditron Master Elite,,0,0,0,0.5609814,0.25052157,0,0,desconocida
ICB_04075_003,ICB_223,copd,WelchAllyn Meditron Master Elite,,0,0,0,0.6421946,0.33983597,0,0,desconocida
ICB_04075_004,ICB_223,copd,WelchAllyn Meditron Master Elite,,0,0,0,0.6306831,0.08393413,0,0,desconocida
ICB_04075_005,ICB_223,copd,WelchAllyn Meditron Master Elite,,0,0,0,0.41814002,0.1740822,0,0,desconocida
ICB_04075_006,ICB_223,copd,WelchAllyn Meditron Master Elite,,0,0,0,0.5174159,0.2986684,0,0,desconocida
ICB_04075_007,ICB_223,copd,WelchAllyn Meditron Master Elite,,0,0,0,0.4935081,0.16730969,0,0,desconocida
ICB_04075_008,ICB_223,copd,WelchAllyn Meditron Master Elite,,0,0,0,0.45118693,0.17137523,0,0,desconocida
ICB_04075_009,ICB_223,copd,WelchAllyn Meditron Master Elite,,0,0,0,0.46357867,0.26935434,0,0,desconocida
ICB_04075_010,ICB_223,copd,WelchAllyn Meditron Master Elite,,0,0,0,0.57923746,0.45711,2,0,desconocida
ICB_04076_000,ICB_223,copd,WelchAllyn Meditron Master Elite,,0,0,0,0.5724939,0.40032536,0,0,desconocida
ICB_04076_001,ICB_223,copd,WelchAllyn Meditron Master Elite,,0,0,0,0.59954596,0.60501903,2,0,desconocida
ICB_04076_002,ICB_223,copd,WelchAllyn Meditron Master Elite,,0,0,0,0.46459755,0.43607423,0,0,desconocida
ICB_04076_003,ICB_223,copd,WelchAllyn Meditron Master Elite,,0,0,0,0.4857609,0.33424962,0,0,desconocida
ICB_04076_004,ICB_223,copd,WelchAllyn Meditron Master Elite,,0,0,0,0.6539116,0.5242156,2,0,desconocida
ICB_04076_005,ICB_223,copd,WelchAllyn Meditron Master Elite,,0,0,0,0.51824754,0.6368437,2,0,desconocida
ICB_04076_006,ICB_223,copd,WelchAllyn Meditron Master Elite,,0,0,0,0.6241069,0.3194997,0,0,desconocida
ICB_04076_007,ICB_223,copd,WelchAllyn Meditron Master Elite,,0,1,0,0.6482707,0.48762274,2,2,desconocida
ICB_04076_008,ICB_223,copd,WelchAllyn Meditron Master Elite,,0,1,0,0.5147368,0.5298385,2,2,desconocida
ICB_04076_009,ICB_223,copd,WelchAllyn Meditron Master Elite,,0,1,0,0.5803871,0.6342996,2,2,desconocida
ICB_03165_000,ICB_102,normal_lung,AKG C417L Microphone,0.75,0,0,1,0.5874271,0.48220235,0,0,pediátrico (<18)
ICB_03165_001,ICB_102,normal_lung,AKG C417L Microphone,0.75,0,0,1,0.59193116,0.46958968,0,0,pediátrico (<18)
ICB_03165_002,ICB_102,normal_lung,AKG C417L Microphone,0.75,0,0,1,0.6137098,0.48529783,0,0,pediátrico (<18)
ICB_03165_003,ICB_102,normal_lung,AKG C417L Microphone,0.75,0,0,1,0.5761398,0.45657456,0,0,pediátrico (<18)
ICB_03165_004,ICB_102,normal_lung,AKG C417L Microphone,0.75,0,0,1,0.56929606,0.47739497,0,0,pediátrico (<18)
ICB_03165_005,ICB_102,normal_lung,AKG C417L Microphone,0.75,0,0,1,0.5597793,0.47040793,0,0,pediátrico (<18)
ICB_03165_006,ICB_102,normal_lung,AKG C417L Microphone,0.75,0,0,1,0.6038468,0.46769327,0,0,pediátrico (<18)
ICB_03165_007,ICB_102,normal_lung,AKG C417L Microphone,0.75,0,0,1,0.5813392,0.47142127,0,0,pediátrico (<18)
ICB_03165_008,ICB_102,normal_lung,AKG C417L Microphone,0.75,0,0,1,0.58699924,0.4727564,0,0,pediátrico (<18)
ICB_03165_009,ICB_102,normal_lung,AKG C417L Microphone,0.75,0,0,1,0.56808215,0.48395652,0,0,pediátrico (<18)
ICB_03165_010,ICB_102,normal_lung,AKG C417L Microphone,0.75,0,0,1,0.572023,0.4741922,0,0,pediátrico (<18)
ICB_03165_011,ICB_102,normal_lung,AKG C417L Microphone,0.75,0,0,1,0.5729483,0.45454067,0,0,pediátrico (<18)
ICB_03165_012,ICB_102,normal_lung,AKG C417L Microphone,0.75,0,0,1,0.5442626,0.45320338,0,0,pediátrico (<18)
ICB_03166_000,ICB_103,bronchiolitis_asthma,3M Littmann Classic II SE,70.0,0,1,1,0.5545779,0.46393543,0,2,adulto
ICB_03166_001,ICB_103,bronchiolitis_asthma,3M Littmann Classic II SE,70.0,0,0,1,0.4842323,0.44839272,0,0,adulto
ICB_03166_002,ICB_103,bronchiolitis_asthma,3M Littmann Classic II SE,70.0,0,1,1,0.60690564,0.4968377,0,2,adulto
ICB_03166_003,ICB_103,bronchiolitis_asthma,3M Littmann Classic II SE,70.0,0,1,1,0.5878083,0.47343403,0,2,adulto
ICB_03166_004,ICB_103,bronchiolitis_asthma,3M Littmann Classic II SE,70.0,0,1,1,0.44036603,0.4548774,0,2,adulto
ICB_03166_005,ICB_103,bronchiolitis_asthma,3M Littmann Classic II SE,70.0,0,0,1,0.5022066,0.5143724,0,0,adulto
ICB_03167_000,ICB_104,copd,3M Littmann 3200 Electronic,70.0,0,0,1,0.4809088,0.5126412,0,0,adulto
ICB_03167_001,ICB_104,copd,3M Littmann 3200 Electronic,70.0,0,0,1,0.45049587,0.49628487,0,0,adulto
ICB_03167_002,ICB_104,copd,3M Littmann 3200 Electronic,70.0,0,0,1,0.46559548,0.5173254,0,0,adulto
ICB_03167_003,ICB_104,copd,3M Littmann 3200 Electronic,70.0,0,0,1,0.45870423,0.5132228,0,0,adulto
ICB_03167_004,ICB_104,copd,3M Littmann 3200 Electronic,70.0,0,0,1,0.4617977,0.6136884,2,0,adulto
ICB_03167_005,ICB_104,copd,3M Littmann 3200 Electronic,70.0,0,0,1,0.4805105,0.56933737,0,0,adulto
ICB_03168_000,ICB_104,copd,3M Littmann 3200 Electronic,70.0,0,1,1,0.53438383,0.5039957,0,2,adulto
ICB_03168_001,ICB_104,copd,3M Littmann 3200 Electronic,70.0,0,1,1,0.49823043,0.5201198,0,2,adulto
ICB_03168_002,ICB_104,copd,3M Littmann 3200 Electronic,70.0,0,1,1,0.45793524,0.49561986,0,2,adulto
ICB_03168_003,ICB_104,copd,3M Littmann 3200 Electronic,70.0,0,1,1,0.49117345,0.4848065,0,2,adulto
ICB_03168_004,ICB_104,copd,3M Littmann 3200 Electronic,70.0,0,1,1,0.46287942,0.5081191,0,2,adulto
ICB_03168_005,ICB_104,copd,3M Littmann 3200 Electronic,70.0,0,1,1,0.47453567,0.50782543,0,2,adulto
ICB_03168_006,ICB_104,copd,3M Littmann 3200 Electronic,70.0,0,1,1,0.475639,0.49082118,0,2,adulto
ICB_03168_007,ICB_104,copd,3M Littmann 3200 Electronic,70.0,0,1,1,0.48390287,0.502591,0,2,adulto
ICB_03168_008,ICB_104,copd,3M Littmann 3200 Electronic,70.0,0,1,1,0.4594304,0.50801384,0,2,adulto
ICB_03168_009,ICB_104,copd,3M Littmann 3200 Electronic,70.0,0,1,1,0.47369725,0.52002335,0,2,adulto
ICB_03168_010,ICB_104,copd,3M Littmann 3200 Electronic,70.0,0,0,1,0.41763112,0.56236935,0,0,adulto
ICB_03168_011,ICB_104,copd,3M Littmann 3200 Electronic,70.0,0,0,1,0.43893665,0.51085895,0,0,adulto
ICB_03168_012,ICB_104,copd,3M Littmann 3200 Electronic,70.0,0,0,1,0.49717376,0.5282553,0,0,adulto
ICB_03168_013,ICB_104,copd,3M Littmann 3200 Electronic,70.0,0,0,1,0.5108721,0.51655287,0,0,adulto
ICB_03169_000,ICB_104,copd,3M Littmann 3200 Electronic,70.0,0,0,1,0.4971879,0.49791464,0,0,adulto
ICB_03169_001,ICB_104,copd,3M Littmann 3200 Electronic,70.0,0,0,1,0.53141606,0.5259327,0,0,adulto
ICB_03169_002,ICB_104,copd,3M Littmann 3200 Electronic,70.0,0,0,1,0.5610287,0.52029914,0,0,adulto
ICB_03169_003,ICB_104,copd,3M Littmann 3200 Electronic,70.0,0,0,1,0.45107114,0.49623942,0,0,adulto
ICB_03169_004,ICB_104,copd,3M Littmann 3200 Electronic,70.0,1,0,1,0.5285683,0.520452,0,1,adulto
ICB_03169_005,ICB_104,copd,3M Littmann 3200 Electronic,70.0,0,0,1,0.5557921,0.5369209,0,0,adulto
ICB_03169_006,ICB_104,copd,3M Littmann 3200 Electronic,70.0,0,0,1,0.55640686,0.611975,2,0,adulto
ICB_03170_000,ICB_104,copd,3M Littmann 3200 Electronic,70.0,0,0,1,0.56006885,0.52654207,0,0,adulto
ICB_03170_001,ICB_104,copd,3M Littmann 3200 Electronic,70.0,0,0,1,0.54377407,0.5255033,0,0,adulto
ICB_03170_002,ICB_104,copd,3M Littmann 3200 Electronic,70.0,0,0,1,0.5682478,0.5456152,0,0,adulto
ICB_03170_003,ICB_104,copd,3M Littmann 3200 Electronic,70.0,0,0,1,0.5855699,0.5500079,0,0,adulto
ICB_03170_004,ICB_104,copd,3M Littmann 3200 Electronic,70.0,0,0,1,0.55708283,0.62555856,2,0,adulto
ICB_03171_000,ICB_104,copd,3M Littmann 3200 Electronic,70.0,0,0,1,0.50718546,0.47943285,0,0,adulto
ICB_03171_001,ICB_104,copd,3M Littmann 3200 Electronic,70.0,0,0,1,0.47515044,0.51753014,0,0,adulto
ICB_03171_002,ICB_104,copd,3M Littmann 3200 Electronic,70.0,0,0,1,0.4540888,0.49598107,0,0,adulto
ICB_03171_003,ICB_104,copd,3M Littmann 3200 Electronic,70.0,0,0,1,0.49856433,0.50190693,0,0,adulto
ICB_03171_004,ICB_104,copd,3M Littmann 3200 Electronic,70.0,0,0,1,0.4832756,0.5453545,0,0,adulto
ICB_03171_005,ICB_104,copd,3M Littmann 3200 Electronic,70.0,0,0,1,0.52570355,0.51811934,0,0,adulto
ICB_03171_006,ICB_104,copd,3M Littmann 3200 Electronic,70.0,0,0,1,0.4828557,0.52938586,0,0,adulto
ICB_03171_007,ICB_104,copd,3M Littmann 3200 Electronic,70.0,0,0,1,0.50077313,0.5278978,0,0,adulto
ICB_03171_008,ICB_104,copd,3M Littmann 3200 Electronic,70.0,0,0,1,0.529305,0.52782,0,0,adulto
ICB_03171_009,ICB_104,copd,3M Littmann 3200 Electronic,70.0,0,0,1,0.4908238,0.53858596,0,0,adulto
ICB_03171_010,ICB_104,copd,3M Littmann 3200 Electronic,70.0,0,0,1,0.4932572,0.54605156,0,0,adulto
ICB_03171_011,ICB_104,copd,3M Littmann 3200 Electronic,70.0,0,0,1,0.5665986,0.51454175,0,0,adulto
ICB_03171_012,ICB_104,copd,3M Littmann 3200 Electronic,70.0,0,0,1,0.5688245,0.5002959,0,0,adulto
ICB_03172_000,ICB_104,copd,3M Littmann 3200 Electronic,70.0,0,0,1,0.5196753,0.5191306,0,0,adulto
ICB_03172_001,ICB_104,copd,3M Littmann 3200 Electronic,70.0,0,0,1,0.48006827,0.4990776,0,0,adulto
ICB_03172_002,ICB_104,copd,3M Littmann 3200 Electronic,70.0,0,0,1,0.47467652,0.5077081,0,0,adulto
ICB_03172_003,ICB_104,copd,3M Littmann 3200 Electronic,70.0,0,0,1,0.49219128,0.4986612,0,0,adulto
ICB_03172_004,ICB_104,copd,3M Littmann 3200 Electronic,70.0,0,0,1,0.46346688,0.49498993,0,0,adulto
ICB_03172_005,ICB_104,copd,3M Littmann 3200 Electronic,70.0,0,0,1,0.4196707,0.59838974,0,0,adulto
ICB_03172_006,ICB_104,copd,3M Littmann 3200 Electronic,70.0,0,0,1,0.4978114,0.51457155,0,0,adulto
ICB_03172_007,ICB_104,copd,3M Littmann 3200 Electronic,70.0,0,0,1,0.48776466,0.5410583,0,0,adulto
ICB_03172_008,ICB_104,copd,3M Littmann 3200 Electronic,70.0,0,0,1,0.4978485,0.5427536,0,0,adulto
ICB_03172_009,ICB_104,copd,3M Littmann 3200 Electronic,70.0,0,0,1,0.51652515,0.5478298,0,0,adulto
ICB_03176_000,ICB_107,copd,AKG C417L Microphone,75.0,1,0,1,0.6527349,0.49410114,1,1,adulto
ICB_03176_001,ICB_107,copd,AKG C417L Microphone,75.0,1,0,1,0.58672994,0.46410173,0,1,adulto
ICB_03176_002,ICB_107,copd,AKG C417L Microphone,75.0,1,0,1,0.5790176,0.4658276,0,1,adulto
ICB_03176_003,ICB_107,copd,AKG C417L Microphone,75.0,1,0,1,0.5745245,0.45514834,0,1,adulto
ICB_03176_004,ICB_107,copd,AKG C417L Microphone,75.0,1,0,1,0.57866263,0.48255336,0,1,adulto
ICB_03176_005,ICB_107,copd,AKG C417L Microphone,75.0,1,0,1,0.56274366,0.43334278,0,1,adulto
ICB_03176_006,ICB_107,copd,AKG C417L Microphone,75.0,1,0,1,0.59249836,0.47765028,0,1,adulto
ICB_03176_007,ICB_107,copd,AKG C417L Microphone,75.0,0,0,1,0.57813394,0.43971485,0,0,adulto
ICB_03177_000,ICB_107,copd,AKG C417L Microphone,75.0,1,0,1,0.6145871,0.46258858,0,1,adulto
ICB_03177_001,ICB_107,copd,AKG C417L Microphone,75.0,1,1,1,0.5624877,0.4697419,0,3,adulto
ICB_03177_002,ICB_107,copd,AKG C417L Microphone,75.0,1,1,1,0.5826598,0.4535535,0,3,adulto
ICB_03177_003,ICB_107,copd,AKG C417L Microphone,75.0,1,1,1,0.5437721,0.44581023,0,3,adulto
ICB_03177_004,ICB_107,copd,AKG C417L Microphone,75.0,1,1,1,0.5744361,0.47443277,0,3,adulto
ICB_03177_005,ICB_107,copd,AKG C417L Microphone,75.0,1,1,1,0.57259256,0.43389165,0,3,adulto
ICB_03177_006,ICB_107,copd,AKG C417L Microphone,75.0,1,1,1,0.5676083,0.45295084,0,3,adulto
ICB_03177_007,ICB_107,copd,AKG C417L Microphone,75.0,1,1,1,0.5257218,0.42023733,0,3,adulto
ICB_03178_000,ICB_107,copd,AKG C417L Microphone,75.0,1,0,1,0.63004667,0.49700338,0,1,adulto
ICB_03178_001,ICB_107,copd,AKG C417L Microphone,75.0,1,0,1,0.6482577,0.48588273,0,1,adulto
ICB_03178_002,ICB_107,copd,AKG C417L Microphone,75.0,1,0,1,0.63588107,0.48542276,0,1,adulto
ICB_03178_003,ICB_107,copd,AKG C417L Microphone,75.0,1,0,1,0.63942885,0.49067423,0,1,adulto
ICB_03178_004,ICB_107,copd,AKG C417L Microphone,75.0,1,0,1,0.60512507,0.48693356,0,1,adulto
ICB_03178_005,ICB_107,copd,AKG C417L Microphone,75.0,1,0,1,0.6285529,0.46093684,0,1,adulto
ICB_03178_006,ICB_107,copd,AKG C417L Microphone,75.0,1,0,1,0.6526429,0.48120296,1,1,adulto
ICB_03178_007,ICB_107,copd,AKG C417L Microphone,75.0,1,0,1,0.6612877,0.47586536,1,1,adulto
ICB_03179_000,ICB_107,copd,AKG C417L Microphone,75.0,0,0,1,0.63368356,0.4890497,0,0,adulto
ICB_03179_001,ICB_107,copd,AKG C417L Microphone,75.0,1,0,1,0.6173275,0.49024215,0,1,adulto
ICB_03179_002,ICB_107,copd,AKG C417L Microphone,75.0,1,0,1,0.6385091,0.48493358,0,1,adulto
ICB_03179_003,ICB_107,copd,AKG C417L Microphone,75.0,1,0,1,0.62854177,0.46109554,0,1,adulto
ICB_03179_004,ICB_107,copd,AKG C417L Microphone,75.0,1,0,1,0.650104,0.4751849,1,1,adulto
ICB_03179_005,ICB_107,copd,AKG C417L Microphone,75.0,1,0,1,0.6425784,0.4895327,0,1,adulto
ICB_03179_006,ICB_107,copd,AKG C417L Microphone,75.0,1,0,1,0.63108927,0.4776262,0,1,adulto
ICB_03179_007,ICB_107,copd,AKG C417L Microphone,75.0,1,0,1,0.63591135,0.4993249,0,1,adulto
ICB_03180_000,ICB_107,copd,AKG C417L Microphone,75.0,0,0,1,0.5063897,0.43022147,0,0,adulto
ICB_03180_001,ICB_107,copd,AKG C417L Microphone,75.0,0,0,1,0.53919554,0.45003584,0,0,adulto
ICB_03180_002,ICB_107,copd,AKG C417L Microphone,75.0,0,0,1,0.5134553,0.43425786,0,0,adulto
ICB_03180_003,ICB_107,copd,AKG C417L Microphone,75.0,0,0,1,0.54923457,0.45549306,0,0,adulto
ICB_03180_004,ICB_107,copd,AKG C417L Microphone,75.0,0,0,1,0.5071878,0.44775838,0,0,adulto
ICB_03180_005,ICB_107,copd,AKG C417L Microphone,75.0,0,0,1,0.48940516,0.41445547,0,0,adulto
ICB_03180_006,ICB_107,copd,AKG C417L Microphone,75.0,0,0,1,0.52973,0.44721544,0,0,adulto
ICB_03180_007,ICB_107,copd,AKG C417L Microphone,75.0,0,0,1,0.5042579,0.43110916,0,0,adulto
ICB_03181_000,ICB_107,copd,AKG C417L Microphone,75.0,0,0,1,0.52102244,0.460253,0,0,adulto
ICB_03181_001,ICB_107,copd,AKG C417L Microphone,75.0,1,0,1,0.5719999,0.47967005,0,1,adulto
ICB_03181_002,ICB_107,copd,AKG C417L Microphone,75.0,1,1,1,0.55508804,0.44609672,0,3,adulto
ICB_03181_003,ICB_107,copd,AKG C417L Microphone,75.0,0,0,1,0.5522155,0.4601812,0,0,adulto
ICB_03181_004,ICB_107,copd,AKG C417L Microphone,75.0,1,0,1,0.5293721,0.46706006,0,1,adulto
ICB_03181_005,ICB_107,copd,AKG C417L Microphone,75.0,1,1,1,0.5141658,0.44656274,0,3,adulto
ICB_03181_006,ICB_107,copd,AKG C417L Microphone,75.0,1,0,1,0.52398497,0.46020502,0,1,adulto
ICB_03181_007,ICB_107,copd,AKG C417L Microphone,75.0,1,1,1,0.5275488,0.4397866,0,3,adulto
ICB_03182_000,ICB_107,copd,AKG C417L Microphone,75.0,0,0,1,0.5248518,0.4663718,0,0,adulto
ICB_03182_001,ICB_107,copd,AKG C417L Microphone,75.0,0,0,1,0.50570416,0.42450243,0,0,adulto
ICB_03182_002,ICB_107,copd,AKG C417L Microphone,75.0,0,0,1,0.48556516,0.43825334,0,0,adulto
ICB_03182_003,ICB_107,copd,AKG C417L Microphone,75.0,1,0,1,0.4857469,0.4256573,0,1,adulto
ICB_03182_004,ICB_107,copd,AKG C417L Microphone,75.0,0,0,1,0.51873434,0.46491653,0,0,adulto
ICB_03182_005,ICB_107,copd,AKG C417L Microphone,75.0,0,0,1,0.48652428,0.41767395,0,0,adulto
ICB_03182_006,ICB_107,copd,AKG C417L Microphone,75.0,0,0,1,0.5015944,0.4160666,0,0,adulto
ICB_03182_007,ICB_107,copd,AKG C417L Microphone,75.0,1,0,1,0.53314835,0.4336686,0,1,adulto
ICB_03183_000,ICB_107,copd,AKG C417L Microphone,75.0,1,0,1,0.5983722,0.4770837,0,1,adulto
ICB_03183_001,ICB_107,copd,AKG C417L Microphone,75.0,1,0,1,0.5727727,0.45039853,0,1,adulto
ICB_03183_002,ICB_107,copd,AKG C417L Microphone,75.0,1,1,1,0.5772827,0.47438002,0,3,adulto
ICB_03183_003,ICB_107,copd,AKG C417L Microphone,75.0,1,0,1,0.5528827,0.4868885,0,1,adulto
ICB_03183_004,ICB_107,copd,AKG C417L Microphone,75.0,0,1,1,0.59869015,0.459215,0,2,adulto
ICB_03183_005,ICB_107,copd,AKG C417L Microphone,75.0,1,0,1,0.5809517,0.44806758,0,1,adulto
ICB_03183_006,ICB_107,copd,AKG C417L Microphone,75.0,1,0,1,0.57799613,0.45675823,0,1,adulto
ICB_03183_007,ICB_107,copd,AKG C417L Microphone,75.0,1,0,1,0.56906694,0.42272735,0,1,adulto
ICB_03184_000,ICB_107,copd,AKG C417L Microphone,75.0,1,0,1,0.5991839,0.4521574,0,1,adulto
ICB_03184_001,ICB_107,copd,AKG C417L Microphone,75.0,1,0,1,0.57993424,0.469059,0,1,adulto
ICB_03184_002,ICB_107,copd,AKG C417L Microphone,75.0,1,0,1,0.5592646,0.47254333,0,1,adulto
ICB_03184_003,ICB_107,copd,AKG C417L Microphone,75.0,1,0,1,0.5485165,0.4734897,0,1,adulto
ICB_03184_004,ICB_107,copd,AKG C417L Microphone,75.0,1,0,1,0.572116,0.45891252,0,1,adulto
ICB_03184_005,ICB_107,copd,AKG C417L Microphone,75.0,1,0,1,0.58199435,0.4784988,0,1,adulto
ICB_03184_006,ICB_107,copd,AKG C417L Microphone,75.0,1,0,1,0.5424819,0.44651797,0,1,adulto
ICB_03184_007,ICB_107,copd,AKG C417L Microphone,75.0,1,0,1,0.5052354,0.42588115,0,1,adulto
ICB_03185_000,ICB_107,copd,AKG C417L Microphone,75.0,1,0,1,0.65428424,0.4839824,1,1,adulto
ICB_03185_001,ICB_107,copd,AKG C417L Microphone,75.0,1,0,1,0.6330977,0.48802698,0,1,adulto
ICB_03185_002,ICB_107,copd,AKG C417L Microphone,75.0,1,0,1,0.6536896,0.49151835,1,1,adulto
ICB_03185_003,ICB_107,copd,AKG C417L Microphone,75.0,1,0,1,0.5830334,0.53172517,0,1,adulto
ICB_03185_004,ICB_107,copd,AKG C417L Microphone,75.0,1,0,1,0.6571518,0.48982346,1,1,adulto
ICB_03185_005,ICB_107,copd,AKG C417L Microphone,75.0,1,0,1,0.6567919,0.4899716,1,1,adulto
ICB_03185_006,ICB_107,copd,AKG C417L Microphone,75.0,1,0,1,0.652827,0.475094,1,1,adulto
ICB_03185_007,ICB_107,copd,AKG C417L Microphone,75.0,1,0,1,0.64775383,0.47286394,0,1,adulto
ICB_03186_000,ICB_107,copd,AKG C417L Microphone,75.0,1,0,1,0.6540136,0.4826487,1,1,adulto
ICB_03186_001,ICB_107,copd,AKG C417L Microphone,75.0,1,0,1,0.6306953,0.47974274,0,1,adulto
ICB_03186_002,ICB_107,copd,AKG C417L Microphone,75.0,1,0,1,0.5920327,0.493677,0,1,adulto
ICB_03186_003,ICB_107,copd,AKG C417L Microphone,75.0,1,0,1,0.5099041,0.5320773,0,1,adulto
ICB_03186_004,ICB_107,copd,AKG C417L Microphone,75.0,1,0,1,0.6218945,0.47705948,0,1,adulto
ICB_03186_005,ICB_107,copd,AKG C417L Microphone,75.0,1,0,1,0.6490287,0.49690765,0,1,adulto
ICB_03186_006,ICB_107,copd,AKG C417L Microphone,75.0,1,0,1,0.63378125,0.5000685,0,1,adulto
ICB_03186_007,ICB_107,copd,AKG C417L Microphone,75.0,1,0,1,0.6547002,0.47472063,1,1,adulto
ICB_03187_000,ICB_107,copd,AKG C417L Microphone,75.0,1,0,1,0.57647425,0.46143857,0,1,adulto
ICB_03187_001,ICB_107,copd,AKG C417L Microphone,75.0,0,0,1,0.5502457,0.45493492,0,0,adulto
ICB_03187_002,ICB_107,copd,AKG C417L Microphone,75.0,1,0,1,0.54364336,0.4579824,0,1,adulto
ICB_03187_003,ICB_107,copd,AKG C417L Microphone,75.0,0,0,1,0.56420213,0.47091702,0,0,adulto
ICB_03187_004,ICB_107,copd,AKG C417L Microphone,75.0,0,0,1,0.5310504,0.44560477,0,0,adulto
ICB_03187_005,ICB_107,copd,AKG C417L Microphone,75.0,1,0,1,0.5015555,0.4480184,0,1,adulto
ICB_03187_006,ICB_107,copd,AKG C417L Microphone,75.0,0,0,1,0.53051096,0.4394172,0,0,adulto
ICB_03187_007,ICB_107,copd,AKG C417L Microphone,75.0,0,0,1,0.5202679,0.42688727,0,0,adulto
ICB_03188_000,ICB_107,copd,AKG C417L Microphone,75.0,1,0,1,0.57465667,0.46718055,0,1,adulto
ICB_03188_001,ICB_107,copd,AKG C417L Microphone,75.0,1,0,1,0.566782,0.45911542,0,1,adulto
ICB_03188_002,ICB_107,copd,AKG C417L Microphone,75.0,1,0,1,0.5554065,0.46794727,0,1,adulto
ICB_03188_003,ICB_107,copd,AKG C417L Microphone,75.0,1,0,1,0.57382745,0.47819638,0,1,adulto
ICB_03188_004,ICB_107,copd,AKG C417L Microphone,75.0,1,0,1,0.5266032,0.4543008,0,1,adulto
ICB_03188_005,ICB_107,copd,AKG C417L Microphone,75.0,1,0,1,0.5461418,0.46117702,0,1,adulto
ICB_03188_006,ICB_107,copd,AKG C417L Microphone,75.0,1,0,1,0.55911946,0.45709088,0,1,adulto
ICB_03188_007,ICB_107,copd,AKG C417L Microphone,75.0,1,0,1,0.53698987,0.45694613,0,1,adulto
ICB_03189_000,ICB_107,copd,AKG C417L Microphone,75.0,0,0,1,0.49481672,0.4337541,0,0,adulto
ICB_03189_001,ICB_107,copd,AKG C417L Microphone,75.0,0,0,1,0.5103087,0.41984805,0,0,adulto
ICB_03189_002,ICB_107,copd,AKG C417L Microphone,75.0,0,0,1,0.50924927,0.44268543,0,0,adulto
ICB_03189_003,ICB_107,copd,AKG C417L Microphone,75.0,0,0,1,0.50709385,0.43537572,0,0,adulto
ICB_03189_004,ICB_107,copd,AKG C417L Microphone,75.0,0,0,1,0.4982892,0.41949412,0,0,adulto
ICB_03189_005,ICB_107,copd,AKG C417L Microphone,75.0,0,0,1,0.49600598,0.40959913,0,0,adulto
ICB_03189_006,ICB_107,copd,AKG C417L Microphone,75.0,0,0,1,0.53428924,0.41395167,0,0,adulto
ICB_03189_007,ICB_107,copd,AKG C417L Microphone,75.0,0,0,1,0.5536049,0.4482596,0,0,adulto
ICB_03190_000,ICB_107,copd,AKG C417L Microphone,75.0,0,0,1,0.63865054,0.48296604,0,0,adulto
ICB_03190_001,ICB_107,copd,AKG C417L Microphone,75.0,1,0,1,0.5988477,0.45640877,0,1,adulto
ICB_03190_002,ICB_107,copd,AKG C417L Microphone,75.0,1,0,1,0.57884246,0.46091166,0,1,adulto
ICB_03190_003,ICB_107,copd,AKG C417L Microphone,75.0,1,0,1,0.5854636,0.45726058,0,1,adulto
ICB_03190_004,ICB_107,copd,AKG C417L Microphone,75.0,1,0,1,0.5711793,0.4373066,0,1,adulto
ICB_03190_005,ICB_107,copd,AKG C417L Microphone,75.0,1,0,1,0.5711391,0.47350782,0,1,adulto
ICB_03190_006,ICB_107,copd,AKG C417L Microphone,75.0,1,0,1,0.59595966,0.4551727,0,1,adulto
ICB_03190_007,ICB_107,copd,AKG C417L Microphone,75.0,1,0,1,0.59754056,0.45775223,0,1,adulto
ICB_03191_000,ICB_107,copd,AKG C417L Microphone,75.0,0,0,1,0.5765311,0.5007002,0,0,adulto
ICB_03191_001,ICB_107,copd,AKG C417L Microphone,75.0,0,0,1,0.5741181,0.49904916,0,0,adulto
ICB_03191_002,ICB_107,copd,AKG C417L Microphone,75.0,1,0,1,0.571842,0.477714,0,1,adulto
ICB_03191_003,ICB_107,copd,AKG C417L Microphone,75.0,0,0,1,0.582986,0.4839957,0,0,adulto
ICB_03191_004,ICB_107,copd,AKG C417L Microphone,75.0,1,1,1,0.5794726,0.44764245,0,3,adulto
ICB_03191_005,ICB_107,copd,AKG C417L Microphone,75.0,1,0,1,0.6001014,0.48585021,0,1,adulto
ICB_03191_006,ICB_107,copd,AKG C417L Microphone,75.0,0,0,1,0.61846733,0.477229,0,0,adulto
ICB_03191_007,ICB_107,copd,AKG C417L Microphone,75.0,0,1,1,0.58591956,0.43239993,0,2,adulto
ICB_03192_000,ICB_107,copd,AKG C417L Microphone,75.0,0,0,1,0.63586026,0.47608456,0,0,adulto
ICB_03192_001,ICB_107,copd,AKG C417L Microphone,75.0,1,0,1,0.65971136,0.48253286,1,1,adulto
ICB_03192_002,ICB_107,copd,AKG C417L Microphone,75.0,1,0,1,0.64563555,0.48561,0,1,adulto
ICB_03192_003,ICB_107,copd,AKG C417L Microphone,75.0,1,0,1,0.6412227,0.47461987,0,1,adulto
ICB_03192_004,ICB_107,copd,AKG C417L Microphone,75.0,1,0,1,0.65602165,0.47200415,1,1,adulto
ICB_03192_005,ICB_107,copd,AKG C417L Microphone,75.0,1,0,1,0.62563246,0.50188684,0,1,adulto
ICB_03192_006,ICB_107,copd,AKG C417L Microphone,75.0,0,0,1,0.6272272,0.46949825,0,0,adulto
ICB_03192_007,ICB_107,copd,AKG C417L Microphone,75.0,1,0,1,0.65563136,0.49512735,1,1,adulto
ICB_03193_000,ICB_107,copd,AKG C417L Microphone,75.0,0,0,1,0.631903,0.4805122,0,0,adulto
ICB_03193_001,ICB_107,copd,AKG C417L Microphone,75.0,1,0,1,0.6264117,0.48508266,0,1,adulto
ICB_03193_002,ICB_107,copd,AKG C417L Microphone,75.0,1,0,1,0.6382108,0.47382596,0,1,adulto
ICB_03193_003,ICB_107,copd,AKG C417L Microphone,75.0,1,0,1,0.60151154,0.45733455,0,1,adulto
ICB_03193_004,ICB_107,copd,AKG C417L Microphone,75.0,1,0,1,0.6206329,0.5001442,0,1,adulto
ICB_03193_005,ICB_107,copd,AKG C417L Microphone,75.0,1,0,1,0.6324178,0.49132743,0,1,adulto
ICB_03193_006,ICB_107,copd,AKG C417L Microphone,75.0,1,0,1,0.64285356,0.4986447,0,1,adulto
ICB_03193_007,ICB_107,copd,AKG C417L Microphone,75.0,1,0,1,0.6581924,0.48171875,1,1,adulto
ICB_03194_000,ICB_107,copd,AKG C417L Microphone,75.0,0,0,1,0.5276869,0.43595153,0,0,adulto
ICB_03194_001,ICB_107,copd,AKG C417L Microphone,75.0,0,0,1,0.5334042,0.44633397,0,0,adulto
ICB_03194_002,ICB_107,copd,AKG C417L Microphone,75.0,0,0,1,0.525043,0.4321521,0,0,adulto
ICB_03194_003,ICB_107,copd,AKG C417L Microphone,75.0,0,0,1,0.48694357,0.41703686,0,0,adulto
ICB_03194_004,ICB_107,copd,AKG C417L Microphone,75.0,0,0,1,0.543022,0.46656877,0,0,adulto
ICB_03194_005,ICB_107,copd,AKG C417L Microphone,75.0,0,0,1,0.4846851,0.41997224,0,0,adulto
ICB_03194_006,ICB_107,copd,AKG C417L Microphone,75.0,0,0,1,0.54328156,0.43782067,0,0,adulto
ICB_03194_007,ICB_107,copd,AKG C417L Microphone,75.0,0,0,1,0.51219076,0.43664986,0,0,adulto
ICB_03195_000,ICB_107,copd,AKG C417L Microphone,75.0,0,0,1,0.55978155,0.45553723,0,0,adulto
ICB_03195_001,ICB_107,copd,AKG C417L Microphone,75.0,1,0,1,0.53766257,0.45468938,0,1,adulto
ICB_03195_002,ICB_107,copd,AKG C417L Microphone,75.0,0,0,1,0.5486136,0.44495007,0,0,adulto
ICB_03195_003,ICB_107,copd,AKG C417L Microphone,75.0,1,0,1,0.5126019,0.43949842,0,1,adulto
ICB_03195_004,ICB_107,copd,AKG C417L Microphone,75.0,1,0,1,0.5973362,0.461468,0,1,adulto
ICB_03195_005,ICB_107,copd,AKG C417L Microphone,75.0,0,0,1,0.52685946,0.46988475,0,0,adulto
ICB_03195_006,ICB_107,copd,AKG C417L Microphone,75.0,1,0,1,0.56172323,0.47464946,0,1,adulto
ICB_03195_007,ICB_107,copd,AKG C417L Microphone,75.0,1,1,1,0.5696004,0.4842909,0,3,adulto
ICB_03196_000,ICB_107,copd,AKG C417L Microphone,75.0,0,0,1,0.50551504,0.4340664,0,0,adulto
ICB_03196_001,ICB_107,copd,AKG C417L Microphone,75.0,0,0,1,0.5466129,0.47000378,0,0,adulto
ICB_03196_002,ICB_107,copd,AKG C417L Microphone,75.0,1,0,1,0.51292604,0.4244216,0,1,adulto
ICB_03196_003,ICB_107,copd,AKG C417L Microphone,75.0,1,0,1,0.49486995,0.4347037,0,1,adulto
ICB_03196_004,ICB_107,copd,AKG C417L Microphone,75.0,0,0,1,0.4969014,0.42545614,0,0,adulto
ICB_03196_005,ICB_107,copd,AKG C417L Microphone,75.0,0,0,1,0.50489175,0.43715835,0,0,adulto
ICB_03196_006,ICB_107,copd,AKG C417L Microphone,75.0,0,0,1,0.5057115,0.42153156,0,0,adulto
ICB_03196_007,ICB_107,copd,AKG C417L Microphone,75.0,0,0,1,0.49640387,0.43458313,0,0,adulto
ICB_03197_000,ICB_107,copd,AKG C417L Microphone,75.0,1,1,1,0.62807107,0.48876595,0,3,adulto
ICB_03197_001,ICB_107,copd,AKG C417L Microphone,75.0,1,1,1,0.60901916,0.4484515,0,3,adulto
ICB_03197_002,ICB_107,copd,AKG C417L Microphone,75.0,1,1,1,0.6074679,0.47554213,0,3,adulto
ICB_03197_003,ICB_107,copd,AKG C417L Microphone,75.0,1,0,1,0.62509745,0.490259,0,1,adulto
ICB_03197_004,ICB_107,copd,AKG C417L Microphone,75.0,1,0,1,0.6413932,0.47088313,0,1,adulto
ICB_03197_005,ICB_107,copd,AKG C417L Microphone,75.0,1,0,1,0.62796015,0.48120224,0,1,adulto
ICB_03197_006,ICB_107,copd,AKG C417L Microphone,75.0,1,0,1,0.6453554,0.46851042,0,1,adulto
ICB_03197_007,ICB_107,copd,AKG C417L Microphone,75.0,1,0,1,0.58312494,0.45065245,0,1,adulto
ICB_03197_008,ICB_107,copd,AKG C417L Microphone,75.0,1,0,1,0.61238676,0.4846131,0,1,adulto
ICB_03198_000,ICB_107,copd,AKG C417L Microphone,75.0,0,1,1,0.5284499,0.48734766,0,2,adulto
ICB_03198_001,ICB_107,copd,AKG C417L Microphone,75.0,0,1,1,0.51743877,0.46788952,0,2,adulto
ICB_03198_002,ICB_107,copd,AKG C417L Microphone,75.0,0,1,1,0.55393326,0.47920734,0,2,adulto
ICB_03198_003,ICB_107,copd,AKG C417L Microphone,75.0,1,1,1,0.58446074,0.47540906,0,3,adulto
ICB_03198_004,ICB_107,copd,AKG C417L Microphone,75.0,0,1,1,0.56552386,0.5022963,0,2,adulto
ICB_03198_005,ICB_107,copd,AKG C417L Microphone,75.0,1,1,1,0.56804895,0.4786201,0,3,adulto
ICB_03198_006,ICB_107,copd,AKG C417L Microphone,75.0,1,1,1,0.5837223,0.4718085,0,3,adulto
ICB_03198_007,ICB_107,copd,AKG C417L Microphone,75.0,1,1,1,0.54675585,0.44765,0,3,adulto
ICB_03198_008,ICB_107,copd,AKG C417L Microphone,75.0,0,1,1,0.57957834,0.47569287,0,2,adulto
ICB_03199_000,ICB_107,copd,AKG C417L Microphone,75.0,1,0,1,0.5919713,0.47124365,0,1,adulto
ICB_03199_001,ICB_107,copd,AKG C417L Microphone,75.0,1,0,1,0.57652575,0.4597476,0,1,adulto
ICB_03199_002,ICB_107,copd,AKG C417L Microphone,75.0,1,0,1,0.5951293,0.47343463,0,1,adulto
ICB_03199_003,ICB_107,copd,AKG C417L Microphone,75.0,1,0,1,0.5985121,0.44318718,0,1,adulto
ICB_03199_004,ICB_107,copd,AKG C417L Microphone,75.0,1,0,1,0.630296,0.4634271,0,1,adulto
ICB_03199_005,ICB_107,copd,AKG C417L Microphone,75.0,1,0,1,0.5896206,0.46217483,0,1,adulto
ICB_03199_006,ICB_107,copd,AKG C417L Microphone,75.0,1,0,1,0.62581253,0.46553254,0,1,adulto
ICB_03199_007,ICB_107,copd,AKG C417L Microphone,75.0,1,0,1,0.6212992,0.46661955,0,1,adulto
ICB_03199_008,ICB_107,copd,AKG C417L Microphone,75.0,1,0,1,0.5938533,0.43998685,0,1,adulto
ICB_03200_000,ICB_107,copd,AKG C417L Microphone,75.0,0,1,1,0.6242645,0.46609312,0,2,adulto
ICB_03200_001,ICB_107,copd,AKG C417L Microphone,75.0,0,1,1,0.62159973,0.46927077,0,2,adulto
ICB_03200_002,ICB_107,copd,AKG C417L Microphone,75.0,0,1,1,0.592106,0.45371315,0,2,adulto
ICB_03200_003,ICB_107,copd,AKG C417L Microphone,75.0,0,1,1,0.6208371,0.45077863,0,2,adulto
ICB_03200_004,ICB_107,copd,AKG C417L Microphone,75.0,0,1,1,0.63264036,0.47065198,0,2,adulto
ICB_03200_005,ICB_107,copd,AKG C417L Microphone,75.0,1,0,1,0.592392,0.46076286,0,1,adulto
ICB_03200_006,ICB_107,copd,AKG C417L Microphone,75.0,1,0,1,0.6242778,0.45932442,0,1,adulto
ICB_03200_007,ICB_107,copd,AKG C417L Microphone,75.0,1,0,1,0.6216125,0.45275047,0,1,adulto
ICB_03200_008,ICB_107,copd,AKG C417L Microphone,75.0,1,1,1,0.61342055,0.4541631,0,3,adulto
ICB_03201_000,ICB_107,copd,AKG C417L Microphone,75.0,1,0,1,0.61428577,0.4798779,0,1,adulto
ICB_03201_001,ICB_107,copd,AKG C417L Microphone,75.0,1,0,1,0.5960292,0.46514076,0,1,adulto
ICB_03201_002,ICB_107,copd,AKG C417L Microphone,75.0,1,0,1,0.60661817,0.4794563,0,1,adulto
ICB_03201_003,ICB_107,copd,AKG C417L Microphone,75.0,1,0,1,0.6178924,0.4753832,0,1,adulto
ICB_03201_004,ICB_107,copd,AKG C417L Microphone,75.0,1,0,1,0.61724406,0.46666384,0,1,adulto
ICB_03201_005,ICB_107,copd,AKG C417L Microphone,75.0,1,0,1,0.6171009,0.47349513,0,1,adulto
ICB_03201_006,ICB_107,copd,AKG C417L Microphone,75.0,1,0,1,0.6238027,0.47092533,0,1,adulto
ICB_03201_007,ICB_107,copd,AKG C417L Microphone,75.0,1,0,1,0.6149271,0.474134,0,1,adulto
ICB_03201_008,ICB_107,copd,AKG C417L Microphone,75.0,1,0,1,0.59251463,0.45021462,0,1,adulto
ICB_03202_000,ICB_107,copd,AKG C417L Microphone,75.0,1,1,1,0.55811614,0.49976355,0,3,adulto
ICB_03202_001,ICB_107,copd,AKG C417L Microphone,75.0,1,1,1,0.6215877,0.5025018,0,3,adulto
ICB_03202_002,ICB_107,copd,AKG C417L Microphone,75.0,1,1,1,0.59833944,0.49266583,0,3,adulto
ICB_03202_003,ICB_107,copd,AKG C417L Microphone,75.0,1,1,1,0.59183633,0.50962144,0,3,adulto
ICB_03202_004,ICB_107,copd,AKG C417L Microphone,75.0,1,1,1,0.6331528,0.48997426,0,3,adulto
ICB_03202_005,ICB_107,copd,AKG C417L Microphone,75.0,1,0,1,0.58708495,0.47072396,0,1,adulto
ICB_03202_006,ICB_107,copd,AKG C417L Microphone,75.0,1,0,1,0.5939423,0.495367,0,1,adulto
ICB_03202_007,ICB_107,copd,AKG C417L Microphone,75.0,1,0,1,0.5820091,0.5017427,0,1,adulto
ICB_03202_008,ICB_107,copd,AKG C417L Microphone,75.0,1,0,1,0.60378504,0.4736136,0,1,adulto
ICB_03203_000,ICB_107,copd,AKG C417L Microphone,75.0,1,1,1,0.5325966,0.44022575,0,3,adulto
ICB_03203_001,ICB_107,copd,AKG C417L Microphone,75.0,1,1,1,0.50337875,0.41354042,0,3,adulto
ICB_03203_002,ICB_107,copd,AKG C417L Microphone,75.0,1,1,1,0.5327969,0.4766051,0,3,adulto
ICB_03203_003,ICB_107,copd,AKG C417L Microphone,75.0,1,1,1,0.5416605,0.46795318,0,3,adulto
ICB_03203_004,ICB_107,copd,AKG C417L Microphone,75.0,1,1,1,0.5370713,0.47099462,0,3,adulto
ICB_03203_005,ICB_107,copd,AKG C417L Microphone,75.0,1,1,1,0.54989207,0.444427,0,3,adulto
ICB_03203_006,ICB_107,copd,AKG C417L Microphone,75.0,0,1,1,0.50988585,0.4273006,0,2,adulto
ICB_03203_007,ICB_107,copd,AKG C417L Microphone,75.0,0,1,1,0.510281,0.4690747,0,2,adulto
ICB_03203_008,ICB_107,copd,AKG C417L Microphone,75.0,0,0,1,0.5285905,0.41824996,0,0,adulto
ICB_03216_000,ICB_111,bronchiectasis,3M Littmann Classic II SE,63.0,0,0,1,0.3011412,0.4085309,0,0,adulto
ICB_03216_001,ICB_111,bronchiectasis,3M Littmann Classic II SE,63.0,0,0,1,0.32151482,0.40987968,0,0,adulto
ICB_03216_002,ICB_111,bronchiectasis,3M Littmann Classic II SE,63.0,0,0,1,0.31328577,0.40229255,0,0,adulto
ICB_03216_003,ICB_111,bronchiectasis,3M Littmann Classic II SE,63.0,0,0,1,0.34467378,0.42468312,0,0,adulto
ICB_03216_004,ICB_111,bronchiectasis,3M Littmann Classic II SE,63.0,0,0,1,0.29921597,0.41938534,0,0,adulto
ICB_03216_005,ICB_111,bronchiectasis,3M Littmann Classic II SE,63.0,0,0,1,0.2635751,0.4062553,0,0,adulto
ICB_03216_006,ICB_111,bronchiectasis,3M Littmann Classic II SE,63.0,0,0,1,0.3249007,0.4091237,0,0,adulto
ICB_03216_007,ICB_111,bronchiectasis,3M Littmann Classic II SE,63.0,0,0,1,0.29697016,0.38897705,0,0,adulto
ICB_03217_000,ICB_111,bronchiectasis,3M Littmann Classic II SE,63.0,0,0,1,0.50696623,0.49259615,0,0,adulto
ICB_03217_001,ICB_111,bronchiectasis,3M Littmann Classic II SE,63.0,0,0,1,0.29567438,0.40837342,0,0,adulto
ICB_03217_002,ICB_111,bronchiectasis,3M Littmann Classic II SE,63.0,0,0,1,0.3007678,0.40823615,0,0,adulto
ICB_03217_003,ICB_111,bronchiectasis,3M Littmann Classic II SE,63.0,0,0,1,0.29615122,0.4205141,0,0,adulto
ICB_03217_004,ICB_111,bronchiectasis,3M Littmann Classic II SE,63.0,0,0,1,0.2852809,0.39839494,0,0,adulto
ICB_03217_005,ICB_111,bronchiectasis,3M Littmann Classic II SE,63.0,0,0,1,0.296132,0.37671387,0,0,adulto
ICB_03217_006,ICB_111,bronchiectasis,3M Littmann Classic II SE,63.0,0,0,1,0.2689987,0.3821012,0,0,adulto
ICB_03217_007,ICB_111,bronchiectasis,3M Littmann Classic II SE,63.0,0,0,1,0.2693211,0.37206194,0,0,adulto
ICB_03217_008,ICB_111,bronchiectasis,3M Littmann Classic II SE,63.0,0,0,1,0.29706252,0.36166972,0,0,adulto
ICB_03239_000,ICB_118,copd,3M Littmann 3200 Electronic,81.0,0,0,1,0.5164154,0.5247294,0,0,adulto
ICB_03239_001,ICB_118,copd,3M Littmann 3200 Electronic,81.0,0,1,1,0.51740706,0.50394416,0,2,adulto
ICB_03239_002,ICB_118,copd,3M Littmann 3200 Electronic,81.0,0,1,1,0.50983244,0.51005596,0,2,adulto
ICB_03239_003,ICB_118,copd,3M Littmann 3200 Electronic,81.0,0,1,1,0.51863116,0.48113102,0,2,adulto
ICB_03239_004,ICB_118,copd,3M Littmann 3200 Electronic,81.0,0,1,1,0.51182836,0.49055046,0,2,adulto
ICB_03239_005,ICB_118,copd,3M Littmann 3200 Electronic,81.0,0,1,1,0.5039149,0.48074368,0,2,adulto
ICB_03239_006,ICB_118,copd,3M Littmann 3200 Electronic,81.0,0,1,1,0.5248978,0.48588094,0,2,adulto
ICB_03239_007,ICB_118,copd,3M Littmann 3200 Electronic,81.0,0,1,1,0.49570486,0.47826728,0,2,adulto
ICB_03239_008,ICB_118,copd,3M Littmann 3200 Electronic,81.0,0,0,1,0.51512134,0.53619915,0,0,adulto
ICB_03240_000,ICB_118,copd,3M Littmann 3200 Electronic,81.0,0,1,1,0.514331,0.5029421,0,2,adulto
ICB_03240_001,ICB_118,copd,3M Littmann 3200 Electronic,81.0,0,1,1,0.4720904,0.4660864,0,2,adulto
ICB_03240_002,ICB_118,copd,3M Littmann 3200 Electronic,81.0,0,1,1,0.5112181,0.49528885,0,2,adulto
ICB_03240_003,ICB_118,copd,3M Littmann 3200 Electronic,81.0,0,1,1,0.50307053,0.47700575,0,2,adulto
ICB_03240_004,ICB_118,copd,3M Littmann 3200 Electronic,81.0,0,1,1,0.49744806,0.4889011,0,2,adulto
ICB_03240_005,ICB_118,copd,3M Littmann 3200 Electronic,81.0,0,1,1,0.49357018,0.48894167,0,2,adulto
ICB_03240_006,ICB_118,copd,3M Littmann 3200 Electronic,81.0,0,1,1,0.4782958,0.5157634,0,2,adulto
ICB_03240_007,ICB_118,copd,3M Littmann 3200 Electronic,81.0,0,1,1,0.525337,0.4846962,0,2,adulto
ICB_03240_008,ICB_118,copd,3M Littmann 3200 Electronic,81.0,0,0,1,0.3918525,0.5818158,0,0,adulto
ICB_03241_000,ICB_118,copd,3M Littmann 3200 Electronic,81.0,0,0,1,0.5320898,0.49869925,0,0,adulto
ICB_03241_001,ICB_118,copd,3M Littmann 3200 Electronic,81.0,0,1,1,0.5321612,0.5151004,0,2,adulto
ICB_03241_002,ICB_118,copd,3M Littmann 3200 Electronic,81.0,0,0,1,0.5491544,0.53998834,0,0,adulto
ICB_03241_003,ICB_118,copd,3M Littmann 3200 Electronic,81.0,0,1,1,0.5281573,0.5530836,0,2,adulto
ICB_03241_004,ICB_118,copd,3M Littmann 3200 Electronic,81.0,0,0,1,0.59737635,0.56988955,0,0,adulto
ICB_03242_000,ICB_118,copd,3M Littmann 3200 Electronic,81.0,0,1,1,0.5553862,0.5578429,0,2,adulto
ICB_03242_001,ICB_118,copd,3M Littmann 3200 Electronic,81.0,0,1,1,0.51127577,0.5265992,0,2,adulto
ICB_03242_002,ICB_118,copd,3M Littmann 3200 Electronic,81.0,0,1,1,0.51337254,0.5184281,0,2,adulto
ICB_03242_003,ICB_118,copd,3M Littmann 3200 Electronic,81.0,0,1,1,0.5200287,0.53523344,0,2,adulto
ICB_03242_004,ICB_118,copd,3M Littmann 3200 Electronic,81.0,0,1,1,0.5331548,0.5350743,0,2,adulto
ICB_03242_005,ICB_118,copd,3M Littmann 3200 Electronic,81.0,0,0,1,0.59272164,0.5143757,0,0,adulto
ICB_03242_006,ICB_118,copd,3M Littmann 3200 Electronic,81.0,0,0,1,0.6122779,0.574365,0,0,adulto
ICB_03243_000,ICB_118,copd,3M Littmann 3200 Electronic,81.0,0,0,1,0.533155,0.5109302,0,0,adulto
ICB_03243_001,ICB_118,copd,3M Littmann 3200 Electronic,81.0,0,0,1,0.57224613,0.49943534,0,0,adulto
ICB_03243_002,ICB_118,copd,3M Littmann 3200 Electronic,81.0,0,0,1,0.5558735,0.5128053,0,0,adulto
ICB_03243_003,ICB_118,copd,3M Littmann 3200 Electronic,81.0,0,0,1,0.52893806,0.5055095,0,0,adulto
ICB_03243_004,ICB_118,copd,3M Littmann 3200 Electronic,81.0,0,0,1,0.5115472,0.57805777,0,0,adulto
ICB_03244_000,ICB_118,copd,3M Littmann 3200 Electronic,81.0,0,0,1,0.45433554,0.55554247,0,0,adulto
ICB_03244_001,ICB_118,copd,3M Littmann 3200 Electronic,81.0,0,1,1,0.45950568,0.5351385,0,2,adulto
ICB_03244_002,ICB_118,copd,3M Littmann 3200 Electronic,81.0,0,1,1,0.47161323,0.55126524,0,2,adulto
ICB_03244_003,ICB_118,copd,3M Littmann 3200 Electronic,81.0,0,1,1,0.46075076,0.5572646,0,2,adulto
ICB_03244_004,ICB_118,copd,3M Littmann 3200 Electronic,81.0,0,0,1,0.48168477,0.58980715,0,0,adulto
ICB_03245_000,ICB_119,respiratory_infection,AKG C417L Microphone,2.0,0,0,1,0.5371659,0.47972935,0,0,pediátrico (<18)
ICB_03245_001,ICB_119,respiratory_infection,AKG C417L Microphone,2.0,0,0,1,0.59328276,0.45677415,0,0,pediátrico (<18)
ICB_03245_002,ICB_119,respiratory_infection,AKG C417L Microphone,2.0,0,0,1,0.55923384,0.44223663,0,0,pediátrico (<18)
ICB_03245_003,ICB_119,respiratory_infection,AKG C417L Microphone,2.0,0,0,1,0.56578773,0.45520195,0,0,pediátrico (<18)
ICB_03245_004,ICB_119,respiratory_infection,AKG C417L Microphone,2.0,0,0,1,0.58521193,0.4663062,0,0,pediátrico (<18)
ICB_03245_005,ICB_119,respiratory_infection,AKG C417L Microphone,2.0,0,0,1,0.5657673,0.45718113,0,0,pediátrico (<18)
ICB_03245_006,ICB_119,respiratory_infection,AKG C417L Microphone,2.0,0,0,1,0.59183896,0.4733018,0,0,pediátrico (<18)
ICB_03245_007,ICB_119,respiratory_infection,AKG C417L Microphone,2.0,0,0,1,0.58017457,0.45227876,0,0,pediátrico (<18)
ICB_03245_008,ICB_119,respiratory_infection,AKG C417L Microphone,2.0,0,0,1,0.5896001,0.45384353,0,0,pediátrico (<18)
ICB_03253_000,ICB_122,pneumonia,3M Littmann Classic II SE,66.0,0,0,1,0.53970987,0.5014972,0,0,adulto
ICB_03253_001,ICB_122,pneumonia,3M Littmann Classic II SE,66.0,0,1,1,0.6098418,0.49776992,0,2,adulto
ICB_03253_002,ICB_122,pneumonia,3M Littmann Classic II SE,66.0,0,1,1,0.62282187,0.5052294,0,2,adulto
ICB_03253_003,ICB_122,pneumonia,3M Littmann Classic II SE,66.0,0,0,1,0.5845436,0.47808853,0,0,adulto
ICB_03253_004,ICB_122,pneumonia,3M Littmann Classic II SE,66.0,0,0,1,0.6490035,0.5612137,0,0,adulto
ICB_03253_005,ICB_122,pneumonia,3M Littmann Classic II SE,66.0,0,0,1,0.6283867,0.48071414,0,0,adulto
ICB_03254_000,ICB_122,pneumonia,3M Littmann Classic II SE,66.0,0,0,1,0.62992626,0.4853906,0,0,adulto
ICB_03254_001,ICB_122,pneumonia,3M Littmann Classic II SE,66.0,0,1,1,0.65815187,0.513565,1,2,adulto
ICB_03254_002,ICB_122,pneumonia,3M Littmann Classic II SE,66.0,0,0,1,0.5831455,0.467912,0,0,adulto
ICB_03254_003,ICB_122,pneumonia,3M Littmann Classic II SE,66.0,0,0,1,0.63154286,0.5167175,0,0,adulto
ICB_03254_004,ICB_122,pneumonia,3M Littmann Classic II SE,66.0,0,0,1,0.6538291,0.48479643,1,0,adulto
ICB_03254_005,ICB_122,pneumonia,3M Littmann Classic II SE,66.0,0,0,1,0.639464,0.47961366,0,0,adulto
ICB_03255_000,ICB_122,pneumonia,3M Littmann Classic II SE,66.0,0,1,1,0.58159244,0.49086937,0,2,adulto
ICB_03255_001,ICB_122,pneumonia,3M Littmann Classic II SE,66.0,0,1,1,0.53225154,0.5341397,0,2,adulto
ICB_03255_002,ICB_122,pneumonia,3M Littmann Classic II SE,66.0,0,1,1,0.47350287,0.4953942,0,2,adulto
ICB_03255_003,ICB_122,pneumonia,3M Littmann Classic II SE,66.0,0,1,1,0.53558373,0.5200103,0,2,adulto
ICB_03255_004,ICB_122,pneumonia,3M Littmann Classic II SE,66.0,0,1,1,0.5291308,0.5158702,0,2,adulto
ICB_03255_005,ICB_122,pneumonia,3M Littmann Classic II SE,66.0,0,0,1,0.55162853,0.47453728,0,0,adulto
ICB_03256_000,ICB_122,pneumonia,3M Littmann Classic II SE,66.0,0,0,1,0.6005749,0.48807675,0,0,adulto
ICB_03256_001,ICB_122,pneumonia,3M Littmann Classic II SE,66.0,0,0,1,0.61922437,0.5041082,0,0,adulto
ICB_03256_002,ICB_122,pneumonia,3M Littmann Classic II SE,66.0,0,0,1,0.60206646,0.45497662,0,0,adulto
ICB_03256_003,ICB_122,pneumonia,3M Littmann Classic II SE,66.0,0,0,1,0.65423083,0.5008036,1,0,adulto
ICB_03256_004,ICB_122,pneumonia,3M Littmann Classic II SE,66.0,0,0,1,0.6035185,0.5033376,0,0,adulto
ICB_03256_005,ICB_122,pneumonia,3M Littmann Classic II SE,66.0,0,0,1,0.65140766,0.5403697,1,0,adulto
ICB_03257_000,ICB_122,pneumonia,3M Littmann Classic II SE,66.0,0,0,1,0.6122733,0.50001466,0,0,adulto
ICB_03257_001,ICB_122,pneumonia,3M Littmann Classic II SE,66.0,0,0,1,0.6362144,0.4769564,0,0,adulto
ICB_03257_002,ICB_122,pneumonia,3M Littmann Classic II SE,66.0,0,0,1,0.63262314,0.48497966,0,0,adulto
ICB_03257_003,ICB_122,pneumonia,3M Littmann Classic II SE,66.0,0,0,1,0.67419446,0.54090136,1,0,adulto
ICB_03257_004,ICB_122,pneumonia,3M Littmann Classic II SE,66.0,0,0,1,0.6423327,0.4921408,0,0,adulto
ICB_03257_005,ICB_122,pneumonia,3M Littmann Classic II SE,66.0,0,0,1,0.6638616,0.51204056,1,0,adulto
ICB_03257_006,ICB_122,pneumonia,3M Littmann Classic II SE,66.0,0,0,1,0.5962039,0.47325218,0,0,adulto
ICB_03258_000,ICB_122,pneumonia,3M Littmann Classic II SE,66.0,0,0,1,0.6326343,0.504771,0,0,adulto
ICB_03258_001,ICB_122,pneumonia,3M Littmann Classic II SE,66.0,0,1,1,0.5416209,0.5022941,0,2,adulto
ICB_03258_002,ICB_122,pneumonia,3M Littmann Classic II SE,66.0,0,1,1,0.56039786,0.50640947,0,2,adulto
ICB_03258_003,ICB_122,pneumonia,3M Littmann Classic II SE,66.0,0,1,1,0.53606015,0.5289155,0,2,adulto
ICB_03258_004,ICB_122,pneumonia,3M Littmann Classic II SE,66.0,0,1,1,0.5601547,0.47673142,0,2,adulto
ICB_03258_005,ICB_122,pneumonia,3M Littmann Classic II SE,66.0,0,1,1,0.5550146,0.5158181,0,2,adulto
ICB_03259_000,ICB_122,pneumonia,3M Littmann Classic II SE,66.0,0,0,1,0.61751103,0.52471125,0,0,adulto
ICB_03259_001,ICB_122,pneumonia,3M Littmann Classic II SE,66.0,0,1,1,0.5998505,0.48821604,0,2,adulto
ICB_03259_002,ICB_122,pneumonia,3M Littmann Classic II SE,66.0,0,0,1,0.65339947,0.5069091,1,0,adulto
ICB_03259_003,ICB_122,pneumonia,3M Littmann Classic II SE,66.0,0,0,1,0.6678294,0.5076292,1,0,adulto
ICB_03259_004,ICB_122,pneumonia,3M Littmann Classic II SE,66.0,0,0,1,0.5793819,0.47433454,0,0,adulto
ICB_03260_000,ICB_122,pneumonia,3M Littmann Classic II SE,66.0,0,0,1,0.6388473,0.549789,0,0,adulto
ICB_03260_001,ICB_122,pneumonia,3M Littmann Classic II SE,66.0,0,1,1,0.5827221,0.47952232,0,2,adulto
ICB_03260_002,ICB_122,pneumonia,3M Littmann Classic II SE,66.0,0,0,1,0.6750076,0.5275413,1,0,adulto
ICB_03260_003,ICB_122,pneumonia,3M Littmann Classic II SE,66.0,0,0,1,0.6427308,0.5582408,0,0,adulto
ICB_03260_004,ICB_122,pneumonia,3M Littmann Classic II SE,66.0,0,0,1,0.6196479,0.52626926,0,0,adulto
ICB_03261_000,ICB_122,pneumonia,3M Littmann Classic II SE,66.0,0,0,1,0.5192742,0.5247061,0,0,adulto
ICB_03261_001,ICB_122,pneumonia,3M Littmann Classic II SE,66.0,0,0,1,0.53959244,0.54749984,0,0,adulto
ICB_03261_002,ICB_122,pneumonia,3M Littmann Classic II SE,66.0,0,0,1,0.57485837,0.49747828,0,0,adulto
ICB_03261_003,ICB_122,pneumonia,3M Littmann Classic II SE,66.0,0,0,1,0.5211977,0.54950994,0,0,adulto
ICB_03261_004,ICB_122,pneumonia,3M Littmann Classic II SE,66.0,0,0,1,0.5598999,0.4634636,0,0,adulto
ICB_03428_000,ICB_142,copd,3M Littmann Classic II SE,78.0,1,0,1,0.6570701,0.4955401,1,1,adulto
ICB_03428_001,ICB_142,copd,3M Littmann Classic II SE,78.0,1,0,1,0.6289917,0.4857053,0,1,adulto
ICB_03428_002,ICB_142,copd,3M Littmann Classic II SE,78.0,1,0,1,0.61236954,0.45967576,0,1,adulto
ICB_03428_003,ICB_142,copd,3M Littmann Classic II SE,78.0,1,0,1,0.615008,0.46886587,0,1,adulto
ICB_03428_004,ICB_142,copd,3M Littmann Classic II SE,78.0,1,0,1,0.6175796,0.48699823,0,1,adulto
ICB_03428_005,ICB_142,copd,3M Littmann Classic II SE,78.0,1,0,1,0.61309284,0.48043045,0,1,adulto
ICB_03428_006,ICB_142,copd,3M Littmann Classic II SE,78.0,1,0,1,0.6244345,0.477046,0,1,adulto
ICB_03428_007,ICB_142,copd,3M Littmann Classic II SE,78.0,1,0,1,0.6333133,0.473717,0,1,adulto
ICB_03428_008,ICB_142,copd,3M Littmann Classic II SE,78.0,1,0,1,0.60400474,0.47847354,0,1,adulto
ICB_03429_000,ICB_143,normal_lung,AKG C417L Microphone,0.25,0,0,1,0.5601529,0.4696087,0,0,pediátrico (<18)
ICB_03429_001,ICB_143,normal_lung,AKG C417L Microphone,0.25,0,0,1,0.54325706,0.4711999,0,0,pediátrico (<18)
ICB_03429_002,ICB_143,normal_lung,AKG C417L Microphone,0.25,0,0,1,0.5722907,0.46814945,0,0,pediátrico (<18)
ICB_03429_003,ICB_143,normal_lung,AKG C417L Microphone,0.25,0,0,1,0.5835874,0.43826658,0,0,pediátrico (<18)
ICB_03429_004,ICB_143,normal_lung,AKG C417L Microphone,0.25,0,0,1,0.5534643,0.44375792,0,0,pediátrico (<18)
ICB_03429_005,ICB_143,normal_lung,AKG C417L Microphone,0.25,0,0,1,0.53722304,0.46904436,0,0,pediátrico (<18)
ICB_03429_006,ICB_143,normal_lung,AKG C417L Microphone,0.25,0,0,1,0.53183335,0.48877782,0,0,pediátrico (<18)
ICB_03429_007,ICB_143,normal_lung,AKG C417L Microphone,0.25,0,0,1,0.54763955,0.4242865,0,0,pediátrico (<18)
ICB_03429_008,ICB_143,normal_lung,AKG C417L Microphone,0.25,0,0,1,0.5370975,0.42129523,0,0,pediátrico (<18)
ICB_03429_009,ICB_143,normal_lung,AKG C417L Microphone,0.25,0,0,1,0.519035,0.4296755,0,0,pediátrico (<18)
ICB_03429_010,ICB_143,normal_lung,AKG C417L Microphone,0.25,0,0,1,0.5208174,0.43305233,0,0,pediátrico (<18)
ICB_03429_011,ICB_143,normal_lung,AKG C417L Microphone,0.25,0,0,1,0.54543334,0.4393787,0,0,pediátrico (<18)
ICB_03429_012,ICB_143,normal_lung,AKG C417L Microphone,0.25,0,0,1,0.53534347,0.45267606,0,0,pediátrico (<18)
ICB_03429_013,ICB_143,normal_lung,AKG C417L Microphone,0.25,0,0,1,0.53417724,0.45564714,0,0,pediátrico (<18)
ICB_03429_014,ICB_143,normal_lung,AKG C417L Microphone,0.25,0,0,1,0.5746483,0.47556224,0,0,pediátrico (<18)
ICB_03429_015,ICB_143,normal_lung,AKG C417L Microphone,0.25,0,0,1,0.56499976,0.4496482,0,0,pediátrico (<18)
ICB_03429_016,ICB_143,normal_lung,AKG C417L Microphone,0.25,0,0,1,0.58407915,0.45787856,0,0,pediátrico (<18)
ICB_03429_017,ICB_143,normal_lung,AKG C417L Microphone,0.25,0,0,1,0.5668992,0.44287384,0,0,pediátrico (<18)
ICB_03467_000,ICB_149,bronchiolitis_asthma,3M Littmann Classic II SE,0.67,0,0,1,0.49494156,0.45513403,0,0,pediátrico (<18)
ICB_03467_001,ICB_149,bronchiolitis_asthma,3M Littmann Classic II SE,0.67,0,0,1,0.5599175,0.46943992,0,0,pediátrico (<18)
ICB_03467_002,ICB_149,bronchiolitis_asthma,3M Littmann Classic II SE,0.67,0,1,1,0.58864766,0.48328102,0,2,pediátrico (<18)
ICB_03467_003,ICB_149,bronchiolitis_asthma,3M Littmann Classic II SE,0.67,0,1,1,0.5638257,0.46716228,0,2,pediátrico (<18)
ICB_03467_004,ICB_149,bronchiolitis_asthma,3M Littmann Classic II SE,0.67,1,1,1,0.5527994,0.44849503,0,3,pediátrico (<18)
ICB_03467_005,ICB_149,bronchiolitis_asthma,3M Littmann Classic II SE,0.67,0,1,1,0.5810065,0.49290845,0,2,pediátrico (<18)
ICB_03467_006,ICB_149,bronchiolitis_asthma,3M Littmann Classic II SE,0.67,0,0,1,0.64172703,0.46873587,0,0,pediátrico (<18)
ICB_03467_007,ICB_149,bronchiolitis_asthma,3M Littmann Classic II SE,0.67,1,0,1,0.61591876,0.48880413,0,1,pediátrico (<18)
ICB_03467_008,ICB_149,bronchiolitis_asthma,3M Littmann Classic II SE,0.67,0,1,1,0.5843814,0.499243,0,2,pediátrico (<18)
ICB_03467_009,ICB_149,bronchiolitis_asthma,3M Littmann Classic II SE,0.67,0,1,1,0.52916265,0.509713,0,2,pediátrico (<18)
ICB_03467_010,ICB_149,bronchiolitis_asthma,3M Littmann Classic II SE,0.67,0,1,1,0.47228536,0.4347256,0,2,pediátrico (<18)
ICB_03467_011,ICB_149,bronchiolitis_asthma,3M Littmann Classic II SE,0.67,0,1,1,0.6193764,0.48322505,0,2,pediátrico (<18)
ICB_03467_012,ICB_149,bronchiolitis_asthma,3M Littmann Classic II SE,0.67,0,1,1,0.5793933,0.44512293,0,2,pediátrico (<18)
ICB_03467_013,ICB_149,bronchiolitis_asthma,3M Littmann Classic II SE,0.67,0,1,1,0.5231042,0.4337332,0,2,pediátrico (<18)
ICB_03467_014,ICB_149,bronchiolitis_asthma,3M Littmann Classic II SE,0.67,0,1,1,0.5582414,0.46058962,0,2,pediátrico (<18)
ICB_03467_015,ICB_149,bronchiolitis_asthma,3M Littmann Classic II SE,0.67,0,1,1,0.5784292,0.47273356,0,2,pediátrico (<18)
ICB_03467_016,ICB_149,bronchiolitis_asthma,3M Littmann Classic II SE,0.67,1,1,1,0.59315634,0.44854242,0,3,pediátrico (<18)
ICB_03467_017,ICB_149,bronchiolitis_asthma,3M Littmann Classic II SE,0.67,0,1,1,0.59253746,0.46473676,0,2,pediátrico (<18)
ICB_03468_000,ICB_149,bronchiolitis_asthma,3M Littmann Classic II SE,0.67,0,0,1,0.5073478,0.44470665,0,0,pediátrico (<18)
ICB_03468_001,ICB_149,bronchiolitis_asthma,3M Littmann Classic II SE,0.67,0,0,1,0.5005636,0.4215664,0,0,pediátrico (<18)
ICB_03468_002,ICB_149,bronchiolitis_asthma,3M Littmann Classic II SE,0.67,0,0,1,0.5355768,0.4777258,0,0,pediátrico (<18)
ICB_03468_003,ICB_149,bronchiolitis_asthma,3M Littmann Classic II SE,0.67,0,0,1,0.5824001,0.47785622,0,0,pediátrico (<18)
ICB_03468_004,ICB_149,bronchiolitis_asthma,3M Littmann Classic II SE,0.67,0,0,1,0.5826612,0.4455346,0,0,pediátrico (<18)
ICB_03468_005,ICB_149,bronchiolitis_asthma,3M Littmann Classic II SE,0.67,0,0,1,0.5915762,0.47590953,0,0,pediátrico (<18)
ICB_03468_006,ICB_149,bronchiolitis_asthma,3M Littmann Classic II SE,0.67,0,0,1,0.5849218,0.4549399,0,0,pediátrico (<18)
ICB_03468_007,ICB_149,bronchiolitis_asthma,3M Littmann Classic II SE,0.67,0,0,1,0.60473305,0.47822937,0,0,pediátrico (<18)
ICB_03468_008,ICB_149,bronchiolitis_asthma,3M Littmann Classic II SE,0.67,1,0,1,0.5896509,0.48262516,0,1,pediátrico (<18)
ICB_03468_009,ICB_149,bronchiolitis_asthma,3M Littmann Classic II SE,0.67,1,0,1,0.539068,0.44661495,0,1,pediátrico (<18)
ICB_03468_010,ICB_149,bronchiolitis_asthma,3M Littmann Classic II SE,0.67,0,0,1,0.5672297,0.51158524,0,0,pediátrico (<18)
ICB_03468_011,ICB_149,bronchiolitis_asthma,3M Littmann Classic II SE,0.67,0,0,1,0.59039766,0.47914997,0,0,pediátrico (<18)
ICB_03468_012,ICB_149,bronchiolitis_asthma,3M Littmann Classic II SE,0.67,0,0,1,0.57793576,0.46932042,0,0,pediátrico (<18)
ICB_03468_013,ICB_149,bronchiolitis_asthma,3M Littmann Classic II SE,0.67,0,0,1,0.58714366,0.4894241,0,0,pediátrico (<18)
ICB_03468_014,ICB_149,bronchiolitis_asthma,3M Littmann Classic II SE,0.67,0,0,1,0.57996595,0.46523574,0,0,pediátrico (<18)
ICB_03468_015,ICB_149,bronchiolitis_asthma,3M Littmann Classic II SE,0.67,0,0,1,0.59294134,0.4852912,0,0,pediátrico (<18)
ICB_03469_000,ICB_149,bronchiolitis_asthma,3M Littmann Classic II SE,0.67,0,1,1,0.5625648,0.42981452,0,2,pediátrico (<18)
ICB_03469_001,ICB_149,bronchiolitis_asthma,3M Littmann Classic II SE,0.67,0,0,1,0.540177,0.44515723,0,0,pediátrico (<18)
ICB_03469_002,ICB_149,bronchiolitis_asthma,3M Littmann Classic II SE,0.67,0,0,1,0.48437065,0.48380625,0,0,pediátrico (<18)
ICB_03469_003,ICB_149,bronchiolitis_asthma,3M Littmann Classic II SE,0.67,0,0,1,0.5928191,0.47666457,0,0,pediátrico (<18)
ICB_03469_004,ICB_149,bronchiolitis_asthma,3M Littmann Classic II SE,0.67,0,1,1,0.6014731,0.4479554,0,2,pediátrico (<18)
ICB_03469_005,ICB_149,bronchiolitis_asthma,3M Littmann Classic II SE,0.67,0,1,1,0.5850795,0.4426549,0,2,pediátrico (<18)
ICB_03469_006,ICB_149,bronchiolitis_asthma,3M Littmann Classic II SE,0.67,0,1,1,0.60701334,0.4415623,0,2,pediátrico (<18)
ICB_03469_007,ICB_149,bronchiolitis_asthma,3M Littmann Classic II SE,0.67,0,1,1,0.569669,0.46692613,0,2,pediátrico (<18)
ICB_03469_008,ICB_149,bronchiolitis_asthma,3M Littmann Classic II SE,0.67,0,0,1,0.43231985,0.4823123,0,0,pediátrico (<18)
ICB_03469_009,ICB_149,bronchiolitis_asthma,3M Littmann Classic II SE,0.67,1,0,1,0.55534446,0.45103553,0,1,pediátrico (<18)
ICB_03469_010,ICB_149,bronchiolitis_asthma,3M Littmann Classic II SE,0.67,0,1,1,0.5636049,0.47589895,0,2,pediátrico (<18)
ICB_03469_011,ICB_149,bronchiolitis_asthma,3M Littmann Classic II SE,0.67,0,0,1,0.5766342,0.46648285,0,0,pediátrico (<18)
ICB_03469_012,ICB_149,bronchiolitis_asthma,3M Littmann Classic II SE,0.67,0,0,1,0.56109303,0.45550895,0,0,pediátrico (<18)
ICB_03469_013,ICB_149,bronchiolitis_asthma,3M Littmann Classic II SE,0.67,0,0,1,0.59658426,0.4755986,0,0,pediátrico (<18)
ICB_03469_014,ICB_149,bronchiolitis_asthma,3M Littmann Classic II SE,0.67,0,0,1,0.60543364,0.47635654,0,0,pediátrico (<18)
ICB_03469_015,ICB_149,bronchiolitis_asthma,3M Littmann Classic II SE,0.67,0,0,1,0.5689147,0.43554857,0,0,pediátrico (<18)
ICB_03469_016,ICB_149,bronchiolitis_asthma,3M Littmann Classic II SE,0.67,0,0,1,0.5312661,0.43907934,0,0,pediátrico (<18)
ICB_03542_000,ICB_157,copd,WelchAllyn Meditron Master Elite,62.0,0,0,1,0.59317166,0.5503046,0,0,adulto
ICB_03542_001,ICB_157,copd,WelchAllyn Meditron Master Elite,62.0,0,0,1,0.6299532,0.53762084,0,0,adulto
ICB_03542_002,ICB_157,copd,WelchAllyn Meditron Master Elite,62.0,0,0,1,0.6200249,0.54834473,0,0,adulto
ICB_03542_003,ICB_157,copd,WelchAllyn Meditron Master Elite,62.0,0,0,1,0.626508,0.5337902,0,0,adulto
ICB_03542_004,ICB_157,copd,WelchAllyn Meditron Master Elite,62.0,0,0,1,0.5711979,0.4767999,0,0,adulto
ICB_03542_005,ICB_157,copd,WelchAllyn Meditron Master Elite,62.0,0,0,1,0.61441237,0.5489315,0,0,adulto
ICB_03542_006,ICB_157,copd,WelchAllyn Meditron Master Elite,62.0,0,0,1,0.4160052,0.4001645,0,0,adulto
ICB_03542_007,ICB_157,copd,WelchAllyn Meditron Master Elite,62.0,1,0,1,0.53105897,0.48809195,0,1,adulto
ICB_03542_008,ICB_157,copd,WelchAllyn Meditron Master Elite,62.0,0,0,1,0.5216098,0.48880163,0,0,adulto
ICB_03542_009,ICB_157,copd,WelchAllyn Meditron Master Elite,62.0,0,0,1,0.5190579,0.46073633,0,0,adulto
ICB_03542_010,ICB_157,copd,WelchAllyn Meditron Master Elite,62.0,0,0,1,0.56805855,0.48211703,0,0,adulto
ICB_03542_011,ICB_157,copd,WelchAllyn Meditron Master Elite,62.0,1,0,1,0.5358183,0.45788124,0,1,adulto
ICB_03542_012,ICB_157,copd,WelchAllyn Meditron Master Elite,62.0,0,0,1,0.49086133,0.42404178,0,0,adulto
ICB_03542_013,ICB_157,copd,WelchAllyn Meditron Master Elite,62.0,0,0,1,0.41259786,0.4997499,0,0,adulto
ICB_03542_014,ICB_157,copd,WelchAllyn Meditron Master Elite,62.0,0,0,1,0.4489007,0.45678878,0,0,adulto
ICB_03543_000,ICB_157,copd,WelchAllyn Meditron Master Elite,62.0,0,0,1,0.5857225,0.5119843,0,0,adulto
ICB_03543_001,ICB_157,copd,WelchAllyn Meditron Master Elite,62.0,0,0,1,0.60409343,0.5667471,0,0,adulto
ICB_03543_002,ICB_157,copd,WelchAllyn Meditron Master Elite,62.0,0,0,1,0.6374977,0.53746337,0,0,adulto
ICB_03543_003,ICB_157,copd,WelchAllyn Meditron Master Elite,62.0,0,0,1,0.6112824,0.5123206,0,0,adulto
ICB_03543_004,ICB_157,copd,WelchAllyn Meditron Master Elite,62.0,0,0,1,0.5620703,0.5327862,0,0,adulto
ICB_03543_005,ICB_157,copd,WelchAllyn Meditron Master Elite,62.0,0,0,1,0.40879336,0.5265111,0,0,adulto
ICB_03543_006,ICB_157,copd,WelchAllyn Meditron Master Elite,62.0,0,0,1,0.37982106,0.47781783,0,0,adulto
ICB_03543_007,ICB_157,copd,WelchAllyn Meditron Master Elite,62.0,0,0,1,0.44757575,0.44916192,0,0,adulto
ICB_03543_008,ICB_157,copd,WelchAllyn Meditron Master Elite,62.0,0,0,1,0.38913172,0.4182981,0,0,adulto
ICB_03543_009,ICB_157,copd,WelchAllyn Meditron Master Elite,62.0,0,0,1,0.5150863,0.42596266,0,0,adulto
ICB_03543_010,ICB_157,copd,WelchAllyn Meditron Master Elite,62.0,0,0,1,0.5338294,0.4374971,0,0,adulto
ICB_03543_011,ICB_157,copd,WelchAllyn Meditron Master Elite,62.0,0,0,1,0.5048237,0.46567583,0,0,adulto
ICB_03544_000,ICB_157,copd,WelchAllyn Meditron Master Elite,62.0,1,0,1,0.56609976,0.4699733,0,1,adulto
ICB_03544_001,ICB_157,copd,WelchAllyn Meditron Master Elite,62.0,1,0,1,0.56407124,0.5361803,0,1,adulto
ICB_03544_002,ICB_157,copd,WelchAllyn Meditron Master Elite,62.0,0,0,1,0.636897,0.5203577,0,0,adulto
ICB_03544_003,ICB_157,copd,WelchAllyn Meditron Master Elite,62.0,1,0,1,0.6027975,0.47141868,0,1,adulto
ICB_03544_004,ICB_157,copd,WelchAllyn Meditron Master Elite,62.0,1,0,1,0.5900628,0.48572597,0,1,adulto
ICB_03544_005,ICB_157,copd,WelchAllyn Meditron Master Elite,62.0,1,0,1,0.6011462,0.48427525,0,1,adulto
ICB_03544_006,ICB_157,copd,WelchAllyn Meditron Master Elite,62.0,1,0,1,0.62205076,0.4790554,0,1,adulto
ICB_03544_007,ICB_157,copd,WelchAllyn Meditron Master Elite,62.0,1,0,1,0.5858946,0.4825263,0,1,adulto
ICB_03544_008,ICB_157,copd,WelchAllyn Meditron Master Elite,62.0,0,0,1,0.6093647,0.5527204,0,0,adulto
ICB_03545_000,ICB_157,copd,WelchAllyn Meditron Master Elite,62.0,0,0,1,0.53419536,0.4770999,0,0,adulto
ICB_03545_001,ICB_157,copd,WelchAllyn Meditron Master Elite,62.0,0,0,1,0.64494914,0.5534407,0,0,adulto
ICB_03545_002,ICB_157,copd,WelchAllyn Meditron Master Elite,62.0,0,0,1,0.5583842,0.43607104,0,0,adulto
ICB_03545_003,ICB_157,copd,WelchAllyn Meditron Master Elite,62.0,0,0,1,0.6121109,0.5265809,0,0,adulto
ICB_03545_004,ICB_157,copd,WelchAllyn Meditron Master Elite,62.0,0,0,1,0.60844713,0.52482533,0,0,adulto
ICB_03545_005,ICB_157,copd,WelchAllyn Meditron Master Elite,62.0,0,0,1,0.6276802,0.56754905,0,0,adulto
ICB_03545_006,ICB_157,copd,WelchAllyn Meditron Master Elite,62.0,1,0,1,0.35709527,0.3477702,0,1,adulto
ICB_03545_007,ICB_157,copd,WelchAllyn Meditron Master Elite,62.0,1,0,1,0.51155233,0.3883085,0,1,adulto
ICB_03545_008,ICB_157,copd,WelchAllyn Meditron Master Elite,62.0,0,0,1,0.49480167,0.50794584,0,0,adulto
ICB_03545_009,ICB_157,copd,WelchAllyn Meditron Master Elite,62.0,0,0,1,0.5738049,0.5155512,0,0,adulto
ICB_03545_010,ICB_157,copd,WelchAllyn Meditron Master Elite,62.0,1,0,1,0.50285476,0.45314023,0,1,adulto
ICB_03545_011,ICB_157,copd,WelchAllyn Meditron Master Elite,62.0,1,0,1,0.59285975,0.52040046,0,1,adulto
ICB_03545_012,ICB_157,copd,WelchAllyn Meditron Master Elite,62.0,0,0,1,0.54703766,0.44189864,0,0,adulto
ICB_03546_000,ICB_157,copd,WelchAllyn Meditron Master Elite,62.0,1,0,1,0.58064055,0.5155606,0,1,adulto
ICB_03546_001,ICB_157,copd,WelchAllyn Meditron Master Elite,62.0,1,0,1,0.59495145,0.50395304,0,1,adulto
ICB_03546_002,ICB_157,copd,WelchAllyn Meditron Master Elite,62.0,1,0,1,0.58497655,0.4963073,0,1,adulto
ICB_03546_003,ICB_157,copd,WelchAllyn Meditron Master Elite,62.0,1,0,1,0.5946231,0.50158536,0,1,adulto
ICB_03546_004,ICB_157,copd,WelchAllyn Meditron Master Elite,62.0,1,0,1,0.59933144,0.5160583,0,1,adulto
ICB_03546_005,ICB_157,copd,WelchAllyn Meditron Master Elite,62.0,0,0,1,0.6486629,0.56519526,0,0,adulto
ICB_03546_006,ICB_157,copd,WelchAllyn Meditron Master Elite,62.0,1,0,1,0.61316293,0.5371435,0,1,adulto
ICB_03546_007,ICB_157,copd,WelchAllyn Meditron Master Elite,62.0,0,0,1,0.55683476,0.48029888,0,0,adulto
ICB_03546_008,ICB_157,copd,WelchAllyn Meditron Master Elite,62.0,0,0,1,0.5296926,0.46648404,0,0,adulto
ICB_03546_009,ICB_157,copd,WelchAllyn Meditron Master Elite,62.0,0,0,1,0.5309633,0.48083302,0,0,adulto
ICB_03546_010,ICB_157,copd,WelchAllyn Meditron Master Elite,62.0,0,0,1,0.37266174,0.39835048,0,0,adulto
ICB_03546_011,ICB_157,copd,WelchAllyn Meditron Master Elite,62.0,1,0,1,0.5519175,0.4841802,0,1,adulto
ICB_03546_012,ICB_157,copd,WelchAllyn Meditron Master Elite,62.0,1,0,1,0.532921,0.483623,0,1,adulto
ICB_03546_013,ICB_157,copd,WelchAllyn Meditron Master Elite,62.0,1,0,1,0.49678123,0.51600885,0,1,adulto
ICB_03546_014,ICB_157,copd,WelchAllyn Meditron Master Elite,62.0,1,0,1,0.5004236,0.4427336,0,1,adulto
ICB_03571_000,ICB_159,normal_lung,AKG C417L Microphone,0.83,0,0,1,0.5556997,0.49278402,0,0,pediátrico (<18)
ICB_03571_001,ICB_159,normal_lung,AKG C417L Microphone,0.83,0,0,1,0.5176661,0.4631921,0,0,pediátrico (<18)
ICB_03571_002,ICB_159,normal_lung,AKG C417L Microphone,0.83,0,1,1,0.5528775,0.49265268,0,2,pediátrico (<18)
ICB_03571_003,ICB_159,normal_lung,AKG C417L Microphone,0.83,0,0,1,0.5821142,0.49605146,0,0,pediátrico (<18)
ICB_03571_004,ICB_159,normal_lung,AKG C417L Microphone,0.83,0,0,1,0.5874195,0.48002753,0,0,pediátrico (<18)
ICB_03571_005,ICB_159,normal_lung,AKG C417L Microphone,0.83,0,0,1,0.61111933,0.46163598,0,0,pediátrico (<18)
ICB_03571_006,ICB_159,normal_lung,AKG C417L Microphone,0.83,0,0,1,0.5703035,0.48695737,0,0,pediátrico (<18)
ICB_03571_007,ICB_159,normal_lung,AKG C417L Microphone,0.83,0,0,1,0.56994957,0.5188166,0,0,pediátrico (<18)
ICB_03571_008,ICB_159,normal_lung,AKG C417L Microphone,0.83,0,0,1,0.5530406,0.48650426,0,0,pediátrico (<18)
ICB_03571_009,ICB_159,normal_lung,AKG C417L Microphone,0.83,0,0,1,0.57477236,0.4390045,0,0,pediátrico (<18)
ICB_03571_010,ICB_159,normal_lung,AKG C417L Microphone,0.83,0,0,1,0.56146204,0.48401493,0,0,pediátrico (<18)
ICB_03571_011,ICB_159,normal_lung,AKG C417L Microphone,0.83,0,0,1,0.5674354,0.45939797,0,0,pediátrico (<18)
ICB_03572_000,ICB_159,normal_lung,AKG C417L Microphone,0.83,0,0,1,0.6281472,0.48412722,0,0,pediátrico (<18)
ICB_03572_001,ICB_159,normal_lung,AKG C417L Microphone,0.83,0,0,1,0.57166404,0.48381326,0,0,pediátrico (<18)
ICB_03572_002,ICB_159,normal_lung,AKG C417L Microphone,0.83,0,0,1,0.56926864,0.456948,0,0,pediátrico (<18)
ICB_03572_003,ICB_159,normal_lung,AKG C417L Microphone,0.83,0,0,1,0.5770136,0.45591658,0,0,pediátrico (<18)
ICB_03572_004,ICB_159,normal_lung,AKG C417L Microphone,0.83,0,0,1,0.57015175,0.45904604,0,0,pediátrico (<18)
ICB_03572_005,ICB_159,normal_lung,AKG C417L Microphone,0.83,0,0,1,0.46493262,0.4581526,0,0,pediátrico (<18)
ICB_03572_006,ICB_159,normal_lung,AKG C417L Microphone,0.83,0,0,1,0.57699555,0.49356633,0,0,pediátrico (<18)
ICB_03572_007,ICB_159,normal_lung,AKG C417L Microphone,0.83,0,0,1,0.55444145,0.4567675,0,0,pediátrico (<18)
ICB_03572_008,ICB_159,normal_lung,AKG C417L Microphone,0.83,0,0,1,0.4950369,0.4263451,0,0,pediátrico (<18)
ICB_03573_000,ICB_159,normal_lung,AKG C417L Microphone,0.83,0,0,1,0.5310396,0.4799634,0,0,pediátrico (<18)
ICB_03573_001,ICB_159,normal_lung,AKG C417L Microphone,0.83,0,0,1,0.5651974,0.48372278,0,0,pediátrico (<18)
ICB_03573_002,ICB_159,normal_lung,AKG C417L Microphone,0.83,0,0,1,0.57586294,0.46758506,0,0,pediátrico (<18)
ICB_03573_003,ICB_159,normal_lung,AKG C417L Microphone,0.83,0,0,1,0.5534511,0.46073163,0,0,pediátrico (<18)
ICB_03573_004,ICB_159,normal_lung,AKG C417L Microphone,0.83,0,0,1,0.5396656,0.50604486,0,0,pediátrico (<18)
ICB_03573_005,ICB_159,normal_lung,AKG C417L Microphone,0.83,0,0,1,0.55457854,0.47171262,0,0,pediátrico (<18)
ICB_03573_006,ICB_159,normal_lung,AKG C417L Microphone,0.83,0,0,1,0.5802646,0.45910335,0,0,pediátrico (<18)
ICB_03573_007,ICB_159,normal_lung,AKG C417L Microphone,0.83,0,0,1,0.4590317,0.43242872,0,0,pediátrico (<18)
ICB_03573_008,ICB_159,normal_lung,AKG C417L Microphone,0.83,0,0,1,0.52410126,0.44471744,0,0,pediátrico (<18)
ICB_03573_009,ICB_159,normal_lung,AKG C417L Microphone,0.83,0,0,1,0.4722324,0.48194155,0,0,pediátrico (<18)
ICB_03573_010,ICB_159,normal_lung,AKG C417L Microphone,0.83,0,0,1,0.40151832,0.4323122,0,0,pediátrico (<18)
ICB_03573_011,ICB_159,normal_lung,AKG C417L Microphone,0.83,0,0,1,0.448152,0.40280107,0,0,pediátrico (<18)
ICB_03574_000,ICB_159,normal_lung,AKG C417L Microphone,0.83,0,0,1,0.57606226,0.510752,0,0,pediátrico (<18)
ICB_03574_001,ICB_159,normal_lung,AKG C417L Microphone,0.83,0,0,1,0.5805255,0.5014459,0,0,pediátrico (<18)
ICB_03574_002,ICB_159,normal_lung,AKG C417L Microphone,0.83,0,0,1,0.6268886,0.49547198,0,0,pediátrico (<18)
ICB_03574_003,ICB_159,normal_lung,AKG C417L Microphone,0.83,0,0,1,0.6225748,0.47817704,0,0,pediátrico (<18)
ICB_03574_004,ICB_159,normal_lung,AKG C417L Microphone,0.83,0,0,1,0.5320435,0.4464998,0,0,pediátrico (<18)
ICB_03574_005,ICB_159,normal_lung,AKG C417L Microphone,0.83,0,0,1,0.5775233,0.46329293,0,0,pediátrico (<18)
ICB_03574_006,ICB_159,normal_lung,AKG C417L Microphone,0.83,0,0,1,0.3822048,0.46338257,0,0,pediátrico (<18)
ICB_03574_007,ICB_159,normal_lung,AKG C417L Microphone,0.83,0,0,1,0.61721957,0.49979696,0,0,pediátrico (<18)
ICB_03574_008,ICB_159,normal_lung,AKG C417L Microphone,0.83,0,0,1,0.58313197,0.47533572,0,0,pediátrico (<18)
ICB_03641_000,ICB_166,copd,WelchAllyn Meditron Master Elite,71.0,0,0,1,0.6121688,0.47094887,0,0,adulto
ICB_03641_001,ICB_166,copd,WelchAllyn Meditron Master Elite,71.0,0,0,1,0.6222113,0.48474595,0,0,adulto
ICB_03641_002,ICB_166,copd,WelchAllyn Meditron Master Elite,71.0,0,0,1,0.6064505,0.52008617,0,0,adulto
ICB_03641_003,ICB_166,copd,WelchAllyn Meditron Master Elite,71.0,0,0,1,0.58294624,0.49014097,0,0,adulto
ICB_03641_004,ICB_166,copd,WelchAllyn Meditron Master Elite,71.0,0,0,1,0.587553,0.47018236,0,0,adulto
ICB_03641_005,ICB_166,copd,WelchAllyn Meditron Master Elite,71.0,0,0,1,0.30316266,0.37537932,0,0,adulto
ICB_03641_006,ICB_166,copd,WelchAllyn Meditron Master Elite,71.0,0,0,1,0.48661342,0.46698055,0,0,adulto
ICB_03641_007,ICB_166,copd,WelchAllyn Meditron Master Elite,71.0,0,0,1,0.5491926,0.45795894,0,0,adulto
ICB_03641_008,ICB_166,copd,WelchAllyn Meditron Master Elite,71.0,0,0,1,0.5842862,0.47876817,0,0,adulto
ICB_03641_009,ICB_166,copd,WelchAllyn Meditron Master Elite,71.0,0,0,1,0.5623274,0.44941756,0,0,adulto
ICB_03641_010,ICB_166,copd,WelchAllyn Meditron Master Elite,71.0,1,0,1,0.4587962,0.48444965,0,1,adulto
ICB_03641_011,ICB_166,copd,WelchAllyn Meditron Master Elite,71.0,1,0,1,0.4905107,0.48368037,0,1,adulto
ICB_03641_012,ICB_166,copd,WelchAllyn Meditron Master Elite,71.0,0,0,1,0.38013345,0.49115953,0,0,adulto
ICB_03641_013,ICB_166,copd,WelchAllyn Meditron Master Elite,71.0,1,0,1,0.44144946,0.48465827,0,1,adulto
ICB_03641_014,ICB_166,copd,WelchAllyn Meditron Master Elite,71.0,1,0,1,0.43497357,0.5116492,0,1,adulto
ICB_03641_015,ICB_166,copd,WelchAllyn Meditron Master Elite,71.0,1,0,1,0.41274634,0.53305346,0,1,adulto
ICB_03641_016,ICB_166,copd,WelchAllyn Meditron Master Elite,71.0,0,0,1,0.60699964,0.48137355,0,0,adulto
ICB_03642_000,ICB_166,copd,WelchAllyn Meditron Master Elite,71.0,0,0,1,0.5780329,0.5016657,0,0,adulto
ICB_03642_001,ICB_166,copd,WelchAllyn Meditron Master Elite,71.0,0,0,1,0.61319464,0.50662994,0,0,adulto
ICB_03642_002,ICB_166,copd,WelchAllyn Meditron Master Elite,71.0,0,0,1,0.62540406,0.5102632,0,0,adulto
ICB_03642_003,ICB_166,copd,WelchAllyn Meditron Master Elite,71.0,0,0,1,0.6186886,0.5278871,0,0,adulto
ICB_03642_004,ICB_166,copd,WelchAllyn Meditron Master Elite,71.0,0,0,1,0.5965897,0.4996325,0,0,adulto
ICB_03642_005,ICB_166,copd,WelchAllyn Meditron Master Elite,71.0,0,0,1,0.62740314,0.48640326,0,0,adulto
ICB_03642_006,ICB_166,copd,WelchAllyn Meditron Master Elite,71.0,0,0,1,0.604839,0.46745735,0,0,adulto
ICB_03642_007,ICB_166,copd,WelchAllyn Meditron Master Elite,71.0,0,0,1,0.62178653,0.50287926,0,0,adulto
ICB_03642_008,ICB_166,copd,WelchAllyn Meditron Master Elite,71.0,0,0,1,0.54893804,0.4747273,0,0,adulto
ICB_03642_009,ICB_166,copd,WelchAllyn Meditron Master Elite,71.0,0,0,1,0.5957089,0.4698998,0,0,adulto
ICB_03642_010,ICB_166,copd,WelchAllyn Meditron Master Elite,71.0,0,0,1,0.57821184,0.4526074,0,0,adulto
ICB_03642_011,ICB_166,copd,WelchAllyn Meditron Master Elite,71.0,0,0,1,0.6087318,0.4877868,0,0,adulto
ICB_03642_012,ICB_166,copd,WelchAllyn Meditron Master Elite,71.0,0,0,1,0.6047754,0.47995278,0,0,adulto
ICB_03642_013,ICB_166,copd,WelchAllyn Meditron Master Elite,71.0,0,0,1,0.6182806,0.450598,0,0,adulto
ICB_03642_014,ICB_166,copd,WelchAllyn Meditron Master Elite,71.0,0,0,1,0.5053397,0.47013333,0,0,adulto
ICB_03642_015,ICB_166,copd,WelchAllyn Meditron Master Elite,71.0,0,0,1,0.5656335,0.43296278,0,0,adulto
ICB_03642_016,ICB_166,copd,WelchAllyn Meditron Master Elite,71.0,0,0,1,0.5481338,0.45152044,0,0,adulto
ICB_03642_017,ICB_166,copd,WelchAllyn Meditron Master Elite,71.0,0,0,1,0.57605755,0.4983063,0,0,adulto
ICB_03642_018,ICB_166,copd,WelchAllyn Meditron Master Elite,71.0,0,0,1,0.582798,0.4730728,0,0,adulto
ICB_03642_019,ICB_166,copd,WelchAllyn Meditron Master Elite,71.0,0,0,1,0.54657286,0.4374063,0,0,adulto
ICB_03642_020,ICB_166,copd,WelchAllyn Meditron Master Elite,71.0,0,0,1,0.58082473,0.48790094,0,0,adulto
ICB_03642_021,ICB_166,copd,WelchAllyn Meditron Master Elite,71.0,0,0,1,0.5625736,0.44812262,0,0,adulto
ICB_03642_022,ICB_166,copd,WelchAllyn Meditron Master Elite,71.0,0,0,1,0.5471153,0.4506501,0,0,adulto
ICB_03642_023,ICB_166,copd,WelchAllyn Meditron Master Elite,71.0,0,0,1,0.56754756,0.4651844,0,0,adulto
ICB_03642_024,ICB_166,copd,WelchAllyn Meditron Master Elite,71.0,0,0,1,0.58907825,0.4652109,0,0,adulto
ICB_03643_000,ICB_166,copd,WelchAllyn Meditron Master Elite,71.0,1,0,1,0.53850514,0.45973682,0,1,adulto
ICB_03643_001,ICB_166,copd,WelchAllyn Meditron Master Elite,71.0,1,0,1,0.59070694,0.53336436,0,1,adulto
ICB_03643_002,ICB_166,copd,WelchAllyn Meditron Master Elite,71.0,1,0,1,0.57155544,0.47409898,0,1,adulto
ICB_03643_003,ICB_166,copd,WelchAllyn Meditron Master Elite,71.0,1,0,1,0.57457024,0.5142113,0,1,adulto
ICB_03643_004,ICB_166,copd,WelchAllyn Meditron Master Elite,71.0,1,0,1,0.6127127,0.52573264,0,1,adulto
ICB_03643_005,ICB_166,copd,WelchAllyn Meditron Master Elite,71.0,1,0,1,0.6104427,0.47281685,0,1,adulto
ICB_03643_006,ICB_166,copd,WelchAllyn Meditron Master Elite,71.0,1,0,1,0.6352528,0.49896568,0,1,adulto
ICB_03643_007,ICB_166,copd,WelchAllyn Meditron Master Elite,71.0,1,0,1,0.6464245,0.5107666,0,1,adulto
ICB_03643_008,ICB_166,copd,WelchAllyn Meditron Master Elite,71.0,1,0,1,0.57996935,0.50084656,0,1,adulto
ICB_03643_009,ICB_166,copd,WelchAllyn Meditron Master Elite,71.0,1,0,1,0.60499626,0.51427937,0,1,adulto
ICB_03643_010,ICB_166,copd,WelchAllyn Meditron Master Elite,71.0,1,0,1,0.5850573,0.51975703,0,1,adulto
ICB_03643_011,ICB_166,copd,WelchAllyn Meditron Master Elite,71.0,1,0,1,0.5590041,0.504636,0,1,adulto
ICB_03643_012,ICB_166,copd,WelchAllyn Meditron Master Elite,71.0,1,0,1,0.5824308,0.52459425,0,1,adulto
ICB_03643_013,ICB_166,copd,WelchAllyn Meditron Master Elite,71.0,1,0,1,0.5984145,0.53339344,0,1,adulto
ICB_03643_014,ICB_166,copd,WelchAllyn Meditron Master Elite,71.0,1,0,1,0.5919445,0.5131831,0,1,adulto
ICB_03643_015,ICB_166,copd,WelchAllyn Meditron Master Elite,71.0,0,0,1,0.65035933,0.5060919,1,0,adulto
ICB_03643_016,ICB_166,copd,WelchAllyn Meditron Master Elite,71.0,0,0,1,0.5700358,0.501341,0,0,adulto
ICB_03643_017,ICB_166,copd,WelchAllyn Meditron Master Elite,71.0,1,0,1,0.5366129,0.50855154,0,1,adulto
ICB_03643_018,ICB_166,copd,WelchAllyn Meditron Master Elite,71.0,0,0,1,0.5501865,0.55283725,0,0,adulto
ICB_03643_019,ICB_166,copd,WelchAllyn Meditron Master Elite,71.0,0,0,1,0.64529395,0.5086608,0,0,adulto
ICB_03643_020,ICB_166,copd,WelchAllyn Meditron Master Elite,71.0,0,0,1,0.6235631,0.5257069,0,0,adulto
ICB_03643_021,ICB_166,copd,WelchAllyn Meditron Master Elite,71.0,0,0,1,0.6646273,0.5316822,1,0,adulto
ICB_03643_022,ICB_166,copd,WelchAllyn Meditron Master Elite,71.0,0,0,1,0.58575237,0.51110446,0,0,adulto
ICB_03643_023,ICB_166,copd,WelchAllyn Meditron Master Elite,71.0,0,0,1,0.66935825,0.5384695,1,0,adulto
ICB_03643_024,ICB_166,copd,WelchAllyn Meditron Master Elite,71.0,0,0,1,0.57129997,0.4987589,0,0,adulto
ICB_03644_000,ICB_166,copd,WelchAllyn Meditron Master Elite,71.0,0,0,1,0.5577705,0.49250048,0,0,adulto
ICB_03644_001,ICB_166,copd,WelchAllyn Meditron Master Elite,71.0,0,0,1,0.59855765,0.5386089,0,0,adulto
ICB_03644_002,ICB_166,copd,WelchAllyn Meditron Master Elite,71.0,0,0,1,0.5880248,0.5053086,0,0,adulto
ICB_03644_003,ICB_166,copd,WelchAllyn Meditron Master Elite,71.0,0,0,1,0.586016,0.52318794,0,0,adulto
ICB_03644_004,ICB_166,copd,WelchAllyn Meditron Master Elite,71.0,0,0,1,0.580028,0.5149288,0,0,adulto
ICB_03644_005,ICB_166,copd,WelchAllyn Meditron Master Elite,71.0,0,0,1,0.55806834,0.47939104,0,0,adulto
ICB_03644_006,ICB_166,copd,WelchAllyn Meditron Master Elite,71.0,0,0,1,0.62970454,0.5351706,0,0,adulto
ICB_03644_007,ICB_166,copd,WelchAllyn Meditron Master Elite,71.0,0,0,1,0.5614071,0.44919986,0,0,adulto
ICB_03644_008,ICB_166,copd,WelchAllyn Meditron Master Elite,71.0,0,0,1,0.6137808,0.50110865,0,0,adulto
ICB_03644_009,ICB_166,copd,WelchAllyn Meditron Master Elite,71.0,0,0,1,0.580228,0.46644592,0,0,adulto
ICB_03644_010,ICB_166,copd,WelchAllyn Meditron Master Elite,71.0,0,0,1,0.60809237,0.5071587,0,0,adulto
ICB_03644_011,ICB_166,copd,WelchAllyn Meditron Master Elite,71.0,0,0,1,0.6242701,0.50368756,0,0,adulto
ICB_03644_012,ICB_166,copd,WelchAllyn Meditron Master Elite,71.0,0,0,1,0.5975024,0.47073022,0,0,adulto
ICB_03644_013,ICB_166,copd,WelchAllyn Meditron Master Elite,71.0,0,0,1,0.5733341,0.50466627,0,0,adulto
ICB_03644_014,ICB_166,copd,WelchAllyn Meditron Master Elite,71.0,0,0,1,0.55742836,0.5252068,0,0,adulto
ICB_03644_015,ICB_166,copd,WelchAllyn Meditron Master Elite,71.0,0,0,1,0.616757,0.47984576,0,0,adulto
ICB_03644_016,ICB_166,copd,WelchAllyn Meditron Master Elite,71.0,1,0,1,0.47394294,0.4393679,0,1,adulto
ICB_03644_017,ICB_166,copd,WelchAllyn Meditron Master Elite,71.0,1,0,1,0.48668298,0.47947752,0,1,adulto
ICB_03644_018,ICB_166,copd,WelchAllyn Meditron Master Elite,71.0,1,0,1,0.49268544,0.4907781,0,1,adulto
ICB_03644_019,ICB_166,copd,WelchAllyn Meditron Master Elite,71.0,1,0,1,0.48497486,0.48510498,0,1,adulto
ICB_03644_020,ICB_166,copd,WelchAllyn Meditron Master Elite,71.0,1,0,1,0.48268414,0.47786736,0,1,adulto
ICB_03644_021,ICB_166,copd,WelchAllyn Meditron Master Elite,71.0,1,0,1,0.47535506,0.49369198,0,1,adulto
ICB_03644_022,ICB_166,copd,WelchAllyn Meditron Master Elite,71.0,0,0,1,0.5193357,0.50056845,0,0,adulto
ICB_03644_023,ICB_166,copd,WelchAllyn Meditron Master Elite,71.0,1,0,1,0.44430217,0.4689626,0,1,adulto
ICB_03645_000,ICB_166,copd,WelchAllyn Meditron Master Elite,71.0,0,0,1,0.62542224,0.5403798,0,0,adulto
ICB_03645_001,ICB_166,copd,WelchAllyn Meditron Master Elite,71.0,0,0,1,0.65723157,0.5193548,1,0,adulto
ICB_03645_002,ICB_166,copd,WelchAllyn Meditron Master Elite,71.0,0,0,1,0.57401395,0.50537425,0,0,adulto
ICB_03645_003,ICB_166,copd,WelchAllyn Meditron Master Elite,71.0,0,1,1,0.6304213,0.5064,0,2,adulto
ICB_03645_004,ICB_166,copd,WelchAllyn Meditron Master Elite,71.0,0,1,1,0.6794553,0.53189105,1,2,adulto
ICB_03645_005,ICB_166,copd,WelchAllyn Meditron Master Elite,71.0,0,0,1,0.642665,0.5117637,0,0,adulto
ICB_03645_006,ICB_166,copd,WelchAllyn Meditron Master Elite,71.0,0,0,1,0.64295894,0.48216987,0,0,adulto
ICB_03645_007,ICB_166,copd,WelchAllyn Meditron Master Elite,71.0,0,0,1,0.63613975,0.53953344,0,0,adulto
ICB_03645_008,ICB_166,copd,WelchAllyn Meditron Master Elite,71.0,0,0,1,0.66027534,0.53917307,1,0,adulto
ICB_03645_009,ICB_166,copd,WelchAllyn Meditron Master Elite,71.0,0,0,1,0.66900796,0.52472615,1,0,adulto
ICB_03645_010,ICB_166,copd,WelchAllyn Meditron Master Elite,71.0,0,0,1,0.636926,0.49429893,0,0,adulto
ICB_03645_011,ICB_166,copd,WelchAllyn Meditron Master Elite,71.0,0,0,1,0.63079476,0.49914098,0,0,adulto
ICB_03645_012,ICB_166,copd,WelchAllyn Meditron Master Elite,71.0,0,0,1,0.66829574,0.53929305,1,0,adulto
ICB_03645_013,ICB_166,copd,WelchAllyn Meditron Master Elite,71.0,0,0,1,0.599435,0.50428057,0,0,adulto
ICB_03645_014,ICB_166,copd,WelchAllyn Meditron Master Elite,71.0,0,0,1,0.55728775,0.5278832,0,0,adulto
ICB_03645_015,ICB_166,copd,WelchAllyn Meditron Master Elite,71.0,0,1,1,0.62559503,0.4920681,0,2,adulto
ICB_03645_016,ICB_166,copd,WelchAllyn Meditron Master Elite,71.0,0,0,1,0.6522422,0.49942386,1,0,adulto
ICB_03645_017,ICB_166,copd,WelchAllyn Meditron Master Elite,71.0,0,0,1,0.64545417,0.50640196,0,0,adulto
ICB_03645_018,ICB_166,copd,WelchAllyn Meditron Master Elite,71.0,0,0,1,0.6243163,0.491325,0,0,adulto
ICB_03645_019,ICB_166,copd,WelchAllyn Meditron Master Elite,71.0,0,0,1,0.65354466,0.5073964,1,0,adulto
ICB_03645_020,ICB_166,copd,WelchAllyn Meditron Master Elite,71.0,0,0,1,0.5713782,0.50106645,0,0,adulto
ICB_03645_021,ICB_166,copd,WelchAllyn Meditron Master Elite,71.0,0,0,1,0.6310566,0.5460765,0,0,adulto
ICB_03645_022,ICB_166,copd,WelchAllyn Meditron Master Elite,71.0,0,0,1,0.64933074,0.50623524,0,0,adulto
ICB_03645_023,ICB_166,copd,WelchAllyn Meditron Master Elite,71.0,0,0,1,0.6482319,0.487349,0,0,adulto
ICB_03772_000,ICB_178,copd,AKG C417L Microphone,58.0,0,0,1,0.48977378,0.45835412,0,0,adulto
ICB_03772_001,ICB_178,copd,AKG C417L Microphone,58.0,0,1,1,0.52031076,0.47510082,0,2,adulto
ICB_03772_002,ICB_178,copd,AKG C417L Microphone,58.0,0,1,1,0.50534064,0.5144976,0,2,adulto
ICB_03772_003,ICB_178,copd,AKG C417L Microphone,58.0,0,1,1,0.51296043,0.47209787,0,2,adulto
ICB_03772_004,ICB_178,copd,AKG C417L Microphone,58.0,0,1,1,0.51314026,0.468042,0,2,adulto
ICB_03772_005,ICB_178,copd,AKG C417L Microphone,58.0,0,0,1,0.34079093,0.5061833,0,0,adulto
ICB_03772_006,ICB_178,copd,AKG C417L Microphone,58.0,0,0,1,0.5265781,0.48543686,0,0,adulto
ICB_03772_007,ICB_178,copd,AKG C417L Microphone,58.0,0,1,1,0.533564,0.48633176,0,2,adulto
ICB_03772_008,ICB_178,copd,AKG C417L Microphone,58.0,0,1,1,0.54953754,0.4850131,0,2,adulto
ICB_03772_009,ICB_178,copd,AKG C417L Microphone,58.0,0,0,1,0.4824181,0.46861094,0,0,adulto
ICB_03772_010,ICB_178,copd,AKG C417L Microphone,58.0,0,0,1,0.5075397,0.48316488,0,0,adulto
ICB_03772_011,ICB_178,copd,AKG C417L Microphone,58.0,0,0,1,0.47061986,0.49672133,0,0,adulto
ICB_03773_000,ICB_178,copd,AKG C417L Microphone,58.0,1,1,1,0.5276477,0.4634507,0,3,adulto
ICB_03773_001,ICB_178,copd,AKG C417L Microphone,58.0,0,1,1,0.50504255,0.511623,0,2,adulto
ICB_03773_002,ICB_178,copd,AKG C417L Microphone,58.0,0,1,1,0.5204917,0.5070698,0,2,adulto
ICB_03773_003,ICB_178,copd,AKG C417L Microphone,58.0,0,0,1,0.5181728,0.5093593,0,0,adulto
ICB_03773_004,ICB_178,copd,AKG C417L Microphone,58.0,0,1,1,0.5276128,0.47804743,0,2,adulto
ICB_03773_005,ICB_178,copd,AKG C417L Microphone,58.0,0,1,1,0.36249003,0.496271,0,2,adulto
ICB_03773_006,ICB_178,copd,AKG C417L Microphone,58.0,0,0,1,0.5610738,0.4614141,0,0,adulto
ICB_03773_007,ICB_178,copd,AKG C417L Microphone,58.0,0,1,1,0.509449,0.51372814,0,2,adulto
ICB_03773_008,ICB_178,copd,AKG C417L Microphone,58.0,1,0,1,0.56537837,0.46314663,0,1,adulto
ICB_03773_009,ICB_178,copd,AKG C417L Microphone,58.0,0,0,1,0.4904839,0.46530393,0,0,adulto
ICB_03773_010,ICB_178,copd,AKG C417L Microphone,58.0,0,0,1,0.50277966,0.4881073,0,0,adulto
ICB_03773_011,ICB_178,copd,AKG C417L Microphone,58.0,1,0,1,0.4277123,0.503946,0,1,adulto
ICB_03774_000,ICB_178,copd,AKG C417L Microphone,58.0,0,1,1,0.5439491,0.47434428,0,2,adulto
ICB_03774_001,ICB_178,copd,AKG C417L Microphone,58.0,1,1,1,0.60551786,0.48428833,0,3,adulto
ICB_03774_002,ICB_178,copd,AKG C417L Microphone,58.0,1,1,1,0.5940074,0.47573885,0,3,adulto
ICB_03774_003,ICB_178,copd,AKG C417L Microphone,58.0,0,1,1,0.5556195,0.4628204,0,2,adulto
ICB_03774_004,ICB_178,copd,AKG C417L Microphone,58.0,0,1,1,0.5980488,0.46914935,0,2,adulto
ICB_03774_005,ICB_178,copd,AKG C417L Microphone,58.0,0,0,1,0.37267625,0.51173925,0,0,adulto
ICB_03774_006,ICB_178,copd,AKG C417L Microphone,58.0,1,0,1,0.5807665,0.45384276,0,1,adulto
ICB_03774_007,ICB_178,copd,AKG C417L Microphone,58.0,1,1,1,0.6045878,0.4650509,0,3,adulto
ICB_03774_008,ICB_178,copd,AKG C417L Microphone,58.0,1,0,1,0.60075545,0.46862042,0,1,adulto
ICB_03774_009,ICB_178,copd,AKG C417L Microphone,58.0,1,0,1,0.5602512,0.46763626,0,1,adulto
ICB_03774_010,ICB_178,copd,AKG C417L Microphone,58.0,1,0,1,0.59623027,0.45992455,0,1,adulto
ICB_03774_011,ICB_178,copd,AKG C417L Microphone,58.0,1,0,1,0.5842207,0.47665238,0,1,adulto
ICB_03775_000,ICB_178,copd,AKG C417L Microphone,58.0,1,0,1,0.5474858,0.49753445,0,1,adulto
ICB_03775_001,ICB_178,copd,AKG C417L Microphone,58.0,1,0,1,0.5709882,0.5007303,0,1,adulto
ICB_03775_002,ICB_178,copd,AKG C417L Microphone,58.0,1,0,1,0.60032624,0.47791398,0,1,adulto
ICB_03775_003,ICB_178,copd,AKG C417L Microphone,58.0,1,0,1,0.5708442,0.49326473,0,1,adulto
ICB_03775_004,ICB_178,copd,AKG C417L Microphone,58.0,1,0,1,0.57560164,0.47645804,0,1,adulto
ICB_03775_005,ICB_178,copd,AKG C417L Microphone,58.0,1,0,1,0.3853725,0.5138915,0,1,adulto
ICB_03775_006,ICB_178,copd,AKG C417L Microphone,58.0,1,0,1,0.56028247,0.45884782,0,1,adulto
ICB_03775_007,ICB_178,copd,AKG C417L Microphone,58.0,1,0,1,0.5860083,0.49479383,0,1,adulto
ICB_03775_008,ICB_178,copd,AKG C417L Microphone,58.0,1,0,1,0.61104757,0.49073768,0,1,adulto
ICB_03775_009,ICB_178,copd,AKG C417L Microphone,58.0,1,0,1,0.5659693,0.46348703,0,1,adulto
ICB_03775_010,ICB_178,copd,AKG C417L Microphone,58.0,1,0,1,0.54720265,0.48230237,0,1,adulto
ICB_03775_011,ICB_178,copd,AKG C417L Microphone,58.0,1,0,1,0.59007275,0.4875922,0,1,adulto
ICB_03776_000,ICB_178,copd,AKG C417L Microphone,58.0,0,0,1,0.46575123,0.40377796,0,0,adulto
ICB_03776_001,ICB_178,copd,AKG C417L Microphone,58.0,0,1,1,0.61812466,0.47018856,0,2,adulto
ICB_03776_002,ICB_178,copd,AKG C417L Microphone,58.0,1,1,1,0.6022855,0.48490196,0,3,adulto
ICB_03776_003,ICB_178,copd,AKG C417L Microphone,58.0,0,1,1,0.5241759,0.47555426,0,2,adulto
ICB_03776_004,ICB_178,copd,AKG C417L Microphone,58.0,0,1,1,0.5916593,0.47970966,0,2,adulto
ICB_03776_005,ICB_178,copd,AKG C417L Microphone,58.0,0,1,1,0.3128011,0.5325968,0,2,adulto
ICB_03776_006,ICB_178,copd,AKG C417L Microphone,58.0,0,0,1,0.5615571,0.46799514,0,0,adulto
ICB_03776_007,ICB_178,copd,AKG C417L Microphone,58.0,0,1,1,0.5896297,0.4696465,0,2,adulto
ICB_03776_008,ICB_178,copd,AKG C417L Microphone,58.0,0,0,1,0.57296246,0.46631357,0,0,adulto
ICB_03776_009,ICB_178,copd,AKG C417L Microphone,58.0,0,0,1,0.52768105,0.4864395,0,0,adulto
ICB_03776_010,ICB_178,copd,AKG C417L Microphone,58.0,0,0,1,0.58488214,0.44780177,0,0,adulto
ICB_03776_011,ICB_178,copd,AKG C417L Microphone,58.0,0,0,1,0.60591024,0.47890264,0,0,adulto
ICB_03777_000,ICB_178,copd,AKG C417L Microphone,58.0,0,0,1,0.49619997,0.4583456,0,0,adulto
ICB_03777_001,ICB_178,copd,AKG C417L Microphone,58.0,0,1,1,0.4592604,0.44883218,0,2,adulto
ICB_03777_002,ICB_178,copd,AKG C417L Microphone,58.0,0,1,1,0.4592593,0.48416853,0,2,adulto
ICB_03777_003,ICB_178,copd,AKG C417L Microphone,58.0,0,1,1,0.46664456,0.44988048,0,2,adulto
ICB_03777_004,ICB_178,copd,AKG C417L Microphone,58.0,0,0,1,0.46666574,0.43602407,0,0,adulto
ICB_03777_005,ICB_178,copd,AKG C417L Microphone,58.0,0,0,1,0.37382486,0.47157213,0,0,adulto
ICB_03777_006,ICB_178,copd,AKG C417L Microphone,58.0,0,0,1,0.46120903,0.4276867,0,0,adulto
ICB_03777_007,ICB_178,copd,AKG C417L Microphone,58.0,0,1,1,0.466588,0.4447381,0,2,adulto
ICB_03777_008,ICB_178,copd,AKG C417L Microphone,58.0,0,1,1,0.47578385,0.45669955,0,2,adulto
ICB_03777_009,ICB_178,copd,AKG C417L Microphone,58.0,0,0,1,0.41216102,0.43512258,0,0,adulto
ICB_03777_010,ICB_178,copd,AKG C417L Microphone,58.0,0,0,1,0.45253983,0.44818574,0,0,adulto
ICB_03777_011,ICB_178,copd,AKG C417L Microphone,58.0,0,0,1,0.41505834,0.44597137,0,0,adulto
ICB_03778_000,ICB_178,copd,AKG C417L Microphone,58.0,1,1,1,0.46965286,0.5055565,0,3,adulto
ICB_03778_001,ICB_178,copd,AKG C417L Microphone,58.0,1,1,1,0.5205547,0.5350718,0,3,adulto
ICB_03778_002,ICB_178,copd,AKG C417L Microphone,58.0,0,1,1,0.52285576,0.49553567,0,2,adulto
ICB_03778_003,ICB_178,copd,AKG C417L Microphone,58.0,0,0,1,0.53219706,0.49236977,0,0,adulto
ICB_03778_004,ICB_178,copd,AKG C417L Microphone,58.0,0,0,1,0.49632034,0.4738046,0,0,adulto
ICB_03779_000,ICB_178,copd,AKG C417L Microphone,58.0,1,0,1,0.4299778,0.51871806,0,1,adulto
ICB_03779_001,ICB_178,copd,AKG C417L Microphone,58.0,1,0,1,0.48223394,0.5549081,0,1,adulto
ICB_03779_002,ICB_178,copd,AKG C417L Microphone,58.0,1,1,1,0.44024232,0.47209537,0,3,adulto
ICB_03779_003,ICB_178,copd,AKG C417L Microphone,58.0,1,0,1,0.47584307,0.4948144,0,1,adulto
ICB_03779_004,ICB_178,copd,AKG C417L Microphone,58.0,1,0,1,0.4149734,0.45280963,0,1,adulto
ICB_03780_000,ICB_178,copd,AKG C417L Microphone,58.0,0,0,1,0.5765972,0.50789475,0,0,adulto
ICB_03780_001,ICB_178,copd,AKG C417L Microphone,58.0,0,0,1,0.57487535,0.4968843,0,0,adulto
ICB_03780_002,ICB_178,copd,AKG C417L Microphone,58.0,0,0,1,0.5540775,0.45831555,0,0,adulto
ICB_03780_003,ICB_178,copd,AKG C417L Microphone,58.0,0,0,1,0.56634545,0.44983742,0,0,adulto
ICB_03780_004,ICB_178,copd,AKG C417L Microphone,58.0,0,0,1,0.5665012,0.4473988,0,0,adulto
ICB_03781_000,ICB_178,copd,AKG C417L Microphone,58.0,0,0,1,0.53842896,0.53366286,0,0,adulto
ICB_03781_001,ICB_178,copd,AKG C417L Microphone,58.0,0,0,1,0.5315018,0.52057815,0,0,adulto
ICB_03781_002,ICB_178,copd,AKG C417L Microphone,58.0,0,0,1,0.53574324,0.46434763,0,0,adulto
ICB_03781_003,ICB_178,copd,AKG C417L Microphone,58.0,0,0,1,0.5723437,0.46007726,0,0,adulto
ICB_03781_004,ICB_178,copd,AKG C417L Microphone,58.0,0,0,1,0.57385164,0.4615454,0,0,adulto
ICB_03782_000,ICB_178,copd,AKG C417L Microphone,58.0,0,0,1,0.6207853,0.50587267,0,0,adulto
ICB_03782_001,ICB_178,copd,AKG C417L Microphone,58.0,0,0,1,0.5171788,0.5420811,0,0,adulto
ICB_03782_002,ICB_178,copd,AKG C417L Microphone,58.0,0,0,1,0.5155504,0.49473226,0,0,adulto
ICB_03782_003,ICB_178,copd,AKG C417L Microphone,58.0,0,0,1,0.5414911,0.48240024,0,0,adulto
ICB_03782_004,ICB_178,copd,AKG C417L Microphone,58.0,0,0,1,0.5584295,0.47867116,0,0,adulto
ICB_03783_000,ICB_178,copd,AKG C417L Microphone,58.0,0,0,1,0.41729495,0.42874268,0,0,adulto
ICB_03783_001,ICB_178,copd,AKG C417L Microphone,58.0,0,0,1,0.45600292,0.45316687,0,0,adulto
ICB_03783_002,ICB_178,copd,AKG C417L Microphone,58.0,1,0,1,0.4295351,0.42102912,0,1,adulto
ICB_03783_003,ICB_178,copd,AKG C417L Microphone,58.0,0,0,1,0.4650706,0.4379747,0,0,adulto
ICB_03783_004,ICB_178,copd,AKG C417L Microphone,58.0,0,0,1,0.4275494,0.39397964,0,0,adulto
ICB_03784_000,ICB_178,copd,AKG C417L Microphone,58.0,0,0,1,0.47965106,0.47134012,0,0,adulto
ICB_03784_001,ICB_178,copd,AKG C417L Microphone,58.0,0,0,1,0.5099488,0.52666277,0,0,adulto
ICB_03784_002,ICB_178,copd,AKG C417L Microphone,58.0,0,0,1,0.56250393,0.4888684,0,0,adulto
ICB_03784_003,ICB_178,copd,AKG C417L Microphone,58.0,0,0,1,0.24465497,0.62874246,2,0,adulto
ICB_03784_004,ICB_178,copd,AKG C417L Microphone,58.0,0,0,1,0.527849,0.5004633,0,0,adulto
ICB_03784_005,ICB_178,copd,AKG C417L Microphone,58.0,0,0,1,0.52426803,0.4918406,0,0,adulto
ICB_03784_006,ICB_178,copd,AKG C417L Microphone,58.0,0,0,1,0.47999072,0.4938769,0,0,adulto
ICB_03784_007,ICB_178,copd,AKG C417L Microphone,58.0,0,0,1,0.5081676,0.48744768,0,0,adulto
ICB_03785_000,ICB_178,copd,AKG C417L Microphone,58.0,1,0,1,0.4259385,0.49718297,0,1,adulto
ICB_03785_001,ICB_178,copd,AKG C417L Microphone,58.0,1,0,1,0.4497073,0.5439232,0,1,adulto
ICB_03785_002,ICB_178,copd,AKG C417L Microphone,58.0,1,0,1,0.51228225,0.4986627,0,1,adulto
ICB_03785_003,ICB_178,copd,AKG C417L Microphone,58.0,1,0,1,0.17165083,0.65050477,2,1,adulto
ICB_03785_004,ICB_178,copd,AKG C417L Microphone,58.0,1,0,1,0.43499404,0.4982761,0,1,adulto
ICB_03785_005,ICB_178,copd,AKG C417L Microphone,58.0,1,0,1,0.45958862,0.50806177,0,1,adulto
ICB_03785_006,ICB_178,copd,AKG C417L Microphone,58.0,1,0,1,0.39567345,0.51110345,0,1,adulto
ICB_03785_007,ICB_178,copd,AKG C417L Microphone,58.0,1,0,1,0.42368546,0.48814264,0,1,adulto
ICB_03786_000,ICB_178,copd,AKG C417L Microphone,58.0,0,1,1,0.560656,0.48192143,0,2,adulto
ICB_03786_001,ICB_178,copd,AKG C417L Microphone,58.0,0,1,1,0.47550333,0.5587067,0,2,adulto
ICB_03786_002,ICB_178,copd,AKG C417L Microphone,58.0,0,1,1,0.54436105,0.48061776,0,2,adulto
ICB_03786_003,ICB_178,copd,AKG C417L Microphone,58.0,0,1,1,0.21311715,0.62781936,2,2,adulto
ICB_03786_004,ICB_178,copd,AKG C417L Microphone,58.0,0,1,1,0.51415265,0.5205411,0,2,adulto
ICB_03786_005,ICB_178,copd,AKG C417L Microphone,58.0,0,1,1,0.6153545,0.4730413,0,2,adulto
ICB_03786_006,ICB_178,copd,AKG C417L Microphone,58.0,0,1,1,0.57620794,0.48694888,0,2,adulto
ICB_03786_007,ICB_178,copd,AKG C417L Microphone,58.0,0,1,1,0.46620074,0.48646566,0,2,adulto
ICB_03787_000,ICB_178,copd,AKG C417L Microphone,58.0,0,0,1,0.5465058,0.48071983,0,0,adulto
ICB_03787_001,ICB_178,copd,AKG C417L Microphone,58.0,0,0,1,0.5344862,0.5015498,0,0,adulto
ICB_03787_002,ICB_178,copd,AKG C417L Microphone,58.0,0,0,1,0.5500692,0.45891267,0,0,adulto
ICB_03787_003,ICB_178,copd,AKG C417L Microphone,58.0,0,0,1,0.2850835,0.6004385,2,0,adulto
ICB_03787_004,ICB_178,copd,AKG C417L Microphone,58.0,0,0,1,0.5516978,0.46899277,0,0,adulto
ICB_03787_005,ICB_178,copd,AKG C417L Microphone,58.0,0,0,1,0.5911392,0.460341,0,0,adulto
ICB_03787_006,ICB_178,copd,AKG C417L Microphone,58.0,0,0,1,0.5637694,0.4570306,0,0,adulto
ICB_03787_007,ICB_178,copd,AKG C417L Microphone,58.0,0,0,1,0.5570141,0.44941372,0,0,adulto
ICB_03788_000,ICB_178,copd,AKG C417L Microphone,58.0,0,0,1,0.52895385,0.48404342,0,0,adulto
ICB_03788_001,ICB_178,copd,AKG C417L Microphone,58.0,0,0,1,0.519941,0.5006276,0,0,adulto
ICB_03788_002,ICB_178,copd,AKG C417L Microphone,58.0,0,0,1,0.5547799,0.46721807,0,0,adulto
ICB_03788_003,ICB_178,copd,AKG C417L Microphone,58.0,0,0,1,0.29454246,0.5756389,0,0,adulto
ICB_03788_004,ICB_178,copd,AKG C417L Microphone,58.0,0,0,1,0.5386758,0.47518295,0,0,adulto
ICB_03788_005,ICB_178,copd,AKG C417L Microphone,58.0,0,0,1,0.55858654,0.46950802,0,0,adulto
ICB_03788_006,ICB_178,copd,AKG C417L Microphone,58.0,0,0,1,0.5598052,0.44776535,0,0,adulto
ICB_03788_007,ICB_178,copd,AKG C417L Microphone,58.0,0,0,1,0.51543623,0.4743902,0,0,adulto
ICB_03789_000,ICB_178,copd,AKG C417L Microphone,58.0,0,0,1,0.6112968,0.47495803,0,0,adulto
ICB_03789_001,ICB_178,copd,AKG C417L Microphone,58.0,0,1,1,0.51876503,0.53160053,0,2,adulto
ICB_03789_002,ICB_178,copd,AKG C417L Microphone,58.0,0,0,1,0.58419144,0.47094774,0,0,adulto
ICB_03789_003,ICB_178,copd,AKG C417L Microphone,58.0,0,0,1,0.24415775,0.6255265,2,0,adulto
ICB_03789_004,ICB_178,copd,AKG C417L Microphone,58.0,0,0,1,0.5589214,0.48690796,0,0,adulto
ICB_03789_005,ICB_178,copd,AKG C417L Microphone,58.0,0,0,1,0.6225815,0.46308914,0,0,adulto
ICB_03789_006,ICB_178,copd,AKG C417L Microphone,58.0,0,0,1,0.61218005,0.47466433,0,0,adulto
ICB_03789_007,ICB_178,copd,AKG C417L Microphone,58.0,0,1,1,0.54450846,0.4770825,0,2,adulto
ICB_03790_000,ICB_178,copd,AKG C417L Microphone,58.0,0,0,1,0.46519208,0.44858992,0,0,adulto
ICB_03790_001,ICB_178,copd,AKG C417L Microphone,58.0,0,0,1,0.48099706,0.46259117,0,0,adulto
ICB_03790_002,ICB_178,copd,AKG C417L Microphone,58.0,0,0,1,0.4919094,0.44591185,0,0,adulto
ICB_03790_003,ICB_178,copd,AKG C417L Microphone,58.0,0,0,1,0.28072658,0.58825797,0,0,adulto
ICB_03790_004,ICB_178,copd,AKG C417L Microphone,58.0,0,0,1,0.47389615,0.4489168,0,0,adulto
ICB_03790_005,ICB_178,copd,AKG C417L Microphone,58.0,0,0,1,0.46896902,0.45177427,0,0,adulto
ICB_03790_006,ICB_178,copd,AKG C417L Microphone,58.0,0,0,1,0.43383726,0.44056016,0,0,adulto
ICB_03790_007,ICB_178,copd,AKG C417L Microphone,58.0,0,0,1,0.4568064,0.4567465,0,0,adulto
ICB_03791_000,ICB_178,copd,AKG C417L Microphone,58.0,1,0,1,0.5204274,0.48348212,0,1,adulto
ICB_03791_001,ICB_178,copd,AKG C417L Microphone,58.0,1,0,1,0.51021206,0.48514548,0,1,adulto
ICB_03791_002,ICB_178,copd,AKG C417L Microphone,58.0,1,0,1,0.4681562,0.4825533,0,1,adulto
ICB_03791_003,ICB_178,copd,AKG C417L Microphone,58.0,0,0,1,0.5064054,0.509407,0,0,adulto
ICB_03791_004,ICB_178,copd,AKG C417L Microphone,58.0,1,0,1,0.55119306,0.4928377,0,1,adulto
ICB_03791_005,ICB_178,copd,AKG C417L Microphone,58.0,0,0,1,0.5347394,0.49171197,0,0,adulto
ICB_03791_006,ICB_178,copd,AKG C417L Microphone,58.0,1,0,1,0.5564382,0.48045766,0,1,adulto
ICB_03791_007,ICB_178,copd,AKG C417L Microphone,58.0,1,0,1,0.5597943,0.49167773,0,1,adulto
ICB_03791_008,ICB_178,copd,AKG C417L Microphone,58.0,1,0,1,0.42340577,0.50892264,0,1,adulto
ICB_03791_009,ICB_178,copd,AKG C417L Microphone,58.0,0,0,1,0.5091879,0.4642008,0,0,adulto
ICB_03792_000,ICB_178,copd,AKG C417L Microphone,58.0,0,0,1,0.553123,0.44998294,0,0,adulto
ICB_03792_001,ICB_178,copd,AKG C417L Microphone,58.0,0,0,1,0.5509065,0.4562036,0,0,adulto
ICB_03792_002,ICB_178,copd,AKG C417L Microphone,58.0,0,0,1,0.5133825,0.41674954,0,0,adulto
ICB_03792_003,ICB_178,copd,AKG C417L Microphone,58.0,1,0,1,0.56236035,0.47169834,0,1,adulto
ICB_03792_004,ICB_178,copd,AKG C417L Microphone,58.0,0,0,1,0.57093436,0.48564583,0,0,adulto
ICB_03792_005,ICB_178,copd,AKG C417L Microphone,58.0,1,0,1,0.5682598,0.478399,0,1,adulto
ICB_03792_006,ICB_178,copd,AKG C417L Microphone,58.0,1,0,1,0.5781296,0.47510958,0,1,adulto
ICB_03792_007,ICB_178,copd,AKG C417L Microphone,58.0,1,0,1,0.59399796,0.4771918,0,1,adulto
ICB_03792_008,ICB_178,copd,AKG C417L Microphone,58.0,1,0,1,0.5190544,0.46599898,0,1,adulto
ICB_03792_009,ICB_178,copd,AKG C417L Microphone,58.0,1,0,1,0.5860014,0.4537,0,1,adulto
ICB_03793_000,ICB_178,copd,AKG C417L Microphone,58.0,0,0,1,0.57953763,0.4689943,0,0,adulto
ICB_03793_001,ICB_178,copd,AKG C417L Microphone,58.0,0,0,1,0.5170743,0.46025628,0,0,adulto
ICB_03793_002,ICB_178,copd,AKG C417L Microphone,58.0,0,0,1,0.5199558,0.45081002,0,0,adulto
ICB_03793_003,ICB_178,copd,AKG C417L Microphone,58.0,0,0,1,0.5930435,0.45475435,0,0,adulto
ICB_03793_004,ICB_178,copd,AKG C417L Microphone,58.0,0,0,1,0.6106885,0.47493377,0,0,adulto
ICB_03793_005,ICB_178,copd,AKG C417L Microphone,58.0,0,0,1,0.60478044,0.46679908,0,0,adulto
ICB_03793_006,ICB_178,copd,AKG C417L Microphone,58.0,0,0,1,0.6077843,0.465593,0,0,adulto
ICB_03793_007,ICB_178,copd,AKG C417L Microphone,58.0,0,0,1,0.5838319,0.45954663,0,0,adulto
ICB_03793_008,ICB_178,copd,AKG C417L Microphone,58.0,0,0,1,0.46369717,0.44972023,0,0,adulto
ICB_03793_009,ICB_178,copd,AKG C417L Microphone,58.0,0,0,1,0.6093121,0.46149015,0,0,adulto
ICB_03794_000,ICB_178,copd,AKG C417L Microphone,58.0,0,0,1,0.59518224,0.469702,0,0,adulto
ICB_03794_001,ICB_178,copd,AKG C417L Microphone,58.0,0,0,1,0.6051496,0.46430132,0,0,adulto
ICB_03794_002,ICB_178,copd,AKG C417L Microphone,58.0,0,0,1,0.58038944,0.45271212,0,0,adulto
ICB_03794_003,ICB_178,copd,AKG C417L Microphone,58.0,0,0,1,0.61735,0.47012922,0,0,adulto
ICB_03794_004,ICB_178,copd,AKG C417L Microphone,58.0,0,0,1,0.6141525,0.46586984,0,0,adulto
ICB_03794_005,ICB_178,copd,AKG C417L Microphone,58.0,0,0,1,0.6257355,0.4775841,0,0,adulto
ICB_03794_006,ICB_178,copd,AKG C417L Microphone,58.0,0,0,1,0.62609625,0.46864277,0,0,adulto
ICB_03794_007,ICB_178,copd,AKG C417L Microphone,58.0,0,0,1,0.62959063,0.46561924,0,0,adulto
ICB_03794_008,ICB_178,copd,AKG C417L Microphone,58.0,0,0,1,0.4148224,0.46842983,0,0,adulto
ICB_03794_009,ICB_178,copd,AKG C417L Microphone,58.0,0,0,1,0.5803115,0.4690944,0,0,adulto
ICB_03795_000,ICB_178,copd,AKG C417L Microphone,58.0,0,0,1,0.45924792,0.44552866,0,0,adulto
ICB_03795_001,ICB_178,copd,AKG C417L Microphone,58.0,0,0,1,0.4720366,0.44036025,0,0,adulto
ICB_03795_002,ICB_178,copd,AKG C417L Microphone,58.0,0,0,1,0.48459607,0.40888,0,0,adulto
ICB_03795_003,ICB_178,copd,AKG C417L Microphone,58.0,0,0,1,0.44790554,0.42084977,0,0,adulto
ICB_03795_004,ICB_178,copd,AKG C417L Microphone,58.0,0,0,1,0.473862,0.44290972,0,0,adulto
ICB_03795_005,ICB_178,copd,AKG C417L Microphone,58.0,0,0,1,0.48875234,0.4501328,0,0,adulto
ICB_03795_006,ICB_178,copd,AKG C417L Microphone,58.0,0,0,1,0.48191518,0.4485787,0,0,adulto
ICB_03795_007,ICB_178,copd,AKG C417L Microphone,58.0,0,0,1,0.50358504,0.44744158,0,0,adulto
ICB_03795_008,ICB_178,copd,AKG C417L Microphone,58.0,0,0,1,0.43612826,0.45633867,0,0,adulto
ICB_03795_009,ICB_178,copd,AKG C417L Microphone,58.0,0,0,1,0.5824316,0.4615411,0,0,adulto
ICB_03810_000,ICB_184,normal_lung,3M Littmann Classic II SE,2.0,0,0,1,0.6016501,0.5034769,0,0,pediátrico (<18)
ICB_03810_001,ICB_184,normal_lung,3M Littmann Classic II SE,2.0,0,0,1,0.5832662,0.53452235,0,0,pediátrico (<18)
ICB_03810_002,ICB_184,normal_lung,3M Littmann Classic II SE,2.0,0,0,1,0.62113124,0.5072382,0,0,pediátrico (<18)
ICB_03810_003,ICB_184,normal_lung,3M Littmann Classic II SE,2.0,0,0,1,0.61635727,0.46561298,0,0,pediátrico (<18)
ICB_03810_004,ICB_184,normal_lung,3M Littmann Classic II SE,2.0,0,0,1,0.587408,0.49282154,0,0,pediátrico (<18)
ICB_03810_005,ICB_184,normal_lung,3M Littmann Classic II SE,2.0,0,0,1,0.56566423,0.48306426,0,0,pediátrico (<18)
ICB_03810_006,ICB_184,normal_lung,3M Littmann Classic II SE,2.0,0,0,1,0.5521731,0.49626538,0,0,pediátrico (<18)
ICB_03810_007,ICB_184,normal_lung,3M Littmann Classic II SE,2.0,0,0,1,0.6193058,0.5320001,0,0,pediátrico (<18)
ICB_03857_000,ICB_193,copd,AKG C417L Microphone,77.0,0,0,1,0.5928934,0.48781538,0,0,adulto
ICB_03857_001,ICB_193,copd,AKG C417L Microphone,77.0,0,1,1,0.58426404,0.47079244,0,2,adulto
ICB_03857_002,ICB_193,copd,AKG C417L Microphone,77.0,0,1,1,0.5935779,0.4965538,0,2,adulto
ICB_03857_003,ICB_193,copd,AKG C417L Microphone,77.0,0,1,1,0.60047686,0.48737738,0,2,adulto
ICB_03857_004,ICB_193,copd,AKG C417L Microphone,77.0,0,1,1,0.59028584,0.46814805,0,2,adulto
ICB_03857_005,ICB_193,copd,AKG C417L Microphone,77.0,0,1,1,0.55588025,0.48893878,0,2,adulto
ICB_03857_006,ICB_193,copd,AKG C417L Microphone,77.0,0,1,1,0.6102571,0.4963744,0,2,adulto
ICB_03857_007,ICB_193,copd,AKG C417L Microphone,77.0,0,1,1,0.59293437,0.4849559,0,2,adulto
ICB_03857_008,ICB_193,copd,AKG C417L Microphone,77.0,0,1,1,0.608085,0.47902024,0,2,adulto
ICB_03857_009,ICB_193,copd,AKG C417L Microphone,77.0,0,1,1,0.5856657,0.46943298,0,2,adulto
ICB_03857_010,ICB_193,copd,AKG C417L Microphone,77.0,0,1,1,0.5700557,0.47836927,0,2,adulto
ICB_03857_011,ICB_193,copd,AKG C417L Microphone,77.0,0,1,1,0.5657802,0.46792755,0,2,adulto
ICB_03858_000,ICB_193,copd,AKG C417L Microphone,77.0,0,0,1,0.4777368,0.43382937,0,0,adulto
ICB_03858_001,ICB_193,copd,AKG C417L Microphone,77.0,0,1,1,0.5275672,0.475097,0,2,adulto
ICB_03858_002,ICB_193,copd,AKG C417L Microphone,77.0,0,1,1,0.5427369,0.50677806,0,2,adulto
ICB_03858_003,ICB_193,copd,AKG C417L Microphone,77.0,0,1,1,0.5264798,0.49357098,0,2,adulto
ICB_03858_004,ICB_193,copd,AKG C417L Microphone,77.0,0,1,1,0.5521405,0.49387598,0,2,adulto
ICB_03858_005,ICB_193,copd,AKG C417L Microphone,77.0,0,1,1,0.53628594,0.49479577,0,2,adulto
ICB_03858_006,ICB_193,copd,AKG C417L Microphone,77.0,0,1,1,0.54979306,0.49193698,0,2,adulto
ICB_03858_007,ICB_193,copd,AKG C417L Microphone,77.0,0,1,1,0.54596627,0.50505936,0,2,adulto
ICB_03858_008,ICB_193,copd,AKG C417L Microphone,77.0,0,1,1,0.5499317,0.4957805,0,2,adulto
ICB_03858_009,ICB_193,copd,AKG C417L Microphone,77.0,0,1,1,0.5143714,0.49693638,0,2,adulto
ICB_03858_010,ICB_193,copd,AKG C417L Microphone,77.0,0,1,1,0.5456497,0.47703993,0,2,adulto
ICB_03858_011,ICB_193,copd,AKG C417L Microphone,77.0,0,1,1,0.50955856,0.49773437,0,2,adulto
ICB_03859_000,ICB_193,copd,AKG C417L Microphone,77.0,0,0,1,0.5971903,0.48348534,0,0,adulto
ICB_03859_001,ICB_193,copd,AKG C417L Microphone,77.0,0,0,1,0.592238,0.482504,0,0,adulto
ICB_03859_002,ICB_193,copd,AKG C417L Microphone,77.0,0,0,1,0.60011417,0.47765115,0,0,adulto
ICB_03859_003,ICB_193,copd,AKG C417L Microphone,77.0,0,0,1,0.5889917,0.46993545,0,0,adulto
ICB_03859_004,ICB_193,copd,AKG C417L Microphone,77.0,0,0,1,0.5951407,0.4788919,0,0,adulto
ICB_03859_005,ICB_193,copd,AKG C417L Microphone,77.0,0,0,1,0.59055763,0.47411305,0,0,adulto
ICB_03859_006,ICB_193,copd,AKG C417L Microphone,77.0,0,0,1,0.5792765,0.47417322,0,0,adulto
ICB_03859_007,ICB_193,copd,AKG C417L Microphone,77.0,0,0,1,0.5787241,0.48445934,0,0,adulto
ICB_03859_008,ICB_193,copd,AKG C417L Microphone,77.0,0,0,1,0.59362537,0.47249317,0,0,adulto
ICB_03859_009,ICB_193,copd,AKG C417L Microphone,77.0,0,0,1,0.58902216,0.47319043,0,0,adulto
ICB_03859_010,ICB_193,copd,AKG C417L Microphone,77.0,0,0,1,0.5572172,0.45554987,0,0,adulto
ICB_03859_011,ICB_193,copd,AKG C417L Microphone,77.0,0,0,1,0.55543506,0.47087368,0,0,adulto
ICB_03860_000,ICB_193,copd,AKG C417L Microphone,77.0,0,1,1,0.60887635,0.46822914,0,2,adulto
ICB_03860_001,ICB_193,copd,AKG C417L Microphone,77.0,0,1,1,0.594658,0.4679743,0,2,adulto
ICB_03860_002,ICB_193,copd,AKG C417L Microphone,77.0,0,1,1,0.6031819,0.47260574,0,2,adulto
ICB_03860_003,ICB_193,copd,AKG C417L Microphone,77.0,0,1,1,0.5901569,0.47901782,0,2,adulto
ICB_03860_004,ICB_193,copd,AKG C417L Microphone,77.0,0,1,1,0.6072561,0.4872706,0,2,adulto
ICB_03860_005,ICB_193,copd,AKG C417L Microphone,77.0,0,1,1,0.61455435,0.47309616,0,2,adulto
ICB_03860_006,ICB_193,copd,AKG C417L Microphone,77.0,0,1,1,0.6103946,0.4839622,0,2,adulto
ICB_03860_007,ICB_193,copd,AKG C417L Microphone,77.0,0,1,1,0.6029855,0.476273,0,2,adulto
ICB_03860_008,ICB_193,copd,AKG C417L Microphone,77.0,0,1,1,0.60166764,0.47322458,0,2,adulto
ICB_03860_009,ICB_193,copd,AKG C417L Microphone,77.0,0,1,1,0.6002516,0.46552387,0,2,adulto
ICB_03860_010,ICB_193,copd,AKG C417L Microphone,77.0,0,1,1,0.59975725,0.46379182,0,2,adulto
ICB_03860_011,ICB_193,copd,AKG C417L Microphone,77.0,0,1,1,0.59369016,0.46999237,0,2,adulto
ICB_03861_000,ICB_193,copd,AKG C417L Microphone,77.0,0,1,1,0.63937676,0.4967791,0,2,adulto
ICB_03861_001,ICB_193,copd,AKG C417L Microphone,77.0,0,1,1,0.61825603,0.4801889,0,2,adulto
ICB_03861_002,ICB_193,copd,AKG C417L Microphone,77.0,0,1,1,0.61597586,0.48592305,0,2,adulto
ICB_03861_003,ICB_193,copd,AKG C417L Microphone,77.0,0,1,1,0.60806686,0.48733696,0,2,adulto
ICB_03861_004,ICB_193,copd,AKG C417L Microphone,77.0,0,1,1,0.61986166,0.4800055,0,2,adulto
ICB_03861_005,ICB_193,copd,AKG C417L Microphone,77.0,0,1,1,0.61726516,0.4774771,0,2,adulto
ICB_03861_006,ICB_193,copd,AKG C417L Microphone,77.0,0,1,1,0.60876566,0.47887605,0,2,adulto
ICB_03861_007,ICB_193,copd,AKG C417L Microphone,77.0,0,1,1,0.6177706,0.48982552,0,2,adulto
ICB_03861_008,ICB_193,copd,AKG C417L Microphone,77.0,0,1,1,0.61367065,0.46900308,0,2,adulto
ICB_03861_009,ICB_193,copd,AKG C417L Microphone,77.0,0,1,1,0.59324056,0.47254848,0,2,adulto
ICB_03861_010,ICB_193,copd,AKG C417L Microphone,77.0,0,1,1,0.60189146,0.48495254,0,2,adulto
ICB_03861_011,ICB_193,copd,AKG C417L Microphone,77.0,0,1,1,0.60654426,0.48575455,0,2,adulto
ICB_03862_000,ICB_193,copd,AKG C417L Microphone,77.0,0,0,1,0.4138497,0.43639973,0,0,adulto
ICB_03862_001,ICB_193,copd,AKG C417L Microphone,77.0,0,1,1,0.35373014,0.4757858,0,2,adulto
ICB_03862_002,ICB_193,copd,AKG C417L Microphone,77.0,0,1,1,0.38628775,0.45849434,0,2,adulto
ICB_03862_003,ICB_193,copd,AKG C417L Microphone,77.0,0,0,1,0.35948542,0.44996572,0,0,adulto
ICB_03862_004,ICB_193,copd,AKG C417L Microphone,77.0,0,0,1,0.37975895,0.46544918,0,0,adulto
ICB_03862_005,ICB_193,copd,AKG C417L Microphone,77.0,0,1,1,0.37765193,0.45082092,0,2,adulto
ICB_03862_006,ICB_193,copd,AKG C417L Microphone,77.0,0,1,1,0.39382184,0.46722478,0,2,adulto
ICB_03862_007,ICB_193,copd,AKG C417L Microphone,77.0,0,1,1,0.36600772,0.47645804,0,2,adulto
ICB_03862_008,ICB_193,copd,AKG C417L Microphone,77.0,0,1,1,0.38060322,0.44035232,0,2,adulto
ICB_03862_009,ICB_193,copd,AKG C417L Microphone,77.0,0,1,1,0.35304376,0.44672114,0,2,adulto
ICB_03862_010,ICB_193,copd,AKG C417L Microphone,77.0,0,1,1,0.34945247,0.45915025,0,2,adulto
ICB_03862_011,ICB_193,copd,AKG C417L Microphone,77.0,0,1,1,0.37030122,0.4537209,0,2,adulto
ICB_03863_000,ICB_193,copd,AKG C417L Microphone,77.0,0,1,1,0.48899823,0.4424468,0,2,adulto
ICB_03863_001,ICB_193,copd,AKG C417L Microphone,77.0,0,1,1,0.61031616,0.48783457,0,2,adulto
ICB_03863_002,ICB_193,copd,AKG C417L Microphone,77.0,0,1,1,0.5796638,0.49895316,0,2,adulto
ICB_03863_003,ICB_193,copd,AKG C417L Microphone,77.0,0,1,1,0.6027919,0.49721113,0,2,adulto
ICB_03863_004,ICB_193,copd,AKG C417L Microphone,77.0,0,1,1,0.544187,0.4738606,0,2,adulto
ICB_03863_005,ICB_193,copd,AKG C417L Microphone,77.0,0,1,1,0.5590198,0.49644247,0,2,adulto
ICB_03863_006,ICB_193,copd,AKG C417L Microphone,77.0,0,1,1,0.5535799,0.47328958,0,2,adulto
ICB_03863_007,ICB_193,copd,AKG C417L Microphone,77.0,0,1,1,0.555014,0.4917057,0,2,adulto
ICB_03863_008,ICB_193,copd,AKG C417L Microphone,77.0,0,1,1,0.5651895,0.47589755,0,2,adulto
ICB_03863_009,ICB_193,copd,AKG C417L Microphone,77.0,0,1,1,0.48753175,0.47836939,0,2,adulto
ICB_03864_000,ICB_193,copd,AKG C417L Microphone,77.0,0,0,1,0.6004394,0.4792512,0,0,adulto
ICB_03864_001,ICB_193,copd,AKG C417L Microphone,77.0,0,0,1,0.5534598,0.4806681,0,0,adulto
ICB_03864_002,ICB_193,copd,AKG C417L Microphone,77.0,0,0,1,0.621434,0.47329816,0,0,adulto
ICB_03864_003,ICB_193,copd,AKG C417L Microphone,77.0,0,0,1,0.60644525,0.46192807,0,0,adulto
ICB_03864_004,ICB_193,copd,AKG C417L Microphone,77.0,0,0,1,0.62129265,0.47449496,0,0,adulto
ICB_03864_005,ICB_193,copd,AKG C417L Microphone,77.0,0,0,1,0.59755224,0.46872142,0,0,adulto
ICB_03864_006,ICB_193,copd,AKG C417L Microphone,77.0,0,0,1,0.60814875,0.4849869,0,0,adulto
ICB_03864_007,ICB_193,copd,AKG C417L Microphone,77.0,0,0,1,0.62777674,0.4828505,0,0,adulto
ICB_03865_000,ICB_193,copd,AKG C417L Microphone,77.0,0,0,1,0.48908603,0.475138,0,0,adulto
ICB_03865_001,ICB_193,copd,AKG C417L Microphone,77.0,1,0,1,0.46393976,0.48104176,0,1,adulto
ICB_03865_002,ICB_193,copd,AKG C417L Microphone,77.0,1,0,1,0.5658814,0.47743905,0,1,adulto
ICB_03865_003,ICB_193,copd,AKG C417L Microphone,77.0,1,0,1,0.55656743,0.48365873,0,1,adulto
ICB_03865_004,ICB_193,copd,AKG C417L Microphone,77.0,1,0,1,0.5605165,0.45738864,0,1,adulto
ICB_03865_005,ICB_193,copd,AKG C417L Microphone,77.0,0,0,1,0.53378993,0.46099767,0,0,adulto
ICB_03865_006,ICB_193,copd,AKG C417L Microphone,77.0,1,0,1,0.527677,0.49127817,0,1,adulto
ICB_03865_007,ICB_193,copd,AKG C417L Microphone,77.0,1,0,1,0.5420571,0.50074285,0,1,adulto
ICB_03866_000,ICB_193,copd,AKG C417L Microphone,77.0,0,0,1,0.6033703,0.4688411,0,0,adulto
ICB_03866_001,ICB_193,copd,AKG C417L Microphone,77.0,0,0,1,0.5147168,0.4599248,0,0,adulto
ICB_03866_002,ICB_193,copd,AKG C417L Microphone,77.0,0,0,1,0.58530575,0.4530702,0,0,adulto
ICB_03866_003,ICB_193,copd,AKG C417L Microphone,77.0,1,0,1,0.5790671,0.44217062,0,1,adulto
ICB_03866_004,ICB_193,copd,AKG C417L Microphone,77.0,0,0,1,0.5769753,0.45450896,0,0,adulto
ICB_03866_005,ICB_193,copd,AKG C417L Microphone,77.0,0,0,1,0.5886728,0.46218252,0,0,adulto
ICB_03866_006,ICB_193,copd,AKG C417L Microphone,77.0,0,0,1,0.58768535,0.44911858,0,0,adulto
ICB_03866_007,ICB_193,copd,AKG C417L Microphone,77.0,0,0,1,0.5723051,0.45564085,0,0,adulto
ICB_03867_000,ICB_193,copd,AKG C417L Microphone,77.0,1,0,1,0.54894084,0.48030856,0,1,adulto
ICB_03867_001,ICB_193,copd,AKG C417L Microphone,77.0,1,0,1,0.38097128,0.50488913,0,1,adulto
ICB_03867_002,ICB_193,copd,AKG C417L Microphone,77.0,1,0,1,0.6103695,0.48866978,0,1,adulto
ICB_03867_003,ICB_193,copd,AKG C417L Microphone,77.0,1,0,1,0.551352,0.4683002,0,1,adulto
ICB_03867_004,ICB_193,copd,AKG C417L Microphone,77.0,1,0,1,0.57609826,0.45196477,0,1,adulto
ICB_03867_005,ICB_193,copd,AKG C417L Microphone,77.0,1,0,1,0.5678751,0.47970286,0,1,adulto
ICB_03867_006,ICB_193,copd,AKG C417L Microphone,77.0,1,0,1,0.5762815,0.46946663,0,1,adulto
ICB_03867_007,ICB_193,copd,AKG C417L Microphone,77.0,1,0,1,0.55906445,0.4371399,0,1,adulto
ICB_03868_000,ICB_193,copd,AKG C417L Microphone,77.0,1,0,1,0.6246631,0.4685142,0,1,adulto
ICB_03868_001,ICB_193,copd,AKG C417L Microphone,77.0,1,0,1,0.55567765,0.49146467,0,1,adulto
ICB_03868_002,ICB_193,copd,AKG C417L Microphone,77.0,1,0,1,0.62049013,0.47759768,0,1,adulto
ICB_03868_003,ICB_193,copd,AKG C417L Microphone,77.0,1,0,1,0.6112665,0.47458088,0,1,adulto
ICB_03868_004,ICB_193,copd,AKG C417L Microphone,77.0,1,0,1,0.600153,0.47417784,0,1,adulto
ICB_03868_005,ICB_193,copd,AKG C417L Microphone,77.0,1,0,1,0.5990967,0.47710565,0,1,adulto
ICB_03868_006,ICB_193,copd,AKG C417L Microphone,77.0,1,0,1,0.6247818,0.47220844,0,1,adulto
ICB_03868_007,ICB_193,copd,AKG C417L Microphone,77.0,1,0,1,0.60534275,0.4783019,0,1,adulto
ICB_03869_000,ICB_193,copd,AKG C417L Microphone,77.0,0,0,1,0.52887404,0.44377783,0,0,adulto
ICB_03869_001,ICB_193,copd,AKG C417L Microphone,77.0,0,0,1,0.5456214,0.43148902,0,0,adulto
ICB_03869_002,ICB_193,copd,AKG C417L Microphone,77.0,0,0,1,0.53462386,0.45929897,0,0,adulto
ICB_03869_003,ICB_193,copd,AKG C417L Microphone,77.0,0,0,1,0.5355366,0.43928978,0,0,adulto
ICB_03869_004,ICB_193,copd,AKG C417L Microphone,77.0,0,0,1,0.5229895,0.44808364,0,0,adulto
ICB_03869_005,ICB_193,copd,AKG C417L Microphone,77.0,0,0,1,0.48933527,0.47274145,0,0,adulto
ICB_03869_006,ICB_193,copd,AKG C417L Microphone,77.0,0,0,1,0.49833578,0.45392278,0,0,adulto
ICB_03869_007,ICB_193,copd,AKG C417L Microphone,77.0,0,0,1,0.5652065,0.46343863,0,0,adulto
ICB_03870_000,ICB_193,copd,AKG C417L Microphone,77.0,0,0,1,0.50662595,0.42839223,0,0,adulto
ICB_03870_001,ICB_193,copd,AKG C417L Microphone,77.0,1,0,1,0.50985324,0.42935908,0,1,adulto
ICB_03870_002,ICB_193,copd,AKG C417L Microphone,77.0,1,0,1,0.52404886,0.4208169,0,1,adulto
ICB_03870_003,ICB_193,copd,AKG C417L Microphone,77.0,1,0,1,0.52874625,0.42608595,0,1,adulto
ICB_03870_004,ICB_193,copd,AKG C417L Microphone,77.0,0,0,1,0.53242874,0.44798774,0,0,adulto
ICB_03870_005,ICB_193,copd,AKG C417L Microphone,77.0,0,0,1,0.5059949,0.43082654,0,0,adulto
ICB_03870_006,ICB_193,copd,AKG C417L Microphone,77.0,1,0,1,0.50771767,0.41864786,0,1,adulto
ICB_03870_007,ICB_193,copd,AKG C417L Microphone,77.0,1,0,1,0.51378334,0.42768586,0,1,adulto
ICB_03873_000,ICB_195,copd,3M Littmann 3200 Electronic,67.0,0,1,1,0.4684618,0.49744275,0,2,adulto
ICB_03873_001,ICB_195,copd,3M Littmann 3200 Electronic,67.0,0,0,1,0.47491163,0.5354892,0,0,adulto
ICB_03873_002,ICB_195,copd,3M Littmann 3200 Electronic,67.0,0,1,1,0.42964363,0.5369286,0,2,adulto
ICB_03873_003,ICB_195,copd,3M Littmann 3200 Electronic,67.0,0,0,1,0.47164452,0.534066,0,0,adulto
ICB_03873_004,ICB_195,copd,3M Littmann 3200 Electronic,67.0,0,0,1,0.439796,0.51696175,0,0,adulto
ICB_03873_005,ICB_195,copd,3M Littmann 3200 Electronic,67.0,0,1,1,0.4896466,0.51897615,0,2,adulto
ICB_03873_006,ICB_195,copd,3M Littmann 3200 Electronic,67.0,0,0,1,0.49172354,0.5327793,0,0,adulto
ICB_03873_007,ICB_195,copd,3M Littmann 3200 Electronic,67.0,0,1,1,0.5039937,0.5413914,0,2,adulto
ICB_03873_008,ICB_195,copd,3M Littmann 3200 Electronic,67.0,0,1,1,0.45774582,0.5553932,0,2,adulto
ICB_03873_009,ICB_195,copd,3M Littmann 3200 Electronic,67.0,0,0,1,0.45991543,0.5226053,0,0,adulto
ICB_03873_010,ICB_195,copd,3M Littmann 3200 Electronic,67.0,0,0,1,0.44480672,0.5586892,0,0,adulto
ICB_03873_011,ICB_195,copd,3M Littmann 3200 Electronic,67.0,0,0,1,0.51350737,0.52708894,0,0,adulto
ICB_03874_000,ICB_195,copd,3M Littmann 3200 Electronic,67.0,0,1,1,0.49465215,0.53233904,0,2,adulto
ICB_03874_001,ICB_195,copd,3M Littmann 3200 Electronic,67.0,0,0,1,0.47980604,0.53450555,0,0,adulto
ICB_03874_002,ICB_195,copd,3M Littmann 3200 Electronic,67.0,0,1,1,0.48925695,0.5317924,0,2,adulto
ICB_03874_003,ICB_195,copd,3M Littmann 3200 Electronic,67.0,0,0,1,0.44944218,0.55798215,0,0,adulto
ICB_03874_004,ICB_195,copd,3M Littmann 3200 Electronic,67.0,0,0,1,0.4947926,0.51844007,0,0,adulto
ICB_03874_005,ICB_195,copd,3M Littmann 3200 Electronic,67.0,0,0,1,0.47246155,0.5374195,0,0,adulto
ICB_03874_006,ICB_195,copd,3M Littmann 3200 Electronic,67.0,0,0,1,0.43373212,0.54997957,0,0,adulto
ICB_03874_007,ICB_195,copd,3M Littmann 3200 Electronic,67.0,0,0,1,0.4914174,0.5245855,0,0,adulto
ICB_03874_008,ICB_195,copd,3M Littmann 3200 Electronic,67.0,0,0,1,0.529275,0.5359964,0,0,adulto
ICB_03874_009,ICB_195,copd,3M Littmann 3200 Electronic,67.0,0,0,1,0.5130917,0.54023045,0,0,adulto
ICB_03874_010,ICB_195,copd,3M Littmann 3200 Electronic,67.0,0,0,1,0.5293389,0.5427167,0,0,adulto
ICB_03874_011,ICB_195,copd,3M Littmann 3200 Electronic,67.0,0,0,1,0.51661646,0.5574569,0,0,adulto
ICB_03874_012,ICB_195,copd,3M Littmann 3200 Electronic,67.0,0,0,1,0.46593574,0.5392087,0,0,adulto
ICB_03874_013,ICB_195,copd,3M Littmann 3200 Electronic,67.0,0,0,1,0.52444357,0.5349937,0,0,adulto
ICB_03874_014,ICB_195,copd,3M Littmann 3200 Electronic,67.0,0,0,1,0.5532023,0.5452868,0,0,adulto
ICB_03874_015,ICB_195,copd,3M Littmann 3200 Electronic,67.0,0,0,1,0.50767714,0.53315634,0,0,adulto
ICB_03874_016,ICB_195,copd,3M Littmann 3200 Electronic,67.0,0,0,1,0.5478172,0.5482949,0,0,adulto
ICB_03875_000,ICB_195,copd,3M Littmann 3200 Electronic,67.0,0,1,1,0.5138993,0.49828216,0,2,adulto
ICB_03875_001,ICB_195,copd,3M Littmann 3200 Electronic,67.0,0,0,1,0.60091317,0.52036256,0,0,adulto
ICB_03875_002,ICB_195,copd,3M Littmann 3200 Electronic,67.0,1,0,1,0.5869585,0.49120826,0,1,adulto
ICB_03875_003,ICB_195,copd,3M Littmann 3200 Electronic,67.0,1,1,1,0.51158386,0.53642136,0,3,adulto
ICB_03875_004,ICB_195,copd,3M Littmann 3200 Electronic,67.0,1,1,1,0.53456515,0.5288071,0,3,adulto
ICB_03875_005,ICB_195,copd,3M Littmann 3200 Electronic,67.0,0,1,1,0.56627136,0.5448884,0,2,adulto
ICB_03875_006,ICB_195,copd,3M Littmann 3200 Electronic,67.0,1,1,1,0.51320344,0.5629868,0,3,adulto
ICB_03875_007,ICB_195,copd,3M Littmann 3200 Electronic,67.0,1,0,1,0.53562313,0.51814425,0,1,adulto
ICB_03875_008,ICB_195,copd,3M Littmann 3200 Electronic,67.0,0,0,1,0.43912765,0.5724387,0,0,adulto
ICB_03875_009,ICB_195,copd,3M Littmann 3200 Electronic,67.0,0,0,1,0.48939055,0.5474038,0,0,adulto
ICB_03875_010,ICB_195,copd,3M Littmann 3200 Electronic,67.0,1,0,1,0.3987896,0.59248245,0,1,adulto
ICB_03876_000,ICB_195,copd,3M Littmann 3200 Electronic,67.0,1,1,1,0.54387283,0.5710629,0,3,adulto
ICB_03876_001,ICB_195,copd,3M Littmann 3200 Electronic,67.0,0,1,1,0.5185733,0.55020523,0,2,adulto
ICB_03876_002,ICB_195,copd,3M Littmann 3200 Electronic,67.0,0,1,1,0.51163495,0.5617473,0,2,adulto
ICB_03876_003,ICB_195,copd,3M Littmann 3200 Electronic,67.0,1,1,1,0.48911524,0.55276966,0,3,adulto
ICB_03876_004,ICB_195,copd,3M Littmann 3200 Electronic,67.0,0,1,1,0.5174015,0.5531948,0,2,adulto
ICB_03876_005,ICB_195,copd,3M Littmann 3200 Electronic,67.0,0,1,1,0.5400248,0.55277216,0,2,adulto
ICB_03876_006,ICB_195,copd,3M Littmann 3200 Electronic,67.0,0,1,1,0.5153895,0.5910452,0,2,adulto
ICB_03876_007,ICB_195,copd,3M Littmann 3200 Electronic,67.0,1,0,1,0.48139316,0.5955103,0,1,adulto
ICB_03876_008,ICB_195,copd,3M Littmann 3200 Electronic,67.0,1,0,1,0.5158592,0.56986773,0,1,adulto
ICB_03877_000,ICB_195,copd,3M Littmann 3200 Electronic,67.0,0,1,1,0.55733496,0.53355616,0,2,adulto
ICB_03877_001,ICB_195,copd,3M Littmann 3200 Electronic,67.0,0,1,1,0.56287116,0.549319,0,2,adulto
ICB_03877_002,ICB_195,copd,3M Littmann 3200 Electronic,67.0,0,0,1,0.5943733,0.5476702,0,0,adulto
ICB_03877_003,ICB_195,copd,3M Littmann 3200 Electronic,67.0,0,1,1,0.4988887,0.5529001,0,2,adulto
ICB_03877_004,ICB_195,copd,3M Littmann 3200 Electronic,67.0,0,1,1,0.499188,0.5516458,0,2,adulto
ICB_03877_005,ICB_195,copd,3M Littmann 3200 Electronic,67.0,0,1,1,0.54930526,0.5558417,0,2,adulto
ICB_03877_006,ICB_195,copd,3M Littmann 3200 Electronic,67.0,0,1,1,0.42178515,0.56777364,0,2,adulto
ICB_03877_007,ICB_195,copd,3M Littmann 3200 Electronic,67.0,0,1,1,0.51175904,0.54422843,0,2,adulto
ICB_03877_008,ICB_195,copd,3M Littmann 3200 Electronic,67.0,0,0,1,0.53478986,0.6260404,2,0,adulto
ICB_03878_000,ICB_195,copd,3M Littmann 3200 Electronic,67.0,0,0,1,0.556438,0.4677148,0,0,adulto
ICB_03878_001,ICB_195,copd,3M Littmann 3200 Electronic,67.0,0,0,1,0.5674773,0.48936862,0,0,adulto
ICB_03878_002,ICB_195,copd,3M Littmann 3200 Electronic,67.0,0,0,1,0.5206733,0.55964285,0,0,adulto
ICB_03878_003,ICB_195,copd,3M Littmann 3200 Electronic,67.0,0,0,1,0.4861432,0.5809556,0,0,adulto
ICB_03878_004,ICB_195,copd,3M Littmann 3200 Electronic,67.0,0,0,1,0.5376558,0.52857107,0,0,adulto
ICB_03878_005,ICB_195,copd,3M Littmann 3200 Electronic,67.0,0,0,1,0.44970334,0.55776304,0,0,adulto
ICB_03878_006,ICB_195,copd,3M Littmann 3200 Electronic,67.0,0,1,1,0.5379238,0.5138246,0,2,adulto
ICB_03878_007,ICB_195,copd,3M Littmann 3200 Electronic,67.0,0,0,1,0.4779457,0.5041212,0,0,adulto
ICB_03878_008,ICB_195,copd,3M Littmann 3200 Electronic,67.0,0,0,1,0.46701595,0.55044633,0,0,adulto
ICB_03878_009,ICB_195,copd,3M Littmann 3200 Electronic,67.0,0,0,1,0.5917738,0.4954686,0,0,adulto
ICB_03878_010,ICB_195,copd,3M Littmann 3200 Electronic,67.0,0,0,1,0.5296945,0.5382383,0,0,adulto
ICB_03878_011,ICB_195,copd,3M Littmann 3200 Electronic,67.0,0,0,1,0.59623104,0.52949345,0,0,adulto
ICB_03878_012,ICB_195,copd,3M Littmann 3200 Electronic,67.0,0,0,1,0.57583255,0.4976798,0,0,adulto
ICB_03878_013,ICB_195,copd,3M Littmann 3200 Electronic,67.0,0,0,1,0.5511036,0.5358904,0,0,adulto
ICB_03878_014,ICB_195,copd,3M Littmann 3200 Electronic,67.0,0,0,1,0.47128853,0.5959034,0,0,adulto
ICB_03878_015,ICB_195,copd,3M Littmann 3200 Electronic,67.0,0,0,1,0.51339996,0.56781256,0,0,adulto
ICB_03878_016,ICB_195,copd,3M Littmann 3200 Electronic,67.0,0,1,1,0.53989935,0.5556384,0,2,adulto
ICB_03880_000,ICB_197,respiratory_infection,AKG C417L Microphone,16.0,0,0,1,0.6040657,0.5580479,0,0,pediátrico (<18)
ICB_03880_001,ICB_197,respiratory_infection,AKG C417L Microphone,16.0,0,0,1,0.6718156,0.5483424,1,0,pediátrico (<18)
ICB_03880_002,ICB_197,respiratory_infection,AKG C417L Microphone,16.0,0,0,1,0.60122097,0.5052794,0,0,pediátrico (<18)
ICB_03881_000,ICB_197,respiratory_infection,AKG C417L Microphone,16.0,0,0,1,0.5607287,0.47673386,0,0,pediátrico (<18)
ICB_03881_001,ICB_197,respiratory_infection,AKG C417L Microphone,16.0,1,0,1,0.51196307,0.48630118,0,1,pediátrico (<18)
ICB_03881_002,ICB_197,respiratory_infection,AKG C417L Microphone,16.0,0,0,1,0.4960038,0.4738493,0,0,pediátrico (<18)
ICB_03881_003,ICB_197,respiratory_infection,AKG C417L Microphone,16.0,0,0,1,0.5397249,0.44322234,0,0,pediátrico (<18)
ICB_03881_004,ICB_197,respiratory_infection,AKG C417L Microphone,16.0,0,1,1,0.51508963,0.45613703,0,2,pediátrico (<18)
ICB_03898_000,ICB_200,copd,AKG C417L Microphone,72.0,0,0,1,0.6319208,0.46270958,0,0,adulto
ICB_03898_001,ICB_200,copd,AKG C417L Microphone,72.0,0,0,1,0.599028,0.51289076,0,0,adulto
ICB_03898_002,ICB_200,copd,AKG C417L Microphone,72.0,0,0,1,0.63736606,0.4851143,0,0,adulto
ICB_03898_003,ICB_200,copd,AKG C417L Microphone,72.0,0,0,1,0.672631,0.52242297,1,0,adulto
ICB_03898_004,ICB_200,copd,AKG C417L Microphone,72.0,0,0,1,0.6385139,0.5208056,0,0,adulto
ICB_03899_000,ICB_200,copd,AKG C417L Microphone,72.0,0,0,1,0.6183439,0.47446534,0,0,adulto
ICB_03899_001,ICB_200,copd,AKG C417L Microphone,72.0,0,0,1,0.5937848,0.46613333,0,0,adulto
ICB_03899_002,ICB_200,copd,AKG C417L Microphone,72.0,0,0,1,0.6034033,0.46888134,0,0,adulto
ICB_03899_003,ICB_200,copd,AKG C417L Microphone,72.0,0,0,1,0.63661283,0.51568544,0,0,adulto
ICB_03899_004,ICB_200,copd,AKG C417L Microphone,72.0,0,0,1,0.61792123,0.50082284,0,0,adulto
ICB_03900_000,ICB_200,copd,AKG C417L Microphone,72.0,0,0,1,0.62432265,0.49234143,0,0,adulto
ICB_03900_001,ICB_200,copd,AKG C417L Microphone,72.0,0,0,1,0.66052544,0.5001382,1,0,adulto
ICB_03900_002,ICB_200,copd,AKG C417L Microphone,72.0,0,0,1,0.6128512,0.47192392,0,0,adulto
ICB_03900_003,ICB_200,copd,AKG C417L Microphone,72.0,0,0,1,0.638833,0.51587325,0,0,adulto
ICB_03900_004,ICB_200,copd,AKG C417L Microphone,72.0,0,0,1,0.66993,0.518242,1,0,adulto
ICB_03901_000,ICB_200,copd,AKG C417L Microphone,72.0,0,0,1,0.57981026,0.46259588,0,0,adulto
ICB_03901_001,ICB_200,copd,AKG C417L Microphone,72.0,0,0,1,0.58303076,0.47960576,0,0,adulto
ICB_03901_002,ICB_200,copd,AKG C417L Microphone,72.0,0,0,1,0.59413683,0.4802322,0,0,adulto
ICB_03901_003,ICB_200,copd,AKG C417L Microphone,72.0,0,0,1,0.5949103,0.5355642,0,0,adulto
ICB_03901_004,ICB_200,copd,AKG C417L Microphone,72.0,0,0,1,0.6244135,0.50854445,0,0,adulto
ICB_03902_000,ICB_200,copd,AKG C417L Microphone,72.0,0,0,1,0.6270723,0.49009505,0,0,adulto
ICB_03902_001,ICB_200,copd,AKG C417L Microphone,72.0,0,0,1,0.62384987,0.49583465,0,0,adulto
ICB_03902_002,ICB_200,copd,AKG C417L Microphone,72.0,0,0,1,0.58132523,0.46013436,0,0,adulto
ICB_03902_003,ICB_200,copd,AKG C417L Microphone,72.0,1,0,1,0.6162072,0.5168309,0,1,adulto
ICB_03902_004,ICB_200,copd,AKG C417L Microphone,72.0,0,0,1,0.64125466,0.501893,0,0,adulto
ICB_03903_000,ICB_200,copd,AKG C417L Microphone,72.0,1,0,1,0.46749476,0.44516173,0,1,adulto
ICB_03903_001,ICB_200,copd,AKG C417L Microphone,72.0,1,0,1,0.5204777,0.43615395,0,1,adulto
ICB_03903_002,ICB_200,copd,AKG C417L Microphone,72.0,1,0,1,0.47046188,0.44656008,0,1,adulto
ICB_03903_003,ICB_200,copd,AKG C417L Microphone,72.0,1,0,1,0.5885038,0.5220603,0,1,adulto
ICB_03903_004,ICB_200,copd,AKG C417L Microphone,72.0,0,0,1,0.5500972,0.4793229,0,0,adulto
ICB_03904_000,ICB_200,copd,AKG C417L Microphone,72.0,0,0,1,0.6583182,0.545254,1,0,adulto
ICB_03904_001,ICB_200,copd,AKG C417L Microphone,72.0,0,0,1,0.66526073,0.5178616,1,0,adulto
ICB_03904_002,ICB_200,copd,AKG C417L Microphone,72.0,0,0,1,0.6700947,0.5282423,1,0,adulto
ICB_03905_000,ICB_200,copd,AKG C417L Microphone,72.0,0,0,1,0.62006474,0.52143276,0,0,adulto
ICB_03905_001,ICB_200,copd,AKG C417L Microphone,72.0,0,0,1,0.65642595,0.54016066,1,0,adulto
ICB_03905_002,ICB_200,copd,AKG C417L Microphone,72.0,0,0,1,0.6499448,0.52346635,0,0,adulto
ICB_03906_000,ICB_200,copd,AKG C417L Microphone,72.0,0,0,1,0.6757896,0.51936567,1,0,adulto
ICB_03906_001,ICB_200,copd,AKG C417L Microphone,72.0,0,0,1,0.67394364,0.5225833,1,0,adulto
ICB_03906_002,ICB_200,copd,AKG C417L Microphone,72.0,0,0,1,0.6303781,0.53473973,0,0,adulto
ICB_03907_000,ICB_200,copd,AKG C417L Microphone,72.0,1,0,1,0.6196354,0.5144061,0,1,adulto
ICB_03907_001,ICB_200,copd,AKG C417L Microphone,72.0,0,0,1,0.61637294,0.51087046,0,0,adulto
ICB_03907_002,ICB_200,copd,AKG C417L Microphone,72.0,0,0,1,0.5914734,0.514021,0,0,adulto
ICB_03908_000,ICB_200,copd,AKG C417L Microphone,72.0,0,0,1,0.6307734,0.5173056,0,0,adulto
ICB_03908_001,ICB_200,copd,AKG C417L Microphone,72.0,0,0,1,0.6413237,0.5120731,0,0,adulto
ICB_03908_002,ICB_200,copd,AKG C417L Microphone,72.0,0,0,1,0.6395985,0.5055799,0,0,adulto
ICB_03909_000,ICB_200,copd,AKG C417L Microphone,72.0,1,0,1,0.5143497,0.5043811,0,1,adulto
ICB_03909_001,ICB_200,copd,AKG C417L Microphone,72.0,0,0,1,0.57146984,0.5095745,0,0,adulto
ICB_03909_002,ICB_200,copd,AKG C417L Microphone,72.0,1,0,1,0.5981625,0.52068007,0,1,adulto
ICB_03910_000,ICB_200,copd,AKG C417L Microphone,72.0,0,0,1,0.55383086,0.45666513,0,0,adulto
ICB_03910_001,ICB_200,copd,AKG C417L Microphone,72.0,0,0,1,0.5527229,0.5197052,0,0,adulto
ICB_03910_002,ICB_200,copd,AKG C417L Microphone,72.0,0,0,1,0.54567313,0.47838876,0,0,adulto
ICB_03910_003,ICB_200,copd,AKG C417L Microphone,72.0,0,0,1,0.5844566,0.50832707,0,0,adulto
ICB_03910_004,ICB_200,copd,AKG C417L Microphone,72.0,0,0,1,0.5521317,0.44339484,0,0,adulto
ICB_03911_000,ICB_200,copd,AKG C417L Microphone,72.0,0,0,1,0.61024415,0.4749035,0,0,adulto
ICB_03911_001,ICB_200,copd,AKG C417L Microphone,72.0,0,0,1,0.58383775,0.51937556,0,0,adulto
ICB_03911_002,ICB_200,copd,AKG C417L Microphone,72.0,0,0,1,0.59281516,0.47795406,0,0,adulto
ICB_03911_003,ICB_200,copd,AKG C417L Microphone,72.0,0,0,1,0.620897,0.51656276,0,0,adulto
ICB_03911_004,ICB_200,copd,AKG C417L Microphone,72.0,0,0,1,0.54655844,0.4111465,0,0,adulto
ICB_03912_000,ICB_200,copd,AKG C417L Microphone,72.0,0,0,1,0.6347897,0.48268446,0,0,adulto
ICB_03912_001,ICB_200,copd,AKG C417L Microphone,72.0,0,0,1,0.67798555,0.53636193,1,0,adulto
ICB_03912_002,ICB_200,copd,AKG C417L Microphone,72.0,0,0,1,0.6387374,0.47295874,0,0,adulto
ICB_03912_003,ICB_200,copd,AKG C417L Microphone,72.0,0,0,1,0.6597747,0.5225808,1,0,adulto
ICB_03912_004,ICB_200,copd,AKG C417L Microphone,72.0,0,0,1,0.6326053,0.48155874,0,0,adulto
ICB_03913_000,ICB_200,copd,AKG C417L Microphone,72.0,0,0,1,0.5921088,0.46925843,0,0,adulto
ICB_03913_001,ICB_200,copd,AKG C417L Microphone,72.0,0,0,1,0.6817112,0.5260649,1,0,adulto
ICB_03913_002,ICB_200,copd,AKG C417L Microphone,72.0,0,0,1,0.64276105,0.47823733,0,0,adulto
ICB_03913_003,ICB_200,copd,AKG C417L Microphone,72.0,1,0,1,0.66581255,0.5239605,1,1,adulto
ICB_03913_004,ICB_200,copd,AKG C417L Microphone,72.0,0,0,1,0.6298298,0.46971908,0,0,adulto
ICB_03914_000,ICB_200,copd,AKG C417L Microphone,72.0,1,0,1,0.59188277,0.48578155,0,1,adulto
ICB_03914_001,ICB_200,copd,AKG C417L Microphone,72.0,0,0,1,0.63414025,0.4937433,0,0,adulto
ICB_03914_002,ICB_200,copd,AKG C417L Microphone,72.0,0,0,1,0.6054387,0.5040993,0,0,adulto
ICB_03914_003,ICB_200,copd,AKG C417L Microphone,72.0,0,0,1,0.64518255,0.51772064,0,0,adulto
ICB_03914_004,ICB_200,copd,AKG C417L Microphone,72.0,0,0,1,0.580502,0.43717963,0,0,adulto
ICB_03915_000,ICB_200,copd,AKG C417L Microphone,72.0,0,0,1,0.55503446,0.44739318,0,0,adulto
ICB_03915_001,ICB_200,copd,AKG C417L Microphone,72.0,0,0,1,0.5612018,0.493368,0,0,adulto
ICB_03915_002,ICB_200,copd,AKG C417L Microphone,72.0,0,0,1,0.5433822,0.47987485,0,0,adulto
ICB_03915_003,ICB_200,copd,AKG C417L Microphone,72.0,0,0,1,0.61041576,0.56164473,0,0,adulto
ICB_03915_004,ICB_200,copd,AKG C417L Microphone,72.0,0,0,1,0.5390078,0.40741348,0,0,adulto
ICB_03916_000,ICB_200,copd,AKG C417L Microphone,72.0,0,0,1,0.6700056,0.52699274,1,0,adulto
ICB_03916_001,ICB_200,copd,AKG C417L Microphone,72.0,0,0,1,0.6232216,0.5149829,0,0,adulto
ICB_03916_002,ICB_200,copd,AKG C417L Microphone,72.0,0,0,1,0.52347237,0.5059518,0,0,adulto
ICB_03916_003,ICB_200,copd,AKG C417L Microphone,72.0,0,0,1,0.5700257,0.5185075,0,0,adulto
ICB_03917_000,ICB_200,copd,AKG C417L Microphone,72.0,0,0,1,0.63983834,0.5275128,0,0,adulto
ICB_03917_001,ICB_200,copd,AKG C417L Microphone,72.0,0,0,1,0.6086647,0.51199734,0,0,adulto
ICB_03917_002,ICB_200,copd,AKG C417L Microphone,72.0,0,0,1,0.5365997,0.4759535,0,0,adulto
ICB_03917_003,ICB_200,copd,AKG C417L Microphone,72.0,0,0,1,0.5699682,0.50254434,0,0,adulto
ICB_03918_000,ICB_200,copd,AKG C417L Microphone,72.0,0,0,1,0.6655507,0.5270904,1,0,adulto
ICB_03918_001,ICB_200,copd,AKG C417L Microphone,72.0,0,0,1,0.6354156,0.50300217,0,0,adulto
ICB_03918_002,ICB_200,copd,AKG C417L Microphone,72.0,0,0,1,0.5991836,0.45911777,0,0,adulto
ICB_03918_003,ICB_200,copd,AKG C417L Microphone,72.0,0,0,1,0.6449304,0.5098622,0,0,adulto
ICB_03919_000,ICB_200,copd,AKG C417L Microphone,72.0,0,0,1,0.6288,0.5247752,0,0,adulto
ICB_03919_001,ICB_200,copd,AKG C417L Microphone,72.0,0,0,1,0.5985185,0.5104709,0,0,adulto
ICB_03919_002,ICB_200,copd,AKG C417L Microphone,72.0,0,0,1,0.57219946,0.458292,0,0,adulto
ICB_03919_003,ICB_200,copd,AKG C417L Microphone,72.0,0,0,1,0.6321585,0.5087404,0,0,adulto
ICB_03920_000,ICB_200,copd,AKG C417L Microphone,72.0,1,0,1,0.5689361,0.5084617,0,1,adulto
ICB_03920_001,ICB_200,copd,AKG C417L Microphone,72.0,0,0,1,0.5228689,0.48176202,0,0,adulto
ICB_03920_002,ICB_200,copd,AKG C417L Microphone,72.0,0,0,1,0.4876399,0.41597688,0,0,adulto
ICB_03920_003,ICB_200,copd,AKG C417L Microphone,72.0,0,0,1,0.5153264,0.4703586,0,0,adulto
ICB_03927_000,ICB_202,normal_lung,AKG C417L Microphone,2.0,0,0,1,0.59568673,0.50521773,0,0,pediátrico (<18)
ICB_03927_001,ICB_202,normal_lung,AKG C417L Microphone,2.0,0,0,1,0.5857468,0.44324437,0,0,pediátrico (<18)
ICB_03927_002,ICB_202,normal_lung,AKG C417L Microphone,2.0,0,0,1,0.59173965,0.47848034,0,0,pediátrico (<18)
ICB_03927_003,ICB_202,normal_lung,AKG C417L Microphone,2.0,0,0,1,0.6109647,0.46243846,0,0,pediátrico (<18)
ICB_03927_004,ICB_202,normal_lung,AKG C417L Microphone,2.0,0,0,1,0.5834025,0.44564417,0,0,pediátrico (<18)
ICB_03927_005,ICB_202,normal_lung,AKG C417L Microphone,2.0,0,0,1,0.5915858,0.4494894,0,0,pediátrico (<18)
ICB_03927_006,ICB_202,normal_lung,AKG C417L Microphone,2.0,0,0,1,0.55540055,0.4557318,0,0,pediátrico (<18)
ICB_03927_007,ICB_202,normal_lung,AKG C417L Microphone,2.0,0,0,1,0.5778145,0.44920632,0,0,pediátrico (<18)
ICB_03927_008,ICB_202,normal_lung,AKG C417L Microphone,2.0,0,0,1,0.5854792,0.45702833,0,0,pediátrico (<18)
ICB_03927_009,ICB_202,normal_lung,AKG C417L Microphone,2.0,0,0,1,0.54232126,0.46385223,0,0,pediátrico (<18)
ICB_03928_000,ICB_203,copd,AKG C417L Microphone,57.0,1,0,1,0.6375989,0.48233187,0,1,adulto
ICB_03928_001,ICB_203,copd,AKG C417L Microphone,57.0,1,0,1,0.6376428,0.46983817,0,1,adulto
ICB_03928_002,ICB_203,copd,AKG C417L Microphone,57.0,1,0,1,0.63919586,0.48846883,0,1,adulto
ICB_03928_003,ICB_203,copd,AKG C417L Microphone,57.0,1,0,1,0.6142071,0.47150734,0,1,adulto
ICB_03928_004,ICB_203,copd,AKG C417L Microphone,57.0,1,0,1,0.60168386,0.4816372,0,1,adulto
ICB_03928_005,ICB_203,copd,AKG C417L Microphone,57.0,1,1,1,0.5587334,0.46280572,0,3,adulto
ICB_03928_006,ICB_203,copd,AKG C417L Microphone,57.0,1,0,1,0.59270096,0.4466964,0,1,adulto
ICB_03928_007,ICB_203,copd,AKG C417L Microphone,57.0,1,0,1,0.599017,0.48994678,0,1,adulto
ICB_03928_008,ICB_203,copd,AKG C417L Microphone,57.0,1,0,1,0.5946582,0.46816266,0,1,adulto
ICB_03928_009,ICB_203,copd,AKG C417L Microphone,57.0,0,0,1,0.6230138,0.46795896,0,0,adulto
ICB_03929_000,ICB_203,copd,AKG C417L Microphone,57.0,1,0,1,0.63283956,0.48482445,0,1,adulto
ICB_03929_001,ICB_203,copd,AKG C417L Microphone,57.0,1,0,1,0.62659657,0.4763087,0,1,adulto
ICB_03929_002,ICB_203,copd,AKG C417L Microphone,57.0,1,0,1,0.6178418,0.504356,0,1,adulto
ICB_03929_003,ICB_203,copd,AKG C417L Microphone,57.0,1,0,1,0.63813514,0.48856726,0,1,adulto
ICB_03929_004,ICB_203,copd,AKG C417L Microphone,57.0,1,0,1,0.6046362,0.48551884,0,1,adulto
ICB_03929_005,ICB_203,copd,AKG C417L Microphone,57.0,1,0,1,0.5992809,0.46530294,0,1,adulto
ICB_03929_006,ICB_203,copd,AKG C417L Microphone,57.0,1,0,1,0.6196994,0.46764266,0,1,adulto
ICB_03929_007,ICB_203,copd,AKG C417L Microphone,57.0,1,0,1,0.6339391,0.47659555,0,1,adulto
ICB_03929_008,ICB_203,copd,AKG C417L Microphone,57.0,1,0,1,0.5976098,0.4720374,0,1,adulto
ICB_03929_009,ICB_203,copd,AKG C417L Microphone,57.0,1,0,1,0.6261699,0.47929716,0,1,adulto
ICB_03930_000,ICB_203,copd,AKG C417L Microphone,57.0,1,1,1,0.63913596,0.46317986,0,3,adulto
ICB_03930_001,ICB_203,copd,AKG C417L Microphone,57.0,1,1,1,0.63347507,0.47452557,0,3,adulto
ICB_03930_002,ICB_203,copd,AKG C417L Microphone,57.0,1,0,1,0.62920856,0.4832298,0,1,adulto
ICB_03930_003,ICB_203,copd,AKG C417L Microphone,57.0,1,1,1,0.5924495,0.48069662,0,3,adulto
ICB_03930_004,ICB_203,copd,AKG C417L Microphone,57.0,1,0,1,0.542487,0.48764965,0,1,adulto
ICB_03930_005,ICB_203,copd,AKG C417L Microphone,57.0,1,0,1,0.5280779,0.46811533,0,1,adulto
ICB_03930_006,ICB_203,copd,AKG C417L Microphone,57.0,1,1,1,0.6285351,0.49029517,0,3,adulto
ICB_03930_007,ICB_203,copd,AKG C417L Microphone,57.0,1,1,1,0.6288531,0.49553356,0,3,adulto
ICB_03930_008,ICB_203,copd,AKG C417L Microphone,57.0,0,0,1,0.50375724,0.47562134,0,0,adulto
ICB_03930_009,ICB_203,copd,AKG C417L Microphone,57.0,1,0,1,0.6035391,0.48873952,0,1,adulto
ICB_03931_000,ICB_203,copd,AKG C417L Microphone,57.0,1,0,1,0.6073058,0.48340043,0,1,adulto
ICB_03931_001,ICB_203,copd,AKG C417L Microphone,57.0,1,0,1,0.6096772,0.47009984,0,1,adulto
ICB_03931_002,ICB_203,copd,AKG C417L Microphone,57.0,1,0,1,0.59789014,0.47758034,0,1,adulto
ICB_03931_003,ICB_203,copd,AKG C417L Microphone,57.0,0,0,1,0.60242623,0.47437155,0,0,adulto
ICB_03931_004,ICB_203,copd,AKG C417L Microphone,57.0,1,0,1,0.5939539,0.46719337,0,1,adulto
ICB_03931_005,ICB_203,copd,AKG C417L Microphone,57.0,1,0,1,0.5838346,0.4570062,0,1,adulto
ICB_03931_006,ICB_203,copd,AKG C417L Microphone,57.0,1,0,1,0.60044307,0.47856626,0,1,adulto
ICB_03931_007,ICB_203,copd,AKG C417L Microphone,57.0,1,0,1,0.59491605,0.46647704,0,1,adulto
ICB_03931_008,ICB_203,copd,AKG C417L Microphone,57.0,1,0,1,0.59610033,0.4777369,0,1,adulto
ICB_03931_009,ICB_203,copd,AKG C417L Microphone,57.0,0,0,1,0.5891939,0.45385876,0,0,adulto
ICB_03932_000,ICB_203,copd,AKG C417L Microphone,57.0,0,0,1,0.6025222,0.4808381,0,0,adulto
ICB_03932_001,ICB_203,copd,AKG C417L Microphone,57.0,1,0,1,0.59648615,0.47575077,0,1,adulto
ICB_03932_002,ICB_203,copd,AKG C417L Microphone,57.0,0,0,1,0.5995586,0.48917067,0,0,adulto
ICB_03932_003,ICB_203,copd,AKG C417L Microphone,57.0,0,0,1,0.6012395,0.47664946,0,0,adulto
ICB_03932_004,ICB_203,copd,AKG C417L Microphone,57.0,0,0,1,0.5938239,0.46972898,0,0,adulto
ICB_03932_005,ICB_203,copd,AKG C417L Microphone,57.0,0,0,1,0.5674839,0.44911578,0,0,adulto
ICB_03932_006,ICB_203,copd,AKG C417L Microphone,57.0,0,0,1,0.6056919,0.47929272,0,0,adulto
ICB_03932_007,ICB_203,copd,AKG C417L Microphone,57.0,1,0,1,0.59924245,0.4675057,0,1,adulto
ICB_03932_008,ICB_203,copd,AKG C417L Microphone,57.0,0,0,1,0.5877507,0.46862707,0,0,adulto
ICB_03932_009,ICB_203,copd,AKG C417L Microphone,57.0,0,0,1,0.57561797,0.4499338,0,0,adulto
ICB_03933_000,ICB_203,copd,AKG C417L Microphone,57.0,0,0,1,0.57172126,0.47241655,0,0,adulto
ICB_03933_001,ICB_203,copd,AKG C417L Microphone,57.0,0,0,1,0.5255407,0.4657412,0,0,adulto
ICB_03933_002,ICB_203,copd,AKG C417L Microphone,57.0,0,0,1,0.5668297,0.48788115,0,0,adulto
ICB_03933_003,ICB_203,copd,AKG C417L Microphone,57.0,0,0,1,0.54341036,0.47079784,0,0,adulto
ICB_03933_004,ICB_203,copd,AKG C417L Microphone,57.0,0,1,1,0.55315113,0.50356466,0,2,adulto
ICB_03933_005,ICB_203,copd,AKG C417L Microphone,57.0,0,1,1,0.52484816,0.48046237,0,2,adulto
ICB_03933_006,ICB_203,copd,AKG C417L Microphone,57.0,0,0,1,0.52690995,0.463397,0,0,adulto
ICB_03933_007,ICB_203,copd,AKG C417L Microphone,57.0,0,0,1,0.53597397,0.50481576,0,0,adulto
ICB_03933_008,ICB_203,copd,AKG C417L Microphone,57.0,0,0,1,0.5608957,0.49396685,0,0,adulto
ICB_03933_009,ICB_203,copd,AKG C417L Microphone,57.0,0,0,1,0.5469485,0.46415427,0,0,adulto
ICB_03934_000,ICB_203,copd,AKG C417L Microphone,57.0,1,0,1,0.56783396,0.46517786,0,1,adulto
ICB_03934_001,ICB_203,copd,AKG C417L Microphone,57.0,1,0,1,0.59746695,0.48945737,0,1,adulto
ICB_03934_002,ICB_203,copd,AKG C417L Microphone,57.0,1,0,1,0.6043601,0.48274022,0,1,adulto
ICB_03934_003,ICB_203,copd,AKG C417L Microphone,57.0,0,0,1,0.5916656,0.47238696,0,0,adulto
ICB_03934_004,ICB_203,copd,AKG C417L Microphone,57.0,1,0,1,0.59004027,0.47203773,0,1,adulto
ICB_03934_005,ICB_203,copd,AKG C417L Microphone,57.0,1,0,1,0.5914066,0.47274733,0,1,adulto
ICB_03934_006,ICB_203,copd,AKG C417L Microphone,57.0,1,0,1,0.6149268,0.47512487,0,1,adulto
ICB_03934_007,ICB_203,copd,AKG C417L Microphone,57.0,1,0,1,0.58983195,0.48048353,0,1,adulto
ICB_03934_008,ICB_203,copd,AKG C417L Microphone,57.0,1,0,1,0.6084762,0.4809224,0,1,adulto
ICB_03934_009,ICB_203,copd,AKG C417L Microphone,57.0,0,0,1,0.5954167,0.45805806,0,0,adulto
ICB_03935_000,ICB_203,copd,AKG C417L Microphone,57.0,1,0,1,0.5815516,0.4502981,0,1,adulto
ICB_03935_001,ICB_203,copd,AKG C417L Microphone,57.0,1,0,1,0.6106379,0.48569593,0,1,adulto
ICB_03935_002,ICB_203,copd,AKG C417L Microphone,57.0,1,0,1,0.6121541,0.48124164,0,1,adulto
ICB_03935_003,ICB_203,copd,AKG C417L Microphone,57.0,1,1,1,0.61307424,0.46718556,0,3,adulto
ICB_03935_004,ICB_203,copd,AKG C417L Microphone,57.0,1,0,1,0.5944126,0.4784787,0,1,adulto
ICB_03935_005,ICB_203,copd,AKG C417L Microphone,57.0,1,0,1,0.6095214,0.48529553,0,1,adulto
ICB_03935_006,ICB_203,copd,AKG C417L Microphone,57.0,1,0,1,0.57418317,0.439664,0,1,adulto
ICB_03935_007,ICB_203,copd,AKG C417L Microphone,57.0,1,0,1,0.61695033,0.50688547,0,1,adulto
ICB_03935_008,ICB_203,copd,AKG C417L Microphone,57.0,1,0,1,0.6057588,0.47914094,0,1,adulto
ICB_03935_009,ICB_203,copd,AKG C417L Microphone,57.0,1,0,1,0.59932715,0.46978453,0,1,adulto
ICB_03936_000,ICB_203,copd,AKG C417L Microphone,57.0,0,0,1,0.54067546,0.46169955,0,0,adulto
ICB_03936_001,ICB_203,copd,AKG C417L Microphone,57.0,1,0,1,0.55563194,0.4753193,0,1,adulto
ICB_03936_002,ICB_203,copd,AKG C417L Microphone,57.0,1,0,1,0.5597458,0.46928582,0,1,adulto
ICB_03936_003,ICB_203,copd,AKG C417L Microphone,57.0,1,0,1,0.5595292,0.47793305,0,1,adulto
ICB_03936_004,ICB_203,copd,AKG C417L Microphone,57.0,1,0,1,0.54349875,0.46467322,0,1,adulto
ICB_03936_005,ICB_203,copd,AKG C417L Microphone,57.0,1,0,1,0.55531037,0.46067575,0,1,adulto
ICB_03936_006,ICB_203,copd,AKG C417L Microphone,57.0,1,0,1,0.56220275,0.46559447,0,1,adulto
ICB_03936_007,ICB_203,copd,AKG C417L Microphone,57.0,1,0,1,0.5712418,0.4762982,0,1,adulto
ICB_03936_008,ICB_203,copd,AKG C417L Microphone,57.0,1,0,1,0.5725162,0.4741826,0,1,adulto
ICB_03936_009,ICB_203,copd,AKG C417L Microphone,57.0,1,0,1,0.5510578,0.4590275,0,1,adulto
ICB_03937_000,ICB_203,copd,AKG C417L Microphone,57.0,1,0,1,0.57406104,0.48162505,0,1,adulto
ICB_03937_001,ICB_203,copd,AKG C417L Microphone,57.0,1,0,1,0.5784204,0.47696653,0,1,adulto
ICB_03937_002,ICB_203,copd,AKG C417L Microphone,57.0,1,0,1,0.57112354,0.4665448,0,1,adulto
ICB_03937_003,ICB_203,copd,AKG C417L Microphone,57.0,0,0,1,0.5867003,0.4747864,0,0,adulto
ICB_03937_004,ICB_203,copd,AKG C417L Microphone,57.0,0,0,1,0.5719953,0.4651207,0,0,adulto
ICB_03937_005,ICB_203,copd,AKG C417L Microphone,57.0,1,1,1,0.5764864,0.47180554,0,3,adulto
ICB_03937_006,ICB_203,copd,AKG C417L Microphone,57.0,1,0,1,0.5815793,0.46263424,0,1,adulto
ICB_03937_007,ICB_203,copd,AKG C417L Microphone,57.0,0,0,1,0.59718305,0.47277337,0,0,adulto
ICB_03937_008,ICB_203,copd,AKG C417L Microphone,57.0,1,0,1,0.59203285,0.46350965,0,1,adulto
ICB_03937_009,ICB_203,copd,AKG C417L Microphone,57.0,1,0,1,0.5801601,0.45831084,0,1,adulto
ICB_03938_000,ICB_203,copd,AKG C417L Microphone,57.0,0,0,1,0.47143167,0.4452913,0,0,adulto
ICB_03938_001,ICB_203,copd,AKG C417L Microphone,57.0,0,1,1,0.488094,0.46553302,0,2,adulto
ICB_03938_002,ICB_203,copd,AKG C417L Microphone,57.0,0,0,1,0.50677675,0.45601293,0,0,adulto
ICB_03938_003,ICB_203,copd,AKG C417L Microphone,57.0,0,0,1,0.48267648,0.44742283,0,0,adulto
ICB_03938_004,ICB_203,copd,AKG C417L Microphone,57.0,0,0,1,0.50717866,0.45344514,0,0,adulto
ICB_03938_005,ICB_203,copd,AKG C417L Microphone,57.0,0,0,1,0.51754797,0.4561534,0,0,adulto
ICB_03938_006,ICB_203,copd,AKG C417L Microphone,57.0,0,0,1,0.5019106,0.44327703,0,0,adulto
ICB_03938_007,ICB_203,copd,AKG C417L Microphone,57.0,0,0,1,0.4943808,0.45014796,0,0,adulto
ICB_03938_008,ICB_203,copd,AKG C417L Microphone,57.0,0,0,1,0.49282923,0.46376884,0,0,adulto
ICB_03938_009,ICB_203,copd,AKG C417L Microphone,57.0,0,0,1,0.48163456,0.43467084,0,0,adulto
ICB_03939_000,ICB_203,copd,AKG C417L Microphone,57.0,0,0,1,0.6145647,0.47512412,0,0,adulto
ICB_03939_001,ICB_203,copd,AKG C417L Microphone,57.0,1,0,1,0.59693265,0.46621445,0,1,adulto
ICB_03939_002,ICB_203,copd,AKG C417L Microphone,57.0,1,0,1,0.61878157,0.5144882,0,1,adulto
ICB_03939_003,ICB_203,copd,AKG C417L Microphone,57.0,1,0,1,0.6098229,0.478084,0,1,adulto
ICB_03939_004,ICB_203,copd,AKG C417L Microphone,57.0,0,0,1,0.64442796,0.48242792,0,0,adulto
ICB_03939_005,ICB_203,copd,AKG C417L Microphone,57.0,0,0,1,0.63761014,0.49214628,0,0,adulto
ICB_03939_006,ICB_203,copd,AKG C417L Microphone,57.0,0,0,1,0.6189602,0.48283127,0,0,adulto
ICB_03939_007,ICB_203,copd,AKG C417L Microphone,57.0,0,0,1,0.62886167,0.4722877,0,0,adulto
ICB_03939_008,ICB_203,copd,AKG C417L Microphone,57.0,0,0,1,0.62477434,0.46749422,0,0,adulto
ICB_03940_000,ICB_203,copd,AKG C417L Microphone,57.0,0,0,1,0.61231804,0.47424012,0,0,adulto
ICB_03940_001,ICB_203,copd,AKG C417L Microphone,57.0,1,0,1,0.61108196,0.46776858,0,1,adulto
ICB_03940_002,ICB_203,copd,AKG C417L Microphone,57.0,1,0,1,0.61025655,0.49105257,0,1,adulto
ICB_03940_003,ICB_203,copd,AKG C417L Microphone,57.0,1,0,1,0.61024034,0.48263493,0,1,adulto
ICB_03940_004,ICB_203,copd,AKG C417L Microphone,57.0,1,0,1,0.64168733,0.47960445,0,1,adulto
ICB_03940_005,ICB_203,copd,AKG C417L Microphone,57.0,1,0,1,0.624991,0.47645593,0,1,adulto
ICB_03940_006,ICB_203,copd,AKG C417L Microphone,57.0,1,0,1,0.6282768,0.49416295,0,1,adulto
ICB_03940_007,ICB_203,copd,AKG C417L Microphone,57.0,0,0,1,0.59623,0.45305368,0,0,adulto
ICB_03940_008,ICB_203,copd,AKG C417L Microphone,57.0,1,0,1,0.58654785,0.4726077,0,1,adulto
ICB_03941_000,ICB_203,copd,AKG C417L Microphone,57.0,1,0,1,0.5898855,0.46375164,0,1,adulto
ICB_03941_001,ICB_203,copd,AKG C417L Microphone,57.0,1,0,1,0.56792694,0.47311333,0,1,adulto
ICB_03941_002,ICB_203,copd,AKG C417L Microphone,57.0,1,0,1,0.5613753,0.4663593,0,1,adulto
ICB_03941_003,ICB_203,copd,AKG C417L Microphone,57.0,1,0,1,0.5614098,0.45793054,0,1,adulto
ICB_03941_004,ICB_203,copd,AKG C417L Microphone,57.0,1,0,1,0.5908291,0.47712356,0,1,adulto
ICB_03941_005,ICB_203,copd,AKG C417L Microphone,57.0,1,0,1,0.59365284,0.4684215,0,1,adulto
ICB_03941_006,ICB_203,copd,AKG C417L Microphone,57.0,1,1,1,0.5654733,0.45904276,0,3,adulto
ICB_03941_007,ICB_203,copd,AKG C417L Microphone,57.0,1,0,1,0.5719022,0.46415144,0,1,adulto
ICB_03941_008,ICB_203,copd,AKG C417L Microphone,57.0,0,0,1,0.5563086,0.4419516,0,0,adulto
ICB_03942_000,ICB_203,copd,AKG C417L Microphone,57.0,0,0,1,0.5880815,0.4643143,0,0,adulto
ICB_03942_001,ICB_203,copd,AKG C417L Microphone,57.0,1,0,1,0.5582029,0.44943795,0,1,adulto
ICB_03942_002,ICB_203,copd,AKG C417L Microphone,57.0,0,0,1,0.5811851,0.47452396,0,0,adulto
ICB_03942_003,ICB_203,copd,AKG C417L Microphone,57.0,1,0,1,0.5894834,0.48212752,0,1,adulto
ICB_03942_004,ICB_203,copd,AKG C417L Microphone,57.0,0,0,1,0.5987775,0.4753305,0,0,adulto
ICB_03942_005,ICB_203,copd,AKG C417L Microphone,57.0,0,0,1,0.6009867,0.47847307,0,0,adulto
ICB_03942_006,ICB_203,copd,AKG C417L Microphone,57.0,0,0,1,0.57079214,0.44985235,0,0,adulto
ICB_03942_007,ICB_203,copd,AKG C417L Microphone,57.0,0,0,1,0.59143,0.46563283,0,0,adulto
ICB_03942_008,ICB_203,copd,AKG C417L Microphone,57.0,0,0,1,0.575637,0.44623503,0,0,adulto
ICB_03943_000,ICB_203,copd,AKG C417L Microphone,57.0,0,0,1,0.49002725,0.47393277,0,0,adulto
ICB_03943_001,ICB_203,copd,AKG C417L Microphone,57.0,1,0,1,0.52252215,0.47417107,0,1,adulto
ICB_03943_002,ICB_203,copd,AKG C417L Microphone,57.0,1,0,1,0.54625285,0.47596517,0,1,adulto
ICB_03943_003,ICB_203,copd,AKG C417L Microphone,57.0,0,0,1,0.5381843,0.47758204,0,0,adulto
ICB_03943_004,ICB_203,copd,AKG C417L Microphone,57.0,0,0,1,0.5210521,0.45072538,0,0,adulto
ICB_03943_005,ICB_203,copd,AKG C417L Microphone,57.0,0,0,1,0.54688257,0.48180574,0,0,adulto
ICB_03943_006,ICB_203,copd,AKG C417L Microphone,57.0,1,0,1,0.52113116,0.46877822,0,1,adulto
ICB_03943_007,ICB_203,copd,AKG C417L Microphone,57.0,1,1,1,0.52201855,0.46445587,0,3,adulto
ICB_03943_008,ICB_203,copd,AKG C417L Microphone,57.0,0,0,1,0.5053823,0.45628846,0,0,adulto
ICB_03944_000,ICB_203,copd,AKG C417L Microphone,57.0,0,0,1,0.59014934,0.48636502,0,0,adulto
ICB_03944_001,ICB_203,copd,AKG C417L Microphone,57.0,0,0,1,0.5659432,0.4781599,0,0,adulto
ICB_03944_002,ICB_203,copd,AKG C417L Microphone,57.0,0,0,1,0.58172625,0.4885197,0,0,adulto
ICB_03944_003,ICB_203,copd,AKG C417L Microphone,57.0,0,0,1,0.5823681,0.46903104,0,0,adulto
ICB_03944_004,ICB_203,copd,AKG C417L Microphone,57.0,0,0,1,0.6194282,0.49076942,0,0,adulto
ICB_03944_005,ICB_203,copd,AKG C417L Microphone,57.0,0,0,1,0.62176186,0.45788336,0,0,adulto
ICB_03945_000,ICB_203,copd,AKG C417L Microphone,57.0,0,0,1,0.63236064,0.5125015,0,0,adulto
ICB_03945_001,ICB_203,copd,AKG C417L Microphone,57.0,1,0,1,0.6283743,0.47376907,0,1,adulto
ICB_03945_002,ICB_203,copd,AKG C417L Microphone,57.0,1,0,1,0.6218868,0.47295713,0,1,adulto
ICB_03945_003,ICB_203,copd,AKG C417L Microphone,57.0,1,0,1,0.6106313,0.45770726,0,1,adulto
ICB_03945_004,ICB_203,copd,AKG C417L Microphone,57.0,1,0,1,0.61761284,0.49734813,0,1,adulto
ICB_03945_005,ICB_203,copd,AKG C417L Microphone,57.0,1,0,1,0.6277555,0.47312284,0,1,adulto
ICB_03946_000,ICB_203,copd,AKG C417L Microphone,57.0,0,0,1,0.6291543,0.4885004,0,0,adulto
ICB_03946_001,ICB_203,copd,AKG C417L Microphone,57.0,0,0,1,0.5771897,0.46733037,0,0,adulto
ICB_03946_002,ICB_203,copd,AKG C417L Microphone,57.0,1,0,1,0.5744768,0.47681782,0,1,adulto
ICB_03946_003,ICB_203,copd,AKG C417L Microphone,57.0,0,0,1,0.57971114,0.46816644,0,0,adulto
ICB_03946_004,ICB_203,copd,AKG C417L Microphone,57.0,0,0,1,0.586247,0.46855408,0,0,adulto
ICB_03946_005,ICB_203,copd,AKG C417L Microphone,57.0,0,0,1,0.5570082,0.43262106,0,0,adulto
ICB_03947_000,ICB_203,copd,AKG C417L Microphone,57.0,0,0,1,0.6293648,0.48877528,0,0,adulto
ICB_03947_001,ICB_203,copd,AKG C417L Microphone,57.0,0,0,1,0.5953555,0.4775369,0,0,adulto
ICB_03947_002,ICB_203,copd,AKG C417L Microphone,57.0,0,0,1,0.58183956,0.47230467,0,0,adulto
ICB_03947_003,ICB_203,copd,AKG C417L Microphone,57.0,1,0,1,0.5942607,0.48076066,0,1,adulto
ICB_03947_004,ICB_203,copd,AKG C417L Microphone,57.0,0,0,1,0.59636176,0.46942568,0,0,adulto
ICB_03947_005,ICB_203,copd,AKG C417L Microphone,57.0,1,0,1,0.5678644,0.44139862,0,1,adulto
ICB_03948_000,ICB_203,copd,AKG C417L Microphone,57.0,0,0,1,0.5102249,0.46998894,0,0,adulto
ICB_03948_001,ICB_203,copd,AKG C417L Microphone,57.0,0,0,1,0.48056495,0.4552706,0,0,adulto
ICB_03948_002,ICB_203,copd,AKG C417L Microphone,57.0,0,0,1,0.46030214,0.4558107,0,0,adulto
ICB_03948_003,ICB_203,copd,AKG C417L Microphone,57.0,0,0,1,0.4802794,0.4588184,0,0,adulto
ICB_03948_004,ICB_203,copd,AKG C417L Microphone,57.0,0,0,1,0.5005802,0.46587414,0,0,adulto
ICB_03948_005,ICB_203,copd,AKG C417L Microphone,57.0,0,0,1,0.46159863,0.39380348,0,0,adulto
ICB_04004_000,ICB_210,respiratory_infection,3M Littmann Classic II SE,1.0,0,0,1,0.5549168,0.48742875,0,0,pediátrico (<18)
ICB_04004_001,ICB_210,respiratory_infection,3M Littmann Classic II SE,1.0,0,0,1,0.5035115,0.43875107,0,0,pediátrico (<18)
ICB_04004_002,ICB_210,respiratory_infection,3M Littmann Classic II SE,1.0,0,0,1,0.5570556,0.4391523,0,0,pediátrico (<18)
ICB_04004_003,ICB_210,respiratory_infection,3M Littmann Classic II SE,1.0,0,0,1,0.40588307,0.53681713,0,0,pediátrico (<18)
ICB_04004_004,ICB_210,respiratory_infection,3M Littmann Classic II SE,1.0,0,0,1,0.50649726,0.423285,0,0,pediátrico (<18)
ICB_04004_005,ICB_210,respiratory_infection,3M Littmann Classic II SE,1.0,0,0,1,0.5458743,0.47978878,0,0,pediátrico (<18)
ICB_04004_006,ICB_210,respiratory_infection,3M Littmann Classic II SE,1.0,0,0,1,0.5612732,0.42954075,0,0,pediátrico (<18)
ICB_04004_007,ICB_210,respiratory_infection,3M Littmann Classic II SE,1.0,0,0,1,0.53637296,0.4332106,0,0,pediátrico (<18)
ICB_04004_008,ICB_210,respiratory_infection,3M Littmann Classic II SE,1.0,1,0,1,0.4896153,0.4410639,0,1,pediátrico (<18)
ICB_04004_009,ICB_210,respiratory_infection,3M Littmann Classic II SE,1.0,0,0,1,0.5323372,0.43364558,0,0,pediátrico (<18)
ICB_04004_010,ICB_210,respiratory_infection,3M Littmann Classic II SE,1.0,0,0,1,0.53400564,0.43354014,0,0,pediátrico (<18)
ICB_04004_011,ICB_210,respiratory_infection,3M Littmann Classic II SE,1.0,0,0,1,0.5326486,0.42461717,0,0,pediátrico (<18)
ICB_04004_012,ICB_210,respiratory_infection,3M Littmann Classic II SE,1.0,0,0,1,0.494595,0.40638456,0,0,pediátrico (<18)
ICB_04004_013,ICB_210,respiratory_infection,3M Littmann Classic II SE,1.0,0,0,1,0.44353595,0.39939085,0,0,pediátrico (<18)
ICB_04004_014,ICB_210,respiratory_infection,3M Littmann Classic II SE,1.0,0,0,1,0.58390963,0.4640725,0,0,pediátrico (<18)
ICB_04004_015,ICB_210,respiratory_infection,3M Littmann Classic II SE,1.0,0,0,1,0.54659164,0.4387402,0,0,pediátrico (<18)
ICB_04004_016,ICB_210,respiratory_infection,3M Littmann Classic II SE,1.0,0,0,1,0.5200322,0.42216477,0,0,pediátrico (<18)
ICB_04004_017,ICB_210,respiratory_infection,3M Littmann Classic II SE,1.0,0,0,1,0.50266415,0.43981108,0,0,pediátrico (<18)
ICB_04005_000,ICB_210,respiratory_infection,3M Littmann Classic II SE,1.0,0,0,1,0.4712465,0.4766194,0,0,pediátrico (<18)
ICB_04005_001,ICB_210,respiratory_infection,3M Littmann Classic II SE,1.0,0,0,1,0.47836643,0.38959673,0,0,pediátrico (<18)
ICB_04005_002,ICB_210,respiratory_infection,3M Littmann Classic II SE,1.0,0,0,1,0.48669598,0.48321217,0,0,pediátrico (<18)
ICB_04005_003,ICB_210,respiratory_infection,3M Littmann Classic II SE,1.0,0,0,1,0.45496735,0.47197983,0,0,pediátrico (<18)
ICB_04005_004,ICB_210,respiratory_infection,3M Littmann Classic II SE,1.0,0,0,1,0.44124466,0.43381518,0,0,pediátrico (<18)
ICB_04005_005,ICB_210,respiratory_infection,3M Littmann Classic II SE,1.0,1,0,1,0.5062413,0.467162,0,1,pediátrico (<18)
ICB_04005_006,ICB_210,respiratory_infection,3M Littmann Classic II SE,1.0,0,0,1,0.5104276,0.41120616,0,0,pediátrico (<18)
ICB_04005_007,ICB_210,respiratory_infection,3M Littmann Classic II SE,1.0,0,0,1,0.4975752,0.4349761,0,0,pediátrico (<18)
ICB_04005_008,ICB_210,respiratory_infection,3M Littmann Classic II SE,1.0,0,0,1,0.49198756,0.46103585,0,0,pediátrico (<18)
ICB_04005_009,ICB_210,respiratory_infection,3M Littmann Classic II SE,1.0,0,0,1,0.5018733,0.4605965,0,0,pediátrico (<18)
ICB_04005_010,ICB_210,respiratory_infection,3M Littmann Classic II SE,1.0,0,0,1,0.5543389,0.4475345,0,0,pediátrico (<18)
ICB_04005_011,ICB_210,respiratory_infection,3M Littmann Classic II SE,1.0,0,0,1,0.5375759,0.44742537,0,0,pediátrico (<18)
ICB_04005_012,ICB_210,respiratory_infection,3M Littmann Classic II SE,1.0,0,0,1,0.52517325,0.43570966,0,0,pediátrico (<18)
ICB_04054_000,ICB_220,copd,3M Littmann Classic II SE,66.0,0,0,1,0.5230082,0.4571818,0,0,adulto
ICB_04054_001,ICB_220,copd,3M Littmann Classic II SE,66.0,0,0,1,0.49413508,0.43282214,0,0,adulto
ICB_04054_002,ICB_220,copd,3M Littmann Classic II SE,66.0,0,0,1,0.49731842,0.43897125,0,0,adulto
ICB_04054_003,ICB_220,copd,3M Littmann Classic II SE,66.0,0,0,1,0.49966767,0.4364879,0,0,adulto
ICB_04054_004,ICB_220,copd,3M Littmann Classic II SE,66.0,0,0,1,0.4869183,0.43663114,0,0,adulto
ICB_04054_005,ICB_220,copd,3M Littmann Classic II SE,66.0,1,0,1,0.4952109,0.43099865,0,1,adulto
ICB_04054_006,ICB_220,copd,3M Littmann Classic II SE,66.0,1,0,1,0.5285134,0.4393823,0,1,adulto
ICB_04055_000,ICB_220,copd,3M Littmann Classic II SE,66.0,0,0,1,0.5473342,0.44330066,0,0,adulto
ICB_04055_001,ICB_220,copd,3M Littmann Classic II SE,66.0,0,0,1,0.6331906,0.5174368,0,0,adulto
ICB_04055_002,ICB_220,copd,3M Littmann Classic II SE,66.0,0,0,1,0.6381098,0.4743621,0,0,adulto
ICB_04055_003,ICB_220,copd,3M Littmann Classic II SE,66.0,0,0,1,0.6434392,0.4864287,0,0,adulto
ICB_04055_004,ICB_220,copd,3M Littmann Classic II SE,66.0,0,0,1,0.63323766,0.49624753,0,0,adulto
ICB_04055_005,ICB_220,copd,3M Littmann Classic II SE,66.0,0,0,1,0.64198065,0.4833132,0,0,adulto
ICB_04055_006,ICB_220,copd,3M Littmann Classic II SE,66.0,0,0,1,0.6455443,0.47919548,0,0,adulto
ICB_04056_000,ICB_221,copd,3M Littmann Classic II SE,74.0,0,1,1,0.5960907,0.5081361,0,2,adulto
ICB_04056_001,ICB_221,copd,3M Littmann Classic II SE,74.0,1,1,1,0.6314811,0.55161625,0,3,adulto
ICB_04056_002,ICB_221,copd,3M Littmann Classic II SE,74.0,1,1,1,0.6205085,0.5479341,0,3,adulto
ICB_04056_003,ICB_221,copd,3M Littmann Classic II SE,74.0,1,1,1,0.63629687,0.54397815,0,3,adulto
ICB_04056_004,ICB_221,copd,3M Littmann Classic II SE,74.0,1,1,1,0.6254994,0.50785655,0,3,adulto
ICB_04057_000,ICB_221,copd,3M Littmann Classic II SE,74.0,0,1,1,0.61934596,0.4898951,0,2,adulto
ICB_04057_001,ICB_221,copd,3M Littmann Classic II SE,74.0,1,1,1,0.6496387,0.53215736,0,3,adulto
ICB_04057_002,ICB_221,copd,3M Littmann Classic II SE,74.0,0,1,1,0.6569661,0.53881806,1,2,adulto
ICB_04057_003,ICB_221,copd,3M Littmann Classic II SE,74.0,1,1,1,0.67461133,0.53421456,1,3,adulto
ICB_04057_004,ICB_221,copd,3M Littmann Classic II SE,74.0,1,1,1,0.6378745,0.50871897,0,3,adulto
ICB_04058_000,ICB_221,copd,3M Littmann Classic II SE,74.0,1,1,1,0.58255523,0.51259124,0,3,adulto
ICB_04058_001,ICB_221,copd,3M Littmann Classic II SE,74.0,1,1,1,0.6032865,0.48953888,0,3,adulto
ICB_04058_002,ICB_221,copd,3M Littmann Classic II SE,74.0,0,1,1,0.61466235,0.54131377,0,2,adulto
ICB_04058_003,ICB_221,copd,3M Littmann Classic II SE,74.0,1,1,1,0.6186061,0.5337351,0,3,adulto
ICB_04058_004,ICB_221,copd,3M Littmann Classic II SE,74.0,1,1,1,0.5968152,0.4948552,0,3,adulto
ICB_04059_000,ICB_221,copd,3M Littmann Classic II SE,74.0,0,1,1,0.630073,0.499039,0,2,adulto
ICB_04059_001,ICB_221,copd,3M Littmann Classic II SE,74.0,0,1,1,0.64525497,0.52447414,0,2,adulto
ICB_04059_002,ICB_221,copd,3M Littmann Classic II SE,74.0,0,1,1,0.63486737,0.5408853,0,2,adulto
ICB_04059_003,ICB_221,copd,3M Littmann Classic II SE,74.0,0,1,1,0.64717513,0.5302677,0,2,adulto
ICB_04059_004,ICB_221,copd,3M Littmann Classic II SE,74.0,0,1,1,0.61716646,0.481575,0,2,adulto
ICB_04060_000,ICB_221,copd,3M Littmann Classic II SE,74.0,0,1,1,0.5415634,0.50089175,0,2,adulto
ICB_04060_001,ICB_221,copd,3M Littmann Classic II SE,74.0,0,1,1,0.6215855,0.5366648,0,2,adulto
ICB_04060_002,ICB_221,copd,3M Littmann Classic II SE,74.0,0,1,1,0.6077147,0.5120472,0,2,adulto
ICB_04060_003,ICB_221,copd,3M Littmann Classic II SE,74.0,0,1,1,0.6246508,0.5396191,0,2,adulto
ICB_04060_004,ICB_221,copd,3M Littmann Classic II SE,74.0,0,1,1,0.6265107,0.5589589,0,2,adulto
ICB_04060_005,ICB_221,copd,3M Littmann Classic II SE,74.0,0,0,1,0.59666866,0.49787694,0,0,adulto
ICB_04061_000,ICB_221,copd,3M Littmann Classic II SE,74.0,0,0,1,0.5548691,0.5276767,0,0,adulto
ICB_04061_001,ICB_221,copd,3M Littmann Classic II SE,74.0,1,1,1,0.6684052,0.53171736,1,3,adulto
ICB_04061_002,ICB_221,copd,3M Littmann Classic II SE,74.0,1,1,1,0.64717054,0.56458074,0,3,adulto
ICB_04061_003,ICB_221,copd,3M Littmann Classic II SE,74.0,1,1,1,0.6493866,0.54419285,0,3,adulto
ICB_04061_004,ICB_221,copd,3M Littmann Classic II SE,74.0,1,1,1,0.6602559,0.5705045,1,3,adulto
ICB_04061_005,ICB_221,copd,3M Littmann Classic II SE,74.0,0,1,1,0.5906472,0.47750586,0,2,adulto
ICB_04062_000,ICB_221,copd,3M Littmann Classic II SE,74.0,0,0,1,0.61215883,0.5337178,0,0,adulto
ICB_04062_001,ICB_221,copd,3M Littmann Classic II SE,74.0,1,1,1,0.6440208,0.5317739,0,3,adulto
ICB_04062_002,ICB_221,copd,3M Littmann Classic II SE,74.0,1,1,1,0.61863935,0.52686554,0,3,adulto
ICB_04062_003,ICB_221,copd,3M Littmann Classic II SE,74.0,1,1,1,0.60691506,0.5054735,0,3,adulto
ICB_04062_004,ICB_221,copd,3M Littmann Classic II SE,74.0,1,1,1,0.6130198,0.51757205,0,3,adulto
ICB_04063_000,ICB_221,copd,3M Littmann Classic II SE,74.0,0,1,1,0.6245376,0.5020686,0,2,adulto
ICB_04063_001,ICB_221,copd,3M Littmann Classic II SE,74.0,0,1,1,0.61541075,0.5402917,0,2,adulto
ICB_04063_002,ICB_221,copd,3M Littmann Classic II SE,74.0,0,1,1,0.61518705,0.5146482,0,2,adulto
ICB_04063_003,ICB_221,copd,3M Littmann Classic II SE,74.0,0,1,1,0.6112294,0.51091504,0,2,adulto
ICB_04063_004,ICB_221,copd,3M Littmann Classic II SE,74.0,0,1,1,0.65844893,0.53358155,1,2,adulto
ICB_04063_005,ICB_221,copd,3M Littmann Classic II SE,74.0,0,0,1,0.5769692,0.46368602,0,0,adulto
ICB_04064_000,ICB_221,copd,3M Littmann Classic II SE,74.0,0,1,1,0.58475894,0.49588308,0,2,adulto
ICB_04064_001,ICB_221,copd,3M Littmann Classic II SE,74.0,0,1,1,0.6221696,0.5385353,0,2,adulto
ICB_04064_002,ICB_221,copd,3M Littmann Classic II SE,74.0,0,1,1,0.6172573,0.54004127,0,2,adulto
ICB_04064_003,ICB_221,copd,3M Littmann Classic II SE,74.0,0,1,1,0.6264464,0.5456907,0,2,adulto
ICB_04064_004,ICB_221,copd,3M Littmann Classic II SE,74.0,0,1,1,0.59947616,0.5131627,0,2,adulto
ICB_04065_000,ICB_221,copd,3M Littmann Classic II SE,74.0,0,1,1,0.61690366,0.5071894,0,2,adulto
ICB_04065_001,ICB_221,copd,3M Littmann Classic II SE,74.0,1,1,1,0.6550076,0.5291601,1,3,adulto
ICB_04065_002,ICB_221,copd,3M Littmann Classic II SE,74.0,1,1,1,0.6692935,0.55387986,1,3,adulto
ICB_04065_003,ICB_221,copd,3M Littmann Classic II SE,74.0,1,1,1,0.67170864,0.54404014,1,3,adulto
ICB_04065_004,ICB_221,copd,3M Littmann Classic II SE,74.0,1,1,1,0.6373306,0.5080967,0,3,adulto
ICB_04066_000,ICB_221,copd,3M Littmann Classic II SE,74.0,0,1,1,0.5769321,0.46771058,0,2,adulto
ICB_04066_001,ICB_221,copd,3M Littmann Classic II SE,74.0,1,1,1,0.6225478,0.5199286,0,3,adulto
ICB_04066_002,ICB_221,copd,3M Littmann Classic II SE,74.0,1,1,1,0.6237155,0.52191645,0,3,adulto
ICB_04066_003,ICB_221,copd,3M Littmann Classic II SE,74.0,1,1,1,0.61568344,0.5364512,0,3,adulto
ICB_04066_004,ICB_221,copd,3M Littmann Classic II SE,74.0,1,1,1,0.58037347,0.48450175,0,3,adulto
ICB_04067_000,ICB_221,copd,3M Littmann Classic II SE,74.0,0,1,1,0.5946529,0.5079752,0,2,adulto
ICB_04067_001,ICB_221,copd,3M Littmann Classic II SE,74.0,0,1,1,0.62165105,0.5242037,0,2,adulto
ICB_04067_002,ICB_221,copd,3M Littmann Classic II SE,74.0,1,1,1,0.60696864,0.5048284,0,3,adulto
ICB_04067_003,ICB_221,copd,3M Littmann Classic II SE,74.0,1,1,1,0.6283669,0.5314758,0,3,adulto
ICB_04067_004,ICB_221,copd,3M Littmann Classic II SE,74.0,1,1,1,0.599786,0.4758223,0,3,adulto
ICB_03173_000,ICB_105,respiratory_infection,3M Littmann Classic II SE,7.0,0,0,2,0.101336464,0.03607862,0,0,pediátrico (<18)
ICB_03173_001,ICB_105,respiratory_infection,3M Littmann Classic II SE,7.0,0,0,2,0.060780447,0.0151520595,0,0,pediátrico (<18)
ICB_03173_002,ICB_105,respiratory_infection,3M Littmann Classic II SE,7.0,0,0,2,0.07288709,0.01845145,0,0,pediátrico (<18)
ICB_03173_003,ICB_105,respiratory_infection,3M Littmann Classic II SE,7.0,0,0,2,0.072152905,0.01378185,0,0,pediátrico (<18)
ICB_03173_004,ICB_105,respiratory_infection,3M Littmann Classic II SE,7.0,0,0,2,0.068466306,0.024292175,0,0,pediátrico (<18)
ICB_03173_005,ICB_105,respiratory_infection,3M Littmann Classic II SE,7.0,0,0,2,0.04811569,0.015312011,0,0,pediátrico (<18)
ICB_03173_006,ICB_105,respiratory_infection,3M Littmann Classic II SE,7.0,0,0,2,0.055307664,0.010492972,0,0,pediátrico (<18)
ICB_03173_007,ICB_105,respiratory_infection,3M Littmann Classic II SE,7.0,0,0,2,0.22086881,0.1135309,0,0,pediátrico (<18)
ICB_03211_000,ICB_110,copd,WelchAllyn Meditron Master Elite,75.0,1,0,2,0.5359015,0.51182294,0,1,adulto
ICB_03211_001,ICB_110,copd,WelchAllyn Meditron Master Elite,75.0,1,0,2,0.6173233,0.4605536,0,1,adulto
ICB_03211_002,ICB_110,copd,WelchAllyn Meditron Master Elite,75.0,0,0,2,0.5168741,0.3333103,0,0,adulto
ICB_03211_003,ICB_110,copd,WelchAllyn Meditron Master Elite,75.0,0,0,2,0.6465517,0.3270787,0,0,adulto
ICB_03211_004,ICB_110,copd,WelchAllyn Meditron Master Elite,75.0,0,0,2,0.5255428,0.28566474,0,0,adulto
ICB_03211_005,ICB_110,copd,WelchAllyn Meditron Master Elite,75.0,0,0,2,0.6056409,0.4325821,0,0,adulto
ICB_03211_006,ICB_110,copd,WelchAllyn Meditron Master Elite,75.0,0,0,2,0.5650843,0.522788,0,0,adulto
ICB_03211_007,ICB_110,copd,WelchAllyn Meditron Master Elite,75.0,0,0,2,0.70374346,0.49028215,0,0,adulto
ICB_03211_008,ICB_110,copd,WelchAllyn Meditron Master Elite,75.0,0,0,2,0.22835703,0.09673914,0,0,adulto
ICB_03211_009,ICB_110,copd,WelchAllyn Meditron Master Elite,75.0,0,0,2,0.093116,0.23089188,0,0,adulto
ICB_03211_010,ICB_110,copd,WelchAllyn Meditron Master Elite,75.0,0,0,2,0.25172678,0.8989385,2,0,adulto
ICB_03211_011,ICB_110,copd,WelchAllyn Meditron Master Elite,75.0,0,0,2,0.4709838,0.4495041,0,0,adulto
ICB_03211_012,ICB_110,copd,WelchAllyn Meditron Master Elite,75.0,0,0,2,0.63246983,0.57903665,0,0,adulto
ICB_03211_013,ICB_110,copd,WelchAllyn Meditron Master Elite,75.0,0,0,2,0.76239985,0.52430826,1,0,adulto
ICB_03211_014,ICB_110,copd,WelchAllyn Meditron Master Elite,75.0,0,0,2,0.525363,0.60777444,0,0,adulto
ICB_03212_000,ICB_110,copd,WelchAllyn Meditron Master Elite,75.0,1,1,2,0.5581788,0.4547724,0,3,adulto
ICB_03212_001,ICB_110,copd,WelchAllyn Meditron Master Elite,75.0,1,1,2,0.34280813,0.50041115,0,3,adulto
ICB_03212_002,ICB_110,copd,WelchAllyn Meditron Master Elite,75.0,1,1,2,0.74918926,0.39938465,0,3,adulto
ICB_03212_003,ICB_110,copd,WelchAllyn Meditron Master Elite,75.0,1,0,2,0.5723282,0.22535396,0,1,adulto
ICB_03212_004,ICB_110,copd,WelchAllyn Meditron Master Elite,75.0,0,0,2,0.4034429,0.11424766,0,0,adulto
ICB_03212_005,ICB_110,copd,WelchAllyn Meditron Master Elite,75.0,1,0,2,0.7636487,0.2969702,1,1,adulto
ICB_03212_006,ICB_110,copd,WelchAllyn Meditron Master Elite,75.0,1,0,2,0.69466996,0.28973845,0,1,adulto
ICB_03213_000,ICB_110,copd,WelchAllyn Meditron Master Elite,75.0,0,1,2,0.18143043,0.34533605,0,2,adulto
ICB_03213_001,ICB_110,copd,WelchAllyn Meditron Master Elite,75.0,0,1,2,0.52384686,0.5464778,0,2,adulto
ICB_03213_002,ICB_110,copd,WelchAllyn Meditron Master Elite,75.0,0,0,2,0.55826735,0.39382824,0,0,adulto
ICB_03213_003,ICB_110,copd,WelchAllyn Meditron Master Elite,75.0,0,0,2,0.51859546,0.27285442,0,0,adulto
ICB_03213_004,ICB_110,copd,WelchAllyn Meditron Master Elite,75.0,0,1,2,0.5185983,0.48704994,0,2,adulto
ICB_03213_005,ICB_110,copd,WelchAllyn Meditron Master Elite,75.0,0,0,2,0.54352176,0.3061888,0,0,adulto
ICB_03213_006,ICB_110,copd,WelchAllyn Meditron Master Elite,75.0,0,0,2,0.5540308,0.40727398,0,0,adulto
ICB_03214_000,ICB_110,copd,WelchAllyn Meditron Master Elite,75.0,1,0,2,0.369284,0.15429284,0,1,adulto
ICB_03214_001,ICB_110,copd,WelchAllyn Meditron Master Elite,75.0,1,0,2,0.72385436,0.3746575,0,1,adulto
ICB_03214_002,ICB_110,copd,WelchAllyn Meditron Master Elite,75.0,1,0,2,0.59541434,0.3154514,0,1,adulto
ICB_03214_003,ICB_110,copd,WelchAllyn Meditron Master Elite,75.0,1,0,2,0.642236,0.2907851,0,1,adulto
ICB_03214_004,ICB_110,copd,WelchAllyn Meditron Master Elite,75.0,1,0,2,0.640966,0.39568096,0,1,adulto
ICB_03214_005,ICB_110,copd,WelchAllyn Meditron Master Elite,75.0,1,0,2,0.70687306,0.31999227,0,1,adulto
ICB_03214_006,ICB_110,copd,WelchAllyn Meditron Master Elite,75.0,1,0,2,0.65665853,0.4167604,0,1,adulto
ICB_03215_000,ICB_110,copd,WelchAllyn Meditron Master Elite,75.0,0,0,2,0.71712893,0.22458617,0,0,adulto
ICB_03215_001,ICB_110,copd,WelchAllyn Meditron Master Elite,75.0,0,0,2,0.82543033,0.1524294,1,0,adulto
ICB_03215_002,ICB_110,copd,WelchAllyn Meditron Master Elite,75.0,0,0,2,0.7106707,0.20423172,0,0,adulto
ICB_03215_003,ICB_110,copd,WelchAllyn Meditron Master Elite,75.0,0,0,2,0.55982953,0.29760638,0,0,adulto
ICB_03215_004,ICB_110,copd,WelchAllyn Meditron Master Elite,75.0,0,0,2,0.61049634,0.37360114,0,0,adulto
ICB_03215_005,ICB_110,copd,WelchAllyn Meditron Master Elite,75.0,0,0,2,0.44975194,0.333147,0,0,adulto
ICB_03215_006,ICB_110,copd,WelchAllyn Meditron Master Elite,75.0,0,0,2,0.6222804,0.2020477,0,0,adulto
ICB_03215_007,ICB_110,copd,WelchAllyn Meditron Master Elite,75.0,0,0,2,0.6806816,0.15276502,0,0,adulto
ICB_03215_008,ICB_110,copd,WelchAllyn Meditron Master Elite,75.0,0,0,2,0.40054694,0.15480216,0,0,adulto
ICB_03215_009,ICB_110,copd,WelchAllyn Meditron Master Elite,75.0,0,0,2,0.4466904,0.11957771,0,0,adulto
ICB_03215_010,ICB_110,copd,WelchAllyn Meditron Master Elite,75.0,0,0,2,0.5303024,0.11210777,0,0,adulto
ICB_03215_011,ICB_110,copd,WelchAllyn Meditron Master Elite,75.0,0,0,2,0.31794435,0.14090809,0,0,adulto
ICB_03215_012,ICB_110,copd,WelchAllyn Meditron Master Elite,75.0,0,0,2,0.52554476,0.21672606,0,0,adulto
ICB_03215_013,ICB_110,copd,WelchAllyn Meditron Master Elite,75.0,0,0,2,0.6282506,0.096383445,0,0,adulto
ICB_03215_014,ICB_110,copd,WelchAllyn Meditron Master Elite,75.0,0,0,2,0.46626422,0.066577986,0,0,adulto
ICB_03215_015,ICB_110,copd,WelchAllyn Meditron Master Elite,75.0,0,0,2,0.6898306,0.14061399,0,0,adulto
ICB_03246_000,ICB_120,copd,WelchAllyn Meditron Master Elite,78.0,0,0,2,0.5938312,0.5398538,0,0,adulto
ICB_03246_001,ICB_120,copd,WelchAllyn Meditron Master Elite,78.0,0,0,2,0.6337638,0.55071247,0,0,adulto
ICB_03246_002,ICB_120,copd,WelchAllyn Meditron Master Elite,78.0,0,0,2,0.6520361,0.55186284,0,0,adulto
ICB_03246_003,ICB_120,copd,WelchAllyn Meditron Master Elite,78.0,0,0,2,0.592615,0.65123695,2,0,adulto
ICB_03246_004,ICB_120,copd,WelchAllyn Meditron Master Elite,78.0,0,0,2,0.5616728,0.47402766,0,0,adulto
ICB_03246_005,ICB_120,copd,WelchAllyn Meditron Master Elite,78.0,0,0,2,0.6445488,0.5292552,0,0,adulto
ICB_03246_006,ICB_120,copd,WelchAllyn Meditron Master Elite,78.0,0,0,2,0.7049753,0.48792773,0,0,adulto
ICB_03246_007,ICB_120,copd,WelchAllyn Meditron Master Elite,78.0,0,0,2,0.6533116,0.6213664,0,0,adulto
ICB_03246_008,ICB_120,copd,WelchAllyn Meditron Master Elite,78.0,0,0,2,0.63635045,0.6508196,2,0,adulto
ICB_03246_009,ICB_120,copd,WelchAllyn Meditron Master Elite,78.0,0,0,2,0.58946824,0.6266717,0,0,adulto
ICB_03246_010,ICB_120,copd,WelchAllyn Meditron Master Elite,78.0,0,0,2,0.5600894,0.5906225,0,0,adulto
ICB_03246_011,ICB_120,copd,WelchAllyn Meditron Master Elite,78.0,0,0,2,0.40910667,0.4158092,0,0,adulto
ICB_03246_012,ICB_120,copd,WelchAllyn Meditron Master Elite,78.0,0,0,2,0.6218174,0.6718522,2,0,adulto
ICB_03246_013,ICB_120,copd,WelchAllyn Meditron Master Elite,78.0,0,0,2,0.61798525,0.46789998,0,0,adulto
ICB_03246_014,ICB_120,copd,WelchAllyn Meditron Master Elite,78.0,0,0,2,0.44320965,0.4806042,0,0,adulto
ICB_03246_015,ICB_120,copd,WelchAllyn Meditron Master Elite,78.0,0,0,2,0.5425967,0.3468825,0,0,adulto
ICB_03246_016,ICB_120,copd,WelchAllyn Meditron Master Elite,78.0,0,0,2,0.3052546,0.08278036,0,0,adulto
ICB_03246_017,ICB_120,copd,WelchAllyn Meditron Master Elite,78.0,0,0,2,0.37135231,0.22131307,0,0,adulto
ICB_03246_018,ICB_120,copd,WelchAllyn Meditron Master Elite,78.0,0,0,2,0.5191475,0.1994643,0,0,adulto
ICB_03247_000,ICB_120,copd,WelchAllyn Meditron Master Elite,78.0,0,0,2,0.6367536,0.5990486,0,0,adulto
ICB_03247_001,ICB_120,copd,WelchAllyn Meditron Master Elite,78.0,0,0,2,0.5743962,0.6525124,2,0,adulto
ICB_03247_002,ICB_120,copd,WelchAllyn Meditron Master Elite,78.0,0,0,2,0.6010938,0.64450055,0,0,adulto
ICB_03247_003,ICB_120,copd,WelchAllyn Meditron Master Elite,78.0,0,0,2,0.5538641,0.67388386,2,0,adulto
ICB_03247_004,ICB_120,copd,WelchAllyn Meditron Master Elite,78.0,0,0,2,0.5691678,0.6583255,2,0,adulto
ICB_03247_005,ICB_120,copd,WelchAllyn Meditron Master Elite,78.0,0,0,2,0.54001355,0.61643827,0,0,adulto
ICB_03247_006,ICB_120,copd,WelchAllyn Meditron Master Elite,78.0,0,0,2,0.66920215,0.61020327,0,0,adulto
ICB_03247_007,ICB_120,copd,WelchAllyn Meditron Master Elite,78.0,0,0,2,0.59716064,0.638529,0,0,adulto
ICB_03247_008,ICB_120,copd,WelchAllyn Meditron Master Elite,78.0,0,0,2,0.5569762,0.6548026,2,0,adulto
ICB_03247_009,ICB_120,copd,WelchAllyn Meditron Master Elite,78.0,0,0,2,0.63888055,0.62174517,0,0,adulto
ICB_03247_010,ICB_120,copd,WelchAllyn Meditron Master Elite,78.0,0,0,2,0.61573654,0.69911474,2,0,adulto
ICB_03247_011,ICB_120,copd,WelchAllyn Meditron Master Elite,78.0,0,0,2,0.3916973,0.58690405,0,0,adulto
ICB_03247_012,ICB_120,copd,WelchAllyn Meditron Master Elite,78.0,0,0,2,0.58512485,0.6982291,2,0,adulto
ICB_03247_013,ICB_120,copd,WelchAllyn Meditron Master Elite,78.0,0,0,2,0.5707308,0.61681455,0,0,adulto
ICB_03247_014,ICB_120,copd,WelchAllyn Meditron Master Elite,78.0,0,0,2,0.45442525,0.6383772,0,0,adulto
ICB_03247_015,ICB_120,copd,WelchAllyn Meditron Master Elite,78.0,0,0,2,0.43279144,0.54302156,0,0,adulto
ICB_03247_016,ICB_120,copd,WelchAllyn Meditron Master Elite,78.0,0,0,2,0.4789896,0.5918987,0,0,adulto
ICB_03247_017,ICB_120,copd,WelchAllyn Meditron Master Elite,78.0,0,0,2,0.4809525,0.50962484,0,0,adulto
ICB_03247_018,ICB_120,copd,WelchAllyn Meditron Master Elite,78.0,0,0,2,0.55629987,0.22022712,0,0,adulto
ICB_03247_019,ICB_120,copd,WelchAllyn Meditron Master Elite,78.0,0,0,2,0.3340163,0.08810093,0,0,adulto
ICB_03248_000,ICB_120,copd,WelchAllyn Meditron Master Elite,78.0,0,0,2,0.4971568,0.5426577,0,0,adulto
ICB_03248_001,ICB_120,copd,WelchAllyn Meditron Master Elite,78.0,0,0,2,0.6488063,0.5908934,0,0,adulto
ICB_03248_002,ICB_120,copd,WelchAllyn Meditron Master Elite,78.0,0,0,2,0.643559,0.6450976,0,0,adulto
ICB_03248_003,ICB_120,copd,WelchAllyn Meditron Master Elite,78.0,0,0,2,0.68475944,0.587777,0,0,adulto
ICB_03248_004,ICB_120,copd,WelchAllyn Meditron Master Elite,78.0,0,0,2,0.665357,0.54011786,0,0,adulto
ICB_03248_005,ICB_120,copd,WelchAllyn Meditron Master Elite,78.0,0,0,2,0.6408205,0.575735,0,0,adulto
ICB_03248_006,ICB_120,copd,WelchAllyn Meditron Master Elite,78.0,0,0,2,0.6197363,0.6246728,0,0,adulto
ICB_03248_007,ICB_120,copd,WelchAllyn Meditron Master Elite,78.0,0,0,2,0.5563829,0.68143463,2,0,adulto
ICB_03248_008,ICB_120,copd,WelchAllyn Meditron Master Elite,78.0,0,0,2,0.5969971,0.6993175,2,0,adulto
ICB_03248_009,ICB_120,copd,WelchAllyn Meditron Master Elite,78.0,0,0,2,0.6425015,0.59849316,0,0,adulto
ICB_03248_010,ICB_120,copd,WelchAllyn Meditron Master Elite,78.0,0,0,2,0.58756053,0.67872834,2,0,adulto
ICB_03248_011,ICB_120,copd,WelchAllyn Meditron Master Elite,78.0,0,0,2,0.6276782,0.57366705,0,0,adulto
ICB_03248_012,ICB_120,copd,WelchAllyn Meditron Master Elite,78.0,0,0,2,0.58678526,0.5814594,0,0,adulto
ICB_03248_013,ICB_120,copd,WelchAllyn Meditron Master Elite,78.0,0,0,2,0.59460443,0.60644644,0,0,adulto
ICB_03248_014,ICB_120,copd,WelchAllyn Meditron Master Elite,78.0,0,0,2,0.5093619,0.56700546,0,0,adulto
ICB_03248_015,ICB_120,copd,WelchAllyn Meditron Master Elite,78.0,0,0,2,0.43238688,0.19602469,0,0,adulto
ICB_03248_016,ICB_120,copd,WelchAllyn Meditron Master Elite,78.0,0,0,2,0.44993955,0.14905153,0,0,adulto
ICB_03248_017,ICB_120,copd,WelchAllyn Meditron Master Elite,78.0,0,0,2,0.2799679,0.2574366,0,0,adulto
ICB_03248_018,ICB_120,copd,WelchAllyn Meditron Master Elite,78.0,0,0,2,0.33349305,0.12256453,0,0,adulto
ICB_03248_019,ICB_120,copd,WelchAllyn Meditron Master Elite,78.0,0,0,2,0.5008441,0.32992014,0,0,adulto
ICB_03248_020,ICB_120,copd,WelchAllyn Meditron Master Elite,78.0,0,0,2,0.5319708,0.36745462,0,0,adulto
ICB_03248_021,ICB_120,copd,WelchAllyn Meditron Master Elite,78.0,0,0,2,0.50704277,0.40795472,0,0,adulto
ICB_03248_022,ICB_120,copd,WelchAllyn Meditron Master Elite,78.0,0,0,2,0.4433264,0.1810455,0,0,adulto
ICB_03248_023,ICB_120,copd,WelchAllyn Meditron Master Elite,78.0,0,0,2,0.14494455,0.115811706,0,0,adulto
ICB_03248_024,ICB_120,copd,WelchAllyn Meditron Master Elite,78.0,0,0,2,0.058782917,0.16969031,0,0,adulto
ICB_03248_025,ICB_120,copd,WelchAllyn Meditron Master Elite,78.0,0,0,2,0.12219174,0.083390534,0,0,adulto
ICB_03248_026,ICB_120,copd,WelchAllyn Meditron Master Elite,78.0,0,0,2,0.22285324,0.1002702,0,0,adulto
ICB_03248_027,ICB_120,copd,WelchAllyn Meditron Master Elite,78.0,0,0,2,0.23401634,0.100798815,0,0,adulto
ICB_03248_028,ICB_120,copd,WelchAllyn Meditron Master Elite,78.0,0,0,2,0.15272038,0.20705192,0,0,adulto
ICB_03248_029,ICB_120,copd,WelchAllyn Meditron Master Elite,78.0,0,0,2,0.6966648,0.28239003,0,0,adulto
ICB_03248_030,ICB_120,copd,WelchAllyn Meditron Master Elite,78.0,0,0,2,0.5450071,0.6086474,0,0,adulto
ICB_03248_031,ICB_120,copd,WelchAllyn Meditron Master Elite,78.0,0,0,2,0.55954844,0.34016278,0,0,adulto
ICB_03248_032,ICB_120,copd,WelchAllyn Meditron Master Elite,78.0,0,0,2,0.6783658,0.39327368,0,0,adulto
ICB_03249_000,ICB_120,copd,WelchAllyn Meditron Master Elite,78.0,0,0,2,0.5975616,0.3865875,0,0,adulto
ICB_03249_001,ICB_120,copd,WelchAllyn Meditron Master Elite,78.0,0,0,2,0.57809645,0.34186044,0,0,adulto
ICB_03249_002,ICB_120,copd,WelchAllyn Meditron Master Elite,78.0,0,0,2,0.59653276,0.41300252,0,0,adulto
ICB_03249_003,ICB_120,copd,WelchAllyn Meditron Master Elite,78.0,0,0,2,0.52295625,0.37893295,0,0,adulto
ICB_03249_004,ICB_120,copd,WelchAllyn Meditron Master Elite,78.0,0,0,2,0.60945493,0.4148,0,0,adulto
ICB_03249_005,ICB_120,copd,WelchAllyn Meditron Master Elite,78.0,0,0,2,0.57542056,0.36217633,0,0,adulto
ICB_03249_006,ICB_120,copd,WelchAllyn Meditron Master Elite,78.0,0,0,2,0.7204775,0.35148287,0,0,adulto
ICB_03249_007,ICB_120,copd,WelchAllyn Meditron Master Elite,78.0,0,0,2,0.5588693,0.3972176,0,0,adulto
ICB_03249_008,ICB_120,copd,WelchAllyn Meditron Master Elite,78.0,0,0,2,0.6412521,0.24553123,0,0,adulto
ICB_03249_009,ICB_120,copd,WelchAllyn Meditron Master Elite,78.0,0,0,2,0.64432347,0.30042097,0,0,adulto
ICB_03249_010,ICB_120,copd,WelchAllyn Meditron Master Elite,78.0,0,0,2,0.58918667,0.28956375,0,0,adulto
ICB_03249_011,ICB_120,copd,WelchAllyn Meditron Master Elite,78.0,0,0,2,0.5629915,0.37066972,0,0,adulto
ICB_03249_012,ICB_120,copd,WelchAllyn Meditron Master Elite,78.0,0,0,2,0.22199146,0.16879356,0,0,adulto
ICB_03249_013,ICB_120,copd,WelchAllyn Meditron Master Elite,78.0,0,0,2,0.10081621,0.41166267,0,0,adulto
ICB_03249_014,ICB_120,copd,WelchAllyn Meditron Master Elite,78.0,0,0,2,0.52265126,0.49711508,0,0,adulto
ICB_03249_015,ICB_120,copd,WelchAllyn Meditron Master Elite,78.0,1,0,2,0.33284304,0.23400204,0,1,adulto
ICB_03249_016,ICB_120,copd,WelchAllyn Meditron Master Elite,78.0,1,0,2,0.44536337,0.2747343,0,1,adulto
ICB_03249_017,ICB_120,copd,WelchAllyn Meditron Master Elite,78.0,1,0,2,0.6197602,0.2149868,0,1,adulto
ICB_03249_018,ICB_120,copd,WelchAllyn Meditron Master Elite,78.0,1,0,2,0.4460304,0.16332892,0,1,adulto
ICB_03249_019,ICB_120,copd,WelchAllyn Meditron Master Elite,78.0,0,0,2,0.43500423,0.2879904,0,0,adulto
ICB_03249_020,ICB_120,copd,WelchAllyn Meditron Master Elite,78.0,1,0,2,0.5700128,0.28176013,0,1,adulto
ICB_03249_021,ICB_120,copd,WelchAllyn Meditron Master Elite,78.0,1,0,2,0.59224653,0.3694159,0,1,adulto
ICB_03249_022,ICB_120,copd,WelchAllyn Meditron Master Elite,78.0,1,0,2,0.49005902,0.33115557,0,1,adulto
ICB_03249_023,ICB_120,copd,WelchAllyn Meditron Master Elite,78.0,1,0,2,0.47917482,0.271895,0,1,adulto
ICB_03249_024,ICB_120,copd,WelchAllyn Meditron Master Elite,78.0,1,0,2,0.50738996,0.24516283,0,1,adulto
ICB_03249_025,ICB_120,copd,WelchAllyn Meditron Master Elite,78.0,1,0,2,0.47700804,0.28578085,0,1,adulto
ICB_03249_026,ICB_120,copd,WelchAllyn Meditron Master Elite,78.0,1,0,2,0.43466496,0.22826338,0,1,adulto
ICB_03249_027,ICB_120,copd,WelchAllyn Meditron Master Elite,78.0,1,0,2,0.49409673,0.32957134,0,1,adulto
ICB_03249_028,ICB_120,copd,WelchAllyn Meditron Master Elite,78.0,1,0,2,0.57190746,0.42450696,0,1,adulto
ICB_03249_029,ICB_120,copd,WelchAllyn Meditron Master Elite,78.0,1,0,2,0.48445615,0.28340435,0,1,adulto
ICB_03250_000,ICB_120,copd,WelchAllyn Meditron Master Elite,78.0,1,0,2,0.52136284,0.59310085,0,1,adulto
ICB_03250_001,ICB_120,copd,WelchAllyn Meditron Master Elite,78.0,0,0,2,0.66375184,0.54891187,0,0,adulto
ICB_03250_002,ICB_120,copd,WelchAllyn Meditron Master Elite,78.0,0,0,2,0.57285243,0.5704357,0,0,adulto
ICB_03250_003,ICB_120,copd,WelchAllyn Meditron Master Elite,78.0,0,0,2,0.6204484,0.47844866,0,0,adulto
ICB_03250_004,ICB_120,copd,WelchAllyn Meditron Master Elite,78.0,0,0,2,0.5810193,0.5633184,0,0,adulto
ICB_03250_005,ICB_120,copd,WelchAllyn Meditron Master Elite,78.0,0,0,2,0.5074316,0.40086976,0,0,adulto
ICB_03250_006,ICB_120,copd,WelchAllyn Meditron Master Elite,78.0,0,0,2,0.58276296,0.52948993,0,0,adulto
ICB_03250_007,ICB_120,copd,WelchAllyn Meditron Master Elite,78.0,0,0,2,0.5980282,0.5351281,0,0,adulto
ICB_03250_008,ICB_120,copd,WelchAllyn Meditron Master Elite,78.0,0,0,2,0.5448242,0.51106364,0,0,adulto
ICB_03250_009,ICB_120,copd,WelchAllyn Meditron Master Elite,78.0,0,0,2,0.5922432,0.453081,0,0,adulto
ICB_03250_010,ICB_120,copd,WelchAllyn Meditron Master Elite,78.0,0,0,2,0.3520045,0.3968495,0,0,adulto
ICB_03250_011,ICB_120,copd,WelchAllyn Meditron Master Elite,78.0,0,0,2,0.13048877,0.5157913,0,0,adulto
ICB_03250_012,ICB_120,copd,WelchAllyn Meditron Master Elite,78.0,0,0,2,0.37856793,0.5026627,0,0,adulto
ICB_03250_013,ICB_120,copd,WelchAllyn Meditron Master Elite,78.0,0,0,2,0.46629998,0.36328495,0,0,adulto
ICB_03250_014,ICB_120,copd,WelchAllyn Meditron Master Elite,78.0,0,0,2,0.5264751,0.46269226,0,0,adulto
ICB_03250_015,ICB_120,copd,WelchAllyn Meditron Master Elite,78.0,0,0,2,0.5162093,0.5462657,0,0,adulto
ICB_03250_016,ICB_120,copd,WelchAllyn Meditron Master Elite,78.0,0,0,2,0.46365625,0.39774898,0,0,adulto
ICB_03250_017,ICB_120,copd,WelchAllyn Meditron Master Elite,78.0,0,0,2,0.63152146,0.5536564,0,0,adulto
ICB_03250_018,ICB_120,copd,WelchAllyn Meditron Master Elite,78.0,0,0,2,0.45140785,0.5654729,0,0,adulto
ICB_03250_019,ICB_120,copd,WelchAllyn Meditron Master Elite,78.0,0,0,2,0.5579441,0.65688974,2,0,adulto
ICB_03250_020,ICB_120,copd,WelchAllyn Meditron Master Elite,78.0,0,0,2,0.5248247,0.50381464,0,0,adulto
ICB_03269_000,ICB_125,normal_lung,3M Littmann Classic II SE,14.0,0,0,2,0.1384537,0.054665487,0,0,pediátrico (<18)
ICB_03269_001,ICB_125,normal_lung,3M Littmann Classic II SE,14.0,0,0,2,0.12583153,0.07976955,0,0,pediátrico (<18)
ICB_03269_002,ICB_125,normal_lung,3M Littmann Classic II SE,14.0,1,0,2,0.16492614,0.0954146,0,1,pediátrico (<18)
ICB_03269_003,ICB_125,normal_lung,3M Littmann Classic II SE,14.0,0,0,2,0.13881928,0.096399195,0,0,pediátrico (<18)
ICB_03269_004,ICB_125,normal_lung,3M Littmann Classic II SE,14.0,1,0,2,0.13562359,0.105964914,0,1,pediátrico (<18)
ICB_03269_005,ICB_125,normal_lung,3M Littmann Classic II SE,14.0,0,0,2,0.14918287,0.14116317,0,0,pediátrico (<18)
ICB_03341_000,ICB_132,copd,3M Littmann Classic II SE,71.0,1,0,2,0.6761884,0.19450654,0,1,adulto
ICB_03341_001,ICB_132,copd,3M Littmann Classic II SE,71.0,1,0,2,0.53461146,0.257177,0,1,adulto
ICB_03341_002,ICB_132,copd,3M Littmann Classic II SE,71.0,0,0,2,0.6705978,0.25918368,0,0,adulto
ICB_03341_003,ICB_132,copd,3M Littmann Classic II SE,71.0,1,0,2,0.66747785,0.17589864,0,1,adulto
ICB_03341_004,ICB_132,copd,3M Littmann Classic II SE,71.0,1,0,2,0.5606768,0.2171497,0,1,adulto
ICB_03341_005,ICB_132,copd,3M Littmann Classic II SE,71.0,1,0,2,0.6681376,0.22653115,0,1,adulto
ICB_03341_006,ICB_132,copd,3M Littmann Classic II SE,71.0,1,0,2,0.58666277,0.27132285,0,1,adulto
ICB_03341_007,ICB_132,copd,3M Littmann Classic II SE,71.0,1,0,2,0.59595305,0.22454871,0,1,adulto
ICB_03341_008,ICB_132,copd,3M Littmann Classic II SE,71.0,1,0,2,0.58097905,0.18225852,0,1,adulto
ICB_03342_000,ICB_132,copd,3M Littmann Classic II SE,71.0,0,0,2,0.59639025,0.27263907,0,0,adulto
ICB_03342_001,ICB_132,copd,3M Littmann Classic II SE,71.0,1,0,2,0.5879342,0.2685275,0,1,adulto
ICB_03342_002,ICB_132,copd,3M Littmann Classic II SE,71.0,1,0,2,0.5346545,0.29495594,0,1,adulto
ICB_03342_003,ICB_132,copd,3M Littmann Classic II SE,71.0,1,0,2,0.5956749,0.26241514,0,1,adulto
ICB_03342_004,ICB_132,copd,3M Littmann Classic II SE,71.0,1,0,2,0.66382504,0.09142356,0,1,adulto
ICB_03342_005,ICB_132,copd,3M Littmann Classic II SE,71.0,1,0,2,0.61191773,0.23374133,0,1,adulto
ICB_03342_006,ICB_132,copd,3M Littmann Classic II SE,71.0,1,0,2,0.6684087,0.2506333,0,1,adulto
ICB_03342_007,ICB_132,copd,3M Littmann Classic II SE,71.0,1,0,2,0.6439433,0.16747512,0,1,adulto
ICB_03342_008,ICB_132,copd,3M Littmann Classic II SE,71.0,1,0,2,0.60551673,0.20933357,0,1,adulto
ICB_03342_009,ICB_132,copd,3M Littmann Classic II SE,71.0,1,0,2,0.5837271,0.19341187,0,1,adulto
ICB_03343_000,ICB_133,copd,AKG C417L Microphone,68.0,0,0,2,0.6425607,0.21779989,0,0,adulto
ICB_03343_001,ICB_133,copd,AKG C417L Microphone,68.0,0,0,2,0.6687233,0.18843803,0,0,adulto
ICB_03343_002,ICB_133,copd,AKG C417L Microphone,68.0,0,0,2,0.644864,0.20452644,0,0,adulto
ICB_03343_003,ICB_133,copd,AKG C417L Microphone,68.0,1,0,2,0.618312,0.20166431,0,1,adulto
ICB_03343_004,ICB_133,copd,AKG C417L Microphone,68.0,1,0,2,0.59193206,0.2087723,0,1,adulto
ICB_03343_005,ICB_133,copd,AKG C417L Microphone,68.0,0,0,2,0.6271372,0.23192237,0,0,adulto
ICB_03343_006,ICB_133,copd,AKG C417L Microphone,68.0,0,0,2,0.6365448,0.20769364,0,0,adulto
ICB_03343_007,ICB_133,copd,AKG C417L Microphone,68.0,0,0,2,0.5997501,0.2342175,0,0,adulto
ICB_03343_008,ICB_133,copd,AKG C417L Microphone,68.0,0,0,2,0.6257221,0.22408542,0,0,adulto
ICB_03344_000,ICB_133,copd,AKG C417L Microphone,68.0,0,0,2,0.60847086,0.23506793,0,0,adulto
ICB_03344_001,ICB_133,copd,AKG C417L Microphone,68.0,0,0,2,0.59645706,0.24806257,0,0,adulto
ICB_03344_002,ICB_133,copd,AKG C417L Microphone,68.0,0,0,2,0.6283543,0.17466494,0,0,adulto
ICB_03344_003,ICB_133,copd,AKG C417L Microphone,68.0,0,0,2,0.5957668,0.24058312,0,0,adulto
ICB_03344_004,ICB_133,copd,AKG C417L Microphone,68.0,0,0,2,0.5977654,0.21678777,0,0,adulto
ICB_03344_005,ICB_133,copd,AKG C417L Microphone,68.0,0,0,2,0.58670837,0.22630674,0,0,adulto
ICB_03344_006,ICB_133,copd,AKG C417L Microphone,68.0,0,0,2,0.627791,0.2260453,0,0,adulto
ICB_03344_007,ICB_133,copd,AKG C417L Microphone,68.0,0,0,2,0.60172594,0.21731718,0,0,adulto
ICB_03344_008,ICB_133,copd,AKG C417L Microphone,68.0,0,0,2,0.5197726,0.27423313,0,0,adulto
ICB_03345_000,ICB_133,copd,AKG C417L Microphone,68.0,1,0,2,0.71632373,0.26104325,0,1,adulto
ICB_03345_001,ICB_133,copd,AKG C417L Microphone,68.0,1,0,2,0.7089117,0.29259163,0,1,adulto
ICB_03345_002,ICB_133,copd,AKG C417L Microphone,68.0,1,0,2,0.6821408,0.26112562,0,1,adulto
ICB_03345_003,ICB_133,copd,AKG C417L Microphone,68.0,1,0,2,0.71099687,0.21077786,0,1,adulto
ICB_03345_004,ICB_133,copd,AKG C417L Microphone,68.0,1,0,2,0.6924456,0.28881449,0,1,adulto
ICB_03345_005,ICB_133,copd,AKG C417L Microphone,68.0,1,0,2,0.6965028,0.25945073,0,1,adulto
ICB_03345_006,ICB_133,copd,AKG C417L Microphone,68.0,1,0,2,0.7253928,0.24385686,0,1,adulto
ICB_03345_007,ICB_133,copd,AKG C417L Microphone,68.0,1,0,2,0.66981775,0.26110646,0,1,adulto
ICB_03345_008,ICB_133,copd,AKG C417L Microphone,68.0,0,0,2,0.662454,0.26622593,0,0,adulto
ICB_03346_000,ICB_133,copd,AKG C417L Microphone,68.0,0,0,2,0.17041178,0.19108687,0,0,adulto
ICB_03346_001,ICB_133,copd,AKG C417L Microphone,68.0,0,0,2,0.1937445,0.14942884,0,0,adulto
ICB_03346_002,ICB_133,copd,AKG C417L Microphone,68.0,1,0,2,0.3039806,0.18500982,0,1,adulto
ICB_03346_003,ICB_133,copd,AKG C417L Microphone,68.0,0,0,2,0.1254215,0.1695434,0,0,adulto
ICB_03346_004,ICB_133,copd,AKG C417L Microphone,68.0,0,0,2,0.1554228,0.15786986,0,0,adulto
ICB_03346_005,ICB_133,copd,AKG C417L Microphone,68.0,1,0,2,0.19774595,0.15756375,0,1,adulto
ICB_03346_006,ICB_133,copd,AKG C417L Microphone,68.0,0,0,2,0.16158718,0.22921649,0,0,adulto
ICB_03346_007,ICB_133,copd,AKG C417L Microphone,68.0,0,0,2,0.13070609,0.20931305,0,0,adulto
ICB_03346_008,ICB_133,copd,AKG C417L Microphone,68.0,0,0,2,0.25583145,0.42147464,0,0,adulto
ICB_03347_000,ICB_133,copd,AKG C417L Microphone,68.0,0,0,2,0.75519884,0.119431086,1,0,adulto
ICB_03347_001,ICB_133,copd,AKG C417L Microphone,68.0,0,0,2,0.6673369,0.17330277,0,0,adulto
ICB_03347_002,ICB_133,copd,AKG C417L Microphone,68.0,0,0,2,0.609821,0.19715723,0,0,adulto
ICB_03347_003,ICB_133,copd,AKG C417L Microphone,68.0,0,0,2,0.63704187,0.18373002,0,0,adulto
ICB_03347_004,ICB_133,copd,AKG C417L Microphone,68.0,0,0,2,0.63090456,0.21690199,0,0,adulto
ICB_03347_005,ICB_133,copd,AKG C417L Microphone,68.0,0,0,2,0.63914573,0.17649804,0,0,adulto
ICB_03347_006,ICB_133,copd,AKG C417L Microphone,68.0,0,0,2,0.59902364,0.20175958,0,0,adulto
ICB_03347_007,ICB_133,copd,AKG C417L Microphone,68.0,0,0,2,0.63238144,0.2283775,0,0,adulto
ICB_03348_000,ICB_133,copd,AKG C417L Microphone,68.0,0,0,2,0.57195514,0.2021356,0,0,adulto
ICB_03348_001,ICB_133,copd,AKG C417L Microphone,68.0,0,0,2,0.6330059,0.2127659,0,0,adulto
ICB_03348_002,ICB_133,copd,AKG C417L Microphone,68.0,0,0,2,0.6412779,0.23652287,0,0,adulto
ICB_03348_003,ICB_133,copd,AKG C417L Microphone,68.0,0,0,2,0.61273265,0.19808608,0,0,adulto
ICB_03348_004,ICB_133,copd,AKG C417L Microphone,68.0,0,0,2,0.654639,0.20544873,0,0,adulto
ICB_03348_005,ICB_133,copd,AKG C417L Microphone,68.0,0,0,2,0.61983645,0.22544518,0,0,adulto
ICB_03348_006,ICB_133,copd,AKG C417L Microphone,68.0,0,0,2,0.6073209,0.22264686,0,0,adulto
ICB_03348_007,ICB_133,copd,AKG C417L Microphone,68.0,0,0,2,0.6380378,0.21701561,0,0,adulto
ICB_03349_000,ICB_133,copd,AKG C417L Microphone,68.0,1,0,2,0.7640411,0.15911289,1,1,adulto
ICB_03349_001,ICB_133,copd,AKG C417L Microphone,68.0,1,0,2,0.70909643,0.15572497,0,1,adulto
ICB_03349_002,ICB_133,copd,AKG C417L Microphone,68.0,0,0,2,0.7266462,0.2009602,0,0,adulto
ICB_03349_003,ICB_133,copd,AKG C417L Microphone,68.0,1,0,2,0.69379586,0.2535659,0,1,adulto
ICB_03349_004,ICB_133,copd,AKG C417L Microphone,68.0,1,0,2,0.7509756,0.23597258,1,1,adulto
ICB_03349_005,ICB_133,copd,AKG C417L Microphone,68.0,1,0,2,0.7403111,0.23450506,0,1,adulto
ICB_03349_006,ICB_133,copd,AKG C417L Microphone,68.0,1,0,2,0.68760765,0.24882065,0,1,adulto
ICB_03349_007,ICB_133,copd,AKG C417L Microphone,68.0,0,0,2,0.72058177,0.24187101,0,0,adulto
ICB_03350_000,ICB_133,copd,AKG C417L Microphone,68.0,0,0,2,0.65494114,0.09961387,0,0,adulto
ICB_03350_001,ICB_133,copd,AKG C417L Microphone,68.0,0,0,2,0.6356145,0.2613281,0,0,adulto
ICB_03350_002,ICB_133,copd,AKG C417L Microphone,68.0,0,0,2,0.6615691,0.26288027,0,0,adulto
ICB_03350_003,ICB_133,copd,AKG C417L Microphone,68.0,0,0,2,0.66308373,0.2783695,0,0,adulto
ICB_03350_004,ICB_133,copd,AKG C417L Microphone,68.0,1,0,2,0.67693925,0.28696203,0,1,adulto
ICB_03350_005,ICB_133,copd,AKG C417L Microphone,68.0,0,0,2,0.6137475,0.28870234,0,0,adulto
ICB_03350_006,ICB_133,copd,AKG C417L Microphone,68.0,0,0,2,0.6389527,0.26349658,0,0,adulto
ICB_03350_007,ICB_133,copd,AKG C417L Microphone,68.0,0,0,2,0.6640487,0.2871222,0,0,adulto
ICB_03351_000,ICB_133,copd,AKG C417L Microphone,68.0,0,0,2,0.28253993,0.20602366,0,0,adulto
ICB_03351_001,ICB_133,copd,AKG C417L Microphone,68.0,0,0,2,0.23538241,0.18458144,0,0,adulto
ICB_03351_002,ICB_133,copd,AKG C417L Microphone,68.0,0,0,2,0.17549722,0.19793244,0,0,adulto
ICB_03351_003,ICB_133,copd,AKG C417L Microphone,68.0,0,0,2,0.22912617,0.21835567,0,0,adulto
ICB_03351_004,ICB_133,copd,AKG C417L Microphone,68.0,1,0,2,0.21179548,0.20963337,0,1,adulto
ICB_03351_005,ICB_133,copd,AKG C417L Microphone,68.0,0,0,2,0.2116613,0.17597203,0,0,adulto
ICB_03351_006,ICB_133,copd,AKG C417L Microphone,68.0,1,0,2,0.2636466,0.17572671,0,1,adulto
ICB_03351_007,ICB_133,copd,AKG C417L Microphone,68.0,0,0,2,0.19092858,0.20342222,0,0,adulto
ICB_03352_000,ICB_133,copd,AKG C417L Microphone,68.0,0,0,2,0.5869986,0.16883497,0,0,adulto
ICB_03352_001,ICB_133,copd,AKG C417L Microphone,68.0,0,0,2,0.6062388,0.2066408,0,0,adulto
ICB_03352_002,ICB_133,copd,AKG C417L Microphone,68.0,0,0,2,0.60686517,0.18926121,0,0,adulto
ICB_03352_003,ICB_133,copd,AKG C417L Microphone,68.0,0,0,2,0.6568308,0.1850054,0,0,adulto
ICB_03352_004,ICB_133,copd,AKG C417L Microphone,68.0,0,0,2,0.6156075,0.16983481,0,0,adulto
ICB_03352_005,ICB_133,copd,AKG C417L Microphone,68.0,0,1,2,0.5517855,0.58421105,0,2,adulto
ICB_03352_006,ICB_133,copd,AKG C417L Microphone,68.0,0,1,2,0.56749254,0.31305683,0,2,adulto
ICB_03352_007,ICB_133,copd,AKG C417L Microphone,68.0,0,0,2,0.5909223,0.17940019,0,0,adulto
ICB_03353_000,ICB_133,copd,AKG C417L Microphone,68.0,1,0,2,0.62424326,0.16572928,0,1,adulto
ICB_03353_001,ICB_133,copd,AKG C417L Microphone,68.0,0,0,2,0.6205469,0.18019804,0,0,adulto
ICB_03353_002,ICB_133,copd,AKG C417L Microphone,68.0,0,0,2,0.60690975,0.2116692,0,0,adulto
ICB_03353_003,ICB_133,copd,AKG C417L Microphone,68.0,0,0,2,0.64075834,0.21342836,0,0,adulto
ICB_03353_004,ICB_133,copd,AKG C417L Microphone,68.0,0,0,2,0.5999296,0.17592186,0,0,adulto
ICB_03353_005,ICB_133,copd,AKG C417L Microphone,68.0,0,0,2,0.6148388,0.21121392,0,0,adulto
ICB_03353_006,ICB_133,copd,AKG C417L Microphone,68.0,0,0,2,0.61578405,0.21223137,0,0,adulto
ICB_03353_007,ICB_133,copd,AKG C417L Microphone,68.0,0,0,2,0.6360641,0.19382,0,0,adulto
ICB_03354_000,ICB_133,copd,AKG C417L Microphone,68.0,1,0,2,0.681544,0.26905674,0,1,adulto
ICB_03354_001,ICB_133,copd,AKG C417L Microphone,68.0,1,0,2,0.7452874,0.21159177,0,1,adulto
ICB_03354_002,ICB_133,copd,AKG C417L Microphone,68.0,1,0,2,0.7336016,0.22903857,0,1,adulto
ICB_03354_003,ICB_133,copd,AKG C417L Microphone,68.0,1,0,2,0.72817,0.22258659,0,1,adulto
ICB_03354_004,ICB_133,copd,AKG C417L Microphone,68.0,1,0,2,0.7347811,0.19396321,0,1,adulto
ICB_03354_005,ICB_133,copd,AKG C417L Microphone,68.0,1,0,2,0.7364386,0.20092829,0,1,adulto
ICB_03354_006,ICB_133,copd,AKG C417L Microphone,68.0,1,0,2,0.74059653,0.21921685,0,1,adulto
ICB_03354_007,ICB_133,copd,AKG C417L Microphone,68.0,1,0,2,0.7460925,0.20702405,0,1,adulto
ICB_03355_000,ICB_133,copd,AKG C417L Microphone,68.0,1,0,2,0.6395269,0.25163695,0,1,adulto
ICB_03355_001,ICB_133,copd,AKG C417L Microphone,68.0,0,0,2,0.6241181,0.25840825,0,0,adulto
ICB_03355_002,ICB_133,copd,AKG C417L Microphone,68.0,0,0,2,0.66289485,0.2790441,0,0,adulto
ICB_03355_003,ICB_133,copd,AKG C417L Microphone,68.0,0,0,2,0.6436444,0.26182154,0,0,adulto
ICB_03355_004,ICB_133,copd,AKG C417L Microphone,68.0,0,0,2,0.66093916,0.22703522,0,0,adulto
ICB_03355_005,ICB_133,copd,AKG C417L Microphone,68.0,0,0,2,0.6587517,0.26941967,0,0,adulto
ICB_03355_006,ICB_133,copd,AKG C417L Microphone,68.0,0,0,2,0.680448,0.2582517,0,0,adulto
ICB_03355_007,ICB_133,copd,AKG C417L Microphone,68.0,0,0,2,0.6283072,0.25353938,0,0,adulto
ICB_03356_000,ICB_133,copd,AKG C417L Microphone,68.0,0,0,2,0.14057775,0.13052043,0,0,adulto
ICB_03356_001,ICB_133,copd,AKG C417L Microphone,68.0,1,0,2,0.23670827,0.14908668,0,1,adulto
ICB_03356_002,ICB_133,copd,AKG C417L Microphone,68.0,0,0,2,0.16252457,0.1623987,0,0,adulto
ICB_03356_003,ICB_133,copd,AKG C417L Microphone,68.0,0,0,2,0.15009594,0.16400911,0,0,adulto
ICB_03356_004,ICB_133,copd,AKG C417L Microphone,68.0,0,0,2,0.16379644,0.18606146,0,0,adulto
ICB_03356_005,ICB_133,copd,AKG C417L Microphone,68.0,0,1,2,0.19693482,0.19668771,0,2,adulto
ICB_03356_006,ICB_133,copd,AKG C417L Microphone,68.0,0,1,2,0.13153195,0.26721096,0,2,adulto
ICB_03356_007,ICB_133,copd,AKG C417L Microphone,68.0,0,0,2,0.25033084,0.1947737,0,0,adulto
ICB_03357_000,ICB_133,copd,AKG C417L Microphone,68.0,0,0,2,0.6088928,0.20078954,0,0,adulto
ICB_03357_001,ICB_133,copd,AKG C417L Microphone,68.0,0,1,2,0.6716758,0.21459597,0,2,adulto
ICB_03357_002,ICB_133,copd,AKG C417L Microphone,68.0,0,0,2,0.67561823,0.21063104,0,0,adulto
ICB_03357_003,ICB_133,copd,AKG C417L Microphone,68.0,0,1,2,0.65891236,0.38428864,0,2,adulto
ICB_03357_004,ICB_133,copd,AKG C417L Microphone,68.0,0,1,2,0.689201,0.25700557,0,2,adulto
ICB_03357_005,ICB_133,copd,AKG C417L Microphone,68.0,0,1,2,0.5043192,0.8557755,2,2,adulto
ICB_03357_006,ICB_133,copd,AKG C417L Microphone,68.0,0,1,2,0.5973951,0.517972,0,2,adulto
ICB_03357_007,ICB_133,copd,AKG C417L Microphone,68.0,0,1,2,0.3730481,0.73931277,2,2,adulto
ICB_03358_000,ICB_133,copd,AKG C417L Microphone,68.0,0,0,2,0.54394984,0.18663326,0,0,adulto
ICB_03358_001,ICB_133,copd,AKG C417L Microphone,68.0,0,1,2,0.6246156,0.2055721,0,2,adulto
ICB_03358_002,ICB_133,copd,AKG C417L Microphone,68.0,0,1,2,0.60955936,0.2115596,0,2,adulto
ICB_03358_003,ICB_133,copd,AKG C417L Microphone,68.0,0,1,2,0.64174616,0.44683382,0,2,adulto
ICB_03358_004,ICB_133,copd,AKG C417L Microphone,68.0,0,1,2,0.5894235,0.2421306,0,2,adulto
ICB_03358_005,ICB_133,copd,AKG C417L Microphone,68.0,0,1,2,0.43627435,0.90630865,2,2,adulto
ICB_03358_006,ICB_133,copd,AKG C417L Microphone,68.0,0,1,2,0.5201557,0.72092474,2,2,adulto
ICB_03358_007,ICB_133,copd,AKG C417L Microphone,68.0,0,0,2,0.33655664,0.74220324,2,0,adulto
ICB_03359_000,ICB_133,copd,AKG C417L Microphone,68.0,1,1,2,0.68795604,0.2572279,0,3,adulto
ICB_03359_001,ICB_133,copd,AKG C417L Microphone,68.0,0,1,2,0.67241836,0.33730277,0,2,adulto
ICB_03359_002,ICB_133,copd,AKG C417L Microphone,68.0,0,0,2,0.6847371,0.28504568,0,0,adulto
ICB_03359_003,ICB_133,copd,AKG C417L Microphone,68.0,0,1,2,0.6473699,0.2921664,0,2,adulto
ICB_03359_004,ICB_133,copd,AKG C417L Microphone,68.0,0,0,2,0.68903404,0.3187636,0,0,adulto
ICB_03359_005,ICB_133,copd,AKG C417L Microphone,68.0,0,1,2,0.6513919,0.38042077,0,2,adulto
ICB_03359_006,ICB_133,copd,AKG C417L Microphone,68.0,0,1,2,0.7326522,0.21902801,0,2,adulto
ICB_03359_007,ICB_133,copd,AKG C417L Microphone,68.0,0,0,2,0.3890859,0.27777734,0,0,adulto
ICB_03360_000,ICB_133,copd,AKG C417L Microphone,68.0,0,1,2,0.5836949,0.71260047,2,2,adulto
ICB_03360_001,ICB_133,copd,AKG C417L Microphone,68.0,0,1,2,0.60670704,0.6805042,2,2,adulto
ICB_03360_002,ICB_133,copd,AKG C417L Microphone,68.0,1,1,2,0.5640595,0.7153456,2,3,adulto
ICB_03360_003,ICB_133,copd,AKG C417L Microphone,68.0,0,1,2,0.5290558,0.47419032,0,2,adulto
ICB_03360_004,ICB_133,copd,AKG C417L Microphone,68.0,0,1,2,0.5876969,0.6537672,2,2,adulto
ICB_03360_005,ICB_133,copd,AKG C417L Microphone,68.0,0,1,2,0.49484918,0.85347265,2,2,adulto
ICB_03360_006,ICB_133,copd,AKG C417L Microphone,68.0,1,1,2,0.6560309,0.5195279,0,3,adulto
ICB_03360_007,ICB_133,copd,AKG C417L Microphone,68.0,0,1,2,0.33348897,0.4418224,0,2,adulto
ICB_03361_000,ICB_133,copd,AKG C417L Microphone,68.0,0,1,2,0.21601906,0.5248367,0,2,adulto
ICB_03361_001,ICB_133,copd,AKG C417L Microphone,68.0,0,0,2,0.2590091,0.21380264,0,0,adulto
ICB_03361_002,ICB_133,copd,AKG C417L Microphone,68.0,0,1,2,0.20269503,0.2460314,0,2,adulto
ICB_03361_003,ICB_133,copd,AKG C417L Microphone,68.0,0,1,2,0.16902314,0.6633762,2,2,adulto
ICB_03361_004,ICB_133,copd,AKG C417L Microphone,68.0,0,1,2,0.23651895,0.8143439,2,2,adulto
ICB_03361_005,ICB_133,copd,AKG C417L Microphone,68.0,0,1,2,0.26476315,0.63246286,0,2,adulto
ICB_03361_006,ICB_133,copd,AKG C417L Microphone,68.0,0,1,2,0.1957115,0.65966177,2,2,adulto
ICB_03361_007,ICB_133,copd,AKG C417L Microphone,68.0,0,0,2,0.48086366,0.28700644,0,0,adulto
ICB_03362_000,ICB_134,copd,3M Littmann Classic II SE,61.0,0,0,2,0.6990172,0.2656347,0,0,adulto
ICB_03362_001,ICB_134,copd,3M Littmann Classic II SE,61.0,0,0,2,0.6574146,0.2461134,0,0,adulto
ICB_03362_002,ICB_134,copd,3M Littmann Classic II SE,61.0,0,0,2,0.6181904,0.24790977,0,0,adulto
ICB_03362_003,ICB_134,copd,3M Littmann Classic II SE,61.0,0,0,2,0.59843343,0.27508834,0,0,adulto
ICB_03362_004,ICB_134,copd,3M Littmann Classic II SE,61.0,0,0,2,0.615921,0.26095024,0,0,adulto
ICB_03363_000,ICB_134,copd,3M Littmann Classic II SE,61.0,0,0,2,0.76600975,0.26402628,1,0,adulto
ICB_03363_001,ICB_134,copd,3M Littmann Classic II SE,61.0,0,0,2,0.5434998,0.33175865,0,0,adulto
ICB_03363_002,ICB_134,copd,3M Littmann Classic II SE,61.0,0,0,2,0.544717,0.37849954,0,0,adulto
ICB_03363_003,ICB_134,copd,3M Littmann Classic II SE,61.0,0,0,2,0.52208054,0.30093414,0,0,adulto
ICB_03363_004,ICB_134,copd,3M Littmann Classic II SE,61.0,0,0,2,0.5727703,0.3616171,0,0,adulto
ICB_03364_000,ICB_134,copd,3M Littmann Classic II SE,61.0,0,0,2,0.55599636,0.26803857,0,0,adulto
ICB_03364_001,ICB_134,copd,3M Littmann Classic II SE,61.0,0,0,2,0.59987044,0.23394868,0,0,adulto
ICB_03364_002,ICB_134,copd,3M Littmann Classic II SE,61.0,0,0,2,0.66236573,0.22233568,0,0,adulto
ICB_03364_003,ICB_134,copd,3M Littmann Classic II SE,61.0,0,0,2,0.61366665,0.24391598,0,0,adulto
ICB_03364_004,ICB_134,copd,3M Littmann Classic II SE,61.0,0,0,2,0.63453674,0.28939053,0,0,adulto
ICB_03364_005,ICB_134,copd,3M Littmann Classic II SE,61.0,0,0,2,0.5770453,0.24862944,0,0,adulto
ICB_03364_006,ICB_134,copd,3M Littmann Classic II SE,61.0,0,0,2,0.6233658,0.26164475,0,0,adulto
ICB_03365_000,ICB_134,copd,3M Littmann Classic II SE,61.0,0,0,2,0.6157392,0.27474296,0,0,adulto
ICB_03365_001,ICB_134,copd,3M Littmann Classic II SE,61.0,0,0,2,0.57855976,0.27420172,0,0,adulto
ICB_03365_002,ICB_134,copd,3M Littmann Classic II SE,61.0,0,0,2,0.5799779,0.31507984,0,0,adulto
ICB_03365_003,ICB_134,copd,3M Littmann Classic II SE,61.0,0,0,2,0.5296468,0.18566225,0,0,adulto
ICB_03365_004,ICB_134,copd,3M Littmann Classic II SE,61.0,0,0,2,0.5958286,0.26555577,0,0,adulto
ICB_03365_005,ICB_134,copd,3M Littmann Classic II SE,61.0,0,0,2,0.46870455,0.27309585,0,0,adulto
ICB_03365_006,ICB_134,copd,3M Littmann Classic II SE,61.0,0,0,2,0.51061803,0.35950175,0,0,adulto
ICB_03366_000,ICB_134,copd,3M Littmann Classic II SE,61.0,0,0,2,0.6155359,0.2609234,0,0,adulto
ICB_03366_001,ICB_134,copd,3M Littmann Classic II SE,61.0,0,0,2,0.58217216,0.30434513,0,0,adulto
ICB_03366_002,ICB_134,copd,3M Littmann Classic II SE,61.0,0,0,2,0.5759714,0.27023268,0,0,adulto
ICB_03366_003,ICB_134,copd,3M Littmann Classic II SE,61.0,0,1,2,0.614263,0.24500364,0,2,adulto
ICB_03366_004,ICB_134,copd,3M Littmann Classic II SE,61.0,0,0,2,0.5464916,0.25097743,0,0,adulto
ICB_03366_005,ICB_134,copd,3M Littmann Classic II SE,61.0,0,0,2,0.7043923,0.2089039,0,0,adulto
ICB_03471_000,ICB_151,copd,AKG C417L Microphone,75.0,1,1,2,0.47729322,0.24670044,0,3,adulto
ICB_03471_001,ICB_151,copd,AKG C417L Microphone,75.0,0,1,2,0.6877965,0.19651468,0,2,adulto
ICB_03471_002,ICB_151,copd,AKG C417L Microphone,75.0,1,1,2,0.63070583,0.27424338,0,3,adulto
ICB_03471_003,ICB_151,copd,AKG C417L Microphone,75.0,0,0,2,0.6143016,0.38471848,0,0,adulto
ICB_03471_004,ICB_151,copd,AKG C417L Microphone,75.0,1,0,2,0.64731663,0.21788119,0,1,adulto
ICB_03471_005,ICB_151,copd,AKG C417L Microphone,75.0,0,1,2,0.62213427,0.27029285,0,2,adulto
ICB_03472_000,ICB_151,copd,AKG C417L Microphone,75.0,0,0,2,0.43873987,0.2988773,0,0,adulto
ICB_03472_001,ICB_151,copd,AKG C417L Microphone,75.0,0,0,2,0.5817507,0.2817921,0,0,adulto
ICB_03472_002,ICB_151,copd,AKG C417L Microphone,75.0,0,0,2,0.5803898,0.3105926,0,0,adulto
ICB_03472_003,ICB_151,copd,AKG C417L Microphone,75.0,0,0,2,0.60035354,0.40488815,0,0,adulto
ICB_03472_004,ICB_151,copd,AKG C417L Microphone,75.0,0,0,2,0.6867905,0.28703052,0,0,adulto
ICB_03472_005,ICB_151,copd,AKG C417L Microphone,75.0,0,0,2,0.5540133,0.21475789,0,0,adulto
ICB_03473_000,ICB_151,copd,AKG C417L Microphone,75.0,0,1,2,0.66073847,0.30707622,0,2,adulto
ICB_03473_001,ICB_151,copd,AKG C417L Microphone,75.0,1,1,2,0.33564475,0.33441475,0,3,adulto
ICB_03473_002,ICB_151,copd,AKG C417L Microphone,75.0,1,1,2,0.43192896,0.8774994,2,3,adulto
ICB_03473_003,ICB_151,copd,AKG C417L Microphone,75.0,1,0,2,0.6596848,0.30539015,0,1,adulto
ICB_03473_004,ICB_151,copd,AKG C417L Microphone,75.0,1,0,2,0.6972934,0.29167986,0,1,adulto
ICB_03473_005,ICB_151,copd,AKG C417L Microphone,75.0,1,1,2,0.5339031,0.4640801,0,3,adulto
ICB_03474_000,ICB_151,copd,AKG C417L Microphone,75.0,0,1,2,0.56349486,0.5465837,0,2,adulto
ICB_03474_001,ICB_151,copd,AKG C417L Microphone,75.0,0,0,2,0.73139966,0.37822062,0,0,adulto
ICB_03474_002,ICB_151,copd,AKG C417L Microphone,75.0,0,0,2,0.6884922,0.49168107,0,0,adulto
ICB_03474_003,ICB_151,copd,AKG C417L Microphone,75.0,1,0,2,0.6791392,0.27575776,0,1,adulto
ICB_03474_004,ICB_151,copd,AKG C417L Microphone,75.0,0,0,2,0.7368717,0.30619106,0,0,adulto
ICB_03474_005,ICB_151,copd,AKG C417L Microphone,75.0,0,0,2,0.62989396,0.44499946,0,0,adulto
ICB_03475_000,ICB_151,copd,AKG C417L Microphone,75.0,0,1,2,0.6198024,0.3565045,0,2,adulto
ICB_03475_001,ICB_151,copd,AKG C417L Microphone,75.0,0,1,2,0.56695807,0.19779381,0,2,adulto
ICB_03475_002,ICB_151,copd,AKG C417L Microphone,75.0,0,1,2,0.68886924,0.3246389,0,2,adulto
ICB_03475_003,ICB_151,copd,AKG C417L Microphone,75.0,0,0,2,0.76190484,0.19220506,1,0,adulto
ICB_03475_004,ICB_151,copd,AKG C417L Microphone,75.0,0,0,2,0.77435064,0.16716452,1,0,adulto
ICB_03475_005,ICB_151,copd,AKG C417L Microphone,75.0,0,1,2,0.6753994,0.35354555,0,2,adulto
ICB_03476_000,ICB_151,copd,AKG C417L Microphone,75.0,0,1,2,0.6314239,0.30004838,0,2,adulto
ICB_03476_001,ICB_151,copd,AKG C417L Microphone,75.0,0,0,2,0.6545226,0.21654668,0,0,adulto
ICB_03476_002,ICB_151,copd,AKG C417L Microphone,75.0,0,0,2,0.64466023,0.37819162,0,0,adulto
ICB_03476_003,ICB_151,copd,AKG C417L Microphone,75.0,0,0,2,0.6426955,0.25204933,0,0,adulto
ICB_03476_004,ICB_151,copd,AKG C417L Microphone,75.0,0,0,2,0.67776525,0.25504217,0,0,adulto
ICB_03476_005,ICB_151,copd,AKG C417L Microphone,75.0,0,0,2,0.67716885,0.29386878,0,0,adulto
ICB_03477_000,ICB_151,copd,AKG C417L Microphone,75.0,0,0,2,0.23587072,0.2639083,0,0,adulto
ICB_03477_001,ICB_151,copd,AKG C417L Microphone,75.0,0,1,2,0.22360861,0.19605663,0,2,adulto
ICB_03477_002,ICB_151,copd,AKG C417L Microphone,75.0,0,0,2,0.28916806,0.32258257,0,0,adulto
ICB_03477_003,ICB_151,copd,AKG C417L Microphone,75.0,0,0,2,0.27809277,0.27093318,0,0,adulto
ICB_03477_004,ICB_151,copd,AKG C417L Microphone,75.0,0,0,2,0.30944288,0.35931018,0,0,adulto
ICB_03477_005,ICB_151,copd,AKG C417L Microphone,75.0,0,1,2,0.2300177,0.20066684,0,2,adulto
ICB_03478_000,ICB_151,copd,AKG C417L Microphone,75.0,1,1,2,0.49703172,0.53091896,0,3,adulto
ICB_03478_001,ICB_151,copd,AKG C417L Microphone,75.0,1,1,2,0.55455244,0.6575317,2,3,adulto
ICB_03478_002,ICB_151,copd,AKG C417L Microphone,75.0,1,1,2,0.48599747,0.7861099,2,3,adulto
ICB_03478_003,ICB_151,copd,AKG C417L Microphone,75.0,0,1,2,0.5174843,0.75837487,2,2,adulto
ICB_03478_004,ICB_151,copd,AKG C417L Microphone,75.0,0,0,2,0.5380227,0.84325415,2,0,adulto
ICB_03478_005,ICB_151,copd,AKG C417L Microphone,75.0,0,0,2,0.5282376,0.9287883,2,0,adulto
ICB_03479_000,ICB_151,copd,AKG C417L Microphone,75.0,0,1,2,0.5095258,0.46450868,0,2,adulto
ICB_03479_001,ICB_151,copd,AKG C417L Microphone,75.0,1,0,2,0.5712935,0.55619144,0,1,adulto
ICB_03479_002,ICB_151,copd,AKG C417L Microphone,75.0,0,1,2,0.50200385,0.74148905,2,2,adulto
ICB_03479_003,ICB_151,copd,AKG C417L Microphone,75.0,1,0,2,0.50672054,0.75524217,2,1,adulto
ICB_03479_004,ICB_151,copd,AKG C417L Microphone,75.0,1,0,2,0.5399389,0.78192925,2,1,adulto
ICB_03479_005,ICB_151,copd,AKG C417L Microphone,75.0,1,0,2,0.48731777,0.94180053,2,1,adulto
ICB_03480_000,ICB_151,copd,AKG C417L Microphone,75.0,0,1,2,0.3950781,0.7969256,2,2,adulto
ICB_03480_001,ICB_151,copd,AKG C417L Microphone,75.0,0,1,2,0.48205647,0.8707935,2,2,adulto
ICB_03480_002,ICB_151,copd,AKG C417L Microphone,75.0,0,1,2,0.53397995,0.960997,2,2,adulto
ICB_03480_003,ICB_151,copd,AKG C417L Microphone,75.0,0,1,2,0.35040385,0.91406685,2,2,adulto
ICB_03480_004,ICB_151,copd,AKG C417L Microphone,75.0,1,1,2,0.5166325,0.9645975,2,3,adulto
ICB_03480_005,ICB_151,copd,AKG C417L Microphone,75.0,1,1,2,0.4180218,0.95487493,2,3,adulto
ICB_03481_000,ICB_151,copd,AKG C417L Microphone,75.0,0,0,2,0.4581,0.94115216,2,0,adulto
ICB_03481_001,ICB_151,copd,AKG C417L Microphone,75.0,0,0,2,0.6256235,0.9481157,2,0,adulto
ICB_03481_002,ICB_151,copd,AKG C417L Microphone,75.0,0,0,2,0.5453797,0.9027826,2,0,adulto
ICB_03481_003,ICB_151,copd,AKG C417L Microphone,75.0,0,0,2,0.554431,0.95097053,2,0,adulto
ICB_03481_004,ICB_151,copd,AKG C417L Microphone,75.0,0,0,2,0.57322305,0.9316779,2,0,adulto
ICB_03481_005,ICB_151,copd,AKG C417L Microphone,75.0,0,0,2,0.55719894,0.96674377,2,0,adulto
ICB_03482_000,ICB_151,copd,AKG C417L Microphone,75.0,0,1,2,0.56316453,0.8499539,2,2,adulto
ICB_03482_001,ICB_151,copd,AKG C417L Microphone,75.0,0,1,2,0.65588266,0.7674909,2,2,adulto
ICB_03482_002,ICB_151,copd,AKG C417L Microphone,75.0,0,1,2,0.5764989,0.8208234,2,2,adulto
ICB_03482_003,ICB_151,copd,AKG C417L Microphone,75.0,0,1,2,0.56900215,0.8265557,2,2,adulto
ICB_03482_004,ICB_151,copd,AKG C417L Microphone,75.0,0,0,2,0.59749115,0.8611404,2,0,adulto
ICB_03482_005,ICB_151,copd,AKG C417L Microphone,75.0,0,1,2,0.5944083,0.86883426,2,2,adulto
ICB_03483_000,ICB_151,copd,AKG C417L Microphone,75.0,0,0,2,0.5183865,0.90692073,2,0,adulto
ICB_03483_001,ICB_151,copd,AKG C417L Microphone,75.0,0,0,2,0.54577607,0.8832848,2,0,adulto
ICB_03483_002,ICB_151,copd,AKG C417L Microphone,75.0,0,0,2,0.5104793,0.92121583,2,0,adulto
ICB_03483_003,ICB_151,copd,AKG C417L Microphone,75.0,0,0,2,0.5194182,0.93610203,2,0,adulto
ICB_03483_004,ICB_151,copd,AKG C417L Microphone,75.0,0,0,2,0.4948256,0.9393698,2,0,adulto
ICB_03483_005,ICB_151,copd,AKG C417L Microphone,75.0,0,0,2,0.4751935,0.9631614,2,0,adulto
ICB_03484_000,ICB_151,copd,AKG C417L Microphone,75.0,0,0,2,0.28408644,0.3258051,0,0,adulto
ICB_03484_001,ICB_151,copd,AKG C417L Microphone,75.0,0,0,2,0.2774829,0.41335335,0,0,adulto
ICB_03484_002,ICB_151,copd,AKG C417L Microphone,75.0,0,0,2,0.26217088,0.3093783,0,0,adulto
ICB_03484_003,ICB_151,copd,AKG C417L Microphone,75.0,0,1,2,0.24386631,0.41877553,0,2,adulto
ICB_03484_004,ICB_151,copd,AKG C417L Microphone,75.0,0,0,2,0.29687077,0.3544621,0,0,adulto
ICB_03484_005,ICB_151,copd,AKG C417L Microphone,75.0,0,1,2,0.32901272,0.50375205,0,2,adulto
ICB_03485_000,ICB_151,copd,AKG C417L Microphone,75.0,0,0,2,0.51615846,0.25792393,0,0,adulto
ICB_03485_001,ICB_151,copd,AKG C417L Microphone,75.0,0,0,2,0.6073055,0.19216527,0,0,adulto
ICB_03485_002,ICB_151,copd,AKG C417L Microphone,75.0,1,0,2,0.6285508,0.3603264,0,1,adulto
ICB_03485_003,ICB_151,copd,AKG C417L Microphone,75.0,1,0,2,0.5176413,0.85399884,2,1,adulto
ICB_03485_004,ICB_151,copd,AKG C417L Microphone,75.0,0,1,2,0.58567995,0.83334184,2,2,adulto
ICB_03485_005,ICB_151,copd,AKG C417L Microphone,75.0,0,0,2,0.5360055,0.37899727,0,0,adulto
ICB_03486_000,ICB_151,copd,AKG C417L Microphone,75.0,1,0,2,0.4811306,0.3108369,0,1,adulto
ICB_03486_001,ICB_151,copd,AKG C417L Microphone,75.0,0,1,2,0.48987353,0.27614576,0,2,adulto
ICB_03486_002,ICB_151,copd,AKG C417L Microphone,75.0,0,1,2,0.5622114,0.32931465,0,2,adulto
ICB_03486_003,ICB_151,copd,AKG C417L Microphone,75.0,0,0,2,0.5529915,0.6915184,2,0,adulto
ICB_03486_004,ICB_151,copd,AKG C417L Microphone,75.0,0,0,2,0.5630269,0.7493835,2,0,adulto
ICB_03486_005,ICB_151,copd,AKG C417L Microphone,75.0,0,0,2,0.57543325,0.31423813,0,0,adulto
ICB_03487_000,ICB_151,copd,AKG C417L Microphone,75.0,1,1,2,0.36498246,0.27070895,0,3,adulto
ICB_03487_001,ICB_151,copd,AKG C417L Microphone,75.0,1,1,2,0.4520072,0.3392436,0,3,adulto
ICB_03487_002,ICB_151,copd,AKG C417L Microphone,75.0,1,1,2,0.61204904,0.26251096,0,3,adulto
ICB_03487_003,ICB_151,copd,AKG C417L Microphone,75.0,1,1,2,0.5250083,0.8458997,2,3,adulto
ICB_03487_004,ICB_151,copd,AKG C417L Microphone,75.0,0,1,2,0.30494273,0.7271274,2,2,adulto
ICB_03487_005,ICB_151,copd,AKG C417L Microphone,75.0,1,0,2,0.54742855,0.31968328,0,1,adulto
ICB_03488_000,ICB_151,copd,AKG C417L Microphone,75.0,0,0,2,0.6346006,0.31645235,0,0,adulto
ICB_03488_001,ICB_151,copd,AKG C417L Microphone,75.0,0,1,2,0.47462824,0.3926201,0,2,adulto
ICB_03488_002,ICB_151,copd,AKG C417L Microphone,75.0,0,0,2,0.75003004,0.3399501,1,0,adulto
ICB_03488_003,ICB_151,copd,AKG C417L Microphone,75.0,0,0,2,0.5181885,0.94566643,2,0,adulto
ICB_03488_004,ICB_151,copd,AKG C417L Microphone,75.0,0,0,2,0.5318152,0.9539935,2,0,adulto
ICB_03488_005,ICB_151,copd,AKG C417L Microphone,75.0,0,0,2,0.65805113,0.30412576,0,0,adulto
ICB_03489_000,ICB_151,copd,AKG C417L Microphone,75.0,1,1,2,0.66823894,0.23977958,0,3,adulto
ICB_03489_001,ICB_151,copd,AKG C417L Microphone,75.0,1,1,2,0.6205944,0.24836366,0,3,adulto
ICB_03489_002,ICB_151,copd,AKG C417L Microphone,75.0,1,1,2,0.6511395,0.20983048,0,3,adulto
ICB_03489_003,ICB_151,copd,AKG C417L Microphone,75.0,1,1,2,0.7047297,0.22808419,0,3,adulto
ICB_03489_004,ICB_151,copd,AKG C417L Microphone,75.0,0,1,2,0.6372611,0.40103492,0,2,adulto
ICB_03489_005,ICB_151,copd,AKG C417L Microphone,75.0,0,0,2,0.76304126,0.149004,1,0,adulto
ICB_03490_000,ICB_151,copd,AKG C417L Microphone,75.0,0,0,2,0.61322486,0.2515905,0,0,adulto
ICB_03490_001,ICB_151,copd,AKG C417L Microphone,75.0,0,1,2,0.56119704,0.4438758,0,2,adulto
ICB_03490_002,ICB_151,copd,AKG C417L Microphone,75.0,0,0,2,0.6488464,0.26502588,0,0,adulto
ICB_03490_003,ICB_151,copd,AKG C417L Microphone,75.0,0,0,2,0.64454705,0.43012795,0,0,adulto
ICB_03490_004,ICB_151,copd,AKG C417L Microphone,75.0,0,0,2,0.6519828,0.5021535,0,0,adulto
ICB_03490_005,ICB_151,copd,AKG C417L Microphone,75.0,0,0,2,0.6537814,0.252121,0,0,adulto
ICB_03491_000,ICB_151,copd,AKG C417L Microphone,75.0,0,0,2,0.21194418,0.12974125,0,0,adulto
ICB_03491_001,ICB_151,copd,AKG C417L Microphone,75.0,0,1,2,0.27593547,0.1867166,0,2,adulto
ICB_03491_002,ICB_151,copd,AKG C417L Microphone,75.0,0,1,2,0.25215057,0.2603478,0,2,adulto
ICB_03491_003,ICB_151,copd,AKG C417L Microphone,75.0,0,0,2,0.27364382,0.36091003,0,0,adulto
ICB_03491_004,ICB_151,copd,AKG C417L Microphone,75.0,0,1,2,0.3278192,0.5053481,0,2,adulto
ICB_03491_005,ICB_151,copd,AKG C417L Microphone,75.0,0,0,2,0.30979005,0.39200628,0,0,adulto
ICB_03492_000,ICB_151,copd,AKG C417L Microphone,75.0,1,0,2,0.56248903,0.27482143,0,1,adulto
ICB_03492_001,ICB_151,copd,AKG C417L Microphone,75.0,1,1,2,0.61275244,0.45280337,0,3,adulto
ICB_03492_002,ICB_151,copd,AKG C417L Microphone,75.0,1,0,2,0.5603347,0.2261035,0,1,adulto
ICB_03492_003,ICB_151,copd,AKG C417L Microphone,75.0,1,0,2,0.6276327,0.25653064,0,1,adulto
ICB_03492_004,ICB_151,copd,AKG C417L Microphone,75.0,1,0,2,0.59180725,0.37326628,0,1,adulto
ICB_03492_005,ICB_151,copd,AKG C417L Microphone,75.0,0,0,2,0.67858213,0.27370268,0,0,adulto
ICB_03493_000,ICB_151,copd,AKG C417L Microphone,75.0,1,0,2,0.5454106,0.27892742,0,1,adulto
ICB_03493_001,ICB_151,copd,AKG C417L Microphone,75.0,1,1,2,0.5209627,0.660787,2,3,adulto
ICB_03493_002,ICB_151,copd,AKG C417L Microphone,75.0,1,0,2,0.5667345,0.21801023,0,1,adulto
ICB_03493_003,ICB_151,copd,AKG C417L Microphone,75.0,1,0,2,0.5801212,0.3095397,0,1,adulto
ICB_03493_004,ICB_151,copd,AKG C417L Microphone,75.0,1,0,2,0.4715383,0.3649565,0,1,adulto
ICB_03493_005,ICB_151,copd,AKG C417L Microphone,75.0,0,0,2,0.62302613,0.27558964,0,0,adulto
ICB_03494_000,ICB_151,copd,AKG C417L Microphone,75.0,0,1,2,0.47668698,0.61567163,0,2,adulto
ICB_03494_001,ICB_151,copd,AKG C417L Microphone,75.0,1,1,2,0.49107707,0.93642074,2,3,adulto
ICB_03494_002,ICB_151,copd,AKG C417L Microphone,75.0,0,0,2,0.65756065,0.29895663,0,0,adulto
ICB_03494_003,ICB_151,copd,AKG C417L Microphone,75.0,0,0,2,0.65069413,0.2682685,0,0,adulto
ICB_03494_004,ICB_151,copd,AKG C417L Microphone,75.0,0,1,2,0.5565824,0.3777883,0,2,adulto
ICB_03494_005,ICB_151,copd,AKG C417L Microphone,75.0,0,0,2,0.6699068,0.25493625,0,0,adulto
ICB_03495_000,ICB_151,copd,AKG C417L Microphone,75.0,1,0,2,0.6100033,0.41856247,0,1,adulto
ICB_03495_001,ICB_151,copd,AKG C417L Microphone,75.0,1,1,2,0.50078976,0.93176496,2,3,adulto
ICB_03495_002,ICB_151,copd,AKG C417L Microphone,75.0,1,0,2,0.7497495,0.19256444,0,1,adulto
ICB_03495_003,ICB_151,copd,AKG C417L Microphone,75.0,1,0,2,0.7044626,0.20488764,0,1,adulto
ICB_03495_004,ICB_151,copd,AKG C417L Microphone,75.0,1,0,2,0.6871991,0.24397218,0,1,adulto
ICB_03495_005,ICB_151,copd,AKG C417L Microphone,75.0,1,0,2,0.6986515,0.20577061,0,1,adulto
ICB_03496_000,ICB_151,copd,AKG C417L Microphone,75.0,1,1,2,0.4779948,0.38346684,0,3,adulto
ICB_03496_001,ICB_151,copd,AKG C417L Microphone,75.0,1,1,2,0.43283847,0.90063345,2,3,adulto
ICB_03496_002,ICB_151,copd,AKG C417L Microphone,75.0,0,0,2,0.6007052,0.2703428,0,0,adulto
ICB_03496_003,ICB_151,copd,AKG C417L Microphone,75.0,0,0,2,0.58784,0.2459113,0,0,adulto
ICB_03496_004,ICB_151,copd,AKG C417L Microphone,75.0,0,0,2,0.53003556,0.23681255,0,0,adulto
ICB_03496_005,ICB_151,copd,AKG C417L Microphone,75.0,0,0,2,0.53052896,0.272782,0,0,adulto
ICB_03497_000,ICB_151,copd,AKG C417L Microphone,75.0,0,0,2,0.1247964,0.061703518,0,0,adulto
ICB_03497_001,ICB_151,copd,AKG C417L Microphone,75.0,0,1,2,0.15235104,0.69914377,2,2,adulto
ICB_03497_002,ICB_151,copd,AKG C417L Microphone,75.0,0,0,2,0.11441726,0.2516086,0,0,adulto
ICB_03497_003,ICB_151,copd,AKG C417L Microphone,75.0,0,0,2,0.116884224,0.4377595,0,0,adulto
ICB_03497_004,ICB_151,copd,AKG C417L Microphone,75.0,0,0,2,0.11970464,0.32118884,0,0,adulto
ICB_03497_005,ICB_151,copd,AKG C417L Microphone,75.0,0,0,2,0.24494237,0.35731637,0,0,adulto
ICB_03498_000,ICB_151,copd,AKG C417L Microphone,75.0,1,0,2,0.7796773,0.27285576,1,1,adulto
ICB_03498_001,ICB_151,copd,AKG C417L Microphone,75.0,1,1,2,0.69173896,0.6653658,2,3,adulto
ICB_03498_002,ICB_151,copd,AKG C417L Microphone,75.0,1,1,2,0.65916604,0.3998345,0,3,adulto
ICB_03498_003,ICB_151,copd,AKG C417L Microphone,75.0,1,0,2,0.61382043,0.38505617,0,1,adulto
ICB_03498_004,ICB_151,copd,AKG C417L Microphone,75.0,1,0,2,0.76679265,0.26293075,1,1,adulto
ICB_03498_005,ICB_151,copd,AKG C417L Microphone,75.0,0,0,2,0.66510576,0.38713256,0,0,adulto
ICB_03501_000,ICB_154,copd,AKG C417L Microphone,65.0,1,0,2,0.5583136,0.333628,0,1,adulto
ICB_03501_001,ICB_154,copd,AKG C417L Microphone,65.0,1,0,2,0.5209562,0.5125004,0,1,adulto
ICB_03501_002,ICB_154,copd,AKG C417L Microphone,65.0,1,0,2,0.55367154,0.482712,0,1,adulto
ICB_03501_003,ICB_154,copd,AKG C417L Microphone,65.0,1,0,2,0.51290864,0.47108445,0,1,adulto
ICB_03501_004,ICB_154,copd,AKG C417L Microphone,65.0,0,0,2,0.54988855,0.4306455,0,0,adulto
ICB_03501_005,ICB_154,copd,AKG C417L Microphone,65.0,0,0,2,0.5482082,0.32227537,0,0,adulto
ICB_03501_006,ICB_154,copd,AKG C417L Microphone,65.0,1,0,2,0.5210581,0.34195125,0,1,adulto
ICB_03501_007,ICB_154,copd,AKG C417L Microphone,65.0,1,0,2,0.5141498,0.47476825,0,1,adulto
ICB_03501_008,ICB_154,copd,AKG C417L Microphone,65.0,0,0,2,0.5133135,0.54997617,0,0,adulto
ICB_03501_009,ICB_154,copd,AKG C417L Microphone,65.0,1,0,2,0.5018537,0.36155063,0,1,adulto
ICB_03501_010,ICB_154,copd,AKG C417L Microphone,65.0,1,0,2,0.51943606,0.32770285,0,1,adulto
ICB_03501_011,ICB_154,copd,AKG C417L Microphone,65.0,1,0,2,0.5114754,0.2612151,0,1,adulto
ICB_03502_000,ICB_154,copd,AKG C417L Microphone,65.0,0,0,2,0.1756937,0.29082376,0,0,adulto
ICB_03502_001,ICB_154,copd,AKG C417L Microphone,65.0,0,0,2,0.17547539,0.27419707,0,0,adulto
ICB_03502_002,ICB_154,copd,AKG C417L Microphone,65.0,0,0,2,0.17667298,0.23596954,0,0,adulto
ICB_03502_003,ICB_154,copd,AKG C417L Microphone,65.0,0,0,2,0.13196467,0.2237127,0,0,adulto
ICB_03502_004,ICB_154,copd,AKG C417L Microphone,65.0,0,0,2,0.1791901,0.2794115,0,0,adulto
ICB_03502_005,ICB_154,copd,AKG C417L Microphone,65.0,1,0,2,0.17643549,0.21633157,0,1,adulto
ICB_03502_006,ICB_154,copd,AKG C417L Microphone,65.0,0,0,2,0.17996942,0.42148077,0,0,adulto
ICB_03502_007,ICB_154,copd,AKG C417L Microphone,65.0,0,0,2,0.24008207,0.33078337,0,0,adulto
ICB_03502_008,ICB_154,copd,AKG C417L Microphone,65.0,0,0,2,0.20092042,0.31602153,0,0,adulto
ICB_03502_009,ICB_154,copd,AKG C417L Microphone,65.0,0,0,2,0.16485527,0.38041604,0,0,adulto
ICB_03502_010,ICB_154,copd,AKG C417L Microphone,65.0,0,0,2,0.16872957,0.30835643,0,0,adulto
ICB_03502_011,ICB_154,copd,AKG C417L Microphone,65.0,0,0,2,0.19259122,0.2408468,0,0,adulto
ICB_03503_000,ICB_154,copd,AKG C417L Microphone,65.0,1,0,2,0.5284608,0.26159343,0,1,adulto
ICB_03503_001,ICB_154,copd,AKG C417L Microphone,65.0,1,0,2,0.48864695,0.28723818,0,1,adulto
ICB_03503_002,ICB_154,copd,AKG C417L Microphone,65.0,1,0,2,0.47778234,0.26768005,0,1,adulto
ICB_03503_003,ICB_154,copd,AKG C417L Microphone,65.0,1,0,2,0.5051413,0.25780386,0,1,adulto
ICB_03503_004,ICB_154,copd,AKG C417L Microphone,65.0,1,0,2,0.47236562,0.30183735,0,1,adulto
ICB_03503_005,ICB_154,copd,AKG C417L Microphone,65.0,1,0,2,0.5248387,0.23756367,0,1,adulto
ICB_03503_006,ICB_154,copd,AKG C417L Microphone,65.0,1,0,2,0.4941363,0.20547853,0,1,adulto
ICB_03503_007,ICB_154,copd,AKG C417L Microphone,65.0,1,0,2,0.5201431,0.26764253,0,1,adulto
ICB_03503_008,ICB_154,copd,AKG C417L Microphone,65.0,1,0,2,0.48809183,0.32801694,0,1,adulto
ICB_03503_009,ICB_154,copd,AKG C417L Microphone,65.0,1,0,2,0.511225,0.25532794,0,1,adulto
ICB_03503_010,ICB_154,copd,AKG C417L Microphone,65.0,1,0,2,0.51718014,0.27276355,0,1,adulto
ICB_03503_011,ICB_154,copd,AKG C417L Microphone,65.0,0,0,2,0.4689874,0.27319002,0,0,adulto
ICB_03504_000,ICB_154,copd,AKG C417L Microphone,65.0,1,0,2,0.58259463,0.34554255,0,1,adulto
ICB_03504_001,ICB_154,copd,AKG C417L Microphone,65.0,0,0,2,0.52480763,0.505173,0,0,adulto
ICB_03504_002,ICB_154,copd,AKG C417L Microphone,65.0,0,0,2,0.6046441,0.42642456,0,0,adulto
ICB_03504_003,ICB_154,copd,AKG C417L Microphone,65.0,0,0,2,0.5200475,0.520847,0,0,adulto
ICB_03504_004,ICB_154,copd,AKG C417L Microphone,65.0,0,0,2,0.5452906,0.45301136,0,0,adulto
ICB_03504_005,ICB_154,copd,AKG C417L Microphone,65.0,1,0,2,0.54926467,0.31915885,0,1,adulto
ICB_03504_006,ICB_154,copd,AKG C417L Microphone,65.0,0,0,2,0.5392934,0.37528542,0,0,adulto
ICB_03504_007,ICB_154,copd,AKG C417L Microphone,65.0,0,0,2,0.5683869,0.51075196,0,0,adulto
ICB_03504_008,ICB_154,copd,AKG C417L Microphone,65.0,0,0,2,0.5305806,0.5211957,0,0,adulto
ICB_03504_009,ICB_154,copd,AKG C417L Microphone,65.0,0,0,2,0.5568315,0.3773488,0,0,adulto
ICB_03504_010,ICB_154,copd,AKG C417L Microphone,65.0,0,0,2,0.5787309,0.36808982,0,0,adulto
ICB_03504_011,ICB_154,copd,AKG C417L Microphone,65.0,0,0,2,0.4835579,0.2847473,0,0,adulto
ICB_03505_000,ICB_154,copd,AKG C417L Microphone,65.0,1,0,2,0.5553837,0.33148646,0,1,adulto
ICB_03505_001,ICB_154,copd,AKG C417L Microphone,65.0,1,0,2,0.5851535,0.39323506,0,1,adulto
ICB_03505_002,ICB_154,copd,AKG C417L Microphone,65.0,1,0,2,0.55496645,0.29425547,0,1,adulto
ICB_03505_003,ICB_154,copd,AKG C417L Microphone,65.0,1,0,2,0.5652652,0.2926426,0,1,adulto
ICB_03505_004,ICB_154,copd,AKG C417L Microphone,65.0,1,0,2,0.5368105,0.37336856,0,1,adulto
ICB_03505_005,ICB_154,copd,AKG C417L Microphone,65.0,1,0,2,0.57483083,0.28593278,0,1,adulto
ICB_03505_006,ICB_154,copd,AKG C417L Microphone,65.0,1,0,2,0.52965975,0.2751229,0,1,adulto
ICB_03505_007,ICB_154,copd,AKG C417L Microphone,65.0,1,0,2,0.48669398,0.3430452,0,1,adulto
ICB_03505_008,ICB_154,copd,AKG C417L Microphone,65.0,1,0,2,0.52684987,0.2571095,0,1,adulto
ICB_03505_009,ICB_154,copd,AKG C417L Microphone,65.0,1,0,2,0.49517477,0.3217232,0,1,adulto
ICB_03505_010,ICB_154,copd,AKG C417L Microphone,65.0,0,0,2,0.5453383,0.2944887,0,0,adulto
ICB_03505_011,ICB_154,copd,AKG C417L Microphone,65.0,0,0,2,0.5085768,0.300229,0,0,adulto
ICB_03506_000,ICB_154,copd,AKG C417L Microphone,65.0,1,0,2,0.5996167,0.5811798,0,1,adulto
ICB_03506_001,ICB_154,copd,AKG C417L Microphone,65.0,0,0,2,0.5953714,0.5483974,0,0,adulto
ICB_03506_002,ICB_154,copd,AKG C417L Microphone,65.0,1,0,2,0.5750345,0.5522011,0,1,adulto
ICB_03506_003,ICB_154,copd,AKG C417L Microphone,65.0,1,0,2,0.5123072,0.50221974,0,1,adulto
ICB_03506_004,ICB_154,copd,AKG C417L Microphone,65.0,1,0,2,0.567879,0.55363584,0,1,adulto
ICB_03506_005,ICB_154,copd,AKG C417L Microphone,65.0,1,0,2,0.5297269,0.51299495,0,1,adulto
ICB_03506_006,ICB_154,copd,AKG C417L Microphone,65.0,0,0,2,0.54330146,0.48350653,0,0,adulto
ICB_03506_007,ICB_154,copd,AKG C417L Microphone,65.0,0,0,2,0.56799614,0.44486758,0,0,adulto
ICB_03506_008,ICB_154,copd,AKG C417L Microphone,65.0,0,0,2,0.5998044,0.62608874,0,0,adulto
ICB_03506_009,ICB_154,copd,AKG C417L Microphone,65.0,1,0,2,0.5724828,0.34781057,0,1,adulto
ICB_03506_010,ICB_154,copd,AKG C417L Microphone,65.0,1,0,2,0.58650446,0.343755,0,1,adulto
ICB_03506_011,ICB_154,copd,AKG C417L Microphone,65.0,1,0,2,0.5693432,0.3275083,0,1,adulto
ICB_03507_000,ICB_154,copd,AKG C417L Microphone,65.0,0,0,2,0.41004762,0.55413496,0,0,adulto
ICB_03507_001,ICB_154,copd,AKG C417L Microphone,65.0,0,0,2,0.39325744,0.6736245,2,0,adulto
ICB_03507_002,ICB_154,copd,AKG C417L Microphone,65.0,0,0,2,0.29346132,0.7466436,2,0,adulto
ICB_03507_003,ICB_154,copd,AKG C417L Microphone,65.0,0,0,2,0.33599064,0.6349129,0,0,adulto
ICB_03507_004,ICB_154,copd,AKG C417L Microphone,65.0,0,0,2,0.33809823,0.8228222,2,0,adulto
ICB_03507_005,ICB_154,copd,AKG C417L Microphone,65.0,0,0,2,0.38331392,0.4353713,0,0,adulto
ICB_03507_006,ICB_154,copd,AKG C417L Microphone,65.0,0,0,2,0.30959207,0.5973989,0,0,adulto
ICB_03507_007,ICB_154,copd,AKG C417L Microphone,65.0,0,0,2,0.28051817,0.5954344,0,0,adulto
ICB_03507_008,ICB_154,copd,AKG C417L Microphone,65.0,0,0,2,0.30729416,0.8830432,2,0,adulto
ICB_03507_009,ICB_154,copd,AKG C417L Microphone,65.0,0,0,2,0.34168664,0.3865934,0,0,adulto
ICB_03507_010,ICB_154,copd,AKG C417L Microphone,65.0,0,0,2,0.29616848,0.59279555,0,0,adulto
ICB_03507_011,ICB_154,copd,AKG C417L Microphone,65.0,0,0,2,0.3234667,0.5814484,0,0,adulto
ICB_03508_000,ICB_154,copd,AKG C417L Microphone,65.0,0,0,2,0.70385545,0.269376,0,0,adulto
ICB_03508_001,ICB_154,copd,AKG C417L Microphone,65.0,0,0,2,0.4639382,0.6901143,2,0,adulto
ICB_03508_002,ICB_154,copd,AKG C417L Microphone,65.0,1,0,2,0.5577028,0.5383903,0,1,adulto
ICB_03508_003,ICB_154,copd,AKG C417L Microphone,65.0,1,0,2,0.6308568,0.6294187,0,1,adulto
ICB_03508_004,ICB_154,copd,AKG C417L Microphone,65.0,1,0,2,0.6203232,0.45704755,0,1,adulto
ICB_03508_005,ICB_154,copd,AKG C417L Microphone,65.0,1,0,2,0.5998843,0.47388723,0,1,adulto
ICB_03508_006,ICB_154,copd,AKG C417L Microphone,65.0,1,0,2,0.64969105,0.5809633,0,1,adulto
ICB_03509_000,ICB_154,copd,AKG C417L Microphone,65.0,0,0,2,0.4436394,0.45216703,0,0,adulto
ICB_03509_001,ICB_154,copd,AKG C417L Microphone,65.0,0,0,2,0.18055712,0.83706677,2,0,adulto
ICB_03509_002,ICB_154,copd,AKG C417L Microphone,65.0,0,0,2,0.25947633,0.6268307,0,0,adulto
ICB_03509_003,ICB_154,copd,AKG C417L Microphone,65.0,0,0,2,0.4502112,0.6676135,2,0,adulto
ICB_03509_004,ICB_154,copd,AKG C417L Microphone,65.0,1,0,2,0.47515905,0.5155256,0,1,adulto
ICB_03509_005,ICB_154,copd,AKG C417L Microphone,65.0,1,0,2,0.42120215,0.37812796,0,1,adulto
ICB_03509_006,ICB_154,copd,AKG C417L Microphone,65.0,0,0,2,0.39868262,0.6357974,0,0,adulto
ICB_03510_000,ICB_154,copd,AKG C417L Microphone,65.0,1,0,2,0.704717,0.2709679,0,1,adulto
ICB_03510_001,ICB_154,copd,AKG C417L Microphone,65.0,1,0,2,0.5800979,0.59663516,0,1,adulto
ICB_03510_002,ICB_154,copd,AKG C417L Microphone,65.0,1,0,2,0.6288138,0.53410715,0,1,adulto
ICB_03510_003,ICB_154,copd,AKG C417L Microphone,65.0,1,0,2,0.64571494,0.67086613,2,1,adulto
ICB_03510_004,ICB_154,copd,AKG C417L Microphone,65.0,1,0,2,0.62652797,0.41057017,0,1,adulto
ICB_03510_005,ICB_154,copd,AKG C417L Microphone,65.0,1,0,2,0.6671963,0.30573022,0,1,adulto
ICB_03510_006,ICB_154,copd,AKG C417L Microphone,65.0,1,0,2,0.6530718,0.46407127,0,1,adulto
ICB_03511_000,ICB_154,copd,AKG C417L Microphone,65.0,1,0,2,0.71181464,0.24767976,0,1,adulto
ICB_03511_001,ICB_154,copd,AKG C417L Microphone,65.0,1,0,2,0.50310606,0.740941,2,1,adulto
ICB_03511_002,ICB_154,copd,AKG C417L Microphone,65.0,1,0,2,0.58916444,0.48106503,0,1,adulto
ICB_03511_003,ICB_154,copd,AKG C417L Microphone,65.0,1,0,2,0.6304623,0.64615214,0,1,adulto
ICB_03511_004,ICB_154,copd,AKG C417L Microphone,65.0,1,0,2,0.71886927,0.36990118,0,1,adulto
ICB_03511_005,ICB_154,copd,AKG C417L Microphone,65.0,1,0,2,0.7712705,0.2125586,1,1,adulto
ICB_03511_006,ICB_154,copd,AKG C417L Microphone,65.0,1,0,2,0.6885482,0.31950212,0,1,adulto
ICB_03512_000,ICB_154,copd,AKG C417L Microphone,65.0,1,0,2,0.7351627,0.25281417,0,1,adulto
ICB_03512_001,ICB_154,copd,AKG C417L Microphone,65.0,1,0,2,0.66281176,0.4784396,0,1,adulto
ICB_03512_002,ICB_154,copd,AKG C417L Microphone,65.0,1,0,2,0.6996329,0.33662236,0,1,adulto
ICB_03512_003,ICB_154,copd,AKG C417L Microphone,65.0,1,0,2,0.7143569,0.67706203,2,1,adulto
ICB_03512_004,ICB_154,copd,AKG C417L Microphone,65.0,1,0,2,0.81465954,0.19329871,1,1,adulto
ICB_03512_005,ICB_154,copd,AKG C417L Microphone,65.0,1,0,2,0.7423133,0.13519612,0,1,adulto
ICB_03512_006,ICB_154,copd,AKG C417L Microphone,65.0,1,0,2,0.7046805,0.22776939,0,1,adulto
ICB_03513_000,ICB_154,copd,AKG C417L Microphone,65.0,0,0,2,0.68167907,0.25487325,0,0,adulto
ICB_03513_001,ICB_154,copd,AKG C417L Microphone,65.0,0,0,2,0.43468282,0.7274177,2,0,adulto
ICB_03513_002,ICB_154,copd,AKG C417L Microphone,65.0,1,0,2,0.5085052,0.53378797,0,1,adulto
ICB_03513_003,ICB_154,copd,AKG C417L Microphone,65.0,0,0,2,0.62235594,0.79063344,2,0,adulto
ICB_03513_004,ICB_154,copd,AKG C417L Microphone,65.0,0,0,2,0.6477678,0.51549274,0,0,adulto
ICB_03513_005,ICB_154,copd,AKG C417L Microphone,65.0,1,0,2,0.64416254,0.4447849,0,1,adulto
ICB_03513_006,ICB_154,copd,AKG C417L Microphone,65.0,0,0,2,0.6022927,0.7167602,2,0,adulto
ICB_03514_000,ICB_154,copd,AKG C417L Microphone,65.0,0,0,2,0.5993254,0.41198683,0,0,adulto
ICB_03514_001,ICB_154,copd,AKG C417L Microphone,65.0,0,0,2,0.36420864,0.8370925,2,0,adulto
ICB_03514_002,ICB_154,copd,AKG C417L Microphone,65.0,0,0,2,0.41333333,0.73513633,2,0,adulto
ICB_03514_003,ICB_154,copd,AKG C417L Microphone,65.0,0,0,2,0.58668554,0.56139547,0,0,adulto
ICB_03514_004,ICB_154,copd,AKG C417L Microphone,65.0,0,0,2,0.5902034,0.60116625,0,0,adulto
ICB_03514_005,ICB_154,copd,AKG C417L Microphone,65.0,0,0,2,0.6006707,0.37863544,0,0,adulto
ICB_03514_006,ICB_154,copd,AKG C417L Microphone,65.0,0,0,2,0.62788785,0.5431452,0,0,adulto
ICB_03515_000,ICB_154,copd,AKG C417L Microphone,65.0,0,0,2,0.6972424,0.23744293,0,0,adulto
ICB_03515_001,ICB_154,copd,AKG C417L Microphone,65.0,0,0,2,0.67871696,0.19901657,0,0,adulto
ICB_03515_002,ICB_154,copd,AKG C417L Microphone,65.0,1,0,2,0.66759926,0.13095737,0,1,adulto
ICB_03515_003,ICB_154,copd,AKG C417L Microphone,65.0,0,0,2,0.6813389,0.18142709,0,0,adulto
ICB_03515_004,ICB_154,copd,AKG C417L Microphone,65.0,1,0,2,0.71143025,0.15938596,0,1,adulto
ICB_03516_000,ICB_154,copd,AKG C417L Microphone,65.0,0,0,2,0.5704576,0.5129764,0,0,adulto
ICB_03516_001,ICB_154,copd,AKG C417L Microphone,65.0,1,0,2,0.4256094,0.4224063,0,1,adulto
ICB_03516_002,ICB_154,copd,AKG C417L Microphone,65.0,1,0,2,0.42916927,0.6109011,0,1,adulto
ICB_03516_003,ICB_154,copd,AKG C417L Microphone,65.0,1,0,2,0.6266297,0.3350743,0,1,adulto
ICB_03516_004,ICB_154,copd,AKG C417L Microphone,65.0,1,0,2,0.49913093,0.6110845,0,1,adulto
ICB_03517_000,ICB_154,copd,AKG C417L Microphone,65.0,1,0,2,0.5683428,0.25504854,0,1,adulto
ICB_03517_001,ICB_154,copd,AKG C417L Microphone,65.0,1,0,2,0.6278906,0.25887206,0,1,adulto
ICB_03517_002,ICB_154,copd,AKG C417L Microphone,65.0,1,0,2,0.57487386,0.30599353,0,1,adulto
ICB_03517_003,ICB_154,copd,AKG C417L Microphone,65.0,1,0,2,0.568934,0.38423663,0,1,adulto
ICB_03517_004,ICB_154,copd,AKG C417L Microphone,65.0,0,0,2,0.49839288,0.48540983,0,0,adulto
ICB_03518_000,ICB_154,copd,AKG C417L Microphone,65.0,1,0,2,0.6613242,0.21445544,0,1,adulto
ICB_03518_001,ICB_154,copd,AKG C417L Microphone,65.0,1,1,2,0.7623051,0.19679967,1,3,adulto
ICB_03518_002,ICB_154,copd,AKG C417L Microphone,65.0,1,0,2,0.63152516,0.3243878,0,1,adulto
ICB_03518_003,ICB_154,copd,AKG C417L Microphone,65.0,1,0,2,0.69350666,0.23661704,0,1,adulto
ICB_03518_004,ICB_154,copd,AKG C417L Microphone,65.0,1,0,2,0.65566945,0.25667626,0,1,adulto
ICB_03518_005,ICB_154,copd,AKG C417L Microphone,65.0,1,0,2,0.6815854,0.22468083,0,1,adulto
ICB_03518_006,ICB_154,copd,AKG C417L Microphone,65.0,0,0,2,0.6532559,0.24444214,0,0,adulto
ICB_03518_007,ICB_154,copd,AKG C417L Microphone,65.0,1,0,2,0.6722272,0.22870563,0,1,adulto
ICB_03518_008,ICB_154,copd,AKG C417L Microphone,65.0,1,0,2,0.6649473,0.23401196,0,1,adulto
ICB_03518_009,ICB_154,copd,AKG C417L Microphone,65.0,0,0,2,0.66785717,0.23047139,0,0,adulto
ICB_03519_000,ICB_154,copd,AKG C417L Microphone,65.0,1,0,2,0.48719403,0.3318612,0,1,adulto
ICB_03519_001,ICB_154,copd,AKG C417L Microphone,65.0,1,0,2,0.4595088,0.3080657,0,1,adulto
ICB_03519_002,ICB_154,copd,AKG C417L Microphone,65.0,1,0,2,0.43878192,0.47688287,0,1,adulto
ICB_03519_003,ICB_154,copd,AKG C417L Microphone,65.0,1,0,2,0.46342707,0.49436146,0,1,adulto
ICB_03519_004,ICB_154,copd,AKG C417L Microphone,65.0,0,0,2,0.45002642,0.4837247,0,0,adulto
ICB_03519_005,ICB_154,copd,AKG C417L Microphone,65.0,1,0,2,0.4177648,0.36484608,0,1,adulto
ICB_03519_006,ICB_154,copd,AKG C417L Microphone,65.0,1,0,2,0.5267607,0.26741487,0,1,adulto
ICB_03519_007,ICB_154,copd,AKG C417L Microphone,65.0,0,0,2,0.3986001,0.4539065,0,0,adulto
ICB_03519_008,ICB_154,copd,AKG C417L Microphone,65.0,1,0,2,0.51653606,0.2902322,0,1,adulto
ICB_03519_009,ICB_154,copd,AKG C417L Microphone,65.0,0,0,2,0.5226074,0.27768943,0,0,adulto
ICB_03520_000,ICB_154,copd,AKG C417L Microphone,65.0,0,0,2,0.60501486,0.3046525,0,0,adulto
ICB_03520_001,ICB_154,copd,AKG C417L Microphone,65.0,0,0,2,0.6954517,0.23246476,0,0,adulto
ICB_03520_002,ICB_154,copd,AKG C417L Microphone,65.0,0,0,2,0.5881559,0.69333076,2,0,adulto
ICB_03520_003,ICB_154,copd,AKG C417L Microphone,65.0,0,0,2,0.6799426,0.27776164,0,0,adulto
ICB_03520_004,ICB_154,copd,AKG C417L Microphone,65.0,0,0,2,0.64701015,0.26857734,0,0,adulto
ICB_03520_005,ICB_154,copd,AKG C417L Microphone,65.0,0,0,2,0.4095445,0.44954807,0,0,adulto
ICB_03520_006,ICB_154,copd,AKG C417L Microphone,65.0,0,0,2,0.68908113,0.32600465,0,0,adulto
ICB_03520_007,ICB_154,copd,AKG C417L Microphone,65.0,0,0,2,0.63051313,0.26830846,0,0,adulto
ICB_03520_008,ICB_154,copd,AKG C417L Microphone,65.0,0,0,2,0.7088795,0.21329658,0,0,adulto
ICB_03520_009,ICB_154,copd,AKG C417L Microphone,65.0,0,0,2,0.67201084,0.23334679,0,0,adulto
ICB_03521_000,ICB_154,copd,AKG C417L Microphone,65.0,1,0,2,0.62823844,0.22033851,0,1,adulto
ICB_03521_001,ICB_154,copd,AKG C417L Microphone,65.0,1,0,2,0.6172828,0.23913316,0,1,adulto
ICB_03521_002,ICB_154,copd,AKG C417L Microphone,65.0,1,0,2,0.66770834,0.25593987,0,1,adulto
ICB_03521_003,ICB_154,copd,AKG C417L Microphone,65.0,1,0,2,0.63526416,0.3108987,0,1,adulto
ICB_03521_004,ICB_154,copd,AKG C417L Microphone,65.0,1,0,2,0.6498217,0.2798844,0,1,adulto
ICB_03521_005,ICB_154,copd,AKG C417L Microphone,65.0,1,0,2,0.5711757,0.24063419,0,1,adulto
ICB_03521_006,ICB_154,copd,AKG C417L Microphone,65.0,1,0,2,0.63474315,0.3161529,0,1,adulto
ICB_03521_007,ICB_154,copd,AKG C417L Microphone,65.0,1,0,2,0.65631205,0.27638102,0,1,adulto
ICB_03521_008,ICB_154,copd,AKG C417L Microphone,65.0,1,0,2,0.69274807,0.27236193,0,1,adulto
ICB_03521_009,ICB_154,copd,AKG C417L Microphone,65.0,0,0,2,0.67847645,0.25522536,0,0,adulto
ICB_03522_000,ICB_154,copd,AKG C417L Microphone,65.0,1,0,2,0.6432927,0.2396274,0,1,adulto
ICB_03522_001,ICB_154,copd,AKG C417L Microphone,65.0,1,0,2,0.64265984,0.23945239,0,1,adulto
ICB_03522_002,ICB_154,copd,AKG C417L Microphone,65.0,1,0,2,0.60583603,0.31459802,0,1,adulto
ICB_03522_003,ICB_154,copd,AKG C417L Microphone,65.0,0,0,2,0.6352147,0.29493147,0,0,adulto
ICB_03522_004,ICB_154,copd,AKG C417L Microphone,65.0,0,0,2,0.66166717,0.28900823,0,0,adulto
ICB_03522_005,ICB_154,copd,AKG C417L Microphone,65.0,0,0,2,0.5893545,0.4000397,0,0,adulto
ICB_03522_006,ICB_154,copd,AKG C417L Microphone,65.0,0,0,2,0.67372394,0.2743777,0,0,adulto
ICB_03522_007,ICB_154,copd,AKG C417L Microphone,65.0,1,0,2,0.6503517,0.29854694,0,1,adulto
ICB_03522_008,ICB_154,copd,AKG C417L Microphone,65.0,1,0,2,0.6629641,0.27299026,0,1,adulto
ICB_03522_009,ICB_154,copd,AKG C417L Microphone,65.0,0,0,2,0.64260197,0.25588316,0,0,adulto
ICB_03523_000,ICB_154,copd,AKG C417L Microphone,65.0,1,0,2,0.7371356,0.22963667,0,1,adulto
ICB_03523_001,ICB_154,copd,AKG C417L Microphone,65.0,0,0,2,0.7050688,0.3546279,0,0,adulto
ICB_03523_002,ICB_154,copd,AKG C417L Microphone,65.0,0,0,2,0.6636334,0.6592571,2,0,adulto
ICB_03523_003,ICB_154,copd,AKG C417L Microphone,65.0,0,0,2,0.70933336,0.30365556,0,0,adulto
ICB_03523_004,ICB_154,copd,AKG C417L Microphone,65.0,0,0,2,0.7628908,0.26595774,1,0,adulto
ICB_03523_005,ICB_154,copd,AKG C417L Microphone,65.0,0,0,2,0.47881734,0.39395565,0,0,adulto
ICB_03523_006,ICB_154,copd,AKG C417L Microphone,65.0,0,0,2,0.6935527,0.25259238,0,0,adulto
ICB_03523_007,ICB_154,copd,AKG C417L Microphone,65.0,1,0,2,0.7276481,0.23317726,0,1,adulto
ICB_03523_008,ICB_154,copd,AKG C417L Microphone,65.0,0,0,2,0.7359936,0.24630453,0,0,adulto
ICB_03523_009,ICB_154,copd,AKG C417L Microphone,65.0,0,0,2,0.7146353,0.23411664,0,0,adulto
ICB_03547_000,ICB_158,copd,3M Littmann Classic II SE,63.0,0,0,2,0.49665794,0.3909395,0,0,adulto
ICB_03547_001,ICB_158,copd,3M Littmann Classic II SE,63.0,0,0,2,0.60480857,0.32516092,0,0,adulto
ICB_03547_002,ICB_158,copd,3M Littmann Classic II SE,63.0,0,0,2,0.6384305,0.32675382,0,0,adulto
ICB_03547_003,ICB_158,copd,3M Littmann Classic II SE,63.0,1,0,2,0.6978519,0.27306816,0,1,adulto
ICB_03547_004,ICB_158,copd,3M Littmann Classic II SE,63.0,0,0,2,0.6044908,0.32248107,0,0,adulto
ICB_03547_005,ICB_158,copd,3M Littmann Classic II SE,63.0,1,0,2,0.5884296,0.2680971,0,1,adulto
ICB_03547_006,ICB_158,copd,3M Littmann Classic II SE,63.0,1,0,2,0.7268961,0.2308386,0,1,adulto
ICB_03547_007,ICB_158,copd,3M Littmann Classic II SE,63.0,1,0,2,0.6693446,0.26294127,0,1,adulto
ICB_03547_008,ICB_158,copd,3M Littmann Classic II SE,63.0,1,0,2,0.71304756,0.24411297,0,1,adulto
ICB_03547_009,ICB_158,copd,3M Littmann Classic II SE,63.0,1,0,2,0.8278228,0.19995388,1,1,adulto
ICB_03547_010,ICB_158,copd,3M Littmann Classic II SE,63.0,0,0,2,0.6242523,0.2626741,0,0,adulto
ICB_03548_000,ICB_158,copd,AKG C417L Microphone,63.0,1,1,2,0.6859193,0.270647,0,3,adulto
ICB_03548_001,ICB_158,copd,AKG C417L Microphone,63.0,1,1,2,0.70194143,0.20671017,0,3,adulto
ICB_03548_002,ICB_158,copd,AKG C417L Microphone,63.0,0,0,2,0.692443,0.20731175,0,0,adulto
ICB_03548_003,ICB_158,copd,AKG C417L Microphone,63.0,1,1,2,0.60182816,0.27272934,0,3,adulto
ICB_03548_004,ICB_158,copd,AKG C417L Microphone,63.0,0,0,2,0.71307147,0.16861637,0,0,adulto
ICB_03548_005,ICB_158,copd,AKG C417L Microphone,63.0,0,0,2,0.7123685,0.17438617,0,0,adulto
ICB_03548_006,ICB_158,copd,AKG C417L Microphone,63.0,0,0,2,0.7571731,0.17268655,1,0,adulto
ICB_03548_007,ICB_158,copd,AKG C417L Microphone,63.0,0,0,2,0.6679688,0.28919858,0,0,adulto
ICB_03549_000,ICB_158,copd,AKG C417L Microphone,63.0,1,1,2,0.7280875,0.22522286,0,3,adulto
ICB_03549_001,ICB_158,copd,AKG C417L Microphone,63.0,1,1,2,0.7002907,0.22218934,0,3,adulto
ICB_03549_002,ICB_158,copd,AKG C417L Microphone,63.0,0,0,2,0.7230778,0.246803,0,0,adulto
ICB_03549_003,ICB_158,copd,AKG C417L Microphone,63.0,1,1,2,0.690581,0.30229452,0,3,adulto
ICB_03549_004,ICB_158,copd,AKG C417L Microphone,63.0,0,0,2,0.6710569,0.22902773,0,0,adulto
ICB_03549_005,ICB_158,copd,AKG C417L Microphone,63.0,0,0,2,0.7109206,0.1551524,0,0,adulto
ICB_03549_006,ICB_158,copd,AKG C417L Microphone,63.0,0,0,2,0.72668445,0.218338,0,0,adulto
ICB_03549_007,ICB_158,copd,AKG C417L Microphone,63.0,0,0,2,0.65129066,0.4652298,0,0,adulto
ICB_03550_000,ICB_158,copd,AKG C417L Microphone,63.0,1,0,2,0.767495,0.22190079,1,1,adulto
ICB_03550_001,ICB_158,copd,AKG C417L Microphone,63.0,1,0,2,0.79071003,0.24022536,1,1,adulto
ICB_03550_002,ICB_158,copd,AKG C417L Microphone,63.0,1,0,2,0.7426365,0.29658216,0,1,adulto
ICB_03550_003,ICB_158,copd,AKG C417L Microphone,63.0,1,1,2,0.7606658,0.27329457,1,3,adulto
ICB_03550_004,ICB_158,copd,AKG C417L Microphone,63.0,1,0,2,0.76191944,0.31173795,1,1,adulto
ICB_03550_005,ICB_158,copd,AKG C417L Microphone,63.0,1,0,2,0.7246286,0.26352808,0,1,adulto
ICB_03550_006,ICB_158,copd,AKG C417L Microphone,63.0,0,0,2,0.7074583,0.22939776,0,0,adulto
ICB_03550_007,ICB_158,copd,AKG C417L Microphone,63.0,0,0,2,0.68020934,0.29747036,0,0,adulto
ICB_03551_000,ICB_158,copd,AKG C417L Microphone,63.0,1,1,2,0.72939825,0.29128623,0,3,adulto
ICB_03551_001,ICB_158,copd,AKG C417L Microphone,63.0,1,1,2,0.41970766,0.6138004,0,3,adulto
ICB_03551_002,ICB_158,copd,AKG C417L Microphone,63.0,1,1,2,0.5614715,0.21408305,0,3,adulto
ICB_03551_003,ICB_158,copd,AKG C417L Microphone,63.0,1,1,2,0.5457608,0.3096098,0,3,adulto
ICB_03551_004,ICB_158,copd,AKG C417L Microphone,63.0,0,0,2,0.5960121,0.24604093,0,0,adulto
ICB_03551_005,ICB_158,copd,AKG C417L Microphone,63.0,0,0,2,0.61211765,0.1825075,0,0,adulto
ICB_03551_006,ICB_158,copd,AKG C417L Microphone,63.0,0,0,2,0.62988156,0.23733748,0,0,adulto
ICB_03551_007,ICB_158,copd,AKG C417L Microphone,63.0,0,1,2,0.42256436,0.41635957,0,2,adulto
ICB_03552_000,ICB_158,copd,AKG C417L Microphone,63.0,1,1,2,0.56468123,0.33531514,0,3,adulto
ICB_03552_001,ICB_158,copd,AKG C417L Microphone,63.0,1,1,2,0.7109865,0.25471118,0,3,adulto
ICB_03552_002,ICB_158,copd,AKG C417L Microphone,63.0,1,0,2,0.66756576,0.27628586,0,1,adulto
ICB_03552_003,ICB_158,copd,AKG C417L Microphone,63.0,1,1,2,0.6757943,0.3119798,0,3,adulto
ICB_03552_004,ICB_158,copd,AKG C417L Microphone,63.0,0,1,2,0.7069206,0.25840145,0,2,adulto
ICB_03552_005,ICB_158,copd,AKG C417L Microphone,63.0,0,1,2,0.66098917,0.22802462,0,2,adulto
ICB_03552_006,ICB_158,copd,AKG C417L Microphone,63.0,0,0,2,0.7348922,0.19482128,0,0,adulto
ICB_03552_007,ICB_158,copd,AKG C417L Microphone,63.0,0,0,2,0.6286297,0.24774657,0,0,adulto
ICB_03553_000,ICB_158,copd,AKG C417L Microphone,63.0,1,0,2,0.7148935,0.2568411,0,1,adulto
ICB_03553_001,ICB_158,copd,AKG C417L Microphone,63.0,1,1,2,0.5460871,0.8016101,2,3,adulto
ICB_03553_002,ICB_158,copd,AKG C417L Microphone,63.0,1,1,2,0.5519079,0.7370532,2,3,adulto
ICB_03553_003,ICB_158,copd,AKG C417L Microphone,63.0,1,1,2,0.55462635,0.749995,2,3,adulto
ICB_03553_004,ICB_158,copd,AKG C417L Microphone,63.0,1,1,2,0.6386301,0.44589895,0,3,adulto
ICB_03553_005,ICB_158,copd,AKG C417L Microphone,63.0,0,0,2,0.70081365,0.18241659,0,0,adulto
ICB_03553_006,ICB_158,copd,AKG C417L Microphone,63.0,1,0,2,0.69301623,0.25779125,0,1,adulto
ICB_03553_007,ICB_158,copd,AKG C417L Microphone,63.0,0,1,2,0.4809588,0.7744388,2,2,adulto
ICB_03554_000,ICB_158,copd,AKG C417L Microphone,63.0,1,0,2,0.41205987,0.28012314,0,1,adulto
ICB_03554_001,ICB_158,copd,AKG C417L Microphone,63.0,1,0,2,0.3657856,0.2913402,0,1,adulto
ICB_03554_002,ICB_158,copd,AKG C417L Microphone,63.0,0,0,2,0.43162167,0.3415567,0,0,adulto
ICB_03554_003,ICB_158,copd,AKG C417L Microphone,63.0,0,0,2,0.35318387,0.2951851,0,0,adulto
ICB_03554_004,ICB_158,copd,AKG C417L Microphone,63.0,0,0,2,0.39906135,0.24244688,0,0,adulto
ICB_03554_005,ICB_158,copd,AKG C417L Microphone,63.0,0,0,2,0.39791775,0.3753669,0,0,adulto
ICB_03554_006,ICB_158,copd,AKG C417L Microphone,63.0,0,0,2,0.57723117,0.28284878,0,0,adulto
ICB_03554_007,ICB_158,copd,AKG C417L Microphone,63.0,0,0,2,0.36479497,0.44002157,0,0,adulto
ICB_03555_000,ICB_158,copd,AKG C417L Microphone,63.0,0,1,2,0.59592783,0.307294,0,2,adulto
ICB_03555_001,ICB_158,copd,AKG C417L Microphone,63.0,1,1,2,0.5136024,0.21515143,0,3,adulto
ICB_03555_002,ICB_158,copd,AKG C417L Microphone,63.0,1,1,2,0.63825023,0.22765592,0,3,adulto
ICB_03555_003,ICB_158,copd,AKG C417L Microphone,63.0,1,0,2,0.7211788,0.20935403,0,1,adulto
ICB_03555_004,ICB_158,copd,AKG C417L Microphone,63.0,1,1,2,0.61013365,0.27020377,0,3,adulto
ICB_03555_005,ICB_158,copd,AKG C417L Microphone,63.0,1,1,2,0.6124317,0.29043263,0,3,adulto
ICB_03555_006,ICB_158,copd,AKG C417L Microphone,63.0,0,1,2,0.7131966,0.21301986,0,2,adulto
ICB_03555_007,ICB_158,copd,AKG C417L Microphone,63.0,0,1,2,0.65981543,0.26355585,0,2,adulto
ICB_03555_008,ICB_158,copd,AKG C417L Microphone,63.0,0,0,2,0.61935663,0.32659966,0,0,adulto
ICB_03556_000,ICB_158,copd,AKG C417L Microphone,63.0,1,1,2,0.65560526,0.2884847,0,3,adulto
ICB_03556_001,ICB_158,copd,AKG C417L Microphone,63.0,0,1,2,0.52439773,0.2930088,0,2,adulto
ICB_03556_002,ICB_158,copd,AKG C417L Microphone,63.0,0,1,2,0.6608093,0.2560332,0,2,adulto
ICB_03556_003,ICB_158,copd,AKG C417L Microphone,63.0,1,1,2,0.6306474,0.3599704,0,3,adulto
ICB_03556_004,ICB_158,copd,AKG C417L Microphone,63.0,1,1,2,0.64536524,0.27123612,0,3,adulto
ICB_03556_005,ICB_158,copd,AKG C417L Microphone,63.0,1,1,2,0.7088528,0.2902462,0,3,adulto
ICB_03556_006,ICB_158,copd,AKG C417L Microphone,63.0,0,1,2,0.67922926,0.36662555,0,2,adulto
ICB_03556_007,ICB_158,copd,AKG C417L Microphone,63.0,0,1,2,0.6481985,0.38980436,0,2,adulto
ICB_03556_008,ICB_158,copd,AKG C417L Microphone,63.0,0,0,2,0.64245635,0.49007273,0,0,adulto
ICB_03557_000,ICB_158,copd,AKG C417L Microphone,63.0,0,1,2,0.568426,0.2611663,0,2,adulto
ICB_03557_001,ICB_158,copd,AKG C417L Microphone,63.0,0,1,2,0.45075396,0.18063018,0,2,adulto
ICB_03557_002,ICB_158,copd,AKG C417L Microphone,63.0,0,1,2,0.76042235,0.26510054,1,2,adulto
ICB_03557_003,ICB_158,copd,AKG C417L Microphone,63.0,1,0,2,0.76790947,0.23229864,1,1,adulto
ICB_03557_004,ICB_158,copd,AKG C417L Microphone,63.0,0,1,2,0.7064214,0.29883695,0,2,adulto
ICB_03557_005,ICB_158,copd,AKG C417L Microphone,63.0,1,1,2,0.7567019,0.23145053,1,3,adulto
ICB_03557_006,ICB_158,copd,AKG C417L Microphone,63.0,1,1,2,0.76244843,0.25224802,1,3,adulto
ICB_03557_007,ICB_158,copd,AKG C417L Microphone,63.0,0,1,2,0.68025666,0.4000109,0,2,adulto
ICB_03557_008,ICB_158,copd,AKG C417L Microphone,63.0,0,0,2,0.7294736,0.26813555,0,0,adulto
ICB_03558_000,ICB_158,copd,AKG C417L Microphone,63.0,1,1,2,0.7258176,0.34332967,0,3,adulto
ICB_03558_001,ICB_158,copd,AKG C417L Microphone,63.0,0,1,2,0.42932153,0.62736344,0,2,adulto
ICB_03558_002,ICB_158,copd,AKG C417L Microphone,63.0,0,1,2,0.46930924,0.28666574,0,2,adulto
ICB_03558_003,ICB_158,copd,AKG C417L Microphone,63.0,0,1,2,0.51193297,0.27007934,0,2,adulto
ICB_03558_004,ICB_158,copd,AKG C417L Microphone,63.0,1,1,2,0.41677094,0.5671905,0,3,adulto
ICB_03558_005,ICB_158,copd,AKG C417L Microphone,63.0,1,1,2,0.55809474,0.24549967,0,3,adulto
ICB_03558_006,ICB_158,copd,AKG C417L Microphone,63.0,1,1,2,0.4897828,0.51823545,0,3,adulto
ICB_03558_007,ICB_158,copd,AKG C417L Microphone,63.0,0,1,2,0.47177333,0.34565857,0,2,adulto
ICB_03558_008,ICB_158,copd,AKG C417L Microphone,63.0,0,1,2,0.3585472,0.8894095,2,2,adulto
ICB_03559_000,ICB_158,copd,AKG C417L Microphone,63.0,0,1,2,0.51797944,0.32634503,0,2,adulto
ICB_03559_001,ICB_158,copd,AKG C417L Microphone,63.0,0,1,2,0.476265,0.21433003,0,2,adulto
ICB_03559_002,ICB_158,copd,AKG C417L Microphone,63.0,0,1,2,0.6515448,0.3331644,0,2,adulto
ICB_03559_003,ICB_158,copd,AKG C417L Microphone,63.0,0,1,2,0.6479192,0.30387765,0,2,adulto
ICB_03559_004,ICB_158,copd,AKG C417L Microphone,63.0,1,1,2,0.5664202,0.37350872,0,3,adulto
ICB_03559_005,ICB_158,copd,AKG C417L Microphone,63.0,1,1,2,0.5979989,0.3507335,0,3,adulto
ICB_03559_006,ICB_158,copd,AKG C417L Microphone,63.0,1,1,2,0.60498303,0.3201015,0,3,adulto
ICB_03559_007,ICB_158,copd,AKG C417L Microphone,63.0,0,1,2,0.63468415,0.26157504,0,2,adulto
ICB_03559_008,ICB_158,copd,AKG C417L Microphone,63.0,0,0,2,0.626458,0.26136908,0,0,adulto
ICB_03560_000,ICB_158,copd,AKG C417L Microphone,63.0,0,1,2,0.6094906,0.2614881,0,2,adulto
ICB_03560_001,ICB_158,copd,AKG C417L Microphone,63.0,0,1,2,0.4919864,0.8387566,2,2,adulto
ICB_03560_002,ICB_158,copd,AKG C417L Microphone,63.0,0,1,2,0.62944406,0.45812842,0,2,adulto
ICB_03560_003,ICB_158,copd,AKG C417L Microphone,63.0,1,1,2,0.5473123,0.85301095,2,3,adulto
ICB_03560_004,ICB_158,copd,AKG C417L Microphone,63.0,0,1,2,0.59027296,0.8461904,2,2,adulto
ICB_03560_005,ICB_158,copd,AKG C417L Microphone,63.0,1,1,2,0.61588407,0.72434354,2,3,adulto
ICB_03560_006,ICB_158,copd,AKG C417L Microphone,63.0,0,1,2,0.56406957,0.90121484,2,2,adulto
ICB_03560_007,ICB_158,copd,AKG C417L Microphone,63.0,1,1,2,0.5732362,0.7387876,2,3,adulto
ICB_03560_008,ICB_158,copd,AKG C417L Microphone,63.0,0,1,2,0.54607326,0.92326343,2,2,adulto
ICB_03561_000,ICB_158,copd,AKG C417L Microphone,63.0,0,1,2,0.35137734,0.26811007,0,2,adulto
ICB_03561_001,ICB_158,copd,AKG C417L Microphone,63.0,0,1,2,0.20816863,0.25504282,0,2,adulto
ICB_03561_002,ICB_158,copd,AKG C417L Microphone,63.0,0,1,2,0.35353798,0.24986322,0,2,adulto
ICB_03561_003,ICB_158,copd,AKG C417L Microphone,63.0,0,0,2,0.30708805,0.42080525,0,0,adulto
ICB_03561_004,ICB_158,copd,AKG C417L Microphone,63.0,0,1,2,0.2891028,0.30524227,0,2,adulto
ICB_03561_005,ICB_158,copd,AKG C417L Microphone,63.0,0,1,2,0.34751156,0.28640446,0,2,adulto
ICB_03561_006,ICB_158,copd,AKG C417L Microphone,63.0,0,1,2,0.30863708,0.7256777,2,2,adulto
ICB_03561_007,ICB_158,copd,AKG C417L Microphone,63.0,0,1,2,0.3293996,0.47146022,0,2,adulto
ICB_03561_008,ICB_158,copd,AKG C417L Microphone,63.0,0,0,2,0.31027955,0.8410613,2,0,adulto
ICB_03562_000,ICB_158,copd,AKG C417L Microphone,63.0,1,1,2,0.6674606,0.2209484,0,3,adulto
ICB_03562_001,ICB_158,copd,AKG C417L Microphone,63.0,1,1,2,0.74675673,0.19635758,0,3,adulto
ICB_03562_002,ICB_158,copd,AKG C417L Microphone,63.0,1,0,2,0.68009,0.3578367,0,1,adulto
ICB_03562_003,ICB_158,copd,AKG C417L Microphone,63.0,0,0,2,0.7151556,0.22876276,0,0,adulto
ICB_03562_004,ICB_158,copd,AKG C417L Microphone,63.0,1,0,2,0.6913873,0.24440192,0,1,adulto
ICB_03562_005,ICB_158,copd,AKG C417L Microphone,63.0,1,0,2,0.59110063,0.23696028,0,1,adulto
ICB_03562_006,ICB_158,copd,AKG C417L Microphone,63.0,0,0,2,0.7159986,0.22857547,0,0,adulto
ICB_03562_007,ICB_158,copd,AKG C417L Microphone,63.0,1,1,2,0.7484046,0.19665079,0,3,adulto
ICB_03562_008,ICB_158,copd,AKG C417L Microphone,63.0,0,0,2,0.7441732,0.20830113,0,0,adulto
ICB_03563_000,ICB_158,copd,AKG C417L Microphone,63.0,1,1,2,0.6537565,0.26522782,0,3,adulto
ICB_03563_001,ICB_158,copd,AKG C417L Microphone,63.0,1,0,2,0.6877665,0.33687225,0,1,adulto
ICB_03563_002,ICB_158,copd,AKG C417L Microphone,63.0,1,0,2,0.65042806,0.36450928,0,1,adulto
ICB_03563_003,ICB_158,copd,AKG C417L Microphone,63.0,0,0,2,0.71621996,0.32400644,0,0,adulto
ICB_03563_004,ICB_158,copd,AKG C417L Microphone,63.0,1,0,2,0.70687705,0.2962307,0,1,adulto
ICB_03563_005,ICB_158,copd,AKG C417L Microphone,63.0,1,0,2,0.68137896,0.23861137,0,1,adulto
ICB_03563_006,ICB_158,copd,AKG C417L Microphone,63.0,0,0,2,0.683144,0.5213788,0,0,adulto
ICB_03563_007,ICB_158,copd,AKG C417L Microphone,63.0,1,0,2,0.71614903,0.35740122,0,1,adulto
ICB_03563_008,ICB_158,copd,AKG C417L Microphone,63.0,1,0,2,0.68898815,0.50801027,0,1,adulto
ICB_03564_000,ICB_158,copd,AKG C417L Microphone,63.0,1,1,2,0.39450356,0.3914172,0,3,adulto
ICB_03564_001,ICB_158,copd,AKG C417L Microphone,63.0,1,1,2,0.3787369,0.7521329,2,3,adulto
ICB_03564_002,ICB_158,copd,AKG C417L Microphone,63.0,1,1,2,0.46855345,0.24867018,0,3,adulto
ICB_03564_003,ICB_158,copd,AKG C417L Microphone,63.0,0,1,2,0.42434573,0.54835856,0,2,adulto
ICB_03564_004,ICB_158,copd,AKG C417L Microphone,63.0,0,1,2,0.5362886,0.3239762,0,2,adulto
ICB_03564_005,ICB_158,copd,AKG C417L Microphone,63.0,0,1,2,0.449223,0.3456112,0,2,adulto
ICB_03564_006,ICB_158,copd,AKG C417L Microphone,63.0,0,1,2,0.5377335,0.23546939,0,2,adulto
ICB_03564_007,ICB_158,copd,AKG C417L Microphone,63.0,1,1,2,0.52039045,0.44346538,0,3,adulto
ICB_03564_008,ICB_158,copd,AKG C417L Microphone,63.0,1,1,2,0.5087157,0.3010766,0,3,adulto
ICB_03565_000,ICB_158,copd,AKG C417L Microphone,63.0,0,1,2,0.5763265,0.2553013,0,2,adulto
ICB_03565_001,ICB_158,copd,AKG C417L Microphone,63.0,1,1,2,0.6201582,0.39996833,0,3,adulto
ICB_03565_002,ICB_158,copd,AKG C417L Microphone,63.0,1,0,2,0.67658687,0.21368209,0,1,adulto
ICB_03565_003,ICB_158,copd,AKG C417L Microphone,63.0,0,0,2,0.67821324,0.2945227,0,0,adulto
ICB_03565_004,ICB_158,copd,AKG C417L Microphone,63.0,1,0,2,0.6868888,0.25597408,0,1,adulto
ICB_03565_005,ICB_158,copd,AKG C417L Microphone,63.0,1,0,2,0.66365767,0.19297478,0,1,adulto
ICB_03565_006,ICB_158,copd,AKG C417L Microphone,63.0,0,0,2,0.6730108,0.31794178,0,0,adulto
ICB_03565_007,ICB_158,copd,AKG C417L Microphone,63.0,1,1,2,0.6905901,0.28144515,0,3,adulto
ICB_03565_008,ICB_158,copd,AKG C417L Microphone,63.0,1,1,2,0.63336575,0.52215725,0,3,adulto
ICB_03566_000,ICB_158,copd,AKG C417L Microphone,63.0,0,1,2,0.6410723,0.58626735,0,2,adulto
ICB_03566_001,ICB_158,copd,AKG C417L Microphone,63.0,1,1,2,0.57844615,0.7973337,2,3,adulto
ICB_03566_002,ICB_158,copd,AKG C417L Microphone,63.0,1,1,2,0.5461767,0.755343,2,3,adulto
ICB_03566_003,ICB_158,copd,AKG C417L Microphone,63.0,1,1,2,0.5243223,0.92925036,2,3,adulto
ICB_03566_004,ICB_158,copd,AKG C417L Microphone,63.0,1,1,2,0.558259,0.86924344,2,3,adulto
ICB_03566_005,ICB_158,copd,AKG C417L Microphone,63.0,1,1,2,0.5946065,0.8419382,2,3,adulto
ICB_03566_006,ICB_158,copd,AKG C417L Microphone,63.0,0,1,2,0.55169654,0.91564655,2,2,adulto
ICB_03566_007,ICB_158,copd,AKG C417L Microphone,63.0,1,1,2,0.6167108,0.88206154,2,3,adulto
ICB_03566_008,ICB_158,copd,AKG C417L Microphone,63.0,1,1,2,0.5759861,0.90185684,2,3,adulto
ICB_03567_000,ICB_158,copd,AKG C417L Microphone,63.0,1,0,2,0.2974134,0.20398822,0,1,adulto
ICB_03567_001,ICB_158,copd,AKG C417L Microphone,63.0,1,0,2,0.33102864,0.24695282,0,1,adulto
ICB_03567_002,ICB_158,copd,AKG C417L Microphone,63.0,0,0,2,0.4129121,0.31612927,0,0,adulto
ICB_03567_003,ICB_158,copd,AKG C417L Microphone,63.0,0,0,2,0.30492914,0.51573896,0,0,adulto
ICB_03567_004,ICB_158,copd,AKG C417L Microphone,63.0,1,0,2,0.35506952,0.47421536,0,1,adulto
ICB_03567_005,ICB_158,copd,AKG C417L Microphone,63.0,0,0,2,0.33165097,0.45421314,0,0,adulto
ICB_03567_006,ICB_158,copd,AKG C417L Microphone,63.0,0,0,2,0.30993438,0.80437946,2,0,adulto
ICB_03567_007,ICB_158,copd,AKG C417L Microphone,63.0,1,0,2,0.32330632,0.5951716,0,1,adulto
ICB_03567_008,ICB_158,copd,AKG C417L Microphone,63.0,0,0,2,0.34250674,0.65283304,2,0,adulto
ICB_03568_000,ICB_158,copd,AKG C417L Microphone,63.0,1,0,2,0.5766291,0.2354588,0,1,adulto
ICB_03568_001,ICB_158,copd,AKG C417L Microphone,63.0,1,1,2,0.70627826,0.27957597,0,3,adulto
ICB_03568_002,ICB_158,copd,AKG C417L Microphone,63.0,0,1,2,0.5330724,0.8064323,2,2,adulto
ICB_03568_003,ICB_158,copd,AKG C417L Microphone,63.0,0,0,2,0.7086185,0.21043517,0,0,adulto
ICB_03568_004,ICB_158,copd,AKG C417L Microphone,63.0,1,1,2,0.714229,0.60166126,0,3,adulto
ICB_03568_005,ICB_158,copd,AKG C417L Microphone,63.0,1,0,2,0.7538764,0.23906742,1,1,adulto
ICB_03568_006,ICB_158,copd,AKG C417L Microphone,63.0,1,0,2,0.7685972,0.15696599,1,1,adulto
ICB_03568_007,ICB_158,copd,AKG C417L Microphone,63.0,1,0,2,0.5730367,0.35840076,0,1,adulto
ICB_03568_008,ICB_158,copd,AKG C417L Microphone,63.0,1,0,2,0.71271384,0.2538463,0,1,adulto
ICB_03569_000,ICB_158,copd,AKG C417L Microphone,63.0,1,0,2,0.6305267,0.3407343,0,1,adulto
ICB_03569_001,ICB_158,copd,AKG C417L Microphone,63.0,1,0,2,0.5243512,0.51968265,0,1,adulto
ICB_03569_002,ICB_158,copd,AKG C417L Microphone,63.0,1,1,2,0.53001064,0.40113732,0,3,adulto
ICB_03569_003,ICB_158,copd,AKG C417L Microphone,63.0,1,0,2,0.54370177,0.4676485,0,1,adulto
ICB_03569_004,ICB_158,copd,AKG C417L Microphone,63.0,1,0,2,0.57868475,0.24871722,0,1,adulto
ICB_03569_005,ICB_158,copd,AKG C417L Microphone,63.0,1,0,2,0.5270783,0.38180962,0,1,adulto
ICB_03569_006,ICB_158,copd,AKG C417L Microphone,63.0,1,0,2,0.5435712,0.45151973,0,1,adulto
ICB_03569_007,ICB_158,copd,AKG C417L Microphone,63.0,1,0,2,0.52879065,0.54574186,0,1,adulto
ICB_03569_008,ICB_158,copd,AKG C417L Microphone,63.0,1,1,2,0.4940536,0.31860536,0,3,adulto
ICB_03569_009,ICB_158,copd,AKG C417L Microphone,63.0,1,1,2,0.6290047,0.82418233,2,3,adulto
ICB_03569_010,ICB_158,copd,AKG C417L Microphone,63.0,1,1,2,0.6079183,0.7855002,2,3,adulto
ICB_03569_011,ICB_158,copd,AKG C417L Microphone,63.0,1,1,2,0.6344937,0.72194237,2,3,adulto
ICB_03570_000,ICB_158,copd,AKG C417L Microphone,63.0,0,1,2,0.2421294,0.9648659,2,2,adulto
ICB_03570_001,ICB_158,copd,AKG C417L Microphone,63.0,1,1,2,0.36297965,0.82575005,2,3,adulto
ICB_03570_002,ICB_158,copd,AKG C417L Microphone,63.0,0,1,2,0.284923,0.5530402,0,2,adulto
ICB_03570_003,ICB_158,copd,AKG C417L Microphone,63.0,0,1,2,0.4698358,0.529085,0,2,adulto
ICB_03570_004,ICB_158,copd,AKG C417L Microphone,63.0,0,1,2,0.36395368,0.6733165,2,2,adulto
ICB_03570_005,ICB_158,copd,AKG C417L Microphone,63.0,1,1,2,0.3116863,0.8039707,2,3,adulto
ICB_03570_006,ICB_158,copd,AKG C417L Microphone,63.0,0,1,2,0.2739603,0.58245397,0,2,adulto
ICB_03570_007,ICB_158,copd,AKG C417L Microphone,63.0,0,1,2,0.22426224,0.8626977,2,2,adulto
ICB_03570_008,ICB_158,copd,AKG C417L Microphone,63.0,0,1,2,0.33528462,0.7466016,2,2,adulto
ICB_03570_009,ICB_158,copd,AKG C417L Microphone,63.0,0,1,2,0.32124957,0.8401669,2,2,adulto
ICB_03570_010,ICB_158,copd,AKG C417L Microphone,63.0,0,1,2,0.3104264,0.83556616,2,2,adulto
ICB_03570_011,ICB_158,copd,AKG C417L Microphone,63.0,0,1,2,0.24783283,0.7587279,2,2,adulto
ICB_03598_000,ICB_161,bronchiolitis_asthma,3M Littmann Classic II SE,2.0,1,1,2,0.65086544,0.2266858,0,3,pediátrico (<18)
ICB_03598_001,ICB_161,bronchiolitis_asthma,3M Littmann Classic II SE,2.0,1,1,2,0.64115053,0.20153148,0,3,pediátrico (<18)
ICB_03598_002,ICB_161,bronchiolitis_asthma,3M Littmann Classic II SE,2.0,0,1,2,0.5466596,0.22888626,0,2,pediátrico (<18)
ICB_03598_003,ICB_161,bronchiolitis_asthma,3M Littmann Classic II SE,2.0,0,1,2,0.55818146,0.17904821,0,2,pediátrico (<18)
ICB_03598_004,ICB_161,bronchiolitis_asthma,3M Littmann Classic II SE,2.0,0,0,2,0.5617003,0.1861845,0,0,pediátrico (<18)
ICB_03598_005,ICB_161,bronchiolitis_asthma,3M Littmann Classic II SE,2.0,1,0,2,0.6826668,0.20446934,0,1,pediátrico (<18)
ICB_03598_006,ICB_161,bronchiolitis_asthma,3M Littmann Classic II SE,2.0,0,0,2,0.55492085,0.31624535,0,0,pediátrico (<18)
ICB_03598_007,ICB_161,bronchiolitis_asthma,3M Littmann Classic II SE,2.0,1,0,2,0.7195932,0.21160959,0,1,pediátrico (<18)
ICB_03598_008,ICB_161,bronchiolitis_asthma,3M Littmann Classic II SE,2.0,0,0,2,0.61205685,0.26567093,0,0,pediátrico (<18)
ICB_03599_000,ICB_161,bronchiolitis_asthma,3M Littmann Classic II SE,2.0,0,0,2,0.6388804,0.2111504,0,0,pediátrico (<18)
ICB_03599_001,ICB_161,bronchiolitis_asthma,3M Littmann Classic II SE,2.0,0,0,2,0.431303,0.24616194,0,0,pediátrico (<18)
ICB_03599_002,ICB_161,bronchiolitis_asthma,3M Littmann Classic II SE,2.0,0,0,2,0.40328604,0.21745576,0,0,pediátrico (<18)
ICB_03599_003,ICB_161,bronchiolitis_asthma,3M Littmann Classic II SE,2.0,0,1,2,0.45506865,0.16422373,0,2,pediátrico (<18)
ICB_03599_004,ICB_161,bronchiolitis_asthma,3M Littmann Classic II SE,2.0,0,1,2,0.4724077,0.2494339,0,2,pediátrico (<18)
ICB_03599_005,ICB_161,bronchiolitis_asthma,3M Littmann Classic II SE,2.0,0,1,2,0.42094386,0.2313284,0,2,pediátrico (<18)
ICB_03599_006,ICB_161,bronchiolitis_asthma,3M Littmann Classic II SE,2.0,0,1,2,0.4175027,0.3717411,0,2,pediátrico (<18)
ICB_03599_007,ICB_161,bronchiolitis_asthma,3M Littmann Classic II SE,2.0,0,1,2,0.552945,0.21538271,0,2,pediátrico (<18)
ICB_03599_008,ICB_161,bronchiolitis_asthma,3M Littmann Classic II SE,2.0,0,1,2,0.40396696,0.24234088,0,2,pediátrico (<18)
ICB_03599_009,ICB_161,bronchiolitis_asthma,3M Littmann Classic II SE,2.0,0,1,2,0.41311657,0.2669549,0,2,pediátrico (<18)
ICB_03637_000,ICB_164,respiratory_infection,3M Littmann Classic II SE,1.0,0,1,2,0.38547632,0.5318653,0,2,pediátrico (<18)
ICB_03637_001,ICB_164,respiratory_infection,3M Littmann Classic II SE,1.0,0,1,2,0.51329446,0.34957555,0,2,pediátrico (<18)
ICB_03637_002,ICB_164,respiratory_infection,3M Littmann Classic II SE,1.0,1,0,2,0.56504405,0.2256837,0,1,pediátrico (<18)
ICB_03637_003,ICB_164,respiratory_infection,3M Littmann Classic II SE,1.0,0,0,2,0.33955702,0.24546915,0,0,pediátrico (<18)
ICB_03637_004,ICB_164,respiratory_infection,3M Littmann Classic II SE,1.0,0,0,2,0.44275346,0.17433026,0,0,pediátrico (<18)
ICB_03637_005,ICB_164,respiratory_infection,3M Littmann Classic II SE,1.0,0,1,2,0.3968766,0.22006804,0,2,pediátrico (<18)
ICB_03637_006,ICB_164,respiratory_infection,3M Littmann Classic II SE,1.0,0,0,2,0.3460632,0.2382347,0,0,pediátrico (<18)
ICB_03637_007,ICB_164,respiratory_infection,3M Littmann Classic II SE,1.0,0,0,2,0.43293574,0.28761935,0,0,pediátrico (<18)
ICB_03637_008,ICB_164,respiratory_infection,3M Littmann Classic II SE,1.0,0,0,2,0.451221,0.26369494,0,0,pediátrico (<18)
ICB_03637_009,ICB_164,respiratory_infection,3M Littmann Classic II SE,1.0,0,0,2,0.5474584,0.2389047,0,0,pediátrico (<18)
ICB_03638_000,ICB_165,respiratory_infection,AKG C417L Microphone,2.0,0,0,2,0.6979088,0.19925858,0,0,pediátrico (<18)
ICB_03638_001,ICB_165,respiratory_infection,AKG C417L Microphone,2.0,0,0,2,0.42813787,0.1456658,0,0,pediátrico (<18)
ICB_03638_002,ICB_165,respiratory_infection,AKG C417L Microphone,2.0,1,0,2,0.48041648,0.11708764,0,1,pediátrico (<18)
ICB_03638_003,ICB_165,respiratory_infection,AKG C417L Microphone,2.0,1,0,2,0.39037767,0.10989342,0,1,pediátrico (<18)
ICB_03638_004,ICB_165,respiratory_infection,AKG C417L Microphone,2.0,0,0,2,0.5196585,0.17671561,0,0,pediátrico (<18)
ICB_03638_005,ICB_165,respiratory_infection,AKG C417L Microphone,2.0,0,0,2,0.4458617,0.17109005,0,0,pediátrico (<18)
ICB_03638_006,ICB_165,respiratory_infection,AKG C417L Microphone,2.0,0,0,2,0.4042779,0.1681323,0,0,pediátrico (<18)
ICB_03639_000,ICB_165,respiratory_infection,AKG C417L Microphone,2.0,0,0,2,0.6380035,0.3443669,0,0,pediátrico (<18)
ICB_03639_001,ICB_165,respiratory_infection,AKG C417L Microphone,2.0,0,0,2,0.5125408,0.18122406,0,0,pediátrico (<18)
ICB_03639_002,ICB_165,respiratory_infection,AKG C417L Microphone,2.0,0,0,2,0.424573,0.24528956,0,0,pediátrico (<18)
ICB_03639_003,ICB_165,respiratory_infection,AKG C417L Microphone,2.0,0,0,2,0.43146893,0.24275728,0,0,pediátrico (<18)
ICB_03639_004,ICB_165,respiratory_infection,AKG C417L Microphone,2.0,0,0,2,0.42793894,0.22523828,0,0,pediátrico (<18)
ICB_03639_005,ICB_165,respiratory_infection,AKG C417L Microphone,2.0,0,0,2,0.41184545,0.25153178,0,0,pediátrico (<18)
ICB_03639_006,ICB_165,respiratory_infection,AKG C417L Microphone,2.0,0,0,2,0.33381116,0.25925082,0,0,pediátrico (<18)
ICB_03639_007,ICB_165,respiratory_infection,AKG C417L Microphone,2.0,0,0,2,0.35367525,0.2491923,0,0,pediátrico (<18)
ICB_03640_000,ICB_165,respiratory_infection,AKG C417L Microphone,2.0,0,0,2,0.6762871,0.23544459,0,0,pediátrico (<18)
ICB_03640_001,ICB_165,respiratory_infection,AKG C417L Microphone,2.0,1,0,2,0.6110561,0.28034022,0,1,pediátrico (<18)
ICB_03640_002,ICB_165,respiratory_infection,AKG C417L Microphone,2.0,0,0,2,0.6583024,0.20923285,0,0,pediátrico (<18)
ICB_03640_003,ICB_165,respiratory_infection,AKG C417L Microphone,2.0,0,0,2,0.6846964,0.2087344,0,0,pediátrico (<18)
ICB_03640_004,ICB_165,respiratory_infection,AKG C417L Microphone,2.0,0,0,2,0.5737669,0.25850764,0,0,pediátrico (<18)
ICB_03640_005,ICB_165,respiratory_infection,AKG C417L Microphone,2.0,0,1,2,0.566871,0.34759343,0,2,pediátrico (<18)
ICB_03640_006,ICB_165,respiratory_infection,AKG C417L Microphone,2.0,0,0,2,0.61342925,0.27224174,0,0,pediátrico (<18)
ICB_03640_007,ICB_165,respiratory_infection,AKG C417L Microphone,2.0,0,0,2,0.52557164,0.24206777,0,0,pediátrico (<18)
ICB_03649_000,ICB_169,bronchiectasis,AKG C417L Microphone,50.0,1,0,2,0.5749132,0.23687553,0,1,adulto
ICB_03649_001,ICB_169,bronchiectasis,AKG C417L Microphone,50.0,1,0,2,0.62755084,0.25351304,0,1,adulto
ICB_03649_002,ICB_169,bronchiectasis,AKG C417L Microphone,50.0,0,0,2,0.6118811,0.24097452,0,0,adulto
ICB_03649_003,ICB_169,bronchiectasis,AKG C417L Microphone,50.0,1,0,2,0.6630346,0.2313689,0,1,adulto
ICB_03649_004,ICB_169,bronchiectasis,AKG C417L Microphone,50.0,1,0,2,0.60478467,0.22350045,0,1,adulto
ICB_03649_005,ICB_169,bronchiectasis,AKG C417L Microphone,50.0,1,0,2,0.6271251,0.23175764,0,1,adulto
ICB_03649_006,ICB_169,bronchiectasis,AKG C417L Microphone,50.0,0,0,2,0.6789577,0.20108892,0,0,adulto
ICB_03650_000,ICB_169,bronchiectasis,AKG C417L Microphone,50.0,1,0,2,0.7299024,0.15895414,0,1,adulto
ICB_03650_001,ICB_169,bronchiectasis,AKG C417L Microphone,50.0,1,0,2,0.7375109,0.084096715,0,1,adulto
ICB_03650_002,ICB_169,bronchiectasis,AKG C417L Microphone,50.0,1,0,2,0.64753944,0.20299411,0,1,adulto
ICB_03650_003,ICB_169,bronchiectasis,AKG C417L Microphone,50.0,1,0,2,0.76309353,0.18965016,1,1,adulto
ICB_03650_004,ICB_169,bronchiectasis,AKG C417L Microphone,50.0,0,0,2,0.8786508,0.14599101,1,0,adulto
ICB_03650_005,ICB_169,bronchiectasis,AKG C417L Microphone,50.0,1,0,2,0.66008997,0.14911613,0,1,adulto
ICB_03650_006,ICB_169,bronchiectasis,AKG C417L Microphone,50.0,1,0,2,0.6364755,0.1784973,0,1,adulto
ICB_03728_000,ICB_175,copd,3M Littmann 3200 Electronic,63.0,0,1,2,0.24401486,0.43461794,0,2,adulto
ICB_03728_001,ICB_175,copd,3M Littmann 3200 Electronic,63.0,1,1,2,0.23625654,0.5514668,0,3,adulto
ICB_03728_002,ICB_175,copd,3M Littmann 3200 Electronic,63.0,1,1,2,0.20506649,0.793187,2,3,adulto
ICB_03728_003,ICB_175,copd,3M Littmann 3200 Electronic,63.0,1,1,2,0.2840423,0.7186689,2,3,adulto
ICB_03729_000,ICB_175,copd,3M Littmann 3200 Electronic,63.0,0,0,2,0.46234295,0.6937634,2,0,adulto
ICB_03729_001,ICB_175,copd,3M Littmann 3200 Electronic,63.0,0,1,2,0.48668095,0.746414,2,2,adulto
ICB_03729_002,ICB_175,copd,3M Littmann 3200 Electronic,63.0,0,1,2,0.48163256,0.8099212,2,2,adulto
ICB_03730_000,ICB_175,copd,3M Littmann 3200 Electronic,63.0,0,1,2,0.35737026,0.721463,2,2,adulto
ICB_03730_001,ICB_175,copd,3M Littmann 3200 Electronic,63.0,0,0,2,0.32966042,0.5753066,0,0,adulto
ICB_03730_002,ICB_175,copd,3M Littmann 3200 Electronic,63.0,0,1,2,0.3261907,0.76191276,2,2,adulto
ICB_03730_003,ICB_175,copd,3M Littmann 3200 Electronic,63.0,1,1,2,0.36836973,0.6635298,2,3,adulto
ICB_03731_000,ICB_175,copd,3M Littmann 3200 Electronic,63.0,0,0,2,0.41650322,0.422761,0,0,adulto
ICB_03731_001,ICB_175,copd,3M Littmann 3200 Electronic,63.0,1,1,2,0.39740947,0.786374,2,3,adulto
ICB_03731_002,ICB_175,copd,3M Littmann 3200 Electronic,63.0,0,1,2,0.5579052,0.5293571,0,2,adulto
ICB_03731_003,ICB_175,copd,3M Littmann 3200 Electronic,63.0,0,1,2,0.34830868,0.73915005,2,2,adulto
ICB_03732_000,ICB_175,copd,3M Littmann 3200 Electronic,63.0,0,1,2,0.31775415,0.4107468,0,2,adulto
ICB_03732_001,ICB_175,copd,3M Littmann 3200 Electronic,63.0,0,1,2,0.32502675,0.70409805,2,2,adulto
ICB_03732_002,ICB_175,copd,3M Littmann 3200 Electronic,63.0,0,1,2,0.24505085,0.6857561,2,2,adulto
ICB_03732_003,ICB_175,copd,3M Littmann 3200 Electronic,63.0,0,1,2,0.26051515,0.78376335,2,2,adulto
ICB_03733_000,ICB_175,copd,3M Littmann 3200 Electronic,63.0,0,0,2,0.33937913,0.46929923,0,0,adulto
ICB_03733_001,ICB_175,copd,3M Littmann 3200 Electronic,63.0,0,1,2,0.44129726,0.75916976,2,2,adulto
ICB_03733_002,ICB_175,copd,3M Littmann 3200 Electronic,63.0,0,1,2,0.31754673,0.693243,2,2,adulto
ICB_03733_003,ICB_175,copd,3M Littmann 3200 Electronic,63.0,0,1,2,0.33135313,0.8376067,2,2,adulto
ICB_03796_000,ICB_179,normal_lung,3M Littmann Classic II SE,10.0,1,0,2,0.65235835,0.16645841,0,1,pediátrico (<18)
ICB_03796_001,ICB_179,normal_lung,3M Littmann Classic II SE,10.0,1,1,2,0.6491775,0.16293673,0,3,pediátrico (<18)
ICB_03796_002,ICB_179,normal_lung,3M Littmann Classic II SE,10.0,1,0,2,0.66104573,0.17836274,0,1,pediátrico (<18)
ICB_03796_003,ICB_179,normal_lung,3M Littmann Classic II SE,10.0,0,0,2,0.5039004,0.17940436,0,0,pediátrico (<18)
ICB_03796_004,ICB_179,normal_lung,3M Littmann Classic II SE,10.0,0,0,2,0.60824966,0.15681612,0,0,pediátrico (<18)
ICB_03796_005,ICB_179,normal_lung,3M Littmann Classic II SE,10.0,0,0,2,0.5257376,0.19886449,0,0,pediátrico (<18)
ICB_03796_006,ICB_179,normal_lung,3M Littmann Classic II SE,10.0,0,0,2,0.4926705,0.20172666,0,0,pediátrico (<18)
ICB_03796_007,ICB_179,normal_lung,3M Littmann Classic II SE,10.0,0,0,2,0.6063567,0.14458126,0,0,pediátrico (<18)
ICB_03797_000,ICB_179,normal_lung,3M Littmann Classic II SE,10.0,0,0,2,0.15867147,0.09185876,0,0,pediátrico (<18)
ICB_03797_001,ICB_179,normal_lung,3M Littmann Classic II SE,10.0,0,0,2,0.21709023,0.18722485,0,0,pediátrico (<18)
ICB_03797_002,ICB_179,normal_lung,3M Littmann Classic II SE,10.0,1,0,2,0.362527,0.19149263,0,1,pediátrico (<18)
ICB_03797_003,ICB_179,normal_lung,3M Littmann Classic II SE,10.0,0,0,2,0.12549599,0.08784732,0,0,pediátrico (<18)
ICB_03797_004,ICB_179,normal_lung,3M Littmann Classic II SE,10.0,0,1,2,0.22846368,0.10931981,0,2,pediátrico (<18)
ICB_03797_005,ICB_179,normal_lung,3M Littmann Classic II SE,10.0,1,0,2,0.19199964,0.11383294,0,1,pediátrico (<18)
ICB_03797_006,ICB_179,normal_lung,3M Littmann Classic II SE,10.0,0,0,2,0.1753117,0.123717286,0,0,pediátrico (<18)
ICB_03841_000,ICB_187,normal_lung,AKG C417L Microphone,0.5,0,0,2,0.4230606,0.18080555,0,0,pediátrico (<18)
ICB_03841_001,ICB_187,normal_lung,AKG C417L Microphone,0.5,0,0,2,0.4146714,0.19692932,0,0,pediátrico (<18)
ICB_03841_002,ICB_187,normal_lung,AKG C417L Microphone,0.5,0,0,2,0.52003604,0.14649597,0,0,pediátrico (<18)
ICB_03841_003,ICB_187,normal_lung,AKG C417L Microphone,0.5,0,0,2,0.39033055,0.2303881,0,0,pediátrico (<18)
ICB_03841_004,ICB_187,normal_lung,AKG C417L Microphone,0.5,0,0,2,0.46650276,0.17924456,0,0,pediátrico (<18)
ICB_03841_005,ICB_187,normal_lung,AKG C417L Microphone,0.5,0,0,2,0.40143314,0.19528584,0,0,pediátrico (<18)
ICB_03841_006,ICB_187,normal_lung,AKG C417L Microphone,0.5,0,0,2,0.31958628,0.22927344,0,0,pediátrico (<18)
ICB_03841_007,ICB_187,normal_lung,AKG C417L Microphone,0.5,0,0,2,0.45416975,0.108211316,0,0,pediátrico (<18)
ICB_03841_008,ICB_187,normal_lung,AKG C417L Microphone,0.5,0,0,2,0.3866697,0.21868195,0,0,pediátrico (<18)
ICB_03841_009,ICB_187,normal_lung,AKG C417L Microphone,0.5,0,0,2,0.40173924,0.19341633,0,0,pediátrico (<18)
ICB_03841_010,ICB_187,normal_lung,AKG C417L Microphone,0.5,0,0,2,0.31396595,0.20919065,0,0,pediátrico (<18)
ICB_03841_011,ICB_187,normal_lung,AKG C417L Microphone,0.5,0,0,2,0.38409552,0.18073384,0,0,pediátrico (<18)
ICB_03841_012,ICB_187,normal_lung,AKG C417L Microphone,0.5,0,0,2,0.35759673,0.11254199,0,0,pediátrico (<18)
ICB_03841_013,ICB_187,normal_lung,AKG C417L Microphone,0.5,0,0,2,0.51192564,0.19066113,0,0,pediátrico (<18)
ICB_03841_014,ICB_187,normal_lung,AKG C417L Microphone,0.5,0,0,2,0.49534833,0.18054517,0,0,pediátrico (<18)
ICB_03841_015,ICB_187,normal_lung,AKG C417L Microphone,0.5,0,0,2,0.5743504,0.204477,0,0,pediátrico (<18)
ICB_03841_016,ICB_187,normal_lung,AKG C417L Microphone,0.5,0,0,2,0.5539381,0.16643211,0,0,pediátrico (<18)
ICB_03848_000,ICB_191,pneumonia,3M Littmann Classic II SE,74.0,0,0,2,0.7084001,0.2311595,0,0,adulto
ICB_03848_001,ICB_191,pneumonia,3M Littmann Classic II SE,74.0,0,0,2,0.68276966,0.30181667,0,0,adulto
ICB_03848_002,ICB_191,pneumonia,3M Littmann Classic II SE,74.0,0,0,2,0.6642792,0.32502747,0,0,adulto
ICB_03848_003,ICB_191,pneumonia,3M Littmann Classic II SE,74.0,0,0,2,0.6486071,0.43871307,0,0,adulto
ICB_03848_004,ICB_191,pneumonia,3M Littmann Classic II SE,74.0,0,0,2,0.776927,0.32440257,1,0,adulto
ICB_03848_005,ICB_191,pneumonia,3M Littmann Classic II SE,74.0,0,0,2,0.746323,0.21399076,0,0,adulto
ICB_03848_006,ICB_191,pneumonia,3M Littmann Classic II SE,74.0,0,0,2,0.6410095,0.32653102,0,0,adulto
ICB_03848_007,ICB_191,pneumonia,3M Littmann Classic II SE,74.0,0,0,2,0.5850182,0.43151477,0,0,adulto
ICB_03849_000,ICB_191,pneumonia,3M Littmann Classic II SE,74.0,0,0,2,0.825196,0.16794685,1,0,adulto
ICB_03849_001,ICB_191,pneumonia,3M Littmann Classic II SE,74.0,0,0,2,0.63660336,0.28464204,0,0,adulto
ICB_03849_002,ICB_191,pneumonia,3M Littmann Classic II SE,74.0,0,0,2,0.66598624,0.24471389,0,0,adulto
ICB_03849_003,ICB_191,pneumonia,3M Littmann Classic II SE,74.0,0,0,2,0.6979101,0.23913437,0,0,adulto
ICB_03849_004,ICB_191,pneumonia,3M Littmann Classic II SE,74.0,0,0,2,0.6554542,0.29112935,0,0,adulto
ICB_03849_005,ICB_191,pneumonia,3M Littmann Classic II SE,74.0,0,0,2,0.72870314,0.18364565,0,0,adulto
ICB_03849_006,ICB_191,pneumonia,3M Littmann Classic II SE,74.0,0,0,2,0.6729558,0.20302388,0,0,adulto
ICB_03849_007,ICB_191,pneumonia,3M Littmann Classic II SE,74.0,0,0,2,0.5432916,0.29191378,0,0,adulto
ICB_03850_000,ICB_191,pneumonia,3M Littmann Classic II SE,74.0,0,0,2,0.6193348,0.23112984,0,0,adulto
ICB_03850_001,ICB_191,pneumonia,3M Littmann Classic II SE,74.0,0,0,2,0.4698197,0.35238436,0,0,adulto
ICB_03850_002,ICB_191,pneumonia,3M Littmann Classic II SE,74.0,0,0,2,0.5208659,0.29562742,0,0,adulto
ICB_03850_003,ICB_191,pneumonia,3M Littmann Classic II SE,74.0,0,0,2,0.50624675,0.35473695,0,0,adulto
ICB_03850_004,ICB_191,pneumonia,3M Littmann Classic II SE,74.0,0,0,2,0.66019505,0.220629,0,0,adulto
ICB_03850_005,ICB_191,pneumonia,3M Littmann Classic II SE,74.0,0,0,2,0.6115339,0.2735095,0,0,adulto
ICB_03850_006,ICB_191,pneumonia,3M Littmann Classic II SE,74.0,0,0,2,0.51756066,0.2514098,0,0,adulto
ICB_03850_007,ICB_191,pneumonia,3M Littmann Classic II SE,74.0,0,0,2,0.45086572,0.26943788,0,0,adulto
ICB_03882_000,ICB_198,copd,AKG C417L Microphone,71.0,0,1,2,0.54950696,0.5071931,0,2,adulto
ICB_03882_001,ICB_198,copd,AKG C417L Microphone,71.0,0,1,2,0.5048136,0.50038326,0,2,adulto
ICB_03882_002,ICB_198,copd,AKG C417L Microphone,71.0,0,1,2,0.4963781,0.476269,0,2,adulto
ICB_03882_003,ICB_198,copd,AKG C417L Microphone,71.0,0,1,2,0.4868354,0.47492555,0,2,adulto
ICB_03882_004,ICB_198,copd,AKG C417L Microphone,71.0,0,1,2,0.53876424,0.41936028,0,2,adulto
ICB_03882_005,ICB_198,copd,AKG C417L Microphone,71.0,0,1,2,0.48849967,0.41892573,0,2,adulto
ICB_03882_006,ICB_198,copd,AKG C417L Microphone,71.0,0,0,2,0.5122517,0.30230018,0,0,adulto
ICB_03883_000,ICB_198,copd,AKG C417L Microphone,71.0,0,1,2,0.43925965,0.5263177,0,2,adulto
ICB_03883_001,ICB_198,copd,AKG C417L Microphone,71.0,0,1,2,0.47907594,0.60990375,0,2,adulto
ICB_03883_002,ICB_198,copd,AKG C417L Microphone,71.0,0,1,2,0.50142926,0.6288434,0,2,adulto
ICB_03883_003,ICB_198,copd,AKG C417L Microphone,71.0,0,1,2,0.52638745,0.43404046,0,2,adulto
ICB_03883_004,ICB_198,copd,AKG C417L Microphone,71.0,0,1,2,0.57653606,0.40774992,0,2,adulto
ICB_03883_005,ICB_198,copd,AKG C417L Microphone,71.0,0,1,2,0.49978432,0.6215529,0,2,adulto
ICB_03883_006,ICB_198,copd,AKG C417L Microphone,71.0,0,0,2,0.5696296,0.31805974,0,0,adulto
ICB_03884_000,ICB_198,copd,AKG C417L Microphone,71.0,0,0,2,0.73278296,0.23796846,0,0,adulto
ICB_03884_001,ICB_198,copd,AKG C417L Microphone,71.0,0,1,2,0.6237708,0.32773614,0,2,adulto
ICB_03884_002,ICB_198,copd,AKG C417L Microphone,71.0,0,1,2,0.5605598,0.3923301,0,2,adulto
ICB_03884_003,ICB_198,copd,AKG C417L Microphone,71.0,0,1,2,0.63313276,0.30051416,0,2,adulto
ICB_03884_004,ICB_198,copd,AKG C417L Microphone,71.0,0,1,2,0.5928278,0.4071726,0,2,adulto
ICB_03884_005,ICB_198,copd,AKG C417L Microphone,71.0,0,1,2,0.51786685,0.560691,0,2,adulto
ICB_03884_006,ICB_198,copd,AKG C417L Microphone,71.0,0,0,2,0.48774838,0.30582106,0,0,adulto
ICB_03885_000,ICB_198,copd,AKG C417L Microphone,71.0,0,1,2,0.4230012,0.5185564,0,2,adulto
ICB_03885_001,ICB_198,copd,AKG C417L Microphone,71.0,0,1,2,0.48570696,0.4895081,0,2,adulto
ICB_03885_002,ICB_198,copd,AKG C417L Microphone,71.0,0,1,2,0.5155491,0.47082067,0,2,adulto
ICB_03885_003,ICB_198,copd,AKG C417L Microphone,71.0,0,1,2,0.49510923,0.4371976,0,2,adulto
ICB_03885_004,ICB_198,copd,AKG C417L Microphone,71.0,0,1,2,0.56964064,0.37317112,0,2,adulto
ICB_03885_005,ICB_198,copd,AKG C417L Microphone,71.0,0,1,2,0.4859494,0.5938192,0,2,adulto
ICB_03885_006,ICB_198,copd,AKG C417L Microphone,71.0,0,0,2,0.5025443,0.4201952,0,0,adulto
ICB_03886_000,ICB_198,copd,AKG C417L Microphone,71.0,0,1,2,0.53329355,0.36746952,0,2,adulto
ICB_03886_001,ICB_198,copd,AKG C417L Microphone,71.0,0,1,2,0.64718336,0.31576556,0,2,adulto
ICB_03886_002,ICB_198,copd,AKG C417L Microphone,71.0,0,1,2,0.6801972,0.36624992,0,2,adulto
ICB_03886_003,ICB_198,copd,AKG C417L Microphone,71.0,0,1,2,0.6899062,0.24646454,0,2,adulto
ICB_03886_004,ICB_198,copd,AKG C417L Microphone,71.0,0,1,2,0.6792071,0.27625582,0,2,adulto
ICB_03886_005,ICB_198,copd,AKG C417L Microphone,71.0,0,1,2,0.664716,0.47172573,0,2,adulto
ICB_03886_006,ICB_198,copd,AKG C417L Microphone,71.0,0,0,2,0.66419655,0.38958067,0,0,adulto
ICB_03887_000,ICB_198,copd,AKG C417L Microphone,71.0,0,1,2,0.43267438,0.31120056,0,2,adulto
ICB_03887_001,ICB_198,copd,AKG C417L Microphone,71.0,0,1,2,0.46138427,0.58713055,0,2,adulto
ICB_03887_002,ICB_198,copd,AKG C417L Microphone,71.0,0,1,2,0.44906333,0.51764065,0,2,adulto
ICB_03887_003,ICB_198,copd,AKG C417L Microphone,71.0,0,1,2,0.49723542,0.4921332,0,2,adulto
ICB_03887_004,ICB_198,copd,AKG C417L Microphone,71.0,0,1,2,0.52319515,0.46994603,0,2,adulto
ICB_03887_005,ICB_198,copd,AKG C417L Microphone,71.0,0,1,2,0.46659067,0.5908906,0,2,adulto
ICB_03887_006,ICB_198,copd,AKG C417L Microphone,71.0,0,0,2,0.43536285,0.65372854,2,0,adulto
ICB_03888_000,ICB_198,copd,AKG C417L Microphone,71.0,0,1,2,0.32299387,0.2532879,0,2,adulto
ICB_03888_001,ICB_198,copd,AKG C417L Microphone,71.0,0,1,2,0.29407525,0.47685933,0,2,adulto
ICB_03888_002,ICB_198,copd,AKG C417L Microphone,71.0,0,1,2,0.2712713,0.348352,0,2,adulto
ICB_03888_003,ICB_198,copd,AKG C417L Microphone,71.0,0,1,2,0.2835984,0.26762712,0,2,adulto
ICB_03888_004,ICB_198,copd,AKG C417L Microphone,71.0,0,1,2,0.46557915,0.25270283,0,2,adulto
ICB_03888_005,ICB_198,copd,AKG C417L Microphone,71.0,0,1,2,0.26426232,0.16766115,0,2,adulto
ICB_03888_006,ICB_198,copd,AKG C417L Microphone,71.0,0,0,2,0.42574435,0.14616798,0,0,adulto
ICB_03889_000,ICB_198,copd,AKG C417L Microphone,71.0,0,0,2,0.5690539,0.32859516,0,0,adulto
ICB_03889_001,ICB_198,copd,AKG C417L Microphone,71.0,0,0,2,0.64487785,0.28123954,0,0,adulto
ICB_03889_002,ICB_198,copd,AKG C417L Microphone,71.0,0,0,2,0.6437378,0.3080261,0,0,adulto
ICB_03889_003,ICB_198,copd,AKG C417L Microphone,71.0,0,0,2,0.62320477,0.23379159,0,0,adulto
ICB_03889_004,ICB_198,copd,AKG C417L Microphone,71.0,0,0,2,0.54360634,0.36410213,0,0,adulto
ICB_03889_005,ICB_198,copd,AKG C417L Microphone,71.0,0,0,2,0.6533747,0.30368653,0,0,adulto
ICB_03889_006,ICB_198,copd,AKG C417L Microphone,71.0,0,0,2,0.62506545,0.34173548,0,0,adulto
ICB_03890_000,ICB_198,copd,AKG C417L Microphone,71.0,1,0,2,0.58795404,0.27384058,0,1,adulto
ICB_03890_001,ICB_198,copd,AKG C417L Microphone,71.0,1,0,2,0.6152697,0.25527066,0,1,adulto
ICB_03890_002,ICB_198,copd,AKG C417L Microphone,71.0,1,0,2,0.68474734,0.22323921,0,1,adulto
ICB_03890_003,ICB_198,copd,AKG C417L Microphone,71.0,1,0,2,0.6706792,0.17288448,0,1,adulto
ICB_03890_004,ICB_198,copd,AKG C417L Microphone,71.0,1,0,2,0.68807125,0.20747463,0,1,adulto
ICB_03890_005,ICB_198,copd,AKG C417L Microphone,71.0,1,0,2,0.67088753,0.25216508,0,1,adulto
ICB_03891_000,ICB_198,copd,AKG C417L Microphone,71.0,0,0,2,0.63344145,0.3146336,0,0,adulto
ICB_03891_001,ICB_198,copd,AKG C417L Microphone,71.0,1,0,2,0.6264243,0.2969381,0,1,adulto
ICB_03891_002,ICB_198,copd,AKG C417L Microphone,71.0,0,0,2,0.63289464,0.25654912,0,0,adulto
ICB_03891_003,ICB_198,copd,AKG C417L Microphone,71.0,0,0,2,0.67853975,0.20620923,0,0,adulto
ICB_03891_004,ICB_198,copd,AKG C417L Microphone,71.0,0,0,2,0.65040475,0.21966508,0,0,adulto
ICB_03891_005,ICB_198,copd,AKG C417L Microphone,71.0,0,0,2,0.6181537,0.24095519,0,0,adulto
ICB_03891_006,ICB_198,copd,AKG C417L Microphone,71.0,0,0,2,0.6468694,0.22750196,0,0,adulto
ICB_03892_000,ICB_198,copd,AKG C417L Microphone,71.0,1,0,2,0.6760464,0.2756948,0,1,adulto
ICB_03892_001,ICB_198,copd,AKG C417L Microphone,71.0,1,0,2,0.7001738,0.2446351,0,1,adulto
ICB_03892_002,ICB_198,copd,AKG C417L Microphone,71.0,1,0,2,0.6406535,0.21398154,0,1,adulto
ICB_03892_003,ICB_198,copd,AKG C417L Microphone,71.0,1,0,2,0.66684514,0.20055294,0,1,adulto
ICB_03892_004,ICB_198,copd,AKG C417L Microphone,71.0,1,0,2,0.6613871,0.23202577,0,1,adulto
ICB_03892_005,ICB_198,copd,AKG C417L Microphone,71.0,1,0,2,0.736432,0.2450282,0,1,adulto
ICB_03892_006,ICB_198,copd,AKG C417L Microphone,71.0,1,0,2,0.6143414,0.2608437,0,1,adulto
ICB_03893_000,ICB_198,copd,AKG C417L Microphone,71.0,1,0,2,0.6602015,0.26859313,0,1,adulto
ICB_03893_001,ICB_198,copd,AKG C417L Microphone,71.0,1,0,2,0.66199046,0.28071502,0,1,adulto
ICB_03893_002,ICB_198,copd,AKG C417L Microphone,71.0,1,0,2,0.63332295,0.2707518,0,1,adulto
ICB_03893_003,ICB_198,copd,AKG C417L Microphone,71.0,1,0,2,0.70778483,0.29065317,0,1,adulto
ICB_03893_004,ICB_198,copd,AKG C417L Microphone,71.0,1,0,2,0.69540256,0.26149985,0,1,adulto
ICB_03893_005,ICB_198,copd,AKG C417L Microphone,71.0,0,0,2,0.6937238,0.22124855,0,0,adulto
ICB_03893_006,ICB_198,copd,AKG C417L Microphone,71.0,1,0,2,0.6788369,0.26158547,0,1,adulto
ICB_03894_000,ICB_198,copd,AKG C417L Microphone,71.0,1,0,2,0.73097235,0.2303756,0,1,adulto
ICB_03894_001,ICB_198,copd,AKG C417L Microphone,71.0,1,0,2,0.78362405,0.17776908,1,1,adulto
ICB_03894_002,ICB_198,copd,AKG C417L Microphone,71.0,1,0,2,0.7642803,0.23128523,1,1,adulto
ICB_03894_003,ICB_198,copd,AKG C417L Microphone,71.0,0,0,2,0.69759315,0.24902996,0,0,adulto
ICB_03894_004,ICB_198,copd,AKG C417L Microphone,71.0,1,0,2,0.71983075,0.23097451,0,1,adulto
ICB_03894_005,ICB_198,copd,AKG C417L Microphone,71.0,1,0,2,0.6970949,0.19914117,0,1,adulto
ICB_03894_006,ICB_198,copd,AKG C417L Microphone,71.0,0,0,2,0.71376437,0.22023924,0,0,adulto
ICB_03895_000,ICB_198,copd,AKG C417L Microphone,71.0,0,0,2,0.6505496,0.2966732,0,0,adulto
ICB_03895_001,ICB_198,copd,AKG C417L Microphone,71.0,1,0,2,0.55970305,0.32094145,0,1,adulto
ICB_03895_002,ICB_198,copd,AKG C417L Microphone,71.0,1,0,2,0.5727435,0.30926105,0,1,adulto
ICB_03895_003,ICB_198,copd,AKG C417L Microphone,71.0,1,0,2,0.60703224,0.2957616,0,1,adulto
ICB_03895_004,ICB_198,copd,AKG C417L Microphone,71.0,0,0,2,0.5828063,0.32212418,0,0,adulto
ICB_03895_005,ICB_198,copd,AKG C417L Microphone,71.0,0,0,2,0.5074294,0.21667446,0,0,adulto
ICB_03895_006,ICB_198,copd,AKG C417L Microphone,71.0,0,0,2,0.6414701,0.2467081,0,0,adulto
ICB_03895_007,ICB_198,copd,AKG C417L Microphone,71.0,0,0,2,0.5789787,0.29287812,0,0,adulto
ICB_03949_000,ICB_204,copd,AKG C417L Microphone,66.0,0,0,2,0.64539534,0.3268514,0,0,adulto
ICB_03949_001,ICB_204,copd,AKG C417L Microphone,66.0,0,1,2,0.4948569,0.8727758,2,2,adulto
ICB_03949_002,ICB_204,copd,AKG C417L Microphone,66.0,0,1,2,0.45566824,0.6555271,2,2,adulto
ICB_03949_003,ICB_204,copd,AKG C417L Microphone,66.0,0,1,2,0.62786996,0.6136641,0,2,adulto
ICB_03949_004,ICB_204,copd,AKG C417L Microphone,66.0,0,0,2,0.6175461,0.34820783,0,0,adulto
ICB_03949_005,ICB_204,copd,AKG C417L Microphone,66.0,0,1,2,0.59691155,0.57045203,0,2,adulto
ICB_03949_006,ICB_204,copd,AKG C417L Microphone,66.0,0,0,2,0.64553773,0.2194539,0,0,adulto
ICB_03950_000,ICB_204,copd,AKG C417L Microphone,66.0,0,0,2,0.74923146,0.3929507,0,0,adulto
ICB_03950_001,ICB_204,copd,AKG C417L Microphone,66.0,0,1,2,0.2969704,0.73422414,2,2,adulto
ICB_03950_002,ICB_204,copd,AKG C417L Microphone,66.0,0,1,2,0.28747046,0.6498685,0,2,adulto
ICB_03950_003,ICB_204,copd,AKG C417L Microphone,66.0,0,0,2,0.5941868,0.7642653,2,0,adulto
ICB_03950_004,ICB_204,copd,AKG C417L Microphone,66.0,0,0,2,0.5056917,0.6592937,2,0,adulto
ICB_03950_005,ICB_204,copd,AKG C417L Microphone,66.0,0,0,2,0.49987713,0.78361154,2,0,adulto
ICB_03950_006,ICB_204,copd,AKG C417L Microphone,66.0,0,0,2,0.42886615,0.78334016,2,0,adulto
ICB_03951_000,ICB_204,copd,AKG C417L Microphone,66.0,0,0,2,0.67455393,0.39330658,0,0,adulto
ICB_03951_001,ICB_204,copd,AKG C417L Microphone,66.0,0,0,2,0.6082154,0.6430364,0,0,adulto
ICB_03951_002,ICB_204,copd,AKG C417L Microphone,66.0,0,0,2,0.4236182,0.53894114,0,0,adulto
ICB_03951_003,ICB_204,copd,AKG C417L Microphone,66.0,0,0,2,0.681322,0.6555586,2,0,adulto
ICB_03951_004,ICB_204,copd,AKG C417L Microphone,66.0,0,0,2,0.6816345,0.456295,0,0,adulto
ICB_03951_005,ICB_204,copd,AKG C417L Microphone,66.0,0,0,2,0.658242,0.3445243,0,0,adulto
ICB_03951_006,ICB_204,copd,AKG C417L Microphone,66.0,0,0,2,0.6624146,0.2366157,0,0,adulto
ICB_03952_000,ICB_204,copd,AKG C417L Microphone,66.0,0,0,2,0.247807,0.24373871,0,0,adulto
ICB_03952_001,ICB_204,copd,AKG C417L Microphone,66.0,0,0,2,0.3043928,0.23670624,0,0,adulto
ICB_03952_002,ICB_204,copd,AKG C417L Microphone,66.0,0,0,2,0.29593188,0.23796338,0,0,adulto
ICB_03952_003,ICB_204,copd,AKG C417L Microphone,66.0,0,0,2,0.32095003,0.2699617,0,0,adulto
ICB_03952_004,ICB_204,copd,AKG C417L Microphone,66.0,0,0,2,0.4040422,0.21112469,0,0,adulto
ICB_03952_005,ICB_204,copd,AKG C417L Microphone,66.0,0,0,2,0.3652128,0.18940915,0,0,adulto
ICB_03952_006,ICB_204,copd,AKG C417L Microphone,66.0,0,0,2,0.3470057,0.21062525,0,0,adulto
ICB_03953_000,ICB_204,copd,AKG C417L Microphone,66.0,0,0,2,0.23239876,0.29806238,0,0,adulto
ICB_03953_001,ICB_204,copd,AKG C417L Microphone,66.0,0,0,2,0.29663342,0.31109145,0,0,adulto
ICB_03953_002,ICB_204,copd,AKG C417L Microphone,66.0,0,0,2,0.26786816,0.2540046,0,0,adulto
ICB_03953_003,ICB_204,copd,AKG C417L Microphone,66.0,0,0,2,0.25773197,0.35215205,0,0,adulto
ICB_03953_004,ICB_204,copd,AKG C417L Microphone,66.0,0,0,2,0.37228525,0.30413276,0,0,adulto
ICB_03953_005,ICB_204,copd,AKG C417L Microphone,66.0,0,0,2,0.30853745,0.19798027,0,0,adulto
ICB_03953_006,ICB_204,copd,AKG C417L Microphone,66.0,0,0,2,0.31146067,0.3461026,0,0,adulto
ICB_03954_000,ICB_204,copd,AKG C417L Microphone,66.0,0,0,2,0.7155307,0.3744458,0,0,adulto
ICB_03954_001,ICB_204,copd,AKG C417L Microphone,66.0,0,0,2,0.6203041,0.34051946,0,0,adulto
ICB_03954_002,ICB_204,copd,AKG C417L Microphone,66.0,0,0,2,0.59223807,0.36027744,0,0,adulto
ICB_03954_003,ICB_204,copd,AKG C417L Microphone,66.0,0,0,2,0.54692775,0.4412292,0,0,adulto
ICB_03954_004,ICB_204,copd,AKG C417L Microphone,66.0,0,0,2,0.61365443,0.42081589,0,0,adulto
ICB_03954_005,ICB_204,copd,AKG C417L Microphone,66.0,0,0,2,0.5942529,0.30937004,0,0,adulto
ICB_03954_006,ICB_204,copd,AKG C417L Microphone,66.0,0,0,2,0.5900149,0.3289422,0,0,adulto
ICB_03955_000,ICB_204,copd,AKG C417L Microphone,66.0,0,0,2,0.4991389,0.22581258,0,0,adulto
ICB_03955_001,ICB_204,copd,AKG C417L Microphone,66.0,0,0,2,0.40175363,0.19244815,0,0,adulto
ICB_03955_002,ICB_204,copd,AKG C417L Microphone,66.0,0,0,2,0.46065956,0.18865784,0,0,adulto
ICB_03955_003,ICB_204,copd,AKG C417L Microphone,66.0,0,0,2,0.48897007,0.20705798,0,0,adulto
ICB_03955_004,ICB_204,copd,AKG C417L Microphone,66.0,0,0,2,0.5244658,0.16764456,0,0,adulto
ICB_03955_005,ICB_204,copd,AKG C417L Microphone,66.0,0,0,2,0.48320273,0.233569,0,0,adulto
ICB_03955_006,ICB_204,copd,AKG C417L Microphone,66.0,0,0,2,0.5067109,0.25056848,0,0,adulto
ICB_03956_000,ICB_204,copd,AKG C417L Microphone,66.0,0,0,2,0.6490722,0.57986265,0,0,adulto
ICB_03956_001,ICB_204,copd,AKG C417L Microphone,66.0,0,0,2,0.6809447,0.3817377,0,0,adulto
ICB_03956_002,ICB_204,copd,AKG C417L Microphone,66.0,0,0,2,0.6309081,0.38991985,0,0,adulto
ICB_03956_003,ICB_204,copd,AKG C417L Microphone,66.0,0,0,2,0.6295793,0.41548046,0,0,adulto
ICB_03956_004,ICB_204,copd,AKG C417L Microphone,66.0,0,0,2,0.6512065,0.39856163,0,0,adulto
ICB_03956_005,ICB_204,copd,AKG C417L Microphone,66.0,0,0,2,0.61721253,0.39790565,0,0,adulto
ICB_03956_006,ICB_204,copd,AKG C417L Microphone,66.0,0,0,2,0.63082445,0.44068655,0,0,adulto
ICB_03957_000,ICB_204,copd,AKG C417L Microphone,66.0,0,0,2,0.23638405,0.3257541,0,0,adulto
ICB_03957_001,ICB_204,copd,AKG C417L Microphone,66.0,0,0,2,0.2691236,0.19919987,0,0,adulto
ICB_03957_002,ICB_204,copd,AKG C417L Microphone,66.0,0,0,2,0.21953583,0.2620502,0,0,adulto
ICB_03957_003,ICB_204,copd,AKG C417L Microphone,66.0,0,0,2,0.23668861,0.4021733,0,0,adulto
ICB_03957_004,ICB_204,copd,AKG C417L Microphone,66.0,0,0,2,0.29569462,0.38593757,0,0,adulto
ICB_03957_005,ICB_204,copd,AKG C417L Microphone,66.0,0,0,2,0.24012507,0.27245936,0,0,adulto
ICB_03957_006,ICB_204,copd,AKG C417L Microphone,66.0,0,0,2,0.31328002,0.28298688,0,0,adulto
ICB_04002_000,ICB_208,normal_lung,3M Littmann Classic II SE,5.0,0,0,2,0.592832,0.17881489,0,0,pediátrico (<18)
ICB_04002_001,ICB_208,normal_lung,3M Littmann Classic II SE,5.0,0,0,2,0.6938363,0.2446662,0,0,pediátrico (<18)
ICB_04002_002,ICB_208,normal_lung,3M Littmann Classic II SE,5.0,0,0,2,0.5472648,0.2221809,0,0,pediátrico (<18)
ICB_04002_003,ICB_208,normal_lung,3M Littmann Classic II SE,5.0,0,0,2,0.5785428,0.22655854,0,0,pediátrico (<18)
ICB_04002_004,ICB_208,normal_lung,3M Littmann Classic II SE,5.0,0,0,2,0.6926777,0.1748995,0,0,pediátrico (<18)
ICB_04002_005,ICB_208,normal_lung,3M Littmann Classic II SE,5.0,0,0,2,0.42664632,0.30318704,0,0,pediátrico (<18)
ICB_04002_006,ICB_208,normal_lung,3M Littmann Classic II SE,5.0,0,0,2,0.6650497,0.28161737,0,0,pediátrico (<18)
ICB_04002_007,ICB_208,normal_lung,3M Littmann Classic II SE,5.0,0,0,2,0.5458746,0.4117408,0,0,pediátrico (<18)
ICB_04002_008,ICB_208,normal_lung,3M Littmann Classic II SE,5.0,0,0,2,0.64278424,0.16992614,0,0,pediátrico (<18)
ICB_04002_009,ICB_208,normal_lung,3M Littmann Classic II SE,5.0,0,0,2,0.64904565,0.24241774,0,0,pediátrico (<18)
ICB_04002_010,ICB_208,normal_lung,3M Littmann Classic II SE,5.0,0,0,2,0.65147454,0.25848976,0,0,pediátrico (<18)
ICB_04002_011,ICB_208,normal_lung,3M Littmann Classic II SE,5.0,0,0,2,0.7227098,0.2364685,0,0,pediátrico (<18)
ICB_04002_012,ICB_208,normal_lung,3M Littmann Classic II SE,5.0,0,0,2,0.6395304,0.21352026,0,0,pediátrico (<18)
ICB_04006_000,ICB_211,copd,AKG C417L Microphone,70.0,0,0,2,0.5892301,0.31766817,0,0,adulto
ICB_04006_001,ICB_211,copd,AKG C417L Microphone,70.0,0,0,2,0.5840076,0.36263976,0,0,adulto
ICB_04006_002,ICB_211,copd,AKG C417L Microphone,70.0,0,0,2,0.56804264,0.2832853,0,0,adulto
ICB_04006_003,ICB_211,copd,AKG C417L Microphone,70.0,0,0,2,0.574505,0.37000048,0,0,adulto
ICB_04006_004,ICB_211,copd,AKG C417L Microphone,70.0,0,0,2,0.53890234,0.4351938,0,0,adulto
ICB_04006_005,ICB_211,copd,AKG C417L Microphone,70.0,0,0,2,0.5962731,0.36035803,0,0,adulto
ICB_04006_006,ICB_211,copd,AKG C417L Microphone,70.0,0,0,2,0.5862507,0.50044686,0,0,adulto
ICB_04006_007,ICB_211,copd,AKG C417L Microphone,70.0,0,0,2,0.6125717,0.35296974,0,0,adulto
ICB_04006_008,ICB_211,copd,AKG C417L Microphone,70.0,0,0,2,0.5949943,0.4370724,0,0,adulto
ICB_04006_009,ICB_211,copd,AKG C417L Microphone,70.0,0,0,2,0.61486435,0.3788787,0,0,adulto
ICB_04006_010,ICB_211,copd,AKG C417L Microphone,70.0,0,0,2,0.5584711,0.40937132,0,0,adulto
ICB_04006_011,ICB_211,copd,AKG C417L Microphone,70.0,0,0,2,0.5780174,0.3618232,0,0,adulto
ICB_04006_012,ICB_211,copd,AKG C417L Microphone,70.0,0,0,2,0.6081808,0.31666964,0,0,adulto
ICB_04007_000,ICB_211,copd,AKG C417L Microphone,70.0,0,1,2,0.48509443,0.23432976,0,2,adulto
ICB_04007_001,ICB_211,copd,AKG C417L Microphone,70.0,1,1,2,0.52143514,0.26886562,0,3,adulto
ICB_04007_002,ICB_211,copd,AKG C417L Microphone,70.0,1,1,2,0.40496165,0.23469391,0,3,adulto
ICB_04007_003,ICB_211,copd,AKG C417L Microphone,70.0,1,0,2,0.44994423,0.19395784,0,1,adulto
ICB_04007_004,ICB_211,copd,AKG C417L Microphone,70.0,1,0,2,0.52695477,0.22418334,0,1,adulto
ICB_04007_005,ICB_211,copd,AKG C417L Microphone,70.0,1,1,2,0.46553633,0.2836773,0,3,adulto
ICB_04007_006,ICB_211,copd,AKG C417L Microphone,70.0,1,0,2,0.43726873,0.22796965,0,1,adulto
ICB_04007_007,ICB_211,copd,AKG C417L Microphone,70.0,0,1,2,0.53124964,0.25143358,0,2,adulto
ICB_04007_008,ICB_211,copd,AKG C417L Microphone,70.0,1,1,2,0.38274735,0.2680725,0,3,adulto
ICB_04007_009,ICB_211,copd,AKG C417L Microphone,70.0,0,1,2,0.28301004,0.26259488,0,2,adulto
ICB_04007_010,ICB_211,copd,AKG C417L Microphone,70.0,0,1,2,0.41671214,0.27035588,0,2,adulto
ICB_04007_011,ICB_211,copd,AKG C417L Microphone,70.0,1,0,2,0.45210046,0.2693285,0,1,adulto
ICB_04007_012,ICB_211,copd,AKG C417L Microphone,70.0,1,0,2,0.46316135,0.3763462,0,1,adulto
ICB_04008_000,ICB_211,copd,AKG C417L Microphone,70.0,0,0,2,0.574836,0.21851459,0,0,adulto
ICB_04008_001,ICB_211,copd,AKG C417L Microphone,70.0,0,0,2,0.5027359,0.3086548,0,0,adulto
ICB_04008_002,ICB_211,copd,AKG C417L Microphone,70.0,0,0,2,0.4582287,0.25088206,0,0,adulto
ICB_04008_003,ICB_211,copd,AKG C417L Microphone,70.0,0,0,2,0.48265848,0.23732664,0,0,adulto
ICB_04008_004,ICB_211,copd,AKG C417L Microphone,70.0,0,0,2,0.4716046,0.21085933,0,0,adulto
ICB_04008_005,ICB_211,copd,AKG C417L Microphone,70.0,0,0,2,0.49881732,0.27650428,0,0,adulto
ICB_04008_006,ICB_211,copd,AKG C417L Microphone,70.0,0,0,2,0.42851427,0.2283378,0,0,adulto
ICB_04008_007,ICB_211,copd,AKG C417L Microphone,70.0,0,0,2,0.48047093,0.26793998,0,0,adulto
ICB_04008_008,ICB_211,copd,AKG C417L Microphone,70.0,0,0,2,0.48490968,0.1950708,0,0,adulto
ICB_04008_009,ICB_211,copd,AKG C417L Microphone,70.0,0,0,2,0.4484491,0.26961985,0,0,adulto
ICB_04008_010,ICB_211,copd,AKG C417L Microphone,70.0,0,0,2,0.4687118,0.23510933,0,0,adulto
ICB_04008_011,ICB_211,copd,AKG C417L Microphone,70.0,0,0,2,0.49476635,0.26884392,0,0,adulto
ICB_04008_012,ICB_211,copd,AKG C417L Microphone,70.0,0,0,2,0.5278578,0.27880648,0,0,adulto
ICB_04009_000,ICB_211,copd,AKG C417L Microphone,70.0,0,0,2,0.601679,0.39286014,0,0,adulto
ICB_04009_001,ICB_211,copd,AKG C417L Microphone,70.0,0,0,2,0.612892,0.35816133,0,0,adulto
ICB_04009_002,ICB_211,copd,AKG C417L Microphone,70.0,0,0,2,0.59933585,0.33701983,0,0,adulto
ICB_04009_003,ICB_211,copd,AKG C417L Microphone,70.0,0,0,2,0.6100053,0.39017254,0,0,adulto
ICB_04009_004,ICB_211,copd,AKG C417L Microphone,70.0,0,0,2,0.5627925,0.41501975,0,0,adulto
ICB_04009_005,ICB_211,copd,AKG C417L Microphone,70.0,0,0,2,0.6018648,0.3753965,0,0,adulto
ICB_04009_006,ICB_211,copd,AKG C417L Microphone,70.0,0,0,2,0.6204452,0.3880085,0,0,adulto
ICB_04009_007,ICB_211,copd,AKG C417L Microphone,70.0,0,0,2,0.547368,0.33789936,0,0,adulto
ICB_04009_008,ICB_211,copd,AKG C417L Microphone,70.0,0,0,2,0.52928275,0.32430145,0,0,adulto
ICB_04009_009,ICB_211,copd,AKG C417L Microphone,70.0,0,0,2,0.5786516,0.33110633,0,0,adulto
ICB_04009_010,ICB_211,copd,AKG C417L Microphone,70.0,0,0,2,0.5830491,0.41202638,0,0,adulto
ICB_04009_011,ICB_211,copd,AKG C417L Microphone,70.0,0,0,2,0.5870988,0.36600932,0,0,adulto
ICB_04009_012,ICB_211,copd,AKG C417L Microphone,70.0,0,0,2,0.5916689,0.43563974,0,0,adulto
ICB_04009_013,ICB_211,copd,AKG C417L Microphone,70.0,0,0,2,0.54426587,0.41191274,0,0,adulto
ICB_04010_000,ICB_211,copd,AKG C417L Microphone,70.0,0,0,2,0.61992735,0.36134222,0,0,adulto
ICB_04010_001,ICB_211,copd,AKG C417L Microphone,70.0,0,0,2,0.6300967,0.36295912,0,0,adulto
ICB_04010_002,ICB_211,copd,AKG C417L Microphone,70.0,0,0,2,0.6231081,0.3774643,0,0,adulto
ICB_04010_003,ICB_211,copd,AKG C417L Microphone,70.0,0,0,2,0.5578728,0.46377325,0,0,adulto
ICB_04010_004,ICB_211,copd,AKG C417L Microphone,70.0,0,0,2,0.58813787,0.4367999,0,0,adulto
ICB_04010_005,ICB_211,copd,AKG C417L Microphone,70.0,0,0,2,0.59688795,0.47232005,0,0,adulto
ICB_04010_006,ICB_211,copd,AKG C417L Microphone,70.0,0,0,2,0.5530774,0.37199613,0,0,adulto
ICB_04010_007,ICB_211,copd,AKG C417L Microphone,70.0,0,0,2,0.6318846,0.43376127,0,0,adulto
ICB_04010_008,ICB_211,copd,AKG C417L Microphone,70.0,0,0,2,0.585019,0.2791992,0,0,adulto
ICB_04010_009,ICB_211,copd,AKG C417L Microphone,70.0,0,0,2,0.5790821,0.35293576,0,0,adulto
ICB_04010_010,ICB_211,copd,AKG C417L Microphone,70.0,0,0,2,0.64184356,0.352988,0,0,adulto
ICB_04010_011,ICB_211,copd,AKG C417L Microphone,70.0,0,0,2,0.58793783,0.34808606,0,0,adulto
ICB_04010_012,ICB_211,copd,AKG C417L Microphone,70.0,0,0,2,0.5699792,0.40774858,0,0,adulto
ICB_04010_013,ICB_211,copd,AKG C417L Microphone,70.0,0,0,2,0.619437,0.3480274,0,0,adulto
ICB_04011_000,ICB_211,copd,AKG C417L Microphone,70.0,0,0,2,0.35247508,0.24879532,0,0,adulto
ICB_04011_001,ICB_211,copd,AKG C417L Microphone,70.0,0,0,2,0.4979017,0.16344443,0,0,adulto
ICB_04011_002,ICB_211,copd,AKG C417L Microphone,70.0,0,0,2,0.33262604,0.19568376,0,0,adulto
ICB_04011_003,ICB_211,copd,AKG C417L Microphone,70.0,0,0,2,0.2765933,0.23819807,0,0,adulto
ICB_04011_004,ICB_211,copd,AKG C417L Microphone,70.0,0,0,2,0.40412933,0.1898952,0,0,adulto
ICB_04011_005,ICB_211,copd,AKG C417L Microphone,70.0,0,0,2,0.5453536,0.16539809,0,0,adulto
ICB_04011_006,ICB_211,copd,AKG C417L Microphone,70.0,0,0,2,0.3783157,0.16834304,0,0,adulto
ICB_04011_007,ICB_211,copd,AKG C417L Microphone,70.0,0,0,2,0.4994149,0.2463433,0,0,adulto
ICB_04011_008,ICB_211,copd,AKG C417L Microphone,70.0,0,0,2,0.38959223,0.21585366,0,0,adulto
ICB_04011_009,ICB_211,copd,AKG C417L Microphone,70.0,0,0,2,0.34700224,0.27397695,0,0,adulto
ICB_04011_010,ICB_211,copd,AKG C417L Microphone,70.0,0,0,2,0.36665368,0.2768323,0,0,adulto
ICB_04011_011,ICB_211,copd,AKG C417L Microphone,70.0,0,0,2,0.447392,0.2870359,0,0,adulto
ICB_04011_012,ICB_211,copd,AKG C417L Microphone,70.0,0,0,2,0.5071052,0.24455853,0,0,adulto
ICB_04012_000,ICB_211,copd,AKG C417L Microphone,70.0,0,0,2,0.4146704,0.16976298,0,0,adulto
ICB_04012_001,ICB_211,copd,AKG C417L Microphone,70.0,0,0,2,0.501454,0.24158232,0,0,adulto
ICB_04012_002,ICB_211,copd,AKG C417L Microphone,70.0,0,0,2,0.49861276,0.14448696,0,0,adulto
ICB_04012_003,ICB_211,copd,AKG C417L Microphone,70.0,0,0,2,0.3839503,0.18002042,0,0,adulto
ICB_04012_004,ICB_211,copd,AKG C417L Microphone,70.0,0,0,2,0.45255557,0.2425075,0,0,adulto
ICB_04012_005,ICB_211,copd,AKG C417L Microphone,70.0,0,0,2,0.29451868,0.29028097,0,0,adulto
ICB_04012_006,ICB_211,copd,AKG C417L Microphone,70.0,0,0,2,0.28995824,0.2716427,0,0,adulto
ICB_04012_007,ICB_211,copd,AKG C417L Microphone,70.0,0,0,2,0.40368187,0.212456,0,0,adulto
ICB_04012_008,ICB_211,copd,AKG C417L Microphone,70.0,0,0,2,0.31441814,0.26843205,0,0,adulto
ICB_04012_009,ICB_211,copd,AKG C417L Microphone,70.0,0,0,2,0.2637039,0.27934456,0,0,adulto
ICB_04012_010,ICB_211,copd,AKG C417L Microphone,70.0,0,0,2,0.27750647,0.26236445,0,0,adulto
ICB_04012_011,ICB_211,copd,AKG C417L Microphone,70.0,0,0,2,0.31790656,0.27987123,0,0,adulto
ICB_04012_012,ICB_211,copd,AKG C417L Microphone,70.0,0,0,2,0.25537047,0.25074178,0,0,adulto
ICB_04012_013,ICB_211,copd,AKG C417L Microphone,70.0,0,0,2,0.3747325,0.24520789,0,0,adulto
ICB_04012_014,ICB_211,copd,AKG C417L Microphone,70.0,0,0,2,0.28043702,0.26639092,0,0,adulto
ICB_04012_015,ICB_211,copd,AKG C417L Microphone,70.0,0,0,2,0.35197958,0.37900215,0,0,adulto
ICB_04013_000,ICB_211,copd,AKG C417L Microphone,70.0,0,0,2,0.3128052,0.22785951,0,0,adulto
ICB_04013_001,ICB_211,copd,AKG C417L Microphone,70.0,0,0,2,0.34888452,0.19136114,0,0,adulto
ICB_04013_002,ICB_211,copd,AKG C417L Microphone,70.0,0,0,2,0.34355447,0.2499603,0,0,adulto
ICB_04013_003,ICB_211,copd,AKG C417L Microphone,70.0,0,0,2,0.33579022,0.25389242,0,0,adulto
ICB_04013_004,ICB_211,copd,AKG C417L Microphone,70.0,0,0,2,0.43889284,0.24395326,0,0,adulto
ICB_04013_005,ICB_211,copd,AKG C417L Microphone,70.0,0,0,2,0.35943368,0.25823456,0,0,adulto
ICB_04013_006,ICB_211,copd,AKG C417L Microphone,70.0,0,0,2,0.37306148,0.3060611,0,0,adulto
ICB_04013_007,ICB_211,copd,AKG C417L Microphone,70.0,0,0,2,0.35060894,0.32702222,0,0,adulto
ICB_04013_008,ICB_211,copd,AKG C417L Microphone,70.0,0,0,2,0.50253344,0.16859639,0,0,adulto
ICB_04013_009,ICB_211,copd,AKG C417L Microphone,70.0,0,0,2,0.35966814,0.3840124,0,0,adulto
ICB_04013_010,ICB_211,copd,AKG C417L Microphone,70.0,0,0,2,0.3985995,0.24908832,0,0,adulto
ICB_04013_011,ICB_211,copd,AKG C417L Microphone,70.0,0,0,2,0.31706673,0.31261817,0,0,adulto
ICB_04013_012,ICB_211,copd,AKG C417L Microphone,70.0,0,0,2,0.36281198,0.262785,0,0,adulto
ICB_04013_013,ICB_211,copd,AKG C417L Microphone,70.0,0,0,2,0.35801217,0.325209,0,0,adulto
ICB_04013_014,ICB_211,copd,AKG C417L Microphone,70.0,0,0,2,0.41458318,0.21698156,0,0,adulto
ICB_04014_000,ICB_212,copd,3M Littmann Classic II SE,83.0,0,0,2,0.72675157,0.18918766,0,0,adulto
ICB_04014_001,ICB_212,copd,3M Littmann Classic II SE,83.0,1,0,2,0.49387562,0.23679912,0,1,adulto
ICB_04014_002,ICB_212,copd,3M Littmann Classic II SE,83.0,0,0,2,0.40730911,0.29491037,0,0,adulto
ICB_04014_003,ICB_212,copd,3M Littmann Classic II SE,83.0,1,0,2,0.50372046,0.30916864,0,1,adulto
ICB_04014_004,ICB_212,copd,3M Littmann Classic II SE,83.0,0,0,2,0.4452275,0.2720297,0,0,adulto
ICB_04014_005,ICB_212,copd,3M Littmann Classic II SE,83.0,0,0,2,0.4899991,0.23533,0,0,adulto
ICB_04014_006,ICB_212,copd,3M Littmann Classic II SE,83.0,0,0,2,0.39666334,0.26413563,0,0,adulto
ICB_04077_000,ICB_224,normal_lung,AKG C417L Microphone,10.0,0,0,2,0.5493066,0.29055458,0,0,pediátrico (<18)
ICB_04077_001,ICB_224,normal_lung,AKG C417L Microphone,10.0,0,0,2,0.59870625,0.32314554,0,0,pediátrico (<18)
ICB_04077_002,ICB_224,normal_lung,AKG C417L Microphone,10.0,0,0,2,0.61902523,0.37179837,0,0,pediátrico (<18)
ICB_04077_003,ICB_224,normal_lung,AKG C417L Microphone,10.0,0,0,2,0.634216,0.25963375,0,0,pediátrico (<18)
ICB_04077_004,ICB_224,normal_lung,AKG C417L Microphone,10.0,0,0,2,0.6011666,0.23726864,0,0,pediátrico (<18)
ICB_04077_005,ICB_224,normal_lung,AKG C417L Microphone,10.0,0,0,2,0.53918964,0.2740174,0,0,pediátrico (<18)
ICB_04077_006,ICB_224,normal_lung,AKG C417L Microphone,10.0,0,0,2,0.48100775,0.16120769,0,0,pediátrico (<18)
ICB_04078_000,ICB_224,normal_lung,AKG C417L Microphone,10.0,0,0,2,0.629438,0.18000747,0,0,pediátrico (<18)
ICB_04078_001,ICB_224,normal_lung,AKG C417L Microphone,10.0,0,0,2,0.58347356,0.14213039,0,0,pediátrico (<18)
ICB_04078_002,ICB_224,normal_lung,AKG C417L Microphone,10.0,0,0,2,0.64901865,0.12321857,0,0,pediátrico (<18)
ICB_04078_003,ICB_224,normal_lung,AKG C417L Microphone,10.0,0,0,2,0.5363953,0.20653863,0,0,pediátrico (<18)
ICB_04078_004,ICB_224,normal_lung,AKG C417L Microphone,10.0,0,0,2,0.5859298,0.19368425,0,0,pediátrico (<18)
ICB_04078_005,ICB_224,normal_lung,AKG C417L Microphone,10.0,0,0,2,0.61782664,0.16481437,0,0,pediátrico (<18)
ICB_04078_006,ICB_224,normal_lung,AKG C417L Microphone,10.0,0,0,2,0.60833573,0.23584817,0,0,pediátrico (<18)
ICB_04079_000,ICB_225,normal_lung,AKG C417L Microphone,0.83,0,0,2,0.62882745,0.4593758,0,0,pediátrico (<18)
ICB_04079_001,ICB_225,normal_lung,AKG C417L Microphone,0.83,0,0,2,0.38044116,0.19797717,0,0,pediátrico (<18)
ICB_04079_002,ICB_225,normal_lung,AKG C417L Microphone,0.83,0,0,2,0.36148107,0.27649206,0,0,pediátrico (<18)
ICB_04079_003,ICB_225,normal_lung,AKG C417L Microphone,0.83,0,0,2,0.44228783,0.23694079,0,0,pediátrico (<18)
ICB_04079_004,ICB_225,normal_lung,AKG C417L Microphone,0.83,0,0,2,0.35535914,0.30312017,0,0,pediátrico (<18)
ICB_04079_005,ICB_225,normal_lung,AKG C417L Microphone,0.83,0,0,2,0.43425006,0.2807658,0,0,pediátrico (<18)
ICB_04079_006,ICB_225,normal_lung,AKG C417L Microphone,0.83,0,0,2,0.35236806,0.16192818,0,0,pediátrico (<18)
ICB_04079_007,ICB_225,normal_lung,AKG C417L Microphone,0.83,0,0,2,0.37773538,0.16095336,0,0,pediátrico (<18)
ICB_04079_008,ICB_225,normal_lung,AKG C417L Microphone,0.83,0,0,2,0.36515552,0.28989238,0,0,pediátrico (<18)
ICB_04079_009,ICB_225,normal_lung,AKG C417L Microphone,0.83,0,0,2,0.5075314,0.39442468,0,0,pediátrico (<18)
ICB_04079_010,ICB_225,normal_lung,AKG C417L Microphone,0.83,0,0,2,0.4072589,0.23561563,0,0,pediátrico (<18)
ICB_04079_011,ICB_225,normal_lung,AKG C417L Microphone,0.83,0,0,2,0.44817796,0.36609587,0,0,pediátrico (<18)
ICB_04079_012,ICB_225,normal_lung,AKG C417L Microphone,0.83,0,0,2,0.3724076,0.15154752,0,0,pediátrico (<18)
ICB_04079_013,ICB_225,normal_lung,AKG C417L Microphone,0.83,0,0,2,0.33986917,0.1951665,0,0,pediátrico (<18)
ICB_03205_000,ICB_109,copd,3M Littmann 3200 Electronic,84.0,0,0,3,0.5523686,0.39294812,0,0,adulto
ICB_03205_001,ICB_109,copd,3M Littmann 3200 Electronic,84.0,0,0,3,0.5427833,0.37725922,0,0,adulto
ICB_03205_002,ICB_109,copd,3M Littmann 3200 Electronic,84.0,0,0,3,0.49023414,0.51617783,0,0,adulto
ICB_03205_003,ICB_109,copd,3M Littmann 3200 Electronic,84.0,0,0,3,0.45109287,0.5615253,0,0,adulto
ICB_03205_004,ICB_109,copd,3M Littmann 3200 Electronic,84.0,0,0,3,0.47393885,0.46968794,0,0,adulto
ICB_03205_005,ICB_109,copd,3M Littmann 3200 Electronic,84.0,0,0,3,0.5955636,0.21781991,0,0,adulto
ICB_03205_006,ICB_109,copd,3M Littmann 3200 Electronic,84.0,0,0,3,0.590087,0.5275235,0,0,adulto
ICB_03205_007,ICB_109,copd,3M Littmann 3200 Electronic,84.0,0,0,3,0.43697622,0.9881699,2,0,adulto
ICB_03205_008,ICB_109,copd,3M Littmann 3200 Electronic,84.0,0,0,3,0.38506094,0.91595477,2,0,adulto
ICB_03206_000,ICB_109,copd,3M Littmann 3200 Electronic,84.0,0,0,3,0.4498675,0.290414,0,0,adulto
ICB_03206_001,ICB_109,copd,3M Littmann 3200 Electronic,84.0,0,0,3,0.3857373,0.5531337,0,0,adulto
ICB_03206_002,ICB_109,copd,3M Littmann 3200 Electronic,84.0,0,0,3,0.53587323,0.29732695,0,0,adulto
ICB_03206_003,ICB_109,copd,3M Littmann 3200 Electronic,84.0,0,0,3,0.6706766,0.2945051,1,0,adulto
ICB_03206_004,ICB_109,copd,3M Littmann 3200 Electronic,84.0,0,0,3,0.6800778,0.3317439,1,0,adulto
ICB_03206_005,ICB_109,copd,3M Littmann 3200 Electronic,84.0,0,0,3,0.56314147,0.54396164,0,0,adulto
ICB_03206_006,ICB_109,copd,3M Littmann 3200 Electronic,84.0,0,0,3,0.42219183,0.7543411,0,0,adulto
ICB_03206_007,ICB_109,copd,3M Littmann 3200 Electronic,84.0,0,0,3,0.3796609,0.68675655,0,0,adulto
ICB_03206_008,ICB_109,copd,3M Littmann 3200 Electronic,84.0,0,0,3,0.404677,0.8873469,0,0,adulto
ICB_03206_009,ICB_109,copd,3M Littmann 3200 Electronic,84.0,0,0,3,0.36882192,0.8731314,0,0,adulto
ICB_03207_000,ICB_109,copd,3M Littmann 3200 Electronic,84.0,0,0,3,0.5508446,0.34768352,0,0,adulto
ICB_03207_001,ICB_109,copd,3M Littmann 3200 Electronic,84.0,1,0,3,0.60703385,0.3334283,1,1,adulto
ICB_03207_002,ICB_109,copd,3M Littmann 3200 Electronic,84.0,1,0,3,0.5583391,0.47604588,0,1,adulto
ICB_03207_003,ICB_109,copd,3M Littmann 3200 Electronic,84.0,1,0,3,0.6597494,0.29921854,1,1,adulto
ICB_03207_004,ICB_109,copd,3M Littmann 3200 Electronic,84.0,1,0,3,0.6346766,0.36438292,1,1,adulto
ICB_03207_005,ICB_109,copd,3M Littmann 3200 Electronic,84.0,1,0,3,0.6195431,0.37028578,1,1,adulto
ICB_03207_006,ICB_109,copd,3M Littmann 3200 Electronic,84.0,1,0,3,0.5781463,0.8159258,0,1,adulto
ICB_03207_007,ICB_109,copd,3M Littmann 3200 Electronic,84.0,1,0,3,0.5937494,0.7093094,0,1,adulto
ICB_03208_000,ICB_109,copd,3M Littmann 3200 Electronic,84.0,1,0,3,0.42789078,0.52290064,0,1,adulto
ICB_03208_001,ICB_109,copd,3M Littmann 3200 Electronic,84.0,1,0,3,0.53019476,0.44955006,0,1,adulto
ICB_03208_002,ICB_109,copd,3M Littmann 3200 Electronic,84.0,1,0,3,0.6793329,0.39921397,1,1,adulto
ICB_03208_003,ICB_109,copd,3M Littmann 3200 Electronic,84.0,1,0,3,0.541768,0.80725,0,1,adulto
ICB_03208_004,ICB_109,copd,3M Littmann 3200 Electronic,84.0,1,0,3,0.4794761,0.43753517,0,1,adulto
ICB_03208_005,ICB_109,copd,3M Littmann 3200 Electronic,84.0,1,0,3,0.47310278,0.9082983,2,1,adulto
ICB_03208_006,ICB_109,copd,3M Littmann 3200 Electronic,84.0,1,0,3,0.453913,0.90811414,2,1,adulto
ICB_03208_007,ICB_109,copd,3M Littmann 3200 Electronic,84.0,1,0,3,0.6408932,0.24057655,1,1,adulto
ICB_03209_000,ICB_109,copd,3M Littmann 3200 Electronic,84.0,0,0,3,0.46212858,0.3803677,0,0,adulto
ICB_03209_001,ICB_109,copd,3M Littmann 3200 Electronic,84.0,0,0,3,0.40427762,0.2712728,0,0,adulto
ICB_03209_002,ICB_109,copd,3M Littmann 3200 Electronic,84.0,0,0,3,0.5862845,0.18071498,0,0,adulto
ICB_03209_003,ICB_109,copd,3M Littmann 3200 Electronic,84.0,0,0,3,0.39247277,0.11008403,0,0,adulto
ICB_03209_004,ICB_109,copd,3M Littmann 3200 Electronic,84.0,0,0,3,0.44151577,0.6163069,0,0,adulto
ICB_03209_005,ICB_109,copd,3M Littmann 3200 Electronic,84.0,0,0,3,0.3200123,0.851505,0,0,adulto
ICB_03209_006,ICB_109,copd,3M Littmann 3200 Electronic,84.0,0,0,3,0.31227097,0.7007002,0,0,adulto
ICB_03209_007,ICB_109,copd,3M Littmann 3200 Electronic,84.0,0,0,3,0.34698942,0.71163976,0,0,adulto
ICB_03209_008,ICB_109,copd,3M Littmann 3200 Electronic,84.0,0,0,3,0.24941498,0.9008646,2,0,adulto
ICB_03210_000,ICB_109,copd,3M Littmann 3200 Electronic,84.0,0,0,3,0.2971888,0.55907243,0,0,adulto
ICB_03210_001,ICB_109,copd,3M Littmann 3200 Electronic,84.0,0,0,3,0.33080924,0.5914219,0,0,adulto
ICB_03210_002,ICB_109,copd,3M Littmann 3200 Electronic,84.0,0,0,3,0.3471975,0.49047926,0,0,adulto
ICB_03210_003,ICB_109,copd,3M Littmann 3200 Electronic,84.0,0,0,3,0.44480142,0.49180064,0,0,adulto
ICB_03210_004,ICB_109,copd,3M Littmann 3200 Electronic,84.0,0,0,3,0.2476207,0.51319104,0,0,adulto
ICB_03210_005,ICB_109,copd,3M Littmann 3200 Electronic,84.0,0,0,3,0.26860222,0.6788211,0,0,adulto
ICB_03210_006,ICB_109,copd,3M Littmann 3200 Electronic,84.0,0,0,3,0.42840865,0.7531108,0,0,adulto
ICB_03210_007,ICB_109,copd,3M Littmann 3200 Electronic,84.0,0,0,3,0.4223527,0.246492,0,0,adulto
ICB_03210_008,ICB_109,copd,3M Littmann 3200 Electronic,84.0,0,0,3,0.17433064,0.8471041,0,0,adulto
ICB_03210_009,ICB_109,copd,3M Littmann 3200 Electronic,84.0,0,0,3,0.23928848,0.8775519,0,0,adulto
ICB_03210_010,ICB_109,copd,3M Littmann 3200 Electronic,84.0,0,0,3,0.17944913,0.8116485,0,0,adulto
ICB_03210_011,ICB_109,copd,3M Littmann 3200 Electronic,84.0,0,0,3,0.19166836,0.869217,0,0,adulto
ICB_03210_012,ICB_109,copd,3M Littmann 3200 Electronic,84.0,0,0,3,0.19470717,0.871207,0,0,adulto
ICB_03210_013,ICB_109,copd,3M Littmann 3200 Electronic,84.0,0,0,3,0.28303003,0.85073054,0,0,adulto
ICB_03210_014,ICB_109,copd,3M Littmann 3200 Electronic,84.0,0,0,3,0.18503876,0.7486942,0,0,adulto
ICB_03210_015,ICB_109,copd,3M Littmann 3200 Electronic,84.0,0,0,3,0.30052614,0.6150771,0,0,adulto
ICB_03210_016,ICB_109,copd,3M Littmann 3200 Electronic,84.0,0,0,3,0.22141665,0.69393027,0,0,adulto
ICB_03218_000,ICB_112,copd,WelchAllyn Meditron Master Elite,60.0,0,0,3,0.7133754,0.10962623,1,0,adulto
ICB_03218_001,ICB_112,copd,WelchAllyn Meditron Master Elite,60.0,0,0,3,0.6870043,0.18229659,1,0,adulto
ICB_03218_002,ICB_112,copd,WelchAllyn Meditron Master Elite,60.0,0,0,3,0.23589778,0.11963664,0,0,adulto
ICB_03218_003,ICB_112,copd,WelchAllyn Meditron Master Elite,60.0,0,0,3,0.6332927,0.12158756,1,0,adulto
ICB_03218_004,ICB_112,copd,WelchAllyn Meditron Master Elite,60.0,0,0,3,0.6318345,0.23057835,1,0,adulto
ICB_03218_005,ICB_112,copd,WelchAllyn Meditron Master Elite,60.0,0,0,3,0.58423144,0.17632186,0,0,adulto
ICB_03218_006,ICB_112,copd,WelchAllyn Meditron Master Elite,60.0,0,0,3,0.48628327,0.22266085,0,0,adulto
ICB_03218_007,ICB_112,copd,WelchAllyn Meditron Master Elite,60.0,0,0,3,0.5930583,0.22284697,0,0,adulto
ICB_03218_008,ICB_112,copd,WelchAllyn Meditron Master Elite,60.0,1,0,3,0.5506994,0.26049635,0,1,adulto
ICB_03218_009,ICB_112,copd,WelchAllyn Meditron Master Elite,60.0,0,0,3,0.7710346,0.05442082,1,0,adulto
ICB_03218_010,ICB_112,copd,WelchAllyn Meditron Master Elite,60.0,0,0,3,0.6551969,0.17375207,1,0,adulto
ICB_03218_011,ICB_112,copd,WelchAllyn Meditron Master Elite,60.0,0,0,3,0.37801436,0.17224821,0,0,adulto
ICB_03218_012,ICB_112,copd,WelchAllyn Meditron Master Elite,60.0,0,0,3,0.4148635,0.27670974,0,0,adulto
ICB_03218_013,ICB_112,copd,WelchAllyn Meditron Master Elite,60.0,0,0,3,0.41489896,0.20822704,0,0,adulto
ICB_03218_014,ICB_112,copd,WelchAllyn Meditron Master Elite,60.0,0,0,3,0.52059364,0.33537346,0,0,adulto
ICB_03218_015,ICB_112,copd,WelchAllyn Meditron Master Elite,60.0,0,0,3,0.48842674,0.2678392,0,0,adulto
ICB_03218_016,ICB_112,copd,WelchAllyn Meditron Master Elite,60.0,0,0,3,0.6462844,0.21296732,1,0,adulto
ICB_03219_000,ICB_112,copd,WelchAllyn Meditron Master Elite,60.0,1,1,3,0.2784746,0.3920106,0,3,adulto
ICB_03219_001,ICB_112,copd,WelchAllyn Meditron Master Elite,60.0,1,0,3,0.4138391,0.3666307,0,1,adulto
ICB_03219_002,ICB_112,copd,WelchAllyn Meditron Master Elite,60.0,1,1,3,0.35948265,0.5614648,0,3,adulto
ICB_03219_003,ICB_112,copd,WelchAllyn Meditron Master Elite,60.0,1,0,3,0.45582506,0.36056668,0,1,adulto
ICB_03219_004,ICB_112,copd,WelchAllyn Meditron Master Elite,60.0,1,0,3,0.3887604,0.34928876,0,1,adulto
ICB_03219_005,ICB_112,copd,WelchAllyn Meditron Master Elite,60.0,0,0,3,0.35674766,0.37041146,0,0,adulto
ICB_03219_006,ICB_112,copd,WelchAllyn Meditron Master Elite,60.0,0,1,3,0.40296873,0.37865898,0,2,adulto
ICB_03219_007,ICB_112,copd,WelchAllyn Meditron Master Elite,60.0,0,1,3,0.29023564,0.4289228,0,2,adulto
ICB_03219_008,ICB_112,copd,WelchAllyn Meditron Master Elite,60.0,0,1,3,0.44008088,0.6856555,0,2,adulto
ICB_03219_009,ICB_112,copd,WelchAllyn Meditron Master Elite,60.0,0,1,3,0.35827616,0.67285013,0,2,adulto
ICB_03219_010,ICB_112,copd,WelchAllyn Meditron Master Elite,60.0,0,1,3,0.36273783,0.7117805,0,2,adulto
ICB_03219_011,ICB_112,copd,WelchAllyn Meditron Master Elite,60.0,0,1,3,0.3949253,0.6423152,0,2,adulto
ICB_03220_000,ICB_112,copd,3M Littmann 3200 Electronic,60.0,0,0,3,0.3935811,0.6662601,0,0,adulto
ICB_03220_001,ICB_112,copd,3M Littmann 3200 Electronic,60.0,0,0,3,0.39855745,0.13078842,0,0,adulto
ICB_03220_002,ICB_112,copd,3M Littmann 3200 Electronic,60.0,0,0,3,0.29971927,0.49782333,0,0,adulto
ICB_03220_003,ICB_112,copd,3M Littmann 3200 Electronic,60.0,0,1,3,0.4386856,0.75383675,0,2,adulto
ICB_03220_004,ICB_112,copd,3M Littmann 3200 Electronic,60.0,0,1,3,0.4800038,0.22844096,0,2,adulto
ICB_03220_005,ICB_112,copd,3M Littmann 3200 Electronic,60.0,0,1,3,0.4016261,0.35250652,0,2,adulto
ICB_03220_006,ICB_112,copd,3M Littmann 3200 Electronic,60.0,0,0,3,0.44796017,0.26251754,0,0,adulto
ICB_03220_007,ICB_112,copd,3M Littmann 3200 Electronic,60.0,0,1,3,0.44259828,0.61998343,0,2,adulto
ICB_03220_008,ICB_112,copd,3M Littmann 3200 Electronic,60.0,0,1,3,0.5677985,0.38705072,0,2,adulto
ICB_03220_009,ICB_112,copd,3M Littmann 3200 Electronic,60.0,0,0,3,0.37605056,0.20102355,0,0,adulto
ICB_03221_000,ICB_112,copd,3M Littmann 3200 Electronic,60.0,1,0,3,0.5009156,0.25889784,0,1,adulto
ICB_03221_001,ICB_112,copd,3M Littmann 3200 Electronic,60.0,0,0,3,0.45866847,0.57457376,0,0,adulto
ICB_03221_002,ICB_112,copd,3M Littmann 3200 Electronic,60.0,1,1,3,0.4288027,0.6639658,0,3,adulto
ICB_03221_003,ICB_112,copd,3M Littmann 3200 Electronic,60.0,1,1,3,0.4208831,0.9000554,2,3,adulto
ICB_03221_004,ICB_112,copd,3M Littmann 3200 Electronic,60.0,1,1,3,0.55263764,0.7786219,0,3,adulto
ICB_03221_005,ICB_112,copd,3M Littmann 3200 Electronic,60.0,1,1,3,0.5479405,0.8218073,0,3,adulto
ICB_03221_006,ICB_112,copd,3M Littmann 3200 Electronic,60.0,0,1,3,0.42104122,0.87733454,0,2,adulto
ICB_03221_007,ICB_112,copd,3M Littmann 3200 Electronic,60.0,0,1,3,0.40532625,0.8956658,0,2,adulto
ICB_03221_008,ICB_112,copd,3M Littmann 3200 Electronic,60.0,0,1,3,0.4426976,0.8839545,0,2,adulto
ICB_03222_000,ICB_112,copd,3M Littmann 3200 Electronic,60.0,0,0,3,0.2986965,0.50435776,0,0,adulto
ICB_03222_001,ICB_112,copd,3M Littmann 3200 Electronic,60.0,0,1,3,0.4841608,0.43482944,0,2,adulto
ICB_03222_002,ICB_112,copd,3M Littmann 3200 Electronic,60.0,0,1,3,0.47006252,0.5419486,0,2,adulto
ICB_03222_003,ICB_112,copd,3M Littmann 3200 Electronic,60.0,0,1,3,0.53198665,0.38410592,0,2,adulto
ICB_03222_004,ICB_112,copd,3M Littmann 3200 Electronic,60.0,0,1,3,0.4422262,0.3733486,0,2,adulto
ICB_03222_005,ICB_112,copd,3M Littmann 3200 Electronic,60.0,0,1,3,0.42098555,0.64440024,0,2,adulto
ICB_03222_006,ICB_112,copd,3M Littmann 3200 Electronic,60.0,0,1,3,0.40332115,0.49193868,0,2,adulto
ICB_03222_007,ICB_112,copd,3M Littmann 3200 Electronic,60.0,0,1,3,0.43749318,0.5762309,0,2,adulto
ICB_03222_008,ICB_112,copd,3M Littmann 3200 Electronic,60.0,0,1,3,0.42585003,0.5462521,0,2,adulto
ICB_03262_000,ICB_123,normal_lung,AKG C417L Microphone,5.0,0,0,3,0.599656,0.088515475,0,0,pediátrico (<18)
ICB_03262_001,ICB_123,normal_lung,AKG C417L Microphone,5.0,0,0,3,0.5683497,0.09371718,0,0,pediátrico (<18)
ICB_03262_002,ICB_123,normal_lung,AKG C417L Microphone,5.0,0,0,3,0.5620252,0.22192697,0,0,pediátrico (<18)
ICB_03262_003,ICB_123,normal_lung,AKG C417L Microphone,5.0,0,0,3,0.63539565,0.15894769,1,0,pediátrico (<18)
ICB_03262_004,ICB_123,normal_lung,AKG C417L Microphone,5.0,0,0,3,0.480038,0.095347635,0,0,pediátrico (<18)
ICB_03262_005,ICB_123,normal_lung,AKG C417L Microphone,5.0,0,0,3,0.69186956,0.06650952,1,0,pediátrico (<18)
ICB_03262_006,ICB_123,normal_lung,AKG C417L Microphone,5.0,0,0,3,0.41607964,0.050658174,0,0,pediátrico (<18)
ICB_03262_007,ICB_123,normal_lung,AKG C417L Microphone,5.0,0,0,3,0.46341982,0.20807832,0,0,pediátrico (<18)
ICB_03263_000,ICB_124,copd,3M Littmann 3200 Electronic,65.0,1,1,3,0.44089562,0.56978846,0,3,adulto
ICB_03263_001,ICB_124,copd,3M Littmann 3200 Electronic,65.0,0,1,3,0.3141667,0.44211674,0,2,adulto
ICB_03263_002,ICB_124,copd,3M Littmann 3200 Electronic,65.0,0,1,3,0.3291287,0.4289099,0,2,adulto
ICB_03263_003,ICB_124,copd,3M Littmann 3200 Electronic,65.0,0,1,3,0.35777563,0.5537899,0,2,adulto
ICB_03263_004,ICB_124,copd,3M Littmann 3200 Electronic,65.0,0,1,3,0.29664308,0.50078076,0,2,adulto
ICB_03263_005,ICB_124,copd,3M Littmann 3200 Electronic,65.0,0,1,3,0.23576912,0.66659665,0,2,adulto
ICB_03263_006,ICB_124,copd,3M Littmann 3200 Electronic,65.0,0,1,3,0.30118737,0.50123173,0,2,adulto
ICB_03263_007,ICB_124,copd,3M Littmann 3200 Electronic,65.0,0,0,3,0.2152759,0.8943235,0,0,adulto
ICB_03264_000,ICB_124,copd,3M Littmann 3200 Electronic,65.0,0,1,3,0.3539251,0.74494165,0,2,adulto
ICB_03264_001,ICB_124,copd,3M Littmann 3200 Electronic,65.0,0,1,3,0.3057731,0.6435144,0,2,adulto
ICB_03264_002,ICB_124,copd,3M Littmann 3200 Electronic,65.0,0,1,3,0.26849562,0.79535383,0,2,adulto
ICB_03264_003,ICB_124,copd,3M Littmann 3200 Electronic,65.0,0,1,3,0.3490209,0.65905744,0,2,adulto
ICB_03264_004,ICB_124,copd,3M Littmann 3200 Electronic,65.0,0,1,3,0.24644265,0.6659689,0,2,adulto
ICB_03264_005,ICB_124,copd,3M Littmann 3200 Electronic,65.0,0,1,3,0.33491024,0.6419334,0,2,adulto
ICB_03264_006,ICB_124,copd,3M Littmann 3200 Electronic,65.0,0,0,3,0.12128229,0.86208785,0,0,adulto
ICB_03265_000,ICB_124,copd,3M Littmann 3200 Electronic,65.0,0,0,3,0.48911324,0.45673323,0,0,adulto
ICB_03265_001,ICB_124,copd,3M Littmann 3200 Electronic,65.0,0,0,3,0.49690306,0.34917057,0,0,adulto
ICB_03265_002,ICB_124,copd,3M Littmann 3200 Electronic,65.0,0,0,3,0.40140373,0.6463982,0,0,adulto
ICB_03265_003,ICB_124,copd,3M Littmann 3200 Electronic,65.0,0,0,3,0.32520142,0.52262217,0,0,adulto
ICB_03265_004,ICB_124,copd,3M Littmann 3200 Electronic,65.0,0,0,3,0.30020666,0.6761256,0,0,adulto
ICB_03265_005,ICB_124,copd,3M Littmann 3200 Electronic,65.0,0,0,3,0.35299224,0.4793088,0,0,adulto
ICB_03265_006,ICB_124,copd,3M Littmann 3200 Electronic,65.0,0,0,3,0.4059997,0.34542298,0,0,adulto
ICB_03265_007,ICB_124,copd,3M Littmann 3200 Electronic,65.0,0,0,3,0.26983172,0.95481086,2,0,adulto
ICB_03265_008,ICB_124,copd,3M Littmann 3200 Electronic,65.0,0,0,3,0.51019794,0.9407548,2,0,adulto
ICB_03265_009,ICB_124,copd,3M Littmann 3200 Electronic,65.0,0,0,3,0.6300101,0.48022342,1,0,adulto
ICB_03266_000,ICB_124,copd,3M Littmann 3200 Electronic,65.0,0,0,3,0.5271699,0.5599349,0,0,adulto
ICB_03266_001,ICB_124,copd,3M Littmann 3200 Electronic,65.0,0,0,3,0.3401865,0.5232293,0,0,adulto
ICB_03266_002,ICB_124,copd,3M Littmann 3200 Electronic,65.0,0,0,3,0.32664186,0.69711065,0,0,adulto
ICB_03266_003,ICB_124,copd,3M Littmann 3200 Electronic,65.0,0,0,3,0.37004942,0.7584203,0,0,adulto
ICB_03266_004,ICB_124,copd,3M Littmann 3200 Electronic,65.0,0,0,3,0.3937301,0.67620647,0,0,adulto
ICB_03266_005,ICB_124,copd,3M Littmann 3200 Electronic,65.0,0,0,3,0.48112872,0.76949245,0,0,adulto
ICB_03266_006,ICB_124,copd,3M Littmann 3200 Electronic,65.0,0,0,3,0.5437693,0.41197598,0,0,adulto
ICB_03266_007,ICB_124,copd,3M Littmann 3200 Electronic,65.0,0,0,3,0.3728432,0.96429425,2,0,adulto
ICB_03266_008,ICB_124,copd,3M Littmann 3200 Electronic,65.0,0,0,3,0.62231517,0.7270077,1,0,adulto
ICB_03266_009,ICB_124,copd,3M Littmann 3200 Electronic,65.0,0,0,3,0.5003207,0.80392057,0,0,adulto
ICB_03267_000,ICB_124,copd,3M Littmann 3200 Electronic,65.0,0,0,3,0.44057602,0.099586666,0,0,adulto
ICB_03267_001,ICB_124,copd,3M Littmann 3200 Electronic,65.0,1,1,3,0.31754684,0.44332856,0,3,adulto
ICB_03267_002,ICB_124,copd,3M Littmann 3200 Electronic,65.0,0,0,3,0.25296298,0.48087624,0,0,adulto
ICB_03267_003,ICB_124,copd,3M Littmann 3200 Electronic,65.0,0,0,3,0.25376007,0.6073953,0,0,adulto
ICB_03267_004,ICB_124,copd,3M Littmann 3200 Electronic,65.0,0,1,3,0.2720569,0.48871538,0,2,adulto
ICB_03267_005,ICB_124,copd,3M Littmann 3200 Electronic,65.0,0,0,3,0.29167992,0.4839392,0,0,adulto
ICB_03267_006,ICB_124,copd,3M Littmann 3200 Electronic,65.0,0,0,3,0.23471981,0.78295845,0,0,adulto
ICB_03268_000,ICB_124,copd,3M Littmann 3200 Electronic,65.0,0,0,3,0.3621386,0.67913365,0,0,adulto
ICB_03268_001,ICB_124,copd,3M Littmann 3200 Electronic,65.0,0,0,3,0.53266937,0.314298,0,0,adulto
ICB_03268_002,ICB_124,copd,3M Littmann 3200 Electronic,65.0,0,0,3,0.563396,0.39175525,0,0,adulto
ICB_03268_003,ICB_124,copd,3M Littmann 3200 Electronic,65.0,0,0,3,0.5377195,0.33888668,0,0,adulto
ICB_03268_004,ICB_124,copd,3M Littmann 3200 Electronic,65.0,0,0,3,0.5005158,0.29290304,0,0,adulto
ICB_03268_005,ICB_124,copd,3M Littmann 3200 Electronic,65.0,0,0,3,0.30531377,0.86712086,0,0,adulto
ICB_03274_000,ICB_130,copd,AKG C417L Microphone,85.0,0,0,3,0.5879138,0.17693248,0,0,adulto
ICB_03274_001,ICB_130,copd,AKG C417L Microphone,85.0,0,0,3,0.5941552,0.23504786,0,0,adulto
ICB_03274_002,ICB_130,copd,AKG C417L Microphone,85.0,1,1,3,0.62155855,0.8266405,1,3,adulto
ICB_03274_003,ICB_130,copd,AKG C417L Microphone,85.0,1,0,3,0.6468385,0.26067048,1,1,adulto
ICB_03274_004,ICB_130,copd,AKG C417L Microphone,85.0,1,1,3,0.6156499,0.8594759,1,3,adulto
ICB_03274_005,ICB_130,copd,AKG C417L Microphone,85.0,0,0,3,0.6603956,0.5111684,1,0,adulto
ICB_03274_006,ICB_130,copd,AKG C417L Microphone,85.0,0,1,3,0.6109148,0.41227138,1,2,adulto
ICB_03275_000,ICB_130,copd,AKG C417L Microphone,85.0,1,0,3,0.5385355,0.09694454,0,1,adulto
ICB_03275_001,ICB_130,copd,AKG C417L Microphone,85.0,1,0,3,0.75450826,0.23902047,1,1,adulto
ICB_03275_002,ICB_130,copd,AKG C417L Microphone,85.0,1,1,3,0.7093893,0.77517277,1,3,adulto
ICB_03275_003,ICB_130,copd,AKG C417L Microphone,85.0,1,0,3,0.62347555,0.28106996,1,1,adulto
ICB_03275_004,ICB_130,copd,AKG C417L Microphone,85.0,1,1,3,0.6122554,0.8455184,1,3,adulto
ICB_03275_005,ICB_130,copd,AKG C417L Microphone,85.0,1,1,3,0.5920315,0.89398277,0,3,adulto
ICB_03275_006,ICB_130,copd,AKG C417L Microphone,85.0,1,1,3,0.58927226,0.8905628,0,3,adulto
ICB_03276_000,ICB_130,copd,AKG C417L Microphone,85.0,1,1,3,0.3615338,0.14260568,0,3,adulto
ICB_03276_001,ICB_130,copd,AKG C417L Microphone,85.0,1,1,3,0.6035706,0.24024457,1,3,adulto
ICB_03276_002,ICB_130,copd,AKG C417L Microphone,85.0,1,1,3,0.6017664,0.70818305,1,3,adulto
ICB_03276_003,ICB_130,copd,AKG C417L Microphone,85.0,1,1,3,0.5348909,0.30033305,0,3,adulto
ICB_03276_004,ICB_130,copd,AKG C417L Microphone,85.0,1,1,3,0.5494651,0.8055177,0,3,adulto
ICB_03276_005,ICB_130,copd,AKG C417L Microphone,85.0,1,1,3,0.61435205,0.26631582,1,3,adulto
ICB_03276_006,ICB_130,copd,AKG C417L Microphone,85.0,1,1,3,0.5785013,0.41214985,0,3,adulto
ICB_03277_000,ICB_130,copd,AKG C417L Microphone,85.0,1,0,3,0.5934803,0.1832397,0,1,adulto
ICB_03277_001,ICB_130,copd,AKG C417L Microphone,85.0,1,0,3,0.5679795,0.19090754,0,1,adulto
ICB_03277_002,ICB_130,copd,AKG C417L Microphone,85.0,1,0,3,0.6451433,0.4608446,1,1,adulto
ICB_03277_003,ICB_130,copd,AKG C417L Microphone,85.0,1,0,3,0.6951191,0.1958939,1,1,adulto
ICB_03277_004,ICB_130,copd,AKG C417L Microphone,85.0,1,1,3,0.76340497,0.475401,1,3,adulto
ICB_03277_005,ICB_130,copd,AKG C417L Microphone,85.0,1,1,3,0.67672557,0.24446394,1,3,adulto
ICB_03277_006,ICB_130,copd,AKG C417L Microphone,85.0,1,1,3,0.54308647,0.59222996,0,3,adulto
ICB_03278_000,ICB_130,copd,AKG C417L Microphone,85.0,1,0,3,0.6303407,0.13622339,1,1,adulto
ICB_03278_001,ICB_130,copd,AKG C417L Microphone,85.0,1,0,3,0.71830386,0.13430215,1,1,adulto
ICB_03278_002,ICB_130,copd,AKG C417L Microphone,85.0,1,1,3,0.694297,0.470224,1,3,adulto
ICB_03278_003,ICB_130,copd,AKG C417L Microphone,85.0,1,0,3,0.5263155,0.111253306,0,1,adulto
ICB_03278_004,ICB_130,copd,AKG C417L Microphone,85.0,1,1,3,0.6578872,0.58925706,1,3,adulto
ICB_03278_005,ICB_130,copd,AKG C417L Microphone,85.0,1,1,3,0.5611259,0.36722678,0,3,adulto
ICB_03278_006,ICB_130,copd,AKG C417L Microphone,85.0,1,1,3,0.639719,0.24284865,1,3,adulto
ICB_03279_000,ICB_130,copd,AKG C417L Microphone,85.0,0,0,3,0.69864684,0.27904904,1,0,adulto
ICB_03279_001,ICB_130,copd,AKG C417L Microphone,85.0,1,0,3,0.63125914,0.23274119,1,1,adulto
ICB_03279_002,ICB_130,copd,AKG C417L Microphone,85.0,1,1,3,0.6926537,0.5399666,1,3,adulto
ICB_03279_003,ICB_130,copd,AKG C417L Microphone,85.0,1,0,3,0.6724653,0.25549266,1,1,adulto
ICB_03279_004,ICB_130,copd,AKG C417L Microphone,85.0,1,1,3,0.6053333,0.71357745,1,3,adulto
ICB_03279_005,ICB_130,copd,AKG C417L Microphone,85.0,1,1,3,0.6409326,0.1765389,1,3,adulto
ICB_03279_006,ICB_130,copd,AKG C417L Microphone,85.0,0,0,3,0.63356155,0.2025371,1,0,adulto
ICB_03280_000,ICB_130,copd,AKG C417L Microphone,85.0,1,0,3,0.2850274,0.042065326,0,1,adulto
ICB_03280_001,ICB_130,copd,AKG C417L Microphone,85.0,1,0,3,0.7137209,0.06420049,1,1,adulto
ICB_03280_002,ICB_130,copd,AKG C417L Microphone,85.0,1,1,3,0.43547007,0.9232939,2,3,adulto
ICB_03280_003,ICB_130,copd,AKG C417L Microphone,85.0,1,0,3,0.40148768,0.06950104,0,1,adulto
ICB_03280_004,ICB_130,copd,AKG C417L Microphone,85.0,1,1,3,0.19025266,0.70609313,0,3,adulto
ICB_03280_005,ICB_130,copd,AKG C417L Microphone,85.0,1,1,3,0.29463527,0.80299217,0,3,adulto
ICB_03280_006,ICB_130,copd,AKG C417L Microphone,85.0,1,1,3,0.1384674,0.70658785,0,3,adulto
ICB_03281_000,ICB_130,copd,AKG C417L Microphone,85.0,1,1,3,0.58319104,0.7417756,0,3,adulto
ICB_03281_001,ICB_130,copd,AKG C417L Microphone,85.0,1,1,3,0.5541852,0.789177,0,3,adulto
ICB_03281_002,ICB_130,copd,AKG C417L Microphone,85.0,1,1,3,0.5720473,0.8183482,0,3,adulto
ICB_03281_003,ICB_130,copd,AKG C417L Microphone,85.0,1,1,3,0.5965459,0.7751391,0,3,adulto
ICB_03281_004,ICB_130,copd,AKG C417L Microphone,85.0,1,1,3,0.70243526,0.7343735,1,3,adulto
ICB_03281_005,ICB_130,copd,AKG C417L Microphone,85.0,0,0,3,0.6031199,0.22412433,1,0,adulto
ICB_03282_000,ICB_130,copd,AKG C417L Microphone,85.0,0,1,3,0.571323,0.59380615,0,2,adulto
ICB_03282_001,ICB_130,copd,AKG C417L Microphone,85.0,1,1,3,0.55604726,0.5408583,0,3,adulto
ICB_03282_002,ICB_130,copd,AKG C417L Microphone,85.0,1,1,3,0.7270063,0.81243443,1,3,adulto
ICB_03282_003,ICB_130,copd,AKG C417L Microphone,85.0,0,1,3,0.59144425,0.5969971,0,2,adulto
ICB_03282_004,ICB_130,copd,AKG C417L Microphone,85.0,1,1,3,0.6222317,0.7376938,1,3,adulto
ICB_03282_005,ICB_130,copd,AKG C417L Microphone,85.0,1,0,3,0.60777456,0.30984625,1,1,adulto
ICB_03283_000,ICB_130,copd,AKG C417L Microphone,85.0,0,1,3,0.601631,0.687488,1,2,adulto
ICB_03283_001,ICB_130,copd,AKG C417L Microphone,85.0,0,1,3,0.518741,0.89286757,0,2,adulto
ICB_03283_002,ICB_130,copd,AKG C417L Microphone,85.0,1,1,3,0.5382986,0.87495553,0,3,adulto
ICB_03283_003,ICB_130,copd,AKG C417L Microphone,85.0,0,1,3,0.56210095,0.8556896,0,2,adulto
ICB_03283_004,ICB_130,copd,AKG C417L Microphone,85.0,0,1,3,0.56240976,0.8039887,0,2,adulto
ICB_03283_005,ICB_130,copd,AKG C417L Microphone,85.0,0,0,3,0.59923995,0.21279183,0,0,adulto
ICB_03284_000,ICB_130,copd,AKG C417L Microphone,85.0,0,1,3,0.48055816,0.22043537,0,2,adulto
ICB_03284_001,ICB_130,copd,AKG C417L Microphone,85.0,0,0,3,0.3996633,0.14150022,0,0,adulto
ICB_03284_002,ICB_130,copd,AKG C417L Microphone,85.0,0,1,3,0.4027591,0.15506876,0,2,adulto
ICB_03284_003,ICB_130,copd,AKG C417L Microphone,85.0,0,0,3,0.4910359,0.15979767,0,0,adulto
ICB_03284_004,ICB_130,copd,AKG C417L Microphone,85.0,0,1,3,0.37676236,0.12583493,0,2,adulto
ICB_03284_005,ICB_130,copd,AKG C417L Microphone,85.0,0,0,3,0.41592333,0.123155646,0,0,adulto
ICB_03285_000,ICB_130,copd,AKG C417L Microphone,85.0,0,1,3,0.42238346,0.29791856,0,2,adulto
ICB_03285_001,ICB_130,copd,AKG C417L Microphone,85.0,0,1,3,0.49498874,0.3781723,0,2,adulto
ICB_03285_002,ICB_130,copd,AKG C417L Microphone,85.0,0,1,3,0.49426305,0.53700566,0,2,adulto
ICB_03285_003,ICB_130,copd,AKG C417L Microphone,85.0,0,1,3,0.5307195,0.41415477,0,2,adulto
ICB_03285_004,ICB_130,copd,AKG C417L Microphone,85.0,0,1,3,0.4338888,0.21286003,0,2,adulto
ICB_03285_005,ICB_130,copd,AKG C417L Microphone,85.0,0,0,3,0.44787803,0.0832585,0,0,adulto
ICB_03286_000,ICB_130,copd,AKG C417L Microphone,85.0,0,1,3,0.44339174,0.18288983,0,2,adulto
ICB_03286_001,ICB_130,copd,AKG C417L Microphone,85.0,0,0,3,0.51504064,0.1653079,0,0,adulto
ICB_03286_002,ICB_130,copd,AKG C417L Microphone,85.0,0,1,3,0.4773543,0.16272296,0,2,adulto
ICB_03286_003,ICB_130,copd,AKG C417L Microphone,85.0,0,0,3,0.5808466,0.17712457,0,0,adulto
ICB_03286_004,ICB_130,copd,AKG C417L Microphone,85.0,0,0,3,0.47295222,0.08586358,0,0,adulto
ICB_03286_005,ICB_130,copd,AKG C417L Microphone,85.0,0,0,3,0.5835599,0.12520865,0,0,adulto
ICB_03287_000,ICB_130,copd,AKG C417L Microphone,85.0,0,1,3,0.11881671,0.63595116,0,2,adulto
ICB_03287_001,ICB_130,copd,AKG C417L Microphone,85.0,0,1,3,0.14145327,0.6214434,0,2,adulto
ICB_03287_002,ICB_130,copd,AKG C417L Microphone,85.0,0,1,3,0.15333764,0.9242083,2,2,adulto
ICB_03287_003,ICB_130,copd,AKG C417L Microphone,85.0,0,1,3,0.1679909,0.6793563,0,2,adulto
ICB_03287_004,ICB_130,copd,AKG C417L Microphone,85.0,0,1,3,0.160343,0.92853117,2,2,adulto
ICB_03287_005,ICB_130,copd,AKG C417L Microphone,85.0,0,0,3,0.44802946,0.17195557,0,0,adulto
ICB_03288_000,ICB_130,copd,AKG C417L Microphone,85.0,0,1,3,0.5370044,0.7438965,0,2,adulto
ICB_03288_001,ICB_130,copd,AKG C417L Microphone,85.0,0,1,3,0.72622275,0.5695291,1,2,adulto
ICB_03288_002,ICB_130,copd,AKG C417L Microphone,85.0,0,1,3,0.4881874,0.82219964,0,2,adulto
ICB_03288_003,ICB_130,copd,AKG C417L Microphone,85.0,0,1,3,0.55528015,0.6474091,0,2,adulto
ICB_03288_004,ICB_130,copd,AKG C417L Microphone,85.0,0,1,3,0.46718118,0.7413653,0,2,adulto
ICB_03288_005,ICB_130,copd,AKG C417L Microphone,85.0,0,1,3,0.5801551,0.38912994,0,2,adulto
ICB_03288_006,ICB_130,copd,AKG C417L Microphone,85.0,0,1,3,0.47087774,0.45616055,0,2,adulto
ICB_03289_000,ICB_130,copd,AKG C417L Microphone,85.0,0,1,3,0.5683814,0.7373911,0,2,adulto
ICB_03289_001,ICB_130,copd,AKG C417L Microphone,85.0,0,1,3,0.6063402,0.6762805,1,2,adulto
ICB_03289_002,ICB_130,copd,AKG C417L Microphone,85.0,0,1,3,0.5221095,0.8313863,0,2,adulto
ICB_03289_003,ICB_130,copd,AKG C417L Microphone,85.0,0,1,3,0.5410621,0.6862856,0,2,adulto
ICB_03289_004,ICB_130,copd,AKG C417L Microphone,85.0,0,0,3,0.45977288,0.82350844,0,0,adulto
ICB_03289_005,ICB_130,copd,AKG C417L Microphone,85.0,0,1,3,0.46849808,0.5524066,0,2,adulto
ICB_03289_006,ICB_130,copd,AKG C417L Microphone,85.0,0,0,3,0.47276646,0.56157047,0,0,adulto
ICB_03290_000,ICB_130,copd,AKG C417L Microphone,85.0,0,1,3,0.5559885,0.69072926,0,2,adulto
ICB_03290_001,ICB_130,copd,AKG C417L Microphone,85.0,0,1,3,0.60613906,0.6795778,1,2,adulto
ICB_03290_002,ICB_130,copd,AKG C417L Microphone,85.0,0,1,3,0.4950189,0.83319783,0,2,adulto
ICB_03290_003,ICB_130,copd,AKG C417L Microphone,85.0,0,1,3,0.5361263,0.68915224,0,2,adulto
ICB_03290_004,ICB_130,copd,AKG C417L Microphone,85.0,0,1,3,0.4945369,0.8169603,0,2,adulto
ICB_03290_005,ICB_130,copd,AKG C417L Microphone,85.0,0,1,3,0.53624785,0.36714658,0,2,adulto
ICB_03290_006,ICB_130,copd,AKG C417L Microphone,85.0,0,1,3,0.52999085,0.7531216,0,2,adulto
ICB_03291_000,ICB_130,copd,AKG C417L Microphone,85.0,0,0,3,0.5795146,0.16596302,0,0,adulto
ICB_03291_001,ICB_130,copd,AKG C417L Microphone,85.0,0,1,3,0.5821585,0.42561975,0,2,adulto
ICB_03291_002,ICB_130,copd,AKG C417L Microphone,85.0,0,1,3,0.6227167,0.7094191,1,2,adulto
ICB_03291_003,ICB_130,copd,AKG C417L Microphone,85.0,0,1,3,0.6131787,0.42881674,1,2,adulto
ICB_03291_004,ICB_130,copd,AKG C417L Microphone,85.0,0,1,3,0.59783584,0.36420602,0,2,adulto
ICB_03291_005,ICB_130,copd,AKG C417L Microphone,85.0,0,1,3,0.63539416,0.3337787,1,2,adulto
ICB_03291_006,ICB_130,copd,AKG C417L Microphone,85.0,0,0,3,0.5977694,0.3882253,0,0,adulto
ICB_03292_000,ICB_130,copd,AKG C417L Microphone,85.0,0,1,3,0.4911062,0.42317072,0,2,adulto
ICB_03292_001,ICB_130,copd,AKG C417L Microphone,85.0,0,1,3,0.57875067,0.56035924,0,2,adulto
ICB_03292_002,ICB_130,copd,AKG C417L Microphone,85.0,0,1,3,0.5183795,0.5738385,0,2,adulto
ICB_03292_003,ICB_130,copd,AKG C417L Microphone,85.0,0,1,3,0.60826,0.35389504,1,2,adulto
ICB_03292_004,ICB_130,copd,AKG C417L Microphone,85.0,0,1,3,0.5182753,0.3165843,0,2,adulto
ICB_03292_005,ICB_130,copd,AKG C417L Microphone,85.0,0,0,3,0.5369023,0.29766163,0,0,adulto
ICB_03292_006,ICB_130,copd,AKG C417L Microphone,85.0,0,1,3,0.55244154,0.23890112,0,2,adulto
ICB_03293_000,ICB_130,copd,AKG C417L Microphone,85.0,0,0,3,0.37834248,0.11226786,0,0,adulto
ICB_03293_001,ICB_130,copd,AKG C417L Microphone,85.0,0,0,3,0.6180947,0.18341422,1,0,adulto
ICB_03293_002,ICB_130,copd,AKG C417L Microphone,85.0,0,0,3,0.49770376,0.16478974,0,0,adulto
ICB_03293_003,ICB_130,copd,AKG C417L Microphone,85.0,0,0,3,0.5173647,0.1526269,0,0,adulto
ICB_03293_004,ICB_130,copd,AKG C417L Microphone,85.0,0,0,3,0.6781458,0.11194674,1,0,adulto
ICB_03293_005,ICB_130,copd,AKG C417L Microphone,85.0,0,0,3,0.5361784,0.18107116,0,0,adulto
ICB_03293_006,ICB_130,copd,AKG C417L Microphone,85.0,0,0,3,0.64359784,0.13700521,1,0,adulto
ICB_03294_000,ICB_130,copd,AKG C417L Microphone,85.0,0,1,3,0.043331914,0.85667396,0,2,adulto
ICB_03294_001,ICB_130,copd,AKG C417L Microphone,85.0,0,1,3,0.073607504,0.49730286,0,2,adulto
ICB_03294_002,ICB_130,copd,AKG C417L Microphone,85.0,0,1,3,0.076282784,0.6728513,0,2,adulto
ICB_03294_003,ICB_130,copd,AKG C417L Microphone,85.0,0,1,3,0.083782144,0.4682142,0,2,adulto
ICB_03294_004,ICB_130,copd,AKG C417L Microphone,85.0,0,1,3,0.09526912,0.7663093,0,2,adulto
ICB_03294_005,ICB_130,copd,AKG C417L Microphone,85.0,0,1,3,0.09348517,0.21910444,0,2,adulto
ICB_03294_006,ICB_130,copd,AKG C417L Microphone,85.0,0,0,3,0.09440473,0.64564836,0,0,adulto
ICB_03294_007,ICB_130,copd,AKG C417L Microphone,85.0,0,1,3,0.30897152,0.3323672,0,2,adulto
ICB_03295_000,ICB_130,copd,AKG C417L Microphone,85.0,1,0,3,0.78792447,0.2349518,1,1,adulto
ICB_03295_001,ICB_130,copd,AKG C417L Microphone,85.0,1,0,3,0.6021589,0.26202017,1,1,adulto
ICB_03295_002,ICB_130,copd,AKG C417L Microphone,85.0,1,0,3,0.5980661,0.24608037,0,1,adulto
ICB_03295_003,ICB_130,copd,AKG C417L Microphone,85.0,1,0,3,0.66565883,0.25776199,1,1,adulto
ICB_03295_004,ICB_130,copd,AKG C417L Microphone,85.0,1,0,3,0.62791437,0.26410764,1,1,adulto
ICB_03295_005,ICB_130,copd,AKG C417L Microphone,85.0,1,0,3,0.61914,0.2630434,1,1,adulto
ICB_03295_006,ICB_130,copd,AKG C417L Microphone,85.0,1,0,3,0.6903728,0.24694878,1,1,adulto
ICB_03295_007,ICB_130,copd,AKG C417L Microphone,85.0,1,0,3,0.6316854,0.2083792,1,1,adulto
ICB_03296_000,ICB_130,copd,AKG C417L Microphone,85.0,1,0,3,0.692226,0.21213192,1,1,adulto
ICB_03296_001,ICB_130,copd,AKG C417L Microphone,85.0,1,0,3,0.58578455,0.1848116,0,1,adulto
ICB_03296_002,ICB_130,copd,AKG C417L Microphone,85.0,1,0,3,0.6368059,0.23892479,1,1,adulto
ICB_03296_003,ICB_130,copd,AKG C417L Microphone,85.0,1,0,3,0.6443269,0.24803688,1,1,adulto
ICB_03296_004,ICB_130,copd,AKG C417L Microphone,85.0,0,0,3,0.65165406,0.22506025,1,0,adulto
ICB_03296_005,ICB_130,copd,AKG C417L Microphone,85.0,0,0,3,0.6441736,0.2075288,1,0,adulto
ICB_03296_006,ICB_130,copd,AKG C417L Microphone,85.0,1,0,3,0.59141785,0.17880845,0,1,adulto
ICB_03296_007,ICB_130,copd,AKG C417L Microphone,85.0,1,0,3,0.62178594,0.13251063,1,1,adulto
ICB_03297_000,ICB_130,copd,AKG C417L Microphone,85.0,1,0,3,0.75592524,0.19629104,1,1,adulto
ICB_03297_001,ICB_130,copd,AKG C417L Microphone,85.0,1,0,3,0.7783801,0.19495425,1,1,adulto
ICB_03297_002,ICB_130,copd,AKG C417L Microphone,85.0,1,0,3,0.78556913,0.21910281,1,1,adulto
ICB_03297_003,ICB_130,copd,AKG C417L Microphone,85.0,1,0,3,0.78315574,0.18300486,1,1,adulto
ICB_03297_004,ICB_130,copd,AKG C417L Microphone,85.0,1,0,3,0.817997,0.15221448,1,1,adulto
ICB_03297_005,ICB_130,copd,AKG C417L Microphone,85.0,1,0,3,0.75903404,0.1388508,1,1,adulto
ICB_03297_006,ICB_130,copd,AKG C417L Microphone,85.0,1,0,3,0.7521757,0.18405212,1,1,adulto
ICB_03297_007,ICB_130,copd,AKG C417L Microphone,85.0,1,0,3,0.756218,0.15546195,1,1,adulto
ICB_03298_000,ICB_130,copd,AKG C417L Microphone,85.0,1,0,3,0.8689989,0.18473901,1,1,adulto
ICB_03298_001,ICB_130,copd,AKG C417L Microphone,85.0,1,0,3,0.7079401,0.24255198,1,1,adulto
ICB_03298_002,ICB_130,copd,AKG C417L Microphone,85.0,1,0,3,0.7328056,0.19793707,1,1,adulto
ICB_03298_003,ICB_130,copd,AKG C417L Microphone,85.0,1,0,3,0.6930983,0.23378599,1,1,adulto
ICB_03298_004,ICB_130,copd,AKG C417L Microphone,85.0,1,0,3,0.67172116,0.20844634,1,1,adulto
ICB_03298_005,ICB_130,copd,AKG C417L Microphone,85.0,1,0,3,0.7287337,0.2226492,1,1,adulto
ICB_03298_006,ICB_130,copd,AKG C417L Microphone,85.0,1,0,3,0.731915,0.22394139,1,1,adulto
ICB_03298_007,ICB_130,copd,AKG C417L Microphone,85.0,1,0,3,0.6760113,0.20131594,1,1,adulto
ICB_03299_000,ICB_130,copd,AKG C417L Microphone,85.0,1,0,3,0.7621545,0.19485204,1,1,adulto
ICB_03299_001,ICB_130,copd,AKG C417L Microphone,85.0,1,0,3,0.6882614,0.22690566,1,1,adulto
ICB_03299_002,ICB_130,copd,AKG C417L Microphone,85.0,1,0,3,0.70688057,0.21398668,1,1,adulto
ICB_03299_003,ICB_130,copd,AKG C417L Microphone,85.0,1,0,3,0.7264522,0.22326861,1,1,adulto
ICB_03299_004,ICB_130,copd,AKG C417L Microphone,85.0,1,0,3,0.6989467,0.24090442,1,1,adulto
ICB_03299_005,ICB_130,copd,AKG C417L Microphone,85.0,1,0,3,0.6855108,0.23342097,1,1,adulto
ICB_03299_006,ICB_130,copd,AKG C417L Microphone,85.0,1,0,3,0.7130348,0.23322125,1,1,adulto
ICB_03299_007,ICB_130,copd,AKG C417L Microphone,85.0,1,0,3,0.6832683,0.16522354,1,1,adulto
ICB_03300_000,ICB_130,copd,AKG C417L Microphone,85.0,1,0,3,0.68929565,0.24697842,1,1,adulto
ICB_03300_001,ICB_130,copd,AKG C417L Microphone,85.0,1,0,3,0.629739,0.25722578,1,1,adulto
ICB_03300_002,ICB_130,copd,AKG C417L Microphone,85.0,1,0,3,0.6303899,0.24033947,1,1,adulto
ICB_03300_003,ICB_130,copd,AKG C417L Microphone,85.0,1,0,3,0.65041196,0.24895895,1,1,adulto
ICB_03300_004,ICB_130,copd,AKG C417L Microphone,85.0,1,0,3,0.6360105,0.24709901,1,1,adulto
ICB_03300_005,ICB_130,copd,AKG C417L Microphone,85.0,1,0,3,0.5739421,0.21233748,0,1,adulto
ICB_03300_006,ICB_130,copd,AKG C417L Microphone,85.0,1,0,3,0.6654679,0.20486537,1,1,adulto
ICB_03300_007,ICB_130,copd,AKG C417L Microphone,85.0,1,0,3,0.58510554,0.17050858,0,1,adulto
ICB_03301_000,ICB_130,copd,AKG C417L Microphone,85.0,0,0,3,0.75638366,0.084529206,1,0,adulto
ICB_03301_001,ICB_130,copd,AKG C417L Microphone,85.0,0,0,3,0.7164525,0.06105659,1,0,adulto
ICB_03301_002,ICB_130,copd,AKG C417L Microphone,85.0,0,0,3,0.8668465,0.08528991,1,0,adulto
ICB_03301_003,ICB_130,copd,AKG C417L Microphone,85.0,0,0,3,0.8262962,0.06405744,1,0,adulto
ICB_03301_004,ICB_130,copd,AKG C417L Microphone,85.0,0,0,3,0.8016876,0.08940038,1,0,adulto
ICB_03301_005,ICB_130,copd,AKG C417L Microphone,85.0,0,0,3,0.6803783,0.079274274,1,0,adulto
ICB_03301_006,ICB_130,copd,AKG C417L Microphone,85.0,0,0,3,0.6830282,0.06582257,1,0,adulto
ICB_03301_007,ICB_130,copd,AKG C417L Microphone,85.0,0,0,3,0.6351285,0.07206827,1,0,adulto
ICB_03302_000,ICB_130,copd,AKG C417L Microphone,85.0,0,0,3,0.6306707,0.25182143,1,0,adulto
ICB_03302_001,ICB_130,copd,AKG C417L Microphone,85.0,1,0,3,0.6413097,0.25672346,1,1,adulto
ICB_03302_002,ICB_130,copd,AKG C417L Microphone,85.0,1,0,3,0.6140381,0.22128221,1,1,adulto
ICB_03302_003,ICB_130,copd,AKG C417L Microphone,85.0,1,0,3,0.63109004,0.20822605,1,1,adulto
ICB_03302_004,ICB_130,copd,AKG C417L Microphone,85.0,1,0,3,0.6057792,0.22860858,1,1,adulto
ICB_03302_005,ICB_130,copd,AKG C417L Microphone,85.0,1,0,3,0.58657026,0.19444752,0,1,adulto
ICB_03302_006,ICB_130,copd,AKG C417L Microphone,85.0,1,0,3,0.61845165,0.2625011,1,1,adulto
ICB_03302_007,ICB_130,copd,AKG C417L Microphone,85.0,1,0,3,0.6612946,0.2414615,1,1,adulto
ICB_03302_008,ICB_130,copd,AKG C417L Microphone,85.0,1,0,3,0.6047891,0.24839361,1,1,adulto
ICB_03303_000,ICB_130,copd,AKG C417L Microphone,85.0,0,0,3,0.5980962,0.2047314,0,0,adulto
ICB_03303_001,ICB_130,copd,AKG C417L Microphone,85.0,1,0,3,0.5705237,0.18654358,0,1,adulto
ICB_03303_002,ICB_130,copd,AKG C417L Microphone,85.0,1,0,3,0.57504326,0.20620826,0,1,adulto
ICB_03303_003,ICB_130,copd,AKG C417L Microphone,85.0,1,0,3,0.6304253,0.18898243,1,1,adulto
ICB_03303_004,ICB_130,copd,AKG C417L Microphone,85.0,1,0,3,0.6567714,0.21116106,1,1,adulto
ICB_03303_005,ICB_130,copd,AKG C417L Microphone,85.0,1,0,3,0.60204273,0.21338569,1,1,adulto
ICB_03303_006,ICB_130,copd,AKG C417L Microphone,85.0,1,0,3,0.6060399,0.20333266,1,1,adulto
ICB_03303_007,ICB_130,copd,AKG C417L Microphone,85.0,1,0,3,0.62488073,0.20207685,1,1,adulto
ICB_03303_008,ICB_130,copd,AKG C417L Microphone,85.0,1,0,3,0.60708123,0.18878937,1,1,adulto
ICB_03304_000,ICB_130,copd,AKG C417L Microphone,85.0,1,0,3,0.7050748,0.15564793,1,1,adulto
ICB_03304_001,ICB_130,copd,AKG C417L Microphone,85.0,1,0,3,0.77310205,0.18656465,1,1,adulto
ICB_03304_002,ICB_130,copd,AKG C417L Microphone,85.0,1,0,3,0.8155775,0.17002459,1,1,adulto
ICB_03304_003,ICB_130,copd,AKG C417L Microphone,85.0,1,0,3,0.7858944,0.19896632,1,1,adulto
ICB_03304_004,ICB_130,copd,AKG C417L Microphone,85.0,1,0,3,0.796874,0.17292787,1,1,adulto
ICB_03304_005,ICB_130,copd,AKG C417L Microphone,85.0,1,0,3,0.69170886,0.16323525,1,1,adulto
ICB_03304_006,ICB_130,copd,AKG C417L Microphone,85.0,1,0,3,0.7346477,0.15458731,1,1,adulto
ICB_03304_007,ICB_130,copd,AKG C417L Microphone,85.0,1,0,3,0.7469957,0.20084834,1,1,adulto
ICB_03304_008,ICB_130,copd,AKG C417L Microphone,85.0,1,0,3,0.7747454,0.19476566,1,1,adulto
ICB_03305_000,ICB_130,copd,AKG C417L Microphone,85.0,0,0,3,0.50668454,0.1774393,0,0,adulto
ICB_03305_001,ICB_130,copd,AKG C417L Microphone,85.0,1,0,3,0.72281146,0.19338544,1,1,adulto
ICB_03305_002,ICB_130,copd,AKG C417L Microphone,85.0,1,0,3,0.6492257,0.20805383,1,1,adulto
ICB_03305_003,ICB_130,copd,AKG C417L Microphone,85.0,1,0,3,0.740536,0.18051656,1,1,adulto
ICB_03305_004,ICB_130,copd,AKG C417L Microphone,85.0,1,0,3,0.71228456,0.18423885,1,1,adulto
ICB_03305_005,ICB_130,copd,AKG C417L Microphone,85.0,1,0,3,0.7419633,0.20272484,1,1,adulto
ICB_03305_006,ICB_130,copd,AKG C417L Microphone,85.0,1,0,3,0.7091459,0.19572404,1,1,adulto
ICB_03305_007,ICB_130,copd,AKG C417L Microphone,85.0,1,0,3,0.72339547,0.18923753,1,1,adulto
ICB_03305_008,ICB_130,copd,AKG C417L Microphone,85.0,1,0,3,0.71714914,0.2084761,1,1,adulto
ICB_03306_000,ICB_130,copd,AKG C417L Microphone,85.0,1,0,3,0.58999735,0.1585899,0,1,adulto
ICB_03306_001,ICB_130,copd,AKG C417L Microphone,85.0,1,0,3,0.6367252,0.12140477,1,1,adulto
ICB_03306_002,ICB_130,copd,AKG C417L Microphone,85.0,1,0,3,0.6449955,0.12031784,1,1,adulto
ICB_03306_003,ICB_130,copd,AKG C417L Microphone,85.0,1,0,3,0.6356263,0.18203852,1,1,adulto
ICB_03306_004,ICB_130,copd,AKG C417L Microphone,85.0,1,0,3,0.703988,0.21644996,1,1,adulto
ICB_03306_005,ICB_130,copd,AKG C417L Microphone,85.0,1,0,3,0.71189034,0.25063398,1,1,adulto
ICB_03306_006,ICB_130,copd,AKG C417L Microphone,85.0,1,0,3,0.7130604,0.2207097,1,1,adulto
ICB_03306_007,ICB_130,copd,AKG C417L Microphone,85.0,1,0,3,0.6807594,0.23342596,1,1,adulto
ICB_03306_008,ICB_130,copd,AKG C417L Microphone,85.0,1,0,3,0.6925168,0.22797886,1,1,adulto
ICB_03307_000,ICB_130,copd,AKG C417L Microphone,85.0,1,0,3,0.603103,0.17612262,1,1,adulto
ICB_03307_001,ICB_130,copd,AKG C417L Microphone,85.0,1,0,3,0.6431639,0.2523235,1,1,adulto
ICB_03307_002,ICB_130,copd,AKG C417L Microphone,85.0,1,0,3,0.6023843,0.22296117,1,1,adulto
ICB_03307_003,ICB_130,copd,AKG C417L Microphone,85.0,1,0,3,0.5917843,0.2819096,0,1,adulto
ICB_03307_004,ICB_130,copd,AKG C417L Microphone,85.0,1,0,3,0.6426217,0.24810176,1,1,adulto
ICB_03307_005,ICB_130,copd,AKG C417L Microphone,85.0,1,0,3,0.59621185,0.2673292,0,1,adulto
ICB_03307_006,ICB_130,copd,AKG C417L Microphone,85.0,1,0,3,0.630572,0.2538907,1,1,adulto
ICB_03307_007,ICB_130,copd,AKG C417L Microphone,85.0,1,0,3,0.5915065,0.20640773,0,1,adulto
ICB_03307_008,ICB_130,copd,AKG C417L Microphone,85.0,1,0,3,0.6494166,0.27994552,1,1,adulto
ICB_03308_000,ICB_130,copd,AKG C417L Microphone,85.0,0,0,3,0.7202797,0.13939321,1,0,adulto
ICB_03308_001,ICB_130,copd,AKG C417L Microphone,85.0,0,0,3,0.93125343,0.04590056,1,0,adulto
ICB_03308_002,ICB_130,copd,AKG C417L Microphone,85.0,0,0,3,0.7452758,0.055992384,1,0,adulto
ICB_03308_003,ICB_130,copd,AKG C417L Microphone,85.0,0,0,3,0.41067204,0.04534004,0,0,adulto
ICB_03308_004,ICB_130,copd,AKG C417L Microphone,85.0,0,0,3,0.7915917,0.062598765,1,0,adulto
ICB_03308_005,ICB_130,copd,AKG C417L Microphone,85.0,0,0,3,0.47279656,0.086612545,0,0,adulto
ICB_03308_006,ICB_130,copd,AKG C417L Microphone,85.0,0,0,3,0.59480023,0.05347895,0,0,adulto
ICB_03308_007,ICB_130,copd,AKG C417L Microphone,85.0,0,0,3,0.48512715,0.051666755,0,0,adulto
ICB_03308_008,ICB_130,copd,AKG C417L Microphone,85.0,0,0,3,0.7588217,0.1055163,1,0,adulto
ICB_03309_000,ICB_130,copd,AKG C417L Microphone,85.0,0,0,3,0.4940667,0.10618689,0,0,adulto
ICB_03309_001,ICB_130,copd,AKG C417L Microphone,85.0,1,0,3,0.6325884,0.24980417,1,1,adulto
ICB_03309_002,ICB_130,copd,AKG C417L Microphone,85.0,1,0,3,0.6577611,0.24382526,1,1,adulto
ICB_03309_003,ICB_130,copd,AKG C417L Microphone,85.0,1,0,3,0.59583485,0.25438324,0,1,adulto
ICB_03309_004,ICB_130,copd,AKG C417L Microphone,85.0,1,0,3,0.6272042,0.26029095,1,1,adulto
ICB_03309_005,ICB_130,copd,AKG C417L Microphone,85.0,1,0,3,0.6306039,0.24877189,1,1,adulto
ICB_03309_006,ICB_130,copd,AKG C417L Microphone,85.0,1,0,3,0.68757695,0.23267725,1,1,adulto
ICB_03309_007,ICB_130,copd,AKG C417L Microphone,85.0,1,0,3,0.6274195,0.20681323,1,1,adulto
ICB_03309_008,ICB_130,copd,AKG C417L Microphone,85.0,1,0,3,0.5481123,0.12850288,0,1,adulto
ICB_03310_000,ICB_130,copd,AKG C417L Microphone,85.0,1,0,3,0.5663562,0.17539668,0,1,adulto
ICB_03310_001,ICB_130,copd,AKG C417L Microphone,85.0,1,0,3,0.62914723,0.20459045,1,1,adulto
ICB_03310_002,ICB_130,copd,AKG C417L Microphone,85.0,1,0,3,0.6685291,0.21458954,1,1,adulto
ICB_03310_003,ICB_130,copd,AKG C417L Microphone,85.0,1,0,3,0.584424,0.20082475,0,1,adulto
ICB_03310_004,ICB_130,copd,AKG C417L Microphone,85.0,1,0,3,0.66881543,0.1399949,1,1,adulto
ICB_03310_005,ICB_130,copd,AKG C417L Microphone,85.0,1,0,3,0.5191323,0.103036374,0,1,adulto
ICB_03310_006,ICB_130,copd,AKG C417L Microphone,85.0,1,0,3,0.6583768,0.18577059,1,1,adulto
ICB_03310_007,ICB_130,copd,AKG C417L Microphone,85.0,1,0,3,0.58064216,0.14733458,0,1,adulto
ICB_03310_008,ICB_130,copd,AKG C417L Microphone,85.0,1,0,3,0.5484212,0.13586225,0,1,adulto
ICB_03311_000,ICB_130,copd,AKG C417L Microphone,85.0,0,0,3,0.6001079,0.23763822,1,0,adulto
ICB_03311_001,ICB_130,copd,AKG C417L Microphone,85.0,1,0,3,0.8026144,0.1668214,1,1,adulto
ICB_03311_002,ICB_130,copd,AKG C417L Microphone,85.0,1,0,3,0.77069354,0.18273027,1,1,adulto
ICB_03311_003,ICB_130,copd,AKG C417L Microphone,85.0,1,0,3,0.8243102,0.18594638,1,1,adulto
ICB_03311_004,ICB_130,copd,AKG C417L Microphone,85.0,1,0,3,0.74193865,0.20369542,1,1,adulto
ICB_03311_005,ICB_130,copd,AKG C417L Microphone,85.0,1,0,3,0.71278614,0.1964565,1,1,adulto
ICB_03311_006,ICB_130,copd,AKG C417L Microphone,85.0,1,0,3,0.75124985,0.20933895,1,1,adulto
ICB_03311_007,ICB_130,copd,AKG C417L Microphone,85.0,1,0,3,0.804944,0.16902971,1,1,adulto
ICB_03311_008,ICB_130,copd,AKG C417L Microphone,85.0,1,0,3,0.80494153,0.1435936,1,1,adulto
ICB_03312_000,ICB_130,copd,AKG C417L Microphone,85.0,0,0,3,0.53244716,0.14619672,0,0,adulto
ICB_03312_001,ICB_130,copd,AKG C417L Microphone,85.0,1,0,3,0.72654855,0.20804246,1,1,adulto
ICB_03312_002,ICB_130,copd,AKG C417L Microphone,85.0,1,0,3,0.67184156,0.2401628,1,1,adulto
ICB_03312_003,ICB_130,copd,AKG C417L Microphone,85.0,1,0,3,0.72570294,0.18119544,1,1,adulto
ICB_03312_004,ICB_130,copd,AKG C417L Microphone,85.0,1,0,3,0.71490735,0.21545169,1,1,adulto
ICB_03312_005,ICB_130,copd,AKG C417L Microphone,85.0,1,0,3,0.7140695,0.20759088,1,1,adulto
ICB_03312_006,ICB_130,copd,AKG C417L Microphone,85.0,1,0,3,0.7527394,0.17782353,1,1,adulto
ICB_03312_007,ICB_130,copd,AKG C417L Microphone,85.0,1,0,3,0.7285545,0.20547454,1,1,adulto
ICB_03312_008,ICB_130,copd,AKG C417L Microphone,85.0,1,0,3,0.7305597,0.2147304,1,1,adulto
ICB_03313_000,ICB_130,copd,AKG C417L Microphone,85.0,0,0,3,0.56813896,0.17860189,0,0,adulto
ICB_03313_001,ICB_130,copd,AKG C417L Microphone,85.0,1,0,3,0.70492244,0.21572584,1,1,adulto
ICB_03313_002,ICB_130,copd,AKG C417L Microphone,85.0,1,0,3,0.69373375,0.218036,1,1,adulto
ICB_03313_003,ICB_130,copd,AKG C417L Microphone,85.0,1,0,3,0.6975441,0.25763798,1,1,adulto
ICB_03313_004,ICB_130,copd,AKG C417L Microphone,85.0,1,0,3,0.65504944,0.3282568,1,1,adulto
ICB_03313_005,ICB_130,copd,AKG C417L Microphone,85.0,0,1,3,0.58599395,0.7207299,0,2,adulto
ICB_03313_006,ICB_130,copd,AKG C417L Microphone,85.0,1,0,3,0.679509,0.19300883,1,1,adulto
ICB_03313_007,ICB_130,copd,AKG C417L Microphone,85.0,1,0,3,0.6465544,0.3741557,1,1,adulto
ICB_03313_008,ICB_130,copd,AKG C417L Microphone,85.0,0,0,3,0.63983333,0.3126914,1,0,adulto
ICB_03314_000,ICB_130,copd,AKG C417L Microphone,85.0,1,0,3,0.76119006,0.06945342,1,1,adulto
ICB_03314_001,ICB_130,copd,AKG C417L Microphone,85.0,1,0,3,0.6961517,0.12312807,1,1,adulto
ICB_03314_002,ICB_130,copd,AKG C417L Microphone,85.0,1,0,3,0.6825364,0.11167943,1,1,adulto
ICB_03314_003,ICB_130,copd,AKG C417L Microphone,85.0,1,0,3,0.5605833,0.13818273,0,1,adulto
ICB_03314_004,ICB_130,copd,AKG C417L Microphone,85.0,1,0,3,0.6846165,0.13359328,1,1,adulto
ICB_03314_005,ICB_130,copd,AKG C417L Microphone,85.0,1,0,3,0.6767842,0.15715824,1,1,adulto
ICB_03314_006,ICB_130,copd,AKG C417L Microphone,85.0,1,0,3,0.755322,0.11070587,1,1,adulto
ICB_03314_007,ICB_130,copd,AKG C417L Microphone,85.0,1,0,3,0.7005325,0.122740485,1,1,adulto
ICB_03314_008,ICB_130,copd,AKG C417L Microphone,85.0,1,0,3,0.6539284,0.14198971,1,1,adulto
ICB_03314_009,ICB_130,copd,AKG C417L Microphone,85.0,1,0,3,0.6096938,0.10038509,1,1,adulto
ICB_03315_000,ICB_130,copd,AKG C417L Microphone,85.0,1,0,3,0.64932996,0.09476457,1,1,adulto
ICB_03315_001,ICB_130,copd,AKG C417L Microphone,85.0,1,0,3,0.68162614,0.13059571,1,1,adulto
ICB_03315_002,ICB_130,copd,AKG C417L Microphone,85.0,1,0,3,0.6117826,0.15786417,1,1,adulto
ICB_03315_003,ICB_130,copd,AKG C417L Microphone,85.0,1,0,3,0.5625001,0.15972368,0,1,adulto
ICB_03315_004,ICB_130,copd,AKG C417L Microphone,85.0,1,0,3,0.59442925,0.15585756,0,1,adulto
ICB_03315_005,ICB_130,copd,AKG C417L Microphone,85.0,1,0,3,0.61433303,0.15574697,1,1,adulto
ICB_03315_006,ICB_130,copd,AKG C417L Microphone,85.0,1,0,3,0.63698846,0.11345582,1,1,adulto
ICB_03315_007,ICB_130,copd,AKG C417L Microphone,85.0,1,0,3,0.6666182,0.13701782,1,1,adulto
ICB_03315_008,ICB_130,copd,AKG C417L Microphone,85.0,1,0,3,0.6090364,0.14508544,1,1,adulto
ICB_03315_009,ICB_130,copd,AKG C417L Microphone,85.0,1,0,3,0.59348845,0.15879147,0,1,adulto
ICB_03315_010,ICB_130,copd,AKG C417L Microphone,85.0,1,1,3,0.49742317,0.17775957,0,3,adulto
ICB_03316_000,ICB_130,copd,AKG C417L Microphone,85.0,1,0,3,0.37127733,0.13162395,0,1,adulto
ICB_03316_001,ICB_130,copd,AKG C417L Microphone,85.0,1,0,3,0.48455396,0.09810657,0,1,adulto
ICB_03316_002,ICB_130,copd,AKG C417L Microphone,85.0,1,0,3,0.71780145,0.09007077,1,1,adulto
ICB_03316_003,ICB_130,copd,AKG C417L Microphone,85.0,1,0,3,0.44972718,0.115762115,0,1,adulto
ICB_03316_004,ICB_130,copd,AKG C417L Microphone,85.0,1,0,3,0.6522432,0.08256124,1,1,adulto
ICB_03316_005,ICB_130,copd,AKG C417L Microphone,85.0,1,0,3,0.48444158,0.19137245,0,1,adulto
ICB_03316_006,ICB_130,copd,AKG C417L Microphone,85.0,1,0,3,0.484752,0.080567434,0,1,adulto
ICB_03316_007,ICB_130,copd,AKG C417L Microphone,85.0,1,0,3,0.5689162,0.27992672,0,1,adulto
ICB_03316_008,ICB_130,copd,AKG C417L Microphone,85.0,1,0,3,0.5108013,0.15932281,0,1,adulto
ICB_03316_009,ICB_130,copd,AKG C417L Microphone,85.0,1,0,3,0.29637164,0.1381359,0,1,adulto
ICB_03316_010,ICB_130,copd,AKG C417L Microphone,85.0,0,0,3,0.34786832,0.20916034,0,0,adulto
ICB_03317_000,ICB_130,copd,AKG C417L Microphone,85.0,1,0,3,0.5989777,0.09617487,0,1,adulto
ICB_03317_001,ICB_130,copd,AKG C417L Microphone,85.0,1,0,3,0.68746996,0.12687118,1,1,adulto
ICB_03317_002,ICB_130,copd,AKG C417L Microphone,85.0,1,0,3,0.4724391,0.071259335,0,1,adulto
ICB_03317_003,ICB_130,copd,AKG C417L Microphone,85.0,1,0,3,0.7628263,0.13061407,1,1,adulto
ICB_03317_004,ICB_130,copd,AKG C417L Microphone,85.0,1,0,3,0.7276439,0.1594445,1,1,adulto
ICB_03317_005,ICB_130,copd,AKG C417L Microphone,85.0,1,0,3,0.58532774,0.060295776,0,1,adulto
ICB_03317_006,ICB_130,copd,AKG C417L Microphone,85.0,0,0,3,0.547755,0.13067481,0,0,adulto
ICB_03317_007,ICB_130,copd,AKG C417L Microphone,85.0,1,0,3,0.51654595,0.051022746,0,1,adulto
ICB_03317_008,ICB_130,copd,AKG C417L Microphone,85.0,1,0,3,0.71533936,0.16596332,1,1,adulto
ICB_03317_009,ICB_130,copd,AKG C417L Microphone,85.0,1,0,3,0.66190445,0.070629686,1,1,adulto
ICB_03317_010,ICB_130,copd,AKG C417L Microphone,85.0,0,0,3,0.52335584,0.15051706,0,0,adulto
ICB_03318_000,ICB_130,copd,AKG C417L Microphone,85.0,1,0,3,0.6462475,0.12032507,1,1,adulto
ICB_03318_001,ICB_130,copd,AKG C417L Microphone,85.0,1,0,3,0.568246,0.15211438,0,1,adulto
ICB_03318_002,ICB_130,copd,AKG C417L Microphone,85.0,1,0,3,0.65784246,0.12521598,1,1,adulto
ICB_03318_003,ICB_130,copd,AKG C417L Microphone,85.0,1,0,3,0.653126,0.20378064,1,1,adulto
ICB_03318_004,ICB_130,copd,AKG C417L Microphone,85.0,1,0,3,0.67680955,0.10992568,1,1,adulto
ICB_03318_005,ICB_130,copd,AKG C417L Microphone,85.0,1,1,3,0.7528289,0.13777594,1,3,adulto
ICB_03318_006,ICB_130,copd,AKG C417L Microphone,85.0,1,0,3,0.51899993,0.13836618,0,1,adulto
ICB_03318_007,ICB_130,copd,AKG C417L Microphone,85.0,1,1,3,0.6433811,0.17095493,1,3,adulto
ICB_03318_008,ICB_130,copd,AKG C417L Microphone,85.0,1,0,3,0.6668412,0.13485798,1,1,adulto
ICB_03318_009,ICB_130,copd,AKG C417L Microphone,85.0,1,0,3,0.52143615,0.18556164,0,1,adulto
ICB_03318_010,ICB_130,copd,AKG C417L Microphone,85.0,1,0,3,0.67931265,0.1793842,1,1,adulto
ICB_03319_000,ICB_130,copd,AKG C417L Microphone,85.0,1,0,3,0.2901531,0.06507509,0,1,adulto
ICB_03319_001,ICB_130,copd,AKG C417L Microphone,85.0,1,1,3,0.3867994,0.2211144,0,3,adulto
ICB_03319_002,ICB_130,copd,AKG C417L Microphone,85.0,1,0,3,0.3657424,0.19169189,0,1,adulto
ICB_03319_003,ICB_130,copd,AKG C417L Microphone,85.0,1,0,3,0.4095733,0.19347006,0,1,adulto
ICB_03319_004,ICB_130,copd,AKG C417L Microphone,85.0,1,0,3,0.42821777,0.24709441,0,1,adulto
ICB_03319_005,ICB_130,copd,AKG C417L Microphone,85.0,1,0,3,0.4206222,0.19155073,0,1,adulto
ICB_03319_006,ICB_130,copd,AKG C417L Microphone,85.0,1,0,3,0.4146665,0.20110385,0,1,adulto
ICB_03319_007,ICB_130,copd,AKG C417L Microphone,85.0,1,0,3,0.4460235,0.15767945,0,1,adulto
ICB_03319_008,ICB_130,copd,AKG C417L Microphone,85.0,1,0,3,0.43110958,0.2001493,0,1,adulto
ICB_03319_009,ICB_130,copd,AKG C417L Microphone,85.0,1,0,3,0.41115218,0.2092485,0,1,adulto
ICB_03319_010,ICB_130,copd,AKG C417L Microphone,85.0,1,0,3,0.39169854,0.18424946,0,1,adulto
ICB_03320_000,ICB_130,copd,AKG C417L Microphone,85.0,0,0,3,0.22228563,0.023796743,0,0,adulto
ICB_03320_001,ICB_130,copd,AKG C417L Microphone,85.0,1,0,3,0.3103863,0.24381956,0,1,adulto
ICB_03320_002,ICB_130,copd,AKG C417L Microphone,85.0,1,0,3,0.32016402,0.16025117,0,1,adulto
ICB_03320_003,ICB_130,copd,AKG C417L Microphone,85.0,1,0,3,0.34091303,0.18218645,0,1,adulto
ICB_03320_004,ICB_130,copd,AKG C417L Microphone,85.0,1,0,3,0.35472816,0.2074456,0,1,adulto
ICB_03320_005,ICB_130,copd,AKG C417L Microphone,85.0,1,0,3,0.3374054,0.18735303,0,1,adulto
ICB_03320_006,ICB_130,copd,AKG C417L Microphone,85.0,1,0,3,0.3257232,0.17811666,0,1,adulto
ICB_03320_007,ICB_130,copd,AKG C417L Microphone,85.0,1,1,3,0.3297461,0.19559406,0,3,adulto
ICB_03320_008,ICB_130,copd,AKG C417L Microphone,85.0,1,0,3,0.34470809,0.20529488,0,1,adulto
ICB_03320_009,ICB_130,copd,AKG C417L Microphone,85.0,0,0,3,0.32949498,0.19187284,0,0,adulto
ICB_03320_010,ICB_130,copd,AKG C417L Microphone,85.0,0,0,3,0.36236563,0.20164472,0,0,adulto
ICB_03321_000,ICB_130,copd,AKG C417L Microphone,85.0,1,0,3,0.5879072,0.12619495,0,1,adulto
ICB_03321_001,ICB_130,copd,AKG C417L Microphone,85.0,1,0,3,0.47197393,0.15566526,0,1,adulto
ICB_03321_002,ICB_130,copd,AKG C417L Microphone,85.0,1,0,3,0.5251195,0.16822602,0,1,adulto
ICB_03321_003,ICB_130,copd,AKG C417L Microphone,85.0,1,0,3,0.51218086,0.16811092,0,1,adulto
ICB_03321_004,ICB_130,copd,AKG C417L Microphone,85.0,1,0,3,0.544943,0.19810651,0,1,adulto
ICB_03321_005,ICB_130,copd,AKG C417L Microphone,85.0,0,0,3,0.37894133,0.15281923,0,0,adulto
ICB_03322_000,ICB_130,copd,AKG C417L Microphone,85.0,0,0,3,0.60138065,0.26858422,1,0,adulto
ICB_03322_001,ICB_130,copd,AKG C417L Microphone,85.0,0,0,3,0.65743047,0.2606569,1,0,adulto
ICB_03322_002,ICB_130,copd,AKG C417L Microphone,85.0,0,0,3,0.6180067,0.23453946,1,0,adulto
ICB_03322_003,ICB_130,copd,AKG C417L Microphone,85.0,0,0,3,0.58738357,0.17190892,0,0,adulto
ICB_03322_004,ICB_130,copd,AKG C417L Microphone,85.0,0,0,3,0.51457226,0.0800142,0,0,adulto
ICB_03323_000,ICB_130,copd,AKG C417L Microphone,85.0,0,0,3,0.5606839,0.23455101,0,0,adulto
ICB_03323_001,ICB_130,copd,AKG C417L Microphone,85.0,0,0,3,0.8063276,0.1581045,1,0,adulto
ICB_03323_002,ICB_130,copd,AKG C417L Microphone,85.0,0,0,3,0.6967028,0.11963382,1,0,adulto
ICB_03323_003,ICB_130,copd,AKG C417L Microphone,85.0,0,0,3,0.70799476,0.161677,1,0,adulto
ICB_03323_004,ICB_130,copd,AKG C417L Microphone,85.0,0,0,3,0.9040106,0.05039712,1,0,adulto
ICB_03324_000,ICB_130,copd,AKG C417L Microphone,85.0,1,0,3,0.60738343,0.15905699,1,1,adulto
ICB_03324_001,ICB_130,copd,AKG C417L Microphone,85.0,1,0,3,0.67544466,0.18168685,1,1,adulto
ICB_03324_002,ICB_130,copd,AKG C417L Microphone,85.0,1,0,3,0.6549123,0.18237618,1,1,adulto
ICB_03324_003,ICB_130,copd,AKG C417L Microphone,85.0,1,0,3,0.54349774,0.22478282,0,1,adulto
ICB_03324_004,ICB_130,copd,AKG C417L Microphone,85.0,1,0,3,0.4722115,0.18072332,0,1,adulto
ICB_03325_000,ICB_130,copd,AKG C417L Microphone,85.0,1,0,3,0.73552835,0.2652085,1,1,adulto
ICB_03325_001,ICB_130,copd,AKG C417L Microphone,85.0,1,0,3,0.68530023,0.2490249,1,1,adulto
ICB_03325_002,ICB_130,copd,AKG C417L Microphone,85.0,1,0,3,0.7257331,0.19514969,1,1,adulto
ICB_03325_003,ICB_130,copd,AKG C417L Microphone,85.0,1,0,3,0.6408993,0.19389164,1,1,adulto
ICB_03325_004,ICB_130,copd,AKG C417L Microphone,85.0,1,0,3,0.59207255,0.2537251,0,1,adulto
ICB_03326_000,ICB_130,copd,AKG C417L Microphone,85.0,1,0,3,0.69998586,0.23240736,1,1,adulto
ICB_03326_001,ICB_130,copd,AKG C417L Microphone,85.0,1,0,3,0.60834163,0.24950543,1,1,adulto
ICB_03326_002,ICB_130,copd,AKG C417L Microphone,85.0,1,0,3,0.693749,0.20272602,1,1,adulto
ICB_03326_003,ICB_130,copd,AKG C417L Microphone,85.0,1,0,3,0.5672073,0.24581678,0,1,adulto
ICB_03326_004,ICB_130,copd,AKG C417L Microphone,85.0,1,0,3,0.48435822,0.16819763,0,1,adulto
ICB_03327_000,ICB_130,copd,AKG C417L Microphone,85.0,1,0,3,0.40467146,0.15332979,0,1,adulto
ICB_03327_001,ICB_130,copd,AKG C417L Microphone,85.0,1,0,3,0.47564337,0.20530395,0,1,adulto
ICB_03327_002,ICB_130,copd,AKG C417L Microphone,85.0,1,0,3,0.47376028,0.30723017,0,1,adulto
ICB_03327_003,ICB_130,copd,AKG C417L Microphone,85.0,1,0,3,0.4014315,0.30013534,0,1,adulto
ICB_03327_004,ICB_130,copd,AKG C417L Microphone,85.0,1,0,3,0.43590292,0.25340998,0,1,adulto
ICB_03327_005,ICB_130,copd,AKG C417L Microphone,85.0,1,0,3,0.47775665,0.1737321,0,1,adulto
ICB_03327_006,ICB_130,copd,AKG C417L Microphone,85.0,1,0,3,0.46507052,0.16878608,0,1,adulto
ICB_03328_000,ICB_130,copd,AKG C417L Microphone,85.0,0,0,3,0.41083625,0.11291731,0,0,adulto
ICB_03328_001,ICB_130,copd,AKG C417L Microphone,85.0,1,0,3,0.5476616,0.23284967,0,1,adulto
ICB_03328_002,ICB_130,copd,AKG C417L Microphone,85.0,0,0,3,0.6401671,0.16406947,1,0,adulto
ICB_03328_003,ICB_130,copd,AKG C417L Microphone,85.0,1,0,3,0.59713095,0.20634891,0,1,adulto
ICB_03328_004,ICB_130,copd,AKG C417L Microphone,85.0,1,0,3,0.6763684,0.24558629,1,1,adulto
ICB_03328_005,ICB_130,copd,AKG C417L Microphone,85.0,0,0,3,0.67351985,0.17669088,1,0,adulto
ICB_03328_006,ICB_130,copd,AKG C417L Microphone,85.0,0,0,3,0.61333406,0.19992657,1,0,adulto
ICB_03329_000,ICB_130,copd,AKG C417L Microphone,85.0,1,0,3,0.4947985,0.12149902,0,1,adulto
ICB_03329_001,ICB_130,copd,AKG C417L Microphone,85.0,1,0,3,0.6135565,0.16096362,1,1,adulto
ICB_03329_002,ICB_130,copd,AKG C417L Microphone,85.0,1,0,3,0.57547647,0.28019527,0,1,adulto
ICB_03329_003,ICB_130,copd,AKG C417L Microphone,85.0,1,0,3,0.6274755,0.21612388,1,1,adulto
ICB_03329_004,ICB_130,copd,AKG C417L Microphone,85.0,1,0,3,0.49157527,0.10481954,0,1,adulto
ICB_03329_005,ICB_130,copd,AKG C417L Microphone,85.0,1,0,3,0.5154982,0.10260272,0,1,adulto
ICB_03329_006,ICB_130,copd,AKG C417L Microphone,85.0,1,0,3,0.60003334,0.24835978,1,1,adulto
ICB_03330_000,ICB_130,copd,AKG C417L Microphone,85.0,1,0,3,0.35679415,0.3319489,0,1,adulto
ICB_03330_001,ICB_130,copd,AKG C417L Microphone,85.0,1,0,3,0.37648985,0.29869494,0,1,adulto
ICB_03330_002,ICB_130,copd,AKG C417L Microphone,85.0,1,0,3,0.3803135,0.34123358,0,1,adulto
ICB_03330_003,ICB_130,copd,AKG C417L Microphone,85.0,1,0,3,0.36119917,0.348814,0,1,adulto
ICB_03330_004,ICB_130,copd,AKG C417L Microphone,85.0,1,0,3,0.38990566,0.39612645,0,1,adulto
ICB_03330_005,ICB_130,copd,AKG C417L Microphone,85.0,1,0,3,0.35639945,0.35824347,0,1,adulto
ICB_03330_006,ICB_130,copd,AKG C417L Microphone,85.0,1,0,3,0.36194262,0.33335984,0,1,adulto
ICB_03331_000,ICB_130,copd,AKG C417L Microphone,85.0,1,0,3,0.3066862,0.20873839,0,1,adulto
ICB_03331_001,ICB_130,copd,AKG C417L Microphone,85.0,1,0,3,0.3436499,0.2241694,0,1,adulto
ICB_03331_002,ICB_130,copd,AKG C417L Microphone,85.0,1,0,3,0.29078823,0.41663858,0,1,adulto
ICB_03331_003,ICB_130,copd,AKG C417L Microphone,85.0,1,0,3,0.31811503,0.26121482,0,1,adulto
ICB_03331_004,ICB_130,copd,AKG C417L Microphone,85.0,1,0,3,0.28615478,0.27373752,0,1,adulto
ICB_03331_005,ICB_130,copd,AKG C417L Microphone,85.0,1,0,3,0.31628585,0.21864802,0,1,adulto
ICB_03331_006,ICB_130,copd,AKG C417L Microphone,85.0,1,0,3,0.34173965,0.20450437,0,1,adulto
ICB_03332_000,ICB_130,copd,AKG C417L Microphone,85.0,1,0,3,0.36664256,0.22887205,0,1,adulto
ICB_03332_001,ICB_130,copd,AKG C417L Microphone,85.0,1,0,3,0.43850905,0.19321898,0,1,adulto
ICB_03332_002,ICB_130,copd,AKG C417L Microphone,85.0,1,0,3,0.6088832,0.13397199,1,1,adulto
ICB_03332_003,ICB_130,copd,AKG C417L Microphone,85.0,1,0,3,0.41751125,0.33405548,0,1,adulto
ICB_03332_004,ICB_130,copd,AKG C417L Microphone,85.0,1,0,3,0.38043782,0.21367313,0,1,adulto
ICB_03332_005,ICB_130,copd,AKG C417L Microphone,85.0,1,0,3,0.41114503,0.19174948,0,1,adulto
ICB_03332_006,ICB_130,copd,AKG C417L Microphone,85.0,1,1,3,0.32377732,0.22100504,0,3,adulto
ICB_03333_000,ICB_130,copd,AKG C417L Microphone,85.0,1,0,3,0.56670374,0.16483223,0,1,adulto
ICB_03333_001,ICB_130,copd,AKG C417L Microphone,85.0,1,0,3,0.47085914,0.18329902,0,1,adulto
ICB_03333_002,ICB_130,copd,AKG C417L Microphone,85.0,1,0,3,0.50033736,0.2468843,0,1,adulto
ICB_03333_003,ICB_130,copd,AKG C417L Microphone,85.0,1,0,3,0.54688823,0.21851511,0,1,adulto
ICB_03333_004,ICB_130,copd,AKG C417L Microphone,85.0,1,0,3,0.64801604,0.18130893,1,1,adulto
ICB_03333_005,ICB_130,copd,AKG C417L Microphone,85.0,1,0,3,0.65078914,0.15741317,1,1,adulto
ICB_03333_006,ICB_130,copd,AKG C417L Microphone,85.0,1,1,3,0.646013,0.19306496,1,3,adulto
ICB_03334_000,ICB_130,copd,AKG C417L Microphone,85.0,1,0,3,0.40474856,0.34191445,0,1,adulto
ICB_03334_001,ICB_130,copd,AKG C417L Microphone,85.0,1,0,3,0.37015992,0.26576394,0,1,adulto
ICB_03334_002,ICB_130,copd,AKG C417L Microphone,85.0,1,0,3,0.40835086,0.32185346,0,1,adulto
ICB_03334_003,ICB_130,copd,AKG C417L Microphone,85.0,1,1,3,0.39878377,0.34869313,0,3,adulto
ICB_03334_004,ICB_130,copd,AKG C417L Microphone,85.0,1,0,3,0.42124927,0.36742738,0,1,adulto
ICB_03334_005,ICB_130,copd,AKG C417L Microphone,85.0,1,0,3,0.41655442,0.361527,0,1,adulto
ICB_03334_006,ICB_130,copd,AKG C417L Microphone,85.0,1,0,3,0.4063071,0.3185503,0,1,adulto
ICB_03335_000,ICB_130,copd,AKG C417L Microphone,85.0,0,0,3,0.2937823,0.5454164,0,0,adulto
ICB_03335_001,ICB_130,copd,AKG C417L Microphone,85.0,1,0,3,0.32714623,0.27171662,0,1,adulto
ICB_03335_002,ICB_130,copd,AKG C417L Microphone,85.0,1,0,3,0.31348872,0.2264859,0,1,adulto
ICB_03335_003,ICB_130,copd,AKG C417L Microphone,85.0,1,0,3,0.37882203,0.20149346,0,1,adulto
ICB_03335_004,ICB_130,copd,AKG C417L Microphone,85.0,1,0,3,0.30783218,0.1963228,0,1,adulto
ICB_03335_005,ICB_130,copd,AKG C417L Microphone,85.0,1,0,3,0.30093595,0.26663437,0,1,adulto
ICB_03335_006,ICB_130,copd,AKG C417L Microphone,85.0,1,1,3,0.32909307,0.24516165,0,3,adulto
ICB_03336_000,ICB_130,copd,AKG C417L Microphone,85.0,1,1,3,0.29680285,0.6957912,0,3,adulto
ICB_03336_001,ICB_130,copd,AKG C417L Microphone,85.0,1,1,3,0.33422726,0.51545423,0,3,adulto
ICB_03336_002,ICB_130,copd,AKG C417L Microphone,85.0,1,0,3,0.4052124,0.23195235,0,1,adulto
ICB_03336_003,ICB_130,copd,AKG C417L Microphone,85.0,1,0,3,0.34051797,0.3180172,0,1,adulto
ICB_03336_004,ICB_130,copd,AKG C417L Microphone,85.0,1,0,3,0.37673217,0.22860442,0,1,adulto
ICB_03336_005,ICB_130,copd,AKG C417L Microphone,85.0,0,0,3,0.32949036,0.24608389,0,0,adulto
ICB_03336_006,ICB_130,copd,AKG C417L Microphone,85.0,1,0,3,0.428888,0.21946603,0,1,adulto
ICB_03336_007,ICB_130,copd,AKG C417L Microphone,85.0,0,0,3,0.41766053,0.22060993,0,0,adulto
ICB_03337_000,ICB_130,copd,AKG C417L Microphone,85.0,1,0,3,0.63397217,0.22224739,1,1,adulto
ICB_03337_001,ICB_130,copd,AKG C417L Microphone,85.0,1,0,3,0.4817657,0.1329117,0,1,adulto
ICB_03337_002,ICB_130,copd,AKG C417L Microphone,85.0,1,1,3,0.52158546,0.20219676,0,3,adulto
ICB_03337_003,ICB_130,copd,AKG C417L Microphone,85.0,1,1,3,0.54232824,0.24329497,0,3,adulto
ICB_03337_004,ICB_130,copd,AKG C417L Microphone,85.0,1,1,3,0.6028123,0.23056877,1,3,adulto
ICB_03337_005,ICB_130,copd,AKG C417L Microphone,85.0,1,0,3,0.543081,0.22469044,0,1,adulto
ICB_03337_006,ICB_130,copd,AKG C417L Microphone,85.0,1,0,3,0.59788156,0.22133984,0,1,adulto
ICB_03337_007,ICB_130,copd,AKG C417L Microphone,85.0,1,0,3,0.55596405,0.24264055,0,1,adulto
ICB_03338_000,ICB_130,copd,AKG C417L Microphone,85.0,1,1,3,0.42265233,0.3849807,0,3,adulto
ICB_03338_001,ICB_130,copd,AKG C417L Microphone,85.0,1,1,3,0.33800572,0.3232047,0,3,adulto
ICB_03338_002,ICB_130,copd,AKG C417L Microphone,85.0,1,0,3,0.3755358,0.35747388,0,1,adulto
ICB_03338_003,ICB_130,copd,AKG C417L Microphone,85.0,1,0,3,0.36912552,0.3257758,0,1,adulto
ICB_03338_004,ICB_130,copd,AKG C417L Microphone,85.0,1,0,3,0.37967464,0.3559671,0,1,adulto
ICB_03338_005,ICB_130,copd,AKG C417L Microphone,85.0,1,0,3,0.36983493,0.34981224,0,1,adulto
ICB_03338_006,ICB_130,copd,AKG C417L Microphone,85.0,1,0,3,0.36332282,0.33419847,0,1,adulto
ICB_03338_007,ICB_130,copd,AKG C417L Microphone,85.0,1,0,3,0.3533078,0.31626925,0,1,adulto
ICB_03339_000,ICB_130,copd,AKG C417L Microphone,85.0,1,1,3,0.26571503,0.3079642,0,3,adulto
ICB_03339_001,ICB_130,copd,AKG C417L Microphone,85.0,1,1,3,0.29097944,0.22704458,0,3,adulto
ICB_03339_002,ICB_130,copd,AKG C417L Microphone,85.0,1,1,3,0.3127168,0.25712827,0,3,adulto
ICB_03339_003,ICB_130,copd,AKG C417L Microphone,85.0,1,1,3,0.2883911,0.7518632,0,3,adulto
ICB_03339_004,ICB_130,copd,AKG C417L Microphone,85.0,1,1,3,0.28589448,0.1696335,0,3,adulto
ICB_03339_005,ICB_130,copd,AKG C417L Microphone,85.0,1,0,3,0.33887073,0.1887491,0,1,adulto
ICB_03339_006,ICB_130,copd,AKG C417L Microphone,85.0,1,0,3,0.30978164,0.18144344,0,1,adulto
ICB_03339_007,ICB_130,copd,AKG C417L Microphone,85.0,1,0,3,0.3046443,0.2401686,0,1,adulto
ICB_03340_000,ICB_131,respiratory_infection,3M Littmann Classic II SE,3.0,0,0,3,0.55475837,0.09478862,0,0,pediátrico (<18)
ICB_03340_001,ICB_131,respiratory_infection,3M Littmann Classic II SE,3.0,0,0,3,0.3508911,0.13431437,0,0,pediátrico (<18)
ICB_03340_002,ICB_131,respiratory_infection,3M Littmann Classic II SE,3.0,0,1,3,0.4919721,0.18390258,0,2,pediátrico (<18)
ICB_03340_003,ICB_131,respiratory_infection,3M Littmann Classic II SE,3.0,0,0,3,0.47869635,0.100964956,0,0,pediátrico (<18)
ICB_03340_004,ICB_131,respiratory_infection,3M Littmann Classic II SE,3.0,0,0,3,0.3812282,0.18387137,0,0,pediátrico (<18)
ICB_03340_005,ICB_131,respiratory_infection,3M Littmann Classic II SE,3.0,0,0,3,0.6249587,0.13460885,1,0,pediátrico (<18)
ICB_03340_006,ICB_131,respiratory_infection,3M Littmann Classic II SE,3.0,0,0,3,0.43029478,0.13151102,0,0,pediátrico (<18)
ICB_03340_007,ICB_131,respiratory_infection,3M Littmann Classic II SE,3.0,0,0,3,0.34585866,0.13666654,0,0,pediátrico (<18)
ICB_03340_008,ICB_131,respiratory_infection,3M Littmann Classic II SE,3.0,0,0,3,0.38957125,0.13457257,0,0,pediátrico (<18)
ICB_03340_009,ICB_131,respiratory_infection,3M Littmann Classic II SE,3.0,0,1,3,0.47569364,0.18615687,0,2,pediátrico (<18)
ICB_03340_010,ICB_131,respiratory_infection,3M Littmann Classic II SE,3.0,0,0,3,0.2451142,0.15224616,0,0,pediátrico (<18)
ICB_03367_000,ICB_135,pneumonia,3M Littmann Classic II SE,70.0,0,0,3,0.48928052,0.15721303,0,0,adulto
ICB_03367_001,ICB_135,pneumonia,3M Littmann Classic II SE,70.0,0,0,3,0.5140552,0.15739742,0,0,adulto
ICB_03367_002,ICB_135,pneumonia,3M Littmann Classic II SE,70.0,0,0,3,0.50830686,0.18926534,0,0,adulto
ICB_03367_003,ICB_135,pneumonia,3M Littmann Classic II SE,70.0,0,0,3,0.5507228,0.11467615,0,0,adulto
ICB_03367_004,ICB_135,pneumonia,3M Littmann Classic II SE,70.0,0,0,3,0.6203587,0.095587716,1,0,adulto
ICB_03367_005,ICB_135,pneumonia,3M Littmann Classic II SE,70.0,0,0,3,0.50993747,0.17211474,0,0,adulto
ICB_03367_006,ICB_135,pneumonia,3M Littmann Classic II SE,70.0,0,0,3,0.43327484,0.07974846,0,0,adulto
ICB_03367_007,ICB_135,pneumonia,3M Littmann Classic II SE,70.0,0,0,3,0.51384544,0.16959469,0,0,adulto
ICB_03367_008,ICB_135,pneumonia,3M Littmann Classic II SE,70.0,0,0,3,0.7384657,0.21480381,1,0,adulto
ICB_03368_000,ICB_135,pneumonia,3M Littmann Classic II SE,70.0,0,0,3,0.570511,0.2858255,0,0,adulto
ICB_03368_001,ICB_135,pneumonia,3M Littmann Classic II SE,70.0,0,0,3,0.41660514,0.09489385,0,0,adulto
ICB_03368_002,ICB_135,pneumonia,3M Littmann Classic II SE,70.0,0,0,3,0.33191013,0.0770036,0,0,adulto
ICB_03368_003,ICB_135,pneumonia,3M Littmann Classic II SE,70.0,0,0,3,0.37055823,0.14756243,0,0,adulto
ICB_03368_004,ICB_135,pneumonia,3M Littmann Classic II SE,70.0,0,0,3,0.4222961,0.20999457,0,0,adulto
ICB_03368_005,ICB_135,pneumonia,3M Littmann Classic II SE,70.0,0,0,3,0.4078198,0.1544753,0,0,adulto
ICB_03368_006,ICB_135,pneumonia,3M Littmann Classic II SE,70.0,0,0,3,0.42037094,0.11777251,0,0,adulto
ICB_03368_007,ICB_135,pneumonia,3M Littmann Classic II SE,70.0,0,0,3,0.36975983,0.13158673,0,0,adulto
ICB_03368_008,ICB_135,pneumonia,3M Littmann Classic II SE,70.0,0,0,3,0.3832846,0.20604865,0,0,adulto
ICB_03369_000,ICB_135,pneumonia,3M Littmann Classic II SE,70.0,1,0,3,0.83404964,0.13229577,1,1,adulto
ICB_03369_001,ICB_135,pneumonia,3M Littmann Classic II SE,70.0,1,0,3,0.7471812,0.1499697,1,1,adulto
ICB_03369_002,ICB_135,pneumonia,3M Littmann Classic II SE,70.0,1,0,3,0.6662533,0.21956198,1,1,adulto
ICB_03369_003,ICB_135,pneumonia,3M Littmann Classic II SE,70.0,1,0,3,0.7398362,0.20206787,1,1,adulto
ICB_03369_004,ICB_135,pneumonia,3M Littmann Classic II SE,70.0,1,0,3,0.8519157,0.19005705,1,1,adulto
ICB_03369_005,ICB_135,pneumonia,3M Littmann Classic II SE,70.0,0,0,3,0.6858586,0.17186448,1,0,adulto
ICB_03369_006,ICB_135,pneumonia,3M Littmann Classic II SE,70.0,0,0,3,0.7131962,0.18938182,1,0,adulto
ICB_03369_007,ICB_135,pneumonia,3M Littmann Classic II SE,70.0,0,0,3,0.5913495,0.20089214,0,0,adulto
ICB_03369_008,ICB_135,pneumonia,3M Littmann Classic II SE,70.0,0,0,3,0.6035203,0.21692577,1,0,adulto
ICB_03370_000,ICB_135,pneumonia,3M Littmann Classic II SE,70.0,0,0,3,0.38738206,0.19974393,0,0,adulto
ICB_03370_001,ICB_135,pneumonia,3M Littmann Classic II SE,70.0,0,0,3,0.28321192,0.16923088,0,0,adulto
ICB_03370_002,ICB_135,pneumonia,3M Littmann Classic II SE,70.0,0,0,3,0.32424647,0.17383963,0,0,adulto
ICB_03370_003,ICB_135,pneumonia,3M Littmann Classic II SE,70.0,0,0,3,0.27328154,0.16173811,0,0,adulto
ICB_03370_004,ICB_135,pneumonia,3M Littmann Classic II SE,70.0,0,0,3,0.25970882,0.18751545,0,0,adulto
ICB_03370_005,ICB_135,pneumonia,3M Littmann Classic II SE,70.0,0,0,3,0.41589856,0.16936848,0,0,adulto
ICB_03370_006,ICB_135,pneumonia,3M Littmann Classic II SE,70.0,0,0,3,0.33347553,0.12134743,0,0,adulto
ICB_03370_007,ICB_135,pneumonia,3M Littmann Classic II SE,70.0,0,0,3,0.26749343,0.17996272,0,0,adulto
ICB_03370_008,ICB_135,pneumonia,3M Littmann Classic II SE,70.0,0,0,3,0.25850642,0.17054416,0,0,adulto
ICB_03371_000,ICB_135,pneumonia,3M Littmann Classic II SE,70.0,0,0,3,0.6329314,0.16208702,1,0,adulto
ICB_03371_001,ICB_135,pneumonia,3M Littmann Classic II SE,70.0,0,0,3,0.61199033,0.04201133,1,0,adulto
ICB_03371_002,ICB_135,pneumonia,3M Littmann Classic II SE,70.0,0,0,3,0.4782152,0.07907623,0,0,adulto
ICB_03371_003,ICB_135,pneumonia,3M Littmann Classic II SE,70.0,0,0,3,0.54319817,0.13885286,0,0,adulto
ICB_03371_004,ICB_135,pneumonia,3M Littmann Classic II SE,70.0,0,0,3,0.5629972,0.19225557,0,0,adulto
ICB_03371_005,ICB_135,pneumonia,3M Littmann Classic II SE,70.0,0,0,3,0.5246726,0.1543201,0,0,adulto
ICB_03371_006,ICB_135,pneumonia,3M Littmann Classic II SE,70.0,0,0,3,0.56104046,0.19063242,0,0,adulto
ICB_03371_007,ICB_135,pneumonia,3M Littmann Classic II SE,70.0,0,0,3,0.49024066,0.2239385,0,0,adulto
ICB_03372_000,ICB_135,pneumonia,3M Littmann Classic II SE,70.0,0,0,3,0.47002143,0.12804964,0,0,adulto
ICB_03372_001,ICB_135,pneumonia,3M Littmann Classic II SE,70.0,0,0,3,0.34608823,0.0634142,0,0,adulto
ICB_03372_002,ICB_135,pneumonia,3M Littmann Classic II SE,70.0,0,0,3,0.40549207,0.08719327,0,0,adulto
ICB_03372_003,ICB_135,pneumonia,3M Littmann Classic II SE,70.0,0,0,3,0.59339195,0.19418655,0,0,adulto
ICB_03372_004,ICB_135,pneumonia,3M Littmann Classic II SE,70.0,0,0,3,0.3749438,0.1395797,0,0,adulto
ICB_03372_005,ICB_135,pneumonia,3M Littmann Classic II SE,70.0,0,0,3,0.5865816,0.21734904,0,0,adulto
ICB_03372_006,ICB_135,pneumonia,3M Littmann Classic II SE,70.0,0,0,3,0.6823363,0.17073044,1,0,adulto
ICB_03372_007,ICB_135,pneumonia,3M Littmann Classic II SE,70.0,0,0,3,0.4658447,0.22437227,0,0,adulto
ICB_03373_000,ICB_135,pneumonia,3M Littmann Classic II SE,70.0,0,0,3,0.82892627,0.0729524,1,0,adulto
ICB_03373_001,ICB_135,pneumonia,3M Littmann Classic II SE,70.0,0,0,3,0.6268751,0.19155656,1,0,adulto
ICB_03373_002,ICB_135,pneumonia,3M Littmann Classic II SE,70.0,0,0,3,0.6688187,0.17656176,1,0,adulto
ICB_03373_003,ICB_135,pneumonia,3M Littmann Classic II SE,70.0,0,0,3,0.5528767,0.19718762,0,0,adulto
ICB_03373_004,ICB_135,pneumonia,3M Littmann Classic II SE,70.0,0,0,3,0.6518339,0.19308387,1,0,adulto
ICB_03373_005,ICB_135,pneumonia,3M Littmann Classic II SE,70.0,0,0,3,0.49591672,0.17983373,0,0,adulto
ICB_03373_006,ICB_135,pneumonia,3M Littmann Classic II SE,70.0,0,0,3,0.46326607,0.18207194,0,0,adulto
ICB_03374_000,ICB_135,pneumonia,3M Littmann Classic II SE,70.0,0,0,3,0.40145054,0.21475904,0,0,adulto
ICB_03374_001,ICB_135,pneumonia,3M Littmann Classic II SE,70.0,0,0,3,0.48815364,0.24567194,0,0,adulto
ICB_03374_002,ICB_135,pneumonia,3M Littmann Classic II SE,70.0,0,0,3,0.29322454,0.18068372,0,0,adulto
ICB_03374_003,ICB_135,pneumonia,3M Littmann Classic II SE,70.0,0,0,3,0.37520683,0.19618171,0,0,adulto
ICB_03374_004,ICB_135,pneumonia,3M Littmann Classic II SE,70.0,0,0,3,0.38529244,0.16802901,0,0,adulto
ICB_03374_005,ICB_135,pneumonia,3M Littmann Classic II SE,70.0,0,0,3,0.31092286,0.18092678,0,0,adulto
ICB_03374_006,ICB_135,pneumonia,3M Littmann Classic II SE,70.0,0,0,3,0.37428898,0.17665942,0,0,adulto
ICB_03374_007,ICB_135,pneumonia,3M Littmann Classic II SE,70.0,0,0,3,0.25023374,0.07473065,0,0,adulto
ICB_03375_000,ICB_135,pneumonia,3M Littmann Classic II SE,70.0,0,0,3,0.46285316,0.10062335,0,0,adulto
ICB_03375_001,ICB_135,pneumonia,3M Littmann Classic II SE,70.0,0,0,3,0.50979334,0.18655984,0,0,adulto
ICB_03375_002,ICB_135,pneumonia,3M Littmann Classic II SE,70.0,0,0,3,0.583769,0.2462876,0,0,adulto
ICB_03375_003,ICB_135,pneumonia,3M Littmann Classic II SE,70.0,0,0,3,0.5382102,0.24687555,0,0,adulto
ICB_03375_004,ICB_135,pneumonia,3M Littmann Classic II SE,70.0,0,0,3,0.5142892,0.16582012,0,0,adulto
ICB_03375_005,ICB_135,pneumonia,3M Littmann Classic II SE,70.0,0,0,3,0.61043,0.124124475,1,0,adulto
ICB_03375_006,ICB_135,pneumonia,3M Littmann Classic II SE,70.0,0,0,3,0.6544821,0.16496076,1,0,adulto
ICB_03375_007,ICB_135,pneumonia,3M Littmann Classic II SE,70.0,0,0,3,0.59318465,0.15200707,0,0,adulto
ICB_03375_008,ICB_135,pneumonia,3M Littmann Classic II SE,70.0,0,0,3,0.4801724,0.17634708,0,0,adulto
ICB_03376_000,ICB_135,pneumonia,3M Littmann Classic II SE,70.0,0,0,3,0.38920224,0.20729639,0,0,adulto
ICB_03376_001,ICB_135,pneumonia,3M Littmann Classic II SE,70.0,0,0,3,0.46204203,0.17717165,0,0,adulto
ICB_03376_002,ICB_135,pneumonia,3M Littmann Classic II SE,70.0,0,0,3,0.43091944,0.18822385,0,0,adulto
ICB_03376_003,ICB_135,pneumonia,3M Littmann Classic II SE,70.0,0,0,3,0.4206524,0.22976787,0,0,adulto
ICB_03376_004,ICB_135,pneumonia,3M Littmann Classic II SE,70.0,0,0,3,0.3902577,0.11204987,0,0,adulto
ICB_03376_005,ICB_135,pneumonia,3M Littmann Classic II SE,70.0,0,0,3,0.38662216,0.11953327,0,0,adulto
ICB_03376_006,ICB_135,pneumonia,3M Littmann Classic II SE,70.0,0,0,3,0.4575929,0.0999074,0,0,adulto
ICB_03376_007,ICB_135,pneumonia,3M Littmann Classic II SE,70.0,0,0,3,0.29806688,0.0937398,0,0,adulto
ICB_03376_008,ICB_135,pneumonia,3M Littmann Classic II SE,70.0,0,0,3,0.34559095,0.14900385,0,0,adulto
ICB_03377_000,ICB_135,pneumonia,3M Littmann Classic II SE,70.0,0,0,3,0.49112433,0.20389822,0,0,adulto
ICB_03377_001,ICB_135,pneumonia,3M Littmann Classic II SE,70.0,0,0,3,0.47633055,0.19793753,0,0,adulto
ICB_03377_002,ICB_135,pneumonia,3M Littmann Classic II SE,70.0,0,0,3,0.5013666,0.21040313,0,0,adulto
ICB_03377_003,ICB_135,pneumonia,3M Littmann Classic II SE,70.0,0,0,3,0.48532435,0.21842457,0,0,adulto
ICB_03377_004,ICB_135,pneumonia,3M Littmann Classic II SE,70.0,0,0,3,0.49638143,0.19868729,0,0,adulto
ICB_03377_005,ICB_135,pneumonia,3M Littmann Classic II SE,70.0,0,0,3,0.73813957,0.18447809,1,0,adulto
ICB_03377_006,ICB_135,pneumonia,3M Littmann Classic II SE,70.0,0,0,3,0.49485385,0.205513,0,0,adulto
ICB_03377_007,ICB_135,pneumonia,3M Littmann Classic II SE,70.0,0,0,3,0.4538395,0.18782058,0,0,adulto
ICB_03377_008,ICB_135,pneumonia,3M Littmann Classic II SE,70.0,0,0,3,0.42378187,0.16470408,0,0,adulto
ICB_03378_000,ICB_135,pneumonia,3M Littmann Classic II SE,70.0,0,0,3,0.6665587,0.110639885,1,0,adulto
ICB_03378_001,ICB_135,pneumonia,3M Littmann Classic II SE,70.0,0,0,3,0.574855,0.0907601,0,0,adulto
ICB_03378_002,ICB_135,pneumonia,3M Littmann Classic II SE,70.0,0,0,3,0.5098255,0.14863051,0,0,adulto
ICB_03378_003,ICB_135,pneumonia,3M Littmann Classic II SE,70.0,0,0,3,0.3954831,0.10800672,0,0,adulto
ICB_03378_004,ICB_135,pneumonia,3M Littmann Classic II SE,70.0,0,0,3,0.49204117,0.095663965,0,0,adulto
ICB_03378_005,ICB_135,pneumonia,3M Littmann Classic II SE,70.0,0,0,3,0.45466626,0.10486169,0,0,adulto
ICB_03378_006,ICB_135,pneumonia,3M Littmann Classic II SE,70.0,0,0,3,0.4932021,0.08230891,0,0,adulto
ICB_03378_007,ICB_135,pneumonia,3M Littmann Classic II SE,70.0,0,0,3,0.4207356,0.07228928,0,0,adulto
ICB_03378_008,ICB_135,pneumonia,3M Littmann Classic II SE,70.0,0,0,3,0.38983807,0.11376609,0,0,adulto
ICB_03379_000,ICB_135,pneumonia,3M Littmann Classic II SE,70.0,0,0,3,0.26969585,0.20936285,0,0,adulto
ICB_03379_001,ICB_135,pneumonia,3M Littmann Classic II SE,70.0,0,0,3,0.28003278,0.18774311,0,0,adulto
ICB_03379_002,ICB_135,pneumonia,3M Littmann Classic II SE,70.0,0,0,3,0.25628877,0.16807452,0,0,adulto
ICB_03379_003,ICB_135,pneumonia,3M Littmann Classic II SE,70.0,0,0,3,0.2338185,0.16899477,0,0,adulto
ICB_03379_004,ICB_135,pneumonia,3M Littmann Classic II SE,70.0,0,0,3,0.37137792,0.1463524,0,0,adulto
ICB_03379_005,ICB_135,pneumonia,3M Littmann Classic II SE,70.0,0,0,3,0.3751822,0.18816584,0,0,adulto
ICB_03379_006,ICB_135,pneumonia,3M Littmann Classic II SE,70.0,0,0,3,0.28857777,0.18255436,0,0,adulto
ICB_03379_007,ICB_135,pneumonia,3M Littmann Classic II SE,70.0,0,0,3,0.29498154,0.182771,0,0,adulto
ICB_03379_008,ICB_135,pneumonia,3M Littmann Classic II SE,70.0,0,0,3,0.32360792,0.1711558,0,0,adulto
ICB_03450_000,ICB_147,copd,AKG C417L Microphone,77.0,0,0,3,0.24149786,0.12610355,0,0,adulto
ICB_03450_001,ICB_147,copd,AKG C417L Microphone,77.0,0,0,3,0.39302066,0.0876017,0,0,adulto
ICB_03450_002,ICB_147,copd,AKG C417L Microphone,77.0,0,0,3,0.2412055,0.12603937,0,0,adulto
ICB_03450_003,ICB_147,copd,AKG C417L Microphone,77.0,0,0,3,0.5008358,0.11642944,0,0,adulto
ICB_03450_004,ICB_147,copd,AKG C417L Microphone,77.0,0,0,3,0.47328252,0.10099375,0,0,adulto
ICB_03450_005,ICB_147,copd,AKG C417L Microphone,77.0,0,0,3,0.25608653,0.14118788,0,0,adulto
ICB_03450_006,ICB_147,copd,AKG C417L Microphone,77.0,0,0,3,0.24270603,0.13625234,0,0,adulto
ICB_03450_007,ICB_147,copd,AKG C417L Microphone,77.0,0,1,3,0.23908813,0.14039393,0,2,adulto
ICB_03450_008,ICB_147,copd,AKG C417L Microphone,77.0,0,1,3,0.28702652,0.13518102,0,2,adulto
ICB_03450_009,ICB_147,copd,AKG C417L Microphone,77.0,0,1,3,0.27781025,0.15985046,0,2,adulto
ICB_03450_010,ICB_147,copd,AKG C417L Microphone,77.0,0,1,3,0.26896492,0.12843528,0,2,adulto
ICB_03450_011,ICB_147,copd,AKG C417L Microphone,77.0,0,0,3,0.30545247,0.1498935,0,0,adulto
ICB_03451_000,ICB_147,copd,AKG C417L Microphone,77.0,0,0,3,0.27331296,0.19072098,0,0,adulto
ICB_03451_001,ICB_147,copd,AKG C417L Microphone,77.0,0,0,3,0.3373436,0.19067945,0,0,adulto
ICB_03451_002,ICB_147,copd,AKG C417L Microphone,77.0,1,0,3,0.30724972,0.18765584,0,1,adulto
ICB_03451_003,ICB_147,copd,AKG C417L Microphone,77.0,1,0,3,0.2994105,0.15320148,0,1,adulto
ICB_03451_004,ICB_147,copd,AKG C417L Microphone,77.0,0,0,3,0.34313017,0.14250618,0,0,adulto
ICB_03451_005,ICB_147,copd,AKG C417L Microphone,77.0,0,0,3,0.37417185,0.13529418,0,0,adulto
ICB_03451_006,ICB_147,copd,AKG C417L Microphone,77.0,0,0,3,0.23503442,0.1067388,0,0,adulto
ICB_03451_007,ICB_147,copd,AKG C417L Microphone,77.0,0,0,3,0.2623569,0.116511606,0,0,adulto
ICB_03451_008,ICB_147,copd,AKG C417L Microphone,77.0,0,0,3,0.31518182,0.11768572,0,0,adulto
ICB_03451_009,ICB_147,copd,AKG C417L Microphone,77.0,0,0,3,0.27340356,0.12063419,0,0,adulto
ICB_03451_010,ICB_147,copd,AKG C417L Microphone,77.0,0,0,3,0.25173625,0.16894412,0,0,adulto
ICB_03452_000,ICB_147,copd,AKG C417L Microphone,77.0,0,1,3,0.26601005,0.15402627,0,2,adulto
ICB_03452_001,ICB_147,copd,AKG C417L Microphone,77.0,0,1,3,0.26914352,0.1231622,0,2,adulto
ICB_03452_002,ICB_147,copd,AKG C417L Microphone,77.0,0,0,3,0.2318515,0.11062597,0,0,adulto
ICB_03452_003,ICB_147,copd,AKG C417L Microphone,77.0,0,1,3,0.2093124,0.11758348,0,2,adulto
ICB_03452_004,ICB_147,copd,AKG C417L Microphone,77.0,0,1,3,0.2506253,0.12125587,0,2,adulto
ICB_03452_005,ICB_147,copd,AKG C417L Microphone,77.0,0,1,3,0.24315913,0.15161315,0,2,adulto
ICB_03452_006,ICB_147,copd,AKG C417L Microphone,77.0,0,1,3,0.25452474,0.16093871,0,2,adulto
ICB_03452_007,ICB_147,copd,AKG C417L Microphone,77.0,0,1,3,0.2678485,0.14981183,0,2,adulto
ICB_03452_008,ICB_147,copd,AKG C417L Microphone,77.0,0,1,3,0.27829137,0.1319265,0,2,adulto
ICB_03452_009,ICB_147,copd,AKG C417L Microphone,77.0,0,0,3,0.3454812,0.14592654,0,0,adulto
ICB_03452_010,ICB_147,copd,AKG C417L Microphone,77.0,0,1,3,0.3303066,0.16049783,0,2,adulto
ICB_03452_011,ICB_147,copd,AKG C417L Microphone,77.0,0,0,3,0.3276539,0.16157283,0,0,adulto
ICB_03452_012,ICB_147,copd,AKG C417L Microphone,77.0,0,0,3,0.30393264,0.18697903,0,0,adulto
ICB_03452_013,ICB_147,copd,AKG C417L Microphone,77.0,0,1,3,0.2777921,0.1509007,0,2,adulto
ICB_03452_014,ICB_147,copd,AKG C417L Microphone,77.0,0,0,3,0.25390932,0.14688353,0,0,adulto
ICB_03453_000,ICB_147,copd,AKG C417L Microphone,77.0,0,1,3,0.607599,0.20053793,1,2,adulto
ICB_03453_001,ICB_147,copd,AKG C417L Microphone,77.0,0,1,3,0.7757579,0.19573845,1,2,adulto
ICB_03453_002,ICB_147,copd,AKG C417L Microphone,77.0,0,1,3,0.59542584,0.6448319,0,2,adulto
ICB_03453_003,ICB_147,copd,AKG C417L Microphone,77.0,0,0,3,0.71214294,0.15457787,1,0,adulto
ICB_03453_004,ICB_147,copd,AKG C417L Microphone,77.0,0,0,3,0.50575536,0.17169775,0,0,adulto
ICB_03454_000,ICB_147,copd,AKG C417L Microphone,77.0,0,1,3,0.5995347,0.13758835,0,2,adulto
ICB_03454_001,ICB_147,copd,AKG C417L Microphone,77.0,0,1,3,0.65031457,0.14908388,1,2,adulto
ICB_03454_002,ICB_147,copd,AKG C417L Microphone,77.0,0,1,3,0.52485114,0.6427311,0,2,adulto
ICB_03454_003,ICB_147,copd,AKG C417L Microphone,77.0,0,0,3,0.6346352,0.16682994,1,0,adulto
ICB_03454_004,ICB_147,copd,AKG C417L Microphone,77.0,0,0,3,0.38104942,0.07318534,0,0,adulto
ICB_03455_000,ICB_147,copd,AKG C417L Microphone,77.0,0,0,3,0.6757059,0.19851132,1,0,adulto
ICB_03455_001,ICB_147,copd,AKG C417L Microphone,77.0,0,1,3,0.7752061,0.4501415,1,2,adulto
ICB_03455_002,ICB_147,copd,AKG C417L Microphone,77.0,0,1,3,0.749082,0.4696437,1,2,adulto
ICB_03455_003,ICB_147,copd,AKG C417L Microphone,77.0,0,1,3,0.8111209,0.26225856,1,2,adulto
ICB_03455_004,ICB_147,copd,AKG C417L Microphone,77.0,0,0,3,0.56484455,0.20526215,0,0,adulto
ICB_03456_000,ICB_147,copd,AKG C417L Microphone,77.0,0,0,3,0.74906635,0.16110991,1,0,adulto
ICB_03456_001,ICB_147,copd,AKG C417L Microphone,77.0,0,1,3,0.6274705,0.43967074,1,2,adulto
ICB_03456_002,ICB_147,copd,AKG C417L Microphone,77.0,0,0,3,0.73179346,0.12475357,1,0,adulto
ICB_03456_003,ICB_147,copd,AKG C417L Microphone,77.0,0,1,3,0.72850406,0.18714824,1,2,adulto
ICB_03456_004,ICB_147,copd,AKG C417L Microphone,77.0,0,0,3,0.4982667,0.18965964,0,0,adulto
ICB_03457_000,ICB_147,copd,AKG C417L Microphone,77.0,0,0,3,0.61425096,0.16591442,1,0,adulto
ICB_03457_001,ICB_147,copd,AKG C417L Microphone,77.0,0,1,3,0.61908334,0.19396272,1,2,adulto
ICB_03457_002,ICB_147,copd,AKG C417L Microphone,77.0,0,0,3,0.6017718,0.20649776,1,0,adulto
ICB_03457_003,ICB_147,copd,AKG C417L Microphone,77.0,0,0,3,0.6347383,0.21791047,1,0,adulto
ICB_03457_004,ICB_147,copd,AKG C417L Microphone,77.0,0,0,3,0.3923531,0.13978413,0,0,adulto
ICB_03458_000,ICB_147,copd,AKG C417L Microphone,77.0,0,0,3,0.8083282,0.15495421,1,0,adulto
ICB_03458_001,ICB_147,copd,AKG C417L Microphone,77.0,0,0,3,0.5558435,0.39726833,0,0,adulto
ICB_03458_002,ICB_147,copd,AKG C417L Microphone,77.0,0,0,3,0.8547372,0.28508747,1,0,adulto
ICB_03458_003,ICB_147,copd,AKG C417L Microphone,77.0,0,0,3,0.80430746,0.37722936,1,0,adulto
ICB_03458_004,ICB_147,copd,AKG C417L Microphone,77.0,0,0,3,0.5864161,0.22296546,0,0,adulto
ICB_03459_000,ICB_147,copd,AKG C417L Microphone,77.0,0,0,3,0.5247485,0.2506861,0,0,adulto
ICB_03459_001,ICB_147,copd,AKG C417L Microphone,77.0,0,0,3,0.33165398,0.52301395,0,0,adulto
ICB_03459_002,ICB_147,copd,AKG C417L Microphone,77.0,0,0,3,0.52140546,0.25103602,0,0,adulto
ICB_03459_003,ICB_147,copd,AKG C417L Microphone,77.0,0,0,3,0.5272298,0.5668162,0,0,adulto
ICB_03459_004,ICB_147,copd,AKG C417L Microphone,77.0,0,0,3,0.4290676,0.22570094,0,0,adulto
ICB_03460_000,ICB_147,copd,AKG C417L Microphone,77.0,0,1,3,0.7060377,0.20037556,1,2,adulto
ICB_03460_001,ICB_147,copd,AKG C417L Microphone,77.0,0,1,3,0.66915417,0.55181813,1,2,adulto
ICB_03460_002,ICB_147,copd,AKG C417L Microphone,77.0,0,1,3,0.70306516,0.24320826,1,2,adulto
ICB_03460_003,ICB_147,copd,AKG C417L Microphone,77.0,0,1,3,0.6972645,0.27821767,1,2,adulto
ICB_03460_004,ICB_147,copd,AKG C417L Microphone,77.0,0,0,3,0.57979864,0.19208214,0,0,adulto
ICB_03461_000,ICB_147,copd,AKG C417L Microphone,77.0,0,0,3,0.67560655,0.15252267,1,0,adulto
ICB_03461_001,ICB_147,copd,AKG C417L Microphone,77.0,0,0,3,0.657469,0.18367876,1,0,adulto
ICB_03461_002,ICB_147,copd,AKG C417L Microphone,77.0,0,0,3,0.6280969,0.14732683,1,0,adulto
ICB_03461_003,ICB_147,copd,AKG C417L Microphone,77.0,0,0,3,0.715675,0.19250436,1,0,adulto
ICB_03461_004,ICB_147,copd,AKG C417L Microphone,77.0,0,0,3,0.4491957,0.2543803,0,0,adulto
ICB_03462_000,ICB_147,copd,AKG C417L Microphone,77.0,0,0,3,0.5341659,0.17975764,0,0,adulto
ICB_03462_001,ICB_147,copd,AKG C417L Microphone,77.0,0,0,3,0.51453286,0.1607677,0,0,adulto
ICB_03462_002,ICB_147,copd,AKG C417L Microphone,77.0,0,0,3,0.4971892,0.10895481,0,0,adulto
ICB_03462_003,ICB_147,copd,AKG C417L Microphone,77.0,0,0,3,0.64601517,0.17779037,1,0,adulto
ICB_03462_004,ICB_147,copd,AKG C417L Microphone,77.0,0,0,3,0.41388872,0.11730455,0,0,adulto
ICB_03463_000,ICB_147,copd,AKG C417L Microphone,77.0,0,0,3,0.8069186,0.20111026,1,0,adulto
ICB_03463_001,ICB_147,copd,AKG C417L Microphone,77.0,0,0,3,0.78652763,0.24964216,1,0,adulto
ICB_03463_002,ICB_147,copd,AKG C417L Microphone,77.0,0,0,3,0.8207586,0.23419107,1,0,adulto
ICB_03463_003,ICB_147,copd,AKG C417L Microphone,77.0,0,0,3,0.8406799,0.2264387,1,0,adulto
ICB_03463_004,ICB_147,copd,AKG C417L Microphone,77.0,0,0,3,0.5622651,0.27247256,0,0,adulto
ICB_03464_000,ICB_147,copd,AKG C417L Microphone,77.0,0,0,3,0.43229073,0.26411265,0,0,adulto
ICB_03464_001,ICB_147,copd,AKG C417L Microphone,77.0,0,0,3,0.4553558,0.20476508,0,0,adulto
ICB_03464_002,ICB_147,copd,AKG C417L Microphone,77.0,0,0,3,0.4696808,0.07670636,0,0,adulto
ICB_03464_003,ICB_147,copd,AKG C417L Microphone,77.0,0,0,3,0.5107485,0.22991472,0,0,adulto
ICB_03464_004,ICB_147,copd,AKG C417L Microphone,77.0,0,0,3,0.49708432,0.23528655,0,0,adulto
ICB_03465_000,ICB_147,copd,AKG C417L Microphone,77.0,0,1,3,0.7425588,0.35023946,1,2,adulto
ICB_03465_001,ICB_147,copd,AKG C417L Microphone,77.0,0,0,3,0.7096997,0.22068125,1,0,adulto
ICB_03465_002,ICB_147,copd,AKG C417L Microphone,77.0,0,0,3,0.7644583,0.17395459,1,0,adulto
ICB_03465_003,ICB_147,copd,AKG C417L Microphone,77.0,0,0,3,0.8358746,0.19443405,1,0,adulto
ICB_03465_004,ICB_147,copd,AKG C417L Microphone,77.0,0,0,3,0.535255,0.23049076,0,0,adulto
ICB_03466_000,ICB_148,respiratory_infection,3M Littmann Classic II SE,4.0,0,0,3,0.22787611,0.11785042,0,0,pediátrico (<18)
ICB_03466_001,ICB_148,respiratory_infection,3M Littmann Classic II SE,4.0,0,0,3,0.28121746,0.08014822,0,0,pediátrico (<18)
ICB_03466_002,ICB_148,respiratory_infection,3M Littmann Classic II SE,4.0,0,0,3,0.24207239,0.052411515,0,0,pediátrico (<18)
ICB_03466_003,ICB_148,respiratory_infection,3M Littmann Classic II SE,4.0,0,0,3,0.282574,0.038422327,0,0,pediátrico (<18)
ICB_03466_004,ICB_148,respiratory_infection,3M Littmann Classic II SE,4.0,0,0,3,0.19629572,0.04747576,0,0,pediátrico (<18)
ICB_03466_005,ICB_148,respiratory_infection,3M Littmann Classic II SE,4.0,0,0,3,0.2500327,0.049644224,0,0,pediátrico (<18)
ICB_03466_006,ICB_148,respiratory_infection,3M Littmann Classic II SE,4.0,0,0,3,0.2636733,0.070942044,0,0,pediátrico (<18)
ICB_03466_007,ICB_148,respiratory_infection,3M Littmann Classic II SE,4.0,0,0,3,0.2443926,0.059336103,0,0,pediátrico (<18)
ICB_03466_008,ICB_148,respiratory_infection,3M Littmann Classic II SE,4.0,0,0,3,0.19834152,0.06068843,0,0,pediátrico (<18)
ICB_03466_009,ICB_148,respiratory_infection,3M Littmann Classic II SE,4.0,0,0,3,0.21584143,0.068994805,0,0,pediátrico (<18)
ICB_03466_010,ICB_148,respiratory_infection,3M Littmann Classic II SE,4.0,0,0,3,0.28516746,0.14663078,0,0,pediátrico (<18)
ICB_03499_000,ICB_152,normal_lung,3M Littmann Classic II SE,16.0,0,0,3,0.4544476,0.22336252,0,0,pediátrico (<18)
ICB_03499_001,ICB_152,normal_lung,3M Littmann Classic II SE,16.0,0,0,3,0.50980633,0.15057513,0,0,pediátrico (<18)
ICB_03499_002,ICB_152,normal_lung,3M Littmann Classic II SE,16.0,0,0,3,0.39335808,0.12225754,0,0,pediátrico (<18)
ICB_03499_003,ICB_152,normal_lung,3M Littmann Classic II SE,16.0,0,0,3,0.49795964,0.27003527,0,0,pediátrico (<18)
ICB_03499_004,ICB_152,normal_lung,3M Littmann Classic II SE,16.0,0,0,3,0.510917,0.24966,0,0,pediátrico (<18)
ICB_03499_005,ICB_152,normal_lung,3M Littmann Classic II SE,16.0,0,0,3,0.5395601,0.26772738,0,0,pediátrico (<18)
ICB_03499_006,ICB_152,normal_lung,3M Littmann Classic II SE,16.0,0,0,3,0.45146686,0.14746861,0,0,pediátrico (<18)
ICB_03524_000,ICB_155,copd,3M Littmann Classic II SE,69.0,0,0,3,0.41718453,0.13235757,0,0,adulto
ICB_03524_001,ICB_155,copd,3M Littmann Classic II SE,69.0,0,0,3,0.4787702,0.09814089,0,0,adulto
ICB_03524_002,ICB_155,copd,3M Littmann Classic II SE,69.0,0,0,3,0.514228,0.2947724,0,0,adulto
ICB_03524_003,ICB_155,copd,3M Littmann Classic II SE,69.0,0,0,3,0.41174558,0.1683603,0,0,adulto
ICB_03524_004,ICB_155,copd,3M Littmann Classic II SE,69.0,0,0,3,0.689937,0.3270173,1,0,adulto
ICB_03524_005,ICB_155,copd,3M Littmann Classic II SE,69.0,0,0,3,0.4761526,0.18988027,0,0,adulto
ICB_03575_000,ICB_160,copd,AKG C417L Microphone,74.0,1,1,3,0.6465401,0.5716346,1,3,adulto
ICB_03575_001,ICB_160,copd,AKG C417L Microphone,74.0,1,1,3,0.6934304,0.37873554,1,3,adulto
ICB_03576_000,ICB_160,copd,AKG C417L Microphone,74.0,0,1,3,0.6406266,0.27964827,1,2,adulto
ICB_03576_001,ICB_160,copd,AKG C417L Microphone,74.0,0,1,3,0.7506934,0.15637146,1,2,adulto
ICB_03577_000,ICB_160,copd,AKG C417L Microphone,74.0,1,0,3,0.7572543,0.2060384,1,1,adulto
ICB_03577_001,ICB_160,copd,AKG C417L Microphone,74.0,0,1,3,0.68079954,0.16966835,1,2,adulto
ICB_03578_000,ICB_160,copd,AKG C417L Microphone,74.0,0,1,3,0.66545814,0.311621,1,2,adulto
ICB_03578_001,ICB_160,copd,AKG C417L Microphone,74.0,0,1,3,0.83296895,0.16373983,1,2,adulto
ICB_03579_000,ICB_160,copd,AKG C417L Microphone,74.0,1,1,3,0.5785753,0.42453948,0,3,adulto
ICB_03579_001,ICB_160,copd,AKG C417L Microphone,74.0,0,1,3,0.8134272,0.18010242,1,2,adulto
ICB_03580_000,ICB_160,copd,AKG C417L Microphone,74.0,0,0,3,0.7467736,0.084761575,1,0,adulto
ICB_03580_001,ICB_160,copd,AKG C417L Microphone,74.0,0,1,3,0.7611475,0.114586174,1,2,adulto
ICB_03581_000,ICB_160,copd,AKG C417L Microphone,74.0,0,1,3,0.49338648,0.36180794,0,2,adulto
ICB_03581_001,ICB_160,copd,AKG C417L Microphone,74.0,1,1,3,0.6806679,0.37126547,1,3,adulto
ICB_03581_002,ICB_160,copd,AKG C417L Microphone,74.0,0,1,3,0.45170012,0.2421686,0,2,adulto
ICB_03581_003,ICB_160,copd,AKG C417L Microphone,74.0,0,1,3,0.6019844,0.25153378,1,2,adulto
ICB_03581_004,ICB_160,copd,AKG C417L Microphone,74.0,0,0,3,0.5918777,0.27107418,0,0,adulto
ICB_03582_000,ICB_160,copd,AKG C417L Microphone,74.0,0,1,3,0.5740081,0.21788764,0,2,adulto
ICB_03582_001,ICB_160,copd,AKG C417L Microphone,74.0,0,1,3,0.5376422,0.22342005,0,2,adulto
ICB_03582_002,ICB_160,copd,AKG C417L Microphone,74.0,0,1,3,0.54090166,0.21578129,0,2,adulto
ICB_03582_003,ICB_160,copd,AKG C417L Microphone,74.0,0,1,3,0.59486383,0.1839694,0,2,adulto
ICB_03582_004,ICB_160,copd,AKG C417L Microphone,74.0,0,0,3,0.48840705,0.18364944,0,0,adulto
ICB_03583_000,ICB_160,copd,AKG C417L Microphone,74.0,0,1,3,0.6866903,0.1818411,1,2,adulto
ICB_03583_001,ICB_160,copd,AKG C417L Microphone,74.0,0,1,3,0.7735684,0.21314621,1,2,adulto
ICB_03583_002,ICB_160,copd,AKG C417L Microphone,74.0,0,1,3,0.7697166,0.23984265,1,2,adulto
ICB_03583_003,ICB_160,copd,AKG C417L Microphone,74.0,0,1,3,0.7858132,0.22833684,1,2,adulto
ICB_03583_004,ICB_160,copd,AKG C417L Microphone,74.0,0,0,3,0.7293328,0.19709586,1,0,adulto
ICB_03584_000,ICB_160,copd,AKG C417L Microphone,74.0,0,1,3,0.64973,0.26230857,1,2,adulto
ICB_03584_001,ICB_160,copd,AKG C417L Microphone,74.0,1,1,3,0.61918885,0.22081742,1,3,adulto
ICB_03584_002,ICB_160,copd,AKG C417L Microphone,74.0,1,1,3,0.60148096,0.31724536,1,3,adulto
ICB_03584_003,ICB_160,copd,AKG C417L Microphone,74.0,0,1,3,0.6019169,0.2293548,1,2,adulto
ICB_03584_004,ICB_160,copd,AKG C417L Microphone,74.0,0,0,3,0.5842804,0.24463747,0,0,adulto
ICB_03585_000,ICB_160,copd,AKG C417L Microphone,74.0,1,1,3,0.6052438,0.21250966,1,3,adulto
ICB_03585_001,ICB_160,copd,AKG C417L Microphone,74.0,1,1,3,0.6300291,0.19584894,1,3,adulto
ICB_03585_002,ICB_160,copd,AKG C417L Microphone,74.0,1,1,3,0.49922907,0.52148646,0,3,adulto
ICB_03585_003,ICB_160,copd,AKG C417L Microphone,74.0,1,1,3,0.6351342,0.20523489,1,3,adulto
ICB_03585_004,ICB_160,copd,AKG C417L Microphone,74.0,1,0,3,0.5730251,0.20381218,0,1,adulto
ICB_03586_000,ICB_160,copd,AKG C417L Microphone,74.0,0,0,3,0.75303584,0.10031864,1,0,adulto
ICB_03586_001,ICB_160,copd,AKG C417L Microphone,74.0,0,1,3,0.6805116,0.077763505,1,2,adulto
ICB_03586_002,ICB_160,copd,AKG C417L Microphone,74.0,0,1,3,0.6548269,0.086301945,1,2,adulto
ICB_03586_003,ICB_160,copd,AKG C417L Microphone,74.0,0,1,3,0.7237369,0.13062535,1,2,adulto
ICB_03586_004,ICB_160,copd,AKG C417L Microphone,74.0,0,0,3,0.74978775,0.14192806,1,0,adulto
ICB_03587_000,ICB_160,copd,AKG C417L Microphone,74.0,1,1,3,0.76696527,0.13059385,1,3,adulto
ICB_03587_001,ICB_160,copd,AKG C417L Microphone,74.0,1,1,3,0.62654406,0.40378088,1,3,adulto
ICB_03587_002,ICB_160,copd,AKG C417L Microphone,74.0,1,1,3,0.67001283,0.30568337,1,3,adulto
ICB_03587_003,ICB_160,copd,AKG C417L Microphone,74.0,1,1,3,0.71207607,0.1212812,1,3,adulto
ICB_03588_000,ICB_160,copd,AKG C417L Microphone,74.0,0,1,3,0.62198347,0.25100076,1,2,adulto
ICB_03588_001,ICB_160,copd,AKG C417L Microphone,74.0,0,1,3,0.63114554,0.18863325,1,2,adulto
ICB_03588_002,ICB_160,copd,AKG C417L Microphone,74.0,1,1,3,0.6651623,0.23930456,1,3,adulto
ICB_03588_003,ICB_160,copd,AKG C417L Microphone,74.0,1,1,3,0.6262981,0.1732408,1,3,adulto
ICB_03589_000,ICB_160,copd,AKG C417L Microphone,74.0,0,1,3,0.7341284,0.20759462,1,2,adulto
ICB_03589_001,ICB_160,copd,AKG C417L Microphone,74.0,0,1,3,0.7323446,0.19233198,1,2,adulto
ICB_03589_002,ICB_160,copd,AKG C417L Microphone,74.0,0,1,3,0.8522932,0.16682129,1,2,adulto
ICB_03589_003,ICB_160,copd,AKG C417L Microphone,74.0,0,1,3,0.8318821,0.24304873,1,2,adulto
ICB_03590_000,ICB_160,copd,AKG C417L Microphone,74.0,0,1,3,0.6594588,0.2234128,1,2,adulto
ICB_03590_001,ICB_160,copd,AKG C417L Microphone,74.0,1,1,3,0.58598924,0.19298486,0,3,adulto
ICB_03590_002,ICB_160,copd,AKG C417L Microphone,74.0,0,1,3,0.6602296,0.26584524,1,2,adulto
ICB_03590_003,ICB_160,copd,AKG C417L Microphone,74.0,0,1,3,0.66928697,0.23423915,1,2,adulto
ICB_03591_000,ICB_160,copd,AKG C417L Microphone,74.0,1,1,3,0.62581676,0.1753078,1,3,adulto
ICB_03591_001,ICB_160,copd,AKG C417L Microphone,74.0,1,1,3,0.6384722,0.20233417,1,3,adulto
ICB_03591_002,ICB_160,copd,AKG C417L Microphone,74.0,1,0,3,0.63356394,0.20195648,1,1,adulto
ICB_03591_003,ICB_160,copd,AKG C417L Microphone,74.0,1,0,3,0.70111895,0.1998542,1,1,adulto
ICB_03592_000,ICB_160,copd,AKG C417L Microphone,74.0,0,1,3,0.8078969,0.12433179,1,2,adulto
ICB_03592_001,ICB_160,copd,AKG C417L Microphone,74.0,0,1,3,0.63528085,0.12918068,1,2,adulto
ICB_03592_002,ICB_160,copd,AKG C417L Microphone,74.0,0,1,3,0.7590436,0.04697147,1,2,adulto
ICB_03592_003,ICB_160,copd,AKG C417L Microphone,74.0,0,1,3,0.62651014,0.18356577,1,2,adulto
ICB_03593_000,ICB_160,copd,AKG C417L Microphone,74.0,0,0,3,0.6729705,0.12554143,1,0,adulto
ICB_03593_001,ICB_160,copd,AKG C417L Microphone,74.0,0,0,3,0.4547509,0.18377644,0,0,adulto
ICB_03593_002,ICB_160,copd,AKG C417L Microphone,74.0,0,0,3,0.481782,0.3230238,0,0,adulto
ICB_03593_003,ICB_160,copd,AKG C417L Microphone,74.0,1,0,3,0.5721628,0.15648507,0,1,adulto
ICB_03593_004,ICB_160,copd,AKG C417L Microphone,74.0,0,0,3,0.47936037,0.15693688,0,0,adulto
ICB_03593_005,ICB_160,copd,AKG C417L Microphone,74.0,0,0,3,0.5418775,0.19220303,0,0,adulto
ICB_03593_006,ICB_160,copd,AKG C417L Microphone,74.0,0,0,3,0.4445496,0.19535096,0,0,adulto
ICB_03594_000,ICB_160,copd,AKG C417L Microphone,74.0,1,0,3,0.49111745,0.12730746,0,1,adulto
ICB_03594_001,ICB_160,copd,AKG C417L Microphone,74.0,1,0,3,0.49921837,0.13447845,0,1,adulto
ICB_03594_002,ICB_160,copd,AKG C417L Microphone,74.0,1,0,3,0.5184768,0.13460888,0,1,adulto
ICB_03594_003,ICB_160,copd,AKG C417L Microphone,74.0,1,0,3,0.5959361,0.16030058,0,1,adulto
ICB_03594_004,ICB_160,copd,AKG C417L Microphone,74.0,1,0,3,0.5615181,0.08302046,0,1,adulto
ICB_03594_005,ICB_160,copd,AKG C417L Microphone,74.0,1,0,3,0.4749829,0.09909949,0,1,adulto
ICB_03594_006,ICB_160,copd,AKG C417L Microphone,74.0,1,0,3,0.49221143,0.11995683,0,1,adulto
ICB_03595_000,ICB_160,copd,AKG C417L Microphone,74.0,1,0,3,0.6088212,0.18477131,1,1,adulto
ICB_03595_001,ICB_160,copd,AKG C417L Microphone,74.0,1,0,3,0.60145146,0.18365279,1,1,adulto
ICB_03595_002,ICB_160,copd,AKG C417L Microphone,74.0,1,0,3,0.5670817,0.19776285,0,1,adulto
ICB_03595_003,ICB_160,copd,AKG C417L Microphone,74.0,1,0,3,0.66393924,0.18188696,1,1,adulto
ICB_03595_004,ICB_160,copd,AKG C417L Microphone,74.0,1,0,3,0.60216594,0.23126893,1,1,adulto
ICB_03595_005,ICB_160,copd,AKG C417L Microphone,74.0,1,0,3,0.64249396,0.2745653,1,1,adulto
ICB_03595_006,ICB_160,copd,AKG C417L Microphone,74.0,1,0,3,0.67650807,0.16212292,1,1,adulto
ICB_03596_000,ICB_160,copd,AKG C417L Microphone,74.0,1,0,3,0.7026256,0.17906481,1,1,adulto
ICB_03596_001,ICB_160,copd,AKG C417L Microphone,74.0,1,0,3,0.72960794,0.137812,1,1,adulto
ICB_03596_002,ICB_160,copd,AKG C417L Microphone,74.0,1,0,3,0.75628465,0.17553242,1,1,adulto
ICB_03596_003,ICB_160,copd,AKG C417L Microphone,74.0,1,0,3,0.67368436,0.16839226,1,1,adulto
ICB_03596_004,ICB_160,copd,AKG C417L Microphone,74.0,1,0,3,0.6750414,0.15480967,1,1,adulto
ICB_03596_005,ICB_160,copd,AKG C417L Microphone,74.0,1,0,3,0.7163596,0.18760538,1,1,adulto
ICB_03596_006,ICB_160,copd,AKG C417L Microphone,74.0,1,0,3,0.6403379,0.20591706,1,1,adulto
ICB_03597_000,ICB_160,copd,AKG C417L Microphone,74.0,0,0,3,0.6925544,0.1934376,1,0,adulto
ICB_03597_001,ICB_160,copd,AKG C417L Microphone,74.0,0,0,3,0.43306023,0.22453582,0,0,adulto
ICB_03597_002,ICB_160,copd,AKG C417L Microphone,74.0,0,0,3,0.44228122,0.28447008,0,0,adulto
ICB_03597_003,ICB_160,copd,AKG C417L Microphone,74.0,0,0,3,0.5162181,0.24725248,0,0,adulto
ICB_03597_004,ICB_160,copd,AKG C417L Microphone,74.0,0,0,3,0.46244347,0.2644447,0,0,adulto
ICB_03597_005,ICB_160,copd,AKG C417L Microphone,74.0,0,0,3,0.71327883,0.23272732,1,0,adulto
ICB_03597_006,ICB_160,copd,AKG C417L Microphone,74.0,0,0,3,0.42720276,0.29449233,0,0,adulto
ICB_03624_000,ICB_163,copd,AKG C417L Microphone,62.0,0,0,3,0.608833,0.18322094,1,0,adulto
ICB_03624_001,ICB_163,copd,AKG C417L Microphone,62.0,0,0,3,0.446489,0.23643337,0,0,adulto
ICB_03624_002,ICB_163,copd,AKG C417L Microphone,62.0,0,0,3,0.46130463,0.22578275,0,0,adulto
ICB_03624_003,ICB_163,copd,AKG C417L Microphone,62.0,0,0,3,0.3830083,0.14299355,0,0,adulto
ICB_03624_004,ICB_163,copd,AKG C417L Microphone,62.0,0,0,3,0.44787562,0.21374619,0,0,adulto
ICB_03625_000,ICB_163,copd,AKG C417L Microphone,62.0,0,0,3,0.27996174,0.069657676,0,0,adulto
ICB_03625_001,ICB_163,copd,AKG C417L Microphone,62.0,0,0,3,0.36416084,0.22372425,0,0,adulto
ICB_03625_002,ICB_163,copd,AKG C417L Microphone,62.0,0,0,3,0.35734117,0.21405023,0,0,adulto
ICB_03625_003,ICB_163,copd,AKG C417L Microphone,62.0,0,0,3,0.33928427,0.20277263,0,0,adulto
ICB_03625_004,ICB_163,copd,AKG C417L Microphone,62.0,0,0,3,0.34732923,0.21707086,0,0,adulto
ICB_03626_000,ICB_163,copd,AKG C417L Microphone,62.0,0,0,3,0.6121435,0.039982874,1,0,adulto
ICB_03626_001,ICB_163,copd,AKG C417L Microphone,62.0,1,0,3,0.7233155,0.18151718,1,1,adulto
ICB_03626_002,ICB_163,copd,AKG C417L Microphone,62.0,1,0,3,0.6916874,0.1735698,1,1,adulto
ICB_03626_003,ICB_163,copd,AKG C417L Microphone,62.0,0,0,3,0.7186407,0.15662599,1,0,adulto
ICB_03626_004,ICB_163,copd,AKG C417L Microphone,62.0,0,0,3,0.66618276,0.18186986,1,0,adulto
ICB_03627_000,ICB_163,copd,AKG C417L Microphone,62.0,1,0,3,0.52162516,0.07218478,0,1,adulto
ICB_03627_001,ICB_163,copd,AKG C417L Microphone,62.0,0,0,3,0.6898645,0.188285,1,0,adulto
ICB_03627_002,ICB_163,copd,AKG C417L Microphone,62.0,1,0,3,0.75570756,0.22373149,1,1,adulto
ICB_03627_003,ICB_163,copd,AKG C417L Microphone,62.0,1,0,3,0.68812287,0.16959332,1,1,adulto
ICB_03627_004,ICB_163,copd,AKG C417L Microphone,62.0,0,0,3,0.6894634,0.17352,1,0,adulto
ICB_03628_000,ICB_163,copd,AKG C417L Microphone,62.0,1,0,3,0.7686876,0.10716083,1,1,adulto
ICB_03628_001,ICB_163,copd,AKG C417L Microphone,62.0,1,0,3,0.914153,0.09592665,1,1,adulto
ICB_03628_002,ICB_163,copd,AKG C417L Microphone,62.0,0,0,3,0.9222128,0.05828348,1,0,adulto
ICB_03628_003,ICB_163,copd,AKG C417L Microphone,62.0,0,0,3,0.83813816,0.13452291,1,0,adulto
ICB_03628_004,ICB_163,copd,AKG C417L Microphone,62.0,0,0,3,0.82814115,0.12540002,1,0,adulto
ICB_03629_000,ICB_163,copd,AKG C417L Microphone,62.0,0,0,3,0.35344154,0.026310753,0,0,adulto
ICB_03629_001,ICB_163,copd,AKG C417L Microphone,62.0,0,0,3,0.6473591,0.21984327,1,0,adulto
ICB_03629_002,ICB_163,copd,AKG C417L Microphone,62.0,0,0,3,0.66017896,0.1952301,1,0,adulto
ICB_03629_003,ICB_163,copd,AKG C417L Microphone,62.0,0,0,3,0.6866506,0.2693457,1,0,adulto
ICB_03629_004,ICB_163,copd,AKG C417L Microphone,62.0,0,0,3,0.6894102,0.19232404,1,0,adulto
ICB_03630_000,ICB_163,copd,AKG C417L Microphone,62.0,0,0,3,0.25572237,0.06619482,0,0,adulto
ICB_03630_001,ICB_163,copd,AKG C417L Microphone,62.0,0,0,3,0.38110802,0.15894043,0,0,adulto
ICB_03630_002,ICB_163,copd,AKG C417L Microphone,62.0,0,0,3,0.31338924,0.122275986,0,0,adulto
ICB_03630_003,ICB_163,copd,AKG C417L Microphone,62.0,0,0,3,0.32471797,0.14847924,0,0,adulto
ICB_03630_004,ICB_163,copd,AKG C417L Microphone,62.0,0,0,3,0.26639378,0.092145965,0,0,adulto
ICB_03631_000,ICB_163,copd,AKG C417L Microphone,62.0,0,0,3,0.500475,0.12887624,0,0,adulto
ICB_03631_001,ICB_163,copd,AKG C417L Microphone,62.0,0,0,3,0.5544127,0.2110534,0,0,adulto
ICB_03631_002,ICB_163,copd,AKG C417L Microphone,62.0,0,0,3,0.55609125,0.21697032,0,0,adulto
ICB_03631_003,ICB_163,copd,AKG C417L Microphone,62.0,0,0,3,0.60522926,0.2386468,1,0,adulto
ICB_03631_004,ICB_163,copd,AKG C417L Microphone,62.0,0,0,3,0.6137474,0.23747063,1,0,adulto
ICB_03631_005,ICB_163,copd,AKG C417L Microphone,62.0,0,0,3,0.5872602,0.21755849,0,0,adulto
ICB_03632_000,ICB_163,copd,AKG C417L Microphone,62.0,0,0,3,0.38950634,0.12241331,0,0,adulto
ICB_03632_001,ICB_163,copd,AKG C417L Microphone,62.0,0,0,3,0.39615393,0.157798,0,0,adulto
ICB_03632_002,ICB_163,copd,AKG C417L Microphone,62.0,0,0,3,0.4310824,0.148965,0,0,adulto
ICB_03632_003,ICB_163,copd,AKG C417L Microphone,62.0,0,0,3,0.5290132,0.21275386,0,0,adulto
ICB_03632_004,ICB_163,copd,AKG C417L Microphone,62.0,0,0,3,0.45370656,0.16933987,0,0,adulto
ICB_03632_005,ICB_163,copd,AKG C417L Microphone,62.0,0,0,3,0.40910265,0.1674789,0,0,adulto
ICB_03633_000,ICB_163,copd,AKG C417L Microphone,62.0,0,0,3,0.6416113,0.1338725,1,0,adulto
ICB_03633_001,ICB_163,copd,AKG C417L Microphone,62.0,0,0,3,0.7248684,0.21779644,1,0,adulto
ICB_03633_002,ICB_163,copd,AKG C417L Microphone,62.0,0,0,3,0.70061225,0.18699864,1,0,adulto
ICB_03633_003,ICB_163,copd,AKG C417L Microphone,62.0,0,0,3,0.7085011,0.13670184,1,0,adulto
ICB_03633_004,ICB_163,copd,AKG C417L Microphone,62.0,0,0,3,0.65913147,0.2260453,1,0,adulto
ICB_03633_005,ICB_163,copd,AKG C417L Microphone,62.0,0,0,3,0.7560426,0.18508112,1,0,adulto
ICB_03634_000,ICB_163,copd,AKG C417L Microphone,62.0,0,0,3,0.2728319,0.055866715,0,0,adulto
ICB_03634_001,ICB_163,copd,AKG C417L Microphone,62.0,0,0,3,0.35794273,0.09811489,0,0,adulto
ICB_03634_002,ICB_163,copd,AKG C417L Microphone,62.0,0,0,3,0.38096744,0.0716187,0,0,adulto
ICB_03634_003,ICB_163,copd,AKG C417L Microphone,62.0,0,0,3,0.37014037,0.13304621,0,0,adulto
ICB_03634_004,ICB_163,copd,AKG C417L Microphone,62.0,0,0,3,0.48713052,0.13920279,0,0,adulto
ICB_03634_005,ICB_163,copd,AKG C417L Microphone,62.0,0,0,3,0.3052607,0.16173653,0,0,adulto
ICB_03635_000,ICB_163,copd,AKG C417L Microphone,62.0,0,0,3,0.6183029,0.1692299,1,0,adulto
ICB_03635_001,ICB_163,copd,AKG C417L Microphone,62.0,0,0,3,0.76501673,0.22408108,1,0,adulto
ICB_03635_002,ICB_163,copd,AKG C417L Microphone,62.0,0,0,3,0.75215405,0.17759481,1,0,adulto
ICB_03635_003,ICB_163,copd,AKG C417L Microphone,62.0,0,0,3,0.8084403,0.20936728,1,0,adulto
ICB_03635_004,ICB_163,copd,AKG C417L Microphone,62.0,0,0,3,0.78468615,0.2171142,1,0,adulto
ICB_03635_005,ICB_163,copd,AKG C417L Microphone,62.0,0,0,3,0.7365894,0.28443947,1,0,adulto
ICB_03636_000,ICB_163,copd,AKG C417L Microphone,62.0,0,0,3,0.7915102,0.22425331,1,0,adulto
ICB_03636_001,ICB_163,copd,AKG C417L Microphone,62.0,0,0,3,0.76858103,0.22085625,1,0,adulto
ICB_03636_002,ICB_163,copd,AKG C417L Microphone,62.0,0,0,3,0.77392507,0.21190535,1,0,adulto
ICB_03636_003,ICB_163,copd,AKG C417L Microphone,62.0,0,0,3,0.78243095,0.22443372,1,0,adulto
ICB_03636_004,ICB_163,copd,AKG C417L Microphone,62.0,0,0,3,0.77222544,0.22575042,1,0,adulto
ICB_03636_005,ICB_163,copd,AKG C417L Microphone,62.0,0,0,3,0.7508589,0.22838536,1,0,adulto
ICB_03646_000,ICB_167,bronchiolitis_asthma,3M Littmann Classic II SE,1.0,0,0,3,0.6264386,0.16804399,1,0,pediátrico (<18)
ICB_03646_001,ICB_167,bronchiolitis_asthma,3M Littmann Classic II SE,1.0,0,0,3,0.40718326,0.19605789,0,0,pediátrico (<18)
ICB_03646_002,ICB_167,bronchiolitis_asthma,3M Littmann Classic II SE,1.0,0,0,3,0.40883863,0.13208249,0,0,pediátrico (<18)
ICB_03646_003,ICB_167,bronchiolitis_asthma,3M Littmann Classic II SE,1.0,0,0,3,0.3869644,0.1588087,0,0,pediátrico (<18)
ICB_03646_004,ICB_167,bronchiolitis_asthma,3M Littmann Classic II SE,1.0,0,0,3,0.36774784,0.1955972,0,0,pediátrico (<18)
ICB_03646_005,ICB_167,bronchiolitis_asthma,3M Littmann Classic II SE,1.0,0,0,3,0.37397355,0.12699215,0,0,pediátrico (<18)
ICB_03646_006,ICB_167,bronchiolitis_asthma,3M Littmann Classic II SE,1.0,0,0,3,0.44091883,0.1369451,0,0,pediátrico (<18)
ICB_03646_007,ICB_167,bronchiolitis_asthma,3M Littmann Classic II SE,1.0,0,0,3,0.38178343,0.17770787,0,0,pediátrico (<18)
ICB_03646_008,ICB_167,bronchiolitis_asthma,3M Littmann Classic II SE,1.0,0,0,3,0.379583,0.15076074,0,0,pediátrico (<18)
ICB_03646_009,ICB_167,bronchiolitis_asthma,3M Littmann Classic II SE,1.0,0,0,3,0.4508762,0.15038042,0,0,pediátrico (<18)
ICB_03646_010,ICB_167,bronchiolitis_asthma,3M Littmann Classic II SE,1.0,0,0,3,0.41089648,0.21750373,0,0,pediátrico (<18)
ICB_03646_011,ICB_167,bronchiolitis_asthma,3M Littmann Classic II SE,1.0,0,0,3,0.3445442,0.18496476,0,0,pediátrico (<18)
ICB_03646_012,ICB_167,bronchiolitis_asthma,3M Littmann Classic II SE,1.0,0,0,3,0.33722088,0.12861222,0,0,pediátrico (<18)
ICB_03647_000,ICB_167,bronchiolitis_asthma,3M Littmann Classic II SE,1.0,0,0,3,0.55406755,0.08940657,0,0,pediátrico (<18)
ICB_03647_001,ICB_167,bronchiolitis_asthma,3M Littmann Classic II SE,1.0,0,1,3,0.28568053,0.34897482,0,2,pediátrico (<18)
ICB_03647_002,ICB_167,bronchiolitis_asthma,3M Littmann Classic II SE,1.0,0,1,3,0.41631272,0.19222683,0,2,pediátrico (<18)
ICB_03647_003,ICB_167,bronchiolitis_asthma,3M Littmann Classic II SE,1.0,0,0,3,0.46440104,0.15562308,0,0,pediátrico (<18)
ICB_03647_004,ICB_167,bronchiolitis_asthma,3M Littmann Classic II SE,1.0,0,1,3,0.35296848,0.18532304,0,2,pediátrico (<18)
ICB_03647_005,ICB_167,bronchiolitis_asthma,3M Littmann Classic II SE,1.0,0,1,3,0.36826298,0.22271734,0,2,pediátrico (<18)
ICB_03647_006,ICB_167,bronchiolitis_asthma,3M Littmann Classic II SE,1.0,0,1,3,0.43484515,0.21670125,0,2,pediátrico (<18)
ICB_03647_007,ICB_167,bronchiolitis_asthma,3M Littmann Classic II SE,1.0,0,0,3,0.47960982,0.12569053,0,0,pediátrico (<18)
ICB_03647_008,ICB_167,bronchiolitis_asthma,3M Littmann Classic II SE,1.0,0,0,3,0.43619722,0.09975642,0,0,pediátrico (<18)
ICB_03647_009,ICB_167,bronchiolitis_asthma,3M Littmann Classic II SE,1.0,0,1,3,0.39580357,0.1527106,0,2,pediátrico (<18)
ICB_03647_010,ICB_167,bronchiolitis_asthma,3M Littmann Classic II SE,1.0,0,1,3,0.4593444,0.6531023,0,2,pediátrico (<18)
ICB_03647_011,ICB_167,bronchiolitis_asthma,3M Littmann Classic II SE,1.0,0,0,3,0.48409733,0.269288,0,0,pediátrico (<18)
ICB_03647_012,ICB_167,bronchiolitis_asthma,3M Littmann Classic II SE,1.0,0,0,3,0.55123585,0.22837737,0,0,pediátrico (<18)
ICB_03647_013,ICB_167,bronchiolitis_asthma,3M Littmann Classic II SE,1.0,0,0,3,0.48252776,0.30551365,0,0,pediátrico (<18)
ICB_03647_014,ICB_167,bronchiolitis_asthma,3M Littmann Classic II SE,1.0,0,1,3,0.5263626,0.16983037,0,2,pediátrico (<18)
ICB_03807_000,ICB_182,normal_lung,3M Littmann Classic II SE,11.0,1,0,3,0.46470103,0.06677807,0,1,pediátrico (<18)
ICB_03807_001,ICB_182,normal_lung,3M Littmann Classic II SE,11.0,1,0,3,0.44953167,0.11830417,0,1,pediátrico (<18)
ICB_03807_002,ICB_182,normal_lung,3M Littmann Classic II SE,11.0,0,0,3,0.46975064,0.20275314,0,0,pediátrico (<18)
ICB_03807_003,ICB_182,normal_lung,3M Littmann Classic II SE,11.0,1,0,3,0.29578105,0.17050716,0,1,pediátrico (<18)
ICB_03807_004,ICB_182,normal_lung,3M Littmann Classic II SE,11.0,0,0,3,0.35486433,0.2147184,0,0,pediátrico (<18)
ICB_03807_005,ICB_182,normal_lung,3M Littmann Classic II SE,11.0,1,0,3,0.40261018,0.18208927,0,1,pediátrico (<18)
ICB_03807_006,ICB_182,normal_lung,3M Littmann Classic II SE,11.0,1,0,3,0.3007629,0.14254077,0,1,pediátrico (<18)
ICB_03811_000,ICB_185,copd,3M Littmann 3200 Electronic,75.0,0,0,3,0.514352,0.31114054,0,0,adulto
ICB_03811_001,ICB_185,copd,3M Littmann 3200 Electronic,75.0,0,0,3,0.47393885,0.30259684,0,0,adulto
ICB_03811_002,ICB_185,copd,3M Littmann 3200 Electronic,75.0,0,0,3,0.45164022,0.3171505,0,0,adulto
ICB_03811_003,ICB_185,copd,3M Littmann 3200 Electronic,75.0,0,0,3,0.41783622,0.29451758,0,0,adulto
ICB_03811_004,ICB_185,copd,3M Littmann 3200 Electronic,75.0,0,0,3,0.41673857,0.36589894,0,0,adulto
ICB_03811_005,ICB_185,copd,3M Littmann 3200 Electronic,75.0,0,0,3,0.6919365,0.31074962,1,0,adulto
ICB_03811_006,ICB_185,copd,3M Littmann 3200 Electronic,75.0,0,0,3,0.42186528,0.40410185,0,0,adulto
ICB_03812_000,ICB_185,copd,3M Littmann 3200 Electronic,75.0,0,0,3,0.5162566,0.28793895,0,0,adulto
ICB_03812_001,ICB_185,copd,3M Littmann 3200 Electronic,75.0,0,0,3,0.30210575,0.443882,0,0,adulto
ICB_03812_002,ICB_185,copd,3M Littmann 3200 Electronic,75.0,0,0,3,0.4683902,0.45673555,0,0,adulto
ICB_03812_003,ICB_185,copd,3M Littmann 3200 Electronic,75.0,0,0,3,0.37041554,0.43558475,0,0,adulto
ICB_03812_004,ICB_185,copd,3M Littmann 3200 Electronic,75.0,0,0,3,0.38412628,0.3936586,0,0,adulto
ICB_03812_005,ICB_185,copd,3M Littmann 3200 Electronic,75.0,0,0,3,0.36486703,0.34772897,0,0,adulto
ICB_03812_006,ICB_185,copd,3M Littmann 3200 Electronic,75.0,0,0,3,0.36193,0.29407266,0,0,adulto
ICB_03812_007,ICB_185,copd,3M Littmann 3200 Electronic,75.0,0,0,3,0.40858603,0.3398737,0,0,adulto
ICB_03812_008,ICB_185,copd,3M Littmann 3200 Electronic,75.0,0,0,3,0.430023,0.35308737,0,0,adulto
ICB_03812_009,ICB_185,copd,3M Littmann 3200 Electronic,75.0,0,0,3,0.41701335,0.48297027,0,0,adulto
ICB_03812_010,ICB_185,copd,3M Littmann 3200 Electronic,75.0,0,0,3,0.47138584,0.41722807,0,0,adulto
ICB_03813_000,ICB_185,copd,3M Littmann 3200 Electronic,75.0,0,0,3,0.49357197,0.63818824,0,0,adulto
ICB_03813_001,ICB_185,copd,3M Littmann 3200 Electronic,75.0,0,0,3,0.5855418,0.32821223,0,0,adulto
ICB_03813_002,ICB_185,copd,3M Littmann 3200 Electronic,75.0,0,0,3,0.5042789,0.6773101,0,0,adulto
ICB_03813_003,ICB_185,copd,3M Littmann 3200 Electronic,75.0,0,0,3,0.4979572,0.5077561,0,0,adulto
ICB_03813_004,ICB_185,copd,3M Littmann 3200 Electronic,75.0,0,0,3,0.6441342,0.29985684,1,0,adulto
ICB_03813_005,ICB_185,copd,3M Littmann 3200 Electronic,75.0,0,0,3,0.566781,0.4100816,0,0,adulto
ICB_03813_006,ICB_185,copd,3M Littmann 3200 Electronic,75.0,0,0,3,0.54023546,0.31647483,0,0,adulto
ICB_03813_007,ICB_185,copd,3M Littmann 3200 Electronic,75.0,0,0,3,0.606665,0.36670268,1,0,adulto
ICB_03813_008,ICB_185,copd,3M Littmann 3200 Electronic,75.0,0,1,3,0.59546363,0.5503192,0,2,adulto
ICB_03813_009,ICB_185,copd,3M Littmann 3200 Electronic,75.0,0,0,3,0.3027914,0.6693711,0,0,adulto
ICB_03814_000,ICB_185,copd,3M Littmann 3200 Electronic,75.0,0,0,3,0.48062503,0.39157715,0,0,adulto
ICB_03814_001,ICB_185,copd,3M Littmann 3200 Electronic,75.0,0,0,3,0.4813553,0.42408293,0,0,adulto
ICB_03814_002,ICB_185,copd,3M Littmann 3200 Electronic,75.0,0,0,3,0.55432814,0.48325622,0,0,adulto
ICB_03814_003,ICB_185,copd,3M Littmann 3200 Electronic,75.0,0,0,3,0.45684153,0.38692272,0,0,adulto
ICB_03814_004,ICB_185,copd,3M Littmann 3200 Electronic,75.0,0,0,3,0.44279006,0.43201995,0,0,adulto
ICB_03814_005,ICB_185,copd,3M Littmann 3200 Electronic,75.0,0,0,3,0.45363787,0.54220694,0,0,adulto
ICB_03814_006,ICB_185,copd,3M Littmann 3200 Electronic,75.0,0,0,3,0.56605196,0.50554603,0,0,adulto
ICB_03815_000,ICB_185,copd,3M Littmann 3200 Electronic,75.0,0,0,3,0.34383368,0.3363077,0,0,adulto
ICB_03815_001,ICB_185,copd,3M Littmann 3200 Electronic,75.0,0,0,3,0.26575607,0.45137298,0,0,adulto
ICB_03815_002,ICB_185,copd,3M Littmann 3200 Electronic,75.0,0,0,3,0.32566217,0.5418106,0,0,adulto
ICB_03815_003,ICB_185,copd,3M Littmann 3200 Electronic,75.0,0,0,3,0.29972833,0.49605379,0,0,adulto
ICB_03815_004,ICB_185,copd,3M Littmann 3200 Electronic,75.0,0,0,3,0.31583688,0.52651286,0,0,adulto
ICB_03815_005,ICB_185,copd,3M Littmann 3200 Electronic,75.0,0,0,3,0.34072176,0.45236623,0,0,adulto
ICB_03815_006,ICB_185,copd,3M Littmann 3200 Electronic,75.0,0,0,3,0.38610265,0.4171457,0,0,adulto
ICB_03815_007,ICB_185,copd,3M Littmann 3200 Electronic,75.0,0,0,3,0.3719663,0.41131446,0,0,adulto
ICB_03815_008,ICB_185,copd,3M Littmann 3200 Electronic,75.0,0,0,3,0.40713415,0.49878892,0,0,adulto
ICB_03816_000,ICB_185,copd,3M Littmann 3200 Electronic,75.0,0,0,3,0.37138063,0.5715567,0,0,adulto
ICB_03816_001,ICB_185,copd,3M Littmann 3200 Electronic,75.0,0,0,3,0.3572323,0.53322977,0,0,adulto
ICB_03816_002,ICB_185,copd,3M Littmann 3200 Electronic,75.0,0,0,3,0.44962627,0.5000831,0,0,adulto
ICB_03816_003,ICB_185,copd,3M Littmann 3200 Electronic,75.0,0,0,3,0.34719285,0.5794943,0,0,adulto
ICB_03816_004,ICB_185,copd,3M Littmann 3200 Electronic,75.0,0,0,3,0.32621092,0.41632846,0,0,adulto
ICB_03816_005,ICB_185,copd,3M Littmann 3200 Electronic,75.0,0,0,3,0.41278496,0.40231043,0,0,adulto
ICB_03816_006,ICB_185,copd,3M Littmann 3200 Electronic,75.0,0,0,3,0.48039636,0.4201224,0,0,adulto
ICB_03816_007,ICB_185,copd,3M Littmann 3200 Electronic,75.0,0,0,3,0.39289775,0.5483345,0,0,adulto
ICB_03816_008,ICB_185,copd,3M Littmann 3200 Electronic,75.0,0,0,3,0.5155825,0.44171965,0,0,adulto
ICB_03816_009,ICB_185,copd,3M Littmann 3200 Electronic,75.0,0,0,3,0.5316023,0.37170687,0,0,adulto
ICB_03816_010,ICB_185,copd,3M Littmann 3200 Electronic,75.0,0,0,3,0.6212454,0.27444893,1,0,adulto
ICB_03817_000,ICB_186,copd,AKG C417L Microphone,71.0,0,1,3,0.63277686,0.7292354,1,2,adulto
ICB_03817_001,ICB_186,copd,AKG C417L Microphone,71.0,0,0,3,0.62545955,0.17661682,1,0,adulto
ICB_03817_002,ICB_186,copd,AKG C417L Microphone,71.0,0,0,3,0.52853477,0.26384208,0,0,adulto
ICB_03817_003,ICB_186,copd,AKG C417L Microphone,71.0,0,0,3,0.48950386,0.43026802,0,0,adulto
ICB_03817_004,ICB_186,copd,AKG C417L Microphone,71.0,0,0,3,0.49705994,0.42106253,0,0,adulto
ICB_03818_000,ICB_186,copd,AKG C417L Microphone,71.0,1,0,3,0.6275062,0.41303575,1,1,adulto
ICB_03818_001,ICB_186,copd,AKG C417L Microphone,71.0,1,0,3,0.50675124,0.24783204,0,1,adulto
ICB_03818_002,ICB_186,copd,AKG C417L Microphone,71.0,1,0,3,0.4980353,0.21717915,0,1,adulto
ICB_03818_003,ICB_186,copd,AKG C417L Microphone,71.0,1,0,3,0.5120098,0.31267688,0,1,adulto
ICB_03818_004,ICB_186,copd,AKG C417L Microphone,71.0,1,0,3,0.50367,0.31055284,0,1,adulto
ICB_03819_000,ICB_186,copd,AKG C417L Microphone,71.0,1,0,3,0.46213713,0.5553454,0,1,adulto
ICB_03819_001,ICB_186,copd,AKG C417L Microphone,71.0,1,0,3,0.46296504,0.25836408,0,1,adulto
ICB_03819_002,ICB_186,copd,AKG C417L Microphone,71.0,1,0,3,0.33727056,0.49385992,0,1,adulto
ICB_03819_003,ICB_186,copd,AKG C417L Microphone,71.0,1,0,3,0.433895,0.42183885,0,1,adulto
ICB_03819_004,ICB_186,copd,AKG C417L Microphone,71.0,1,0,3,0.46322381,0.541102,0,1,adulto
ICB_03820_000,ICB_186,copd,AKG C417L Microphone,71.0,1,0,3,0.647963,0.7250807,1,1,adulto
ICB_03820_001,ICB_186,copd,AKG C417L Microphone,71.0,1,0,3,0.6415915,0.23554428,1,1,adulto
ICB_03820_002,ICB_186,copd,AKG C417L Microphone,71.0,1,0,3,0.57527316,0.27488568,0,1,adulto
ICB_03820_003,ICB_186,copd,AKG C417L Microphone,71.0,1,0,3,0.59511113,0.4677346,0,1,adulto
ICB_03820_004,ICB_186,copd,AKG C417L Microphone,71.0,1,0,3,0.64474034,0.26172927,1,1,adulto
ICB_03821_000,ICB_186,copd,AKG C417L Microphone,71.0,1,0,3,0.8403009,0.5662652,1,1,adulto
ICB_03821_001,ICB_186,copd,AKG C417L Microphone,71.0,1,0,3,0.7642475,0.14612232,1,1,adulto
ICB_03821_002,ICB_186,copd,AKG C417L Microphone,71.0,1,0,3,0.6901748,0.19990914,1,1,adulto
ICB_03821_003,ICB_186,copd,AKG C417L Microphone,71.0,1,0,3,0.6858697,0.38891175,1,1,adulto
ICB_03821_004,ICB_186,copd,AKG C417L Microphone,71.0,1,0,3,0.74658656,0.37021825,1,1,adulto
ICB_03822_000,ICB_186,copd,AKG C417L Microphone,71.0,0,0,3,0.88164407,0.052303832,1,0,adulto
ICB_03822_001,ICB_186,copd,AKG C417L Microphone,71.0,0,0,3,0.7331742,0.07903847,1,0,adulto
ICB_03822_002,ICB_186,copd,AKG C417L Microphone,71.0,0,0,3,0.8537529,0.09838766,1,0,adulto
ICB_03822_003,ICB_186,copd,AKG C417L Microphone,71.0,0,0,3,0.600473,0.12018082,1,0,adulto
ICB_03822_004,ICB_186,copd,AKG C417L Microphone,71.0,0,0,3,0.5799372,0.15577771,0,0,adulto
ICB_03823_000,ICB_186,copd,AKG C417L Microphone,71.0,0,0,3,0.5560657,0.18282391,0,0,adulto
ICB_03823_001,ICB_186,copd,AKG C417L Microphone,71.0,0,0,3,0.6120075,0.2437094,1,0,adulto
ICB_03823_002,ICB_186,copd,AKG C417L Microphone,71.0,0,0,3,0.5979359,0.52841914,0,0,adulto
ICB_03823_003,ICB_186,copd,AKG C417L Microphone,71.0,0,0,3,0.6785382,0.17254224,1,0,adulto
ICB_03823_004,ICB_186,copd,AKG C417L Microphone,71.0,1,0,3,0.63728726,0.1782611,1,1,adulto
ICB_03824_000,ICB_186,copd,AKG C417L Microphone,71.0,0,0,3,0.8180597,0.070264496,1,0,adulto
ICB_03824_001,ICB_186,copd,AKG C417L Microphone,71.0,1,0,3,0.76636374,0.15853973,1,1,adulto
ICB_03824_002,ICB_186,copd,AKG C417L Microphone,71.0,1,0,3,0.5929528,0.6725573,0,1,adulto
ICB_03824_003,ICB_186,copd,AKG C417L Microphone,71.0,1,0,3,0.73774517,0.1429453,1,1,adulto
ICB_03824_004,ICB_186,copd,AKG C417L Microphone,71.0,1,0,3,0.57327145,0.22569934,0,1,adulto
ICB_03825_000,ICB_186,copd,AKG C417L Microphone,71.0,1,0,3,0.35567153,0.42744735,0,1,adulto
ICB_03825_001,ICB_186,copd,AKG C417L Microphone,71.0,1,0,3,0.5312177,0.25830215,0,1,adulto
ICB_03825_002,ICB_186,copd,AKG C417L Microphone,71.0,1,0,3,0.47405943,0.7906916,0,1,adulto
ICB_03825_003,ICB_186,copd,AKG C417L Microphone,71.0,1,0,3,0.44008288,0.2532098,0,1,adulto
ICB_03825_004,ICB_186,copd,AKG C417L Microphone,71.0,1,0,3,0.4041256,0.28976533,0,1,adulto
ICB_03826_000,ICB_186,copd,AKG C417L Microphone,71.0,1,0,3,0.70412725,0.55131966,1,1,adulto
ICB_03826_001,ICB_186,copd,AKG C417L Microphone,71.0,1,0,3,0.69392496,0.33726886,1,1,adulto
ICB_03826_002,ICB_186,copd,AKG C417L Microphone,71.0,1,0,3,0.7250047,0.67186034,1,1,adulto
ICB_03826_003,ICB_186,copd,AKG C417L Microphone,71.0,1,0,3,0.67192364,0.16515116,1,1,adulto
ICB_03826_004,ICB_186,copd,AKG C417L Microphone,71.0,1,0,3,0.6660582,0.17658062,1,1,adulto
ICB_03827_000,ICB_186,copd,AKG C417L Microphone,71.0,1,0,3,0.7358233,0.29605305,1,1,adulto
ICB_03827_001,ICB_186,copd,AKG C417L Microphone,71.0,1,0,3,0.79794437,0.23444927,1,1,adulto
ICB_03827_002,ICB_186,copd,AKG C417L Microphone,71.0,1,0,3,0.79212284,0.3962186,1,1,adulto
ICB_03827_003,ICB_186,copd,AKG C417L Microphone,71.0,1,0,3,0.7971008,0.13819708,1,1,adulto
ICB_03827_004,ICB_186,copd,AKG C417L Microphone,71.0,1,0,3,0.7718628,0.15871806,1,1,adulto
ICB_03828_000,ICB_186,copd,AKG C417L Microphone,71.0,0,0,3,0.58877677,0.14322901,0,0,adulto
ICB_03828_001,ICB_186,copd,AKG C417L Microphone,71.0,0,0,3,0.7474355,0.1334121,1,0,adulto
ICB_03828_002,ICB_186,copd,AKG C417L Microphone,71.0,0,0,3,0.6872241,0.15721655,1,0,adulto
ICB_03828_003,ICB_186,copd,AKG C417L Microphone,71.0,0,0,3,0.67178273,0.17358047,1,0,adulto
ICB_03828_004,ICB_186,copd,AKG C417L Microphone,71.0,0,1,3,0.5744339,0.36635447,0,2,adulto
ICB_03829_000,ICB_186,copd,AKG C417L Microphone,71.0,1,0,3,0.65022606,0.20372842,1,1,adulto
ICB_03829_001,ICB_186,copd,AKG C417L Microphone,71.0,0,0,3,0.6537613,0.17435722,1,0,adulto
ICB_03829_002,ICB_186,copd,AKG C417L Microphone,71.0,1,0,3,0.71132857,0.17978361,1,1,adulto
ICB_03829_003,ICB_186,copd,AKG C417L Microphone,71.0,1,0,3,0.7086053,0.15821512,1,1,adulto
ICB_03829_004,ICB_186,copd,AKG C417L Microphone,71.0,1,0,3,0.64109415,0.17566717,1,1,adulto
ICB_03830_000,ICB_186,copd,AKG C417L Microphone,71.0,1,0,3,0.56896704,0.22612543,0,1,adulto
ICB_03830_001,ICB_186,copd,AKG C417L Microphone,71.0,1,0,3,0.62621546,0.23587328,1,1,adulto
ICB_03830_002,ICB_186,copd,AKG C417L Microphone,71.0,1,0,3,0.64153004,0.20808023,1,1,adulto
ICB_03830_003,ICB_186,copd,AKG C417L Microphone,71.0,1,0,3,0.5432257,0.10999586,0,1,adulto
ICB_03830_004,ICB_186,copd,AKG C417L Microphone,71.0,1,0,3,0.6072545,0.23373279,1,1,adulto
ICB_03831_000,ICB_186,copd,AKG C417L Microphone,71.0,1,0,3,0.44980338,0.27421755,0,1,adulto
ICB_03831_001,ICB_186,copd,AKG C417L Microphone,71.0,1,0,3,0.45568115,0.3176085,0,1,adulto
ICB_03831_002,ICB_186,copd,AKG C417L Microphone,71.0,1,0,3,0.43701982,0.23617019,0,1,adulto
ICB_03831_003,ICB_186,copd,AKG C417L Microphone,71.0,1,0,3,0.45699805,0.19041118,0,1,adulto
ICB_03831_004,ICB_186,copd,AKG C417L Microphone,71.0,1,0,3,0.42384487,0.17920187,0,1,adulto
ICB_03832_000,ICB_186,copd,AKG C417L Microphone,71.0,1,0,3,0.7067731,0.14221781,1,1,adulto
ICB_03832_001,ICB_186,copd,AKG C417L Microphone,71.0,0,0,3,0.7151123,0.16224767,1,0,adulto
ICB_03832_002,ICB_186,copd,AKG C417L Microphone,71.0,1,0,3,0.6852907,0.20778497,1,1,adulto
ICB_03832_003,ICB_186,copd,AKG C417L Microphone,71.0,1,0,3,0.71735954,0.16416055,1,1,adulto
ICB_03832_004,ICB_186,copd,AKG C417L Microphone,71.0,1,0,3,0.676898,0.17574951,1,1,adulto
ICB_03833_000,ICB_186,copd,AKG C417L Microphone,71.0,1,0,3,0.7624747,0.10747296,1,1,adulto
ICB_03833_001,ICB_186,copd,AKG C417L Microphone,71.0,1,0,3,0.8055443,0.13937542,1,1,adulto
ICB_03833_002,ICB_186,copd,AKG C417L Microphone,71.0,1,0,3,0.7053822,0.1805349,1,1,adulto
ICB_03833_003,ICB_186,copd,AKG C417L Microphone,71.0,1,0,3,0.7581682,0.15205154,1,1,adulto
ICB_03833_004,ICB_186,copd,AKG C417L Microphone,71.0,1,0,3,0.7135748,0.17930266,1,1,adulto
ICB_03834_000,ICB_186,copd,AKG C417L Microphone,71.0,0,0,3,0.71206236,0.098036945,1,0,adulto
ICB_03834_001,ICB_186,copd,AKG C417L Microphone,71.0,0,0,3,0.600652,0.25434744,1,0,adulto
ICB_03834_002,ICB_186,copd,AKG C417L Microphone,71.0,0,0,3,0.69332004,0.1784219,1,0,adulto
ICB_03834_003,ICB_186,copd,AKG C417L Microphone,71.0,0,0,3,0.79813194,0.13796782,1,0,adulto
ICB_03834_004,ICB_186,copd,AKG C417L Microphone,71.0,0,0,3,0.7788593,0.15919578,1,0,adulto
ICB_03835_000,ICB_186,copd,AKG C417L Microphone,71.0,0,0,3,0.48015735,0.23086472,0,0,adulto
ICB_03835_001,ICB_186,copd,AKG C417L Microphone,71.0,0,0,3,0.52770835,0.17506224,0,0,adulto
ICB_03835_002,ICB_186,copd,AKG C417L Microphone,71.0,1,0,3,0.46854016,0.2707296,0,1,adulto
ICB_03835_003,ICB_186,copd,AKG C417L Microphone,71.0,0,0,3,0.53455627,0.25032234,0,0,adulto
ICB_03835_004,ICB_186,copd,AKG C417L Microphone,71.0,0,0,3,0.5799559,0.21480857,0,0,adulto
ICB_03835_005,ICB_186,copd,AKG C417L Microphone,71.0,0,0,3,0.4808957,0.16727616,0,0,adulto
ICB_03836_000,ICB_186,copd,AKG C417L Microphone,71.0,0,0,3,0.53828704,0.25253347,0,0,adulto
ICB_03836_001,ICB_186,copd,AKG C417L Microphone,71.0,0,0,3,0.5576303,0.2387173,0,0,adulto
ICB_03836_002,ICB_186,copd,AKG C417L Microphone,71.0,1,0,3,0.5042191,0.2475607,0,1,adulto
ICB_03836_003,ICB_186,copd,AKG C417L Microphone,71.0,0,0,3,0.49278834,0.1419652,0,0,adulto
ICB_03836_004,ICB_186,copd,AKG C417L Microphone,71.0,1,0,3,0.5041195,0.1388722,0,1,adulto
ICB_03836_005,ICB_186,copd,AKG C417L Microphone,71.0,1,0,3,0.4525461,0.09269522,0,1,adulto
ICB_03837_000,ICB_186,copd,AKG C417L Microphone,71.0,0,0,3,0.32631162,0.11883099,0,0,adulto
ICB_03837_001,ICB_186,copd,AKG C417L Microphone,71.0,0,0,3,0.42724591,0.23514044,0,0,adulto
ICB_03837_002,ICB_186,copd,AKG C417L Microphone,71.0,0,0,3,0.42977324,0.22422566,0,0,adulto
ICB_03837_003,ICB_186,copd,AKG C417L Microphone,71.0,0,0,3,0.39322406,0.17778517,0,0,adulto
ICB_03837_004,ICB_186,copd,AKG C417L Microphone,71.0,1,0,3,0.508626,0.13555238,0,1,adulto
ICB_03837_005,ICB_186,copd,AKG C417L Microphone,71.0,0,0,3,0.35389555,0.1341615,0,0,adulto
ICB_03838_000,ICB_186,copd,AKG C417L Microphone,71.0,1,0,3,0.6291946,0.20503406,1,1,adulto
ICB_03838_001,ICB_186,copd,AKG C417L Microphone,71.0,1,0,3,0.5445,0.1681922,0,1,adulto
ICB_03838_002,ICB_186,copd,AKG C417L Microphone,71.0,1,0,3,0.5692751,0.18852831,0,1,adulto
ICB_03838_003,ICB_186,copd,AKG C417L Microphone,71.0,1,0,3,0.56832093,0.18798292,0,1,adulto
ICB_03838_004,ICB_186,copd,AKG C417L Microphone,71.0,1,0,3,0.613771,0.16731285,1,1,adulto
ICB_03838_005,ICB_186,copd,AKG C417L Microphone,71.0,1,0,3,0.5496126,0.20898172,0,1,adulto
ICB_03839_000,ICB_186,copd,AKG C417L Microphone,71.0,0,0,3,0.56474787,0.17562258,0,0,adulto
ICB_03839_001,ICB_186,copd,AKG C417L Microphone,71.0,0,0,3,0.5964977,0.17089364,0,0,adulto
ICB_03839_002,ICB_186,copd,AKG C417L Microphone,71.0,0,0,3,0.58966386,0.19903873,0,0,adulto
ICB_03839_003,ICB_186,copd,AKG C417L Microphone,71.0,0,0,3,0.60908383,0.1793505,1,0,adulto
ICB_03839_004,ICB_186,copd,AKG C417L Microphone,71.0,0,0,3,0.5706791,0.1901721,0,0,adulto
ICB_03839_005,ICB_186,copd,AKG C417L Microphone,71.0,0,0,3,0.588501,0.20828222,0,0,adulto
ICB_03840_000,ICB_186,copd,AKG C417L Microphone,71.0,0,0,3,0.71558714,0.15795584,1,0,adulto
ICB_03840_001,ICB_186,copd,AKG C417L Microphone,71.0,0,0,3,0.59095925,0.12825543,0,0,adulto
ICB_03840_002,ICB_186,copd,AKG C417L Microphone,71.0,0,0,3,0.5503081,0.2570796,0,0,adulto
ICB_03840_003,ICB_186,copd,AKG C417L Microphone,71.0,0,0,3,0.7921704,0.11175341,1,0,adulto
ICB_03840_004,ICB_186,copd,AKG C417L Microphone,71.0,0,0,3,0.62320095,0.1720897,1,0,adulto
ICB_03840_005,ICB_186,copd,AKG C417L Microphone,71.0,0,0,3,0.32439286,0.29305807,0,0,adulto
ICB_03842_000,ICB_188,respiratory_infection,3M Littmann Classic II SE,3.0,0,0,3,0.7364857,0.18350154,1,0,pediátrico (<18)
ICB_03842_001,ICB_188,respiratory_infection,3M Littmann Classic II SE,3.0,0,0,3,0.5563731,0.18833709,0,0,pediátrico (<18)
ICB_03842_002,ICB_188,respiratory_infection,3M Littmann Classic II SE,3.0,0,0,3,0.561289,0.16406725,0,0,pediátrico (<18)
ICB_03842_003,ICB_188,respiratory_infection,3M Littmann Classic II SE,3.0,0,0,3,0.5142038,0.18437058,0,0,pediátrico (<18)
ICB_03842_004,ICB_188,respiratory_infection,3M Littmann Classic II SE,3.0,0,0,3,0.589901,0.19643843,0,0,pediátrico (<18)
ICB_03842_005,ICB_188,respiratory_infection,3M Littmann Classic II SE,3.0,0,0,3,0.5496383,0.15339294,0,0,pediátrico (<18)
ICB_03842_006,ICB_188,respiratory_infection,3M Littmann Classic II SE,3.0,0,0,3,0.54175687,0.209853,0,0,pediátrico (<18)
ICB_03842_007,ICB_188,respiratory_infection,3M Littmann Classic II SE,3.0,0,0,3,0.4517952,0.15671764,0,0,pediátrico (<18)
ICB_03842_008,ICB_188,respiratory_infection,3M Littmann Classic II SE,3.0,0,0,3,0.4781561,0.20145227,0,0,pediátrico (<18)
ICB_03842_009,ICB_188,respiratory_infection,3M Littmann Classic II SE,3.0,0,0,3,0.45587388,0.19308423,0,0,pediátrico (<18)
ICB_03842_010,ICB_188,respiratory_infection,3M Littmann Classic II SE,3.0,0,0,3,0.5097455,0.20860185,0,0,pediátrico (<18)
ICB_03842_011,ICB_188,respiratory_infection,3M Littmann Classic II SE,3.0,0,0,3,0.44353756,0.16701949,0,0,pediátrico (<18)
ICB_03842_012,ICB_188,respiratory_infection,3M Littmann Classic II SE,3.0,0,0,3,0.60693437,0.1818665,1,0,pediátrico (<18)
ICB_03842_013,ICB_188,respiratory_infection,3M Littmann Classic II SE,3.0,0,0,3,0.49909505,0.15616141,0,0,pediátrico (<18)
ICB_03842_014,ICB_188,respiratory_infection,3M Littmann Classic II SE,3.0,0,0,3,0.42524984,0.23971237,0,0,pediátrico (<18)
ICB_03843_000,ICB_188,respiratory_infection,3M Littmann Classic II SE,3.0,0,0,3,0.45414707,0.165035,0,0,pediátrico (<18)
ICB_03843_001,ICB_188,respiratory_infection,3M Littmann Classic II SE,3.0,0,0,3,0.3362876,0.16823183,0,0,pediátrico (<18)
ICB_03843_002,ICB_188,respiratory_infection,3M Littmann Classic II SE,3.0,0,0,3,0.35090604,0.12933002,0,0,pediátrico (<18)
ICB_03843_003,ICB_188,respiratory_infection,3M Littmann Classic II SE,3.0,0,0,3,0.29274356,0.14263614,0,0,pediátrico (<18)
ICB_03843_004,ICB_188,respiratory_infection,3M Littmann Classic II SE,3.0,0,0,3,0.36561537,0.14354232,0,0,pediátrico (<18)
ICB_03843_005,ICB_188,respiratory_infection,3M Littmann Classic II SE,3.0,0,0,3,0.42379752,0.17016573,0,0,pediátrico (<18)
ICB_03843_006,ICB_188,respiratory_infection,3M Littmann Classic II SE,3.0,0,0,3,0.41570872,0.2096124,0,0,pediátrico (<18)
ICB_03843_007,ICB_188,respiratory_infection,3M Littmann Classic II SE,3.0,0,0,3,0.35888535,0.18343797,0,0,pediátrico (<18)
ICB_03843_008,ICB_188,respiratory_infection,3M Littmann Classic II SE,3.0,0,0,3,0.44763952,0.18774782,0,0,pediátrico (<18)
ICB_03843_009,ICB_188,respiratory_infection,3M Littmann Classic II SE,3.0,0,0,3,0.5841638,0.20231886,0,0,pediátrico (<18)
ICB_03843_010,ICB_188,respiratory_infection,3M Littmann Classic II SE,3.0,0,0,3,0.5273627,0.17166257,0,0,pediátrico (<18)
ICB_03843_011,ICB_188,respiratory_infection,3M Littmann Classic II SE,3.0,0,0,3,0.4916564,0.23171173,0,0,pediátrico (<18)
ICB_03843_012,ICB_188,respiratory_infection,3M Littmann Classic II SE,3.0,0,0,3,0.450311,0.1390221,0,0,pediátrico (<18)
ICB_03843_013,ICB_188,respiratory_infection,3M Littmann Classic II SE,3.0,0,0,3,0.4306125,0.09765904,0,0,pediátrico (<18)
ICB_03843_014,ICB_188,respiratory_infection,3M Littmann Classic II SE,3.0,0,0,3,0.39826524,0.17255656,0,0,pediátrico (<18)
ICB_03843_015,ICB_188,respiratory_infection,3M Littmann Classic II SE,3.0,0,0,3,0.44954637,0.20276783,0,0,pediátrico (<18)
ICB_03843_016,ICB_188,respiratory_infection,3M Littmann Classic II SE,3.0,0,0,3,0.40340537,0.20007382,0,0,pediátrico (<18)
ICB_03844_000,ICB_188,respiratory_infection,3M Littmann Classic II SE,3.0,0,0,3,0.5323758,0.23086973,0,0,pediátrico (<18)
ICB_03844_001,ICB_188,respiratory_infection,3M Littmann Classic II SE,3.0,0,0,3,0.39978534,0.15375908,0,0,pediátrico (<18)
ICB_03844_002,ICB_188,respiratory_infection,3M Littmann Classic II SE,3.0,0,0,3,0.4812663,0.20278363,0,0,pediátrico (<18)
ICB_03844_003,ICB_188,respiratory_infection,3M Littmann Classic II SE,3.0,0,0,3,0.45708588,0.17597568,0,0,pediátrico (<18)
ICB_03844_004,ICB_188,respiratory_infection,3M Littmann Classic II SE,3.0,0,0,3,0.43456239,0.16894457,0,0,pediátrico (<18)
ICB_03844_005,ICB_188,respiratory_infection,3M Littmann Classic II SE,3.0,0,0,3,0.48424628,0.13948487,0,0,pediátrico (<18)
ICB_03844_006,ICB_188,respiratory_infection,3M Littmann Classic II SE,3.0,0,0,3,0.4570781,0.17218459,0,0,pediátrico (<18)
ICB_03844_007,ICB_188,respiratory_infection,3M Littmann Classic II SE,3.0,0,0,3,0.43934658,0.17424817,0,0,pediátrico (<18)
ICB_03844_008,ICB_188,respiratory_infection,3M Littmann Classic II SE,3.0,0,0,3,0.4974908,0.16169885,0,0,pediátrico (<18)
ICB_03844_009,ICB_188,respiratory_infection,3M Littmann Classic II SE,3.0,0,0,3,0.46196672,0.2183342,0,0,pediátrico (<18)
ICB_03844_010,ICB_188,respiratory_infection,3M Littmann Classic II SE,3.0,0,0,3,0.46474808,0.2478944,0,0,pediátrico (<18)
ICB_03844_011,ICB_188,respiratory_infection,3M Littmann Classic II SE,3.0,0,0,3,0.40057537,0.11507016,0,0,pediátrico (<18)
ICB_03844_012,ICB_188,respiratory_infection,3M Littmann Classic II SE,3.0,0,0,3,0.64547473,0.19734721,1,0,pediátrico (<18)
ICB_03844_013,ICB_188,respiratory_infection,3M Littmann Classic II SE,3.0,0,0,3,0.43617842,0.23794362,0,0,pediátrico (<18)
ICB_03845_000,ICB_188,respiratory_infection,3M Littmann Classic II SE,3.0,0,0,3,0.1252079,0.088451184,0,0,pediátrico (<18)
ICB_03845_001,ICB_188,respiratory_infection,3M Littmann Classic II SE,3.0,0,0,3,0.17086045,0.06795369,0,0,pediátrico (<18)
ICB_03845_002,ICB_188,respiratory_infection,3M Littmann Classic II SE,3.0,0,0,3,0.098160364,0.020941934,0,0,pediátrico (<18)
ICB_03845_003,ICB_188,respiratory_infection,3M Littmann Classic II SE,3.0,0,0,3,0.13885325,0.032331448,0,0,pediátrico (<18)
ICB_03845_004,ICB_188,respiratory_infection,3M Littmann Classic II SE,3.0,0,0,3,0.09192844,0.029218158,0,0,pediátrico (<18)
ICB_03845_005,ICB_188,respiratory_infection,3M Littmann Classic II SE,3.0,0,0,3,0.09908978,0.03185832,0,0,pediátrico (<18)
ICB_03845_006,ICB_188,respiratory_infection,3M Littmann Classic II SE,3.0,0,0,3,0.12548093,0.03884847,0,0,pediátrico (<18)
ICB_03845_007,ICB_188,respiratory_infection,3M Littmann Classic II SE,3.0,0,0,3,0.15464981,0.04245069,0,0,pediátrico (<18)
ICB_03845_008,ICB_188,respiratory_infection,3M Littmann Classic II SE,3.0,0,0,3,0.29362202,0.03478916,0,0,pediátrico (<18)
ICB_03845_009,ICB_188,respiratory_infection,3M Littmann Classic II SE,3.0,0,0,3,0.16329163,0.03415249,0,0,pediátrico (<18)
ICB_03845_010,ICB_188,respiratory_infection,3M Littmann Classic II SE,3.0,0,0,3,0.1015229,0.024176558,0,0,pediátrico (<18)
ICB_03845_011,ICB_188,respiratory_infection,3M Littmann Classic II SE,3.0,0,0,3,0.100619785,0.04035696,0,0,pediátrico (<18)
ICB_03845_012,ICB_188,respiratory_infection,3M Littmann Classic II SE,3.0,0,0,3,0.14921169,0.03512402,0,0,pediátrico (<18)
ICB_03845_013,ICB_188,respiratory_infection,3M Littmann Classic II SE,3.0,0,0,3,0.1205801,0.032684673,0,0,pediátrico (<18)
ICB_03845_014,ICB_188,respiratory_infection,3M Littmann Classic II SE,3.0,0,0,3,0.12914315,0.025943816,0,0,pediátrico (<18)
ICB_03845_015,ICB_188,respiratory_infection,3M Littmann Classic II SE,3.0,0,0,3,0.14667751,0.043834016,0,0,pediátrico (<18)
ICB_03871_000,ICB_194,normal_lung,AKG C417L Microphone,2.0,0,0,3,0.4494466,0.16991693,0,0,pediátrico (<18)
ICB_03871_001,ICB_194,normal_lung,AKG C417L Microphone,2.0,0,0,3,0.38011998,0.10458429,0,0,pediátrico (<18)
ICB_03871_002,ICB_194,normal_lung,AKG C417L Microphone,2.0,0,0,3,0.3978551,0.049255297,0,0,pediátrico (<18)
ICB_03871_003,ICB_194,normal_lung,AKG C417L Microphone,2.0,0,0,3,0.3769911,0.043099266,0,0,pediátrico (<18)
ICB_03871_004,ICB_194,normal_lung,AKG C417L Microphone,2.0,0,0,3,0.40384144,0.073604755,0,0,pediátrico (<18)
ICB_03871_005,ICB_194,normal_lung,AKG C417L Microphone,2.0,0,0,3,0.42283148,0.11112555,0,0,pediátrico (<18)
ICB_03871_006,ICB_194,normal_lung,AKG C417L Microphone,2.0,0,0,3,0.3967861,0.10631518,0,0,pediátrico (<18)
ICB_03871_007,ICB_194,normal_lung,AKG C417L Microphone,2.0,0,0,3,0.40860203,0.06794338,0,0,pediátrico (<18)
ICB_03871_008,ICB_194,normal_lung,AKG C417L Microphone,2.0,0,0,3,0.34407282,0.07854894,0,0,pediátrico (<18)
ICB_03872_000,ICB_194,normal_lung,AKG C417L Microphone,2.0,0,0,3,0.6116339,0.20227316,1,0,pediátrico (<18)
ICB_03872_001,ICB_194,normal_lung,AKG C417L Microphone,2.0,0,0,3,0.6008184,0.1599257,1,0,pediátrico (<18)
ICB_03872_002,ICB_194,normal_lung,AKG C417L Microphone,2.0,0,0,3,0.5404683,0.18152022,0,0,pediátrico (<18)
ICB_03872_003,ICB_194,normal_lung,AKG C417L Microphone,2.0,0,0,3,0.5103725,0.16316251,0,0,pediátrico (<18)
ICB_03872_004,ICB_194,normal_lung,AKG C417L Microphone,2.0,0,0,3,0.5373639,0.09984154,0,0,pediátrico (<18)
ICB_03872_005,ICB_194,normal_lung,AKG C417L Microphone,2.0,0,0,3,0.41209304,0.07393126,0,0,pediátrico (<18)
ICB_03872_006,ICB_194,normal_lung,AKG C417L Microphone,2.0,0,0,3,0.48206013,0.20450363,0,0,pediátrico (<18)
ICB_03872_007,ICB_194,normal_lung,AKG C417L Microphone,2.0,0,0,3,0.4806294,0.13929488,0,0,pediátrico (<18)
ICB_03872_008,ICB_194,normal_lung,AKG C417L Microphone,2.0,0,0,3,0.8110372,0.18810669,1,0,pediátrico (<18)
ICB_03896_000,ICB_199,copd,3M Littmann Classic II SE,71.0,0,0,3,0.4453051,0.10356559,0,0,adulto
ICB_03896_001,ICB_199,copd,3M Littmann Classic II SE,71.0,1,0,3,0.5220951,0.180271,0,1,adulto
ICB_03896_002,ICB_199,copd,3M Littmann Classic II SE,71.0,1,0,3,0.52238,0.08604792,0,1,adulto
ICB_03896_003,ICB_199,copd,3M Littmann Classic II SE,71.0,1,0,3,0.5219992,0.06919649,0,1,adulto
ICB_03896_004,ICB_199,copd,3M Littmann Classic II SE,71.0,1,0,3,0.5284266,0.22653995,0,1,adulto
ICB_03896_005,ICB_199,copd,3M Littmann Classic II SE,71.0,0,0,3,0.5690951,0.15495852,0,0,adulto
ICB_03896_006,ICB_199,copd,3M Littmann Classic II SE,71.0,0,0,3,0.3796321,0.17009155,0,0,adulto
ICB_03896_007,ICB_199,copd,3M Littmann Classic II SE,71.0,0,0,3,0.36862108,0.06958011,0,0,adulto
ICB_03896_008,ICB_199,copd,3M Littmann Classic II SE,71.0,0,0,3,0.45278767,0.06667908,0,0,adulto
ICB_03897_000,ICB_199,copd,3M Littmann Classic II SE,71.0,1,0,3,0.4150935,0.12619334,0,1,adulto
ICB_03897_001,ICB_199,copd,3M Littmann Classic II SE,71.0,1,0,3,0.3978115,0.08361683,0,1,adulto
ICB_03897_002,ICB_199,copd,3M Littmann Classic II SE,71.0,1,0,3,0.42550322,0.07709009,0,1,adulto
ICB_03897_003,ICB_199,copd,3M Littmann Classic II SE,71.0,1,0,3,0.52187645,0.21957941,0,1,adulto
ICB_03897_004,ICB_199,copd,3M Littmann Classic II SE,71.0,1,0,3,0.64188594,0.14237328,1,1,adulto
ICB_03897_005,ICB_199,copd,3M Littmann Classic II SE,71.0,1,0,3,0.34196806,0.09621674,0,1,adulto
ICB_03897_006,ICB_199,copd,3M Littmann Classic II SE,71.0,1,0,3,0.40377197,0.051725153,0,1,adulto
ICB_03897_007,ICB_199,copd,3M Littmann Classic II SE,71.0,1,0,3,0.42153457,0.17316242,0,1,adulto
ICB_03897_008,ICB_199,copd,3M Littmann Classic II SE,71.0,0,0,3,0.41403028,0.16429381,0,0,adulto
ICB_03921_000,ICB_201,bronchiectasis,3M Littmann Classic II SE,73.0,0,0,3,0.6972561,0.23313926,1,0,adulto
ICB_03921_001,ICB_201,bronchiectasis,3M Littmann Classic II SE,73.0,1,0,3,0.68190545,0.18275122,1,1,adulto
ICB_03921_002,ICB_201,bronchiectasis,3M Littmann Classic II SE,73.0,0,1,3,0.6190285,0.19766293,1,2,adulto
ICB_03921_003,ICB_201,bronchiectasis,3M Littmann Classic II SE,73.0,1,1,3,0.667495,0.17784908,1,3,adulto
ICB_03921_004,ICB_201,bronchiectasis,3M Littmann Classic II SE,73.0,1,1,3,0.607288,0.31549636,1,3,adulto
ICB_03921_005,ICB_201,bronchiectasis,3M Littmann Classic II SE,73.0,0,1,3,0.40021542,0.2660076,0,2,adulto
ICB_03921_006,ICB_201,bronchiectasis,3M Littmann Classic II SE,73.0,0,0,3,0.5208712,0.093183264,0,0,adulto
ICB_03922_000,ICB_201,bronchiectasis,3M Littmann Classic II SE,73.0,0,0,3,0.4726201,0.35502017,0,0,adulto
ICB_03922_001,ICB_201,bronchiectasis,3M Littmann Classic II SE,73.0,0,1,3,0.5233847,0.80733716,0,2,adulto
ICB_03922_002,ICB_201,bronchiectasis,3M Littmann Classic II SE,73.0,0,1,3,0.47903708,0.6156078,0,2,adulto
ICB_03922_003,ICB_201,bronchiectasis,3M Littmann Classic II SE,73.0,0,1,3,0.43960842,0.8483468,0,2,adulto
ICB_03922_004,ICB_201,bronchiectasis,3M Littmann Classic II SE,73.0,0,1,3,0.5130883,0.8758544,0,2,adulto
ICB_03922_005,ICB_201,bronchiectasis,3M Littmann Classic II SE,73.0,0,1,3,0.51715976,0.80860335,0,2,adulto
ICB_03922_006,ICB_201,bronchiectasis,3M Littmann Classic II SE,73.0,0,1,3,0.5935253,0.80826604,0,2,adulto
ICB_03923_000,ICB_201,bronchiectasis,3M Littmann Classic II SE,73.0,0,1,3,0.55724776,0.30773935,0,2,adulto
ICB_03923_001,ICB_201,bronchiectasis,3M Littmann Classic II SE,73.0,1,1,3,0.51728475,0.12104986,0,3,adulto
ICB_03923_002,ICB_201,bronchiectasis,3M Littmann Classic II SE,73.0,1,1,3,0.6183665,0.20927982,1,3,adulto
ICB_03923_003,ICB_201,bronchiectasis,3M Littmann Classic II SE,73.0,1,1,3,0.6533036,0.26556677,1,3,adulto
ICB_03923_004,ICB_201,bronchiectasis,3M Littmann Classic II SE,73.0,1,1,3,0.6918395,0.1832448,1,3,adulto
ICB_03923_005,ICB_201,bronchiectasis,3M Littmann Classic II SE,73.0,1,1,3,0.6188497,0.2977082,1,3,adulto
ICB_03923_006,ICB_201,bronchiectasis,3M Littmann Classic II SE,73.0,0,0,3,0.40565988,0.11786046,0,0,adulto
ICB_03924_000,ICB_201,bronchiectasis,3M Littmann Classic II SE,73.0,0,0,3,0.50754774,0.287759,0,0,adulto
ICB_03924_001,ICB_201,bronchiectasis,3M Littmann Classic II SE,73.0,0,1,3,0.43644693,0.7284744,0,2,adulto
ICB_03924_002,ICB_201,bronchiectasis,3M Littmann Classic II SE,73.0,1,1,3,0.4855384,0.7584941,0,3,adulto
ICB_03924_003,ICB_201,bronchiectasis,3M Littmann Classic II SE,73.0,0,1,3,0.41549104,0.62463564,0,2,adulto
ICB_03924_004,ICB_201,bronchiectasis,3M Littmann Classic II SE,73.0,0,1,3,0.7426975,0.57622576,1,2,adulto
ICB_03924_005,ICB_201,bronchiectasis,3M Littmann Classic II SE,73.0,0,1,3,0.5197161,0.7974221,0,2,adulto
ICB_03924_006,ICB_201,bronchiectasis,3M Littmann Classic II SE,73.0,0,1,3,0.38213927,0.75020933,0,2,adulto
ICB_03925_000,ICB_201,bronchiectasis,3M Littmann Classic II SE,73.0,0,1,3,0.6806343,0.20715985,1,2,adulto
ICB_03925_001,ICB_201,bronchiectasis,3M Littmann Classic II SE,73.0,0,1,3,0.532914,0.2903022,0,2,adulto
ICB_03925_002,ICB_201,bronchiectasis,3M Littmann Classic II SE,73.0,1,1,3,0.67059654,0.1666515,1,3,adulto
ICB_03925_003,ICB_201,bronchiectasis,3M Littmann Classic II SE,73.0,1,1,3,0.6614048,0.16059609,1,3,adulto
ICB_03925_004,ICB_201,bronchiectasis,3M Littmann Classic II SE,73.0,0,1,3,0.6338255,0.84371716,1,2,adulto
ICB_03925_005,ICB_201,bronchiectasis,3M Littmann Classic II SE,73.0,0,1,3,0.3848455,0.58713055,0,2,adulto
ICB_03926_000,ICB_201,bronchiectasis,3M Littmann Classic II SE,73.0,0,1,3,0.5841355,0.47298187,0,2,adulto
ICB_03926_001,ICB_201,bronchiectasis,3M Littmann Classic II SE,73.0,0,1,3,0.56057364,0.83305705,0,2,adulto
ICB_03926_002,ICB_201,bronchiectasis,3M Littmann Classic II SE,73.0,0,1,3,0.52967966,0.8095809,0,2,adulto
ICB_03926_003,ICB_201,bronchiectasis,3M Littmann Classic II SE,73.0,0,1,3,0.6052607,0.8096447,1,2,adulto
ICB_03926_004,ICB_201,bronchiectasis,3M Littmann Classic II SE,73.0,0,1,3,0.55742365,0.8388907,0,2,adulto
ICB_03926_005,ICB_201,bronchiectasis,3M Littmann Classic II SE,73.0,0,1,3,0.37613678,0.7930789,0,2,adulto
ICB_03926_006,ICB_201,bronchiectasis,3M Littmann Classic II SE,73.0,0,1,3,0.5800271,0.73394495,0,2,adulto
ICB_03958_000,ICB_205,copd,AKG C417L Microphone,45.0,0,0,3,0.5872616,0.3209073,0,0,adulto
ICB_03958_001,ICB_205,copd,AKG C417L Microphone,45.0,0,0,3,0.5897559,0.35408214,0,0,adulto
ICB_03958_002,ICB_205,copd,AKG C417L Microphone,45.0,0,0,3,0.6173383,0.30786976,1,0,adulto
ICB_03958_003,ICB_205,copd,AKG C417L Microphone,45.0,1,0,3,0.6166663,0.35464814,1,1,adulto
ICB_03958_004,ICB_205,copd,AKG C417L Microphone,45.0,0,0,3,0.6235054,0.3337917,1,0,adulto
ICB_03958_005,ICB_205,copd,AKG C417L Microphone,45.0,0,0,3,0.60077584,0.230564,1,0,adulto
ICB_03959_000,ICB_205,copd,AKG C417L Microphone,45.0,1,0,3,0.36919457,0.17971979,0,1,adulto
ICB_03959_001,ICB_205,copd,AKG C417L Microphone,45.0,1,0,3,0.64298785,0.14894685,1,1,adulto
ICB_03959_002,ICB_205,copd,AKG C417L Microphone,45.0,1,0,3,0.6808097,0.14855337,1,1,adulto
ICB_03959_003,ICB_205,copd,AKG C417L Microphone,45.0,1,0,3,0.59713346,0.12334641,0,1,adulto
ICB_03959_004,ICB_205,copd,AKG C417L Microphone,45.0,1,0,3,0.7051566,0.123631775,1,1,adulto
ICB_03959_005,ICB_205,copd,AKG C417L Microphone,45.0,1,0,3,0.6069257,0.15627936,1,1,adulto
ICB_03960_000,ICB_205,copd,AKG C417L Microphone,45.0,0,0,3,0.526526,0.19099155,0,0,adulto
ICB_03960_001,ICB_205,copd,AKG C417L Microphone,45.0,1,0,3,0.54342914,0.1940819,0,1,adulto
ICB_03960_002,ICB_205,copd,AKG C417L Microphone,45.0,1,0,3,0.6358117,0.18777448,1,1,adulto
ICB_03960_003,ICB_205,copd,AKG C417L Microphone,45.0,1,0,3,0.6134008,0.17135373,1,1,adulto
ICB_03960_004,ICB_205,copd,AKG C417L Microphone,45.0,1,0,3,0.7419199,0.12018308,1,1,adulto
ICB_03960_005,ICB_205,copd,AKG C417L Microphone,45.0,1,0,3,0.55153656,0.2213725,0,1,adulto
ICB_03961_000,ICB_205,copd,AKG C417L Microphone,45.0,0,0,3,0.6453344,0.31157312,1,0,adulto
ICB_03961_001,ICB_205,copd,AKG C417L Microphone,45.0,1,0,3,0.7164076,0.26847988,1,1,adulto
ICB_03961_002,ICB_205,copd,AKG C417L Microphone,45.0,1,0,3,0.7208433,0.29284206,1,1,adulto
ICB_03961_003,ICB_205,copd,AKG C417L Microphone,45.0,0,0,3,0.7275722,0.2882415,1,0,adulto
ICB_03961_004,ICB_205,copd,AKG C417L Microphone,45.0,0,0,3,0.7582079,0.43285185,1,0,adulto
ICB_03961_005,ICB_205,copd,AKG C417L Microphone,45.0,0,0,3,0.7027815,0.2760333,1,0,adulto
ICB_03962_000,ICB_205,copd,AKG C417L Microphone,45.0,0,0,3,0.68002087,0.27916932,1,0,adulto
ICB_03962_001,ICB_205,copd,AKG C417L Microphone,45.0,1,0,3,0.6663009,0.25921887,1,1,adulto
ICB_03962_002,ICB_205,copd,AKG C417L Microphone,45.0,1,0,3,0.65431005,0.30842465,1,1,adulto
ICB_03962_003,ICB_205,copd,AKG C417L Microphone,45.0,1,0,3,0.66349036,0.24396876,1,1,adulto
ICB_03962_004,ICB_205,copd,AKG C417L Microphone,45.0,1,0,3,0.6845733,0.2652306,1,1,adulto
ICB_03962_005,ICB_205,copd,AKG C417L Microphone,45.0,0,0,3,0.61748725,0.24490759,1,0,adulto
ICB_03963_000,ICB_205,copd,AKG C417L Microphone,45.0,1,0,3,0.6972331,0.37560132,1,1,adulto
ICB_03963_001,ICB_205,copd,AKG C417L Microphone,45.0,1,0,3,0.67716944,0.40291122,1,1,adulto
ICB_03963_002,ICB_205,copd,AKG C417L Microphone,45.0,1,0,3,0.7779672,0.26108614,1,1,adulto
ICB_03963_003,ICB_205,copd,AKG C417L Microphone,45.0,0,0,3,0.68565077,0.35466674,1,0,adulto
ICB_03963_004,ICB_205,copd,AKG C417L Microphone,45.0,1,0,3,0.7873666,0.3386786,1,1,adulto
ICB_03963_005,ICB_205,copd,AKG C417L Microphone,45.0,0,0,3,0.65304613,0.24823402,1,0,adulto
ICB_03964_000,ICB_205,copd,AKG C417L Microphone,45.0,0,0,3,0.63392097,0.15884592,1,0,adulto
ICB_03964_001,ICB_205,copd,AKG C417L Microphone,45.0,0,0,3,0.62731105,0.17743571,1,0,adulto
ICB_03964_002,ICB_205,copd,AKG C417L Microphone,45.0,0,0,3,0.68270576,0.22366396,1,0,adulto
ICB_03964_003,ICB_205,copd,AKG C417L Microphone,45.0,0,0,3,0.65617156,0.1443021,1,0,adulto
ICB_03964_004,ICB_205,copd,AKG C417L Microphone,45.0,0,0,3,0.66720754,0.1713177,1,0,adulto
ICB_03965_000,ICB_205,copd,AKG C417L Microphone,45.0,0,0,3,0.75886434,0.2662578,1,0,adulto
ICB_03965_001,ICB_205,copd,AKG C417L Microphone,45.0,0,0,3,0.7640617,0.2580176,1,0,adulto
ICB_03965_002,ICB_205,copd,AKG C417L Microphone,45.0,1,0,3,0.7151862,0.2595154,1,1,adulto
ICB_03965_003,ICB_205,copd,AKG C417L Microphone,45.0,1,0,3,0.6825792,0.25776377,1,1,adulto
ICB_03965_004,ICB_205,copd,AKG C417L Microphone,45.0,0,0,3,0.69366235,0.2753182,1,0,adulto
ICB_03966_000,ICB_205,copd,AKG C417L Microphone,45.0,1,0,3,0.48151335,0.18227014,0,1,adulto
ICB_03966_001,ICB_205,copd,AKG C417L Microphone,45.0,1,0,3,0.3659551,0.25693905,0,1,adulto
ICB_03966_002,ICB_205,copd,AKG C417L Microphone,45.0,1,0,3,0.49062604,0.12896337,0,1,adulto
ICB_03966_003,ICB_205,copd,AKG C417L Microphone,45.0,1,0,3,0.48633727,0.0960766,0,1,adulto
ICB_03966_004,ICB_205,copd,AKG C417L Microphone,45.0,0,0,3,0.38767526,0.071227245,0,0,adulto
ICB_03967_000,ICB_205,copd,AKG C417L Microphone,45.0,1,0,3,0.69906557,0.27033308,1,1,adulto
ICB_03967_001,ICB_205,copd,AKG C417L Microphone,45.0,1,0,3,0.7403593,0.25040478,1,1,adulto
ICB_03967_002,ICB_205,copd,AKG C417L Microphone,45.0,1,0,3,0.6611294,0.24341029,1,1,adulto
ICB_03967_003,ICB_205,copd,AKG C417L Microphone,45.0,0,0,3,0.7415383,0.23940173,1,0,adulto
ICB_03967_004,ICB_205,copd,AKG C417L Microphone,45.0,0,0,3,0.67756164,0.25800017,1,0,adulto
ICB_03968_000,ICB_205,copd,AKG C417L Microphone,45.0,1,0,3,0.73968166,0.28468835,1,1,adulto
ICB_03968_001,ICB_205,copd,AKG C417L Microphone,45.0,1,0,3,0.74997085,0.24591433,1,1,adulto
ICB_03968_002,ICB_205,copd,AKG C417L Microphone,45.0,1,0,3,0.71550435,0.24816005,1,1,adulto
ICB_03968_003,ICB_205,copd,AKG C417L Microphone,45.0,1,0,3,0.7272293,0.20675541,1,1,adulto
ICB_03968_004,ICB_205,copd,AKG C417L Microphone,45.0,1,0,3,0.69219995,0.24432398,1,1,adulto
ICB_03969_000,ICB_205,copd,AKG C417L Microphone,45.0,1,0,3,0.6753332,0.30977267,1,1,adulto
ICB_03969_001,ICB_205,copd,AKG C417L Microphone,45.0,1,0,3,0.72340494,0.29503852,1,1,adulto
ICB_03969_002,ICB_205,copd,AKG C417L Microphone,45.0,1,0,3,0.71343595,0.46860638,1,1,adulto
ICB_03969_003,ICB_205,copd,AKG C417L Microphone,45.0,1,0,3,0.82210517,0.21683703,1,1,adulto
ICB_03970_000,ICB_205,copd,AKG C417L Microphone,45.0,0,0,3,0.7472082,0.17216857,1,0,adulto
ICB_03970_001,ICB_205,copd,AKG C417L Microphone,45.0,0,0,3,0.7961587,0.15403584,1,0,adulto
ICB_03970_002,ICB_205,copd,AKG C417L Microphone,45.0,1,0,3,0.60241616,0.09535066,1,1,adulto
ICB_03970_003,ICB_205,copd,AKG C417L Microphone,45.0,0,0,3,0.7581213,0.14817394,1,0,adulto
ICB_03971_000,ICB_205,copd,AKG C417L Microphone,45.0,0,0,3,0.56542635,0.269309,0,0,adulto
ICB_03971_001,ICB_205,copd,AKG C417L Microphone,45.0,1,0,3,0.59272283,0.20979421,0,1,adulto
ICB_03971_002,ICB_205,copd,AKG C417L Microphone,45.0,0,0,3,0.66281843,0.3604015,1,0,adulto
ICB_03971_003,ICB_205,copd,AKG C417L Microphone,45.0,1,0,3,0.67590165,0.30290824,1,1,adulto
ICB_03972_000,ICB_205,copd,AKG C417L Microphone,45.0,0,0,3,0.77416956,0.27221987,1,0,adulto
ICB_03972_001,ICB_205,copd,AKG C417L Microphone,45.0,0,0,3,0.7816102,0.2229346,1,0,adulto
ICB_03972_002,ICB_205,copd,AKG C417L Microphone,45.0,0,0,3,0.82740915,0.5552053,1,0,adulto
ICB_03972_003,ICB_205,copd,AKG C417L Microphone,45.0,0,0,3,0.80133766,0.22458778,1,0,adulto
ICB_03973_000,ICB_205,copd,AKG C417L Microphone,45.0,1,0,3,0.7689856,0.22947176,1,1,adulto
ICB_03973_001,ICB_205,copd,AKG C417L Microphone,45.0,1,0,3,0.7004404,0.19133778,1,1,adulto
ICB_03973_002,ICB_205,copd,AKG C417L Microphone,45.0,1,0,3,0.6754016,0.17857888,1,1,adulto
ICB_03973_003,ICB_205,copd,AKG C417L Microphone,45.0,1,0,3,0.6767047,0.2576026,1,1,adulto
ICB_03973_004,ICB_205,copd,AKG C417L Microphone,45.0,1,0,3,0.68212974,0.26372606,1,1,adulto
ICB_03974_000,ICB_205,copd,AKG C417L Microphone,45.0,1,0,3,0.8114628,0.10059297,1,1,adulto
ICB_03974_001,ICB_205,copd,AKG C417L Microphone,45.0,1,0,3,0.73676616,0.083391465,1,1,adulto
ICB_03974_002,ICB_205,copd,AKG C417L Microphone,45.0,1,0,3,0.87445074,0.08032067,1,1,adulto
ICB_03974_003,ICB_205,copd,AKG C417L Microphone,45.0,0,0,3,0.31576598,0.21513166,0,0,adulto
ICB_03974_004,ICB_205,copd,AKG C417L Microphone,45.0,1,0,3,0.7152341,0.16849862,1,1,adulto
ICB_03975_000,ICB_205,copd,AKG C417L Microphone,45.0,1,0,3,0.7376133,0.15575266,1,1,adulto
ICB_03975_001,ICB_205,copd,AKG C417L Microphone,45.0,0,0,3,0.70718026,0.17178836,1,0,adulto
ICB_03975_002,ICB_205,copd,AKG C417L Microphone,45.0,0,0,3,0.70445675,0.18402919,1,0,adulto
ICB_03975_003,ICB_205,copd,AKG C417L Microphone,45.0,0,0,3,0.6967653,0.1928157,1,0,adulto
ICB_03975_004,ICB_205,copd,AKG C417L Microphone,45.0,0,0,3,0.7280246,0.16772352,1,0,adulto
ICB_03976_000,ICB_205,copd,AKG C417L Microphone,45.0,0,0,3,0.536953,0.21506199,0,0,adulto
ICB_03976_001,ICB_205,copd,AKG C417L Microphone,45.0,0,0,3,0.5711189,0.20017858,0,0,adulto
ICB_03976_002,ICB_205,copd,AKG C417L Microphone,45.0,0,0,3,0.558292,0.19393694,0,0,adulto
ICB_03976_003,ICB_205,copd,AKG C417L Microphone,45.0,0,0,3,0.57562864,0.20629974,0,0,adulto
ICB_03976_004,ICB_205,copd,AKG C417L Microphone,45.0,0,0,3,0.5840987,0.19367969,0,0,adulto
ICB_03977_000,ICB_205,copd,AKG C417L Microphone,45.0,1,0,3,0.69962424,0.269064,1,1,adulto
ICB_03977_001,ICB_205,copd,AKG C417L Microphone,45.0,1,0,3,0.71307814,0.2550715,1,1,adulto
ICB_03977_002,ICB_205,copd,AKG C417L Microphone,45.0,0,0,3,0.677252,0.24978569,1,0,adulto
ICB_03977_003,ICB_205,copd,AKG C417L Microphone,45.0,1,0,3,0.70175356,0.30003282,1,1,adulto
ICB_03977_004,ICB_205,copd,AKG C417L Microphone,45.0,1,0,3,0.7046005,0.3022065,1,1,adulto
ICB_04003_000,ICB_209,normal_lung,3M Littmann Classic II SE,14.0,0,0,3,0.106341004,0.014956336,0,0,pediátrico (<18)
ICB_04003_001,ICB_209,normal_lung,3M Littmann Classic II SE,14.0,0,0,3,0.10332668,0.0056561283,0,0,pediátrico (<18)
ICB_04003_002,ICB_209,normal_lung,3M Littmann Classic II SE,14.0,0,0,3,0.16156617,0.028569603,0,0,pediátrico (<18)
ICB_04003_003,ICB_209,normal_lung,3M Littmann Classic II SE,14.0,0,0,3,0.19698887,0.017416794,0,0,pediátrico (<18)
ICB_04068_000,ICB_222,copd,WelchAllyn Meditron Master Elite,60.0,0,0,3,0.65487224,0.031427953,1,0,adulto
ICB_04068_001,ICB_222,copd,WelchAllyn Meditron Master Elite,60.0,0,0,3,0.5833687,0.15628417,0,0,adulto
ICB_04068_002,ICB_222,copd,WelchAllyn Meditron Master Elite,60.0,0,0,3,0.61625814,0.35354567,1,0,adulto
ICB_04068_003,ICB_222,copd,WelchAllyn Meditron Master Elite,60.0,0,0,3,0.6387322,0.3268393,1,0,adulto
ICB_04068_004,ICB_222,copd,WelchAllyn Meditron Master Elite,60.0,0,0,3,0.65433466,0.06872069,1,0,adulto
ICB_04068_005,ICB_222,copd,WelchAllyn Meditron Master Elite,60.0,0,0,3,0.24515337,0.22520624,0,0,adulto
ICB_04068_006,ICB_222,copd,WelchAllyn Meditron Master Elite,60.0,0,0,3,0.45176893,0.18029872,0,0,adulto
ICB_04068_007,ICB_222,copd,WelchAllyn Meditron Master Elite,60.0,0,0,3,0.44474003,0.37571335,0,0,adulto
ICB_04068_008,ICB_222,copd,WelchAllyn Meditron Master Elite,60.0,0,0,3,0.4974732,0.30479217,0,0,adulto
ICB_04068_009,ICB_222,copd,WelchAllyn Meditron Master Elite,60.0,0,0,3,0.43574288,0.28167212,0,0,adulto
ICB_04069_000,ICB_222,copd,WelchAllyn Meditron Master Elite,60.0,1,0,3,0.58605945,0.14655207,0,1,adulto
ICB_04069_001,ICB_222,copd,WelchAllyn Meditron Master Elite,60.0,0,0,3,0.5234685,0.36507878,0,0,adulto
ICB_04069_002,ICB_222,copd,WelchAllyn Meditron Master Elite,60.0,1,0,3,0.5548123,0.25448254,0,1,adulto
ICB_04069_003,ICB_222,copd,WelchAllyn Meditron Master Elite,60.0,0,0,3,0.34066847,0.23400337,0,0,adulto
ICB_04069_004,ICB_222,copd,WelchAllyn Meditron Master Elite,60.0,0,0,3,0.32697392,0.3100776,0,0,adulto
ICB_04069_005,ICB_222,copd,WelchAllyn Meditron Master Elite,60.0,1,0,3,0.71325815,0.3217576,1,1,adulto
ICB_04069_006,ICB_222,copd,WelchAllyn Meditron Master Elite,60.0,0,0,3,0.39319515,0.5108053,0,0,adulto
ICB_04069_007,ICB_222,copd,WelchAllyn Meditron Master Elite,60.0,1,0,3,0.7212898,0.2736622,1,1,adulto
ICB_04069_008,ICB_222,copd,WelchAllyn Meditron Master Elite,60.0,0,0,3,0.2691279,0.1889508,0,0,adulto
ICB_04069_009,ICB_222,copd,WelchAllyn Meditron Master Elite,60.0,1,0,3,0.68576545,0.31208718,1,1,adulto
ICB_04069_010,ICB_222,copd,WelchAllyn Meditron Master Elite,60.0,1,0,3,0.62817174,0.3493325,1,1,adulto
ICB_04069_011,ICB_222,copd,WelchAllyn Meditron Master Elite,60.0,1,0,3,0.50502014,0.23890151,0,1,adulto
ICB_04069_012,ICB_222,copd,WelchAllyn Meditron Master Elite,60.0,1,0,3,0.35186732,0.4482752,0,1,adulto
ICB_04069_013,ICB_222,copd,WelchAllyn Meditron Master Elite,60.0,1,0,3,0.44218317,0.45721203,0,1,adulto
ICB_04069_014,ICB_222,copd,WelchAllyn Meditron Master Elite,60.0,1,0,3,0.6498796,0.27871183,1,1,adulto
ICB_04069_015,ICB_222,copd,WelchAllyn Meditron Master Elite,60.0,1,0,3,0.57440776,0.4454032,0,1,adulto
ICB_04069_016,ICB_222,copd,WelchAllyn Meditron Master Elite,60.0,1,0,3,0.5345679,0.38524684,0,1,adulto
ICB_04069_017,ICB_222,copd,WelchAllyn Meditron Master Elite,60.0,0,0,3,0.42788053,0.21541396,0,0,adulto
ICB_04069_018,ICB_222,copd,WelchAllyn Meditron Master Elite,60.0,1,0,3,0.46395782,0.32945964,0,1,adulto
ICB_04069_019,ICB_222,copd,WelchAllyn Meditron Master Elite,60.0,0,0,3,0.4870841,0.1615899,0,0,adulto
ICB_04070_000,ICB_222,copd,WelchAllyn Meditron Master Elite,60.0,0,0,3,0.45143157,0.39636925,0,0,adulto
ICB_04070_001,ICB_222,copd,WelchAllyn Meditron Master Elite,60.0,0,0,3,0.5433388,0.45970407,0,0,adulto
ICB_04070_002,ICB_222,copd,WelchAllyn Meditron Master Elite,60.0,0,0,3,0.4653238,0.3908753,0,0,adulto
ICB_04070_003,ICB_222,copd,WelchAllyn Meditron Master Elite,60.0,0,0,3,0.46495014,0.42227098,0,0,adulto
ICB_04070_004,ICB_222,copd,WelchAllyn Meditron Master Elite,60.0,0,0,3,0.6268839,0.32290897,1,0,adulto
ICB_04070_005,ICB_222,copd,WelchAllyn Meditron Master Elite,60.0,0,0,3,0.41452238,0.15240122,0,0,adulto
ICB_04070_006,ICB_222,copd,WelchAllyn Meditron Master Elite,60.0,0,0,3,0.21935365,0.1713208,0,0,adulto
ICB_04070_007,ICB_222,copd,WelchAllyn Meditron Master Elite,60.0,0,1,3,0.43136927,0.15754744,0,2,adulto
ICB_04070_008,ICB_222,copd,WelchAllyn Meditron Master Elite,60.0,0,1,3,0.35281232,0.26745212,0,2,adulto
ICB_04070_009,ICB_222,copd,WelchAllyn Meditron Master Elite,60.0,0,1,3,0.29866666,0.09551696,0,2,adulto
ICB_04070_010,ICB_222,copd,WelchAllyn Meditron Master Elite,60.0,0,1,3,0.21064924,0.16300997,0,2,adulto
ICB_04070_011,ICB_222,copd,WelchAllyn Meditron Master Elite,60.0,0,1,3,0.26480934,0.5418177,0,2,adulto
ICB_04070_012,ICB_222,copd,WelchAllyn Meditron Master Elite,60.0,0,1,3,0.31788144,0.82014567,0,2,adulto
ICB_04070_013,ICB_222,copd,WelchAllyn Meditron Master Elite,60.0,0,1,3,0.34152448,0.44092715,0,2,adulto
ICB_04070_014,ICB_222,copd,WelchAllyn Meditron Master Elite,60.0,0,1,3,0.34754005,0.6978888,0,2,adulto
ICB_04080_000,ICB_226,pneumonia,3M Littmann Classic II SE,4.0,0,0,3,0.47333732,0.14294498,0,0,pediátrico (<18)
ICB_04080_001,ICB_226,pneumonia,3M Littmann Classic II SE,4.0,0,0,3,0.40090516,0.18045305,0,0,pediátrico (<18)
ICB_04080_002,ICB_226,pneumonia,3M Littmann Classic II SE,4.0,1,0,3,0.4859166,0.17242907,0,1,pediátrico (<18)
ICB_04080_003,ICB_226,pneumonia,3M Littmann Classic II SE,4.0,1,0,3,0.5284268,0.17990199,0,1,pediátrico (<18)
ICB_04080_004,ICB_226,pneumonia,3M Littmann Classic II SE,4.0,0,0,3,0.3964089,0.2035655,0,0,pediátrico (<18)
ICB_04080_005,ICB_226,pneumonia,3M Littmann Classic II SE,4.0,0,0,3,0.44134745,0.14824298,0,0,pediátrico (<18)
ICB_04080_006,ICB_226,pneumonia,3M Littmann Classic II SE,4.0,0,0,3,0.38374814,0.16350022,0,0,pediátrico (<18)
ICB_04080_007,ICB_226,pneumonia,3M Littmann Classic II SE,4.0,0,0,3,0.4833563,0.19282211,0,0,pediátrico (<18)
ICB_04080_008,ICB_226,pneumonia,3M Littmann Classic II SE,4.0,0,0,3,0.565757,0.10288928,0,0,pediátrico (<18)
ICB_04080_009,ICB_226,pneumonia,3M Littmann Classic II SE,4.0,0,0,3,0.4257207,0.13593647,0,0,pediátrico (<18)
ICB_04081_000,ICB_226,pneumonia,3M Littmann Classic II SE,4.0,0,0,3,0.40823862,0.12728749,0,0,pediátrico (<18)
ICB_04081_001,ICB_226,pneumonia,3M Littmann Classic II SE,4.0,1,0,3,0.4550891,0.17955348,0,1,pediátrico (<18)
ICB_04081_002,ICB_226,pneumonia,3M Littmann Classic II SE,4.0,1,0,3,0.4387652,0.17658894,0,1,pediátrico (<18)
ICB_04081_003,ICB_226,pneumonia,3M Littmann Classic II SE,4.0,1,0,3,0.43864122,0.20752572,0,1,pediátrico (<18)
ICB_04081_004,ICB_226,pneumonia,3M Littmann Classic II SE,4.0,0,0,3,0.48533478,0.21352586,0,0,pediátrico (<18)
ICB_04081_005,ICB_226,pneumonia,3M Littmann Classic II SE,4.0,1,0,3,0.37890804,0.15577139,0,1,pediátrico (<18)
ICB_04081_006,ICB_226,pneumonia,3M Littmann Classic II SE,4.0,1,0,3,0.44430056,0.19622277,0,1,pediátrico (<18)
ICB_04081_007,ICB_226,pneumonia,3M Littmann Classic II SE,4.0,1,0,3,0.45943522,0.11998184,0,1,pediátrico (<18)
ICB_04081_008,ICB_226,pneumonia,3M Littmann Classic II SE,4.0,0,0,3,0.4004481,0.08641403,0,0,pediátrico (<18)
ICB_04081_009,ICB_226,pneumonia,3M Littmann Classic II SE,4.0,0,0,3,0.493094,0.21270585,0,0,pediátrico (<18)
ICB_04082_000,ICB_226,pneumonia,3M Littmann Classic II SE,4.0,0,0,3,0.31276727,0.10325143,0,0,pediátrico (<18)
ICB_04082_001,ICB_226,pneumonia,3M Littmann Classic II SE,4.0,0,0,3,0.48054054,0.14460342,0,0,pediátrico (<18)
ICB_04082_002,ICB_226,pneumonia,3M Littmann Classic II SE,4.0,1,0,3,0.5014613,0.15112174,0,1,pediátrico (<18)
ICB_04082_003,ICB_226,pneumonia,3M Littmann Classic II SE,4.0,1,0,3,0.5505044,0.10711515,0,1,pediátrico (<18)
ICB_04082_004,ICB_226,pneumonia,3M Littmann Classic II SE,4.0,0,0,3,0.42899936,0.13416383,0,0,pediátrico (<18)
ICB_04082_005,ICB_226,pneumonia,3M Littmann Classic II SE,4.0,1,0,3,0.6243391,0.14075765,1,1,pediátrico (<18)
ICB_04082_006,ICB_226,pneumonia,3M Littmann Classic II SE,4.0,1,0,3,0.59170645,0.12542124,0,1,pediátrico (<18)
ICB_04082_007,ICB_226,pneumonia,3M Littmann Classic II SE,4.0,0,0,3,0.65096104,0.17243567,1,0,pediátrico (<18)
ICB_04082_008,ICB_226,pneumonia,3M Littmann Classic II SE,4.0,0,0,3,0.5506474,0.21244809,0,0,pediátrico (<18)
ICB_04082_009,ICB_226,pneumonia,3M Littmann Classic II SE,4.0,1,0,3,0.45892042,0.09559757,0,1,pediátrico (<18)
ICB_04082_010,ICB_226,pneumonia,3M Littmann Classic II SE,4.0,0,0,3,0.33345255,0.120678835,0,0,pediátrico (<18)
ICB_03163_000,ICB_101,respiratory_infection,AKG C417L Microphone,3.0,0,0,4,0.53627414,0.364036,0,0,pediátrico (<18)
ICB_03163_001,ICB_101,respiratory_infection,AKG C417L Microphone,3.0,0,0,4,0.556966,0.38254794,0,0,pediátrico (<18)
ICB_03163_002,ICB_101,respiratory_infection,AKG C417L Microphone,3.0,0,0,4,0.5818759,0.36441934,0,0,pediátrico (<18)
ICB_03163_003,ICB_101,respiratory_infection,AKG C417L Microphone,3.0,0,0,4,0.56223905,0.41977873,0,0,pediátrico (<18)
ICB_03163_004,ICB_101,respiratory_infection,AKG C417L Microphone,3.0,0,0,4,0.58084875,0.42007762,0,0,pediátrico (<18)
ICB_03163_005,ICB_101,respiratory_infection,AKG C417L Microphone,3.0,0,0,4,0.56773007,0.37920296,0,0,pediátrico (<18)
ICB_03163_006,ICB_101,respiratory_infection,AKG C417L Microphone,3.0,0,0,4,0.5593722,0.3671094,0,0,pediátrico (<18)
ICB_03163_007,ICB_101,respiratory_infection,AKG C417L Microphone,3.0,0,0,4,0.5963975,0.40754652,0,0,pediátrico (<18)
ICB_03163_008,ICB_101,respiratory_infection,AKG C417L Microphone,3.0,0,0,4,0.5303705,0.21254136,0,0,pediátrico (<18)
ICB_03163_009,ICB_101,respiratory_infection,AKG C417L Microphone,3.0,0,0,4,0.56317395,0.37403718,0,0,pediátrico (<18)
ICB_03163_010,ICB_101,respiratory_infection,AKG C417L Microphone,3.0,0,0,4,0.54867214,0.2972657,0,0,pediátrico (<18)
ICB_03163_011,ICB_101,respiratory_infection,AKG C417L Microphone,3.0,0,0,4,0.4761198,0.24975714,0,0,pediátrico (<18)
ICB_03164_000,ICB_101,respiratory_infection,AKG C417L Microphone,3.0,0,0,4,0.5722291,0.43198892,0,0,pediátrico (<18)
ICB_03164_001,ICB_101,respiratory_infection,AKG C417L Microphone,3.0,0,0,4,0.54625875,0.4268957,0,0,pediátrico (<18)
ICB_03164_002,ICB_101,respiratory_infection,AKG C417L Microphone,3.0,0,0,4,0.58432674,0.42049804,0,0,pediátrico (<18)
ICB_03164_003,ICB_101,respiratory_infection,AKG C417L Microphone,3.0,0,0,4,0.61784875,0.38076237,0,0,pediátrico (<18)
ICB_03164_004,ICB_101,respiratory_infection,AKG C417L Microphone,3.0,0,0,4,0.5994073,0.37676913,0,0,pediátrico (<18)
ICB_03164_005,ICB_101,respiratory_infection,AKG C417L Microphone,3.0,0,0,4,0.5517156,0.45265177,0,0,pediátrico (<18)
ICB_03164_006,ICB_101,respiratory_infection,AKG C417L Microphone,3.0,0,0,4,0.58371514,0.32364982,0,0,pediátrico (<18)
ICB_03164_007,ICB_101,respiratory_infection,AKG C417L Microphone,3.0,0,0,4,0.5607533,0.38903594,0,0,pediátrico (<18)
ICB_03164_008,ICB_101,respiratory_infection,AKG C417L Microphone,3.0,0,0,4,0.565803,0.3995585,0,0,pediátrico (<18)
ICB_03164_009,ICB_101,respiratory_infection,AKG C417L Microphone,3.0,0,0,4,0.522037,0.38127354,0,0,pediátrico (<18)
ICB_03164_010,ICB_101,respiratory_infection,AKG C417L Microphone,3.0,0,0,4,0.5374002,0.27631298,0,0,pediátrico (<18)
ICB_03204_000,ICB_108,respiratory_infection,3M Littmann Classic II SE,3.0,0,0,4,0.63762575,0.4583537,0,0,pediátrico (<18)
ICB_03204_001,ICB_108,respiratory_infection,3M Littmann Classic II SE,3.0,0,0,4,0.61856747,0.50662285,0,0,pediátrico (<18)
ICB_03204_002,ICB_108,respiratory_infection,3M Littmann Classic II SE,3.0,0,0,4,0.62645847,0.48768783,0,0,pediátrico (<18)
ICB_03204_003,ICB_108,respiratory_infection,3M Littmann Classic II SE,3.0,0,0,4,0.64205927,0.45796075,0,0,pediátrico (<18)
ICB_03204_004,ICB_108,respiratory_infection,3M Littmann Classic II SE,3.0,0,0,4,0.624826,0.4618566,0,0,pediátrico (<18)
ICB_03204_005,ICB_108,respiratory_infection,3M Littmann Classic II SE,3.0,0,0,4,0.6254951,0.44344422,0,0,pediátrico (<18)
ICB_03204_006,ICB_108,respiratory_infection,3M Littmann Classic II SE,3.0,0,0,4,0.6308073,0.42469046,0,0,pediátrico (<18)
ICB_03204_007,ICB_108,respiratory_infection,3M Littmann Classic II SE,3.0,0,0,4,0.6352589,0.4700774,0,0,pediátrico (<18)
ICB_03223_000,ICB_113,copd,3M Littmann 3200 Electronic,58.0,0,0,4,0.4253059,0.68235004,2,0,adulto
ICB_03223_001,ICB_113,copd,3M Littmann 3200 Electronic,58.0,0,0,4,0.44067013,0.642094,2,0,adulto
ICB_03223_002,ICB_113,copd,3M Littmann 3200 Electronic,58.0,0,0,4,0.40801194,0.6385166,2,0,adulto
ICB_03223_003,ICB_113,copd,3M Littmann 3200 Electronic,58.0,0,0,4,0.42731628,0.6257393,2,0,adulto
ICB_03223_004,ICB_113,copd,3M Littmann 3200 Electronic,58.0,0,0,4,0.43106392,0.6583177,2,0,adulto
ICB_03223_005,ICB_113,copd,3M Littmann 3200 Electronic,58.0,0,0,4,0.43609077,0.5928284,2,0,adulto
ICB_03223_006,ICB_113,copd,3M Littmann 3200 Electronic,58.0,0,0,4,0.47475803,0.7232136,2,0,adulto
ICB_03224_000,ICB_113,copd,3M Littmann 3200 Electronic,58.0,0,0,4,0.4453462,0.5991417,2,0,adulto
ICB_03224_001,ICB_113,copd,3M Littmann 3200 Electronic,58.0,0,0,4,0.40161362,0.5291623,0,0,adulto
ICB_03224_002,ICB_113,copd,3M Littmann 3200 Electronic,58.0,0,0,4,0.40786585,0.5801597,2,0,adulto
ICB_03224_003,ICB_113,copd,3M Littmann 3200 Electronic,58.0,0,0,4,0.35269275,0.6659413,2,0,adulto
ICB_03224_004,ICB_113,copd,3M Littmann 3200 Electronic,58.0,0,0,4,0.42588806,0.61392736,2,0,adulto
ICB_03224_005,ICB_113,copd,3M Littmann 3200 Electronic,58.0,0,0,4,0.4254955,0.5690131,2,0,adulto
ICB_03224_006,ICB_113,copd,3M Littmann 3200 Electronic,58.0,0,0,4,0.38739604,0.6657834,2,0,adulto
ICB_03224_007,ICB_113,copd,3M Littmann 3200 Electronic,58.0,0,0,4,0.45050985,0.73283505,2,0,adulto
ICB_03225_000,ICB_113,copd,3M Littmann 3200 Electronic,58.0,0,0,4,0.4785746,0.77179605,2,0,adulto
ICB_03225_001,ICB_113,copd,3M Littmann 3200 Electronic,58.0,0,0,4,0.58968455,0.7273171,2,0,adulto
ICB_03225_002,ICB_113,copd,3M Littmann 3200 Electronic,58.0,0,0,4,0.6098843,0.6404552,2,0,adulto
ICB_03225_003,ICB_113,copd,3M Littmann 3200 Electronic,58.0,0,0,4,0.62311107,0.81039435,2,0,adulto
ICB_03225_004,ICB_113,copd,3M Littmann 3200 Electronic,58.0,0,0,4,0.5595354,0.71316177,2,0,adulto
ICB_03225_005,ICB_113,copd,3M Littmann 3200 Electronic,58.0,0,0,4,0.6277652,0.6475554,2,0,adulto
ICB_03225_006,ICB_113,copd,3M Littmann 3200 Electronic,58.0,0,0,4,0.63175845,0.74183214,2,0,adulto
ICB_03225_007,ICB_113,copd,3M Littmann 3200 Electronic,58.0,0,0,4,0.5307148,0.6778496,2,0,adulto
ICB_03225_008,ICB_113,copd,3M Littmann 3200 Electronic,58.0,0,0,4,0.56145144,0.6810699,2,0,adulto
ICB_03225_009,ICB_113,copd,3M Littmann 3200 Electronic,58.0,0,0,4,0.59390396,0.62946403,2,0,adulto
ICB_03225_010,ICB_113,copd,3M Littmann 3200 Electronic,58.0,0,0,4,0.5630008,0.65589476,2,0,adulto
ICB_03226_000,ICB_113,copd,3M Littmann 3200 Electronic,58.0,0,0,4,0.5819243,0.5179352,0,0,adulto
ICB_03226_001,ICB_113,copd,3M Littmann 3200 Electronic,58.0,0,0,4,0.49203175,0.6166118,2,0,adulto
ICB_03226_002,ICB_113,copd,3M Littmann 3200 Electronic,58.0,0,0,4,0.5092252,0.6850752,2,0,adulto
ICB_03226_003,ICB_113,copd,3M Littmann 3200 Electronic,58.0,0,0,4,0.49750242,0.74026805,2,0,adulto
ICB_03226_004,ICB_113,copd,3M Littmann 3200 Electronic,58.0,0,0,4,0.5667745,0.6775416,2,0,adulto
ICB_03226_005,ICB_113,copd,3M Littmann 3200 Electronic,58.0,0,0,4,0.50454104,0.7387274,2,0,adulto
ICB_03226_006,ICB_113,copd,3M Littmann 3200 Electronic,58.0,0,0,4,0.5341689,0.7576242,2,0,adulto
ICB_03227_000,ICB_113,copd,3M Littmann 3200 Electronic,58.0,0,0,4,0.42094162,0.61334544,2,0,adulto
ICB_03227_001,ICB_113,copd,3M Littmann 3200 Electronic,58.0,0,0,4,0.43985936,0.64668864,2,0,adulto
ICB_03227_002,ICB_113,copd,3M Littmann 3200 Electronic,58.0,0,0,4,0.4675919,0.64108837,2,0,adulto
ICB_03227_003,ICB_113,copd,3M Littmann 3200 Electronic,58.0,0,0,4,0.5131533,0.6418335,2,0,adulto
ICB_03227_004,ICB_113,copd,3M Littmann 3200 Electronic,58.0,0,0,4,0.45641607,0.65142447,2,0,adulto
ICB_03227_005,ICB_113,copd,3M Littmann 3200 Electronic,58.0,0,0,4,0.40851706,0.637405,2,0,adulto
ICB_03227_006,ICB_113,copd,3M Littmann 3200 Electronic,58.0,0,0,4,0.3655651,0.6861461,2,0,adulto
ICB_03227_007,ICB_113,copd,3M Littmann 3200 Electronic,58.0,0,0,4,0.42855582,0.646778,2,0,adulto
ICB_03228_000,ICB_113,copd,3M Littmann 3200 Electronic,58.0,0,0,4,0.4085187,0.6825847,2,0,adulto
ICB_03228_001,ICB_113,copd,3M Littmann 3200 Electronic,58.0,0,0,4,0.45216674,0.6457687,2,0,adulto
ICB_03228_002,ICB_113,copd,3M Littmann 3200 Electronic,58.0,0,0,4,0.47936392,0.6130926,2,0,adulto
ICB_03228_003,ICB_113,copd,3M Littmann 3200 Electronic,58.0,0,0,4,0.4305284,0.6995721,2,0,adulto
ICB_03228_004,ICB_113,copd,3M Littmann 3200 Electronic,58.0,0,0,4,0.48275384,0.5988447,2,0,adulto
ICB_03228_005,ICB_113,copd,3M Littmann 3200 Electronic,58.0,0,0,4,0.44818535,0.62603194,2,0,adulto
ICB_03228_006,ICB_113,copd,3M Littmann 3200 Electronic,58.0,0,0,4,0.48863876,0.61216646,2,0,adulto
ICB_03228_007,ICB_113,copd,3M Littmann 3200 Electronic,58.0,0,0,4,0.46621078,0.67888147,2,0,adulto
ICB_03228_008,ICB_113,copd,3M Littmann 3200 Electronic,58.0,0,0,4,0.4680737,0.66719705,2,0,adulto
ICB_03229_000,ICB_114,copd,AKG C417L Microphone,77.0,0,1,4,0.33428714,0.4544008,0,2,adulto
ICB_03229_001,ICB_114,copd,AKG C417L Microphone,77.0,1,1,4,0.30567226,0.42997113,0,3,adulto
ICB_03229_002,ICB_114,copd,AKG C417L Microphone,77.0,1,1,4,0.3564023,0.4914604,0,3,adulto
ICB_03229_003,ICB_114,copd,AKG C417L Microphone,77.0,1,1,4,0.3835178,0.6076253,2,3,adulto
ICB_03229_004,ICB_114,copd,AKG C417L Microphone,77.0,1,0,4,0.40464655,0.43394193,0,1,adulto
ICB_03229_005,ICB_114,copd,AKG C417L Microphone,77.0,1,1,4,0.28853357,0.36098486,0,3,adulto
ICB_03229_006,ICB_114,copd,AKG C417L Microphone,77.0,1,0,4,0.39133796,0.24529617,0,1,adulto
ICB_03230_000,ICB_114,copd,AKG C417L Microphone,77.0,0,1,4,0.26207784,0.29228657,0,2,adulto
ICB_03230_001,ICB_114,copd,AKG C417L Microphone,77.0,1,1,4,0.21768095,0.2216511,0,3,adulto
ICB_03230_002,ICB_114,copd,AKG C417L Microphone,77.0,1,1,4,0.25516975,0.26026738,0,3,adulto
ICB_03230_003,ICB_114,copd,AKG C417L Microphone,77.0,1,1,4,0.20524327,0.2359572,0,3,adulto
ICB_03230_004,ICB_114,copd,AKG C417L Microphone,77.0,1,0,4,0.1885866,0.23903342,0,1,adulto
ICB_03230_005,ICB_114,copd,AKG C417L Microphone,77.0,1,1,4,0.20993277,0.20175907,0,3,adulto
ICB_03230_006,ICB_114,copd,AKG C417L Microphone,77.0,0,0,4,0.37232548,0.28523344,0,0,adulto
ICB_03231_000,ICB_114,copd,AKG C417L Microphone,77.0,1,1,4,0.38818744,0.449191,0,3,adulto
ICB_03231_001,ICB_114,copd,AKG C417L Microphone,77.0,1,1,4,0.3404857,0.34524575,0,3,adulto
ICB_03231_002,ICB_114,copd,AKG C417L Microphone,77.0,1,1,4,0.38730502,0.44929457,0,3,adulto
ICB_03231_003,ICB_114,copd,AKG C417L Microphone,77.0,1,1,4,0.41797897,0.5308812,0,3,adulto
ICB_03231_004,ICB_114,copd,AKG C417L Microphone,77.0,1,0,4,0.38876343,0.35160843,0,1,adulto
ICB_03231_005,ICB_114,copd,AKG C417L Microphone,77.0,1,1,4,0.33102867,0.3464652,0,3,adulto
ICB_03231_006,ICB_114,copd,AKG C417L Microphone,77.0,1,0,4,0.4957702,0.27820313,0,1,adulto
ICB_03232_000,ICB_114,copd,AKG C417L Microphone,77.0,1,1,4,0.478875,0.62777275,2,3,adulto
ICB_03232_001,ICB_114,copd,AKG C417L Microphone,77.0,1,1,4,0.4092721,0.5698233,2,3,adulto
ICB_03232_002,ICB_114,copd,AKG C417L Microphone,77.0,1,1,4,0.39756542,0.7351739,2,3,adulto
ICB_03232_003,ICB_114,copd,AKG C417L Microphone,77.0,1,1,4,0.46746808,0.62929803,2,3,adulto
ICB_03232_004,ICB_114,copd,AKG C417L Microphone,77.0,1,0,4,0.5268439,0.46262383,0,1,adulto
ICB_03232_005,ICB_114,copd,AKG C417L Microphone,77.0,1,1,4,0.5046865,0.58038634,2,3,adulto
ICB_03232_006,ICB_114,copd,AKG C417L Microphone,77.0,1,0,4,0.4619821,0.48428822,0,1,adulto
ICB_03233_000,ICB_114,copd,AKG C417L Microphone,77.0,0,1,4,0.44072834,0.48864797,0,2,adulto
ICB_03233_001,ICB_114,copd,AKG C417L Microphone,77.0,1,1,4,0.30736035,0.52779,0,3,adulto
ICB_03233_002,ICB_114,copd,AKG C417L Microphone,77.0,1,1,4,0.32141936,0.6775539,2,3,adulto
ICB_03233_003,ICB_114,copd,AKG C417L Microphone,77.0,1,1,4,0.42893314,0.56519175,2,3,adulto
ICB_03233_004,ICB_114,copd,AKG C417L Microphone,77.0,1,0,4,0.42564145,0.42694157,0,1,adulto
ICB_03233_005,ICB_114,copd,AKG C417L Microphone,77.0,1,1,4,0.47219896,0.45383346,0,3,adulto
ICB_03233_006,ICB_114,copd,AKG C417L Microphone,77.0,1,0,4,0.42875907,0.48031917,0,1,adulto
ICB_03251_000,ICB_121,normal_lung,3M Littmann Classic II SE,13.0,0,0,4,0.13471116,0.08438885,0,0,pediátrico (<18)
ICB_03251_001,ICB_121,normal_lung,3M Littmann Classic II SE,13.0,0,0,4,0.14107484,0.13609427,0,0,pediátrico (<18)
ICB_03251_002,ICB_121,normal_lung,3M Littmann Classic II SE,13.0,0,0,4,0.13279916,0.15600881,0,0,pediátrico (<18)
ICB_03251_003,ICB_121,normal_lung,3M Littmann Classic II SE,13.0,0,0,4,0.13421129,0.14028332,0,0,pediátrico (<18)
ICB_03251_004,ICB_121,normal_lung,3M Littmann Classic II SE,13.0,0,0,4,0.23310669,0.18494608,0,0,pediátrico (<18)
ICB_03251_005,ICB_121,normal_lung,3M Littmann Classic II SE,13.0,0,0,4,0.13162187,0.10941289,0,0,pediátrico (<18)
ICB_03252_000,ICB_121,normal_lung,3M Littmann Classic II SE,13.0,0,0,4,0.141423,0.13398498,0,0,pediátrico (<18)
ICB_03252_001,ICB_121,normal_lung,3M Littmann Classic II SE,13.0,0,0,4,0.09625648,0.12351021,0,0,pediátrico (<18)
ICB_03252_002,ICB_121,normal_lung,3M Littmann Classic II SE,13.0,0,0,4,0.15474746,0.06693422,0,0,pediátrico (<18)
ICB_03252_003,ICB_121,normal_lung,3M Littmann Classic II SE,13.0,0,0,4,0.13814859,0.1528007,0,0,pediátrico (<18)
ICB_03252_004,ICB_121,normal_lung,3M Littmann Classic II SE,13.0,0,0,4,0.14004327,0.15286025,0,0,pediátrico (<18)
ICB_03252_005,ICB_121,normal_lung,3M Littmann Classic II SE,13.0,0,0,4,0.23446225,0.17475528,0,0,pediátrico (<18)
ICB_03252_006,ICB_121,normal_lung,3M Littmann Classic II SE,13.0,0,0,4,0.14613381,0.13346541,0,0,pediátrico (<18)
ICB_03252_007,ICB_121,normal_lung,3M Littmann Classic II SE,13.0,0,0,4,0.10022247,0.10167554,0,0,pediátrico (<18)
ICB_03270_000,ICB_126,normal_lung,AKG C417L Microphone,1.0,0,0,4,0.63536036,0.34311503,0,0,pediátrico (<18)
ICB_03270_001,ICB_126,normal_lung,AKG C417L Microphone,1.0,0,0,4,0.5622864,0.398783,0,0,pediátrico (<18)
ICB_03270_002,ICB_126,normal_lung,AKG C417L Microphone,1.0,0,0,4,0.5072135,0.35311058,0,0,pediátrico (<18)
ICB_03270_003,ICB_126,normal_lung,AKG C417L Microphone,1.0,0,0,4,0.5597653,0.27508804,0,0,pediátrico (<18)
ICB_03270_004,ICB_126,normal_lung,AKG C417L Microphone,1.0,0,0,4,0.5709377,0.34967858,0,0,pediátrico (<18)
ICB_03270_005,ICB_126,normal_lung,AKG C417L Microphone,1.0,0,0,4,0.5602816,0.37019235,0,0,pediátrico (<18)
ICB_03270_006,ICB_126,normal_lung,AKG C417L Microphone,1.0,0,0,4,0.5986576,0.3638009,0,0,pediátrico (<18)
ICB_03270_007,ICB_126,normal_lung,AKG C417L Microphone,1.0,0,0,4,0.53905386,0.3675096,0,0,pediátrico (<18)
ICB_03270_008,ICB_126,normal_lung,AKG C417L Microphone,1.0,0,0,4,0.5191848,0.36947984,0,0,pediátrico (<18)
ICB_03270_009,ICB_126,normal_lung,AKG C417L Microphone,1.0,0,0,4,0.5886483,0.36333418,0,0,pediátrico (<18)
ICB_03270_010,ICB_126,normal_lung,AKG C417L Microphone,1.0,0,0,4,0.49083805,0.3458133,0,0,pediátrico (<18)
ICB_03271_000,ICB_127,normal_lung,3M Littmann Classic II SE,2.0,0,0,4,0.583474,0.35064623,0,0,pediátrico (<18)
ICB_03271_001,ICB_127,normal_lung,3M Littmann Classic II SE,2.0,0,0,4,0.56457186,0.3715982,0,0,pediátrico (<18)
ICB_03271_002,ICB_127,normal_lung,3M Littmann Classic II SE,2.0,0,0,4,0.5431635,0.369895,0,0,pediátrico (<18)
ICB_03271_003,ICB_127,normal_lung,3M Littmann Classic II SE,2.0,0,0,4,0.5815576,0.4408281,0,0,pediátrico (<18)
ICB_03271_004,ICB_127,normal_lung,3M Littmann Classic II SE,2.0,1,0,4,0.5590358,0.3755069,0,1,pediátrico (<18)
ICB_03271_005,ICB_127,normal_lung,3M Littmann Classic II SE,2.0,0,0,4,0.56870455,0.40172425,0,0,pediátrico (<18)
ICB_03271_006,ICB_127,normal_lung,3M Littmann Classic II SE,2.0,1,0,4,0.5968063,0.34791264,0,1,pediátrico (<18)
ICB_03271_007,ICB_127,normal_lung,3M Littmann Classic II SE,2.0,0,0,4,0.6088453,0.33627108,0,0,pediátrico (<18)
ICB_03271_008,ICB_127,normal_lung,3M Littmann Classic II SE,2.0,1,0,4,0.5745965,0.3506924,0,1,pediátrico (<18)
ICB_03271_009,ICB_127,normal_lung,3M Littmann Classic II SE,2.0,0,0,4,0.4976902,0.35130596,0,0,pediátrico (<18)
ICB_03272_000,ICB_128,copd,3M Littmann Classic II SE,65.0,1,0,4,0.36946824,0.44323093,0,1,adulto
ICB_03272_001,ICB_128,copd,3M Littmann Classic II SE,65.0,0,0,4,0.37978375,0.49586847,0,0,adulto
ICB_03272_002,ICB_128,copd,3M Littmann Classic II SE,65.0,1,0,4,0.39528072,0.4643591,0,1,adulto
ICB_03272_003,ICB_128,copd,3M Littmann Classic II SE,65.0,1,0,4,0.41277498,0.45826697,0,1,adulto
ICB_03272_004,ICB_128,copd,3M Littmann Classic II SE,65.0,0,0,4,0.4624323,0.34553266,0,0,adulto
ICB_03383_000,ICB_138,copd,AKG C417L Microphone,56.0,0,1,4,0.6590946,0.45784116,1,2,adulto
ICB_03383_001,ICB_138,copd,AKG C417L Microphone,56.0,1,0,4,0.66390187,0.45967886,1,1,adulto
ICB_03383_002,ICB_138,copd,AKG C417L Microphone,56.0,1,0,4,0.657248,0.4429482,1,1,adulto
ICB_03383_003,ICB_138,copd,AKG C417L Microphone,56.0,1,0,4,0.6669366,0.48967397,1,1,adulto
ICB_03383_004,ICB_138,copd,AKG C417L Microphone,56.0,1,0,4,0.64727503,0.4440726,0,1,adulto
ICB_03384_000,ICB_138,copd,AKG C417L Microphone,56.0,1,0,4,0.5723409,0.3266225,0,1,adulto
ICB_03384_001,ICB_138,copd,AKG C417L Microphone,56.0,1,0,4,0.51073045,0.28055054,0,1,adulto
ICB_03384_002,ICB_138,copd,AKG C417L Microphone,56.0,0,0,4,0.5133976,0.26586273,0,0,adulto
ICB_03384_003,ICB_138,copd,AKG C417L Microphone,56.0,0,0,4,0.5456705,0.33076632,0,0,adulto
ICB_03384_004,ICB_138,copd,AKG C417L Microphone,56.0,0,0,4,0.472305,0.2568185,0,0,adulto
ICB_03385_000,ICB_138,copd,AKG C417L Microphone,56.0,1,0,4,0.66006285,0.39165187,1,1,adulto
ICB_03385_001,ICB_138,copd,AKG C417L Microphone,56.0,1,0,4,0.6486081,0.454671,0,1,adulto
ICB_03385_002,ICB_138,copd,AKG C417L Microphone,56.0,1,0,4,0.62817925,0.40623382,0,1,adulto
ICB_03385_003,ICB_138,copd,AKG C417L Microphone,56.0,1,0,4,0.66181487,0.46961316,1,1,adulto
ICB_03385_004,ICB_138,copd,AKG C417L Microphone,56.0,1,0,4,0.6545916,0.44605792,1,1,adulto
ICB_03386_000,ICB_138,copd,AKG C417L Microphone,56.0,1,1,4,0.635838,0.3643343,0,3,adulto
ICB_03386_001,ICB_138,copd,AKG C417L Microphone,56.0,1,0,4,0.6064361,0.3899484,0,1,adulto
ICB_03386_002,ICB_138,copd,AKG C417L Microphone,56.0,1,0,4,0.651042,0.3737329,1,1,adulto
ICB_03386_003,ICB_138,copd,AKG C417L Microphone,56.0,1,0,4,0.64803606,0.37129262,0,1,adulto
ICB_03386_004,ICB_138,copd,AKG C417L Microphone,56.0,1,0,4,0.6338066,0.34934914,0,1,adulto
ICB_03387_000,ICB_138,copd,AKG C417L Microphone,56.0,1,1,4,0.6048152,0.40620375,0,3,adulto
ICB_03387_001,ICB_138,copd,AKG C417L Microphone,56.0,1,0,4,0.6045604,0.5041637,0,1,adulto
ICB_03387_002,ICB_138,copd,AKG C417L Microphone,56.0,1,0,4,0.5849483,0.37455246,0,1,adulto
ICB_03387_003,ICB_138,copd,AKG C417L Microphone,56.0,1,0,4,0.6407455,0.48425376,0,1,adulto
ICB_03387_004,ICB_138,copd,AKG C417L Microphone,56.0,1,0,4,0.6137541,0.40310374,0,1,adulto
ICB_03388_000,ICB_138,copd,AKG C417L Microphone,56.0,1,1,4,0.5600468,0.5530399,2,3,adulto
ICB_03388_001,ICB_138,copd,AKG C417L Microphone,56.0,1,1,4,0.65278184,0.5473703,1,3,adulto
ICB_03388_002,ICB_138,copd,AKG C417L Microphone,56.0,1,0,4,0.6945951,0.43250307,1,1,adulto
ICB_03388_003,ICB_138,copd,AKG C417L Microphone,56.0,1,0,4,0.70078695,0.4867416,1,1,adulto
ICB_03388_004,ICB_138,copd,AKG C417L Microphone,56.0,1,0,4,0.684923,0.44117987,1,1,adulto
ICB_03389_000,ICB_138,copd,AKG C417L Microphone,56.0,0,0,4,0.30121684,0.25017998,0,0,adulto
ICB_03389_001,ICB_138,copd,AKG C417L Microphone,56.0,0,0,4,0.15282573,0.15510166,0,0,adulto
ICB_03389_002,ICB_138,copd,AKG C417L Microphone,56.0,0,0,4,0.21582572,0.17085421,0,0,adulto
ICB_03389_003,ICB_138,copd,AKG C417L Microphone,56.0,0,1,4,0.22394624,0.1829678,0,2,adulto
ICB_03389_004,ICB_138,copd,AKG C417L Microphone,56.0,0,0,4,0.25308424,0.17477079,0,0,adulto
ICB_03390_000,ICB_138,copd,AKG C417L Microphone,56.0,0,0,4,0.66974056,0.41205615,1,0,adulto
ICB_03390_001,ICB_138,copd,AKG C417L Microphone,56.0,0,0,4,0.69376034,0.4825306,1,0,adulto
ICB_03390_002,ICB_138,copd,AKG C417L Microphone,56.0,0,0,4,0.70932007,0.57464594,3,0,adulto
ICB_03390_003,ICB_138,copd,AKG C417L Microphone,56.0,0,0,4,0.6997371,0.4649878,1,0,adulto
ICB_03390_004,ICB_138,copd,AKG C417L Microphone,56.0,0,0,4,0.6727287,0.4382341,1,0,adulto
ICB_03391_000,ICB_138,copd,AKG C417L Microphone,56.0,1,0,4,0.59827673,0.43209884,0,1,adulto
ICB_03391_001,ICB_138,copd,AKG C417L Microphone,56.0,1,0,4,0.60286057,0.38225004,0,1,adulto
ICB_03391_002,ICB_138,copd,AKG C417L Microphone,56.0,1,0,4,0.5882417,0.43189862,0,1,adulto
ICB_03391_003,ICB_138,copd,AKG C417L Microphone,56.0,1,0,4,0.6249789,0.42528728,0,1,adulto
ICB_03391_004,ICB_138,copd,AKG C417L Microphone,56.0,1,0,4,0.6010879,0.37310973,0,1,adulto
ICB_03392_000,ICB_138,copd,AKG C417L Microphone,56.0,1,0,4,0.54634875,0.37268186,0,1,adulto
ICB_03392_001,ICB_138,copd,AKG C417L Microphone,56.0,1,0,4,0.6420713,0.44972634,0,1,adulto
ICB_03392_002,ICB_138,copd,AKG C417L Microphone,56.0,1,0,4,0.64157677,0.50664085,0,1,adulto
ICB_03392_003,ICB_138,copd,AKG C417L Microphone,56.0,1,0,4,0.6727345,0.45508406,1,1,adulto
ICB_03392_004,ICB_138,copd,AKG C417L Microphone,56.0,1,0,4,0.63863546,0.3908587,0,1,adulto
ICB_03393_000,ICB_138,copd,AKG C417L Microphone,56.0,1,0,4,0.5732442,0.35450092,0,1,adulto
ICB_03393_001,ICB_138,copd,AKG C417L Microphone,56.0,1,0,4,0.55090415,0.35533246,0,1,adulto
ICB_03393_002,ICB_138,copd,AKG C417L Microphone,56.0,1,0,4,0.66727537,0.38508993,1,1,adulto
ICB_03393_003,ICB_138,copd,AKG C417L Microphone,56.0,1,0,4,0.66976106,0.3911479,1,1,adulto
ICB_03393_004,ICB_138,copd,AKG C417L Microphone,56.0,1,0,4,0.6570324,0.34168872,1,1,adulto
ICB_03394_000,ICB_138,copd,AKG C417L Microphone,56.0,0,1,4,0.6057572,0.39980355,0,2,adulto
ICB_03394_001,ICB_138,copd,AKG C417L Microphone,56.0,1,0,4,0.6400238,0.4822507,0,1,adulto
ICB_03394_002,ICB_138,copd,AKG C417L Microphone,56.0,1,0,4,0.63678616,0.4821582,0,1,adulto
ICB_03394_003,ICB_138,copd,AKG C417L Microphone,56.0,1,0,4,0.6030837,0.5019504,0,1,adulto
ICB_03394_004,ICB_138,copd,AKG C417L Microphone,56.0,1,0,4,0.62969553,0.41137192,0,1,adulto
ICB_03395_000,ICB_138,copd,AKG C417L Microphone,56.0,1,0,4,0.6688356,0.40325195,1,1,adulto
ICB_03395_001,ICB_138,copd,AKG C417L Microphone,56.0,1,0,4,0.66273916,0.60257363,3,1,adulto
ICB_03395_002,ICB_138,copd,AKG C417L Microphone,56.0,1,0,4,0.6759399,0.47576842,1,1,adulto
ICB_03395_003,ICB_138,copd,AKG C417L Microphone,56.0,1,0,4,0.6995962,0.50513774,1,1,adulto
ICB_03395_004,ICB_138,copd,AKG C417L Microphone,56.0,1,0,4,0.6948601,0.4175302,1,1,adulto
ICB_03396_000,ICB_138,copd,AKG C417L Microphone,56.0,1,0,4,0.22933045,0.17822565,0,1,adulto
ICB_03396_001,ICB_138,copd,AKG C417L Microphone,56.0,0,1,4,0.17696843,0.1622045,0,2,adulto
ICB_03396_002,ICB_138,copd,AKG C417L Microphone,56.0,1,0,4,0.16227514,0.14591292,0,1,adulto
ICB_03396_003,ICB_138,copd,AKG C417L Microphone,56.0,0,0,4,0.16993928,0.18997867,0,0,adulto
ICB_03396_004,ICB_138,copd,AKG C417L Microphone,56.0,0,0,4,0.17854537,0.16523176,0,0,adulto
ICB_03397_000,ICB_138,copd,AKG C417L Microphone,56.0,1,0,4,0.583333,0.43220198,0,1,adulto
ICB_03397_001,ICB_138,copd,AKG C417L Microphone,56.0,1,0,4,0.59908044,0.3979618,0,1,adulto
ICB_03397_002,ICB_138,copd,AKG C417L Microphone,56.0,1,0,4,0.6141628,0.32005984,0,1,adulto
ICB_03397_003,ICB_138,copd,AKG C417L Microphone,56.0,1,0,4,0.610086,0.3772048,0,1,adulto
ICB_03397_004,ICB_138,copd,AKG C417L Microphone,56.0,0,0,4,0.6050592,0.3706074,0,0,adulto
ICB_03398_000,ICB_138,copd,AKG C417L Microphone,56.0,1,0,4,0.630586,0.40794432,0,1,adulto
ICB_03398_001,ICB_138,copd,AKG C417L Microphone,56.0,1,0,4,0.65275633,0.45460194,1,1,adulto
ICB_03398_002,ICB_138,copd,AKG C417L Microphone,56.0,1,0,4,0.64105606,0.39098874,0,1,adulto
ICB_03398_003,ICB_138,copd,AKG C417L Microphone,56.0,0,0,4,0.670832,0.48937917,1,0,adulto
ICB_03398_004,ICB_138,copd,AKG C417L Microphone,56.0,1,0,4,0.6592327,0.39883548,1,1,adulto
ICB_03399_000,ICB_138,copd,AKG C417L Microphone,56.0,1,0,4,0.5264841,0.4211629,0,1,adulto
ICB_03399_001,ICB_138,copd,AKG C417L Microphone,56.0,1,0,4,0.570065,0.40535307,0,1,adulto
ICB_03399_002,ICB_138,copd,AKG C417L Microphone,56.0,1,0,4,0.5076744,0.31603035,0,1,adulto
ICB_03399_003,ICB_138,copd,AKG C417L Microphone,56.0,1,0,4,0.6342874,0.36099526,0,1,adulto
ICB_03399_004,ICB_138,copd,AKG C417L Microphone,56.0,1,0,4,0.62939537,0.34059355,0,1,adulto
ICB_03400_000,ICB_138,copd,AKG C417L Microphone,56.0,1,1,4,0.5810651,0.4394887,0,3,adulto
ICB_03400_001,ICB_138,copd,AKG C417L Microphone,56.0,1,0,4,0.60842294,0.45919925,0,1,adulto
ICB_03400_002,ICB_138,copd,AKG C417L Microphone,56.0,1,0,4,0.63189286,0.4328434,0,1,adulto
ICB_03400_003,ICB_138,copd,AKG C417L Microphone,56.0,1,0,4,0.6758103,0.42482165,1,1,adulto
ICB_03400_004,ICB_138,copd,AKG C417L Microphone,56.0,0,0,4,0.64381665,0.41067484,0,0,adulto
ICB_03401_000,ICB_138,copd,AKG C417L Microphone,56.0,1,0,4,0.67564845,0.45830914,1,1,adulto
ICB_03401_001,ICB_138,copd,AKG C417L Microphone,56.0,1,0,4,0.6751974,0.47771737,1,1,adulto
ICB_03401_002,ICB_138,copd,AKG C417L Microphone,56.0,1,0,4,0.687825,0.43736503,1,1,adulto
ICB_03401_003,ICB_138,copd,AKG C417L Microphone,56.0,1,0,4,0.70732003,0.4461003,1,1,adulto
ICB_03401_004,ICB_138,copd,AKG C417L Microphone,56.0,1,0,4,0.6694308,0.44083458,1,1,adulto
ICB_03402_000,ICB_138,copd,AKG C417L Microphone,56.0,0,0,4,0.15262732,0.1123486,0,0,adulto
ICB_03402_001,ICB_138,copd,AKG C417L Microphone,56.0,0,0,4,0.10167752,0.10632757,0,0,adulto
ICB_03402_002,ICB_138,copd,AKG C417L Microphone,56.0,0,0,4,0.11126764,0.105593994,0,0,adulto
ICB_03402_003,ICB_138,copd,AKG C417L Microphone,56.0,0,0,4,0.16158354,0.1557327,0,0,adulto
ICB_03402_004,ICB_138,copd,AKG C417L Microphone,56.0,0,0,4,0.15444592,0.12140112,0,0,adulto
ICB_03403_000,ICB_138,copd,AKG C417L Microphone,56.0,1,0,4,0.6202596,0.33462453,0,1,adulto
ICB_03403_001,ICB_138,copd,AKG C417L Microphone,56.0,1,0,4,0.6315712,0.38670343,0,1,adulto
ICB_03403_002,ICB_138,copd,AKG C417L Microphone,56.0,1,0,4,0.6525466,0.41629755,1,1,adulto
ICB_03403_003,ICB_138,copd,AKG C417L Microphone,56.0,1,0,4,0.6417368,0.40985724,0,1,adulto
ICB_03403_004,ICB_138,copd,AKG C417L Microphone,56.0,1,0,4,0.644048,0.3653132,0,1,adulto
ICB_03403_005,ICB_138,copd,AKG C417L Microphone,56.0,1,0,4,0.6512407,0.38510895,1,1,adulto
ICB_03403_006,ICB_138,copd,AKG C417L Microphone,56.0,1,0,4,0.6319526,0.38651517,0,1,adulto
ICB_03404_000,ICB_138,copd,AKG C417L Microphone,56.0,0,0,4,0.64998823,0.31487033,0,0,adulto
ICB_03404_001,ICB_138,copd,AKG C417L Microphone,56.0,1,0,4,0.6177636,0.34677327,0,1,adulto
ICB_03404_002,ICB_138,copd,AKG C417L Microphone,56.0,1,1,4,0.61638194,0.3814471,0,3,adulto
ICB_03404_003,ICB_138,copd,AKG C417L Microphone,56.0,1,0,4,0.64809406,0.33367094,0,1,adulto
ICB_03404_004,ICB_138,copd,AKG C417L Microphone,56.0,1,0,4,0.6390676,0.37510037,0,1,adulto
ICB_03404_005,ICB_138,copd,AKG C417L Microphone,56.0,1,0,4,0.6200344,0.30743316,0,1,adulto
ICB_03404_006,ICB_138,copd,AKG C417L Microphone,56.0,1,1,4,0.58720744,0.40885258,0,3,adulto
ICB_03405_000,ICB_138,copd,AKG C417L Microphone,56.0,0,0,4,0.69757146,0.3821229,1,0,adulto
ICB_03405_001,ICB_138,copd,AKG C417L Microphone,56.0,0,0,4,0.6489046,0.4297111,0,0,adulto
ICB_03405_002,ICB_138,copd,AKG C417L Microphone,56.0,1,0,4,0.633887,0.41692254,0,1,adulto
ICB_03405_003,ICB_138,copd,AKG C417L Microphone,56.0,0,0,4,0.6466314,0.4272372,0,0,adulto
ICB_03405_004,ICB_138,copd,AKG C417L Microphone,56.0,0,0,4,0.6456089,0.4193513,0,0,adulto
ICB_03405_005,ICB_138,copd,AKG C417L Microphone,56.0,0,0,4,0.6670376,0.42408207,1,0,adulto
ICB_03405_006,ICB_138,copd,AKG C417L Microphone,56.0,0,0,4,0.6297818,0.4061737,0,0,adulto
ICB_03406_000,ICB_138,copd,AKG C417L Microphone,56.0,1,0,4,0.6571642,0.32673746,1,1,adulto
ICB_03406_001,ICB_138,copd,AKG C417L Microphone,56.0,0,0,4,0.66364676,0.39895675,1,0,adulto
ICB_03406_002,ICB_138,copd,AKG C417L Microphone,56.0,1,0,4,0.6809986,0.4251076,1,1,adulto
ICB_03406_003,ICB_138,copd,AKG C417L Microphone,56.0,1,0,4,0.6715742,0.41711214,1,1,adulto
ICB_03406_004,ICB_138,copd,AKG C417L Microphone,56.0,1,0,4,0.6526463,0.3999531,1,1,adulto
ICB_03406_005,ICB_138,copd,AKG C417L Microphone,56.0,0,0,4,0.65821105,0.40202925,1,0,adulto
ICB_03406_006,ICB_138,copd,AKG C417L Microphone,56.0,1,0,4,0.6297004,0.45330918,0,1,adulto
ICB_03407_000,ICB_138,copd,AKG C417L Microphone,56.0,1,0,4,0.6708464,0.35664085,1,1,adulto
ICB_03407_001,ICB_138,copd,AKG C417L Microphone,56.0,1,0,4,0.6726443,0.41312885,1,1,adulto
ICB_03407_002,ICB_138,copd,AKG C417L Microphone,56.0,1,0,4,0.6776648,0.43754452,1,1,adulto
ICB_03407_003,ICB_138,copd,AKG C417L Microphone,56.0,1,0,4,0.6596256,0.4550962,1,1,adulto
ICB_03407_004,ICB_138,copd,AKG C417L Microphone,56.0,1,0,4,0.667136,0.4458928,1,1,adulto
ICB_03407_005,ICB_138,copd,AKG C417L Microphone,56.0,1,0,4,0.66794306,0.43618804,1,1,adulto
ICB_03407_006,ICB_138,copd,AKG C417L Microphone,56.0,0,0,4,0.6726002,0.44770685,1,0,adulto
ICB_03408_000,ICB_138,copd,AKG C417L Microphone,56.0,1,0,4,0.6974064,0.3905745,1,1,adulto
ICB_03408_001,ICB_138,copd,AKG C417L Microphone,56.0,1,0,4,0.65275913,0.3951614,1,1,adulto
ICB_03408_002,ICB_138,copd,AKG C417L Microphone,56.0,1,1,4,0.66944104,0.5084114,1,3,adulto
ICB_03408_003,ICB_138,copd,AKG C417L Microphone,56.0,1,0,4,0.66885006,0.47849786,1,1,adulto
ICB_03408_004,ICB_138,copd,AKG C417L Microphone,56.0,1,0,4,0.69453317,0.44912148,1,1,adulto
ICB_03408_005,ICB_138,copd,AKG C417L Microphone,56.0,1,0,4,0.66955733,0.4252389,1,1,adulto
ICB_03408_006,ICB_138,copd,AKG C417L Microphone,56.0,1,1,4,0.6629014,0.47386673,1,3,adulto
ICB_03409_000,ICB_138,copd,AKG C417L Microphone,56.0,1,0,4,0.38915324,0.23159406,0,1,adulto
ICB_03409_001,ICB_138,copd,AKG C417L Microphone,56.0,0,0,4,0.3483331,0.27302057,0,0,adulto
ICB_03409_002,ICB_138,copd,AKG C417L Microphone,56.0,1,0,4,0.3880836,0.2441401,0,1,adulto
ICB_03409_003,ICB_138,copd,AKG C417L Microphone,56.0,0,0,4,0.47130182,0.2552619,0,0,adulto
ICB_03409_004,ICB_138,copd,AKG C417L Microphone,56.0,1,0,4,0.40408745,0.21541989,0,1,adulto
ICB_03409_005,ICB_138,copd,AKG C417L Microphone,56.0,0,0,4,0.39616033,0.25787643,0,0,adulto
ICB_03409_006,ICB_138,copd,AKG C417L Microphone,56.0,0,0,4,0.45292327,0.23916607,0,0,adulto
ICB_03416_000,ICB_140,pneumonia,3M Littmann Classic II SE,79.0,0,0,4,0.62887967,0.45188788,0,0,adulto
ICB_03416_001,ICB_140,pneumonia,3M Littmann Classic II SE,79.0,0,0,4,0.65896845,0.4991743,1,0,adulto
ICB_03416_002,ICB_140,pneumonia,3M Littmann Classic II SE,79.0,0,0,4,0.61941755,0.46853292,0,0,adulto
ICB_03416_003,ICB_140,pneumonia,3M Littmann Classic II SE,79.0,0,0,4,0.62785834,0.4950467,0,0,adulto
ICB_03416_004,ICB_140,pneumonia,3M Littmann Classic II SE,79.0,0,0,4,0.61983216,0.5419515,0,0,adulto
ICB_03416_005,ICB_140,pneumonia,3M Littmann Classic II SE,79.0,0,0,4,0.64901626,0.46165326,0,0,adulto
ICB_03416_006,ICB_140,pneumonia,3M Littmann Classic II SE,79.0,1,0,4,0.6435266,0.56978244,2,1,adulto
ICB_03416_007,ICB_140,pneumonia,3M Littmann Classic II SE,79.0,0,0,4,0.6368227,0.54062545,0,0,adulto
ICB_03416_008,ICB_140,pneumonia,3M Littmann Classic II SE,79.0,0,0,4,0.6135249,0.5336937,0,0,adulto
ICB_03416_009,ICB_140,pneumonia,3M Littmann Classic II SE,79.0,0,0,4,0.649385,0.5753512,2,0,adulto
ICB_03416_010,ICB_140,pneumonia,3M Littmann Classic II SE,79.0,0,0,4,0.52174795,0.36727244,0,0,adulto
ICB_03417_000,ICB_140,pneumonia,3M Littmann Classic II SE,79.0,0,0,4,0.2997089,0.21210666,0,0,adulto
ICB_03417_001,ICB_140,pneumonia,3M Littmann Classic II SE,79.0,1,0,4,0.40002397,0.27551946,0,1,adulto
ICB_03417_002,ICB_140,pneumonia,3M Littmann Classic II SE,79.0,0,0,4,0.41163722,0.25572458,0,0,adulto
ICB_03417_003,ICB_140,pneumonia,3M Littmann Classic II SE,79.0,0,0,4,0.42586532,0.28665784,0,0,adulto
ICB_03417_004,ICB_140,pneumonia,3M Littmann Classic II SE,79.0,0,0,4,0.3186637,0.19160564,0,0,adulto
ICB_03417_005,ICB_140,pneumonia,3M Littmann Classic II SE,79.0,0,0,4,0.34421653,0.21885064,0,0,adulto
ICB_03417_006,ICB_140,pneumonia,3M Littmann Classic II SE,79.0,0,0,4,0.34695464,0.24387479,0,0,adulto
ICB_03417_007,ICB_140,pneumonia,3M Littmann Classic II SE,79.0,0,0,4,0.27670637,0.21948165,0,0,adulto
ICB_03417_008,ICB_140,pneumonia,3M Littmann Classic II SE,79.0,0,0,4,0.3179632,0.19688818,0,0,adulto
ICB_03417_009,ICB_140,pneumonia,3M Littmann Classic II SE,79.0,0,0,4,0.43770492,0.2857722,0,0,adulto
ICB_03418_000,ICB_140,pneumonia,3M Littmann Classic II SE,79.0,0,0,4,0.6636833,0.5447461,1,0,adulto
ICB_03418_001,ICB_140,pneumonia,3M Littmann Classic II SE,79.0,0,1,4,0.6354233,0.5947249,2,2,adulto
ICB_03418_002,ICB_140,pneumonia,3M Littmann Classic II SE,79.0,0,1,4,0.63397217,0.5230041,0,2,adulto
ICB_03418_003,ICB_140,pneumonia,3M Littmann Classic II SE,79.0,0,1,4,0.6438138,0.54472387,0,2,adulto
ICB_03418_004,ICB_140,pneumonia,3M Littmann Classic II SE,79.0,0,0,4,0.6381645,0.5431648,0,0,adulto
ICB_03418_005,ICB_140,pneumonia,3M Littmann Classic II SE,79.0,0,0,4,0.63200057,0.46565992,0,0,adulto
ICB_03418_006,ICB_140,pneumonia,3M Littmann Classic II SE,79.0,0,0,4,0.6433026,0.5445802,0,0,adulto
ICB_03418_007,ICB_140,pneumonia,3M Littmann Classic II SE,79.0,0,0,4,0.6233305,0.57670075,2,0,adulto
ICB_03418_008,ICB_140,pneumonia,3M Littmann Classic II SE,79.0,0,0,4,0.6468783,0.43021908,0,0,adulto
ICB_03419_000,ICB_140,pneumonia,3M Littmann Classic II SE,79.0,0,0,4,0.5079927,0.42914122,0,0,adulto
ICB_03419_001,ICB_140,pneumonia,3M Littmann Classic II SE,79.0,0,1,4,0.40390265,0.52703905,0,2,adulto
ICB_03419_002,ICB_140,pneumonia,3M Littmann Classic II SE,79.0,0,1,4,0.35387874,0.53381383,0,2,adulto
ICB_03419_003,ICB_140,pneumonia,3M Littmann Classic II SE,79.0,0,1,4,0.39337948,0.44229558,0,2,adulto
ICB_03419_004,ICB_140,pneumonia,3M Littmann Classic II SE,79.0,0,1,4,0.3653629,0.43378764,0,2,adulto
ICB_03419_005,ICB_140,pneumonia,3M Littmann Classic II SE,79.0,0,0,4,0.3676021,0.38234445,0,0,adulto
ICB_03419_006,ICB_140,pneumonia,3M Littmann Classic II SE,79.0,0,0,4,0.44518247,0.3809273,0,0,adulto
ICB_03419_007,ICB_140,pneumonia,3M Littmann Classic II SE,79.0,0,1,4,0.36206612,0.2825786,0,2,adulto
ICB_03419_008,ICB_140,pneumonia,3M Littmann Classic II SE,79.0,0,1,4,0.31742156,0.30281642,0,2,adulto
ICB_03419_009,ICB_140,pneumonia,3M Littmann Classic II SE,79.0,0,0,4,0.4050269,0.3034426,0,0,adulto
ICB_03420_000,ICB_141,copd,3M Littmann Classic II SE,66.0,0,0,4,0.5842676,0.3894914,0,0,adulto
ICB_03420_001,ICB_141,copd,3M Littmann Classic II SE,66.0,0,1,4,0.33497807,0.8128068,2,2,adulto
ICB_03420_002,ICB_141,copd,3M Littmann Classic II SE,66.0,0,1,4,0.43003467,0.7126759,2,2,adulto
ICB_03420_003,ICB_141,copd,3M Littmann Classic II SE,66.0,1,1,4,0.442681,0.66916037,2,3,adulto
ICB_03420_004,ICB_141,copd,3M Littmann Classic II SE,66.0,0,1,4,0.47519523,0.39908603,0,2,adulto
ICB_03421_000,ICB_141,copd,3M Littmann Classic II SE,66.0,0,0,4,0.5479027,0.38175023,0,0,adulto
ICB_03421_001,ICB_141,copd,3M Littmann Classic II SE,66.0,0,0,4,0.60520416,0.495124,0,0,adulto
ICB_03421_002,ICB_141,copd,3M Littmann Classic II SE,66.0,0,1,4,0.589087,0.5146915,0,2,adulto
ICB_03421_003,ICB_141,copd,3M Littmann Classic II SE,66.0,1,1,4,0.6009062,0.52437407,0,3,adulto
ICB_03421_004,ICB_141,copd,3M Littmann Classic II SE,66.0,0,1,4,0.60865617,0.52830184,0,2,adulto
ICB_03421_005,ICB_141,copd,3M Littmann Classic II SE,66.0,0,0,4,0.5931775,0.36886096,0,0,adulto
ICB_03422_000,ICB_141,copd,3M Littmann Classic II SE,66.0,0,0,4,0.53799945,0.44164267,0,0,adulto
ICB_03422_001,ICB_141,copd,3M Littmann Classic II SE,66.0,0,1,4,0.5414941,0.6874999,2,2,adulto
ICB_03422_002,ICB_141,copd,3M Littmann Classic II SE,66.0,0,1,4,0.54935735,0.63038874,2,2,adulto
ICB_03422_003,ICB_141,copd,3M Littmann Classic II SE,66.0,0,1,4,0.57302773,0.6472491,2,2,adulto
ICB_03422_004,ICB_141,copd,3M Littmann Classic II SE,66.0,0,1,4,0.5528467,0.6956783,2,2,adulto
ICB_03423_000,ICB_141,copd,3M Littmann Classic II SE,66.0,0,0,4,0.58222586,0.3651032,0,0,adulto
ICB_03423_001,ICB_141,copd,3M Littmann Classic II SE,66.0,1,1,4,0.52371716,0.4200557,0,3,adulto
ICB_03423_002,ICB_141,copd,3M Littmann Classic II SE,66.0,1,1,4,0.4661299,0.49057835,0,3,adulto
ICB_03423_003,ICB_141,copd,3M Littmann Classic II SE,66.0,0,1,4,0.46419835,0.6075796,2,2,adulto
ICB_03423_004,ICB_141,copd,3M Littmann Classic II SE,66.0,1,1,4,0.49125698,0.48414114,0,3,adulto
ICB_03423_005,ICB_141,copd,3M Littmann Classic II SE,66.0,0,1,4,0.42579708,0.55451465,2,2,adulto
ICB_03424_000,ICB_141,copd,3M Littmann Classic II SE,66.0,0,0,4,0.3869677,0.42727017,0,0,adulto
ICB_03424_001,ICB_141,copd,3M Littmann Classic II SE,66.0,0,0,4,0.3846998,0.3877234,0,0,adulto
ICB_03424_002,ICB_141,copd,3M Littmann Classic II SE,66.0,0,0,4,0.38176078,0.41723424,0,0,adulto
ICB_03424_003,ICB_141,copd,3M Littmann Classic II SE,66.0,0,0,4,0.37637362,0.43083197,0,0,adulto
ICB_03424_004,ICB_141,copd,3M Littmann Classic II SE,66.0,0,0,4,0.39999932,0.35549104,0,0,adulto
ICB_03425_000,ICB_141,copd,3M Littmann Classic II SE,66.0,0,0,4,0.58671284,0.39218757,0,0,adulto
ICB_03425_001,ICB_141,copd,3M Littmann Classic II SE,66.0,0,1,4,0.63540065,0.6629567,2,2,adulto
ICB_03425_002,ICB_141,copd,3M Littmann Classic II SE,66.0,0,1,4,0.6229057,0.5914943,2,2,adulto
ICB_03425_003,ICB_141,copd,3M Littmann Classic II SE,66.0,0,1,4,0.6454692,0.6370567,2,2,adulto
ICB_03425_004,ICB_141,copd,3M Littmann Classic II SE,66.0,0,1,4,0.5988332,0.5704168,2,2,adulto
ICB_03426_000,ICB_141,copd,3M Littmann Classic II SE,66.0,0,0,4,0.5597014,0.41370922,0,0,adulto
ICB_03426_001,ICB_141,copd,3M Littmann Classic II SE,66.0,0,1,4,0.6483256,0.5979559,2,2,adulto
ICB_03426_002,ICB_141,copd,3M Littmann Classic II SE,66.0,0,0,4,0.6135805,0.6007509,2,0,adulto
ICB_03426_003,ICB_141,copd,3M Littmann Classic II SE,66.0,0,1,4,0.6329216,0.55894536,2,2,adulto
ICB_03426_004,ICB_141,copd,3M Littmann Classic II SE,66.0,0,1,4,0.64137936,0.53369826,0,2,adulto
ICB_03427_000,ICB_141,copd,3M Littmann Classic II SE,66.0,1,1,4,0.39627957,0.7165668,2,3,adulto
ICB_03427_001,ICB_141,copd,3M Littmann Classic II SE,66.0,1,1,4,0.44107965,0.5558087,2,3,adulto
ICB_03427_002,ICB_141,copd,3M Littmann Classic II SE,66.0,1,1,4,0.4971347,0.48760787,0,3,adulto
ICB_03427_003,ICB_141,copd,3M Littmann Classic II SE,66.0,1,1,4,0.50595367,0.5324904,0,3,adulto
ICB_03427_004,ICB_141,copd,3M Littmann Classic II SE,66.0,1,1,4,0.42901915,0.6141058,2,3,adulto
ICB_03427_005,ICB_141,copd,3M Littmann Classic II SE,66.0,1,1,4,0.46304598,0.3899443,0,3,adulto
ICB_03470_000,ICB_150,respiratory_infection,AKG C417L Microphone,0.67,1,0,4,0.5212168,0.315974,0,1,pediátrico (<18)
ICB_03470_001,ICB_150,respiratory_infection,AKG C417L Microphone,0.67,1,0,4,0.5419386,0.37667182,0,1,pediátrico (<18)
ICB_03470_002,ICB_150,respiratory_infection,AKG C417L Microphone,0.67,1,0,4,0.5592599,0.32859147,0,1,pediátrico (<18)
ICB_03470_003,ICB_150,respiratory_infection,AKG C417L Microphone,0.67,1,0,4,0.54140383,0.38289922,0,1,pediátrico (<18)
ICB_03470_004,ICB_150,respiratory_infection,AKG C417L Microphone,0.67,0,0,4,0.59580994,0.41125175,0,0,pediátrico (<18)
ICB_03470_005,ICB_150,respiratory_infection,AKG C417L Microphone,0.67,1,0,4,0.53051835,0.3241098,0,1,pediátrico (<18)
ICB_03470_006,ICB_150,respiratory_infection,AKG C417L Microphone,0.67,1,0,4,0.48243496,0.29322675,0,1,pediátrico (<18)
ICB_03470_007,ICB_150,respiratory_infection,AKG C417L Microphone,0.67,1,0,4,0.5336663,0.34730533,0,1,pediátrico (<18)
ICB_03470_008,ICB_150,respiratory_infection,AKG C417L Microphone,0.67,1,0,4,0.486598,0.3616108,0,1,pediátrico (<18)
ICB_03470_009,ICB_150,respiratory_infection,AKG C417L Microphone,0.67,0,0,4,0.49707255,0.35260433,0,0,pediátrico (<18)
ICB_03470_010,ICB_150,respiratory_infection,AKG C417L Microphone,0.67,1,0,4,0.5029936,0.37832856,0,1,pediátrico (<18)
ICB_03470_011,ICB_150,respiratory_infection,AKG C417L Microphone,0.67,0,0,4,0.54004127,0.36366984,0,0,pediátrico (<18)
ICB_03470_012,ICB_150,respiratory_infection,AKG C417L Microphone,0.67,0,0,4,0.4951664,0.2761387,0,0,pediátrico (<18)
ICB_03470_013,ICB_150,respiratory_infection,AKG C417L Microphone,0.67,0,0,4,0.53188026,0.39269158,0,0,pediátrico (<18)
ICB_03470_014,ICB_150,respiratory_infection,AKG C417L Microphone,0.67,0,1,4,0.07736318,0.81248707,2,2,pediátrico (<18)
ICB_03470_015,ICB_150,respiratory_infection,AKG C417L Microphone,0.67,0,0,4,0.6163237,0.45728394,0,0,pediátrico (<18)
ICB_03470_016,ICB_150,respiratory_infection,AKG C417L Microphone,0.67,0,0,4,0.5246532,0.30744714,0,0,pediátrico (<18)
ICB_03500_000,ICB_153,normal_lung,3M Littmann Classic II SE,3.0,0,0,4,0.592401,0.34111077,0,0,pediátrico (<18)
ICB_03500_001,ICB_153,normal_lung,3M Littmann Classic II SE,3.0,0,0,4,0.5653652,0.33415982,0,0,pediátrico (<18)
ICB_03500_002,ICB_153,normal_lung,3M Littmann Classic II SE,3.0,0,0,4,0.5810104,0.40742272,0,0,pediátrico (<18)
ICB_03500_003,ICB_153,normal_lung,3M Littmann Classic II SE,3.0,0,0,4,0.60496885,0.43312722,0,0,pediátrico (<18)
ICB_03500_004,ICB_153,normal_lung,3M Littmann Classic II SE,3.0,0,0,4,0.5646661,0.43180826,0,0,pediátrico (<18)
ICB_03500_005,ICB_153,normal_lung,3M Littmann Classic II SE,3.0,0,0,4,0.56341666,0.41083434,0,0,pediátrico (<18)
ICB_03500_006,ICB_153,normal_lung,3M Littmann Classic II SE,3.0,0,0,4,0.5974504,0.42964444,0,0,pediátrico (<18)
ICB_03500_007,ICB_153,normal_lung,3M Littmann Classic II SE,3.0,0,0,4,0.5725485,0.34953773,0,0,pediátrico (<18)
ICB_03500_008,ICB_153,normal_lung,3M Littmann Classic II SE,3.0,0,0,4,0.49093246,0.3862225,0,0,pediátrico (<18)
ICB_03525_000,ICB_156,copd,AKG C417L Microphone,80.0,1,1,4,0.34174624,0.5534609,2,3,adulto
ICB_03525_001,ICB_156,copd,AKG C417L Microphone,80.0,1,1,4,0.4281439,0.5384428,0,3,adulto
ICB_03525_002,ICB_156,copd,AKG C417L Microphone,80.0,1,0,4,0.41864812,0.5143389,0,1,adulto
ICB_03525_003,ICB_156,copd,AKG C417L Microphone,80.0,1,1,4,0.33577797,0.5383346,0,3,adulto
ICB_03525_004,ICB_156,copd,AKG C417L Microphone,80.0,1,1,4,0.43172225,0.52057475,0,3,adulto
ICB_03525_005,ICB_156,copd,AKG C417L Microphone,80.0,1,1,4,0.42639142,0.49566975,0,3,adulto
ICB_03526_000,ICB_156,copd,AKG C417L Microphone,80.0,0,1,4,0.17941937,0.35130456,0,2,adulto
ICB_03526_001,ICB_156,copd,AKG C417L Microphone,80.0,1,1,4,0.22620605,0.319402,0,3,adulto
ICB_03526_002,ICB_156,copd,AKG C417L Microphone,80.0,1,0,4,0.29333213,0.16790062,0,1,adulto
ICB_03526_003,ICB_156,copd,AKG C417L Microphone,80.0,0,0,4,0.20819788,0.25606838,0,0,adulto
ICB_03526_004,ICB_156,copd,AKG C417L Microphone,80.0,1,0,4,0.28966415,0.21548037,0,1,adulto
ICB_03526_005,ICB_156,copd,AKG C417L Microphone,80.0,1,0,4,0.23290712,0.2701926,0,1,adulto
ICB_03527_000,ICB_156,copd,AKG C417L Microphone,80.0,1,1,4,0.48329803,0.5596205,2,3,adulto
ICB_03527_001,ICB_156,copd,AKG C417L Microphone,80.0,1,1,4,0.46749756,0.54682434,0,3,adulto
ICB_03527_002,ICB_156,copd,AKG C417L Microphone,80.0,1,1,4,0.4662412,0.62551755,2,3,adulto
ICB_03527_003,ICB_156,copd,AKG C417L Microphone,80.0,1,1,4,0.45327392,0.5250373,0,3,adulto
ICB_03527_004,ICB_156,copd,AKG C417L Microphone,80.0,1,1,4,0.5470622,0.51998544,0,3,adulto
ICB_03527_005,ICB_156,copd,AKG C417L Microphone,80.0,1,1,4,0.5086664,0.5419107,0,3,adulto
ICB_03528_000,ICB_156,copd,AKG C417L Microphone,80.0,1,1,4,0.33514574,0.52358717,0,3,adulto
ICB_03528_001,ICB_156,copd,AKG C417L Microphone,80.0,1,1,4,0.4545986,0.39255753,0,3,adulto
ICB_03528_002,ICB_156,copd,AKG C417L Microphone,80.0,1,0,4,0.4046364,0.48065642,0,1,adulto
ICB_03528_003,ICB_156,copd,AKG C417L Microphone,80.0,1,0,4,0.3722772,0.45153362,0,1,adulto
ICB_03528_004,ICB_156,copd,AKG C417L Microphone,80.0,1,0,4,0.4611863,0.46074483,0,1,adulto
ICB_03528_005,ICB_156,copd,AKG C417L Microphone,80.0,1,1,4,0.44627938,0.5197868,0,3,adulto
ICB_03529_000,ICB_156,copd,AKG C417L Microphone,80.0,1,1,4,0.51036584,0.5693249,2,3,adulto
ICB_03529_001,ICB_156,copd,AKG C417L Microphone,80.0,1,1,4,0.5441017,0.45439324,0,3,adulto
ICB_03529_002,ICB_156,copd,AKG C417L Microphone,80.0,1,0,4,0.5352423,0.54864496,0,1,adulto
ICB_03529_003,ICB_156,copd,AKG C417L Microphone,80.0,1,1,4,0.470748,0.5240106,0,3,adulto
ICB_03529_004,ICB_156,copd,AKG C417L Microphone,80.0,1,1,4,0.5449318,0.5168098,0,3,adulto
ICB_03529_005,ICB_156,copd,AKG C417L Microphone,80.0,1,1,4,0.5122485,0.48618117,0,3,adulto
ICB_03530_000,ICB_156,copd,AKG C417L Microphone,80.0,1,0,4,0.4797437,0.3792502,0,1,adulto
ICB_03530_001,ICB_156,copd,AKG C417L Microphone,80.0,1,0,4,0.4638276,0.46372905,0,1,adulto
ICB_03530_002,ICB_156,copd,AKG C417L Microphone,80.0,1,0,4,0.4504206,0.34848586,0,1,adulto
ICB_03530_003,ICB_156,copd,AKG C417L Microphone,80.0,1,0,4,0.374432,0.39932382,0,1,adulto
ICB_03530_004,ICB_156,copd,AKG C417L Microphone,80.0,1,0,4,0.48957527,0.4223765,0,1,adulto
ICB_03530_005,ICB_156,copd,AKG C417L Microphone,80.0,1,0,4,0.44538563,0.4260541,0,1,adulto
ICB_03531_000,ICB_156,copd,AKG C417L Microphone,80.0,0,1,4,0.536402,0.47693372,0,2,adulto
ICB_03531_001,ICB_156,copd,AKG C417L Microphone,80.0,1,1,4,0.56013703,0.42054626,0,3,adulto
ICB_03531_002,ICB_156,copd,AKG C417L Microphone,80.0,1,1,4,0.53457934,0.49550644,0,3,adulto
ICB_03531_003,ICB_156,copd,AKG C417L Microphone,80.0,1,1,4,0.5388614,0.4577113,0,3,adulto
ICB_03531_004,ICB_156,copd,AKG C417L Microphone,80.0,1,1,4,0.57821244,0.44056547,0,3,adulto
ICB_03531_005,ICB_156,copd,AKG C417L Microphone,80.0,1,1,4,0.5954648,0.38079357,0,3,adulto
ICB_03531_006,ICB_156,copd,AKG C417L Microphone,80.0,1,1,4,0.59049565,0.40482542,0,3,adulto
ICB_03531_007,ICB_156,copd,AKG C417L Microphone,80.0,1,1,4,0.54741925,0.45920855,0,3,adulto
ICB_03531_008,ICB_156,copd,AKG C417L Microphone,80.0,1,1,4,0.5671907,0.3689413,0,3,adulto
ICB_03532_000,ICB_156,copd,AKG C417L Microphone,80.0,0,1,4,0.32430303,0.3039523,0,2,adulto
ICB_03532_001,ICB_156,copd,AKG C417L Microphone,80.0,1,1,4,0.27580068,0.2628056,0,3,adulto
ICB_03532_002,ICB_156,copd,AKG C417L Microphone,80.0,1,1,4,0.15621641,0.22047655,0,3,adulto
ICB_03532_003,ICB_156,copd,AKG C417L Microphone,80.0,0,1,4,0.20812231,0.37517378,0,2,adulto
ICB_03532_004,ICB_156,copd,AKG C417L Microphone,80.0,1,1,4,0.24586204,0.24094129,0,3,adulto
ICB_03532_005,ICB_156,copd,AKG C417L Microphone,80.0,1,1,4,0.17781444,0.19296667,0,3,adulto
ICB_03532_006,ICB_156,copd,AKG C417L Microphone,80.0,1,1,4,0.22023466,0.18471648,0,3,adulto
ICB_03532_007,ICB_156,copd,AKG C417L Microphone,80.0,1,1,4,0.21494891,0.35234663,0,3,adulto
ICB_03532_008,ICB_156,copd,AKG C417L Microphone,80.0,1,1,4,0.3118814,0.22852051,0,3,adulto
ICB_03533_000,ICB_156,copd,AKG C417L Microphone,80.0,1,1,4,0.6317898,0.41355544,0,3,adulto
ICB_03533_001,ICB_156,copd,AKG C417L Microphone,80.0,1,1,4,0.6022336,0.3622034,0,3,adulto
ICB_03533_002,ICB_156,copd,AKG C417L Microphone,80.0,1,0,4,0.5918716,0.34996927,0,1,adulto
ICB_03533_003,ICB_156,copd,AKG C417L Microphone,80.0,1,0,4,0.62218857,0.47061306,0,1,adulto
ICB_03533_004,ICB_156,copd,AKG C417L Microphone,80.0,1,0,4,0.5467127,0.49010953,0,1,adulto
ICB_03533_005,ICB_156,copd,AKG C417L Microphone,80.0,1,0,4,0.65968114,0.3965795,1,1,adulto
ICB_03533_006,ICB_156,copd,AKG C417L Microphone,80.0,1,0,4,0.5541995,0.41582,0,1,adulto
ICB_03533_007,ICB_156,copd,AKG C417L Microphone,80.0,1,0,4,0.5090622,0.33033428,0,1,adulto
ICB_03533_008,ICB_156,copd,AKG C417L Microphone,80.0,1,0,4,0.6477052,0.47261095,0,1,adulto
ICB_03534_000,ICB_156,copd,AKG C417L Microphone,80.0,1,0,4,0.46317068,0.2954731,0,1,adulto
ICB_03534_001,ICB_156,copd,AKG C417L Microphone,80.0,1,1,4,0.51756734,0.43853047,0,3,adulto
ICB_03534_002,ICB_156,copd,AKG C417L Microphone,80.0,1,1,4,0.5337193,0.35125902,0,3,adulto
ICB_03534_003,ICB_156,copd,AKG C417L Microphone,80.0,1,1,4,0.5695663,0.3646671,0,3,adulto
ICB_03534_004,ICB_156,copd,AKG C417L Microphone,80.0,1,1,4,0.41094738,0.58619964,2,3,adulto
ICB_03534_005,ICB_156,copd,AKG C417L Microphone,80.0,1,1,4,0.5208262,0.37939283,0,3,adulto
ICB_03534_006,ICB_156,copd,AKG C417L Microphone,80.0,1,1,4,0.40856773,0.6404071,2,3,adulto
ICB_03534_007,ICB_156,copd,AKG C417L Microphone,80.0,1,1,4,0.46895778,0.5855078,2,3,adulto
ICB_03534_008,ICB_156,copd,AKG C417L Microphone,80.0,1,1,4,0.54517776,0.39801532,0,3,adulto
ICB_03535_000,ICB_156,copd,AKG C417L Microphone,80.0,1,1,4,0.56753063,0.44285214,0,3,adulto
ICB_03535_001,ICB_156,copd,AKG C417L Microphone,80.0,1,1,4,0.5240604,0.4618121,0,3,adulto
ICB_03535_002,ICB_156,copd,AKG C417L Microphone,80.0,1,1,4,0.49000597,0.51802856,0,3,adulto
ICB_03535_003,ICB_156,copd,AKG C417L Microphone,80.0,1,1,4,0.4894272,0.52318853,0,3,adulto
ICB_03535_004,ICB_156,copd,AKG C417L Microphone,80.0,1,1,4,0.5104118,0.47129998,0,3,adulto
ICB_03535_005,ICB_156,copd,AKG C417L Microphone,80.0,1,1,4,0.5216393,0.46410117,0,3,adulto
ICB_03535_006,ICB_156,copd,AKG C417L Microphone,80.0,1,0,4,0.4677492,0.4024492,0,1,adulto
ICB_03535_007,ICB_156,copd,AKG C417L Microphone,80.0,1,1,4,0.51655895,0.39333573,0,3,adulto
ICB_03535_008,ICB_156,copd,AKG C417L Microphone,80.0,1,0,4,0.5453603,0.44458544,0,1,adulto
ICB_03536_000,ICB_156,copd,AKG C417L Microphone,80.0,1,1,4,0.57510364,0.4213913,0,3,adulto
ICB_03536_001,ICB_156,copd,AKG C417L Microphone,80.0,1,1,4,0.5741114,0.44070008,0,3,adulto
ICB_03536_002,ICB_156,copd,AKG C417L Microphone,80.0,1,1,4,0.54397917,0.5055843,0,3,adulto
ICB_03536_003,ICB_156,copd,AKG C417L Microphone,80.0,1,1,4,0.558537,0.4828709,0,3,adulto
ICB_03536_004,ICB_156,copd,AKG C417L Microphone,80.0,1,1,4,0.51483715,0.55286795,2,3,adulto
ICB_03536_005,ICB_156,copd,AKG C417L Microphone,80.0,1,1,4,0.55185825,0.50202775,0,3,adulto
ICB_03536_006,ICB_156,copd,AKG C417L Microphone,80.0,1,1,4,0.5156893,0.54634726,0,3,adulto
ICB_03536_007,ICB_156,copd,AKG C417L Microphone,80.0,1,1,4,0.51127046,0.5653748,2,3,adulto
ICB_03536_008,ICB_156,copd,AKG C417L Microphone,80.0,1,1,4,0.54289895,0.5722748,2,3,adulto
ICB_03537_000,ICB_156,copd,AKG C417L Microphone,80.0,0,0,4,0.5668392,0.44825172,0,0,adulto
ICB_03537_001,ICB_156,copd,AKG C417L Microphone,80.0,1,1,4,0.5338664,0.4592031,0,3,adulto
ICB_03537_002,ICB_156,copd,AKG C417L Microphone,80.0,1,1,4,0.5251604,0.48878384,0,3,adulto
ICB_03537_003,ICB_156,copd,AKG C417L Microphone,80.0,1,1,4,0.55117136,0.4726453,0,3,adulto
ICB_03537_004,ICB_156,copd,AKG C417L Microphone,80.0,1,1,4,0.56210446,0.5549355,2,3,adulto
ICB_03537_005,ICB_156,copd,AKG C417L Microphone,80.0,0,1,4,0.59762424,0.40234077,0,2,adulto
ICB_03537_006,ICB_156,copd,AKG C417L Microphone,80.0,0,1,4,0.5078209,0.478806,0,2,adulto
ICB_03537_007,ICB_156,copd,AKG C417L Microphone,80.0,0,1,4,0.51393336,0.56649685,2,2,adulto
ICB_03538_000,ICB_156,copd,AKG C417L Microphone,80.0,1,0,4,0.3169016,0.40764433,0,1,adulto
ICB_03538_001,ICB_156,copd,AKG C417L Microphone,80.0,0,1,4,0.43192434,0.33271632,0,2,adulto
ICB_03538_002,ICB_156,copd,AKG C417L Microphone,80.0,0,1,4,0.3364998,0.5257252,0,2,adulto
ICB_03538_003,ICB_156,copd,AKG C417L Microphone,80.0,0,1,4,0.4244255,0.31507838,0,2,adulto
ICB_03538_004,ICB_156,copd,AKG C417L Microphone,80.0,0,1,4,0.43010068,0.39947307,0,2,adulto
ICB_03538_005,ICB_156,copd,AKG C417L Microphone,80.0,0,0,4,0.44271266,0.38521224,0,0,adulto
ICB_03538_006,ICB_156,copd,AKG C417L Microphone,80.0,0,1,4,0.33029068,0.28792393,0,2,adulto
ICB_03538_007,ICB_156,copd,AKG C417L Microphone,80.0,0,1,4,0.36430165,0.37839743,0,2,adulto
ICB_03539_000,ICB_156,copd,AKG C417L Microphone,80.0,1,0,4,0.633962,0.42355755,0,1,adulto
ICB_03539_001,ICB_156,copd,AKG C417L Microphone,80.0,1,1,4,0.56761044,0.49005222,0,3,adulto
ICB_03539_002,ICB_156,copd,AKG C417L Microphone,80.0,1,1,4,0.48285982,0.59478414,2,3,adulto
ICB_03539_003,ICB_156,copd,AKG C417L Microphone,80.0,1,1,4,0.5271914,0.5669603,2,3,adulto
ICB_03539_004,ICB_156,copd,AKG C417L Microphone,80.0,1,1,4,0.55278623,0.5748996,2,3,adulto
ICB_03539_005,ICB_156,copd,AKG C417L Microphone,80.0,1,1,4,0.62115115,0.4122151,0,3,adulto
ICB_03539_006,ICB_156,copd,AKG C417L Microphone,80.0,1,1,4,0.5291231,0.54379624,0,3,adulto
ICB_03539_007,ICB_156,copd,AKG C417L Microphone,80.0,1,1,4,0.50518715,0.64794064,2,3,adulto
ICB_03540_000,ICB_156,copd,AKG C417L Microphone,80.0,0,0,4,0.3910501,0.3930312,0,0,adulto
ICB_03540_001,ICB_156,copd,AKG C417L Microphone,80.0,0,0,4,0.42952493,0.3516595,0,0,adulto
ICB_03540_002,ICB_156,copd,AKG C417L Microphone,80.0,0,0,4,0.34391958,0.49892384,0,0,adulto
ICB_03540_003,ICB_156,copd,AKG C417L Microphone,80.0,0,0,4,0.3455478,0.34917,0,0,adulto
ICB_03540_004,ICB_156,copd,AKG C417L Microphone,80.0,0,0,4,0.44503307,0.3484338,0,0,adulto
ICB_03540_005,ICB_156,copd,AKG C417L Microphone,80.0,0,0,4,0.49096158,0.27401653,0,0,adulto
ICB_03540_006,ICB_156,copd,AKG C417L Microphone,80.0,0,0,4,0.40757716,0.2849658,0,0,adulto
ICB_03540_007,ICB_156,copd,AKG C417L Microphone,80.0,0,1,4,0.40251058,0.36777022,0,2,adulto
ICB_03541_000,ICB_156,copd,AKG C417L Microphone,80.0,1,0,4,0.65804255,0.4178127,1,1,adulto
ICB_03541_001,ICB_156,copd,AKG C417L Microphone,80.0,0,1,4,0.5426721,0.6466774,2,2,adulto
ICB_03541_002,ICB_156,copd,AKG C417L Microphone,80.0,1,1,4,0.49087006,0.6544776,2,3,adulto
ICB_03541_003,ICB_156,copd,AKG C417L Microphone,80.0,1,1,4,0.54327834,0.58770466,2,3,adulto
ICB_03541_004,ICB_156,copd,AKG C417L Microphone,80.0,1,1,4,0.5306475,0.6303604,2,3,adulto
ICB_03541_005,ICB_156,copd,AKG C417L Microphone,80.0,1,0,4,0.62987316,0.3912467,0,1,adulto
ICB_03541_006,ICB_156,copd,AKG C417L Microphone,80.0,1,1,4,0.5259186,0.5775683,2,3,adulto
ICB_03541_007,ICB_156,copd,AKG C417L Microphone,80.0,1,1,4,0.48112065,0.6658042,2,3,adulto
ICB_03600_000,ICB_162,copd,AKG C417L Microphone,67.0,0,0,4,0.47995558,0.38086015,0,0,adulto
ICB_03600_001,ICB_162,copd,AKG C417L Microphone,67.0,0,0,4,0.5292655,0.4406275,0,0,adulto
ICB_03600_002,ICB_162,copd,AKG C417L Microphone,67.0,0,0,4,0.52248734,0.37895346,0,0,adulto
ICB_03601_000,ICB_162,copd,AKG C417L Microphone,67.0,0,0,4,0.48561418,0.39160523,0,0,adulto
ICB_03601_001,ICB_162,copd,AKG C417L Microphone,67.0,1,1,4,0.5156096,0.44344017,0,3,adulto
ICB_03601_002,ICB_162,copd,AKG C417L Microphone,67.0,0,0,4,0.5048973,0.385861,0,0,adulto
ICB_03602_000,ICB_162,copd,AKG C417L Microphone,67.0,0,0,4,0.52332234,0.41753522,0,0,adulto
ICB_03602_001,ICB_162,copd,AKG C417L Microphone,67.0,0,0,4,0.6271195,0.4316203,0,0,adulto
ICB_03602_002,ICB_162,copd,AKG C417L Microphone,67.0,0,0,4,0.5865563,0.3733467,0,0,adulto
ICB_03603_000,ICB_162,copd,AKG C417L Microphone,67.0,0,0,4,0.48625925,0.4252717,0,0,adulto
ICB_03603_001,ICB_162,copd,AKG C417L Microphone,67.0,0,0,4,0.5073125,0.2614815,0,0,adulto
ICB_03603_002,ICB_162,copd,AKG C417L Microphone,67.0,0,0,4,0.4739104,0.43265244,0,0,adulto
ICB_03604_000,ICB_162,copd,AKG C417L Microphone,67.0,0,0,4,0.56485975,0.4096705,0,0,adulto
ICB_03604_001,ICB_162,copd,AKG C417L Microphone,67.0,0,0,4,0.5696432,0.52040535,0,0,adulto
ICB_03604_002,ICB_162,copd,AKG C417L Microphone,67.0,0,0,4,0.57647884,0.48077202,0,0,adulto
ICB_03605_000,ICB_162,copd,AKG C417L Microphone,67.0,0,0,4,0.6018492,0.42469037,0,0,adulto
ICB_03605_001,ICB_162,copd,AKG C417L Microphone,67.0,0,0,4,0.6295608,0.48909563,0,0,adulto
ICB_03605_002,ICB_162,copd,AKG C417L Microphone,67.0,0,0,4,0.6269573,0.47995734,0,0,adulto
ICB_03606_000,ICB_162,copd,AKG C417L Microphone,67.0,1,0,4,0.2518501,0.22864382,0,1,adulto
ICB_03606_001,ICB_162,copd,AKG C417L Microphone,67.0,1,0,4,0.21100077,0.19550392,0,1,adulto
ICB_03606_002,ICB_162,copd,AKG C417L Microphone,67.0,1,0,4,0.19294208,0.1489714,0,1,adulto
ICB_03607_000,ICB_162,copd,AKG C417L Microphone,67.0,0,0,4,0.4649696,0.41704026,0,0,adulto
ICB_03607_001,ICB_162,copd,AKG C417L Microphone,67.0,0,0,4,0.49742624,0.51930237,0,0,adulto
ICB_03607_002,ICB_162,copd,AKG C417L Microphone,67.0,0,0,4,0.4806481,0.45568338,0,0,adulto
ICB_03607_003,ICB_162,copd,AKG C417L Microphone,67.0,0,0,4,0.5194974,0.567841,2,0,adulto
ICB_03608_000,ICB_162,copd,AKG C417L Microphone,67.0,0,0,4,0.44266602,0.44424286,0,0,adulto
ICB_03608_001,ICB_162,copd,AKG C417L Microphone,67.0,0,0,4,0.5289857,0.5110712,0,0,adulto
ICB_03608_002,ICB_162,copd,AKG C417L Microphone,67.0,0,0,4,0.49021533,0.57112604,2,0,adulto
ICB_03608_003,ICB_162,copd,AKG C417L Microphone,67.0,0,0,4,0.50571865,0.5625662,2,0,adulto
ICB_03609_000,ICB_162,copd,AKG C417L Microphone,67.0,0,0,4,0.4631562,0.6402444,2,0,adulto
ICB_03609_001,ICB_162,copd,AKG C417L Microphone,67.0,0,0,4,0.4394508,0.6018753,2,0,adulto
ICB_03609_002,ICB_162,copd,AKG C417L Microphone,67.0,0,0,4,0.5095896,0.59276676,2,0,adulto
ICB_03609_003,ICB_162,copd,AKG C417L Microphone,67.0,0,0,4,0.48609942,0.6062249,2,0,adulto
ICB_03610_000,ICB_162,copd,AKG C417L Microphone,67.0,0,0,4,0.44757524,0.65850115,2,0,adulto
ICB_03610_001,ICB_162,copd,AKG C417L Microphone,67.0,0,0,4,0.5014272,0.60414344,2,0,adulto
ICB_03610_002,ICB_162,copd,AKG C417L Microphone,67.0,0,0,4,0.508017,0.61845726,2,0,adulto
ICB_03610_003,ICB_162,copd,AKG C417L Microphone,67.0,0,0,4,0.4952059,0.60560334,2,0,adulto
ICB_03611_000,ICB_162,copd,AKG C417L Microphone,67.0,0,0,4,0.24003997,0.28953823,0,0,adulto
ICB_03611_001,ICB_162,copd,AKG C417L Microphone,67.0,0,0,4,0.2899411,0.3213364,0,0,adulto
ICB_03611_002,ICB_162,copd,AKG C417L Microphone,67.0,0,0,4,0.24358869,0.21311703,0,0,adulto
ICB_03611_003,ICB_162,copd,AKG C417L Microphone,67.0,0,0,4,0.25342584,0.20594817,0,0,adulto
ICB_03612_000,ICB_162,copd,AKG C417L Microphone,67.0,0,0,4,0.51057833,0.36238527,0,0,adulto
ICB_03612_001,ICB_162,copd,AKG C417L Microphone,67.0,0,0,4,0.46535054,0.40731052,0,0,adulto
ICB_03612_002,ICB_162,copd,AKG C417L Microphone,67.0,0,0,4,0.5067055,0.38535067,0,0,adulto
ICB_03612_003,ICB_162,copd,AKG C417L Microphone,67.0,0,0,4,0.3690257,0.33809033,0,0,adulto
ICB_03613_000,ICB_162,copd,AKG C417L Microphone,67.0,0,0,4,0.4756727,0.399294,0,0,adulto
ICB_03613_001,ICB_162,copd,AKG C417L Microphone,67.0,0,0,4,0.46554124,0.38301313,0,0,adulto
ICB_03613_002,ICB_162,copd,AKG C417L Microphone,67.0,0,0,4,0.4912769,0.43819284,0,0,adulto
ICB_03613_003,ICB_162,copd,AKG C417L Microphone,67.0,0,0,4,0.4238683,0.31926048,0,0,adulto
ICB_03614_000,ICB_162,copd,AKG C417L Microphone,67.0,0,0,4,0.3962668,0.64710265,2,0,adulto
ICB_03614_001,ICB_162,copd,AKG C417L Microphone,67.0,0,0,4,0.3718921,0.6520637,2,0,adulto
ICB_03614_002,ICB_162,copd,AKG C417L Microphone,67.0,0,0,4,0.424441,0.61985487,2,0,adulto
ICB_03614_003,ICB_162,copd,AKG C417L Microphone,67.0,0,0,4,0.31476706,0.47681108,0,0,adulto
ICB_03615_000,ICB_162,copd,AKG C417L Microphone,67.0,0,0,4,0.55674636,0.53338945,0,0,adulto
ICB_03615_001,ICB_162,copd,AKG C417L Microphone,67.0,0,0,4,0.52251375,0.4753387,0,0,adulto
ICB_03615_002,ICB_162,copd,AKG C417L Microphone,67.0,0,0,4,0.53171754,0.48732772,0,0,adulto
ICB_03615_003,ICB_162,copd,AKG C417L Microphone,67.0,0,0,4,0.4562095,0.4451125,0,0,adulto
ICB_03616_000,ICB_162,copd,AKG C417L Microphone,67.0,0,0,4,0.49200267,0.6039431,2,0,adulto
ICB_03616_001,ICB_162,copd,AKG C417L Microphone,67.0,0,0,4,0.5319955,0.5330227,0,0,adulto
ICB_03616_002,ICB_162,copd,AKG C417L Microphone,67.0,0,0,4,0.5559997,0.5278629,0,0,adulto
ICB_03616_003,ICB_162,copd,AKG C417L Microphone,67.0,0,0,4,0.4877611,0.429016,0,0,adulto
ICB_03617_000,ICB_162,copd,AKG C417L Microphone,67.0,0,0,4,0.23251227,0.31060752,0,0,adulto
ICB_03617_001,ICB_162,copd,AKG C417L Microphone,67.0,0,0,4,0.21523958,0.40140086,0,0,adulto
ICB_03617_002,ICB_162,copd,AKG C417L Microphone,67.0,0,0,4,0.25498614,0.4138433,0,0,adulto
ICB_03617_003,ICB_162,copd,AKG C417L Microphone,67.0,0,0,4,0.11501819,0.27933052,0,0,adulto
ICB_03618_000,ICB_162,copd,AKG C417L Microphone,67.0,0,0,4,0.4440461,0.41476685,0,0,adulto
ICB_03618_001,ICB_162,copd,AKG C417L Microphone,67.0,0,0,4,0.4694585,0.33338812,0,0,adulto
ICB_03618_002,ICB_162,copd,AKG C417L Microphone,67.0,0,0,4,0.40427566,0.56949747,2,0,adulto
ICB_03618_003,ICB_162,copd,AKG C417L Microphone,67.0,0,0,4,0.44474152,0.5566604,2,0,adulto
ICB_03619_000,ICB_162,copd,AKG C417L Microphone,67.0,0,0,4,0.4175605,0.3440314,0,0,adulto
ICB_03619_001,ICB_162,copd,AKG C417L Microphone,67.0,0,0,4,0.50049245,0.35973114,0,0,adulto
ICB_03619_002,ICB_162,copd,AKG C417L Microphone,67.0,0,0,4,0.4475173,0.6037251,2,0,adulto
ICB_03619_003,ICB_162,copd,AKG C417L Microphone,67.0,0,0,4,0.4555385,0.4082092,0,0,adulto
ICB_03620_000,ICB_162,copd,AKG C417L Microphone,67.0,0,0,4,0.35837775,0.665355,2,0,adulto
ICB_03620_001,ICB_162,copd,AKG C417L Microphone,67.0,0,0,4,0.42116314,0.5205342,0,0,adulto
ICB_03620_002,ICB_162,copd,AKG C417L Microphone,67.0,0,0,4,0.35369235,0.6251476,2,0,adulto
ICB_03620_003,ICB_162,copd,AKG C417L Microphone,67.0,0,0,4,0.39021355,0.6121534,2,0,adulto
ICB_03621_000,ICB_162,copd,AKG C417L Microphone,67.0,0,0,4,0.42278576,0.61712104,2,0,adulto
ICB_03621_001,ICB_162,copd,AKG C417L Microphone,67.0,0,0,4,0.53772324,0.5444,0,0,adulto
ICB_03621_002,ICB_162,copd,AKG C417L Microphone,67.0,0,0,4,0.49435946,0.54706246,0,0,adulto
ICB_03621_003,ICB_162,copd,AKG C417L Microphone,67.0,0,0,4,0.465947,0.49782345,0,0,adulto
ICB_03622_000,ICB_162,copd,AKG C417L Microphone,67.0,0,1,4,0.47759762,0.6370641,2,2,adulto
ICB_03622_001,ICB_162,copd,AKG C417L Microphone,67.0,0,0,4,0.49463442,0.54907286,0,0,adulto
ICB_03622_002,ICB_162,copd,AKG C417L Microphone,67.0,0,0,4,0.39897898,0.78086096,2,0,adulto
ICB_03622_003,ICB_162,copd,AKG C417L Microphone,67.0,0,0,4,0.4873407,0.5586895,2,0,adulto
ICB_03623_000,ICB_162,copd,AKG C417L Microphone,67.0,1,0,4,0.22250593,0.36233464,0,1,adulto
ICB_03623_001,ICB_162,copd,AKG C417L Microphone,67.0,1,0,4,0.21906407,0.25837204,0,1,adulto
ICB_03623_002,ICB_162,copd,AKG C417L Microphone,67.0,1,0,4,0.23876894,0.3905807,0,1,adulto
ICB_03623_003,ICB_162,copd,AKG C417L Microphone,67.0,0,0,4,0.1860872,0.39036077,0,0,adulto
ICB_03705_000,ICB_174,copd,AKG C417L Microphone,68.0,0,1,4,0.502729,0.4726573,0,2,adulto
ICB_03705_001,ICB_174,copd,AKG C417L Microphone,68.0,0,0,4,0.52288413,0.3735704,0,0,adulto
ICB_03705_002,ICB_174,copd,AKG C417L Microphone,68.0,1,0,4,0.48011974,0.38478836,0,1,adulto
ICB_03705_003,ICB_174,copd,AKG C417L Microphone,68.0,0,0,4,0.538531,0.4232839,0,0,adulto
ICB_03705_004,ICB_174,copd,AKG C417L Microphone,68.0,0,0,4,0.51795155,0.43514875,0,0,adulto
ICB_03706_000,ICB_174,copd,AKG C417L Microphone,68.0,0,1,4,0.3737214,0.6367968,2,2,adulto
ICB_03706_001,ICB_174,copd,AKG C417L Microphone,68.0,1,0,4,0.55163467,0.52254033,0,1,adulto
ICB_03706_002,ICB_174,copd,AKG C417L Microphone,68.0,1,0,4,0.5355641,0.5991717,2,1,adulto
ICB_03706_003,ICB_174,copd,AKG C417L Microphone,68.0,1,0,4,0.5614726,0.46284866,0,1,adulto
ICB_03706_004,ICB_174,copd,AKG C417L Microphone,68.0,1,0,4,0.5915504,0.46608415,0,1,adulto
ICB_03707_000,ICB_174,copd,AKG C417L Microphone,68.0,0,1,4,0.275348,0.7276841,2,2,adulto
ICB_03707_001,ICB_174,copd,AKG C417L Microphone,68.0,1,0,4,0.5526936,0.44869837,0,1,adulto
ICB_03707_002,ICB_174,copd,AKG C417L Microphone,68.0,1,0,4,0.43264735,0.5128697,0,1,adulto
ICB_03707_003,ICB_174,copd,AKG C417L Microphone,68.0,1,0,4,0.58613324,0.43412223,0,1,adulto
ICB_03707_004,ICB_174,copd,AKG C417L Microphone,68.0,1,0,4,0.6331885,0.4117584,0,1,adulto
ICB_03708_000,ICB_174,copd,AKG C417L Microphone,68.0,0,1,4,0.4208337,0.6933254,2,2,adulto
ICB_03708_001,ICB_174,copd,AKG C417L Microphone,68.0,1,0,4,0.5679817,0.41715598,0,1,adulto
ICB_03708_002,ICB_174,copd,AKG C417L Microphone,68.0,1,0,4,0.53711945,0.50857496,0,1,adulto
ICB_03708_003,ICB_174,copd,AKG C417L Microphone,68.0,1,0,4,0.59053737,0.45751256,0,1,adulto
ICB_03708_004,ICB_174,copd,AKG C417L Microphone,68.0,1,0,4,0.60128486,0.44213268,0,1,adulto
ICB_03709_000,ICB_174,copd,AKG C417L Microphone,68.0,0,1,4,0.48625937,0.5010423,0,2,adulto
ICB_03709_001,ICB_174,copd,AKG C417L Microphone,68.0,1,0,4,0.50227743,0.38019913,0,1,adulto
ICB_03709_002,ICB_174,copd,AKG C417L Microphone,68.0,1,0,4,0.4936199,0.38338017,0,1,adulto
ICB_03709_003,ICB_174,copd,AKG C417L Microphone,68.0,1,0,4,0.5074878,0.40128425,0,1,adulto
ICB_03709_004,ICB_174,copd,AKG C417L Microphone,68.0,1,0,4,0.5179504,0.34149006,0,1,adulto
ICB_03710_000,ICB_174,copd,AKG C417L Microphone,68.0,1,0,4,0.27207315,0.33308646,0,1,adulto
ICB_03710_001,ICB_174,copd,AKG C417L Microphone,68.0,1,0,4,0.27432993,0.30257705,0,1,adulto
ICB_03710_002,ICB_174,copd,AKG C417L Microphone,68.0,0,0,4,0.20189346,0.27217504,0,0,adulto
ICB_03710_003,ICB_174,copd,AKG C417L Microphone,68.0,1,0,4,0.223908,0.26542372,0,1,adulto
ICB_03710_004,ICB_174,copd,AKG C417L Microphone,68.0,1,0,4,0.24303196,0.2814841,0,1,adulto
ICB_03711_000,ICB_174,copd,AKG C417L Microphone,68.0,1,0,4,0.53373015,0.47976267,0,1,adulto
ICB_03711_001,ICB_174,copd,AKG C417L Microphone,68.0,1,0,4,0.5050085,0.37355304,0,1,adulto
ICB_03711_002,ICB_174,copd,AKG C417L Microphone,68.0,1,0,4,0.511276,0.38203597,0,1,adulto
ICB_03711_003,ICB_174,copd,AKG C417L Microphone,68.0,1,0,4,0.5234174,0.41458353,0,1,adulto
ICB_03711_004,ICB_174,copd,AKG C417L Microphone,68.0,1,0,4,0.51665485,0.42466155,0,1,adulto
ICB_03712_000,ICB_174,copd,AKG C417L Microphone,68.0,1,0,4,0.6019851,0.49170595,0,1,adulto
ICB_03712_001,ICB_174,copd,AKG C417L Microphone,68.0,1,0,4,0.5726649,0.5218173,0,1,adulto
ICB_03712_002,ICB_174,copd,AKG C417L Microphone,68.0,1,0,4,0.62224674,0.45239848,0,1,adulto
ICB_03712_003,ICB_174,copd,AKG C417L Microphone,68.0,1,0,4,0.6630799,0.40157998,1,1,adulto
ICB_03712_004,ICB_174,copd,AKG C417L Microphone,68.0,1,0,4,0.62840337,0.47382355,0,1,adulto
ICB_03713_000,ICB_174,copd,AKG C417L Microphone,68.0,1,0,4,0.57229114,0.4484397,0,1,adulto
ICB_03713_001,ICB_174,copd,AKG C417L Microphone,68.0,1,0,4,0.61616504,0.44102493,0,1,adulto
ICB_03713_002,ICB_174,copd,AKG C417L Microphone,68.0,1,0,4,0.5749123,0.50776327,0,1,adulto
ICB_03713_003,ICB_174,copd,AKG C417L Microphone,68.0,1,0,4,0.57466894,0.47475567,0,1,adulto
ICB_03713_004,ICB_174,copd,AKG C417L Microphone,68.0,1,0,4,0.56233686,0.47246385,0,1,adulto
ICB_03714_000,ICB_174,copd,AKG C417L Microphone,68.0,1,0,4,0.5885636,0.4627411,0,1,adulto
ICB_03714_001,ICB_174,copd,AKG C417L Microphone,68.0,1,0,4,0.5726622,0.36725053,0,1,adulto
ICB_03714_002,ICB_174,copd,AKG C417L Microphone,68.0,1,0,4,0.5395273,0.46520627,0,1,adulto
ICB_03714_003,ICB_174,copd,AKG C417L Microphone,68.0,1,0,4,0.55132693,0.46811414,0,1,adulto
ICB_03714_004,ICB_174,copd,AKG C417L Microphone,68.0,1,0,4,0.56438565,0.4587597,0,1,adulto
ICB_03715_000,ICB_174,copd,AKG C417L Microphone,68.0,1,1,4,0.52991784,0.4023074,0,3,adulto
ICB_03715_001,ICB_174,copd,AKG C417L Microphone,68.0,1,0,4,0.55210805,0.36163792,0,1,adulto
ICB_03715_002,ICB_174,copd,AKG C417L Microphone,68.0,1,1,4,0.423896,0.43878677,0,3,adulto
ICB_03715_003,ICB_174,copd,AKG C417L Microphone,68.0,1,0,4,0.4689908,0.40338588,0,1,adulto
ICB_03715_004,ICB_174,copd,AKG C417L Microphone,68.0,1,0,4,0.4772171,0.38628626,0,1,adulto
ICB_03716_000,ICB_174,copd,AKG C417L Microphone,68.0,0,0,4,0.359406,0.36489642,0,0,adulto
ICB_03716_001,ICB_174,copd,AKG C417L Microphone,68.0,1,0,4,0.38191667,0.3924582,0,1,adulto
ICB_03716_002,ICB_174,copd,AKG C417L Microphone,68.0,1,0,4,0.34709498,0.43121338,0,1,adulto
ICB_03716_003,ICB_174,copd,AKG C417L Microphone,68.0,1,0,4,0.32158726,0.28280258,0,1,adulto
ICB_03716_004,ICB_174,copd,AKG C417L Microphone,68.0,0,0,4,0.38255683,0.4561844,0,0,adulto
ICB_03717_000,ICB_174,copd,AKG C417L Microphone,68.0,0,0,4,0.55085933,0.44982705,0,0,adulto
ICB_03717_001,ICB_174,copd,AKG C417L Microphone,68.0,0,0,4,0.5293538,0.44427073,0,0,adulto
ICB_03717_002,ICB_174,copd,AKG C417L Microphone,68.0,1,0,4,0.5253388,0.44430724,0,1,adulto
ICB_03717_003,ICB_174,copd,AKG C417L Microphone,68.0,1,0,4,0.5297847,0.48747703,0,1,adulto
ICB_03717_004,ICB_174,copd,AKG C417L Microphone,68.0,1,0,4,0.49751493,0.3251302,0,1,adulto
ICB_03718_000,ICB_174,copd,AKG C417L Microphone,68.0,0,0,4,0.5304784,0.58762676,2,0,adulto
ICB_03718_001,ICB_174,copd,AKG C417L Microphone,68.0,1,0,4,0.6278535,0.4246958,0,1,adulto
ICB_03718_002,ICB_174,copd,AKG C417L Microphone,68.0,1,0,4,0.61121416,0.42788672,0,1,adulto
ICB_03718_003,ICB_174,copd,AKG C417L Microphone,68.0,1,0,4,0.62411517,0.43542233,0,1,adulto
ICB_03718_004,ICB_174,copd,AKG C417L Microphone,68.0,1,0,4,0.65423983,0.3831418,1,1,adulto
ICB_03719_000,ICB_174,copd,AKG C417L Microphone,68.0,0,0,4,0.46574345,0.63791114,2,0,adulto
ICB_03719_001,ICB_174,copd,AKG C417L Microphone,68.0,1,0,4,0.60876846,0.47720656,0,1,adulto
ICB_03719_002,ICB_174,copd,AKG C417L Microphone,68.0,1,0,4,0.5901115,0.49139574,0,1,adulto
ICB_03719_003,ICB_174,copd,AKG C417L Microphone,68.0,1,0,4,0.58422,0.5389137,0,1,adulto
ICB_03719_004,ICB_174,copd,AKG C417L Microphone,68.0,1,0,4,0.6311172,0.38250107,0,1,adulto
ICB_03720_000,ICB_174,copd,AKG C417L Microphone,68.0,1,0,4,0.49667922,0.6146164,2,1,adulto
ICB_03720_001,ICB_174,copd,AKG C417L Microphone,68.0,1,0,4,0.6003578,0.48473018,0,1,adulto
ICB_03720_002,ICB_174,copd,AKG C417L Microphone,68.0,1,0,4,0.55291575,0.47134107,0,1,adulto
ICB_03720_003,ICB_174,copd,AKG C417L Microphone,68.0,1,0,4,0.53365517,0.61637515,2,1,adulto
ICB_03720_004,ICB_174,copd,AKG C417L Microphone,68.0,1,0,4,0.5809502,0.38160253,0,1,adulto
ICB_03721_000,ICB_174,copd,AKG C417L Microphone,68.0,1,0,4,0.5055772,0.39807937,0,1,adulto
ICB_03721_001,ICB_174,copd,AKG C417L Microphone,68.0,1,0,4,0.5122755,0.4189683,0,1,adulto
ICB_03721_002,ICB_174,copd,AKG C417L Microphone,68.0,1,0,4,0.5285606,0.4384436,0,1,adulto
ICB_03721_003,ICB_174,copd,AKG C417L Microphone,68.0,1,0,4,0.57570297,0.42966217,0,1,adulto
ICB_03721_004,ICB_174,copd,AKG C417L Microphone,68.0,1,0,4,0.5050987,0.34719834,0,1,adulto
ICB_03722_000,ICB_174,copd,AKG C417L Microphone,68.0,1,0,4,0.3781264,0.3387429,0,1,adulto
ICB_03722_001,ICB_174,copd,AKG C417L Microphone,68.0,0,0,4,0.39514926,0.4099515,0,0,adulto
ICB_03722_002,ICB_174,copd,AKG C417L Microphone,68.0,1,0,4,0.4436013,0.4681149,0,1,adulto
ICB_03722_003,ICB_174,copd,AKG C417L Microphone,68.0,1,0,4,0.47920176,0.52360624,0,1,adulto
ICB_03722_004,ICB_174,copd,AKG C417L Microphone,68.0,0,0,4,0.32965478,0.32824847,0,0,adulto
ICB_03723_000,ICB_174,copd,AKG C417L Microphone,68.0,1,0,4,0.5735561,0.43588054,0,1,adulto
ICB_03723_001,ICB_174,copd,AKG C417L Microphone,68.0,0,0,4,0.5601522,0.39723754,0,0,adulto
ICB_03723_002,ICB_174,copd,AKG C417L Microphone,68.0,0,0,4,0.5547406,0.44504213,0,0,adulto
ICB_03723_003,ICB_174,copd,AKG C417L Microphone,68.0,0,0,4,0.53818804,0.43983635,0,0,adulto
ICB_03724_000,ICB_174,copd,AKG C417L Microphone,68.0,1,0,4,0.55790603,0.5230788,0,1,adulto
ICB_03724_001,ICB_174,copd,AKG C417L Microphone,68.0,1,0,4,0.5676484,0.4476907,0,1,adulto
ICB_03724_002,ICB_174,copd,AKG C417L Microphone,68.0,1,0,4,0.506276,0.4721176,0,1,adulto
ICB_03724_003,ICB_174,copd,AKG C417L Microphone,68.0,1,0,4,0.50213814,0.4597224,0,1,adulto
ICB_03725_000,ICB_174,copd,AKG C417L Microphone,68.0,1,0,4,0.5453823,0.54394394,0,1,adulto
ICB_03725_001,ICB_174,copd,AKG C417L Microphone,68.0,1,0,4,0.5646413,0.45656657,0,1,adulto
ICB_03725_002,ICB_174,copd,AKG C417L Microphone,68.0,1,0,4,0.52989864,0.51480985,0,1,adulto
ICB_03725_003,ICB_174,copd,AKG C417L Microphone,68.0,1,0,4,0.53429145,0.49008143,0,1,adulto
ICB_03726_000,ICB_174,copd,AKG C417L Microphone,68.0,1,0,4,0.5492395,0.5010805,0,1,adulto
ICB_03726_001,ICB_174,copd,AKG C417L Microphone,68.0,1,0,4,0.5651001,0.4512909,0,1,adulto
ICB_03726_002,ICB_174,copd,AKG C417L Microphone,68.0,1,0,4,0.5119434,0.5502437,2,1,adulto
ICB_03726_003,ICB_174,copd,AKG C417L Microphone,68.0,1,0,4,0.5433179,0.40722093,0,1,adulto
ICB_03727_000,ICB_174,copd,AKG C417L Microphone,68.0,1,0,4,0.33930853,0.41239688,0,1,adulto
ICB_03727_001,ICB_174,copd,AKG C417L Microphone,68.0,1,0,4,0.41002202,0.36623043,0,1,adulto
ICB_03727_002,ICB_174,copd,AKG C417L Microphone,68.0,0,0,4,0.4240902,0.466751,0,0,adulto
ICB_03727_003,ICB_174,copd,AKG C417L Microphone,68.0,1,0,4,0.32494336,0.4046993,0,1,adulto
ICB_03803_000,ICB_181,copd,3M Littmann Classic II SE,65.0,0,0,4,0.56001717,0.4860347,0,0,adulto
ICB_03803_001,ICB_181,copd,3M Littmann Classic II SE,65.0,0,0,4,0.54576546,0.45529765,0,0,adulto
ICB_03803_002,ICB_181,copd,3M Littmann Classic II SE,65.0,0,0,4,0.57977194,0.43878108,0,0,adulto
ICB_03803_003,ICB_181,copd,3M Littmann Classic II SE,65.0,0,0,4,0.5889619,0.36053964,0,0,adulto
ICB_03804_000,ICB_181,copd,3M Littmann Classic II SE,65.0,0,0,4,0.287052,0.3804639,0,0,adulto
ICB_03804_001,ICB_181,copd,3M Littmann Classic II SE,65.0,0,0,4,0.30724123,0.37161815,0,0,adulto
ICB_03804_002,ICB_181,copd,3M Littmann Classic II SE,65.0,0,0,4,0.287068,0.35424992,0,0,adulto
ICB_03804_003,ICB_181,copd,3M Littmann Classic II SE,65.0,0,0,4,0.28088102,0.33227918,0,0,adulto
ICB_03805_000,ICB_181,copd,3M Littmann Classic II SE,65.0,1,0,4,0.53227425,0.31353244,0,1,adulto
ICB_03805_001,ICB_181,copd,3M Littmann Classic II SE,65.0,1,0,4,0.5815325,0.49651176,0,1,adulto
ICB_03805_002,ICB_181,copd,3M Littmann Classic II SE,65.0,0,0,4,0.5924394,0.4697588,0,0,adulto
ICB_03805_003,ICB_181,copd,3M Littmann Classic II SE,65.0,0,0,4,0.5643619,0.39873722,0,0,adulto
ICB_03806_000,ICB_181,copd,3M Littmann Classic II SE,65.0,0,0,4,0.36448097,0.38793698,0,0,adulto
ICB_03806_001,ICB_181,copd,3M Littmann Classic II SE,65.0,0,0,4,0.29027528,0.35248205,0,0,adulto
ICB_03806_002,ICB_181,copd,3M Littmann Classic II SE,65.0,0,0,4,0.32114077,0.3868789,0,0,adulto
ICB_03806_003,ICB_181,copd,3M Littmann Classic II SE,65.0,0,0,4,0.29165512,0.39821813,0,0,adulto
ICB_03806_004,ICB_181,copd,3M Littmann Classic II SE,65.0,0,0,4,0.34086776,0.32419866,0,0,adulto
ICB_03846_000,ICB_189,copd,3M Littmann Classic II SE,75.0,1,0,4,0.5499011,0.46786615,0,1,adulto
ICB_03846_001,ICB_189,copd,3M Littmann Classic II SE,75.0,1,0,4,0.5869277,0.45831534,0,1,adulto
ICB_03846_002,ICB_189,copd,3M Littmann Classic II SE,75.0,0,0,4,0.57817334,0.4818075,0,0,adulto
ICB_03846_003,ICB_189,copd,3M Littmann Classic II SE,75.0,0,0,4,0.5374217,0.4311272,0,0,adulto
ICB_03846_004,ICB_189,copd,3M Littmann Classic II SE,75.0,0,0,4,0.54747194,0.3621521,0,0,adulto
ICB_03847_000,ICB_190,respiratory_infection,AKG C417L Microphone,3.0,0,0,4,0.6102779,0.46161714,0,0,pediátrico (<18)
ICB_03847_001,ICB_190,respiratory_infection,AKG C417L Microphone,3.0,0,0,4,0.47422576,0.45373204,0,0,pediátrico (<18)
ICB_03847_002,ICB_190,respiratory_infection,AKG C417L Microphone,3.0,0,0,4,0.48092067,0.49478233,0,0,pediátrico (<18)
ICB_03847_003,ICB_190,respiratory_infection,AKG C417L Microphone,3.0,0,0,4,0.35461044,0.34955335,0,0,pediátrico (<18)
ICB_03851_000,ICB_192,copd,3M Littmann Classic II SE,69.0,0,0,4,0.5934307,0.40690008,0,0,adulto
ICB_03851_001,ICB_192,copd,3M Littmann Classic II SE,69.0,0,1,4,0.5436829,0.6905292,2,2,adulto
ICB_03851_002,ICB_192,copd,3M Littmann Classic II SE,69.0,0,1,4,0.5649367,0.6617483,2,2,adulto
ICB_03851_003,ICB_192,copd,3M Littmann Classic II SE,69.0,0,1,4,0.58232737,0.50575376,0,2,adulto
ICB_03851_004,ICB_192,copd,3M Littmann Classic II SE,69.0,0,1,4,0.58776647,0.6455721,2,2,adulto
ICB_03851_005,ICB_192,copd,3M Littmann Classic II SE,69.0,1,1,4,0.5671235,0.6911788,2,3,adulto
ICB_03851_006,ICB_192,copd,3M Littmann Classic II SE,69.0,0,1,4,0.569463,0.7071961,2,2,adulto
ICB_03851_007,ICB_192,copd,3M Littmann Classic II SE,69.0,0,1,4,0.5881043,0.647628,2,2,adulto
ICB_03852_000,ICB_192,copd,3M Littmann Classic II SE,69.0,0,0,4,0.64270514,0.44674274,0,0,adulto
ICB_03852_001,ICB_192,copd,3M Littmann Classic II SE,69.0,0,1,4,0.61873156,0.52543694,0,2,adulto
ICB_03852_002,ICB_192,copd,3M Littmann Classic II SE,69.0,0,1,4,0.59235317,0.53247595,0,2,adulto
ICB_03852_003,ICB_192,copd,3M Littmann Classic II SE,69.0,0,1,4,0.6002,0.523722,0,2,adulto
ICB_03852_004,ICB_192,copd,3M Littmann Classic II SE,69.0,0,1,4,0.6197244,0.4925725,0,2,adulto
ICB_03852_005,ICB_192,copd,3M Littmann Classic II SE,69.0,0,1,4,0.64766955,0.5746915,2,2,adulto
ICB_03852_006,ICB_192,copd,3M Littmann Classic II SE,69.0,0,1,4,0.6013633,0.47236845,0,2,adulto
ICB_03852_007,ICB_192,copd,3M Littmann Classic II SE,69.0,0,1,4,0.5680493,0.5485412,0,2,adulto
ICB_03853_000,ICB_192,copd,3M Littmann Classic II SE,69.0,0,1,4,0.59407586,0.45829332,0,2,adulto
ICB_03853_001,ICB_192,copd,3M Littmann Classic II SE,69.0,1,1,4,0.54039824,0.7154611,2,3,adulto
ICB_03853_002,ICB_192,copd,3M Littmann Classic II SE,69.0,0,1,4,0.6126113,0.53979486,0,2,adulto
ICB_03853_003,ICB_192,copd,3M Littmann Classic II SE,69.0,1,1,4,0.6061613,0.62077165,2,3,adulto
ICB_03853_004,ICB_192,copd,3M Littmann Classic II SE,69.0,0,1,4,0.6189661,0.56708,2,2,adulto
ICB_03853_005,ICB_192,copd,3M Littmann Classic II SE,69.0,0,1,4,0.62563574,0.64666015,2,2,adulto
ICB_03853_006,ICB_192,copd,3M Littmann Classic II SE,69.0,0,1,4,0.5876068,0.6808388,2,2,adulto
ICB_03853_007,ICB_192,copd,3M Littmann Classic II SE,69.0,0,1,4,0.63461155,0.39280203,0,2,adulto
ICB_03854_000,ICB_192,copd,3M Littmann Classic II SE,69.0,0,0,4,0.6363807,0.36404938,0,0,adulto
ICB_03854_001,ICB_192,copd,3M Littmann Classic II SE,69.0,0,1,4,0.62557197,0.4953111,0,2,adulto
ICB_03854_002,ICB_192,copd,3M Littmann Classic II SE,69.0,0,1,4,0.6125141,0.4739746,0,2,adulto
ICB_03854_003,ICB_192,copd,3M Littmann Classic II SE,69.0,0,1,4,0.6466287,0.5048078,0,2,adulto
ICB_03854_004,ICB_192,copd,3M Littmann Classic II SE,69.0,0,1,4,0.68342793,0.49213493,1,2,adulto
ICB_03854_005,ICB_192,copd,3M Littmann Classic II SE,69.0,0,1,4,0.64038277,0.5274445,0,2,adulto
ICB_03854_006,ICB_192,copd,3M Littmann Classic II SE,69.0,0,1,4,0.6247022,0.46688008,0,2,adulto
ICB_03854_007,ICB_192,copd,3M Littmann Classic II SE,69.0,0,1,4,0.49157894,0.34803817,0,2,adulto
ICB_03855_000,ICB_192,copd,3M Littmann Classic II SE,69.0,1,0,4,0.57909167,0.45938873,0,1,adulto
ICB_03855_001,ICB_192,copd,3M Littmann Classic II SE,69.0,0,1,4,0.5822247,0.46167424,0,2,adulto
ICB_03855_002,ICB_192,copd,3M Littmann Classic II SE,69.0,0,1,4,0.57064384,0.6707632,2,2,adulto
ICB_03855_003,ICB_192,copd,3M Littmann Classic II SE,69.0,0,1,4,0.4924855,0.68764746,2,2,adulto
ICB_03855_004,ICB_192,copd,3M Littmann Classic II SE,69.0,0,1,4,0.52000576,0.7028532,2,2,adulto
ICB_03855_005,ICB_192,copd,3M Littmann Classic II SE,69.0,0,1,4,0.517725,0.60531795,2,2,adulto
ICB_03855_006,ICB_192,copd,3M Littmann Classic II SE,69.0,0,1,4,0.51550716,0.70016974,2,2,adulto
ICB_03856_000,ICB_192,copd,3M Littmann Classic II SE,69.0,0,0,4,0.62096244,0.420192,0,0,adulto
ICB_03856_001,ICB_192,copd,3M Littmann Classic II SE,69.0,0,1,4,0.61765933,0.37561142,0,2,adulto
ICB_03856_002,ICB_192,copd,3M Littmann Classic II SE,69.0,0,1,4,0.6237063,0.47566536,0,2,adulto
ICB_03856_003,ICB_192,copd,3M Littmann Classic II SE,69.0,0,1,4,0.63760936,0.62165844,2,2,adulto
ICB_03856_004,ICB_192,copd,3M Littmann Classic II SE,69.0,0,1,4,0.6525418,0.43831238,1,2,adulto
ICB_03856_005,ICB_192,copd,3M Littmann Classic II SE,69.0,0,1,4,0.6149444,0.5085211,0,2,adulto
ICB_03856_006,ICB_192,copd,3M Littmann Classic II SE,69.0,0,1,4,0.60881585,0.48194316,0,2,adulto
ICB_03879_000,ICB_196,bronchiectasis,3M Littmann Classic II SE,21.0,0,0,4,0.63807696,0.43889937,0,0,adulto
ICB_03879_001,ICB_196,bronchiectasis,3M Littmann Classic II SE,21.0,0,0,4,0.6276949,0.31578678,0,0,adulto
ICB_03879_002,ICB_196,bronchiectasis,3M Littmann Classic II SE,21.0,0,0,4,0.6613068,0.41497606,1,0,adulto
ICB_03879_003,ICB_196,bronchiectasis,3M Littmann Classic II SE,21.0,0,0,4,0.6703107,0.44834924,1,0,adulto
ICB_03879_004,ICB_196,bronchiectasis,3M Littmann Classic II SE,21.0,0,0,4,0.6512928,0.45590162,1,0,adulto
ICB_03879_005,ICB_196,bronchiectasis,3M Littmann Classic II SE,21.0,0,0,4,0.7097159,0.45005783,1,0,adulto
ICB_03978_000,ICB_206,bronchiolitis_asthma,3M Littmann Classic II SE,3.0,0,0,4,0.43561217,0.39468864,0,0,pediátrico (<18)
ICB_03978_001,ICB_206,bronchiolitis_asthma,3M Littmann Classic II SE,3.0,0,0,4,0.49768162,0.44504288,0,0,pediátrico (<18)
ICB_03978_002,ICB_206,bronchiolitis_asthma,3M Littmann Classic II SE,3.0,0,1,4,0.52334696,0.5544202,2,2,pediátrico (<18)
ICB_03978_003,ICB_206,bronchiolitis_asthma,3M Littmann Classic II SE,3.0,0,1,4,0.5426903,0.5978715,2,2,pediátrico (<18)
ICB_03978_004,ICB_206,bronchiolitis_asthma,3M Littmann Classic II SE,3.0,0,1,4,0.46212542,0.49881122,0,2,pediátrico (<18)
ICB_03978_005,ICB_206,bronchiolitis_asthma,3M Littmann Classic II SE,3.0,0,1,4,0.48255685,0.4619722,0,2,pediátrico (<18)
ICB_03978_006,ICB_206,bronchiolitis_asthma,3M Littmann Classic II SE,3.0,1,1,4,0.48358965,0.43615308,0,3,pediátrico (<18)
ICB_03978_007,ICB_206,bronchiolitis_asthma,3M Littmann Classic II SE,3.0,0,1,4,0.42225578,0.4525714,0,2,pediátrico (<18)
ICB_03978_008,ICB_206,bronchiolitis_asthma,3M Littmann Classic II SE,3.0,0,0,4,0.50877607,0.3771921,0,0,pediátrico (<18)
ICB_03978_009,ICB_206,bronchiolitis_asthma,3M Littmann Classic II SE,3.0,0,1,4,0.49036,0.34072936,0,2,pediátrico (<18)
ICB_03978_010,ICB_206,bronchiolitis_asthma,3M Littmann Classic II SE,3.0,0,0,4,0.4935056,0.32234108,0,0,pediátrico (<18)
ICB_03979_000,ICB_206,bronchiolitis_asthma,3M Littmann Classic II SE,3.0,0,0,4,0.5889074,0.37894526,0,0,pediátrico (<18)
ICB_03979_001,ICB_206,bronchiolitis_asthma,3M Littmann Classic II SE,3.0,0,1,4,0.58478135,0.57788604,2,2,pediátrico (<18)
ICB_03979_002,ICB_206,bronchiolitis_asthma,3M Littmann Classic II SE,3.0,0,1,4,0.5907914,0.586452,2,2,pediátrico (<18)
ICB_03979_003,ICB_206,bronchiolitis_asthma,3M Littmann Classic II SE,3.0,0,1,4,0.5800357,0.52568626,0,2,pediátrico (<18)
ICB_03979_004,ICB_206,bronchiolitis_asthma,3M Littmann Classic II SE,3.0,0,1,4,0.57805735,0.5413015,0,2,pediátrico (<18)
ICB_03979_005,ICB_206,bronchiolitis_asthma,3M Littmann Classic II SE,3.0,0,1,4,0.51754487,0.5556293,2,2,pediátrico (<18)
ICB_03979_006,ICB_206,bronchiolitis_asthma,3M Littmann Classic II SE,3.0,0,1,4,0.5206894,0.70399654,2,2,pediátrico (<18)
ICB_03979_007,ICB_206,bronchiolitis_asthma,3M Littmann Classic II SE,3.0,0,1,4,0.5509608,0.7626028,2,2,pediátrico (<18)
ICB_03980_000,ICB_206,bronchiolitis_asthma,3M Littmann Classic II SE,3.0,0,1,4,0.5094104,0.5459261,0,2,pediátrico (<18)
ICB_03980_001,ICB_206,bronchiolitis_asthma,3M Littmann Classic II SE,3.0,0,1,4,0.58849204,0.6699845,2,2,pediátrico (<18)
ICB_03980_002,ICB_206,bronchiolitis_asthma,3M Littmann Classic II SE,3.0,0,1,4,0.60293007,0.779685,2,2,pediátrico (<18)
ICB_03980_003,ICB_206,bronchiolitis_asthma,3M Littmann Classic II SE,3.0,0,1,4,0.62892014,0.6468165,2,2,pediátrico (<18)
ICB_03980_004,ICB_206,bronchiolitis_asthma,3M Littmann Classic II SE,3.0,0,1,4,0.61943877,0.5668053,2,2,pediátrico (<18)
ICB_03980_005,ICB_206,bronchiolitis_asthma,3M Littmann Classic II SE,3.0,0,1,4,0.6177458,0.64558274,2,2,pediátrico (<18)
ICB_03980_006,ICB_206,bronchiolitis_asthma,3M Littmann Classic II SE,3.0,0,1,4,0.6122869,0.6156528,2,2,pediátrico (<18)
ICB_03980_007,ICB_206,bronchiolitis_asthma,3M Littmann Classic II SE,3.0,0,1,4,0.65314186,0.6263995,3,2,pediátrico (<18)
ICB_04015_000,ICB_213,copd,AKG C417L Microphone,58.0,0,0,4,0.59265393,0.3603689,0,0,adulto
ICB_04015_001,ICB_213,copd,AKG C417L Microphone,58.0,0,0,4,0.6174542,0.48209295,0,0,adulto
ICB_04015_002,ICB_213,copd,AKG C417L Microphone,58.0,0,0,4,0.6056555,0.4168231,0,0,adulto
ICB_04015_003,ICB_213,copd,AKG C417L Microphone,58.0,0,0,4,0.59252393,0.4229344,0,0,adulto
ICB_04015_004,ICB_213,copd,AKG C417L Microphone,58.0,0,0,4,0.61100876,0.42622337,0,0,adulto
ICB_04015_005,ICB_213,copd,AKG C417L Microphone,58.0,0,0,4,0.6234163,0.4139945,0,0,adulto
ICB_04016_000,ICB_213,copd,AKG C417L Microphone,58.0,0,0,4,0.52322894,0.3996068,0,0,adulto
ICB_04016_001,ICB_213,copd,AKG C417L Microphone,58.0,0,0,4,0.56904453,0.3231834,0,0,adulto
ICB_04016_002,ICB_213,copd,AKG C417L Microphone,58.0,0,0,4,0.61783373,0.33778897,0,0,adulto
ICB_04016_003,ICB_213,copd,AKG C417L Microphone,58.0,0,0,4,0.6058036,0.47139618,0,0,adulto
ICB_04016_004,ICB_213,copd,AKG C417L Microphone,58.0,0,0,4,0.60698617,0.37233555,0,0,adulto
ICB_04016_005,ICB_213,copd,AKG C417L Microphone,58.0,0,0,4,0.6423663,0.36174682,0,0,adulto
ICB_04017_000,ICB_213,copd,AKG C417L Microphone,58.0,0,0,4,0.57245135,0.42896008,0,0,adulto
ICB_04017_001,ICB_213,copd,AKG C417L Microphone,58.0,0,0,4,0.6613605,0.39297003,1,0,adulto
ICB_04017_002,ICB_213,copd,AKG C417L Microphone,58.0,0,0,4,0.6334161,0.37113774,0,0,adulto
ICB_04017_003,ICB_213,copd,AKG C417L Microphone,58.0,0,0,4,0.605814,0.3397546,0,0,adulto
ICB_04017_004,ICB_213,copd,AKG C417L Microphone,58.0,0,0,4,0.6471779,0.38936916,0,0,adulto
ICB_04017_005,ICB_213,copd,AKG C417L Microphone,58.0,0,0,4,0.66642493,0.37725177,1,0,adulto
ICB_04018_000,ICB_213,copd,AKG C417L Microphone,58.0,0,0,4,0.646214,0.2430759,0,0,adulto
ICB_04018_001,ICB_213,copd,AKG C417L Microphone,58.0,0,0,4,0.7048507,0.37277532,1,0,adulto
ICB_04018_002,ICB_213,copd,AKG C417L Microphone,58.0,1,0,4,0.6364249,0.3904727,0,1,adulto
ICB_04018_003,ICB_213,copd,AKG C417L Microphone,58.0,0,0,4,0.67079425,0.41904834,1,0,adulto
ICB_04018_004,ICB_213,copd,AKG C417L Microphone,58.0,1,0,4,0.5976173,0.4315488,0,1,adulto
ICB_04018_005,ICB_213,copd,AKG C417L Microphone,58.0,1,0,4,0.6524399,0.3336671,1,1,adulto
ICB_04019_000,ICB_213,copd,AKG C417L Microphone,58.0,0,0,4,0.58263814,0.385394,0,0,adulto
ICB_04019_001,ICB_213,copd,AKG C417L Microphone,58.0,1,0,4,0.58259237,0.39399177,0,1,adulto
ICB_04019_002,ICB_213,copd,AKG C417L Microphone,58.0,1,0,4,0.578177,0.3810189,0,1,adulto
ICB_04019_003,ICB_213,copd,AKG C417L Microphone,58.0,1,0,4,0.6024704,0.3667691,0,1,adulto
ICB_04019_004,ICB_213,copd,AKG C417L Microphone,58.0,1,0,4,0.58391786,0.3871204,0,1,adulto
ICB_04019_005,ICB_213,copd,AKG C417L Microphone,58.0,0,0,4,0.5544742,0.3974115,0,0,adulto
ICB_04020_000,ICB_213,copd,AKG C417L Microphone,58.0,0,0,4,0.20326793,0.18108417,0,0,adulto
ICB_04020_001,ICB_213,copd,AKG C417L Microphone,58.0,0,0,4,0.24377307,0.21052706,0,0,adulto
ICB_04020_002,ICB_213,copd,AKG C417L Microphone,58.0,0,0,4,0.2453501,0.1865735,0,0,adulto
ICB_04020_003,ICB_213,copd,AKG C417L Microphone,58.0,0,0,4,0.29182002,0.26520842,0,0,adulto
ICB_04020_004,ICB_213,copd,AKG C417L Microphone,58.0,0,0,4,0.22216372,0.209433,0,0,adulto
ICB_04020_005,ICB_213,copd,AKG C417L Microphone,58.0,0,0,4,0.16012056,0.14922845,0,0,adulto
ICB_04021_000,ICB_213,copd,AKG C417L Microphone,58.0,0,0,4,0.65694726,0.41570443,1,0,adulto
ICB_04021_001,ICB_213,copd,AKG C417L Microphone,58.0,0,0,4,0.67043006,0.3934667,1,0,adulto
ICB_04021_002,ICB_213,copd,AKG C417L Microphone,58.0,0,0,4,0.6481892,0.39466614,0,0,adulto
ICB_04021_003,ICB_213,copd,AKG C417L Microphone,58.0,0,0,4,0.64156765,0.39996633,0,0,adulto
ICB_04021_004,ICB_213,copd,AKG C417L Microphone,58.0,0,0,4,0.654055,0.41289222,1,0,adulto
ICB_04021_005,ICB_213,copd,AKG C417L Microphone,58.0,0,0,4,0.62172437,0.29595497,0,0,adulto
ICB_04021_006,ICB_213,copd,AKG C417L Microphone,58.0,0,0,4,0.61439496,0.43259326,0,0,adulto
ICB_04022_000,ICB_213,copd,AKG C417L Microphone,58.0,0,0,4,0.5548254,0.38969263,0,0,adulto
ICB_04022_001,ICB_213,copd,AKG C417L Microphone,58.0,0,0,4,0.616074,0.44307262,0,0,adulto
ICB_04022_002,ICB_213,copd,AKG C417L Microphone,58.0,0,0,4,0.6071188,0.38597688,0,0,adulto
ICB_04022_003,ICB_213,copd,AKG C417L Microphone,58.0,0,0,4,0.6364276,0.4052997,0,0,adulto
ICB_04022_004,ICB_213,copd,AKG C417L Microphone,58.0,0,0,4,0.60760736,0.40353066,0,0,adulto
ICB_04022_005,ICB_213,copd,AKG C417L Microphone,58.0,0,0,4,0.5944414,0.41008386,0,0,adulto
ICB_04022_006,ICB_213,copd,AKG C417L Microphone,58.0,0,0,4,0.6226186,0.40751094,0,0,adulto
ICB_04023_000,ICB_213,copd,AKG C417L Microphone,58.0,0,0,4,0.6990861,0.39810216,1,0,adulto
ICB_04023_001,ICB_213,copd,AKG C417L Microphone,58.0,0,0,4,0.70888436,0.43746737,1,0,adulto
ICB_04023_002,ICB_213,copd,AKG C417L Microphone,58.0,0,0,4,0.72031355,0.33705097,1,0,adulto
ICB_04023_003,ICB_213,copd,AKG C417L Microphone,58.0,0,0,4,0.6821122,0.39237055,1,0,adulto
ICB_04023_004,ICB_213,copd,AKG C417L Microphone,58.0,0,0,4,0.7025621,0.37957206,1,0,adulto
ICB_04023_005,ICB_213,copd,AKG C417L Microphone,58.0,0,0,4,0.7300736,0.4135369,1,0,adulto
ICB_04023_006,ICB_213,copd,AKG C417L Microphone,58.0,0,0,4,0.70833063,0.44257066,1,0,adulto
ICB_04024_000,ICB_213,copd,AKG C417L Microphone,58.0,0,0,4,0.5604596,0.3540542,0,0,adulto
ICB_04024_001,ICB_213,copd,AKG C417L Microphone,58.0,0,0,4,0.5420339,0.3424863,0,0,adulto
ICB_04024_002,ICB_213,copd,AKG C417L Microphone,58.0,0,0,4,0.53802615,0.3326353,0,0,adulto
ICB_04024_003,ICB_213,copd,AKG C417L Microphone,58.0,0,0,4,0.5567071,0.34304175,0,0,adulto
ICB_04024_004,ICB_213,copd,AKG C417L Microphone,58.0,0,0,4,0.5585295,0.3414964,0,0,adulto
ICB_04024_005,ICB_213,copd,AKG C417L Microphone,58.0,0,0,4,0.5171275,0.34712523,0,0,adulto
ICB_04024_006,ICB_213,copd,AKG C417L Microphone,58.0,0,0,4,0.4962288,0.33019832,0,0,adulto
ICB_04025_000,ICB_213,copd,AKG C417L Microphone,58.0,0,0,4,0.6168454,0.38479796,0,0,adulto
ICB_04025_001,ICB_213,copd,AKG C417L Microphone,58.0,0,0,4,0.62469697,0.39301556,0,0,adulto
ICB_04025_002,ICB_213,copd,AKG C417L Microphone,58.0,0,0,4,0.6469789,0.34431374,0,0,adulto
ICB_04025_003,ICB_213,copd,AKG C417L Microphone,58.0,0,0,4,0.59965867,0.375373,0,0,adulto
ICB_04025_004,ICB_213,copd,AKG C417L Microphone,58.0,0,0,4,0.6358456,0.39646134,0,0,adulto
ICB_04025_005,ICB_213,copd,AKG C417L Microphone,58.0,0,0,4,0.61291754,0.40118787,0,0,adulto
ICB_04026_000,ICB_213,copd,AKG C417L Microphone,58.0,0,0,4,0.6275874,0.39100257,0,0,adulto
ICB_04026_001,ICB_213,copd,AKG C417L Microphone,58.0,0,0,4,0.57786435,0.38876465,0,0,adulto
ICB_04026_002,ICB_213,copd,AKG C417L Microphone,58.0,0,0,4,0.608005,0.4267858,0,0,adulto
ICB_04026_003,ICB_213,copd,AKG C417L Microphone,58.0,0,0,4,0.6178091,0.398712,0,0,adulto
ICB_04026_004,ICB_213,copd,AKG C417L Microphone,58.0,0,0,4,0.6188253,0.35287192,0,0,adulto
ICB_04026_005,ICB_213,copd,AKG C417L Microphone,58.0,0,0,4,0.614653,0.37134093,0,0,adulto
ICB_04027_000,ICB_213,copd,AKG C417L Microphone,58.0,0,0,4,0.7120048,0.3787019,1,0,adulto
ICB_04027_001,ICB_213,copd,AKG C417L Microphone,58.0,1,0,4,0.69135875,0.36606273,1,1,adulto
ICB_04027_002,ICB_213,copd,AKG C417L Microphone,58.0,0,0,4,0.656199,0.3762015,1,0,adulto
ICB_04027_003,ICB_213,copd,AKG C417L Microphone,58.0,0,0,4,0.6635327,0.36847803,1,0,adulto
ICB_04027_004,ICB_213,copd,AKG C417L Microphone,58.0,0,0,4,0.6605601,0.39223686,1,0,adulto
ICB_04027_005,ICB_213,copd,AKG C417L Microphone,58.0,0,0,4,0.60593814,0.37682566,0,0,adulto
ICB_04028_000,ICB_213,copd,AKG C417L Microphone,58.0,0,0,4,0.53019315,0.33159855,0,0,adulto
ICB_04028_001,ICB_213,copd,AKG C417L Microphone,58.0,1,0,4,0.5353542,0.33213222,0,1,adulto
ICB_04028_002,ICB_213,copd,AKG C417L Microphone,58.0,0,0,4,0.52933866,0.34217194,0,0,adulto
ICB_04028_003,ICB_213,copd,AKG C417L Microphone,58.0,0,0,4,0.5328439,0.35708678,0,0,adulto
ICB_04028_004,ICB_213,copd,AKG C417L Microphone,58.0,0,0,4,0.53011745,0.32438704,0,0,adulto
ICB_04028_005,ICB_213,copd,AKG C417L Microphone,58.0,1,0,4,0.51355994,0.3521028,0,1,adulto
ICB_04029_000,ICB_213,copd,AKG C417L Microphone,58.0,0,0,4,0.26476768,0.31346992,0,0,adulto
ICB_04029_001,ICB_213,copd,AKG C417L Microphone,58.0,0,0,4,0.28311455,0.3324041,0,0,adulto
ICB_04029_002,ICB_213,copd,AKG C417L Microphone,58.0,0,0,4,0.2526724,0.27773705,0,0,adulto
ICB_04029_003,ICB_213,copd,AKG C417L Microphone,58.0,0,0,4,0.22325452,0.25644708,0,0,adulto
ICB_04029_004,ICB_213,copd,AKG C417L Microphone,58.0,0,0,4,0.2999302,0.34765136,0,0,adulto
ICB_04029_005,ICB_213,copd,AKG C417L Microphone,58.0,0,0,4,0.25635102,0.2978876,0,0,adulto
ICB_04030_000,ICB_213,copd,AKG C417L Microphone,58.0,0,0,4,0.37888333,0.37338832,0,0,adulto
ICB_04030_001,ICB_213,copd,AKG C417L Microphone,58.0,0,0,4,0.38904044,0.47565868,0,0,adulto
ICB_04030_002,ICB_213,copd,AKG C417L Microphone,58.0,0,0,4,0.40975642,0.46286133,0,0,adulto
ICB_04030_003,ICB_213,copd,AKG C417L Microphone,58.0,0,0,4,0.44610128,0.36140832,0,0,adulto
ICB_04030_004,ICB_213,copd,AKG C417L Microphone,58.0,0,0,4,0.39257538,0.3422639,0,0,adulto
ICB_04030_005,ICB_213,copd,AKG C417L Microphone,58.0,0,0,4,0.4121006,0.42416278,0,0,adulto
ICB_04030_006,ICB_213,copd,AKG C417L Microphone,58.0,0,0,4,0.41866672,0.37197408,0,0,adulto
ICB_04031_000,ICB_213,copd,AKG C417L Microphone,58.0,1,0,4,0.52369404,0.380717,0,1,adulto
ICB_04031_001,ICB_213,copd,AKG C417L Microphone,58.0,0,0,4,0.53149474,0.40698168,0,0,adulto
ICB_04031_002,ICB_213,copd,AKG C417L Microphone,58.0,0,0,4,0.52691025,0.44845417,0,0,adulto
ICB_04031_003,ICB_213,copd,AKG C417L Microphone,58.0,0,0,4,0.5501719,0.43053162,0,0,adulto
ICB_04031_004,ICB_213,copd,AKG C417L Microphone,58.0,0,0,4,0.4999761,0.40688148,0,0,adulto
ICB_04031_005,ICB_213,copd,AKG C417L Microphone,58.0,0,0,4,0.5471654,0.4172747,0,0,adulto
ICB_04031_006,ICB_213,copd,AKG C417L Microphone,58.0,0,0,4,0.53572017,0.42817852,0,0,adulto
ICB_04032_000,ICB_213,copd,AKG C417L Microphone,58.0,1,0,4,0.5818304,0.44683167,0,1,adulto
ICB_04032_001,ICB_213,copd,AKG C417L Microphone,58.0,1,0,4,0.60412425,0.43467656,0,1,adulto
ICB_04032_002,ICB_213,copd,AKG C417L Microphone,58.0,1,0,4,0.60160786,0.45642975,0,1,adulto
ICB_04032_003,ICB_213,copd,AKG C417L Microphone,58.0,0,0,4,0.60367686,0.4676384,0,0,adulto
ICB_04032_004,ICB_213,copd,AKG C417L Microphone,58.0,1,0,4,0.61383057,0.42472175,0,1,adulto
ICB_04032_005,ICB_213,copd,AKG C417L Microphone,58.0,0,0,4,0.59866136,0.44701284,0,0,adulto
ICB_04032_006,ICB_213,copd,AKG C417L Microphone,58.0,1,0,4,0.6281768,0.4217603,0,1,adulto
ICB_04033_000,ICB_213,copd,AKG C417L Microphone,58.0,0,0,4,0.60234076,0.36812398,0,0,adulto
ICB_04033_001,ICB_213,copd,AKG C417L Microphone,58.0,0,0,4,0.59083265,0.3573096,0,0,adulto
ICB_04033_002,ICB_213,copd,AKG C417L Microphone,58.0,0,0,4,0.58820814,0.35534638,0,0,adulto
ICB_04033_003,ICB_213,copd,AKG C417L Microphone,58.0,0,0,4,0.58359176,0.3705008,0,0,adulto
ICB_04033_004,ICB_213,copd,AKG C417L Microphone,58.0,0,0,4,0.58182204,0.35128963,0,0,adulto
ICB_04033_005,ICB_213,copd,AKG C417L Microphone,58.0,1,0,4,0.5748465,0.3682052,0,1,adulto
ICB_04033_006,ICB_213,copd,AKG C417L Microphone,58.0,1,0,4,0.59341973,0.36707225,0,1,adulto
ICB_04034_000,ICB_213,copd,AKG C417L Microphone,58.0,0,0,4,0.21222986,0.25452593,0,0,adulto
ICB_04034_001,ICB_213,copd,AKG C417L Microphone,58.0,0,0,4,0.24223171,0.24251698,0,0,adulto
ICB_04034_002,ICB_213,copd,AKG C417L Microphone,58.0,0,0,4,0.21934052,0.24830565,0,0,adulto
ICB_04034_003,ICB_213,copd,AKG C417L Microphone,58.0,0,0,4,0.187833,0.23063844,0,0,adulto
ICB_04034_004,ICB_213,copd,AKG C417L Microphone,58.0,0,0,4,0.20651643,0.22093755,0,0,adulto
ICB_04034_005,ICB_213,copd,AKG C417L Microphone,58.0,0,0,4,0.21075863,0.2500442,0,0,adulto
ICB_04034_006,ICB_213,copd,AKG C417L Microphone,58.0,0,0,4,0.17175864,0.24376112,0,0,adulto
ICB_04036_000,ICB_215,bronchiectasis,3M Littmann Classic II SE,56.0,0,0,4,0.6005202,0.3791532,0,0,adulto
ICB_04036_001,ICB_215,bronchiectasis,3M Littmann Classic II SE,56.0,0,1,4,0.65231293,0.43122438,1,2,adulto
ICB_04036_002,ICB_215,bronchiectasis,3M Littmann Classic II SE,56.0,0,1,4,0.60405046,0.46763787,0,2,adulto
ICB_04036_003,ICB_215,bronchiectasis,3M Littmann Classic II SE,56.0,0,1,4,0.6177578,0.43846098,0,2,adulto
ICB_04036_004,ICB_215,bronchiectasis,3M Littmann Classic II SE,56.0,0,1,4,0.6041273,0.45150214,0,2,adulto
ICB_04037_000,ICB_215,bronchiectasis,3M Littmann Classic II SE,56.0,0,0,4,0.12869175,0.10675118,0,0,adulto
ICB_04037_001,ICB_215,bronchiectasis,3M Littmann Classic II SE,56.0,0,0,4,0.06946561,0.080552556,0,0,adulto
ICB_04037_002,ICB_215,bronchiectasis,3M Littmann Classic II SE,56.0,0,0,4,0.084813856,0.08937391,0,0,adulto
ICB_04037_003,ICB_215,bronchiectasis,3M Littmann Classic II SE,56.0,0,0,4,0.08727648,0.09600364,0,0,adulto
ICB_04037_004,ICB_215,bronchiectasis,3M Littmann Classic II SE,56.0,0,0,4,0.08580104,0.097560905,0,0,adulto
ICB_04037_005,ICB_215,bronchiectasis,3M Littmann Classic II SE,56.0,0,0,4,0.284232,0.20531018,0,0,adulto
ICB_04040_000,ICB_217,normal_lung,3M Littmann Classic II SE,12.0,0,0,4,0.42484784,0.2937731,0,0,pediátrico (<18)
ICB_04040_001,ICB_217,normal_lung,3M Littmann Classic II SE,12.0,0,0,4,0.38469893,0.30733463,0,0,pediátrico (<18)
ICB_04040_002,ICB_217,normal_lung,3M Littmann Classic II SE,12.0,0,0,4,0.40503493,0.34237424,0,0,pediátrico (<18)
ICB_04040_003,ICB_217,normal_lung,3M Littmann Classic II SE,12.0,0,0,4,0.3329493,0.2611995,0,0,pediátrico (<18)
ICB_04040_004,ICB_217,normal_lung,3M Littmann Classic II SE,12.0,0,0,4,0.36060542,0.32459727,0,0,pediátrico (<18)
ICB_04040_005,ICB_217,normal_lung,3M Littmann Classic II SE,12.0,0,0,4,0.3355573,0.33219114,0,0,pediátrico (<18)
ICB_04040_006,ICB_217,normal_lung,3M Littmann Classic II SE,12.0,0,0,4,0.42614508,0.30639508,0,0,pediátrico (<18)
ICB_04040_007,ICB_217,normal_lung,3M Littmann Classic II SE,12.0,0,0,4,0.45047826,0.32120234,0,0,pediátrico (<18)
ICB_04040_008,ICB_217,normal_lung,3M Littmann Classic II SE,12.0,0,0,4,0.32617688,0.26649582,0,0,pediátrico (<18)
ICB_04040_009,ICB_217,normal_lung,3M Littmann Classic II SE,12.0,0,0,4,0.3972556,0.38220385,0,0,pediátrico (<18)
ICB_04040_010,ICB_217,normal_lung,3M Littmann Classic II SE,12.0,0,0,4,0.3922907,0.27170894,0,0,pediátrico (<18)
ICB_04041_000,ICB_218,copd,WelchAllyn Meditron Master Elite,75.0,0,0,4,0.5869129,0.42485803,0,0,adulto
ICB_04041_001,ICB_218,copd,WelchAllyn Meditron Master Elite,75.0,0,0,4,0.58689445,0.4728699,0,0,adulto
ICB_04041_002,ICB_218,copd,WelchAllyn Meditron Master Elite,75.0,0,0,4,0.5751141,0.4333716,0,0,adulto
ICB_04041_003,ICB_218,copd,WelchAllyn Meditron Master Elite,75.0,0,0,4,0.5168763,0.48920423,0,0,adulto
ICB_04041_004,ICB_218,copd,WelchAllyn Meditron Master Elite,75.0,0,1,4,0.37275764,0.7164547,2,2,adulto
ICB_04041_005,ICB_218,copd,WelchAllyn Meditron Master Elite,75.0,1,0,4,0.53986555,0.45082036,0,1,adulto
ICB_04041_006,ICB_218,copd,WelchAllyn Meditron Master Elite,75.0,1,0,4,0.52401036,0.46962464,0,1,adulto
ICB_04041_007,ICB_218,copd,WelchAllyn Meditron Master Elite,75.0,1,0,4,0.5565914,0.44088182,0,1,adulto
ICB_04041_008,ICB_218,copd,WelchAllyn Meditron Master Elite,75.0,1,0,4,0.5513032,0.4947939,0,1,adulto
ICB_04041_009,ICB_218,copd,WelchAllyn Meditron Master Elite,75.0,1,1,4,0.31701475,0.21022154,0,3,adulto
ICB_04041_010,ICB_218,copd,WelchAllyn Meditron Master Elite,75.0,1,1,4,0.4299708,0.63063896,2,3,adulto
ICB_04041_011,ICB_218,copd,WelchAllyn Meditron Master Elite,75.0,1,1,4,0.43069732,0.5324904,0,3,adulto
ICB_04041_012,ICB_218,copd,WelchAllyn Meditron Master Elite,75.0,1,1,4,0.36516595,0.6306733,2,3,adulto
ICB_04041_013,ICB_218,copd,WelchAllyn Meditron Master Elite,75.0,0,0,4,0.3662616,0.5760023,2,0,adulto
ICB_04041_014,ICB_218,copd,WelchAllyn Meditron Master Elite,75.0,1,1,4,0.23634206,0.49102917,0,3,adulto
ICB_04042_000,ICB_218,copd,WelchAllyn Meditron Master Elite,75.0,1,1,4,0.5326309,0.5066366,0,3,adulto
ICB_04042_001,ICB_218,copd,WelchAllyn Meditron Master Elite,75.0,1,1,4,0.4625564,0.59378463,2,3,adulto
ICB_04042_002,ICB_218,copd,WelchAllyn Meditron Master Elite,75.0,1,1,4,0.39001054,0.45660508,0,3,adulto
ICB_04042_003,ICB_218,copd,WelchAllyn Meditron Master Elite,75.0,0,0,4,0.43623874,0.6008661,2,0,adulto
ICB_04042_004,ICB_218,copd,WelchAllyn Meditron Master Elite,75.0,0,1,4,0.43357262,0.6155812,2,2,adulto
ICB_04042_005,ICB_218,copd,WelchAllyn Meditron Master Elite,75.0,1,1,4,0.51813656,0.4973254,0,3,adulto
ICB_04042_006,ICB_218,copd,WelchAllyn Meditron Master Elite,75.0,1,1,4,0.5348481,0.4539213,0,3,adulto
ICB_04042_007,ICB_218,copd,WelchAllyn Meditron Master Elite,75.0,1,1,4,0.5321623,0.45517296,0,3,adulto
ICB_04042_008,ICB_218,copd,WelchAllyn Meditron Master Elite,75.0,1,0,4,0.558911,0.4320428,0,1,adulto
ICB_04042_009,ICB_218,copd,WelchAllyn Meditron Master Elite,75.0,1,0,4,0.39990926,0.5629299,2,1,adulto
ICB_04042_010,ICB_218,copd,WelchAllyn Meditron Master Elite,75.0,1,1,4,0.28504625,0.4163291,0,3,adulto
ICB_04042_011,ICB_218,copd,WelchAllyn Meditron Master Elite,75.0,1,1,4,0.3460976,0.48501322,0,3,adulto
ICB_04042_012,ICB_218,copd,WelchAllyn Meditron Master Elite,75.0,1,1,4,0.3637983,0.5950587,2,3,adulto
ICB_04042_013,ICB_218,copd,WelchAllyn Meditron Master Elite,75.0,1,1,4,0.37059987,0.5652645,2,3,adulto
ICB_04042_014,ICB_218,copd,WelchAllyn Meditron Master Elite,75.0,1,1,4,0.37311012,0.7385288,2,3,adulto
ICB_04042_015,ICB_218,copd,WelchAllyn Meditron Master Elite,75.0,0,0,4,0.33826154,0.49762082,0,0,adulto
ICB_04043_000,ICB_218,copd,WelchAllyn Meditron Master Elite,75.0,1,0,4,0.48971304,0.48131335,0,1,adulto
ICB_04043_001,ICB_218,copd,WelchAllyn Meditron Master Elite,75.0,1,0,4,0.4783766,0.4694539,0,1,adulto
ICB_04043_002,ICB_218,copd,WelchAllyn Meditron Master Elite,75.0,1,0,4,0.5161173,0.45447126,0,1,adulto
ICB_04043_003,ICB_218,copd,WelchAllyn Meditron Master Elite,75.0,1,0,4,0.4794447,0.4946424,0,1,adulto
ICB_04043_004,ICB_218,copd,WelchAllyn Meditron Master Elite,75.0,1,0,4,0.47929174,0.19737747,0,1,adulto
ICB_04043_005,ICB_218,copd,WelchAllyn Meditron Master Elite,75.0,1,0,4,0.5196138,0.42032173,0,1,adulto
ICB_04043_006,ICB_218,copd,WelchAllyn Meditron Master Elite,75.0,1,0,4,0.5198245,0.4452409,0,1,adulto
ICB_04043_007,ICB_218,copd,WelchAllyn Meditron Master Elite,75.0,1,0,4,0.47162187,0.28189108,0,1,adulto
ICB_04043_008,ICB_218,copd,WelchAllyn Meditron Master Elite,75.0,1,0,4,0.27520663,0.4405457,0,1,adulto
ICB_04043_009,ICB_218,copd,WelchAllyn Meditron Master Elite,75.0,0,0,4,0.22132209,0.21259183,0,0,adulto
ICB_04043_010,ICB_218,copd,WelchAllyn Meditron Master Elite,75.0,1,0,4,0.16998814,0.15186839,0,1,adulto
ICB_04043_011,ICB_218,copd,WelchAllyn Meditron Master Elite,75.0,1,0,4,0.5621231,0.44874498,0,1,adulto
ICB_04043_012,ICB_218,copd,WelchAllyn Meditron Master Elite,75.0,1,1,4,0.4824031,0.4780121,0,3,adulto
ICB_04043_013,ICB_218,copd,WelchAllyn Meditron Master Elite,75.0,1,1,4,0.536844,0.5089519,0,3,adulto
ICB_04043_014,ICB_218,copd,WelchAllyn Meditron Master Elite,75.0,1,1,4,0.53433496,0.5237881,0,3,adulto
ICB_04043_015,ICB_218,copd,WelchAllyn Meditron Master Elite,75.0,0,1,4,0.36095762,0.31487677,0,2,adulto
ICB_04043_016,ICB_218,copd,WelchAllyn Meditron Master Elite,75.0,0,1,4,0.41674423,0.5430966,0,2,adulto
ICB_04043_017,ICB_218,copd,WelchAllyn Meditron Master Elite,75.0,1,1,4,0.48743373,0.47205538,0,3,adulto
ICB_04043_018,ICB_218,copd,WelchAllyn Meditron Master Elite,75.0,0,0,4,0.17841622,0.23737851,0,0,adulto
ICB_04044_000,ICB_218,copd,WelchAllyn Meditron Master Elite,75.0,0,0,4,0.58173275,0.31222385,0,0,adulto
ICB_04044_001,ICB_218,copd,WelchAllyn Meditron Master Elite,75.0,1,0,4,0.54131496,0.40126997,0,1,adulto
ICB_04044_002,ICB_218,copd,WelchAllyn Meditron Master Elite,75.0,1,0,4,0.597343,0.38815594,0,1,adulto
ICB_04044_003,ICB_218,copd,WelchAllyn Meditron Master Elite,75.0,1,0,4,0.53075135,0.35500363,0,1,adulto
ICB_04044_004,ICB_218,copd,WelchAllyn Meditron Master Elite,75.0,1,0,4,0.56894106,0.3773208,0,1,adulto
ICB_04044_005,ICB_218,copd,WelchAllyn Meditron Master Elite,75.0,1,0,4,0.5432055,0.40612385,0,1,adulto
ICB_04044_006,ICB_218,copd,WelchAllyn Meditron Master Elite,75.0,1,0,4,0.5900612,0.38610637,0,1,adulto
ICB_04044_007,ICB_218,copd,WelchAllyn Meditron Master Elite,75.0,1,0,4,0.5736996,0.38849646,0,1,adulto
ICB_04044_008,ICB_218,copd,WelchAllyn Meditron Master Elite,75.0,1,0,4,0.5840978,0.39115414,0,1,adulto
ICB_04044_009,ICB_218,copd,WelchAllyn Meditron Master Elite,75.0,1,0,4,0.3613404,0.42818773,0,1,adulto
ICB_04044_010,ICB_218,copd,WelchAllyn Meditron Master Elite,75.0,1,1,4,0.30304956,0.18914106,0,3,adulto
ICB_04044_011,ICB_218,copd,WelchAllyn Meditron Master Elite,75.0,1,1,4,0.2526179,0.17513607,0,3,adulto
ICB_04044_012,ICB_218,copd,WelchAllyn Meditron Master Elite,75.0,1,1,4,0.3558112,0.34069845,0,3,adulto
ICB_04044_013,ICB_218,copd,WelchAllyn Meditron Master Elite,75.0,1,1,4,0.2533926,0.092758715,0,3,adulto
ICB_04044_014,ICB_218,copd,WelchAllyn Meditron Master Elite,75.0,0,1,4,0.33497947,0.2952159,0,2,adulto
ICB_04044_015,ICB_218,copd,WelchAllyn Meditron Master Elite,75.0,0,1,4,0.37010553,0.3181999,0,2,adulto
ICB_04044_016,ICB_218,copd,WelchAllyn Meditron Master Elite,75.0,0,1,4,0.41259477,0.23617505,0,2,adulto
ICB_04044_017,ICB_218,copd,WelchAllyn Meditron Master Elite,75.0,0,0,4,0.27753112,0.4451882,0,0,adulto
ICB_04045_000,ICB_218,copd,WelchAllyn Meditron Master Elite,75.0,1,0,4,0.6239747,0.411693,0,1,adulto
ICB_04045_001,ICB_218,copd,WelchAllyn Meditron Master Elite,75.0,1,1,4,0.5503949,0.35911438,0,3,adulto
ICB_04045_002,ICB_218,copd,WelchAllyn Meditron Master Elite,75.0,0,1,4,0.55218035,0.4624127,0,2,adulto
ICB_04045_003,ICB_218,copd,WelchAllyn Meditron Master Elite,75.0,1,1,4,0.6237854,0.43433568,0,3,adulto
ICB_04045_004,ICB_218,copd,WelchAllyn Meditron Master Elite,75.0,1,0,4,0.60829717,0.48401096,0,1,adulto
ICB_04045_005,ICB_218,copd,WelchAllyn Meditron Master Elite,75.0,1,1,4,0.5653661,0.49059847,0,3,adulto
ICB_04045_006,ICB_218,copd,WelchAllyn Meditron Master Elite,75.0,1,1,4,0.6041962,0.45333555,0,3,adulto
ICB_04045_007,ICB_218,copd,WelchAllyn Meditron Master Elite,75.0,1,0,4,0.56600714,0.26123866,0,1,adulto
ICB_04045_008,ICB_218,copd,WelchAllyn Meditron Master Elite,75.0,1,1,4,0.5487042,0.37323865,0,3,adulto
ICB_04045_009,ICB_218,copd,WelchAllyn Meditron Master Elite,75.0,1,1,4,0.4039671,0.49155614,0,3,adulto
ICB_04045_010,ICB_218,copd,WelchAllyn Meditron Master Elite,75.0,1,1,4,0.4812602,0.34944478,0,3,adulto
ICB_04045_011,ICB_218,copd,WelchAllyn Meditron Master Elite,75.0,1,1,4,0.5577256,0.41191915,0,3,adulto
ICB_04045_012,ICB_218,copd,WelchAllyn Meditron Master Elite,75.0,1,1,4,0.53492045,0.47615677,0,3,adulto
ICB_04045_013,ICB_218,copd,WelchAllyn Meditron Master Elite,75.0,1,1,4,0.5015625,0.23544398,0,3,adulto
ICB_04045_014,ICB_218,copd,WelchAllyn Meditron Master Elite,75.0,1,1,4,0.5187068,0.5142432,0,3,adulto
ICB_04045_015,ICB_218,copd,WelchAllyn Meditron Master Elite,75.0,0,1,4,0.5036,0.68060416,2,2,adulto
ICB_04045_016,ICB_218,copd,WelchAllyn Meditron Master Elite,75.0,0,0,4,0.50401473,0.3394719,0,0,adulto
ICB_04045_017,ICB_218,copd,WelchAllyn Meditron Master Elite,75.0,0,0,4,0.21069697,0.3472279,0,0,adulto
ICB_04046_000,ICB_218,copd,3M Littmann 3200 Electronic,75.0,0,0,4,0.45134813,0.5758021,2,0,adulto
ICB_04046_001,ICB_218,copd,3M Littmann 3200 Electronic,75.0,0,0,4,0.44715837,0.56356406,2,0,adulto
ICB_04046_002,ICB_218,copd,3M Littmann 3200 Electronic,75.0,0,0,4,0.43634868,0.5544082,2,0,adulto
ICB_04046_003,ICB_218,copd,3M Littmann 3200 Electronic,75.0,0,1,4,0.44259718,0.7468191,2,2,adulto
ICB_04046_004,ICB_218,copd,3M Littmann 3200 Electronic,75.0,0,1,4,0.46462247,0.7527687,2,2,adulto
ICB_04046_005,ICB_218,copd,3M Littmann 3200 Electronic,75.0,0,1,4,0.4732941,0.6908723,2,2,adulto
ICB_04047_000,ICB_218,copd,3M Littmann 3200 Electronic,75.0,0,0,4,0.4362867,0.55392295,2,0,adulto
ICB_04047_001,ICB_218,copd,3M Littmann 3200 Electronic,75.0,1,0,4,0.4968913,0.53310215,0,1,adulto
ICB_04047_002,ICB_218,copd,3M Littmann 3200 Electronic,75.0,1,0,4,0.4856226,0.5131515,0,1,adulto
ICB_04047_003,ICB_218,copd,3M Littmann 3200 Electronic,75.0,0,0,4,0.43041405,0.5091375,0,0,adulto
ICB_04047_004,ICB_218,copd,3M Littmann 3200 Electronic,75.0,1,1,4,0.4422202,0.60190076,2,3,adulto
ICB_04047_005,ICB_218,copd,3M Littmann 3200 Electronic,75.0,1,1,4,0.4779769,0.6625059,2,3,adulto
ICB_04047_006,ICB_218,copd,3M Littmann 3200 Electronic,75.0,1,1,4,0.5080295,0.5897215,2,3,adulto
ICB_04047_007,ICB_218,copd,3M Littmann 3200 Electronic,75.0,1,1,4,0.51081294,0.6538394,2,3,adulto
ICB_04048_000,ICB_218,copd,3M Littmann 3200 Electronic,75.0,1,0,4,0.585343,0.5129644,0,1,adulto
ICB_04048_001,ICB_218,copd,3M Littmann 3200 Electronic,75.0,1,0,4,0.610931,0.49193597,0,1,adulto
ICB_04048_002,ICB_218,copd,3M Littmann 3200 Electronic,75.0,0,0,4,0.4826187,0.65116894,2,0,adulto
ICB_04048_003,ICB_218,copd,3M Littmann 3200 Electronic,75.0,1,1,4,0.37165537,0.794992,2,3,adulto
ICB_04048_004,ICB_218,copd,3M Littmann 3200 Electronic,75.0,1,1,4,0.3141179,0.7228353,2,3,adulto
ICB_04048_005,ICB_218,copd,3M Littmann 3200 Electronic,75.0,1,1,4,0.46109474,0.75619453,2,3,adulto
ICB_04048_006,ICB_218,copd,3M Littmann 3200 Electronic,75.0,1,1,4,0.3802406,0.7273659,2,3,adulto
